segment,segment_name,wall_time,wall_elapsed_s,sim_time,x,y,yaw
1,M->N,1787402055.4948716,0.0694434639881365,454.034,-8.48662332229091,8.439149198823361e-05,0.012892012827335004
1,M->N,1787402057.6068933,2.1814641620148905,455.734,-8.475206305369175,0.00023162523843609853,0.012916555908022773
1,M->N,1787402057.7444031,2.3189741499954835,455.834,-8.462585914351251,0.00039424114477829437,0.012905072211494494
1,M->N,1787402057.8841512,2.458722081966698,455.934,-8.445338642703613,0.0006162666990911507,0.012893416603650749
1,M->N,1787402058.0215142,2.596086458011996,456.034,-8.426312100497773,0.0008647145925487714,0.013560311353662749
1,M->N,1787402058.1586795,2.73325038398616,456.134,-8.407275014588572,0.0011319060584735383,0.014883696780532517
1,M->N,1787402058.1729262,2.7474976319936104,456.234,-8.388239649985055,0.0014255855367358208,0.016350174574420374
1,M->N,1787402058.1843796,2.758950590970926,456.234,-8.369205943871332,0.0017469540964473386,0.017809669770926514
1,M->N,1787402058.1946442,2.76921515900176,456.234,-8.350172937816396,0.0020956313595236237,0.01918839699438317
1,M->N,1787402058.2672052,2.8417763439938426,456.234,-8.331139502045646,0.002469615769288498,0.020422623524974128
1,M->N,1787402058.4049718,2.9795434899860993,456.334,-8.312105477936417,0.002866819394350217,0.021581775251083946
1,M->N,1787402058.418591,2.9931621630094014,456.434,-8.293071129608197,0.00328526607342863,0.02262928751573042
1,M->N,1787402058.4916253,3.0661966769839637,456.434,-8.274036952517912,0.003722448341441676,0.023551664168959405
1,M->N,1787402058.6288679,3.203439767996315,456.534,-8.255003286678335,0.004176549481652804,0.024395547237961484
1,M->N,1787402058.7660742,3.3406457530218177,456.634,-8.235969931664982,0.00464636109724057,0.025127765630055948
1,M->N,1787402058.9055285,3.4801002349704504,456.834,-8.216936598882006,0.005129551485383441,0.025766998409348676
1,M->N,1787402058.9201975,3.494769037992228,456.834,-8.197902933253689,0.005623803373173608,0.026296041553938946
1,M->N,1787402058.9327824,3.5073535009869374,456.834,-8.178868986290707,0.006127332733782877,0.02674842946813849
1,M->N,1787402059.005694,3.580265511001926,456.834,-8.159835116062451,0.006639339000928116,0.02711273582656834
1,M->N,1787402059.0853553,3.6599257930065505,456.934,-8.140801193550054,0.0071575497784245575,0.027380993242583633
1,M->N,1787402059.2215655,3.7961368479882367,457.034,-8.121767091754077,0.0076801641278756334,0.0275883540005925
1,M->N,1787402059.29714,3.87171091302298,457.134,-8.102732722959539,0.008205811106852905,0.02766224204162361
1,M->N,1787402059.3107376,3.8853082499699667,457.134,-8.083696834638703,0.008730269048884026,0.027206055163397337
1,M->N,1787402059.4475408,4.02211228600936,457.234,-8.064657554589338,0.009239924898559376,0.02588857446369314
1,M->N,1787402059.5867853,4.161356623983011,457.334,-8.045615455385013,0.009720114985212271,0.024029420469116915
1,M->N,1787402059.727468,4.302039687987417,457.434,-8.026569040778686,0.010158521549423441,0.020978813916614793
1,M->N,1787402059.8055658,4.380137285974342,457.534,-8.007515093047573,0.010525767818653707,0.016232846915545714
1,M->N,1787402059.8172417,4.3918122129980475,457.534,-7.988455914308825,0.010795285417593904,0.010530928021095272
1,M->N,1787402059.890115,4.46468645601999,457.634,-7.969391991573342,0.010949366139012142,0.0036858089994192844
1,M->N,1787402060.0288916,4.603463377978187,457.734,-7.95032336004692,0.010964255609932543,-0.0043494261289341515
1,M->N,1787402060.166428,4.74099911598023,457.834,-7.931249689061694,0.010813748817879552,-0.01402145609268566
1,M->N,1787402060.2421467,4.816717437992338,457.934,-7.912174822115727,0.010471585999712924,-0.024723365032234493
1,M->N,1787402060.255667,4.830237563000992,457.934,-7.893101227185349,0.009917883345103597,-0.03655381531155973
1,M->N,1787402060.2669642,4.841534820967354,457.934,-7.874032541273705,0.009130828658723252,-0.049337892254205956
1,M->N,1787402060.3392122,4.913783434021752,457.934,-7.854973823116205,0.008095858011391973,-0.06269877690127254
1,M->N,1787402060.4749837,5.04955441999482,458.034,-7.8359283969569695,0.006800602530569548,-0.07693871218073578
1,M->N,1787402060.6124823,5.187053029017989,458.134,-7.816901936374116,0.005230388952447858,-0.09169188428620194
1,M->N,1787402060.6875563,5.262127332971431,458.234,-7.797899583080987,0.0033760153094946448,-0.10699555567096503
1,M->N,1787402060.7666943,5.341264893009793,458.334,-7.778926678858692,0.0012266353745071766,-0.12283927933440043
1,M->N,1787402060.842523,5.4170937779708765,458.434,-7.759989725895584,-0.0012251023470318911,-0.13899280202633166
1,M->N,1787402060.918025,5.492595980002079,458.434,-7.74109428553059,-0.003985254722596061,-0.15556896015791444
1,M->N,1787402061.0545511,5.629122201004066,458.534,-7.7222469002351035,-0.007060179260823035,-0.17244188162647112
1,M->N,1787402061.1926346,5.7672059899778105,458.634,-7.703453984790341,-0.010454771423195135,-0.18954582604326173
1,M->N,1787402061.2694995,5.8440705799730495,458.734,-7.684722249249407,-0.0141715272985664,-0.20677870241742272
1,M->N,1787402061.2839408,5.858511799015105,458.734,-7.666057923491487,-0.01821085929594004,-0.22412833609034363
1,M->N,1787402061.2956195,5.870190076006111,458.734,-7.647467053619834,-0.022573938076716205,-0.2415862567499313
1,M->N,1787402061.3674715,5.942042552982457,458.734,-7.628955968817133,-0.027261269527219616,-0.25909496402519994
1,M->N,1787402061.5051246,6.079695819003973,458.834,-7.610530566142279,-0.032272557179520586,-0.27660610036639965
1,M->N,1787402061.5198977,6.094468345982023,458.934,-7.592196455225729,-0.0376059470509587,-0.2941083752831215
1,M->N,1787402061.593708,6.168278783967253,458.934,-7.573959077761017,-0.04325874931394311,-0.3115607079755091
1,M->N,1787402061.6706634,6.2452344369958155,459.034,-7.555823731676472,-0.049227953609254874,-0.3289171044504297
1,M->N,1787402061.8106074,6.385178379015997,459.134,-7.5377954823475175,-0.05551022595795191,-0.3461585857611035
1,M->N,1787402061.8855588,6.4601304300013,459.234,-7.519879120535109,-0.062101688119263976,-0.3632441376197232
1,M->N,1787402061.9631264,6.53769981302321,459.234,-7.502078855401261,-0.06899661239642753,-0.3801558639746147
1,M->N,1787402062.103947,6.678518513974268,459.334,-7.48439864086404,-0.07619014044087362,-0.3968748897172096
1,M->N,1787402062.2436056,6.8181768680224195,459.534,-7.466842082539119,-0.08367642507224606,-0.4133791896343172
1,M->N,1787402062.2595124,6.8340832439716905,459.534,-7.449412386306994,-0.09144949747524236,-0.4295875701184138
1,M->N,1787402062.2734263,6.8479969869949855,459.534,-7.432111461883201,-0.09950189600953932,-0.44548946662520816
1,M->N,1787402062.4103565,6.984928610967472,459.634,-7.414941195362876,-0.10782687852396186,-0.46116695612384084
1,M->N,1787402062.5478234,7.122394807985984,459.734,-7.397903588129494,-0.11641781561154578,-0.47654880304025216
1,M->N,1787402062.5648782,7.139449071022682,459.834,-7.381000100836478,-0.12526793982430037,-0.4916417670619882
1,M->N,1787402062.7008672,7.275438313023187,459.834,-7.364231920825933,-0.13436978519287096,-0.5063947240023376
1,M->N,1787402062.773675,7.348245879984461,459.934,-7.347599461967852,-0.14371565434065056,-0.520849954189589
1,M->N,1787402062.8508477,7.425418555969372,460.034,-7.3311039255423776,-0.15329834592358094,-0.5349146748325028
1,M->N,1787402062.9875147,7.5620854499866255,460.134,-7.314744647554426,-0.16310899017766745,-0.5485721710279402
1,M->N,1787402063.0018198,7.576391234004404,460.134,-7.298520862435603,-0.17313972065921832,-0.5618694432027324
1,M->N,1787402063.0179088,7.5924800030188635,460.134,-7.282431291814433,-0.18338177852105578,-0.5747009172638037
1,M->N,1787402063.1548278,7.729398877010681,460.234,-7.266474015080907,-0.19382682976521265,-0.5872273403360742
1,M->N,1787402063.2311933,7.805764511984307,460.334,-7.250648590075507,-0.20446848395443137,-0.5993857932050801
1,M->N,1787402063.2437656,7.818336195021402,460.334,-7.234953297218124,-0.2152991010696657,-0.6111615375158458
1,M->N,1787402063.3806589,7.955230567022227,460.434,-7.219385934245337,-0.2263110103994081,-0.6225579286132766
1,M->N,1787402063.518999,8.093570242985152,460.534,-7.203944024650482,-0.23749657746902475,-0.6335360954671989
1,M->N,1787402063.657109,8.231679759977851,460.634,-7.188624789966025,-0.24884829424822302,-0.6441405303535919
1,M->N,1787402063.7329478,8.307518524001352,460.734,-7.173426001390413,-0.26035911698625064,-0.6543378004752147
1,M->N,1787402063.7457674,8.32033808901906,460.734,-7.158344491895331,-0.27202154442376614,-0.6641856416224937
1,M->N,1787402063.7583766,8.332947785966098,460.734,-7.143377867046167,-0.28382950842140187,-0.6736402084919273
1,M->N,1787402063.8946142,8.469185127003584,460.834,-7.128522011447823,-0.29577453167378626,-0.6826192611489879
1,M->N,1787402064.031505,8.606076857016888,460.934,-7.113773211128391,-0.30785022566426357,-0.6912608994038884
1,M->N,1787402064.167737,8.742308254993986,461.034,-7.099128076608576,-0.32004991199707533,-0.6994812869324935
1,M->N,1787402064.304186,8.878757725993637,461.134,-7.084582650579156,-0.33236709846903356,-0.7073456730769534
1,M->N,1787402064.442676,9.017247412004508,461.234,-7.070133408058173,-0.3447955295734553,-0.7148145353817896
1,M->N,1787402064.456137,9.030708188016433,461.334,-7.055776465329748,-0.357329371962989,-0.7219948546626914
1,M->N,1787402064.4679337,9.042504879005719,461.334,-7.041508824473317,-0.3699636491206548,-0.7288655753777139
1,M->N,1787402064.4787738,9.05334523197962,461.334,-7.027327471986774,-0.38269357826787986,-0.7354434722606338
1,M->N,1787402064.550689,9.125259866996203,461.334,-7.013229052631532,-0.39551425995008493,-0.7416958426496408
1,M->N,1787402064.566498,9.14106878999155,461.434,-6.999209819584622,-0.40842030042336247,-0.7475633398507213
1,M->N,1787402064.7023563,9.276927469996735,461.434,-6.985265578586472,-0.421406382612269,-0.7531790947504061
1,M->N,1787402064.8400576,9.414628410013393,461.634,-6.971393555105917,-0.4344686861055507,-0.7584981287961071
1,M->N,1787402064.8540246,9.428595690988004,461.634,-6.957589826945584,-0.4476021533087222,-0.7634944379560356
1,M->N,1787402064.9907193,9.565290840982925,461.734,-6.943851229699609,-0.4608030802578174,-0.7682770178605635
1,M->N,1787402065.1277387,9.702309631975368,461.834,-6.930174908280882,-0.4740676156840757,-0.7727796792300095
1,M->N,1787402065.2052002,9.779771786998026,461.934,-6.916557510957419,-0.4873918073372383,-0.7770404572543951
1,M->N,1787402065.2804344,9.855005707999226,462.034,-6.902995918915183,-0.5007720509189071,-0.7810501146886858
1,M->N,1787402065.3559015,9.93047254596604,462.034,-6.889487326858251,-0.5142050502824979,-0.7848508794428113
1,M->N,1787402065.3705378,9.945109141990542,462.034,-6.876029373763832,-0.5276880553317477,-0.7884264351967714
1,M->N,1787402065.507088,10.081659637973644,462.134,-6.862618666316409,-0.5412168454097367,-0.7917353047195113
1,M->N,1787402065.5855799,10.160151024989318,462.234,-6.849252001104232,-0.5547885338232112,-0.7948627912312537
1,M->N,1787402065.5990288,10.173599588975776,462.234,-6.835927097617122,-0.5684006436829538,-0.7977751335738023
1,M->N,1787402065.7355244,10.310095925990026,462.334,-6.822641250387973,-0.5820504349747678,-0.8005254512593548
1,M->N,1787402065.8740356,10.448606648016721,462.434,-6.809392054347706,-0.5957356237144993,-0.8031181170322501
1,M->N,1787402066.0083497,10.58292108902242,462.534,-6.796177799012312,-0.6094542681296138,-0.8055665690169425
1,M->N,1787402066.0837834,10.658354561019223,462.634,-6.782996629704493,-0.6232042277731987,-0.8078596635528761
1,M->N,1787402066.094713,10.669283777999226,462.634,-6.769846358725898,-0.6369831836136373,-0.8099973597609558
1,M->N,1787402066.1677372,10.742309543013107,462.634,-6.75672510527005,-0.6507893331270992,-0.8120263726918397
1,M->N,1787402066.3048713,10.879442382021807,462.734,-6.743631650501753,-0.6646213698835429,-0.8139580009418323
1,M->N,1787402066.441626,11.016197416000068,462.934,-6.730564645830182,-0.6784779207888213,-0.8158039805321454
1,M->N,1787402066.5785406,11.153111721971072,463.034,-6.717522851325077,-0.6923579449182341,-0.8175624531888006
1,M->N,1787402066.7188907,11.293462709989399,463.134,-6.704505358220931,-0.706260335143196,-0.8192461294308546
1,M->N,1787402066.794764,11.369335007970221,463.234,-6.691511204047123,-0.720184390247268,-0.8208845355147767
1,M->N,1787402066.806849,11.381419554003514,463.234,-6.678539373808028,-0.7341292829824292,-0.8224733917614012
1,M->N,1787402066.8169727,11.391543227015063,463.234,-6.665589317236643,-0.748094662105469,-0.8240379616752753
1,M->N,1787402066.826546,11.401116780994926,463.234,-6.652661126578177,-0.7620805516576308,-0.8256015575967627
1,M->N,1787402066.898173,11.472745121980552,463.234,-6.639754928808477,-0.7760867785174297,-0.8271717466449934
1,M->N,1787402066.9115748,11.486145366972778,463.334,-6.626870920008809,-0.7901132467973747,-0.8287777197281913
1,M->N,1787402067.0480697,11.622641960973851,463.434,-6.6140095839018445,-0.804160640926905,-0.8304337106252447
1,M->N,1787402067.186128,11.760699463018682,463.534,-6.601171919942464,-0.8182297307683745,-0.8321417635243248
1,M->N,1787402067.200057,11.7746276690159,463.534,-6.588358702658512,-0.8323211906256522,-0.8339424659856639
1,M->N,1787402067.3367686,11.911340244987514,463.634,-6.575571251008248,-0.8464360795217459,-0.8358291698817601
1,M->N,1787402067.4759665,12.050538816023618,463.734,-6.56281111349429,-0.8605757209819599,-0.8378331032374593
1,M->N,1787402067.5534823,12.128052757005207,463.834,-6.550079800990228,-0.8747417787208664,-0.8399460167734686
1,M->N,1787402067.5646005,12.139172060997225,463.834,-6.537378825405093,-0.8889358709288148,-0.842187851522179
1,M->N,1787402067.636776,12.211346823023632,463.834,-6.524710156817671,-0.9031598804319109,-0.8446349897239546
1,M->N,1787402067.774205,12.348775699967518,463.934,-6.5120769295045235,-0.9174160787078476,-0.8472596542698437
1,M->N,1787402067.7891672,12.363738075015135,464.034,-6.499482294268861,-0.9317069415179497,-0.8501060915365838
1,M->N,1787402067.8620505,12.43662122497335,464.034,-6.486929572546288,-0.9460350452478237,-0.8531597946393967
1,M->N,1787402067.9390342,12.513604820007458,464.134,-6.474421515128268,-0.9604027564263843,-0.8564793108475973
1,M->N,1787402068.0753686,12.649940507020801,464.234,-6.462680547539208,-0.9739792977977535,-0.8594267924834036
1,M->N,1787402068.2120585,12.786630105983932,464.334,-6.453242748018924,-0.9849348811832154,-0.859957649607879
1,M->N,1787402068.3471143,12.921685574983712,464.434,-6.4439275415745545,-0.9957668290797577,-0.8616443538263504
1,M->N,1787402068.4227824,12.997353960003238,464.534,-6.434635438995801,-1.0066190523699405,-0.8643638003864998
1,M->N,1787402068.4354959,13.010067021998111,464.534,-6.425374774742769,-1.0174997512557462,-0.8676256321251
1,M->N,1787402068.5086389,13.083210853976198,464.634,-6.416149992761265,-1.0284126097953636,-0.8711988818603351
1,M->N,1787402068.648868,13.22344027098734,464.734,-6.4069643338065765,-1.0393599678636094,-0.8749284091518033
1,M->N,1787402068.6622884,13.236860230972525,464.734,-6.397820198137082,-1.050342958171086,-0.8788242461828176
1,M->N,1787402068.7372727,13.31184422498336,464.734,-6.388719297046866,-1.0613622422982398,-0.8828494464412872
1,M->N,1787402068.8773732,13.451944290020037,464.934,-6.377590053774741,-1.0749444261029353,-0.8861723165128464
1,M->N,1787402069.0144377,13.589009276009165,465.034,-6.36557476552278,-1.0897115046795605,-0.8904901680417837
1,M->N,1787402069.0287719,13.603343323979061,465.034,-6.35362138995118,-1.1045511558260706,-0.8960802666194619
1,M->N,1787402069.0411193,13.615690184989944,465.134,-6.341754005039761,-1.1194620243192372,-0.9022245516880594
1,M->N,1787402069.1793125,13.753883648023475,465.134,-6.329980104455376,-1.1344472248042685,-0.9086624282379858
1,M->N,1787402069.3168187,13.891390639008023,465.234,-6.3183041432002,-1.1495083976041354,-0.9152876871880291
1,M->N,1787402069.3928993,13.967470003990456,465.334,-6.306729007458671,-1.1646469377804927,-0.9219912021529616
1,M->N,1787402069.405717,13.98028786800569,465.334,-6.29525608558734,-1.179863136539057,-0.928702191040578
1,M->N,1787402069.4785771,14.053149319021031,465.434,-6.283885015255609,-1.1951560593269466,-0.9353695906746761
1,M->N,1787402069.618315,14.192886185017414,465.534,-6.272615402187263,-1.210524499964002,-0.9419792259033322
1,M->N,1787402069.6946325,14.269203595991712,465.634,-6.261446631157002,-1.2259665743400703,-0.9484534056029733
1,M->N,1787402069.7690547,14.343626279965974,465.634,-6.250377181336564,-1.2414798451682512,-0.954770739180261
1,M->N,1787402069.78369,14.35826139897108,465.734,-6.239405350375525,-1.2570615486223415,-0.9608729416568876
1,M->N,1787402069.920207,14.494778930966277,465.734,-6.2285277607020175,-1.2727081753628648,-0.9667231627281603
1,M->N,1787402070.0574896,14.632061227981467,465.834,-6.217740173888398,-1.2884159737339755,-0.9722659226714809
1,M->N,1787402070.1950567,14.769628356967587,465.934,-6.207038202349073,-1.3041813067079129,-0.9774911002620756
1,M->N,1787402070.2096288,14.784199781017378,466.034,-6.1964175123432605,-1.3200004799792056,-0.9824232719098869
1,M->N,1787402070.221884,14.796454526018351,466.034,-6.185872279596079,-1.3358680195692245,-0.9867569190005231
1,M->N,1787402070.2940922,14.868663149012718,466.034,-6.175393502197232,-1.3517780038515899,-0.9906476047812253
1,M->N,1787402070.4313536,15.005925006989855,466.134,-6.164974169507514,-1.3677255881515609,-0.9940199082741834
1,M->N,1787402070.5078907,15.082461407000665,466.334,-6.154605188387958,-1.3837047495183663,-0.9967708490622932
1,M->N,1787402070.5831277,15.157700126001146,466.334,-6.1442779828637955,-1.399710455785915,-0.9991465711775158
1,M->N,1787402070.7240403,15.298611486970913,466.434,-6.133984390145346,-1.4157356718391798,-1.0006516053219092
1,M->N,1787402070.8614378,15.436009300989099,466.534,-6.123711500517877,-1.4317723147249275,-1.0015661165081917
1,M->N,1787402070.9382012,15.51277236797614,466.634,-6.113450038452854,-1.44781384947126,-1.0017053894286274
1,M->N,1787402070.9510112,15.525581540015992,466.634,-6.1031857669609515,-1.4638505677859976,-1.0009102292358967
1,M->N,1787402070.961964,15.536534790007863,466.634,-6.092905353476618,-1.4798745684414085,-0.9994359329984126
1,M->N,1787402071.0343947,15.608965491002891,466.634,-6.082596400382113,-1.4958770894240274,-0.9969484978726295
1,M->N,1787402071.1717877,15.74635854997905,466.734,-6.072243422827505,-1.5118481814885196,-0.9936339470442277
1,M->N,1787402071.1911182,15.765688897983637,466.834,-6.061833731351533,-1.5277798972711005,-0.9895096884836171
1,M->N,1787402071.2644172,15.838988163974136,466.834,-6.051353836334972,-1.5436635361037778,-0.9846323681410327
1,M->N,1787402071.4036329,15.978204256971367,466.934,-6.0407930472273925,-1.559492152805452,-0.9789901253449776
1,M->N,1787402071.539512,16.114083001972176,467.034,-6.030136729517677,-1.5752538497491946,-0.9721617398407633
1,M->N,1787402071.6808145,16.255385963013396,467.234,-6.020970609299804,-1.588647948618342,-0.969547947495942
1,M->N,1787402071.6944547,16.269026042020414,467.234,-6.012146446362232,-1.6014933570549208,-0.9670718832951859
1,M->N,1787402071.7066364,16.281207624997478,467.234,-6.003274156931377,-1.614290813975635,-0.9604336084523503
1,M->N,1787402071.7809377,16.35550990496995,467.234,-5.9927959294406445,-1.6291613670489835,-0.9515428414281243
1,M->N,1787402071.919454,16.494025707012042,467.434,-5.981697498856467,-1.6445886363856954,-0.9404770340564143
1,M->N,1787402072.057282,16.63185375300236,467.534,-5.971175956570351,-1.6588707596816454,-0.928484314972865
1,M->N,1787402072.0725658,16.647137371997815,467.534,-5.962530435584319,-1.670314187193952,-0.916899390174747
1,M->N,1787402072.0841537,16.65872456500074,467.634,-5.953781982835826,-1.6816224363523002,-0.905578244250107
1,M->N,1787402072.2201762,16.79474709299393,467.634,-5.944907277317567,-1.692828949129335,-0.894150123595236
1,M->N,1787402072.2957544,16.870325536001474,467.734,-5.935904356127822,-1.703931778449209,-0.8823808103222531
1,M->N,1787402072.3690686,16.943640140001662,467.734,-5.927842023330551,-1.713644144665293,-0.8714864704542858
1,M->N,1787402072.505833,17.08040376700228,467.834,-5.919521974521535,-1.7234483883599168,-0.8605883641148943
1,M->N,1787402072.6450815,17.219652450003196,468.034,-5.910895961766201,-1.7333888772433141,-0.8491790109588496
1,M->N,1787402072.661203,17.235773838998284,468.034,-5.902155786774614,-1.743228645494161,-0.837378760947684
1,M->N,1787402072.6720502,17.246621166006662,468.034,-5.8932998705632835,-1.7529636062525256,-0.8254074975830391
1,M->N,1787402072.808105,17.382677009969484,468.134,-5.884732815556097,-1.762160537174292,-0.8137970670303881
1,M->N,1787402072.9453576,17.519928292022087,468.234,-5.876127654712484,-1.771197891742208,-0.8038916348511701
1,M->N,1787402073.0822582,17.656829192012083,468.334,-5.867423246028414,-1.7801543728498073,-0.7929733052154756
1,M->N,1787402073.1579428,17.73251436802093,468.434,-5.8586201066375345,-1.7890115918106795,-0.7813840526036385
1,M->N,1787402073.1710029,17.74557388096582,468.434,-5.8497144528307095,-1.7977646831529885,-0.7695309852067617
1,M->N,1787402073.1833167,17.757887571991887,468.434,-5.840705606525708,-1.8064110909716409,-0.7575536911488171
1,M->N,1787402073.318639,17.893210930982605,468.534,-5.8316880464541745,-1.8148609075992843,-0.7455435317947224
1,M->N,1787402073.4565558,18.031126855988987,468.634,-5.8226745935130975,-1.8231058902050705,-0.7336327087369067
1,M->N,1787402073.5944972,18.169068399001844,468.734,-5.813564143868569,-1.8312433731399986,-0.7217871011530433
1,M->N,1787402073.7341352,18.308706617972348,468.834,-5.804358329352117,-1.8392729665060172,-0.709994776726191
1,M->N,1787402073.8708756,18.445446965983137,468.934,-5.795058472037374,-1.8471936134621967,-0.6982511177070804
1,M->N,1787402074.0075831,18.5821553900023,469.034,-5.785984700011359,-1.854742368151028,-0.6870889947408902
1,M->N,1787402074.1454728,18.72004459699383,469.234,-5.776761180417975,-1.8622492320121682,-0.6773159233724937
1,M->N,1787402074.1587074,18.733278102008626,469.234,-5.766993928464751,-1.8700431707477476,-0.667027003273824
1,M->N,1787402074.1705096,18.745080721972045,469.234,-5.757149959420931,-1.877727661372629,-0.6558088243572902
1,M->N,1787402074.1810627,18.755633705994114,469.334,-5.747219888222824,-1.885299083600301,-0.6442933336738973
1,M->N,1787402074.1899788,18.764549380983226,469.334,-5.737203372846748,-1.8927550255520116,-0.6327231690418875
1,M->N,1787402074.1976786,18.772249148983974,469.334,-5.727665225403823,-1.8996910268053298,-0.6223189605900336
1,M->N,1787402074.2051315,18.77970205101883,469.334,-5.718198064453209,-1.9064282783426836,-0.6120204537649796
1,M->N,1787402074.2744281,18.84899950301042,469.334,-5.708662465220798,-1.9130668995966122,-0.6016458297952216
1,M->N,1787402074.41179,18.98636127298232,469.434,-5.697683263137896,-1.9205432036338577,-0.591443624799342
1,M->N,1787402074.546904,19.121475189982448,469.534,-5.68695800419874,-1.9276844025274178,-0.580554452695673
1,M->N,1787402074.683131,19.257701853988692,469.634,-5.676409673280546,-1.9345426966893555,-0.5696998322699424
1,M->N,1787402074.8244064,19.398977428965736,469.734,-5.665788070129377,-1.9412867517878525,-0.5589808828575531
1,M->N,1787402074.840028,19.414599642972462,469.834,-5.655095148606586,-1.947917398384248,-0.5484699378574045
1,M->N,1787402074.9762359,19.55080716998782,469.834,-5.644333431708837,-1.9544358948352123,-0.5381764039431793
1,M->N,1787402075.0516925,19.626263351994567,469.934,-5.632568386279339,-1.9613952212020682,-0.5279800366630018
1,M->N,1787402075.127248,19.70181889401283,470.034,-5.620463570219316,-1.968391336770845,-0.5172574505890144
1,M->N,1787402075.1394725,19.714043439016677,470.034,-5.608306456572971,-1.9752433196317363,-0.506488707967395
1,M->N,1787402075.21261,19.787181265011895,470.034,-5.596076676860788,-1.98196531165351,-0.4960131725650261
1,M->N,1787402075.3507543,19.925325448974036,470.234,-5.583777874109318,-1.988560715428926,-0.48586281733685943
1,M->N,1787402075.4884584,20.063029495999217,470.334,-5.571509250964875,-1.9949830229343197,-0.4761478983525885
1,M->N,1787402075.5019038,20.07647448097123,470.334,-5.559181754146484,-2.00128695989717,-0.4668450084914012
1,M->N,1787402075.5149367,20.089507178985514,470.334,-5.546796311398701,-2.007477269168746,-0.4578167917593978
1,M->N,1787402075.6541197,20.228691143973265,470.434,-5.533562481819545,-2.0139415383932064,-0.44861066398977845
1,M->N,1787402075.7329106,20.30748241697438,470.534,-5.5184607463091,-2.021136679096474,-0.438194647507774
1,M->N,1787402075.7456892,20.320259984000586,470.534,-5.501226321128072,-2.0291204644533507,-0.4265250965614494
1,M->N,1787402075.8834798,20.45805132301757,470.634,-5.483883871391902,-2.036915902056164,-0.41580323084659937
1,M->N,1787402076.020836,20.595408188994043,470.734,-5.466458730492405,-2.0445310623219233,-0.4057556357855324
1,M->N,1787402076.15704,20.73161150800297,470.834,-5.448958503162963,-2.0519769832313473,-0.39667773118539007
1,M->N,1787402076.2329018,20.807473269989714,470.934,-5.431392982840719,-2.059270340842355,-0.3884087457488429
1,M->N,1787402076.2456505,20.82022129400866,470.934,-5.413768252784695,-2.0664238536585837,-0.3809378639228098
1,M->N,1787402076.2565005,20.831071063992567,470.934,-5.396090789222277,-2.0734510902487684,-0.3742247425597104
1,M->N,1787402076.3931158,20.96768731798511,471.034,-5.378366661187444,-2.0803660759492,-0.3683945150724061
1,M->N,1787402076.5301445,21.10471599997254,471.134,-5.3606029088385565,-2.0871851902067813,-0.3634913350265854
1,M->N,1787402076.6666553,21.241226481972262,471.234,-5.342805971595994,-2.0939223468652948,-0.35928998393261863
1,M->N,1787402076.8060784,21.380649832019117,471.334,-5.324980457046999,-2.10059010428869,-0.35578253556880546
1,M->N,1787402076.9442868,21.518858500989154,471.434,-5.307131133309905,-2.107200513513813,-0.35292297315294774
1,M->N,1787402076.9590662,21.53363752202131,471.534,-5.289262321808189,-2.113765458131231,-0.35083635111462297
1,M->N,1787402076.9706225,21.545193139987532,471.534,-5.27137952566369,-2.1202998534260815,-0.34957523806144
1,M->N,1787402076.9849155,21.559486965008546,471.534,-5.253488206846308,-2.1268156395296307,-0.34884748507377406
1,M->N,1787402077.0597966,21.634367973019835,471.534,-5.235592154274101,-2.133323912656641,-0.3488427936156589
1,M->N,1787402077.1966279,21.7711990759708,471.634,-5.217696429552083,-2.139836793192139,-0.3494333526932512
1,M->N,1787402077.334036,21.90860786900157,471.834,-5.1998049499043555,-2.1463646303064867,-0.3505892629072959
1,M->N,1787402077.4100838,21.984654625994153,471.934,-5.1819212793265095,-2.152915610232814,-0.3520820693728381
1,M->N,1787402077.4225385,21.99710944801336,471.934,-5.1640473731884065,-2.1594954405516678,-0.35394002479295267
1,M->N,1787402077.5583496,22.132921099022496,471.934,-5.146185598163041,-2.1661130939056825,-0.35636502593427327
1,M->N,1787402077.6332076,22.207779210002627,472.034,-5.128339431077546,-2.1727777034427063,-0.35924710296301043
1,M->N,1787402077.711347,22.285918172972742,472.134,-5.110512051710559,-2.1794978586076006,-0.3626370131133888
1,M->N,1787402077.8485987,22.42317020497285,472.234,-5.092707326057601,-2.1862812278190016,-0.3663215586040671
1,M->N,1787402077.9241111,22.49868228798732,472.334,-5.074927421409807,-2.1931324456350234,-0.37034809267308266
1,M->N,1787402077.9363673,22.510938423976768,472.334,-5.057175390904722,-2.200057975661507,-0.37474464792394313
1,M->N,1787402077.9466453,22.52121606899891,472.334,-5.039454266029309,-2.2070632027494987,-0.3793701869544974
1,M->N,1787402078.0180511,22.592622403986752,472.334,-5.021766189040678,-2.214152365733302,-0.3842415552815535
1,M->N,1787402078.0932631,22.667834339023102,472.434,-5.004113269599833,-2.221329193484715,-0.38933781420599417
1,M->N,1787402078.2322717,22.806843361002393,472.534,-4.986497557809516,-2.228597323246438,-0.39466150995262744
1,M->N,1787402078.3698678,22.94443933898583,472.634,-4.968921198070445,-2.235960094129413,-0.40010634921649435
1,M->N,1787402078.5077116,23.082282757968642,472.734,-4.951385334154268,-2.24341966875675,-0.40569679735828257
1,M->N,1787402078.5831897,23.157760711968876,472.834,-4.933891265771343,-2.2509785083261824,-0.41142284414835356
1,M->N,1787402078.5960267,23.17059708602028,472.834,-4.9164401565515075,-2.2586378691477953,-0.4172059766917424
1,M->N,1787402078.6692882,23.243859993002843,472.834,-4.899033255249345,-2.266398792173382,-0.42305111905010767
1,M->N,1787402078.8080595,23.38263123901561,472.934,-4.881672040474506,-2.274261899149662,-0.4289376125126333
1,M->N,1787402078.9451478,23.51971866801614,473.134,-4.864357797560147,-2.2822271340809364,-0.4348257574020727
1,M->N,1787402078.9577312,23.532302242994774,473.134,-4.847091168240693,-2.2902937865201562,-0.4406959853293427
1,M->N,1787402078.9705567,23.545127346995287,473.134,-4.829872518394902,-2.29846096213296,-0.44651281177164875
1,M->N,1787402079.1059787,23.680549840966705,473.234,-4.812701933834179,-2.306727418805613,-0.4522456701022133
1,M->N,1787402079.2433403,23.817911244987044,473.334,-4.795579304496891,-2.3150916204534857,-0.45788875112437943
1,M->N,1787402079.319371,23.89394157996867,473.434,-4.778504233086982,-2.3235511101063513,-0.46337936607657004
1,M->N,1787402079.330947,23.905517883016728,473.434,-4.761475860517187,-2.33210350238244,-0.4687590239340734
1,M->N,1787402079.4037368,23.97830859600799,473.434,-4.744493246534935,-2.3407461446555518,-0.4739597065351387
1,M->N,1787402079.539622,24.11419296299573,473.534,-4.727555216048442,-2.3494756745645033,-0.47896002063567894
1,M->N,1787402079.6763382,24.250909366004635,473.734,-4.710660525005072,-2.3582884248345044,-0.4837370208514086
1,M->N,1787402079.6904583,24.26502878201427,473.734,-4.693807796396877,-2.367179723841616,-0.48822193556176596
1,M->N,1787402079.7022352,24.276805511966813,473.734,-4.676995022054579,-2.3761442199746092,-0.49241739101645
1,M->N,1787402079.8400784,24.414649344980717,473.834,-4.660219920111008,-2.385176814235607,-0.4963025430082551
1,M->N,1787402079.9772604,24.551831387972925,473.934,-4.643479773954058,-2.3942717393028783,-0.49985843340760866
1,M->N,1787402080.1146944,24.689265510998666,474.034,-4.626771937343497,-2.403423026583206,-0.5029912284809233
1,M->N,1787402080.190328,24.76489832100924,474.134,-4.610092389320731,-2.4126225750940353,-0.5056070008699285
1,M->N,1787402080.2024786,24.777048963995185,474.134,-4.593436860624536,-2.421862737367286,-0.5078532057478699
1,M->N,1787402080.2137785,24.788348936999682,474.134,-4.576801381935325,-2.431136874838802,-0.5096461193981486
1,M->N,1787402080.3497953,24.924366043007467,474.234,-4.560181624211283,-2.4404385705896967,-0.5111296172773429
1,M->N,1787402080.4878597,25.062431185971946,474.334,-4.543574375118805,-2.4497611149333625,-0.5120262197632074
1,M->N,1787402080.6263256,25.200897942995653,474.434,-4.5269745219800726,-2.4590947979207947,-0.5123696786787083
1,M->N,1787402080.6409216,25.215492095972877,474.534,-4.510377065200402,-2.4684293411396347,-0.5120662023730976
1,M->N,1787402080.653405,25.2279756750213,474.534,-4.493775956473,-2.4777532535291926,-0.5110949436493436
1,M->N,1787402080.7261045,25.300675489008427,474.534,-4.47716523402605,-2.4870559825666585,-0.5094849083970917
1,M->N,1787402080.865358,25.439929698011838,474.634,-4.460538840024662,-2.4963271804596383,-0.5072424911564204
1,M->N,1787402080.9423745,25.516945665003732,474.734,-4.44389122918375,-2.5055567675641863,-0.5043857519238774
1,M->N,1787402081.017492,25.592063525982667,474.734,-4.427216654698552,-2.514732811066535,-0.5007460605975526
1,M->N,1787402081.1548193,25.72939055901952,474.834,-4.410507805209912,-2.5238417076138804,-0.496401772808218
1,M->N,1787402081.2920918,25.86666396498913,474.934,-4.393758994655838,-2.532874062398889,-0.4914834468810393
1,M->N,1787402081.3679757,25.942546291975304,475.134,-4.376964810405632,-2.541818554617361,-0.48577825305041217
1,M->N,1787402081.3794637,25.954035165021196,475.134,-4.36011861963738,-2.5506626631682052,-0.4794869525847457
1,M->N,1787402081.5145934,26.08916486700764,475.134,-4.343216210499943,-2.5593963778312547,-0.4726155985337213
1,M->N,1787402081.5904608,26.165031532989815,475.234,-4.326253721396014,-2.5680089484502333,-0.4651449374133684
1,M->N,1787402081.665072,26.23964290798176,475.334,-4.309227217747267,-2.5764888559661845,-0.4568777838907244
1,M->N,1787402081.678232,26.25280322798062,475.334,-4.292131030964037,-2.584822756100972,-0.4480122177905659
1,M->N,1787402081.7516518,26.326223374984693,475.334,-4.274961725388726,-2.5930006086295356,-0.4386164889450029
1,M->N,1787402081.829405,26.403976988978684,475.434,-4.257716498724208,-2.601011995668101,-0.4285825163771695
1,M->N,1787402081.9664195,26.540990541980136,475.534,-4.24039200911916,-2.6088450332034907,-0.4179383007150306
1,M->N,1787402082.1031919,26.677763236977626,475.634,-4.222985354632368,-2.616488088925048,-0.406617506905913
1,M->N,1787402082.2410023,26.81557385402266,475.734,-4.205493284168948,-2.6239288539623478,-0.3946663927994221
1,M->N,1787402082.3772178,26.951789351005573,475.834,-4.187913398712825,-2.6311555581601174,-0.38210254117950776
1,M->N,1787402082.390798,26.965368955978192,475.934,-4.170243903113375,-2.6381559164125594,-0.36884298963804707
1,M->N,1787402082.40234,26.976911193982232,475.934,-4.152483460579357,-2.644916880506021,-0.3549893285940529
1,M->N,1787402082.412947,26.98751771496609,475.934,-4.134631611641541,-2.651426166413066,-0.3404558353947201
1,M->N,1787402082.4889894,27.0635630619945,475.934,-4.116687885989602,-2.657670462524467,-0.3253462563281108
1,M->N,1787402082.6296546,27.20422612898983,476.034,-4.098653472670883,-2.663638767917626,-0.30957534565714706
1,M->N,1787402082.70825,27.282821581000462,476.134,-4.08052886688152,-2.669314790882846,-0.2929592194750937
1,M->N,1787402082.7824574,27.35702857299475,476.134,-4.06231405152644,-2.674684519405866,-0.27581975403112396
1,M->N,1787402082.922191,27.49676248698961,476.234,-4.044011344438909,-2.6797368386483362,-0.25807846746421
1,M->N,1787402083.059426,27.633996971009765,476.334,-4.025622989476461,-2.6844605291018784,-0.23992574913120981
1,M->N,1787402083.196807,27.771378482982982,476.534,-4.0071533515880375,-2.6888444524022046,-0.22101382634128927
1,M->N,1787402083.3381722,27.912744012020994,476.634,-3.9886055514501293,-2.692874163092327,-0.20160754997782043
1,M->N,1787402083.4161785,27.990749026997946,476.734,-3.969984866609576,-2.696538993330083,-0.18164744442912661
1,M->N,1787402083.4296691,28.00424016197212,476.734,-3.9512964016236274,-2.6998274961211437,-0.16121880717264897
1,M->N,1787402083.4406545,28.015225343988277,476.734,-3.9325460260989513,-2.702731577498816,-0.14047475536176812
1,M->N,1787402083.4506586,28.025229203980416,476.734,-3.913741244435201,-2.705242049785086,-0.11925275227854877
1,M->N,1787402083.5862718,28.160842843994033,476.834,-3.894889112612389,-2.707349808347756,-0.0977065555228652
1,M->N,1787402083.7231734,28.297744420007803,476.934,-3.8759976312100943,-2.7090486021051974,-0.07582805206990376
1,M->N,1787402083.7387793,28.31335036898963,477.034,-3.8570746721845195,-2.7103316470698857,-0.05370377939999709
1,M->N,1787402083.8750002,28.4495711849886,477.034,-3.8380971449041925,-2.71119797317592,-0.033179167215048676
1,M->N,1787402084.0141563,28.588728195987642,477.134,-3.8190872696376283,-2.711746101763739,-0.022519370652229302
1,M->N,1787402084.0282218,28.60279382497538,477.234,-3.8000430587334657,-2.7121382114236887,-0.01851761349338574
1,M->N,1787402084.040167,28.61473767302232,477.234,-3.7810093927710677,-2.712479461189208,-0.017016713948810002
1,M->N,1787402084.1132438,28.687815091980156,477.234,-3.7619743850960314,-2.712794010834562,-0.015646689718774254
1,M->N,1787402084.189389,28.76396015298087,477.334,-3.7429404745368537,-2.7130796497727494,-0.013759637999737293
1,M->N,1787402084.3270745,28.901645948004443,477.434,-3.723907790381127,-2.7133253728804205,-0.011376992883127086
1,M->N,1787402084.4667106,29.041281592973974,477.534,-3.704876514998395,-2.7135216377121227,-0.008424908856608626
1,M->N,1787402084.5417364,29.116307681018952,477.634,-3.6858459250122957,-2.713659327221029,-0.005133257997420638
1,M->N,1787402084.5546973,29.129268380987924,477.634,-3.666813075066085,-2.713737393436718,-0.0025510898892354026
1,M->N,1787402084.627931,29.202502889966127,477.634,-3.6477775242081867,-2.713772436757377,-0.0006747684274876695
1,M->N,1787402084.704171,29.27874222997343,477.734,-3.628741461060414,-2.713772494936694,0.0011452918354762814
1,M->N,1787402084.8400702,29.41464176797308,477.834,-3.6097059666139097,-2.7137369049283127,0.003153639155515045
1,M->N,1787402084.978993,29.55356412398396,477.934,-3.5906711914379037,-2.713661926781435,0.005316224037341568
1,M->N,1787402085.1158268,29.690398835984524,478.034,-3.5716376822096714,-2.7135440413333707,0.007778639369871543
1,M->N,1787402085.2517512,29.82632307696622,478.134,-3.5526059249635322,-2.7133760167621244,0.010636346720031758
1,M->N,1787402085.38966,29.964231538993772,478.234,-3.5335476197307285,-2.713155060053587,0.012191078229594112
1,M->N,1787402085.4025085,29.977079114993103,478.334,-3.5144984435130007,-2.7129398915607985,0.00991503715729799
1,M->N,1787402085.4137065,29.988277560973074,478.334,-3.4954501972997036,-2.7127651334274083,0.007954472721630215
1,M->N,1787402085.4237673,29.99833862198284,478.334,-3.476402115522816,-2.712626655846709,0.006127886625998634
1,M->N,1787402085.49583,30.07040155096911,478.334,-3.4573541431085317,-2.7125224829350163,0.004393281993629566
1,M->N,1787402085.634597,30.209168947010767,478.434,-3.438306963253824,-2.712450023246935,0.0029795151395318577
1,M->N,1787402085.7723446,30.346916316018905,478.534,-3.419263001461523,-2.712397560004065,0.002583685549175109
1,M->N,1787402085.9111788,30.485750177991576,478.634,-3.4002216872753914,-2.712346739203289,0.0029278559561542734
1,M->N,1787402085.924926,30.49949681799626,478.734,-3.381182696324734,-2.712284999878208,0.003925521676258977
1,M->N,1787402085.9362123,30.5107829059707,478.734,-3.362146035622594,-2.712199635353818,0.0055488959033446125
1,M->N,1787402086.0085006,30.583072206005454,478.734,-3.3431116319994194,-2.7120792416381048,0.007735684946325018
1,M->N,1787402086.1471202,30.72169210901484,478.834,-3.3240785226228686,-2.71191493240446,0.010203434309914992
1,M->N,1787402086.1604626,30.73503326199716,478.934,-3.305046347394627,-2.7117026458819873,0.012786489049631767
1,M->N,1787402086.234167,30.808738849009387,478.934,-3.286014986050189,-2.7114405416964473,0.015434446750544452
1,M->N,1787402086.3709393,30.945510165998712,479.034,-3.26698449160886,-2.711128207779404,0.018085037578318926
1,M->N,1787402086.5093648,31.083935861010104,479.134,-3.2479550148855583,-2.7107652916133698,0.020805957104965418
1,M->N,1787402086.6471035,31.221674766973592,479.334,-3.2289281059086816,-2.7103472127000514,0.023983272472032368
1,M->N,1787402086.6609008,31.23547149897786,479.334,-3.2099047949530926,-2.7098648723353227,0.027824556930745845
1,M->N,1787402086.6731627,31.24773322697729,479.334,-3.1908863474949496,-2.709303398293836,0.032435450580064785
1,M->N,1787402086.7463546,31.32092551601818,479.334,-3.1718731962562248,-2.708649844385645,0.03775763559737631
1,M->N,1787402086.8843403,31.458911472989712,479.434,-3.1528681177290396,-2.707887662960392,0.044240228700790356
1,M->N,1787402087.0237002,31.598271568014752,479.534,-3.133872030065158,-2.7069953098452157,0.051576689943759274
1,M->N,1787402087.1614864,31.73605766496621,479.734,-3.1148867444907564,-2.705956800168963,0.05989283189302164
1,M->N,1787402087.2991822,31.87375313701341,479.834,-3.0959143664723783,-2.7047540355725013,0.0691467710223418
1,M->N,1787402087.4369779,32.011549129965715,479.934,-3.0769577637347525,-2.703368848484929,0.07941627913760908
1,M->N,1787402087.5129917,32.08756237401394,480.034,-3.0580202084357886,-2.701781739637795,0.09068032214315029
1,M->N,1787402087.5257044,32.10027508600615,480.034,-3.0391049378295154,-2.6999752857937307,0.10277270222675239
1,M->N,1787402087.5367246,32.11129577399697,480.034,-3.020216547174417,-2.6979335818981163,0.11577722625042441
1,M->N,1787402087.5463061,32.120876820001286,480.034,-3.0013583190097957,-2.6956421904022365,0.12931859218136174
1,M->N,1787402087.5547953,32.129365660017356,480.034,-2.982535074943033,-2.6930917880564182,0.14345850030461707
1,M->N,1787402087.5629127,32.137483410013374,480.034,-2.963752691336471,-2.69027041047353,0.1582136422559642
1,M->N,1787402087.6974943,32.27206573699368,480.134,-2.9450161866594264,-2.6871691001965026,0.1733591084815092
1,M->N,1787402087.833922,32.40849258197704,480.234,-2.9263307965058933,-2.683781313406274,0.18890075602344034
1,M->N,1787402087.9735048,32.54807609098498,480.334,-2.907701552123316,-2.680100954362226,0.2047594421987626
1,M->N,1787402088.112652,32.687223579967394,480.434,-2.889133957146976,-2.6761227997657757,0.22090595153622178
1,M->N,1787402088.186795,32.76136614801362,480.534,-2.8706333657851406,-2.6718433515436555,0.23727139741088052
1,M->N,1787402088.3243217,32.898893308010884,480.634,-2.852205311175936,-2.6672599695911954,0.2538164606385601
1,M->N,1787402088.4035437,32.978114789002575,480.734,-2.8338556068789895,-2.662370575098012,0.2705089508294858
1,M->N,1787402088.4151332,32.9897036110051,480.734,-2.8155897689741383,-2.6571738416388118,0.28728900360449605
1,M->N,1787402088.42509,32.99966059497092,480.734,-2.7973310247890093,-2.651714657234544,0.2933450967064736
1,M->N,1787402088.5605035,33.13507457601372,480.834,-2.7791249419999176,-2.6461796895633105,0.2981196342534255
1,M->N,1787402088.6991885,33.27375941997161,480.934,-2.760952055015697,-2.640550115406638,0.30403225095574304
1,M->N,1787402088.8371708,33.411742831987794,481.034,-2.7428176033564897,-2.6348082255565406,0.3107119100182918
1,M->N,1787402088.9135103,33.48808205698151,481.134,-2.7247259803830652,-2.6289410682042336,0.3180622439653488
1,M->N,1787402088.9263086,33.50087930000154,481.134,-2.706681710989423,-2.6229364760887757,0.32606520803065386
1,M->N,1787402088.937059,33.511629461019766,481.134,-2.6886878858540775,-2.616785096997491,0.33446772283871185
1,M->N,1787402089.0735102,33.648081107006874,481.234,-2.6707483508578354,-2.61047948714885,0.34332450267558506
1,M->N,1787402089.1519353,33.72650576301385,481.334,-2.652820573719233,-2.604001788715123,0.35022637773846454
1,M->N,1787402089.2273035,33.80187460099114,481.334,-2.634871952095414,-2.5974218411646355,0.35481948761233745
1,M->N,1787402089.3651702,33.93974092399003,481.434,-2.6174778993617855,-2.590832767334319,0.37621037880011926
1,M->N,1787402089.5043483,34.07892003998859,481.634,-2.6005427086503805,-2.5839153654270177,0.40448213723911475
1,M->N,1787402089.517921,34.09249188500689,481.634,-2.5835597816925993,-2.5764208269634343,0.43151677470976363
1,M->N,1787402089.5291128,34.10368326801108,481.634,-2.5665091528693447,-2.5683165000748303,0.4617327349155904
1,M->N,1787402089.665426,34.23999748402275,481.734,-2.54959866945564,-2.5596478648311654,0.48951425803556653
1,M->N,1787402089.8047512,34.37932254100451,481.834,-2.532940212082806,-2.5505555145824563,0.5138415581607103
1,M->N,1787402089.9441571,34.51872877602,481.934,-2.516461332632905,-2.541060234261677,0.534432147870612
1,M->N,1787402090.0203395,34.594910126004834,482.034,-2.500193997874428,-2.53125714380619,0.5533212964599467
1,M->N,1787402090.094719,34.669289986020885,482.034,-2.484108669800698,-2.5211520968657486,0.5714147333235245
1,M->N,1787402090.1090522,34.68362265697215,482.134,-2.4682027601172423,-2.5107609330624485,0.5888250418501701
1,M->N,1787402090.2455556,34.82012668997049,482.134,-2.4524751982846595,-2.500096432637996,0.6055038341994969
1,M->N,1787402090.3833468,34.957918049010914,482.234,-2.436921424681082,-2.4891757764208817,0.6213094436639803
1,M->N,1787402090.5231266,35.09769773000153,482.434,-2.4215373391175383,-2.4780137785581107,0.6364591944208421
1,M->N,1787402090.600859,35.17542990500806,482.534,-2.406288303732164,-2.4666024208190507,0.650257612550136
1,M->N,1787402090.6137245,35.18829513096716,482.534,-2.3912047985070983,-2.455018560631076,0.6611449041117756
1,M->N,1787402090.625152,35.19972269597929,482.534,-2.3762425368380082,-2.443277783219193,0.6710064665349348
1,M->N,1787402090.6355903,35.21016097301617,482.534,-2.3613910633346675,-2.4313942441370258,0.68009384040868
1,M->N,1787402090.7077317,35.28230258397525,482.534,-2.346643618913114,-2.419379365498222,0.6885707718451347
1,M->N,1787402090.8445637,35.41913460200885,482.634,-2.3319952433072193,-2.4072421155762647,0.696564082122928
1,M->N,1787402090.9199762,35.494546635018196,482.734,-2.3174412960876847,-2.3949897295286124,0.7041321412311218
1,M->N,1787402090.993361,35.567931810976006,482.734,-2.3029775697107593,-2.3826293730531884,0.7113065760282583
1,M->N,1787402091.1299691,35.70453984098276,482.934,-2.2885999666769523,-2.3701675647539453,0.7180731769994038
1,M->N,1787402091.268948,35.843520116002765,483.034,-2.2743036571336774,-2.357610343791698,0.7241566521662077
1,M->N,1787402091.2829857,35.857556400005706,483.034,-2.260068606082272,-2.344976427585659,0.7280162166426862
1,M->N,1787402091.3560803,35.930651625967585,483.034,-2.2458736006566165,-2.332293627516878,0.7307430065085367
1,M->N,1787402091.4927957,36.067366705974564,483.134,-2.2317091038221086,-2.3195745817990634,0.7329371463781658
1,M->N,1787402091.6295667,36.204138503992,483.234,-2.2175702615282398,-2.306825848653197,0.7348629065337937
1,M->N,1787402091.7692842,36.34385609900346,483.434,-2.2034549597976154,-2.294050493933306,0.7366673436849872
1,M->N,1787402091.908542,36.48311327397823,483.534,-2.1893623389625603,-2.281250075001295,0.7384009452794912
1,M->N,1787402091.98585,36.56042181700468,483.634,-2.1752917420706006,-2.26842537837942,0.7400914300984662
1,M->N,1787402091.99785,36.57242050598143,483.634,-2.1612425325367353,-2.255577202749209,0.7417483348591676
1,M->N,1787402092.0082343,36.58280466898577,483.634,-2.1472143823270624,-2.242705974906292,0.7433730083645551
1,M->N,1787402092.018571,36.59314158500638,483.634,-2.133206958773437,-2.2298121688496275,0.7449597283556771
1,M->N,1787402092.090684,36.66525534802349,483.634,-2.1192197989567627,-2.2168963865722637,0.7465066388721506
1,M->N,1787402092.1041472,36.67871789098717,483.734,-2.105252633064136,-2.2039592086422126,0.7480166602864956
1,M->N,1787402092.2405393,36.815110918018036,483.834,-2.091304699208092,-2.191001220332064,0.7494815959211174
1,M->N,1787402092.316015,36.89058682700852,483.834,-2.0773751841784516,-2.1780227630067843,0.7509048655244425
1,M->N,1787402092.4536257,37.028197164007,483.934,-2.063463479125122,-2.165024503320816,0.7522893293007836
1,M->N,1787402092.5910225,37.165594262012746,484.034,-2.049569612825379,-2.1520068542165505,0.7536415544163345
1,M->N,1787402092.7279632,37.302535048977006,484.234,-2.035693256950943,-2.1389705650078366,0.7549645501754484
1,M->N,1787402092.7416432,37.31621393898968,484.234,-2.021834066003399,-2.125916340981705,0.7562600527187776
1,M->N,1787402092.7531846,37.327755420003086,484.234,-2.0079917017668913,-2.1128444883949196,0.7575261951939927
1,M->N,1787402092.8263736,37.400945190980565,484.234,-1.9941656704253983,-2.0997552553549403,0.7587538752469165
1,M->N,1787402092.9652007,37.539772512973286,484.334,-1.9803555258732515,-2.0866492131750256,0.7599465521298674
1,M->N,1787402093.1036894,37.67826141498517,484.534,-1.9665609322247057,-2.073526916791513,0.7611022924871548
1,M->N,1787402093.180944,37.75551552302204,484.634,-1.9527812709600492,-2.060388988197555,0.7622198129823525
1,M->N,1787402093.1988235,37.773394552001264,484.634,-1.939015906640193,-2.047235921715671,0.7632919986460419
1,M->N,1787402093.2134068,37.78797793202102,484.634,-1.9252641812737539,-2.0340680673561002,0.7643196646323827
1,M->N,1787402093.2876241,37.86219589499524,484.634,-1.9115256493289752,-2.0208857173510473,0.7653131744309342
1,M->N,1787402093.425171,37.99974305398064,484.734,-1.8977996050964958,-2.0076898007684334,0.7662742643396548
1,M->N,1787402093.5629916,38.137562246003654,484.834,-1.8840859848091598,-1.9944810039894967,0.7672132950184462
1,M->N,1787402093.6984484,38.273020203982014,484.934,-1.8703849331556597,-1.9812595343157695,0.7681269823753925
1,M->N,1787402093.7748606,38.34943193697836,485.034,-1.8566960382659943,-1.9680256491107968,0.7690095430184298
1,M->N,1787402093.789072,38.363643475982826,485.134,-1.8430187427571858,-1.9547801025958038,0.7698692418203861
1,M->N,1787402093.9275193,38.502090729016345,485.134,-1.829352580063535,-1.9415230496688247,0.7707011764264269
1,M->N,1787402094.066236,38.64080728101544,485.234,-1.8156973298854258,-1.9282548762698963,0.7714972826557268
1,M->N,1787402094.203807,38.77837877301499,485.334,-1.8020525670260368,-1.9149759325275795,0.7722532820064468
1,M->N,1787402094.218469,38.793039781972766,485.434,-1.788417419396633,-1.901686744619768,0.7729667065812131
1,M->N,1787402094.2301915,38.80476245598402,485.434,-1.7747911320798493,-1.8883877061879548,0.7736432134749021
1,M->N,1787402094.240656,38.81522659299662,485.434,-1.7611733416238757,-1.8750794090011247,0.7742937254164499
1,M->N,1787402094.376207,38.950778278987855,485.534,-1.7475639245120178,-1.8617622026838356,0.774926164993678
1,M->N,1787402094.5148518,39.08942302997457,485.634,-1.7339631248034062,-1.848436469635456,0.7755458683968135
1,M->N,1787402094.6523983,39.226970618008636,485.734,-1.720370559012733,-1.835102537332926,0.7761464660291331
1,M->N,1787402094.6667972,39.24136791296769,485.834,-1.7067858386746324,-1.8217606741685808,0.7767251889498297
1,M->N,1787402094.679258,39.2538287229836,485.834,-1.6932087944901528,-1.8084111706419868,0.7772783779281991
1,M->N,1787402094.6898506,39.2644212640007,485.834,-1.6796393177610882,-1.7950543473490141,0.777808357596108
1,M->N,1787402094.8271434,39.401714836014435,485.934,-1.666076920310619,-1.7816906958637213,0.7783124279409994
1,M->N,1787402094.9640348,39.53860640199855,486.034,-1.652520985576484,-1.7683204151757734,0.7787887862686295
1,M->N,1787402094.979829,39.55440036801156,486.034,-1.6389709255124592,-1.7549435571066516,0.7792333497749324
1,M->N,1787402095.1155095,39.69008037599269,486.134,-1.6254261968334043,-1.7415604564823266,0.7796472584264997
1,M->N,1787402095.1923678,39.76693864399567,486.234,-1.6118867220925106,-1.7281714557428824,0.780039175224338
1,M->N,1787402095.2059813,39.78055243199924,486.234,-1.5983523421945318,-1.7147771837039094,0.7804192383946926
1,M->N,1787402095.3422093,39.91678031202173,486.334,-1.5848231392691272,-1.7013780057344519,0.7807945407607937
1,M->N,1787402095.4173276,39.99189958797069,486.334,-1.5712990610844213,-1.6879739423604794,0.7811551454297825
1,M->N,1787402095.554473,40.12904441996943,486.434,-1.5577798169143948,-1.674565168010068,0.7815027220634099
1,M->N,1787402095.6925678,40.2671390339965,486.634,-1.544265132800458,-1.661151821605384,0.7818362270613617
1,M->N,1787402095.8296962,40.40426815400133,486.734,-1.5307550051364252,-1.6477341882236374,0.7821531561572053
1,M->N,1787402095.9681833,40.54275415401207,486.834,-1.5172491111852864,-1.6343126827108647,0.7824473892130807
1,M->N,1787402096.0464573,40.62102801899891,486.934,-1.5037473341909413,-1.620887210731154,0.7827193182621572
1,M->N,1787402096.060319,40.634889683977235,486.934,-1.4902488000758078,-1.6074579006570717,0.7829693842038241
1,M->N,1787402096.0779195,40.65249065001262,486.934,-1.4767527641490137,-1.5940250970032206,0.783197993930548
1,M->N,1787402096.08757,40.66214058897458,486.934,-1.4632593772038203,-1.5805889218534175,0.7834153731964433
1,M->N,1787402096.2231374,40.79770820599515,487.034,-1.4497691315144547,-1.567149656428739,0.7836252237375676
1,M->N,1787402096.2990403,40.87361107696779,487.134,-1.436281838046984,-1.553707682261902,0.7838306919590641
1,M->N,1787402096.4360697,41.0106418110081,487.234,-1.4227972526243096,-1.5402633505778165,0.7840329814625149
1,M->N,1787402096.511449,41.08602042798884,487.334,-1.4093154641907013,-1.5268164393441472,0.7842287811959516
1,M->N,1787402096.5853858,41.15995672199642,487.334,-1.3958366520697647,-1.5133669749125536,0.7844145815471266
1,M->N,1787402096.7220044,41.29657587199472,487.434,-1.3823602434648137,-1.4999151358692318,0.7845887832942539
1,M->N,1787402096.797894,41.37246474198764,487.534,-1.3688861854164944,-1.4864611940074506,0.7847486131428999
1,M->N,1787402096.8111284,41.38569949998055,487.534,-1.3554140911377879,-1.473005291532351,0.784889157084986
1,M->N,1787402096.8232698,41.3978409540141,487.534,-1.3419436603895143,-1.4595472695122365,0.7850122508744397
1,M->N,1787402096.9602745,41.53484598401701,487.634,-1.3284744673829008,-1.446087265610199,0.7851239512324437
1,M->N,1787402097.0393262,41.613897151022684,487.734,-1.3150063615043688,-1.4326255631045337,0.7852267474123951
1,M->N,1787402097.0512674,41.62583780498244,487.734,-1.3015395097579228,-1.4191623550104557,0.7853285748595888
1,M->N,1787402097.1882343,41.76280567800859,487.834,-1.2880741889837957,-1.4056979353565415,0.7854311711923835
1,M->N,1787402097.3247507,41.89932150399545,487.934,-1.2746105015777593,-1.3922323325973858,0.7855324115742001
1,M->N,1787402097.4008825,41.975453243998345,488.034,-1.2611482697377403,-1.3787655377147794,0.7856318511953755
1,M->N,1787402097.5368586,42.111429876007605,488.134,-1.2476875539339853,-1.365297574508881,0.7857257343633568
1,M->N,1787402097.5511763,42.12574712699279,488.134,-1.234222573064997,-1.3518310608165445,0.7847621365587849
1,M->N,1787402097.6247573,42.19932838098612,488.134,-1.2207364814767985,-1.338382856011912,0.7828606471679279
1,M->N,1787402097.7606444,42.33521524997195,488.234,-1.2079821106516329,-1.3257101683871186,0.7817521782894589
1,M->N,1787402097.8969834,42.471554554998875,488.334,-1.1977378052697978,-1.3155209383935553,0.7841858084397042
1,M->N,1787402098.0322793,42.60685156297404,488.534,-1.1876340719494984,-1.305429118546669,0.785542633519767
1,M->N,1787402098.1099594,42.684530486993026,488.634,-1.1775426906487392,-1.2953266650371742,0.7866256857741467
1,M->N,1787402098.1232753,42.69784585898742,488.634,-1.1674649500696836,-1.285211724514218,0.7882132913533524
1,M->N,1787402098.134945,42.70951568201417,488.634,-1.1574056400147104,-1.2750790424214973,0.7902878847363445
1,M->N,1787402098.1449704,42.71954160800669,488.634,-1.1473712538472594,-1.2649235291491114,0.7931680802032114
1,M->N,1787402098.280236,42.85480793699389,488.734,-1.1373709319434158,-1.2547372456799557,0.7968452112154824
1,M->N,1787402098.418197,42.992768237018026,488.834,-1.1274123840701378,-1.244513179669194,0.8011394859397484
1,M->N,1787402098.5556486,43.13022010400891,488.934,-1.1175028555906084,-1.2342447385742263,0.8062518799796402
1,M->N,1787402098.6331353,43.20770592498593,489.034,-1.1076490627528743,-1.2239245640888965,0.8118614617663295
1,M->N,1787402098.642551,43.217121641966514,489.034,-1.0978561667681985,-1.2135482810095175,0.8180263433343784
1,M->N,1787402098.6505435,43.225114322965965,489.034,-1.0881310056734983,-1.2031104282503646,0.8247328502846825
1,M->N,1787402098.786768,43.36133902001893,489.134,-1.0784794403187852,-1.1926067165907186,0.8319543376271514
1,M->N,1787402098.9250472,43.4996184509946,489.234,-1.068907200884456,-1.1820325721837244,0.8397085318942106
1,M->N,1787402099.0002282,43.57479894597782,489.334,-1.0594190599524278,-1.1713840518952525,0.8478455294530088
1,M->N,1787402099.1358445,43.710415491019376,489.434,-1.0500196884246293,-1.1606572363388448,0.8563421190251544
1,M->N,1787402099.1483126,43.72288399597164,489.434,-1.0407130802346178,-1.1498494210176897,0.8651407733515947
1,M->N,1787402099.1602728,43.73484401300084,489.434,-1.03150314409395,-1.1389589279879615,0.8742649727372319
1,M->N,1787402099.2971034,43.871674928988796,489.534,-1.022394374564836,-1.1279841579324663,0.8836795276395645
1,M->N,1787402099.4350445,44.009616192022804,489.634,-1.0133913894175006,-1.1169240028837162,0.8934215787242336
1,M->N,1787402099.5773158,44.15188695699908,489.734,-1.0044984230323786,-1.10577680891724,0.9033750855985426
1,M->N,1787402099.59277,44.167340700980276,489.834,-0.9957177480477611,-1.094542050130643,0.9134380782907102
1,M->N,1787402099.6036084,44.17817885999102,489.834,-0.987052220024235,-1.0832194221548972,0.923766646049975
1,M->N,1787402099.6757038,44.25027505401522,489.834,-0.9785048069952874,-1.0718078678287148,0.9342124629731529
1,M->N,1787402099.7471387,44.321709232986905,489.934,-0.9700777803801681,-1.0603078785732625,0.9447730257087182
1,M->N,1787402099.8824437,44.457015127001796,490.034,-0.9617739109496855,-1.0487199922506787,0.9554617330471348
1,M->N,1787402100.0203507,44.594922057003714,490.134,-0.9535951566059813,-1.0370447465879677,0.966224091506883
1,M->N,1787402100.0975661,44.672137284011114,490.234,-0.9455434738015974,-1.025282720044997,0.9770915623901566
1,M->N,1787402100.2343361,44.80890708201332,490.334,-0.9376202801076747,-1.0134339155563898,0.9880120168239347
1,M->N,1787402100.247354,44.82192519202363,490.334,-0.92982646881721,-1.0014988033763446,0.9989462414919851
1,M->N,1787402100.257799,44.83237000799272,490.334,-0.9221634232127328,-0.9894783448819346,1.0099532275115495
1,M->N,1787402100.3931303,44.96770130697405,490.434,-0.9146327500106803,-0.9773735222354789,1.0209882634843443
1,M->N,1787402100.5325973,45.107168886985164,490.534,-0.9072356552057766,-0.9651859765267563,1.0320499969241643
1,M->N,1787402100.6102266,45.184797936002724,490.634,-0.8999738890074328,-0.9529175396442249,1.0431278227111112
1,M->N,1787402100.687508,45.262078983010724,490.734,-0.8928489661631631,-0.9405698976585456,1.0542230440644267
1,M->N,1787402100.762523,45.33709413796896,490.734,-0.885861598712265,-0.9281447227706422,1.0653150451182296
1,M->N,1787402100.7761602,45.350731322017964,490.734,-0.8790125881504066,-0.9156435537741398,1.0764088136947825
1,M->N,1787402100.9140015,45.488572857982945,490.834,-0.8723029928805613,-0.9030679934803058,1.0874981462508437
1,M->N,1787402100.9903462,45.564917625975795,490.934,-0.8656838993513937,-0.8903238297534715,1.0985332008404871
1,M->N,1787402101.0031278,45.57769915397512,490.934,-0.8592594193132334,-0.8775954201461108,1.1117614531636903
1,M->N,1787402101.1414027,45.715976006002165,491.034,-0.8530177740387533,-0.8647930446186061,1.1259833660891074
1,M->N,1787402101.2798004,45.854372286004946,491.134,-0.8469593317581228,-0.8519035300412819,1.1402821252203728
1,M->N,1787402101.3574731,45.93204436596716,491.234,-0.8410850844076713,-0.8389287168116133,1.1544928091274944
1,M->N,1787402101.3698711,45.94444213900715,491.234,-0.8353947736322754,-0.8258715435156089,1.1685645917431338
1,M->N,1787402101.4428713,46.01744342397433,491.234,-0.8298875408474874,-0.8127358114123853,1.182420505404821
1,M->N,1787402101.579971,46.15454211097676,491.334,-0.8245617299885389,-0.7995255985892886,1.1960901350764819
1,M->N,1787402101.719493,46.29406387702329,491.534,-0.8194156140418244,-0.7862443616759526,1.2095726819108572
1,M->N,1787402101.7339675,46.308538047014736,491.534,-0.8144483173861922,-0.7728949060364545,1.2229543845925843
1,M->N,1787402101.8079019,46.38247319299262,491.534,-0.8096587311247689,-0.7594797550625109,1.2361375648850188
1,M->N,1787402101.9458125,46.52038356696721,491.634,-0.8050448449994175,-0.7460023408835824,1.249111901427919
1,M->N,1787402102.085166,46.659737602982204,491.734,-0.8006055106326797,-0.7324665165996329,1.2619470111684594
1,M->N,1787402102.1603184,46.734889651997946,491.834,-0.7963391368408826,-0.718875706258081,1.2745614340371816
1,M->N,1787402102.2976592,46.872230535023846,491.934,-0.7922438399486522,-0.705233379300581,1.287018266359216
1,M->N,1787402102.3116853,46.88625698297983,492.034,-0.7883185551571043,-0.6915420235690273,1.2993538155832751
1,M->N,1787402102.3238757,46.89844624500256,492.034,-0.7845615625695691,-0.6778035561665774,1.3115624866132873
1,M->N,1787402102.3346546,46.909225506999064,492.034,-0.780965168784378,-0.6640170974680633,1.322132704561384
1,M->N,1787402102.4732165,47.04778801096836,492.034,-0.7775029486784547,-0.650190460267007,1.3310561104567167
1,M->N,1787402102.6110973,47.18566820700653,492.234,-0.7741608152837373,-0.6363322348533211,1.3394280123095779
1,M->N,1787402102.6247647,47.199336051009595,492.234,-0.7709332112694645,-0.6224462202417027,1.3475292003101762
1,M->N,1787402102.7607725,47.33534365100786,492.334,-0.7678176271265135,-0.6085347647615609,1.3555485298270467
1,M->N,1787402102.8977199,47.47229162201984,492.434,-0.7648132374766015,-0.5945989950118769,1.3634919610536782
1,M->N,1787402103.0350232,47.609594139968976,492.534,-0.7619190516594424,-0.5806398188099294,1.3713485552687257
1,M->N,1787402103.1132324,47.687803209992126,492.634,-0.759134524006633,-0.5666581720339542,1.379172554382232
1,M->N,1787402103.1260145,47.700585115992,492.634,-0.7564825302968453,-0.5526545690217184,1.3924039905174692
1,M->N,1787402103.1379993,47.712569871975575,492.634,-0.7540216326462238,-0.538628496756051,1.4049523141319582
1,M->N,1787402103.2733543,47.84792556602042,492.734,-0.7517290620863106,-0.5245702502994481,1.4163443364261328
1,M->N,1787402103.35189,47.92646057996899,492.834,-0.7495943061065332,-0.5104863125634794,1.4273577279070375
1,M->N,1787402103.3639827,47.93855307798367,492.834,-0.7477670709476829,-0.49747161590468053,1.439960573515153
1,M->N,1787402103.500497,48.07506827398902,492.934,-0.7461845259665087,-0.48479311496304806,1.457674605886525
1,M->N,1787402103.575725,48.15029590402264,492.934,-0.7445279664421851,-0.469389365344666,1.4732239559553613
1,M->N,1787402103.711242,48.28581379499519,493.034,-0.7430849860073805,-0.45391234184073287,1.4854209303038741
1,M->N,1787402103.8462014,48.420771845965646,493.234,-0.741821583735007,-0.4384126543062046,1.4958994449731509
1,M->N,1787402103.854172,48.428742069983855,493.234,-0.7407010976714696,-0.42289138067248827,1.503216712302305
1,M->N,1787402103.9241047,48.4986758059822,493.234,-0.7396852626295514,-0.4073585639721716,1.5093049226458337
1,M->N,1787402104.0619931,48.63656455097953,493.334,-0.7387607108013213,-0.3918186159573187,1.5148761165475333
1,M->N,1787402104.1998005,48.774371491977945,493.434,-0.7379210286814328,-0.37627304977310205,1.5201486612935966
1,M->N,1787402104.2751224,48.849693370983005,493.534,-0.7371624056111021,-0.36072293355280444,1.52529524858161
1,M->N,1787402104.4143353,48.98890701000346,493.634,-0.7364826139452469,-0.34516857687403185,1.5302768691643718
1,M->N,1787402104.428578,49.00314837996848,493.734,-0.735879902900631,-0.3296105863198741,1.5351331440299822
1,M->N,1787402104.440536,49.01510662201326,493.734,-0.7353518615193761,-0.31404925133492945,1.5398186389161392
1,M->N,1787402104.451019,49.025589357013814,493.734,-0.7348956754099603,-0.2984849559376922,1.544391031837159
1,M->N,1787402104.5867698,49.16134095098823,493.834,-0.7345096842777475,-0.28291796265019786,1.548808044638
1,M->N,1787402104.72337,49.29794077301631,493.934,-0.7341918459082412,-0.2673487779656482,1.553083140831854
1,M->N,1787402104.7985477,49.3731183729833,494.034,-0.7339405674589237,-0.25177818030802573,1.5572833662908385
1,M->N,1787402104.873954,49.44852485397132,494.034,-0.733753370519956,-0.2362060721982393,1.5612970073815982
1,M->N,1787402104.9501162,49.524687418015674,494.134,-0.7336276982632121,-0.22063303972099618,1.5651911501291091
1,M->N,1787402105.0869236,49.6614942990127,494.234,-0.7335620473383965,-0.20505949792687506,1.5689711886494826
1,M->N,1787402105.1018603,49.67643094598316,494.234,-0.733554590022051,-0.18948555690747457,1.5726292198932388
1,M->N,1787402105.1766667,49.75123770098435,494.234,-0.7336031664509238,-0.17391131289982226,1.5761060668531048
1,M->N,1787402105.3139386,49.88850979798008,494.434,-0.7337054091555145,-0.1583369534691444,1.5794604554515494
1,M->N,1787402105.3916576,49.96622810896952,494.534,-0.7338594140805804,-0.1427627539033772,1.5827496015651221
1,M->N,1787402105.4661145,50.04068575199926,494.534,-0.7340634009540319,-0.12718840845269883,1.5858345277597876
1,M->N,1787402105.5417235,50.11629398202058,494.634,-0.7343146972697232,-0.11161426007766446,1.5888010036234461
1,M->N,1787402105.6782901,50.252861519984435,494.734,-0.7346115042556064,-0.09604032746231758,1.5916370827004631
1,M->N,1787402105.6938758,50.26844626298407,494.734,-0.7349515096485187,-0.08046651718863565,1.594318774348293
1,M->N,1787402105.70467,50.27924048801651,494.734,-0.7353328926836096,-0.06489311771743998,1.5969108953247981
1,M->N,1787402105.8412194,50.415790228988044,494.834,-0.7357539539701352,-0.04932006474719349,1.5993716947810634
1,M->N,1787402105.9778295,50.55240015900927,494.934,-0.7362124542155019,-0.033747509295311263,1.6016905102951053
1,M->N,1787402106.1156394,50.69021036598133,495.034,-0.7367063959997103,-0.0181757360623901,1.6038830571745255
1,M->N,1787402106.2518008,50.826371841016226,495.134,-0.7372337273867514,-0.0026048929067736767,1.6059563724343304
1,M->N,1787402106.387637,50.9622073060018,495.234,-0.7377923725015799,0.012965089183406057,1.6078686155030133
1,M->N,1787402106.3944325,50.96900270797778,495.334,-0.7383801327529659,0.028534121247124834,1.609670174681776
1,M->N,1787402106.4007723,50.975342660967726,495.334,-0.7389954783080934,0.044102308049933155,1.611357568189619
1,M->N,1787402106.4086914,50.98326171201188,495.334,-0.7396364490169326,0.05966992076525648,1.6129045394112096
1,M->N,1787402106.477752,51.052323058014736,495.334,-0.7403008350699898,0.07523697217707566,1.6143637945425076
1,M->N,1787402106.6147137,51.18928453401895,495.434,-0.7409871182653762,0.09080370708173273,1.615694150643952
1,M->N,1787402106.754604,51.329175023012795,495.534,-0.741696952982574,0.10635619087148594,1.619413176886267
1,M->N,1787402106.8922837,51.46685508399969,495.634,-0.7425086520982682,0.12188960855399987,1.6289116624324476
1,M->N,1787402106.905456,51.480026761011686,495.734,-0.7434647950693297,0.1374157174800929,1.6379998758666214
1,M->N,1787402106.9176955,51.49226611398626,495.734,-0.7445618877779034,0.15293315764002374,1.6469990568522122
1,M->N,1787402106.9915721,51.56614330998855,495.734,-0.7457973722583907,0.1684414926370662,1.655674313562717
1,M->N,1787402107.0633333,51.63790383201558,495.834,-0.747164099921155,0.18394092993310113,1.6638217184702329
1,M->N,1787402107.1985836,51.77315465401625,495.934,-0.7486543219473264,0.19943046876058457,1.6714677465716599
1,M->N,1787402107.2792182,51.85378896998009,496.034,-0.7502602222133697,0.21490971786118918,1.678598056533037
1,M->N,1787402107.2924142,51.86698467400856,496.034,-0.7519762721968528,0.2303744027536946,1.6865801340573534
1,M->N,1787402107.4293487,52.00391991296783,496.134,-0.7539540253589927,0.2468465498216226,1.6954107695895717
1,M->N,1787402107.5654805,52.14005123596871,496.234,-0.7563497077015798,0.26570482909315796,1.6994237593488892
1,M->N,1787402107.581583,52.15616993501317,496.234,-0.7588107100564666,0.28457666392754605,1.7021009789755022
1,M->N,1787402107.7182631,52.292834168008994,496.334,-0.7613212558145587,0.3034433950744928,1.7047215779214069
1,M->N,1787402107.7929704,52.36754084401764,496.434,-0.7638817093023189,0.3223030482871565,1.7074599862310627
1,M->N,1787402107.8014097,52.37598001700826,496.434,-0.766495393399886,0.3411541670665907,1.7104755833884566
1,M->N,1787402107.9362457,52.510816512978636,496.534,-0.769167624978787,0.3599963835058805,1.7136907177147704
1,M->N,1787402108.074133,52.64870401500957,496.634,-0.7719007575317219,0.3788302978403399,1.7168800839751919
1,M->N,1787402108.2110898,52.785661071015056,496.734,-0.7746946271897402,0.39765407749298637,1.720636698770884
1,M->N,1787402108.347359,52.92192981101107,496.834,-0.7775785242123238,0.4164547602470192,1.7272216615985148
1,M->N,1787402108.4842153,53.05878623499302,496.934,-0.7805934076614398,0.4352307306668168,1.7346139439529862
1,M->N,1787402108.6210155,53.19558629399398,497.034,-0.7837473127210891,0.453983588141812,1.7418609334600688
1,M->N,1787402108.7579668,53.33253800397506,497.234,-0.7870326107828015,0.47271610269970155,1.7484160814002987
1,M->N,1787402108.7735333,53.34810403600568,497.234,-0.7904371993786742,0.4914291584200281,1.7545356326738109
1,M->N,1787402108.7843864,53.358956718002446,497.234,-0.7939526829174629,0.5101241589498396,1.7599841871161535
1,M->N,1787402108.7942235,53.3687940610107,497.234,-0.7975649730715462,0.5288039475893209,1.7646741319499115
1,M->N,1787402108.8034074,53.37797770299949,497.234,-0.8012619730816419,0.5474691766452312,1.768909969194417
1,M->N,1787402108.8118615,53.38643178099301,497.234,-0.8050326367722994,0.5661227230282536,1.7723344908363996
1,M->N,1787402108.8191843,53.39375470398227,497.234,-0.8088632501240808,0.5847663123848367,1.775125861001074
1,M->N,1787402108.9530315,53.52760255697649,497.334,-0.812742015984769,0.6034016562703405,1.7773221321707293
1,M->N,1787402109.0929675,53.66753850801615,497.434,-0.8166586819350463,0.6220299973968769,1.7791110785244957
1,M->N,1787402109.1703615,53.74493204400642,497.534,-0.8206047175191924,0.6406533977600265,1.7803300071820238
1,M->N,1787402109.306762,53.88133259600727,497.634,-0.8245695210931987,0.6592741216409609,1.7809985839419284
1,M->N,1787402109.4463928,54.02096400799928,497.734,-0.8285447319344551,0.6778937760463893,1.7813035484383188
1,M->N,1787402109.5857995,54.16037095099455,497.834,-0.8325227444476418,0.6965146031885282,1.7811665995398631
1,M->N,1787402109.5998263,54.17439687397564,497.934,-0.836496271359812,0.7151378728139894,1.7807339256213068
1,M->N,1787402109.6103644,54.18493483401835,497.934,-0.8404588273240371,0.7337653600714666,1.7798464610865419
1,M->N,1787402109.6200664,54.194636824016925,497.934,-0.8444022869306879,0.7523985315146524,1.7786067955280445
1,M->N,1787402109.7586317,54.333202937967144,498.034,-0.8483226034272344,0.771037006963005,1.777384386748988
1,M->N,1787402109.8967454,54.47131683700718,498.134,-0.8522221907006876,0.7896790097066507,1.7764779643923854
1,M->N,1787402109.9102507,54.48482129396871,498.134,-0.8561064289574273,0.8083230212077029,1.7758655209689838
1,M->N,1787402110.048857,54.62342858000193,498.234,-0.8599810673224428,0.8269673103727366,1.7755609924890121
1,M->N,1787402110.1870687,54.761639613017906,498.334,-0.8638518633903041,0.8456108332636393,1.775515919895443
1,M->N,1787402110.3248687,54.89943963999394,498.434,-0.8677230545531707,0.8642531801769933,1.775623193907267
1,M->N,1787402110.3391263,54.913696664967574,498.534,-0.8715965388897223,0.8828950595020932,1.7757673625068036
1,M->N,1787402110.349935,54.92450549500063,498.534,-0.8754724608010163,0.9015369050190813,1.7758650906239841
1,M->N,1787402110.4224198,54.996990592975635,498.534,-0.8793487526814611,0.9201797933364172,1.7757025326219378
1,M->N,1787402110.5591395,55.13371048000408,498.634,-0.8832205954105719,0.938824815461791,1.775273510761368
1,M->N,1787402110.696304,55.27087509597186,498.834,-0.8870824716723256,0.9574732832340634,1.7745528829006465
1,M->N,1787402110.8356004,55.41017165000085,498.934,-0.8909294150843788,0.9761261219317707,1.773619946351351
1,M->N,1787402110.8495831,55.42417130799731,498.934,-0.8947572441226002,0.994783919390938,1.7723969946619322
1,M->N,1787402110.8603837,55.43495433102362,498.934,-0.8985600917803873,1.0134475068257138,1.7708505867574804
1,M->N,1787402110.9335737,55.50814495596569,498.934,-0.902332277318595,1.0321174947441332,1.7690338014745393
1,M->N,1787402111.071797,55.64636855601566,499.134,-0.9060678992869934,1.0507954278624556,1.7668511965750255
1,M->N,1787402111.2092795,55.7838504309766,499.234,-0.9097610724948423,1.069482245096883,1.7644463006715305
1,M->N,1787402111.347172,55.92174325801898,499.334,-0.9134077492702164,1.0881792199233995,1.761769172089284
1,M->N,1787402111.3603168,55.93488715100102,499.334,-0.9170024171273217,1.1068876035151212,1.7587914288493787
1,M->N,1787402111.3711948,55.945765444019344,499.334,-0.9205415259552617,1.1256060091247804,1.7562205097955694
1,M->N,1787402111.4434314,56.01800296100555,499.434,-0.9240493410582254,1.1443225576377893,1.7561894445872077
1,M->N,1787402111.458378,56.032948727020994,499.434,-0.9275642771691591,1.1630345394997006,1.7570695864711523
1,M->N,1787402111.5962186,56.170789661002345,499.534,-0.9310968786551267,1.1817432050191654,1.7580005717167055
1,M->N,1787402111.6719403,56.24651156598702,499.534,-0.934645802756528,1.200449327232822,1.7587511182303006
1,M->N,1787402111.8087933,56.38336411199998,499.634,-0.9382065937458485,1.219154082949433,1.7591033103981248
1,M->N,1787402111.9460392,56.52061050897464,499.834,-0.9417705430963671,1.237859070983761,1.7590261510208354
1,M->N,1787402111.959907,56.53447751898784,499.834,-0.9453306263794625,1.2565653882499592,1.7586105695201781
1,M->N,1787402111.9713264,56.5458968890016,499.834,-0.9488806479101902,1.275274485254245,1.7578224594464416
1,M->N,1787402112.1099033,56.68447496998124,499.934,-0.9524138412401907,1.2939880434256683,1.7566952802238993
1,M->N,1787402112.248935,56.82350584596861,500.034,-0.9559234093511305,1.3127078316247291,1.7551636403025146
1,M->N,1787402112.387727,56.96229820098961,500.134,-0.959401951004801,1.3314348237832319,1.753341855513007
1,M->N,1787402112.5265226,57.10109354299493,500.234,-0.9628451687424837,1.350169186130421,1.751336359216407
1,M->N,1787402112.5404227,57.114993372990284,500.334,-0.9662491640793234,1.368911922514584,1.749043056500671
1,M->N,1787402112.5573292,57.13189986802172,500.334,-0.9696086546629751,1.3876638499035256,1.7464869822783111
1,M->N,1787402112.5674963,57.142066711967345,500.334,-0.9729184419728913,1.4064258283477062,1.743653863722187
1,M->N,1787402112.7029214,57.277492696011905,500.434,-0.9761732342699191,1.4251979427875168,1.7405873047201272
1,M->N,1787402112.7806442,57.35521479800809,500.534,-0.9793691937304706,1.443979974366225,1.7373683373999897
1,M->N,1787402112.793094,57.36766448500566,500.534,-0.9825031782096546,1.46277242544386,1.7339320988213545
1,M->N,1787402112.9290547,57.50362582097296,500.634,-0.9855716222032421,1.4815759662653916,1.730357008377959
1,M->N,1787402113.0049741,57.579545103013515,500.634,-0.9885720596967876,1.5003913589997588,1.72663782663897
1,M->N,1787402113.1445122,57.719083244970534,500.734,-0.9915015773359952,1.5192188136118931,1.7227828648413523
1,M->N,1787402113.2822776,57.856849121977575,500.934,-0.9943576955433743,1.5380582321769396,1.7188071186704963
1,M->N,1787402113.2954936,57.87006437900709,500.934,-0.9971381901154067,1.556909505355811,1.7147194032949122
1,M->N,1787402113.306864,57.881434665003326,500.934,-0.999841030578554,1.5757726047131615,1.7105410271904746
1,M->N,1787402113.4422216,58.016792242997326,501.034,-1.0024645999962079,1.594647432748365,1.7062850875184956
1,M->N,1787402113.5793474,58.15391862700926,501.134,-1.0050075605456859,1.6135338606309426,1.7019629806283099
1,M->N,1787402113.71678,58.29135086998576,501.234,-1.007468307766344,1.6324310811777234,1.6975864571180048
1,M->N,1787402113.7939415,58.36851218302036,501.334,-1.0098459218254627,1.6513383417457663,1.6931681757940011
1,M->N,1787402113.8057945,58.38036520499736,501.334,-1.0121398027023016,1.6702554155499068,1.6887219936185107
1,M->N,1787402113.8163218,58.39089254802093,501.334,-1.0143494204057026,1.6891825445282034,1.684249003164258
1,M->N,1787402113.9519863,58.526557166012935,501.434,-1.01647421324133,1.708119851355423,1.6797448500645136
1,M->N,1787402114.0298414,58.60441223497037,501.534,-1.0185139070675655,1.727066862047486,1.675255885433366
1,M->N,1787402114.043274,58.617844766005874,501.534,-1.0204682662805382,1.7460231487632376,1.670763597353182
1,M->N,1787402114.1791306,58.75370143499458,501.634,-1.022337652739353,1.7649880814668832,1.6662845347764506
1,M->N,1787402114.3167207,58.8912919620052,501.734,-1.0241224921364935,1.7839612078134537,1.6618392341720858
1,M->N,1787402114.3921456,58.96671651897486,501.834,-1.0258231953266477,1.8029423052364006,1.657403955277387
1,M->N,1787402114.5283468,59.10291755601065,501.934,-1.027439926494582,1.8219306759420502,1.6530081887386079
1,M->N,1787402114.6663656,59.24093670002185,502.034,-1.0289734037246605,1.8409254138707787,1.648666923068982
1,M->N,1787402114.79835,59.372921137022786,502.134,-1.0304245293919214,1.859926053162325,1.6443533405066173
1,M->N,1787402114.9358792,59.510450536967255,502.234,-1.03179445420476,1.8789320661850055,1.6401347352171392
1,M->N,1787402114.950262,59.5248325879802,502.334,-1.0330845572362637,1.8979434765371321,1.6359647956919061
1,M->N,1787402114.9637492,59.53831973602064,502.334,-1.0342959614202865,1.9169598783381825,1.631890374908785
1,M->N,1787402114.9739864,59.54855678498279,502.334,-1.035430434491751,1.935980888921541,1.6278921005168936
1,M->N,1787402114.983583,59.55815343197901,502.334,-1.0364896351273258,1.955006210397333,1.6239746968023567
1,M->N,1787402115.0543935,59.62896457896568,502.334,-1.0374744879336686,1.9740357001167712,1.6201053286177372
1,M->N,1787402115.1921952,59.7667663419852,502.434,-1.0383862111990536,1.993068784170244,1.6163161013532599
1,M->N,1787402115.3297985,59.90436999796657,502.534,-1.0392268408909935,2.0121048575605367,1.6126336010277529
1,M->N,1787402115.4680638,60.04263473401079,502.634,-1.0399978527890976,2.031143466923803,1.609030810530565
1,M->N,1787402115.4832368,60.05780737200985,502.734,-1.040701021877984,2.0501839844957543,1.605558517273919
1,M->N,1787402115.6184072,60.1929785439861,502.734,-1.0413385023848862,2.0692262849030403,1.6021564948369231
1,M->N,1787402115.755864,60.33043465897208,502.934,-1.041912015604787,2.0882699931676965,1.598867204168745
1,M->N,1787402115.7695093,60.344079996983055,502.934,-1.0424240075325455,2.107314949222065,1.5956926779532747
1,M->N,1787402115.7813327,60.355903276999015,502.934,-1.0428760599824498,2.126361320475371,1.5925849539651777
1,M->N,1787402115.8542275,60.42879829200683,502.934,-1.0432694346801397,2.1454088501757647,1.589577432277223
1,M->N,1787402115.9927468,60.56731833901722,503.134,-1.0436060284812756,2.1644572828424633,1.5866795540051042
1,M->N,1787402116.0084474,60.58301813300932,503.134,-1.04388844637957,2.183506365440175,1.5839141263598837
1,M->N,1787402116.0832129,60.657784463022836,503.134,-1.04411914351098,2.202556112862021,1.5812088335769248
1,M->N,1787402116.1594734,60.73404411500087,503.234,-1.044298872305934,2.2216060754522196,1.5786096528663482
1,M->N,1787402116.2949553,60.86952675099019,503.334,-1.0444299693114012,2.2406556964915496,1.576163986963103
1,M->N,1787402116.4315479,61.00611877901247,503.434,-1.044515193328292,2.25970496108527,1.5738458752278257
1,M->N,1787402116.5698442,61.14441540802363,503.534,-1.0445570143533371,2.2787538553055273,1.5716163049770724
1,M->N,1787402116.5843458,61.15891656698659,503.634,-1.0445570163560531,2.2978024486707525,1.5694439055246105
1,M->N,1787402116.5963259,61.17089640599443,503.634,-1.0445167698496711,2.316850493841467,1.56741451164637
1,M->N,1787402116.6691413,61.24371240398614,503.634,-1.0444384281750905,2.3358980910879152,1.565472578417663
1,M->N,1787402116.805342,61.37991322000744,503.734,-1.044323438003224,2.354945311389113,1.56360958125573
1,M->N,1787402116.9440284,61.518600290000904,503.834,-1.044173403422179,2.3739921746320602,1.5618398935600881
1,M->N,1787402117.084296,61.658867018006276,504.034,-1.0439909629180433,2.39303851031432,1.560203662639286
1,M->N,1787402117.0969636,61.67153439600952,504.034,-1.043778572591663,2.412084359451468,1.5587176624925785
1,M->N,1787402117.1077304,61.68230087100528,504.034,-1.0435382647079208,2.4311296281199444,1.5572946049842062
1,M->N,1787402117.1804416,61.755012594978325,504.034,-1.0432712135687467,2.4501739277997054,1.5559705516592786
1,M->N,1787402117.194366,61.768936630978715,504.134,-1.0429799678081628,2.469217226445102,1.554764468937454
1,M->N,1787402117.3313782,61.905948946019635,504.234,-1.042666348056852,2.488259762314458,1.5536297349193784
1,M->N,1787402117.469124,62.04369568696711,504.334,-1.0423319518536305,2.5073016329190505,1.5525839907505252
1,M->N,1787402117.4821732,62.056744111992884,504.334,-1.0419780992882848,2.526342859925707,1.551615681869929
1,M->N,1787402117.6192656,62.19383747497341,504.434,-1.0416062580330918,2.5453833418442207,1.550734648895767
1,M->N,1787402117.7590163,62.3335870889714,504.534,-1.0412181515160905,2.56442336137217,1.549922030255969
1,M->N,1787402117.8352325,62.40980333799962,504.634,-1.0408151628115863,2.5834630214790697,1.5492004447313956
1,M->N,1787402117.847056,62.42162673600251,504.634,-1.0403992679774494,2.6025024185046957,1.5485692563528408
1,M->N,1787402117.9194484,62.49401924200356,504.634,-1.0399718918065004,2.6215414210576355,1.5480077106681989
1,M->N,1787402118.058712,62.6332829699968,504.734,-1.0395343951594083,2.640579703443825,1.547536847747492
1,M->N,1787402118.19613,62.77070159401046,504.934,-1.0390883714841574,2.6596172772721243,1.547132602690449
1,M->N,1787402118.2100575,62.78462807799224,504.934,-1.0386352528046827,2.6786543590139527,1.5468135919165487
1,M->N,1787402118.221021,62.79559132800205,504.934,-1.0381764958870796,2.697691138627894,1.5465549214099132
1,M->N,1787402118.3572726,62.93184332898818,505.034,-1.037713173536931,2.7167276085176426,1.5463319401789495
1,M->N,1787402118.4938853,63.068456110020634,505.134,-1.0372462733486365,2.7357634885115725,1.5461907659836227
1,M->N,1787402118.6322758,63.20684725098545,505.234,-1.036776958318644,2.7547990334009858,1.5460996335793866
1,M->N,1787402118.7712488,63.345819514011964,505.334,-1.0363061461063865,2.7738344009446374,1.546060406354026
1,M->N,1787402118.9085753,63.48314615502022,505.434,-1.0358350662384075,2.7928699942864372,1.5460796022606584
1,M->N,1787402118.9224486,63.49701929098228,505.534,-1.0353646847692841,2.8119058309913405,1.546136990618671
1,M->N,1787402118.9340427,63.50861335598165,505.534,-1.0348958693130246,2.830941569882506,1.5462572378986335
1,M->N,1787402118.9447117,63.519282029999886,505.534,-1.0344296915029598,2.8499770283021038,1.5464160127528772
1,M->N,1787402119.0153072,63.58987818402238,505.534,-1.0339666058575696,2.869012182599662,1.5466068534298727
1,M->N,1787402119.0306513,63.60522211401258,505.634,-1.0335074643818667,2.8880471710930538,1.5468444490550532
1,M->N,1787402119.1669762,63.74154710199218,505.734,-1.0330531993228727,2.907082138866306,1.5471225204412677
1,M->N,1787402119.3017833,63.87635384197347,505.834,-1.0326045713209309,2.926117087730886,1.5474376984894225
1,M->N,1787402119.309368,63.883938329003286,505.834,-1.0321622398641568,2.9451519023675448,1.5477839565984517
1,M->N,1787402119.4447043,64.01927611301653,505.934,-1.0317265931918418,2.9641865276738213,1.5481605396518952
1,M->N,1787402119.58252,64.15709101600805,506.034,-1.0312982007107967,2.98322153556882,1.5485564866346009
1,M->N,1787402119.6583662,64.23293689300772,506.134,-1.0308774838210848,3.002257017658132,1.5489754176359372
1,M->N,1787402119.7338443,64.30841459601652,506.234,-1.0304649601381874,3.021292897246264,1.5494150086985947
1,M->N,1787402119.8086085,64.38318039797014,506.234,-1.030061092472628,3.0403289136101765,1.5498697887388897
1,M->N,1787402119.822693,64.39726418600185,506.234,-1.0296659820152396,3.0593648940777736,1.5503384846484547
1,M->N,1787402119.959654,64.53422508598305,506.334,-1.029279585025028,3.078400809788076,1.5508168413715782
1,M->N,1787402120.037268,64.61183857201831,506.434,-1.0289022547537592,3.0974367723840452,1.5512993394288308
1,M->N,1787402120.0486922,64.62326271797065,506.434,-1.0285343680271348,3.116472817382593,1.5517804753871716
1,M->N,1787402120.184978,64.75954894296592,506.534,-1.0281756379515343,3.135509051410392,1.5522501165370233
1,M->N,1787402120.3241427,64.8987146409927,506.634,-1.0278256576779783,3.154545415852847,1.5526962628600343
1,M->N,1787402120.4623477,65.03691958100535,506.734,-1.0274838155377253,3.1735819081956667,1.5531150613827167
1,M->N,1787402120.536897,65.1114676319994,506.834,-1.027149713045157,3.192618851142956,1.5534972376660465
1,M->N,1787402120.5473793,65.12194960401393,506.834,-1.0268225981993842,3.211656517974326,1.553817797001915
1,M->N,1787402120.620072,65.19464283098932,506.934,-1.0265011343583943,3.230694792334957,1.554065153493809
1,M->N,1787402120.7533011,65.3278720859671,507.034,-1.026183671995594,3.2497333930068875,1.5542266200607955
1,M->N,1787402120.7626963,65.33726662700064,507.034,-1.0258679902152126,3.268772478341066,1.5542017622793578
1,M->N,1787402120.8331287,65.40769968996756,507.034,-1.0255509266330674,3.2878118747588534,1.5540286088983803
1,M->N,1787402120.9701586,65.54472979501588,507.134,-1.0252290274006324,3.3068518844276853,1.5536168155933985
1,M->N,1787402121.1101675,65.68473899801029,507.334,-1.0248964578371456,3.3258928904231952,1.5528423649129324
1,M->N,1787402121.1243346,65.69890495296568,507.334,-1.0245474082710047,3.344934427250958,1.551806786764892
1,M->N,1787402121.1364148,65.71098527201684,507.334,-1.0241763833714264,3.3639764512076504,1.5503954929288803
1,M->N,1787402121.2738035,65.84837465401506,507.434,-1.023775637068918,3.383019251721525,1.5486363355700234
1,M->N,1787402121.4137602,65.98833114799345,507.534,-1.0233393825433297,3.402062464062106,1.546635830281642
1,M->N,1787402121.4889376,66.06350837199716,507.634,-1.0228631786862126,3.421105924758643,1.5443821336752215
1,M->N,1787402121.502339,66.07690921600442,507.634,-1.0223431678441361,3.4401488499714334,1.5419866530368396
1,M->N,1787402121.5758672,66.15043797000544,507.634,-1.0217768480652607,3.4591906713029146,1.5394842630057615
1,M->N,1787402121.7130396,66.28761060599936,507.834,-1.0211622859438774,3.4782308941921327,1.5369176920729968
1,M->N,1787402121.8503668,66.42493760900106,507.934,-1.0204984827611148,3.4972695605054738,1.53431955325293
1,M->N,1787402121.8641248,66.43869528901996,507.934,-1.0197852425026597,3.516306520817165,1.5317458643142012
1,M->N,1787402121.875241,66.4498113860027,507.934,-1.0190232264211454,3.535341594406066,1.5291857675165736
1,M->N,1787402122.0117893,66.58636044798186,508.034,-1.018212837682246,3.5543743698936088,1.5266594047917752
1,M->N,1787402122.090119,66.6646895359736,508.134,-1.0173545796324468,3.5734046054091775,1.524177152304675
1,M->N,1787402122.1016622,66.676232532016,508.134,-1.0164493083295565,3.5924324171562385,1.5217315275201595
1,M->N,1787402122.239254,66.81382557901088,508.234,-1.0154979230666392,3.6114581809915647,1.5193166921108485
1,M->N,1787402122.3164485,66.89102011796786,508.334,-1.0145006223932094,3.6304819507822117,1.5169035768207078
1,M->N,1787402122.4534762,67.02804782701423,508.434,-1.0134570383055708,3.6495036216440666,1.514455720701321
1,M->N,1787402122.5294573,67.10402851196704,508.534,-1.0123661774106225,3.668522851094491,1.5119127371576473
1,M->N,1787402122.6033475,67.17791898502037,508.534,-1.0112258637511435,3.6875394891234197,1.5091762255144061
1,M->N,1787402122.6791875,67.25375893601449,508.534,-1.0100325178455298,3.7065531982306728,1.506282388580214
1,M->N,1787402122.8176312,67.39220210898202,508.734,-1.0087832488902146,3.725563684183115,1.5032692869258097
1,M->N,1787402122.9569929,67.53156353498343,508.834,-1.0074751671961948,3.744570934365918,1.500063696768348
1,M->N,1787402123.0345483,67.60911887901602,508.934,-1.0061054335494293,3.7635742400533285,1.496759710192049
1,M->N,1787402123.046908,67.62147847900633,508.934,-1.004672458315013,3.78257293363832,1.493408371530219
1,M->N,1787402123.0577292,67.63229970098473,508.934,-1.0031756246493784,3.801566721720038,1.4900466804928372
1,M->N,1787402123.129846,67.70441689499421,508.934,-1.0016153635868965,3.820555306479437,1.4867434824965613
1,M->N,1787402123.2669137,67.84148433501832,509.034,-0.9999933095256655,3.839538410689392,1.4835761731899442
1,M->N,1787402123.4039655,67.97853638097877,509.134,-0.9983117020294997,3.8585161473170198,1.4804876194027177
1,M->N,1787402123.4801996,68.05477103299927,509.334,-0.9965726719130358,3.8774880411013792,1.477562522166732
1,M->N,1787402123.493431,68.06800185597967,509.334,-0.9947796527974395,3.8964542130246067,1.4748314865263954
1,M->N,1787402123.5685065,68.1430770829902,509.334,-0.9929355917330283,3.9154150258454243,1.472211700220064
1,M->N,1787402123.6408594,68.21543038397795,509.334,-0.9910432762278993,3.9343705507461673,1.4697677585186988
1,M->N,1787402123.7751343,68.3497053559986,509.434,-0.9891056476985548,3.953321046389054,1.4674719012331618
1,M->N,1787402123.9137704,68.48834124201676,509.634,-0.9871254068620051,3.972266523815479,1.4653050330295214
1,M->N,1787402124.0495698,68.62414025398903,509.734,-0.9851046974423734,3.991207394558258,1.4631895907889956
1,M->N,1787402124.0586085,68.63317903899588,509.734,-0.9830441929810989,4.01014404282458,1.4610808965140112
1,M->N,1787402124.0661862,68.640756444016,509.734,-0.9809431528817052,4.029076653548076,1.4588987565022242
1,M->N,1787402124.1358888,68.71045999898342,509.734,-0.9788001676283088,4.0480048472144095,1.4566346972950481
1,M->N,1787402124.2723196,68.84689032397,509.834,-0.9766133918492562,4.06692847577001,1.454238035296656
1,M->N,1787402124.4135766,68.98814778600354,509.934,-0.974380589336841,4.085846927370884,1.4517362954719344
1,M->N,1787402124.5509245,69.12549566099187,510.134,-0.972099717481317,4.104759962994513,1.4491327881219231
1,M->N,1787402124.564956,69.13952666998375,510.134,-0.9697689272078674,4.123667228452155,1.446454680202131
1,M->N,1787402124.577701,69.15227173198946,510.134,-0.9673871597933055,4.142568297057631,1.4437341265749637
1,M->N,1787402124.6505089,69.22508115298115,510.134,-0.9649538485464496,4.161462900763407,1.4409926509599238
1,M->N,1787402124.7878473,69.36241837398848,510.234,-0.9624686549233696,4.1803507432244125,1.4382487058237057
1,M->N,1787402124.9230406,69.49761219299398,510.434,-0.9599316277207585,4.199231601433944,1.435508124171932
1,M->N,1787402125.0642512,69.6388222349924,510.534,-0.9573427683914758,4.218105484811062,1.4327230568137195
1,M->N,1787402125.14046,69.71503066201694,510.634,-0.9547007324361987,4.236972313901733,1.4298330239829078
1,M->N,1787402125.151671,69.7262416749727,510.634,-0.9520029424073362,4.25583173347125,1.4268017365885988
1,M->N,1787402125.1617126,69.73628314200323,510.634,-0.949246468432902,4.274683480809038,1.4235292496954226
1,M->N,1787402125.2330515,69.80762272700667,510.634,-0.9464251628163385,4.293527049492537,1.4198227426630399
1,M->N,1787402125.3704576,69.94502903701505,510.734,-0.9436997781470252,4.311275828832931,1.4158613971351606
1,M->N,1787402125.3831959,69.9577665689867,510.834,-0.9412678000948898,4.326707567345241,1.4120312804037385
1,M->N,1787402125.4560819,70.03065284097102,510.834,-0.9387763943945189,4.342109098523454,1.4075439112395598
1,M->N,1787402125.59343,70.16800106101437,510.934,-0.9362130834156484,4.357499328409963,1.40258993193568
1,M->N,1787402125.671911,70.24648166401312,511.034,-0.9335692638732178,4.372878413498806,1.3969523417829335
1,M->N,1787402125.7463312,70.3209030230064,511.034,-0.9308356215601702,4.388244002067539,1.3908253048879125
1,M->N,1787402125.8850317,70.45960356999421,511.134,-0.9280049438827237,4.403593981786547,1.3841801078579035
1,M->N,1787402125.8999224,70.47449323697947,511.234,-0.925069265822045,4.418925615098702,1.3770956258545273
1,M->N,1787402125.9729612,70.54753239802085,511.234,-0.9220218692366431,4.434236349085431,1.3694951948947112
1,M->N,1787402126.0503008,70.62487161997706,511.334,-0.9188555113298673,4.449523812349985,1.3614086012929543
1,M->N,1787402126.1868892,70.76146068400703,511.434,-0.9155626939595788,4.464785642937842,1.3528551093413372
1,M->N,1787402126.3248003,70.89937155501684,511.534,-0.9121359582401789,4.480019725002649,1.343762045392456
1,M->N,1787402126.4017067,70.97627749299863,511.634,-0.908567585281816,4.495223161959041,1.3341610361853466
1,M->N,1787402126.4769063,71.05147691600723,511.734,-0.9048500757050868,4.51039258414401,1.3240721461509415
1,M->N,1787402126.5515459,71.12611726799514,511.734,-0.9009767777316122,4.525524112031566,1.313533166957835
1,M->N,1787402126.5646265,71.13919713097857,511.734,-0.8978299772829994,4.537345225694042,1.3056952462333906
1,M->N,1787402126.76971,71.34428173000924,511.934,-0.8948005057928087,4.548389912307704,1.2998302250809413
1,M->N,1787402126.9750628,71.54963418800617,512.034,-0.8909053819884208,4.562364457807217,1.2986517304728777
1,M->N,1787402127.1148877,71.68945895897923,512.134,-0.8871900042511377,4.575686756802826,1.2989770644538716
1,M->N,1787402127.1288092,71.70337975397706,512.234,-0.8834584148388049,4.589051465537344,1.2973871438276028
1,M->N,1787402127.1411123,71.71568292396842,512.234,-0.879697427132297,4.6024138032311415,1.2946086502990952
1,M->N,1787402127.1517682,71.72633874398889,512.234,-0.8758948804622118,4.615766010041638,1.2910890597267615
1,M->N,1787402127.2874997,71.86207080300665,512.334,-0.8720421520617988,4.629103750878865,1.286889135137742
1,M->N,1787402127.4255238,72.00009571400005,512.434,-0.8681296384969466,4.642424884043289,1.2818658696575271
1,M->N,1787402127.5623105,72.13688203401398,512.534,-0.8641455070391754,4.655726542636921,1.2760715490186332
1,M->N,1787402127.7000465,72.27461843797937,512.634,-0.8600811046357305,4.669006123209165,1.2697857535637043
1,M->N,1787402127.777995,72.3525656380225,512.734,-0.8559289048811375,4.682261571460595,1.2628208018840952
1,M->N,1787402127.7919426,72.36651334096678,512.734,-0.8516812933862932,4.695488958271334,1.2552260643697717
1,M->N,1787402127.8037882,72.37835890898714,512.734,-0.8473298520943431,4.708684305924849,1.2470188400265272
1,M->N,1787402127.8764656,72.45103667199146,512.734,-0.8434230445182812,4.720248178802803,1.2418845681655177
1,M->N,1787402128.0139174,72.58848840597784,512.834,-0.8394624804053794,4.731760435182389,1.2348039399316175
1,M->N,1787402128.1534958,72.72806656098692,512.934,-0.8354111133595622,4.74324492475669,1.2260541988188778
1,M->N,1787402128.2910404,72.86561146896565,513.134,-0.8316399088876637,4.75365132386695,1.2181644191336412
1,M->N,1787402128.3729486,72.94751979596913,513.234,-0.8276366958178774,4.7644885243220925,1.2149523495581267
1,M->N,1787402128.3846323,72.95920330000808,513.234,-0.8237929346089055,4.774762913183047,1.208997111465161
1,M->N,1787402128.3943882,72.96895875700284,513.234,-0.8194473028983554,4.7861360583314,1.1999265385829845
1,M->N,1787402128.4656847,73.04025591700338,513.234,-0.8149867594360655,4.797475521420778,1.1890975058307096
1,M->N,1787402128.6040978,73.17866931599565,513.334,-0.8108369738942718,4.8077008448603635,1.1778284289164422
1,M->N,1787402128.7488291,73.3233997420175,513.534,-0.8047391604759344,4.822198482919276,1.1675611566859316
1,M->N,1787402128.8857415,73.4603125610156,513.534,-0.7999288425863476,4.833381813053137,1.1589333301914664
1,M->N,1787402129.0914676,73.66603853699053,513.734,-0.7946253589508298,4.845363609690832,1.1480157218831908
1,M->N,1787402129.230089,73.80466056498699,513.834,-0.7904777709965187,4.85454324307027,1.1434976075032028
1,M->N,1787402129.3678727,73.94244368397631,513.934,-0.7861354734049275,4.864007106405024,1.1350862826424721
1,M->N,1787402129.5047061,74.07927728898358,514.034,-0.7816708934284218,4.873497628500047,1.1240256435182427
1,M->N,1787402129.5180478,74.09261829999741,514.134,-0.777063821533589,4.883005116750807,1.111864206027086
1,M->N,1787402129.5388718,74.11344260600163,514.134,-0.7715272251276981,4.89403574762859,1.0945567994246341
1,M->N,1787402130.6590507,75.23362128599547,515.034,-0.7659280009129222,4.904012528618751,1.0468188201039705
1,M->N,1787402130.8636699,75.43824119697092,515.234,-0.7579698002903319,4.9176773112091885,1.0375636263024515
1,M->N,1787402131.0017588,75.57633038400672,515.334,-0.7519979842933345,4.927703625762965,1.0269208192106916
1,M->N,1787402131.0790837,75.65365438698791,515.434,-0.7459116596877118,4.937666331689978,1.0149247597592757
1,M->N,1787402131.0923285,75.6668988079764,515.434,-0.7397032189831835,4.947554327843422,1.0024323386309402
1,M->N,1787402131.1032424,75.67781309800921,515.434,-0.7341822666776177,4.956114451935931,0.9909846544994791
1,M->N,1787402131.2416549,75.81622579798568,515.534,-0.7280732736306927,4.9653609837638735,0.9807376676789075
1,M->N,1787402131.3776438,75.95221488596871,515.634,-0.721849471875661,4.974569682214354,0.969540162034369
1,M->N,1787402131.5152216,76.08979270700365,515.734,-0.7155194960983821,4.983707728709269,0.9577858723827583
1,M->N,1787402131.591247,76.16581768501783,515.834,-0.7090813779098198,4.99277025919812,0.9458948467279318
1,M->N,1787402131.6032152,76.17778564500622,515.834,-0.7025361718300208,5.001755083794014,0.9340454359294027
1,M->N,1787402131.6141953,76.18876577698393,515.834,-0.6958860117935765,5.010661338505588,0.9222994012906374
1,M->N,1787402131.7498913,76.32446272100788,515.934,-0.6887985662393201,5.019938752657354,0.9129213676344681
1,M->N,1787402131.888151,76.46272207499715,516.034,-0.6819755395612176,5.0287061658519985,0.9038883589270256
1,M->N,1787402132.0279968,76.60256771597778,516.134,-0.6750666763990537,5.0374082872734744,0.8934578032601537
1,M->N,1787402132.0462325,76.62080345500726,516.234,-0.6680656284548734,5.046036990058141,0.8826061957083321
1,M->N,1787402132.0634487,76.63801920798142,516.234,-0.6609711882575812,5.054588802288769,0.8716789440025502
1,M->N,1787402132.0800557,76.65462612098781,516.234,-0.6533470663171109,5.063576138945503,0.8615383469242354
1,M->N,1787402132.2163181,76.79088908998528,516.334,-0.6451492142844556,5.073055647119038,0.8520914827171706
1,M->N,1787402132.3565211,76.93109262001235,516.434,-0.6368542608092321,5.082456201730867,0.8414185502425657
1,M->N,1787402132.4313421,77.0059126719716,516.534,-0.6290405764269844,5.091135889504536,0.8329007956975175
1,M->N,1787402132.568237,77.14280809700722,516.534,-0.6211620508788591,5.099738371012692,0.8237551264921814
1,M->N,1787402132.5828311,77.15740183502203,516.634,-0.6132017231500566,5.108266455805492,0.814068697877423
1,M->N,1787402132.594464,77.16903453599662,516.634,-0.6051584462177804,5.1167165666247545,0.8043261978229036
1,M->N,1787402132.729446,77.30401710298611,516.734,-0.596531661371181,5.125605487632107,0.7955423784355196
1,M->N,1787402132.8675013,77.44207326299511,516.834,-0.5872623739944478,5.135007910686917,0.7878071998690575
1,M->N,1787402132.880659,77.45522975397762,516.834,-0.5781200447456553,5.144130190958966,0.7796182554722393
1,M->N,1787402133.0171907,77.59176174399909,516.934,-0.5691178691718407,5.15297879239424,0.7725747803103878
1,M->N,1787402133.1532393,77.72781011898769,517.034,-0.5600467404305846,5.161760372881511,0.7642168176962257
1,M->N,1787402133.2907982,77.86536922497908,517.134,-0.5503244087115232,5.17101293190081,0.7563857492649539
1,M->N,1787402133.4286797,78.00325075502042,517.234,-0.5398710462762503,5.180823015838151,0.7494073123363183
1,M->N,1787402133.5665672,78.14113811997231,517.334,-0.5293376494556195,5.190556207880574,0.7409050762308597
1,M->N,1787402133.5801122,78.1546825109981,517.434,-0.5188390235928239,5.20008918611616,0.7320129555148829
1,M->N,1787402133.5914114,78.1659819619963,517.434,-0.5083904372589009,5.2094095214498175,0.7233391772565945
1,M->N,1787402133.60189,78.17646052700002,517.434,-0.4969297102078926,5.219457615273267,0.7158388005813697
1,M->N,1787402133.6734505,78.24802143301349,517.434,-0.48273182358309896,5.231758704026106,0.7113284369038343
1,M->N,1787402133.6872232,78.26179409096949,517.534,-0.470400507878327,5.242333035680362,0.7048230704385757
1,M->N,1787402133.824581,78.39915222697891,517.534,-0.45848076514723807,5.252406730412937,0.6972159047840278
1,M->N,1787402133.9655254,78.54009659198346,517.734,-0.44648615081347703,5.262388488399912,0.6896493021755128
1,M->N,1787402133.9825375,78.55710798298242,517.734,-0.43226284992033814,5.274039055338313,0.6816630485732851
1,M->N,1787402134.1199949,78.69456631701905,517.834,-0.4174225028405633,5.285996017376888,0.6734650061912425
1,M->N,1787402134.196301,78.77087168901926,517.934,-0.4024845544221329,5.297834246026033,0.6656441713452159
1,M->N,1787402134.209294,78.78386462497292,517.934,-0.3874576727401899,5.309558709122901,0.6584061540240282
1,M->N,1787402134.3481076,78.92267826100579,518.034,-0.3723505168136352,5.321177345822827,0.6518087936904305
1,M->N,1787402134.484702,79.0592733079684,518.134,-0.35717217223466574,5.332699497397189,0.6459323992325405
1,M->N,1787402134.6214983,79.19606952700997,518.234,-0.3419299509869428,5.34413436381728,0.6405716788160506
1,M->N,1787402134.7593024,79.33387323701754,518.334,-0.32663023309758066,5.355489914187483,0.6357612440314139
1,M->N,1787402134.8363464,79.41091722500278,518.434,-0.3112804057944096,5.366775211679763,0.6315483782257267
1,M->N,1787402134.852218,79.42678849899676,518.434,-0.2958862784960437,5.377998094289112,0.6278045956301803
1,M->N,1787402134.8662517,79.44082228600746,518.434,-0.28045345351476997,5.38916538373535,0.6245216832073389
1,M->N,1787402134.940284,79.5148550089798,518.434,-0.26498719536265997,5.400284021803931,0.6217117332725411
1,M->N,1787402134.9545133,79.52908403798938,518.534,-0.24949272894075938,5.4113614505546135,0.6193414336195155
1,M->N,1787402135.0917606,79.66633236897178,518.634,-0.23397479045404904,5.4224049799762,0.6174248597203521
1,M->N,1787402135.1678624,79.7424334710231,518.634,-0.21843771855365005,5.4334211340004,0.6158924878809509
1,M->N,1787402135.3080068,79.882577907003,518.734,-0.20288528364700323,5.44441508787367,0.6146426443835762
1,M->N,1787402135.445376,80.01994716702029,518.834,-0.18732004700540258,5.4553903662191665,0.6135684142298194
1,M->N,1787402135.5818737,80.15644444100326,518.934,-0.17174534420602514,5.466350759565514,0.6128131834223656
1,M->N,1787402135.7213726,80.29594384296797,519.034,-0.15616415961984303,5.47730044334542,0.6122710280678952
1,M->N,1787402135.7360694,80.31064064399106,519.134,-0.14057866663531765,5.488242239135013,0.6119340567028125
1,M->N,1787402135.7476916,80.32226206199266,519.134,-0.1249910045421001,5.499179439609224,0.6117714602217162
1,M->N,1787402135.8208158,80.39538672496565,519.134,-0.10940288939077522,5.510114788887164,0.6117489928866011
1,M->N,1787402135.9583592,80.53293030196801,519.234,-0.09381518886899973,5.52105034301518,0.6118166864512017
1,M->N,1787402136.0340471,80.60861772601493,519.434,-0.07822825984872206,5.531987370985055,0.611928741869693
1,M->N,1787402136.1081614,80.68273263401352,519.434,-0.06264234453921166,5.542926669918001,0.6120795808458306
1,M->N,1787402136.2444012,80.81897230399773,519.534,-0.04705763968767678,5.553868570010185,0.6122401013550752
1,M->N,1787402136.2629855,80.83755586197367,519.534,-0.031474086292469894,5.564812968299741,0.6123247547455581
1,M->N,1787402136.3365867,80.91115802997956,519.534,-0.015891079863578877,5.57575840188133,0.612342932634136
1,M->N,1787402136.474309,81.04888016800396,519.734,-0.00030788698910918025,5.5867034192095355,0.6122510467579935
1,M->N,1787402136.5509834,81.12555390998023,519.834,0.015277370727919898,5.597645745769442,0.6119504200894798
1,M->N,1787402136.6246753,81.19924627401633,519.834,0.030866934467646667,5.608582208594572,0.6114767423983414
1,M->N,1787402136.6387446,81.21331520297099,519.834,0.04646254568415215,5.61951020703604,0.6108090417408337
1,M->N,1787402136.7759001,81.35047093901085,519.934,0.06206667835883276,5.630426469183202,0.6098991983532429
1,M->N,1787402136.9132235,81.48779433098389,520.034,0.07768262024329467,5.641326899128072,0.6086911710902022
1,M->N,1787402137.052192,81.62676310702227,520.134,0.09331386965797826,5.652207077968102,0.6071644700292412
1,M->N,1787402137.1895733,81.76414420397487,520.234,0.10896447258103402,5.6630618645910085,0.6052837062242342
1,M->N,1787402137.3288589,81.90342975698877,520.334,0.12463866257783836,5.673885429583253,0.6029966900698471
1,M->N,1787402137.343658,81.91822843399132,520.434,0.1403406868051188,5.6846712730089894,0.600253507436253
1,M->N,1787402137.3555157,81.93008605198702,520.434,0.15607597854827218,5.695410845116574,0.5969541956896436
1,M->N,1787402137.3654091,81.9399795049685,520.434,0.17184904277947266,5.706095949186337,0.5932348429070105
1,M->N,1787402137.4372785,82.0118493369664,520.434,0.18766413707148277,5.716720021717724,0.589061142412708
1,M->N,1787402137.5744157,82.14898678497411,520.534,0.20352632921395086,5.7272750885457695,0.5844084732732302
1,M->N,1787402137.7111135,82.28568460600218,520.634,0.21944108988780658,5.737752753329185,0.5791219219326081
1,M->N,1787402137.8494754,82.42404659400927,520.734,0.23541345264934221,5.7481434774032465,0.5734246882711898
1,M->N,1787402137.9847116,82.55928288097493,520.834,0.25144751045948777,5.758440697457724,0.5672211905220843
1,M->N,1787402138.1227543,82.69732570199994,520.934,0.26755000851212246,5.768634798213334,0.5603395694128618
1,M->N,1787402138.1361184,82.71068893600022,521.034,0.2837256505168125,5.778716227001241,0.5530981826566738
1,M->N,1787402138.1470215,82.72159221197944,521.034,0.2999777539454783,5.788678153038581,0.5453677002114193
1,M->N,1787402138.1577551,82.73232607601676,521.034,0.3163099522028326,5.798511464056202,0.5371321950581771
1,M->N,1787402138.2290673,82.80363890097942,521.034,0.332724354791382,5.8082081021199725,0.5285638677426774
1,M->N,1787402138.2431033,82.81767393398331,521.134,0.3492231052024081,5.81776163733729,0.5196303776869713
1,M->N,1787402138.3821545,82.95672584697604,521.134,0.36580899328237243,5.8271648809330046,0.5102670174074518
1,M->N,1787402138.5192773,83.09384889400098,521.334,0.38248470721460215,5.836409675197635,0.5004639358751467
1,M->N,1787402138.6563137,83.23088533600094,521.434,0.3992518275136262,5.8454885058031225,0.49035818469203657
1,M->N,1787402138.7934308,83.36800154298544,521.534,0.41611085449396784,5.85439594499638,0.4799915147839457
1,M->N,1787402138.8698764,83.44444748398382,521.634,0.43306285022827995,5.86312669809727,0.4693991486329901
1,M->N,1787402138.8819082,83.4564787009731,521.634,0.45010812711828596,5.871677191402534,0.4586322399157187
1,M->N,1787402138.8927863,83.4673569049919,521.634,0.46724726102494935,5.880042911415439,0.44758663779908864
1,M->N,1787402138.9645443,83.53911577299004,521.634,0.4844804801484208,5.888217825732938,0.4362540470543271
1,M->N,1787402139.1022577,83.67682876699837,521.734,0.5018075551282777,5.896195484951029,0.4246399133368297
1,M->N,1787402139.2351327,83.80970460601384,521.834,0.5192274076555766,5.903970098918768,0.4128216011241173
1,M->N,1787402139.373837,83.94840818399098,522.034,0.5367388797550592,5.911536955059564,0.4007832728168237
1,M->N,1787402139.3896773,83.96424797701184,522.034,0.5543405365602451,5.918891695091459,0.38860222227613034
1,M->N,1787402139.4006128,83.97518346301513,522.034,0.5720309119055923,5.926030709767267,0.3762526921958411
1,M->N,1787402139.4729135,84.04748566896887,522.034,0.5898087396313326,5.932949563474374,0.3637176027595182
1,M->N,1787402139.610653,84.18522403598763,522.134,0.607672533825309,5.939644558658842,0.3510610985367114
1,M->N,1787402139.7482212,84.3227920460049,522.334,0.6256211820965386,5.9461123458921525,0.3382249383147069
1,M->N,1787402139.8869143,84.46148546098266,522.434,0.6436534421577955,5.952348650272358,0.3252036670757369
1,M->N,1787402140.0241942,84.5987664120039,522.534,0.6617674546601611,5.958349091356355,0.31196081750454946
1,M->N,1787402140.099538,84.67410871601896,522.634,0.6799611851938397,5.964108317181977,0.29853245761398023
1,M->N,1787402140.1112838,84.68585406796774,522.634,0.6982323303874788,5.969622032600902,0.2849058061405411
1,M->N,1787402140.1224418,84.69701278099092,522.634,0.7165784383135584,5.9748853199730805,0.27106417127168925
1,M->N,1787402140.1316478,84.70621864200803,522.634,0.7349967533849103,5.979892965803584,0.25697290020268243
1,M->N,1787402140.2070193,84.78159073198913,522.734,0.753484953227369,5.984638738516052,0.24255109475111278
1,M->N,1787402140.2825012,84.85707244300283,522.734,0.772040445278622,5.989115797353733,0.22785906416531065
1,M->N,1787402140.4232433,84.99781433696626,522.834,0.7906607818588689,5.99331884117779,0.21290501176077747
1,M->N,1787402140.5025804,85.07715123001253,522.934,0.8093439731255078,5.99724162539763,0.19765065877289054
1,M->N,1787402140.5786784,85.15324975998374,522.934,0.8280874099887536,6.000876916403341,0.1820333132633168
1,M->N,1787402140.7195704,85.29414132999955,523.034,0.8468873793610987,6.004217310279221,0.1660959263991132
1,M->N,1787402140.8594615,85.43403280101484,523.234,0.8657402874547757,6.007255814738216,0.1497788662927086
1,M->N,1787402140.9376366,85.51220851100516,523.234,0.8846427676974651,6.009983872042041,0.1330104573174036
1,M->N,1787402140.9499338,85.52450449601747,523.334,0.9035901473576157,6.012393271463123,0.11594539051796954
1,M->N,1787402141.0874567,85.6620282260119,523.334,0.9225776579276713,6.014477390951059,0.09852712630517231
1,M->N,1787402141.2255766,85.80014835699694,523.434,0.9415999800148285,6.0162284101343175,0.0807310971775559
1,M->N,1787402141.2400525,85.81462298997212,523.534,0.9606517966072101,6.017638494983781,0.06259720046359357
1,M->N,1787402141.2517118,85.82628252898576,523.534,0.9797275621707544,6.018700773117462,0.04409290361595562
1,M->N,1787402141.3241844,85.89875509199919,523.534,0.9988212683687686,6.019407900868589,0.025216525326321227
1,M->N,1787402141.4634326,86.03800396597944,523.634,1.0179262902612953,6.019752650631532,0.005998386397885942
1,M->N,1787402141.6040752,86.17864714202005,523.834,1.0370352979208124,6.019728930329283,-0.013508438757226309
1,M->N,1787402141.6184986,86.1930695049814,523.834,1.056141105133153,6.01933046397239,-0.03331478202847914
1,M->N,1787402141.691975,86.26654619298643,523.834,1.0718943214814882,6.018713687175736,-0.04871236561513611
1,M->N,1787402141.8285954,86.40316617797362,523.934,1.0855570123016385,6.01797212550984,-0.06543419598689079
1,M->N,1787402141.965135,86.53970657399623,524.034,1.0993223990621468,6.016954326592997,-0.0888924144867866
1,M->N,1787402142.04007,86.61464104498737,524.134,1.1133737946347542,6.015574842543623,-0.11389312205784916
1,M->N,1787402142.1196554,86.69422621600097,524.234,1.1277293446125385,6.0137972288419155,-0.13948309883829318
1,M->N,1787402142.136041,86.71061152801849,524.234,1.1423238961687707,6.011608660083637,-0.16539400264049992
1,M->N,1787402142.20962,86.78419123997446,524.234,1.1573839951010223,6.008948575653164,-0.1915479587576539
1,M->N,1787402142.3461645,86.92073527700268,524.334,1.168092725323379,6.006771601880166,-0.21840802541444912
1,M->N,1787402142.360659,86.93522957898676,524.434,1.1783179428351989,6.004417100798487,-0.24025673323180163
1,M->N,1787402142.4357615,87.01033227500739,524.434,1.18888570971251,6.00174719737568,-0.2609413872349056
1,M->N,1787402142.5762506,87.15082181198522,524.534,1.1995235150768107,5.9988230823375535,-0.281642448060601
1,M->N,1787402142.7139025,87.28847446897998,524.634,1.210361403378587,5.995601808514552,-0.30242283689259597
1,M->N,1787402142.850453,87.42502387199784,524.734,1.2214086559400488,5.9920659259952425,-0.3232904946354587
1,M->N,1787402142.861086,87.43565667897929,524.834,1.2321203833010586,5.988392468531857,-0.3434185330794003
1,M->N,1787402142.869366,87.4439364229911,524.834,1.2443127064242576,5.983946422705081,-0.3608940232657482
1,M->N,1787402142.940022,87.51459318998968,524.834,1.2566206836682146,5.979203172621363,-0.3804782916517551
1,M->N,1787402143.0779033,87.65247512201313,524.934,1.269171315448429,5.974075325300168,-0.4010707943160371
1,M->N,1787402143.2149248,87.78949644597014,525.034,1.2817641626055671,5.9686211813007635,-0.42197324672142283
1,M->N,1787402143.3537374,87.92830956698162,525.134,1.2945571747986022,5.962758784715697,-0.44295535443056766
1,M->N,1787402143.49342,88.06799175601918,525.234,1.3074548544666793,5.956517564343791,-0.4638605418504601
1,M->N,1787402143.634811,88.2093821389717,525.434,1.320223348881269,5.950007855600341,-0.4843994655500431
1,M->N,1787402143.7722664,88.34683765796944,525.534,1.3328547652517582,5.9432408669389405,-0.5042517651187515
1,M->N,1787402143.910571,88.48514206998516,525.634,1.3450376576771161,5.936399744439513,-0.5242229926663324
1,M->N,1787402144.0507274,88.62529838498449,525.734,1.357381957154257,5.929136036433048,-0.5445138747672731
1,M->N,1787402144.119217,88.69378815498203,525.734,1.369584224355514,5.921619246150344,-0.5646482947527086
1,M->N,1787402144.2565928,88.8311637279694,525.934,1.3875992054901245,5.909894845256135,-0.5935731490016697
1,M->N,1787402144.3254886,88.9000603769673,525.934,1.3994183385913093,5.901798429028633,-0.6118619475728775
1,M->N,1787402144.463118,89.03768920700531,526.034,1.4168666948917716,5.889264017642854,-0.6377323008842601
1,M->N,1787402144.539213,89.11378421401605,526.134,1.4283174497520823,5.880664711349272,-0.6542729789960857
1,M->N,1787402144.552749,89.12731922400417,526.134,1.4396246191137863,5.871880211725736,-0.6703256972198964
1,M->N,1787402144.5636768,89.13824804499745,526.134,1.450789190526715,5.862917261434836,-0.6859138806322543
1,M->N,1787402144.5750954,89.14966591197299,526.134,1.4618136371669914,5.853784737593744,-0.7009253429684588
1,M->N,1787402144.5842736,89.15884443401592,526.234,1.4727008491360645,5.844491097846297,-0.7153364163633225
1,M->N,1787402144.5921073,89.16667785297614,526.234,1.4834539613043054,5.83504445358707,-0.729215409981566
1,M->N,1787402144.5991588,89.17372908798279,526.234,1.49407562584356,5.825451437116287,-0.7426909493305273
1,M->N,1787402144.6055427,89.18011333601316,526.234,1.504567228762609,5.815718748939324,-0.7557538663437577
1,M->N,1787402144.6116476,89.18621802597772,526.234,1.5149318689644429,5.805853246153281,-0.7682882900760878
1,M->N,1787402144.6171212,89.191691628017,526.234,1.5251727541654874,5.795860822891958,-0.7804565656467523
1,M->N,1787402144.7512968,89.3258688839851,526.234,1.5352913687099004,5.785745735522991,-0.792381551313416
1,M->N,1787402144.8893757,89.46394823602168,526.334,1.5452881901003337,5.775511767234688,-0.8041376482941451
1,M->N,1787402145.0267444,89.60131516802358,526.534,1.5551642121037232,5.7651625099431785,-0.8157567718730784
1,M->N,1787402145.162957,89.73752786801197,526.634,1.5649194047604327,5.754700162888871,-0.8272837904701752
1,M->N,1787402145.2998357,89.87440702097956,526.734,1.5745534837861346,5.744126268223741,-0.8387347837851292
1,M->N,1787402145.4375827,90.01218596601393,526.834,1.5840660148981887,5.733440136710065,-0.8505196839031637
1,M->N,1787402145.5744343,90.1490054539754,526.934,1.5934512551097666,5.722639581485774,-0.86261843361997
1,M->N,1787402145.6533785,90.22794913500547,527.034,1.6027061279713335,5.7117251444676285,-0.8747063433340773
1,M->N,1787402145.6653852,90.23995563999051,527.034,1.6118292524597326,5.700699728105369,-0.8866578362248085
1,M->N,1787402145.6760337,90.25060421298258,527.034,1.6208199862973054,5.689566666057493,-0.8984255680760694
1,M->N,1787402145.7484381,90.32300890696933,527.034,1.6296791385732259,5.678330149774514,-0.9099935249246894
1,M->N,1787402145.8843803,90.45895089500118,527.134,1.6384081227980234,5.6669938493369045,-0.9213669435355288
1,M->N,1787402146.020448,90.59501882898621,527.334,1.647008002541693,5.6555604835529065,-0.9325486015500833
1,M->N,1787402146.157446,90.7320168329752,527.434,1.6554798991960573,5.644032518971026,-0.9435532107167025
1,M->N,1787402146.2322137,90.80678440502379,527.534,1.6638247900682503,5.632413096459651,-0.9543818676747774
1,M->N,1787402146.2445118,90.81908240099438,527.534,1.6720433399861034,5.620705245914658,-0.9650412659023527
1,M->N,1787402146.2554898,90.83006031898549,527.534,1.6801366057102867,5.608912115708524,-0.9755365352882602
1,M->N,1787402146.328174,90.90274513297481,527.534,1.687728022603773,5.5975888014139,-0.987177716290128
1,M->N,1787402146.4646816,91.03925297700334,527.634,1.6955491238663656,5.585613518881983,-0.9992671226307467
1,M->N,1787402146.6014345,91.1760052400059,527.734,1.703232966311181,5.573549128535013,-1.0099029969698226
1,M->N,1787402146.7406769,91.31524872401496,527.834,1.7107846183875302,5.561411547683942,-1.0211707652294206
1,M->N,1787402146.7573228,91.33189351897454,527.934,1.7181952577256718,5.549170298611223,-1.0337167761758403
1,M->N,1787402146.7688637,91.34343416098272,527.934,1.7254624257176614,5.536844612568588,-1.044172979389351
1,M->N,1787402146.840897,91.41546802897938,527.934,1.732579880562813,5.524445134988602,-1.058133991895759
1,M->N,1787402146.915427,91.48999758897116,528.034,1.7395377487889314,5.511939616254429,-1.0696801188359804
1,M->N,1787402147.0522947,91.62686647899682,528.134,1.746360135862852,5.499364123049875,-1.0793514534210513
1,M->N,1787402147.1297677,91.70433844899526,528.234,1.7530330442303776,5.486724081366014,-1.0941085879736965
1,M->N,1787402147.1445003,91.71907187899342,528.234,1.7595350785057673,5.473977206000156,-1.1058006439008783
1,M->N,1787402147.2808783,91.85544955998193,528.334,1.765899170526392,5.461167607622603,-1.1151202219447203
1,M->N,1787402147.415178,91.98974869801896,528.434,1.7721046080878518,5.448293271834873,-1.1333004856033813
1,M->N,1787402147.5495212,92.12409218598623,528.534,1.7780527214562036,5.435283141894463,-1.1540398729883574
1,M->N,1787402147.626185,92.20075543702114,528.634,1.7837700597394666,5.4221656390493695,-1.1670988406587004
1,M->N,1787402147.6376655,92.21223599702353,528.634,1.7893385995418007,5.408991909489744,-1.1759306940457739
1,M->N,1787402147.6478536,92.22242447198369,528.634,1.7947936172042895,5.39578439501598,-1.1842674726046083
1,M->N,1787402147.784114,92.35868543799734,528.734,1.8001346019832207,5.382515958499672,-1.1932976671124438
1,M->N,1787402147.9206462,92.49521739501506,528.834,1.8053577658283593,5.369216533278993,-1.202100706632991
1,M->N,1787402148.0583537,92.63292511197506,528.934,1.8095979852978583,5.358054392140602,-1.216969428690213
1,M->N,1787402148.1962988,92.77086969400989,529.034,1.8135996852949319,5.347050069938959,-1.2286968233550981
1,M->N,1787402148.3328912,92.9074629030074,529.134,1.8174951178346663,5.33601063279425,-1.2351820286268318
1,M->N,1787402148.347234,92.9218054760131,529.234,1.82132827350916,5.324953306563226,-1.2396929831864791
1,M->N,1787402148.359374,92.93394479696872,529.234,1.8251032432728307,5.313880558582167,-1.2463481539124495
1,M->N,1787402148.3705075,92.94507836102275,529.234,1.8288110301715286,5.302777309251793,-1.2513901506384244
1,M->N,1787402148.4425604,93.01713197899517,529.234,1.8324620480844944,5.291665642975302,-1.2570997520920348
1,M->N,1787402148.5791438,93.15371528000105,529.334,1.8360391316454259,5.280517540563998,-1.2645588033343926
1,M->N,1787402148.718311,93.2928821509704,529.434,1.8401831897269934,5.267221829585766,-1.2761150965225052
1,M->N,1787402148.732477,93.30704818700906,529.534,1.8442594742012608,5.253511073731809,-1.2898262937581142
1,M->N,1787402148.7433982,93.31796891399426,529.534,1.8481767803290365,5.239755959524766,-1.2981110898863097
1,M->N,1787402148.879169,93.45374061097391,529.634,1.8519935259573517,5.225977756070884,-1.3040070888394213
1,M->N,1787402149.0159354,93.59050686698174,529.734,1.855734336656248,5.212180197875964,-1.3089947319220259
1,M->N,1787402149.0295625,93.60413380298996,529.734,1.858660942609355,5.2011306704865605,-1.3174992669900387
1,M->N,1787402149.1668024,93.741373508994,529.834,1.8613249511562122,5.190704858966844,-1.3245894385104953
1,M->N,1787402149.2427683,93.81733925797744,529.934,1.8639292191505668,5.180273688503739,-1.3282183854196241
1,M->N,1787402149.2545612,93.8291323580197,529.934,1.8672213855905822,5.166824389582839,-1.3352905444471626
1,M->N,1787402149.3856628,93.96023369696923,530.034,1.8706324557135148,5.15240024815226,-1.3430843267751391
1,M->N,1787402149.5202925,94.09486320300493,530.134,1.8739471523492837,5.137956577779293,-1.3483104809795428
1,M->N,1787402149.6568446,94.23141551599838,530.234,1.8771918494081916,5.123498499068868,-1.3526370640342986
1,M->N,1787402149.7328167,94.30738778196974,530.334,1.8805052184367035,5.1083339070047495,-1.3608749782082383
1,M->N,1787402149.7445047,94.31907537201187,530.334,1.8837044148530477,5.093131903052155,-1.3668295421088248
1,M->N,1787402149.7540975,94.32866795902373,530.334,1.8868224898373767,5.077917616271984,-1.3712483048228143
1,M->N,1787402149.8897831,94.46435487997951,530.434,1.8898837132837145,5.062660169635414,-1.375116633245499
1,M->N,1787402150.0265183,94.60108983499231,530.534,1.8928948896681304,5.047357619113306,-1.3786002704823355
1,M->N,1787402150.1015344,94.67610597499879,530.634,1.8958542403868741,5.0320455690236505,-1.381771671881505
1,M->N,1787402150.1127963,94.68736731400713,530.634,1.898766419828093,5.016724639107608,-1.3847754860990622
1,M->N,1787402150.2480233,94.8225941999699,530.734,1.901633464335038,5.001395892016625,-1.3875914118242179
1,M->N,1787402150.3848605,94.95943226397503,530.834,1.904120202182203,4.987735242332375,-1.397362647072414
1,M->N,1787402150.460732,95.03530315397074,530.934,1.9064557516470622,4.974054990404275,-1.4075731689759383
1,M->N,1787402150.5982769,95.17284717399161,531.034,1.9086842066284258,4.960354054614658,-1.412082237541267
1,M->N,1787402150.6064765,95.1810470839846,531.034,1.9108644719163241,4.946651757351962,-1.414191752746178
1,M->N,1787402150.614757,95.1893275710172,531.034,1.9130208912156417,4.932947761261528,-1.415387012437722
1,M->N,1787402150.751619,95.32619015901582,531.134,1.9151632733330568,4.919242898888015,-1.416139090662178
1,M->N,1787402150.8275635,95.40213467099238,531.234,1.9172969436370009,4.905537447139021,-1.4166082302094627
1,M->N,1787402150.8401196,95.41469000198413,531.234,1.9194249184344083,4.891832043460823,-1.4168944474407894
1,M->N,1787402150.9759357,95.55050645099254,531.334,1.92155781089767,4.878074328505449,-1.4170263009400317
1,M->N,1787402151.1110423,95.68561365298228,531.434,1.9236983597156578,4.864260418254813,-1.4169838722328059
1,M->N,1787402151.1867065,95.76127782498952,531.534,1.925840527948811,4.850446891321685,-1.4168151106715225
1,M->N,1787402151.322955,95.89752602600493,531.634,1.9279855506319272,4.8366340415318945,-1.4165261714144104
1,M->N,1787402151.3420796,95.91665045998525,531.634,1.9301698102829716,4.82254670630396,-1.4177779622575686
1,M->N,1787402151.3569586,95.93152935197577,531.634,1.9323497937875613,4.808391925844329,-1.4180899654159071
1,M->N,1787402151.492419,96.06699038902298,531.734,1.934529504965689,4.794238965166824,-1.4176806470542966
1,M->N,1787402151.6294801,96.20405142998789,531.834,1.9367164233538483,4.780088070048454,-1.416946580924024
1,M->N,1787402151.7078114,96.28238253999734,531.934,1.93894003580157,4.765763786925342,-1.4171366886198509
1,M->N,1787402151.7209072,96.29547837597784,531.934,1.9411955837230968,4.751134578218532,-1.4184547106066643
1,M->N,1787402151.793769,96.36834051500773,531.934,1.9434431596895607,4.736505600661167,-1.41794390907377
1,M->N,1787402151.8623815,96.43695180601208,532.034,1.9457834946179993,4.721234802771064,-1.4201962988811332
1,M->N,1787402151.9954238,96.56999540398829,532.134,1.948107783637937,4.7058931878593135,-1.4203776690859107
1,M->N,1787402152.1333852,96.7079568770132,532.234,1.950438662562583,4.6905565366026725,-1.4191053321539857
1,M->N,1787402152.2097366,96.78430759598268,532.334,1.9527926956490482,4.675225059813049,-1.4172380731267735
1,M->N,1787402152.2219675,96.79653788200812,532.334,1.9550435140029745,4.660728082854792,-1.4169393117161564
1,M->N,1787402152.359304,96.93387549399631,532.434,1.957141222862875,4.647013371878983,-1.422379756763879
1,M->N,1787402152.496096,97.07066766597563,532.534,1.9591805626376686,4.633291412479393,-1.423882342614642
1,M->N,1787402152.5716898,97.14626053598477,532.634,1.9612167860008254,4.619579047973441,-1.4221743257106005
1,M->N,1787402152.585196,97.15976647497155,532.634,1.963282622710016,4.6058746412654505,-1.419299650647283
1,M->N,1787402152.6585045,97.23307538597146,532.634,1.9653903271593502,4.592178020329155,-1.4159668404308388
1,M->N,1787402152.7978308,97.372402900015,532.734,1.9675454490967046,4.578489608740795,-1.4123762852023156
1,M->N,1787402152.935444,97.5100148890051,532.934,1.9697508506674366,4.564809653325368,-1.4086007820522135
1,M->N,1787402153.0060759,97.5806474799756,533.034,1.9720081988818985,4.551138659517262,-1.4046927439927752
1,M->N,1787402153.0172448,97.59181534999516,533.034,1.9743194911606323,4.5374773344628885,-1.4006121524646873
1,M->N,1787402153.1528225,97.72739393997472,533.034,1.976687493046291,4.523826310713094,-1.3963676422385507
1,M->N,1787402153.227683,97.80225473397877,533.134,1.9791147395204682,4.510186012693753,-1.3919732124564321
1,M->N,1787402153.302944,97.87751522398321,533.234,1.9816025025447899,4.496556857611453,-1.387401555642175
1,M->N,1787402153.3159742,97.89054508297704,533.234,1.984152992962418,4.482939718940265,-1.3826441786372634
1,M->N,1787402153.389025,97.96359630400548,533.234,1.9867898019267183,4.469229615659559,-1.3776942553891867
1,M->N,1787402153.5256388,98.10021118400618,533.334,1.9894957593939138,4.455531835983483,-1.372551674716406
1,M->N,1787402153.6638086,98.23838027799502,533.434,1.992272785431253,4.441849560305602,-1.3671932419232342
1,M->N,1787402153.7425113,98.31708362296922,533.534,1.9951680941361731,4.427899287312624,-1.3647681476935245
1,M->N,1787402153.817711,98.39228230400477,533.634,1.9981152191921754,4.413900371491428,-1.360564294543156
1,M->N,1787402153.8294508,98.40402127400739,533.634,2.001128536974677,4.399917928798324,-1.3551257694946885
1,M->N,1787402153.9024131,98.4769846490235,533.634,2.004221213664774,4.385954629276551,-1.3489811947394825
1,M->N,1787402154.0390556,98.6136274409946,533.734,2.0071267427175354,4.373128580946967,-1.3468989246468959
1,M->N,1787402154.1758158,98.75038721400779,533.834,2.010070120494175,4.360291476717447,-1.3424455522821857
1,M->N,1787402154.31273,98.88730150001356,534.034,2.0130797126539837,4.347475550003932,-1.3362187416967446
1,M->N,1787402154.327415,98.90198618400609,534.034,2.0161723747795306,4.334681363947136,-1.329321419558206
1,M->N,1787402154.3388913,98.91346230497584,534.034,2.0194233482609376,4.321621205982721,-1.3243851189283946
1,M->N,1787402154.4751503,99.04972205299418,534.134,2.02279302680989,4.30816567151225,-1.327144810077987
1,M->N,1787402154.6121864,99.18675795401214,534.234,2.026139581377534,4.294716099018727,-1.3255149684184226
1,M->N,1787402154.7527964,99.32736820401624,534.334,2.029531476797258,4.281289095096102,-1.319226729288331
1,M->N,1787402154.764519,99.33908976102248,534.434,2.0330182837645836,4.267892780054114,-1.310972789260835
1,M->N,1787402154.7738123,99.3483824619907,534.434,2.0366195139885583,4.254530127459122,-1.3019399017969746
1,M->N,1787402154.7818556,99.35642580600688,534.434,2.0403434274986165,4.241203491613171,-1.2924991736166376
1,M->N,1787402154.916824,99.49139530101093,534.534,2.044194740475987,4.227914289318216,-1.2827617793341166
1,M->N,1787402154.9919224,99.56649395800196,534.534,2.0481777524363274,4.214650497961734,-1.2737961287095976
1,M->N,1787402155.1285558,99.70312748197466,534.634,2.0522701986225935,4.201430765680225,-1.265054684567956
1,M->N,1787402155.265288,99.83986050199019,534.834,2.0562450746148864,4.189003804445699,-1.2555608708641606
1,M->N,1787402155.402983,99.97755405999487,534.934,2.0600385264241856,4.177484856582902,-1.2475091339412074
1,M->N,1787402155.4795315,100.05410260800272,535.034,2.063936063556126,4.166009746901324,-1.2366603451439828
1,M->N,1787402155.4922292,100.0667998539866,535.034,2.0679620494284072,4.154582495191172,-1.2247472743054582
1,M->N,1787402155.565158,100.13972961500986,535.034,2.072123833936092,4.143145919631625,-1.2178099966719031
1,M->N,1787402155.579735,100.15430589800235,535.034,2.0763555510530187,4.131787591646505,-1.2078901425604731
1,M->N,1787402155.7166288,100.29119974497007,535.134,2.08071037914001,4.120479844620778,-1.1957481645170613
1,M->N,1787402155.7954755,100.37004662398249,535.234,2.085206100626097,4.109139362271085,-1.1919662223880856
1,M->N,1787402155.8090036,100.3835748899728,535.234,2.089698617511611,4.0978577010722805,-1.1904617591387425
1,M->N,1787402155.9459953,100.5205667950213,535.334,2.0942338867886905,4.0866114461102,-1.1818207978336557
1,M->N,1787402156.081305,100.65587617200799,535.434,2.09891524774768,4.075341582270108,-1.169401410999101
1,M->N,1787402156.163807,100.73837816901505,535.534,2.103730148450598,4.064161404363305,-1.156545390516333
1,M->N,1787402156.2394717,100.8140430530184,535.634,2.1083522668152495,4.053768984186374,-1.145892081801809
1,M->N,1787402156.3143191,100.88889029499842,535.634,2.112716740693058,4.044217984079301,-1.1358788285605834
1,M->N,1787402156.3900065,100.96457818098133,535.734,2.1171817894934346,4.034719748633831,-1.125401002267092
1,M->N,1787402156.4028878,100.97745898796711,535.734,2.121828241878404,4.0250697338400085,-1.1164628232665816
1,M->N,1787402156.5385058,101.11307653802214,535.834,2.126673528566107,4.015266458125163,-1.1042463936581868
1,M->N,1787402156.6754646,101.25003596901661,535.934,2.1315348264758023,4.00568263357952,-1.098947914009456
1,M->N,1787402156.7545,101.32907073799288,536.034,2.1365255524569107,3.9959188536829138,-1.0965841484687844
1,M->N,1787402156.891584,101.46615501801716,536.134,2.1415525210602775,3.9861961852105625,-1.0880684903011484
1,M->N,1787402156.9682732,101.54284376400756,536.234,2.1468313173454776,3.976235494653106,-1.0767970184194187
1,M->N,1787402156.982968,101.5575393139734,536.234,2.1523813994406917,3.96603848856481,-1.0651792920006815
1,M->N,1787402156.9962103,101.57078175299102,536.234,2.157716354858777,3.9565102547487303,-1.0532027944981117
1,M->N,1787402157.0686932,101.64326516498113,536.234,2.1627450501229983,3.9477581295132103,-1.043120855953509
1,M->N,1787402157.2067363,101.7813079279731,536.334,2.1678875011845316,3.939024530614554,-1.032956410916739
1,M->N,1787402157.3458967,101.9204682810232,536.434,2.173569904846483,3.929529828403703,-1.0297169899077983
1,M->N,1787402157.4242294,101.99880160100292,536.534,2.1792897118678525,3.9200516680310957,-1.0238862297168747
1,M->N,1787402157.5614412,102.13601207197644,536.634,2.185079577769115,3.9106280101984994,-1.0132025142582408
1,M->N,1787402157.698834,102.27340579399606,536.734,2.1909758515499482,3.9012753926464767,-1.000619063091672
1,M->N,1787402157.8388903,102.41346142801922,536.834,2.1969910157168093,3.8919834139615737,-0.9900529517040385
1,M->N,1787402157.9759004,102.5504718410084,536.934,2.2034132007816774,3.882289454647098,-0.9801428082138939
1,M->N,1787402157.9896934,102.5642644269974,537.034,2.2099533703509615,3.872596749842046,-0.9730861087749548
1,M->N,1787402158.0018241,102.57639484200627,537.034,2.2162038528684347,3.8634632851534145,-0.9661723359967134
1,M->N,1787402158.012569,102.5871391010005,537.034,2.222525711547696,3.8543875837028083,-0.9563569922086274
1,M->N,1787402158.0223496,102.59692052396713,537.034,2.2289386852159887,3.845378992768396,-0.9456227169186352
1,M->N,1787402158.0939612,102.66853229497792,537.034,2.235790498496624,3.8359666743855185,-0.9366731720312552
1,M->N,1787402158.2308517,102.80542322498513,537.134,2.243052606148348,3.8261412429785135,-0.9301284594306597
1,M->N,1787402158.3681736,102.94274532800773,537.234,2.2503890645068103,3.816376437695884,-0.9205241709509837
1,M->N,1787402158.4431252,103.0176968179876,537.334,2.2578239972793055,3.8066860170047057,-0.9099473069643786
1,M->N,1787402158.5804648,103.15503605298,537.434,2.265046294680912,3.7974677208130045,-0.9016695922266824
1,M->N,1787402158.716877,103.29144869698212,537.534,2.2719309564674672,3.7887915185864807,-0.8970443886613158
1,M->N,1787402158.8569446,103.4315161179984,537.634,2.279747261937502,3.7790138998882856,-0.8967545089175228
1,M->N,1787402158.8711975,103.44576849997975,537.734,2.2875494534396377,3.7692412658026253,-0.8963993904509836
1,M->N,1787402158.8829932,103.4575642250129,537.734,2.295375247277232,3.759498272216489,-0.8897413638076448
1,M->N,1787402158.893412,103.46798308199504,537.734,2.3032749582673824,3.749821683272168,-0.8803781482792234
1,M->N,1787402158.9666076,103.54117931297515,537.734,2.3112671606249013,3.740224476257246,-0.8701437624502494
1,M->N,1787402159.1039402,103.67851162201259,537.834,2.3197841084410276,3.730203261489204,-0.8606670483537051
1,M->N,1787402159.241859,103.81643113098107,537.934,2.328403966458676,3.7202559962813586,-0.8507884809468713
1,M->N,1787402159.3202527,103.89482479298022,538.034,2.337131162033893,3.7103831037329584,-0.8418816925815059
1,M->N,1787402159.331121,103.90569168498041,538.134,2.3459273754922614,3.7005785597744825,-0.8359747565402326
1,M->N,1787402159.4666395,104.04121112497523,538.134,2.3547805553413452,3.690826097107963,-0.8301125376115941
1,M->N,1787402159.5427842,104.11735557299107,538.234,2.3640658545029543,3.6807145096327116,-0.825399256470404
1,M->N,1787402159.680081,104.25465192797128,538.334,2.3737842645914333,3.670211120017756,-0.8220861856312344
1,M->N,1787402159.7555888,104.33015934599098,538.434,2.383542921286044,3.6597470888732553,-0.8173303165309651
1,M->N,1787402159.768573,104.3431435059756,538.434,2.393353671965454,3.649331015400821,-0.8121009690004634
1,M->N,1787402159.7798786,104.35444916097913,538.434,2.403989347335954,3.638157282644498,-0.8077726932704734
1,M->N,1787402159.9178338,104.49240511097014,538.534,2.4165439855393447,3.6250359698095482,-0.8072027194427985
1,M->N,1787402160.054195,104.62876694597071,538.634,2.429715319576291,3.611299231191575,-0.8045805358051648
1,M->N,1787402160.1908596,104.76543033699272,538.734,2.442935928008115,3.59761151838424,-0.799648053035991
1,M->N,1787402160.205028,104.77959905698663,538.834,2.4562284240378336,3.5839963156997667,-0.7938576289757225
1,M->N,1787402160.2175345,104.79210538201733,538.834,2.4696008230581183,3.5704610152480574,-0.7878365523056043
1,M->N,1787402160.2284646,104.80303509900114,538.834,2.483054062670051,3.557006777379889,-0.7818559628398649
1,M->N,1787402160.3628974,104.93746817897772,538.934,2.496586329814789,3.5436324724639716,-0.7760005730271647
1,M->N,1787402160.5009928,105.07556368299993,539.034,2.5101959893302728,3.5303365441306367,-0.7703296297115387
1,M->N,1787402160.5146608,105.08923139399849,539.034,2.5238805040746297,3.517116617871161,-0.7648578398952086
1,M->N,1787402160.6536236,105.228195321979,539.134,2.537636634606037,3.503969692998056,-0.7596059600908868
1,M->N,1787402160.7922091,105.36678043601569,539.234,2.551461139146529,3.4908929611751027,-0.7545944704387623
1,M->N,1787402160.9309218,105.5054929809994,539.334,2.565350532024558,3.4778838458330505,-0.7498304525376653
1,M->N,1787402160.9448159,105.51938656996936,539.434,2.5793007237196957,3.4649391947006563,-0.7453282682696193
1,M->N,1787402160.956427,105.53099762799684,539.434,2.5933075277210857,3.452051305802726,-0.7417776130337654
1,M->N,1787402161.0291471,105.60371854499681,539.434,2.6073549734149544,3.439205322890239,-0.7392803280612843
1,M->N,1787402161.1012955,105.67586581397336,539.534,2.6214322309065774,3.426391070740287,-0.7372623928430089
1,M->N,1787402161.2378802,105.8124518209952,539.634,2.635534170465133,3.413603518631876,-0.7354885331007743
1,M->N,1787402161.3753707,105.9499416850158,539.734,2.649658110674324,3.4008400650751978,-0.7338434236217646
1,M->N,1787402161.5134382,106.08800966700073,539.834,2.6638026365196135,3.3880993338105507,-0.7322614517853264
1,M->N,1787402161.5884058,106.16297637397656,539.934,2.67796734289451,3.375380906245953,-0.7307130793025175
1,M->N,1787402161.5999987,106.17456925101578,539.934,2.692151626968596,3.3626841347128598,-0.7291876917143983
1,M->N,1787402161.6112914,106.18586187897017,539.934,2.70635508163149,3.350008650314214,-0.7276915986673919
1,M->N,1787402161.7470472,106.32161886099493,540.034,2.7205775126311402,3.33735410027182,-0.7262339566140513
1,M->N,1787402161.8856587,106.4602295269724,540.134,2.7348185405039263,3.3247199840660584,-0.7248217063226304
1,M->N,1787402161.965053,106.53962380997837,540.234,2.74907725900386,3.312105573482582,-0.7234725693699674
1,M->N,1787402161.9783869,106.55295769299846,540.334,2.7633525814236948,3.2995097282917194,-0.7222171906190343
1,M->N,1787402162.0511951,106.62576609198004,540.334,2.777642825316328,3.286930362362399,-0.7211725198681207
1,M->N,1787402162.1869366,106.76150735700503,540.434,2.791945738370041,3.2743651076112084,-0.720241111587121
1,M->N,1787402162.1994758,106.77404633397236,540.434,2.8062602368230856,3.261812828549981,-0.7193635991069032
1,M->N,1787402162.272908,106.84747872699518,540.534,2.8205857438935977,3.249272876172168,-0.7185315901722569
1,M->N,1787402162.3484442,106.92301473300904,540.634,2.834921406733975,3.2367445256240757,-0.7177259249955398
1,M->N,1787402162.4851267,107.05969756201375,540.634,2.8492669278607763,3.2242274937995137,-0.7169430341973794
1,M->N,1787402162.6250536,107.1996245009941,540.734,2.8636221315851085,3.2117213748997995,-0.7162172759958395
1,M->N,1787402162.6382227,107.21279309201054,540.834,2.8779862587277365,3.19922536021834,-0.7155430008718342
1,M->N,1787402162.7128296,107.28740048897453,540.834,2.892358731698914,3.186738450566924,-0.7149397012764176
1,M->N,1787402162.8497667,107.42433721001726,540.934,2.9067385456007617,3.174259451871322,-0.7144412186364688
1,M->N,1787402162.9232042,107.49777488899417,541.034,2.921124142132032,3.16178691147592,-0.714028096675672
1,M->N,1787402162.9351456,107.50971627800027,541.034,2.935514580523168,3.14931976485264,-0.7137058088119639
1,M->N,1787402163.0705342,107.64510500896722,541.134,2.949908948381227,3.136856911401158,-0.7134518961051173
1,M->N,1787402163.2086558,107.78322663297877,541.234,2.9643061323507345,3.1243975568409406,-0.7131864004481434
1,M->N,1787402163.3456423,107.92021315201418,541.334,2.978706813107694,3.111942281425807,-0.7128814462453379
1,M->N,1787402163.3587735,107.93334411398973,541.434,2.9931114397371505,3.099491163450994,-0.7126186249949825
1,M->N,1787402163.4321597,108.0067305219709,541.434,3.0075190576337323,3.0870433279257705,-0.7124382353107739
1,M->N,1787402163.5697093,108.14428100100486,541.534,3.0219285135115204,3.074597342349148,-0.7123669815088178
1,M->N,1787402163.5847857,108.15935633599292,541.634,3.0363383190750426,3.062151386365447,-0.7124294340023876
1,M->N,1787402163.5960817,108.17065223498503,541.634,3.0507471500957593,3.0497037347092806,-0.7125999516273661
1,M->N,1787402163.605941,108.18051139899762,541.634,3.0651535359312714,3.037252662387474,-0.7129086835040366
1,M->N,1787402163.7409885,108.3155593299889,541.634,3.079555680968851,3.024796364460062,-0.7133251533590708
1,M->N,1787402163.8783743,108.4529461300117,541.734,3.093952079789127,3.012333116051162,-0.7138608089593034
1,M->N,1787402163.8934827,108.46805344399763,541.834,3.1083413574058856,2.999861556457028,-0.7144787094564788
1,M->N,1787402164.0306585,108.60522928700084,541.934,3.1227229916887658,2.98738080476505,-0.7151606547625379
1,M->N,1787402164.1650481,108.73961907898774,542.034,3.137095921246404,2.9748895686997123,-0.7159180959488053
1,M->N,1787402164.1765351,108.75110561097972,542.034,3.150531002166785,2.963210605189827,-0.7143445734366707
1,M->N,1787402164.313295,108.88786621700274,542.134,3.163603320262191,2.9519333293521584,-0.7058540801060876
1,M->N,1787402164.4514837,109.02605494100135,542.234,3.1767243552392963,2.9409218726803688,-0.6845654559680472
1,M->N,1787402164.5908487,109.16541978699388,542.334,3.189477161781116,2.9307078123218213,-0.6594392564598905
1,M->N,1787402164.6689703,109.24354069196852,542.434,3.2018189973603777,2.9213496609048897,-0.6323462041626803
1,M->N,1787402164.6815364,109.2561069559888,542.434,3.214376541572365,2.912327192914188,-0.6087969431504104
1,M->N,1787402164.6928344,109.26740484096808,542.434,3.2293917624220527,2.902053847757339,-0.5865651961023277
1,M->N,1787402164.8309462,109.40551801898982,542.534,3.2451794625377293,2.8917630841936615,-0.5636698948693876
1,M->N,1787402164.9689765,109.54354728996987,542.634,3.2602784656383066,2.8823944841433793,-0.5410269559211222
1,M->N,1787402165.1062412,109.68081267201342,542.734,3.2740813751662117,2.8742649588380287,-0.5193382571884366
1,M->N,1787402165.2429008,109.81747165799607,542.834,3.290617570857798,2.864987899456047,-0.4982339325901
1,M->N,1787402165.3808289,109.95540043298388,542.934,3.3073704653891762,2.8560440253613764,-0.47788851170312785
1,M->N,1787402165.5185132,110.0930849990109,543.034,3.324299369979162,2.847435344531166,-0.4584979709424549
1,M->N,1787402165.5323863,110.10695679800119,543.134,3.3413900676033004,2.839150837948101,-0.4398998185552447
1,M->N,1787402165.5436018,110.11817216599593,543.134,3.358629347661207,2.8311802424125316,-0.42194858152109577
1,M->N,1787402165.5534215,110.12799184699543,543.134,3.3760062751389306,2.823515864995606,-0.404664838239896
1,M->N,1787402165.5630913,110.13766166201094,543.134,3.393510859323281,2.8161499169270225,-0.3878670018808511
1,M->N,1787402165.6387265,110.21329709101701,543.234,3.4111362786579846,2.809075977072399,-0.3714745377279169
1,M->N,1787402165.7135174,110.28808809397742,543.234,3.428876056255775,2.8022871778332634,-0.3555548138966177
1,M->N,1787402165.8482082,110.422779075976,543.334,3.4467229172607565,2.795777777560055,-0.33999989515559415
1,M->N,1787402165.9242115,110.49878205399727,543.434,3.4646698722337455,2.7895438277648448,-0.32478587017568145
1,M->N,1787402165.9987912,110.57336249900982,543.434,3.4827100933165553,2.783581561090995,-0.3098051099444829
1,M->N,1787402166.1355417,110.71011293400079,543.534,3.5008378233884274,2.7778878187945213,-0.2951577803304604
1,M->N,1787402166.2720478,110.8466188699822,543.634,3.519045804728119,2.772457854878493,-0.28082856113763205
1,M->N,1787402166.4101555,110.984726470022,543.734,3.5373276662470032,2.7672872921518565,-0.26679160358280085
1,M->N,1787402166.5483325,111.12290317099541,543.834,3.5556778360803016,2.7623726918375686,-0.2529611475369357
1,M->N,1787402166.6862032,111.26077507197624,544.034,3.574093162702747,2.7577119576269125,-0.23926172021563852
1,M->N,1787402166.8265631,111.40113470196957,544.134,3.592571337984995,2.753301002708296,-0.22596869048473223
1,M->N,1787402166.9641182,111.53868961200351,544.234,3.611107403693603,2.7491340058603253,-0.21284859997677022
1,M->N,1787402167.1027298,111.67730114300502,544.334,3.629697586366389,2.745208917794367,-0.1999520168179268
1,M->N,1787402167.2394514,111.81402241397882,544.434,3.648337140350285,2.741521701771065,-0.18734703292935842
1,M->N,1787402167.3770447,111.95161564298905,544.534,3.667022162576096,2.7380685487443452,-0.17490026694114755
1,M->N,1787402167.3905516,111.9651221309905,544.634,3.685749675852848,2.734845974792708,-0.16270302429868774
1,M->N,1787402167.4016476,111.97621800098568,544.634,3.7045161124867056,2.7318501115767955,-0.15077891395622298
1,M->N,1787402167.4110732,111.98564382997574,544.634,3.7233173179812886,2.729075811527713,-0.13922437094045817
1,M->N,1787402167.4195344,111.99410453799646,544.634,3.7421482582995957,2.726517318357893,-0.1279072938504613
1,M->N,1787402167.4270802,112.00165046600159,544.634,3.7610062892789085,2.7241702624928776,-0.11686360560565835
1,M->N,1787402167.4344363,112.00900676799938,544.634,3.779889434022789,2.7220297841693473,-0.10607856622148304
1,M->N,1787402167.440549,112.01511939801276,544.634,3.7987955018506914,2.720091052251517,-0.09557061803254781
1,M->N,1787402167.44675,112.02132016897667,544.634,3.81772193386097,2.7183484409679064,-0.08538613000182442
1,M->N,1787402167.5207152,112.09528588299872,544.734,3.8366661855616213,2.7167975313757813,-0.07543777884764039
1,M->N,1787402167.5955763,112.1701472279965,544.734,3.8556256686139667,2.715433150517991,-0.06574968478560188
1,M->N,1787402167.732749,112.30731987400213,544.834,3.874598371898218,2.7142505532117656,-0.05630922788497341
1,M->N,1787402167.8725545,112.4471250550123,544.934,3.893582936761277,2.7132448240992386,-0.047230629884621504
1,M->N,1787402168.0094416,112.5840127550182,545.034,3.912576812847119,2.7124083405746315,-0.038569141015085226
1,M->N,1787402168.146512,112.72108364698943,545.234,3.9315776527601347,2.711734900163351,-0.03013881784130965
1,M->N,1787402168.28455,112.85912111902144,545.334,3.9505843403169085,2.7112195308515403,-0.02202545133078547
1,M->N,1787402168.2972631,112.87183365196688,545.334,3.9695956940232104,2.7108564183309256,-0.014214919003683399
1,M->N,1787402168.3081458,112.88271606597118,545.334,3.9886102066012317,2.7106395843722058,-0.0066959936677413925
1,M->N,1787402168.4437585,113.01832952297991,545.434,4.007626868244073,2.710563202945746,0.0004955230717775013
1,M->N,1787402168.5805287,113.15509956498863,545.534,4.026644903653552,2.710621467253211,0.007357566297519391
1,M->N,1787402168.7173307,113.29190193698741,545.634,4.045663122006992,2.7108076300569697,0.013858954252874459
1,M->N,1787402168.8571074,113.43167850800091,545.734,4.064680628417594,2.7111161001826085,0.02012969038972945
1,M->N,1787402168.9940877,113.56865919398842,545.834,4.083697258837107,2.711541470529116,0.026022511604665788
1,M->N,1787402169.0073729,113.58194340701448,545.934,4.10271154398175,2.7120767422536867,0.03166751102606229
1,M->N,1787402169.0188262,113.59339676296804,545.934,4.1217235258820395,2.7127172053753164,0.03702404706868148
1,M->N,1787402169.0287387,113.60330910299672,545.934,4.140733352553445,2.7134571521609985,0.04203914098580877
1,M->N,1787402169.1013288,113.67590070597362,545.934,4.159740644834267,2.7142906574501153,0.046749961019542756
1,M->N,1787402169.2386997,113.81327058497118,546.034,4.178745301749532,2.7152116663769648,0.051140316222975366
1,M->N,1787402169.376541,113.95111216598889,546.134,4.197747323021793,2.716213839788522,0.055222426595428496
1,M->N,1787402169.4519567,114.02652750001289,546.234,4.216746221904663,2.717290757812764,0.058982948248094316
1,M->N,1787402169.5900857,114.16465646401048,546.334,4.235741441411061,2.718438230633411,0.06256662308119187
1,M->N,1787402169.727856,114.30242722801631,546.434,4.254733408213521,2.719651609196851,0.06581812263077592
1,M->N,1787402169.8658495,114.44042034697486,546.534,4.273721929742254,2.7209244424699413,0.0687841726396907
1,M->N,1787402169.880779,114.4553496260196,546.634,4.292707062097086,2.722252629501624,0.07157936521566934
1,M->N,1787402169.8928642,114.46743457799312,546.634,4.3116896837370255,2.7236315852013875,0.07403886894008113
1,M->N,1787402169.903319,114.47788920800667,546.634,4.330670018420157,2.725055423081042,0.0762393012530912
1,M->N,1787402169.9131756,114.48774597002193,546.634,4.3496483236789025,2.72651906521211,0.07819890535549734
1,M->N,1787402170.048854,114.62342501897365,546.734,4.368624715396892,2.7280189237752426,0.0800042818089111
1,M->N,1787402170.1863248,114.76089570100885,546.834,4.3875996881240935,2.7295516843209024,0.08158797755559404
1,M->N,1787402170.323567,114.89813784399303,546.934,4.406573309535142,2.731113046214673,0.08296413673521978
1,M->N,1787402170.3994849,114.97405571601121,547.034,4.425545567806074,2.732699325278568,0.08416178519551419
1,M->N,1787402170.4117165,114.9862870569923,547.034,4.444516282357713,2.7343072402586137,0.08523268377952732
1,M->N,1787402170.422829,114.99739912798395,547.034,4.463485030623087,2.7359347255376223,0.08622141029978292
1,M->N,1787402170.5583339,115.13290619297186,547.134,4.482452225316739,2.737579728100487,0.08703503981312226
1,M->N,1787402170.6943183,115.26888924598461,547.234,4.501418154649949,2.7392395664758378,0.0877346631598694
1,M->N,1787402170.7730396,115.34761038800934,547.334,4.520383376320791,2.7409120541089083,0.08831867521008355
1,M->N,1787402170.7867646,115.3613353340188,547.334,4.539348316682261,2.742594530635619,0.08878258615315456
1,M->N,1787402170.859812,115.4343829160207,547.334,4.5583131077483525,2.7442851189169972,0.08917811806525246
1,M->N,1787402170.9982002,115.57277142297244,547.434,4.577277878415738,2.745982856036842,0.0895059865278988
1,M->N,1787402171.1366558,115.71122686500894,547.634,4.596242724058619,2.747686565767731,0.08977418364599134
1,M->N,1787402171.2746162,115.84918719198322,547.734,4.615207653149339,2.749395094313956,0.0899969579449326
1,M->N,1787402171.411245,115.98581598699093,547.834,4.634172431445636,2.7511077636537835,0.09019290720311754
1,M->N,1787402171.4245105,115.99908086599316,547.834,4.6531366058290855,2.752823753168001,0.09037076902775232
1,M->N,1787402171.4354355,116.01000604801811,547.834,4.672099869995214,2.754542806669135,0.09054119325345478
1,M->N,1787402171.50774,116.08231091400376,547.934,4.691062212862561,2.7562651764635206,0.0907053391090134
1,M->N,1787402171.6448102,116.21938141802093,548.034,4.710024026022282,2.757990741201375,0.09085960991476001
1,M->N,1787402171.6584337,116.2330043539987,548.034,4.7289857306491765,2.7597191251355837,0.09099949314356781
1,M->N,1787402171.7319589,116.30653022701154,548.034,4.747947511997749,2.7614500649324274,0.09112519182610608
1,M->N,1787402171.8722327,116.44680367899127,548.234,4.766909481794457,2.763183135256059,0.09123875521493739
1,M->N,1787402171.9492564,116.52382733498234,548.334,4.785871628021974,2.764918161311167,0.09133219141933671
1,M->N,1787402172.0214436,116.5960142739932,548.334,4.8048341212743555,2.7666550400294714,0.09140799708120277
1,M->N,1787402172.1563208,116.73089158599032,548.434,4.823796898926939,2.7683935851763595,0.09147183537719768
1,M->N,1787402172.2907863,116.8653571989853,548.534,4.842759787265111,2.770133165143662,0.09149858347296214
1,M->N,1787402172.4270566,117.00162753101904,548.634,4.861722453541267,2.7718726541601333,0.09148266428223045
1,M->N,1787402172.5032537,117.07782441697782,548.734,4.880684776523859,2.773611038815181,0.09140555607279564
1,M->N,1787402172.516715,117.0912855489878,548.734,4.8996469294222855,2.7753475871131554,0.09126317254582662
1,M->N,1787402172.52873,117.10330059099942,548.734,4.918609336971198,2.7770814103221237,0.09103865910099003
1,M->N,1787402172.5392685,117.11383962997934,548.734,4.937572807058759,2.7788099164194753,0.0906701697102538
1,M->N,1787402172.6134627,117.18803344399203,548.834,4.956537729504364,2.780530387753052,0.09018711507913207
1,M->N,1787402172.6873744,117.26194540900178,548.834,4.975504311286764,2.782240796494488,0.0895811034842497
1,M->N,1787402172.7664928,117.34106358798454,548.934,4.994472790236735,2.7839390284455336,0.08884521222001816
1,M->N,1787402172.9034796,117.47805114899529,549.034,5.013443743460795,2.785622186953637,0.08791900285235653
1,M->N,1787402172.9792998,117.55387093499303,549.134,5.032417068420067,2.787286782257827,0.0868469207382418
1,M->N,1787402172.9908843,117.5654550169711,549.134,5.051392621911506,2.7889303418151115,0.08567386463968542
1,M->N,1787402173.1300406,117.70461214898387,549.234,5.070370714407381,2.7905498316238355,0.08425156267817674
1,M->N,1787402173.2633195,117.83789073501248,549.334,5.089351197065251,2.7921407880320452,0.08265713415702994
1,M->N,1787402173.3392894,117.9138605609769,549.334,5.1083345703697765,2.793700432374397,0.08085618474579465
1,M->N,1787402173.4762661,118.05083701299736,549.434,5.1273215197463875,2.7952240969279427,0.07879220310532703
1,M->N,1787402173.6138823,118.188454276009,549.634,5.146312491884881,2.796707300370423,0.07653598955761856
1,M->N,1787402173.626718,118.20128857897362,549.634,5.165308057354172,2.7981456760056562,0.07401364999337841
1,M->N,1787402173.6384416,118.21301248698728,549.634,5.184308501684754,2.799534393440683,0.07123120762078217
1,M->N,1787402173.7770658,118.351636848005,549.734,5.203314438481528,2.800868208405889,0.06812739134188359
1,M->N,1787402173.9156296,118.49020041001495,549.834,5.222326115929738,2.8021403832024796,0.06466003452923737
1,M->N,1787402174.0524445,118.62701526097953,549.934,5.2413435298646025,2.8033445076917265,0.060858756954394445
1,M->N,1787402174.0663002,118.64087065897183,550.034,5.260366032093375,2.804474760556404,0.05682592321396945
1,M->N,1787402174.140121,118.7146920899977,550.034,5.279393940051469,2.805525997830277,0.05247182887454622
1,M->N,1787402174.2152903,118.78986089699902,550.134,5.298427656866329,2.806491321519842,0.047682968275483496
1,M->N,1787402174.3511167,118.92568792100064,550.234,5.317466651506629,2.8073633198374726,0.0425993787601338
1,M->N,1787402174.3660429,118.94061359600164,550.234,5.336511522746726,2.808136445078293,0.03711849336988842
1,M->N,1787402174.377091,118.9516615109751,550.234,5.355561934375353,2.8088015912776805,0.03116847224402083
1,M->N,1787402174.5139875,119.08855878998293,550.334,5.374617261155062,2.8093507393312995,0.024867439190426215
1,M->N,1787402174.6522293,119.22680098802084,550.434,5.393677229874537,2.8097773084359825,0.01817764363656281
1,M->N,1787402174.7916534,119.36622421297943,550.534,5.412741232439104,2.810073588773717,0.011093965435720778
1,M->N,1787402174.8673697,119.44194055197295,550.634,5.431808527357549,2.8102317819430946,0.0035487301858019315
1,M->N,1787402174.8792603,119.45383073500125,550.634,5.450877814285311,2.810242969111974,-0.0044328196745843
1,M->N,1787402174.8897548,119.4643253639806,550.634,5.469948002997964,2.8100990985972616,-0.012872862528759917
1,M->N,1787402175.0248837,119.599454709969,550.734,5.489017802561294,2.809790742061182,-0.021812590988327715
1,M->N,1787402175.1623704,119.73694191098912,550.834,5.5080857021165075,2.809308865695915,-0.031169670557201525
1,M->N,1787402175.2371619,119.81173275399487,550.934,5.527149794920777,2.80864524472878,-0.040966169216958406
1,M->N,1787402175.2507834,119.82535410998389,550.934,5.546208069011309,2.8077918607989463,-0.05122970065124824
1,M->N,1787402175.3244016,119.89897287497297,550.934,5.565258217004483,2.8067397236249,-0.06198571948616652
1,M->N,1787402175.4621038,120.03667621599743,551.034,5.584296887718698,2.8054798283162774,-0.07315873612173544
1,M->N,1787402175.5995944,120.1741650889744,551.234,5.603320890186915,2.8040041893743988,-0.08476114369779111
1,M->N,1787402175.738048,120.31262015696848,551.334,5.622326712771112,2.8023051366282545,-0.09675268046895234
1,M->N,1787402175.8163538,120.39092455798527,551.434,5.641311227304069,2.8003755857761985,-0.10914972884709968
1,M->N,1787402175.8284261,120.40299673902337,551.434,5.660271214945419,2.7982078134259796,-0.12196516453290551
1,M->N,1787402175.8385649,120.41313515498769,551.434,5.679202700342094,2.7957950798042868,-0.13507760496404145
1,M->N,1787402175.9098914,120.48446212196723,551.434,5.695449285722546,2.793572927875292,-0.13414672372639444
1,M->N,1787402176.0473728,120.62194426101632,551.534,5.711067538279184,2.7914865445985813,-0.13233968147173922
1,M->N,1787402176.123195,120.6977653959766,551.634,5.726545805809134,2.789369617770408,-0.14363058440945486
1,M->N,1787402176.1963882,120.770959054993,551.634,5.742004104668552,2.7870600154799163,-0.15661511844831577
1,M->N,1787402176.3321648,120.90673565899488,551.834,5.757432581603826,2.784548422350105,-0.1698053850704441
1,M->N,1787402176.3394852,120.91405544197187,551.834,5.772827522229536,2.7818321047064556,-0.18317297411363329
1,M->N,1787402176.4091432,120.98371429299004,551.834,5.788184518754168,2.778909441819822,-0.19667502763252484
1,M->N,1787402176.5486465,121.12321786896791,551.934,5.803499161599127,2.7757797602317473,-0.21029853549099375
1,M->N,1787402176.623581,121.19815224601189,552.034,5.81876767502562,2.772442021012472,-0.22401977783099541
1,M->N,1787402176.6983054,121.27287654299289,552.034,5.833987041000118,2.768894847120378,-0.2377825026691513
1,M->N,1787402176.8377554,121.4123269370175,552.234,5.849155254328052,2.7651382646276916,-0.2515575555216165
1,M->N,1787402176.854681,121.42925463698339,552.234,5.864270522724933,2.761172744138309,-0.26535963930530826
1,M->N,1787402176.9310849,121.50565564300632,552.234,5.879330130249029,2.756999102479625,-0.27916226993183113
1,M->N,1787402177.0682628,121.64283388899639,552.434,5.894330996121352,2.7526183452616246,-0.2929353985338878
1,M->N,1787402177.2054417,121.78001285000937,552.534,5.9092700717461595,2.74803157236692,-0.30663665257350725
1,M->N,1787402177.2801683,121.85473993001506,552.534,5.924144882230269,2.7432403233887173,-0.32026440595387645
1,M->N,1787402177.294305,121.86887632898288,552.634,5.940169483115134,2.737822337450883,-0.3375022983126534
1,M->N,1787402177.368612,121.94318366498919,552.634,5.953640736318084,2.7330004475691214,-0.35392569336658525
1,M->N,1787402177.4431944,122.01776555099059,552.634,5.96676893573149,2.728083295784818,-0.366183242617285
1,M->N,1787402177.5805001,122.15507172397338,552.834,5.979961326836832,2.722958871418896,-0.37716018216176217
1,M->N,1787402177.7166357,122.29120682302164,552.934,5.993285580417355,2.7176301109142535,-0.3865805145908048
1,M->N,1787402177.796602,122.37117318197852,553.034,6.0065579730569825,2.7121668172173488,-0.3974379565905031
1,M->N,1787402177.8077998,122.38237074902281,553.034,6.019948613908462,2.70648348951548,-0.40730166189806005
1,M->N,1787402177.819558,122.39412851101952,553.034,6.033544285561542,2.700572340259408,-0.4155921164411728
1,M->N,1787402177.9538014,122.52837353298673,553.134,6.047088563811622,2.6945346633908724,-0.4259440306681727
1,M->N,1787402178.0926228,122.66719408100471,553.234,6.059828858338871,2.688697765949662,-0.43506860288890165
1,M->N,1787402178.2313864,122.80595782300225,553.334,6.071791499737744,2.6831065956573887,-0.44169241245578816
1,M->N,1787402178.2455628,122.82013388501946,553.434,6.084370601113685,2.6771334242054565,-0.44503537837199014
1,M->N,1787402178.318343,122.89291390101425,553.434,6.096994811692551,2.671098396921072,-0.4482639914232467
1,M->N,1787402178.3314676,122.90603790001478,553.434,6.109599396008697,2.664995537817761,-0.45596920766326676
1,M->N,1787402178.4682176,123.0427892949665,553.534,6.12215596546491,2.658784253672333,-0.4654267613405272
1,M->N,1787402178.6055746,123.18014620797476,553.634,6.135471185867655,2.652046792531672,-0.4733993499886101
1,M->N,1787402178.7437224,123.31829389801715,553.734,6.148759435982812,2.645183796217454,-0.48258727911032706
1,M->N,1787402178.8234825,123.39805333002005,553.834,6.160774368781656,2.6388480940342793,-0.4894060033496831
1,M->N,1787402178.8394077,123.41397906502243,553.834,6.172732876285012,2.632435490330433,-0.49726173947600216
1,M->N,1787402178.8533561,123.42792706697946,553.834,6.185116258424923,2.6256650908427233,-0.5045966777484254
1,M->N,1787402178.989065,123.56363646697719,553.934,6.19801955282095,2.6185047818322347,-0.5104845333950252
1,M->N,1787402179.1261075,123.70067930896766,554.034,6.210877503977097,2.611254774970821,-0.5184263919333506
1,M->N,1787402179.202139,123.77671032800572,554.134,6.223675764850107,2.603900115197016,-0.5268830153787388
1,M->N,1787402179.2143602,123.7889313250198,554.134,6.238645164097474,2.595149765653902,-0.5313634212223773
1,M->N,1787402179.287697,123.86226947599789,554.134,6.252022068985494,2.5872715703682556,-0.5338640194557461
1,M->N,1787402179.4261327,124.00070411100751,554.234,6.265039338968169,2.579546487805275,-0.5389649044214091
1,M->N,1787402179.5631504,124.13772169698495,554.334,6.2802460903892365,2.5704034522012957,-0.5452430509184996
1,M->N,1787402179.7000108,124.27458161796676,554.534,6.296329616123765,2.560591105168604,-0.5518367360720315
1,M->N,1787402179.7789824,124.35355336900102,554.634,6.312533293712302,2.5505511455559264,-0.5594668135788308
1,M->N,1787402179.7952309,124.36980158399092,554.634,6.328659014051539,2.540385925161579,-0.5672119529765179
1,M->N,1787402179.8056753,124.38024588098051,554.634,6.344704516931018,2.530097939063927,-0.574720274985321
1,M->N,1787402179.8777835,124.45235459198011,554.634,6.3606713031448905,2.5196942092738785,-0.5816741265826221
1,M->N,1787402180.0145829,124.58915398898534,554.734,6.376566332523894,2.509186908462672,-0.5877717736327845
1,M->N,1787402180.0897923,124.66436340898508,554.834,6.392398122601997,2.498588174311955,-0.593242287145916
1,M->N,1787402180.1639588,124.73852986900602,554.834,6.408172158181995,2.487908741289703,-0.5979329579665067
1,M->N,1787402180.301439,124.8760105780093,554.934,6.423898040946362,2.4771618806217877,-0.6018153886870283
1,M->N,1787402180.3155303,124.89010125998175,555.034,6.439584180034771,2.466359152799581,-0.6049450049225279
1,M->N,1787402180.3890922,124.96366306900745,555.034,6.455239061833674,2.4555111626502013,-0.6074655986117485
1,M->N,1787402180.5261712,125.10074339597486,555.134,6.470868742380597,2.4446276577434904,-0.6093683718784644
1,M->N,1787402180.6648896,125.23946110601537,555.234,6.486480111944049,2.4337201316363584,-0.6104534804713175
1,M->N,1787402180.7400706,125.31464149500243,555.334,6.502081103213854,2.4228007171409844,-0.6108539103069074
1,M->N,1787402180.812699,125.38726976601174,555.434,6.517679164957308,2.4118805540423622,-0.6105892963578674
1,M->N,1787402180.8237038,125.3982745219837,555.434,6.533280966381078,2.400968156087982,-0.609917633219059
1,M->N,1787402180.8973756,125.47194733901415,555.434,6.548890004418566,2.39007066745238,-0.6086478006495332
1,M->N,1787402181.0352983,125.60987003298942,555.534,6.564514332246713,2.3791983377165242,-0.60676111405989
1,M->N,1787402181.1730974,125.74766833899776,555.634,6.580159323430551,2.3683589227112423,-0.6044954288783464
1,M->N,1787402181.3104787,125.88505030598026,555.734,6.595829432798012,2.3575585523415925,-0.6017674501908175
1,M->N,1787402181.3253775,125.89994878298603,555.834,6.611530542956868,2.346802924499455,-0.5987301348824496
1,M->N,1787402181.3363388,125.91090978001012,555.834,6.627265935003317,2.336096028762302,-0.5954308807302439
1,M->N,1787402181.408981,125.98355182498926,555.834,6.643038450646912,2.3254421842542126,-0.5918765126209767
1,M->N,1787402181.5454328,126.12000393198105,555.934,6.658850092251985,2.3148457487158183,-0.5881412159178455
1,M->N,1787402181.6200864,126.19465763599146,556.034,6.674701220479698,2.3043094467665157,-0.5842891220113619
1,M->N,1787402181.6947992,126.26936972199474,556.034,6.69044552360272,2.293927097411235,-0.5818242632153858
1,M->N,1787402181.8328052,126.4073757249862,556.234,6.706196785598876,2.283546345917586,-0.5854146402826779
1,M->N,1787402181.9717634,126.54633480700431,556.334,6.722034888947238,2.272945647879712,-0.5976849663513124
1,M->N,1787402182.110563,126.68513401999371,556.434,6.737744213972368,2.262135387577895,-0.6105667612874293
1,M->N,1787402182.2463002,126.8208710050094,556.534,6.753312981721431,2.2511266505318352,-0.623026366007806
1,M->N,1787402182.322432,126.89700274798088,556.634,6.768744510627916,2.2399294525079347,-0.6348376556443096
1,M->N,1787402182.334302,126.90887243801262,556.634,6.784044760825952,2.228554268843147,-0.646134516587306
1,M->N,1787402182.3443844,126.91895501699764,556.634,6.799217226187739,2.2170103498843767,-0.6568428281867373
1,M->N,1787402182.3542163,126.92878703400493,556.634,6.814267487547365,2.2053093151981287,-0.6668413060804291
1,M->N,1787402182.4282968,127.00286726298509,556.734,6.829201877792315,2.1934630209989043,-0.6761980341308216
1,M->N,1787402182.5024083,127.07697912899312,556.734,6.844026342455673,2.1814818591452787,-0.6849934382133983
1,M->N,1787402182.6385224,127.21309376799036,556.834,6.858746331648164,2.1693748487667315,-0.6932343766666114
1,M->N,1787402182.7772214,127.35179244901519,556.934,6.873367179739821,2.1571503306176747,-0.7010309459980568
1,M->N,1787402182.9175649,127.49213614501059,557.034,6.887893119619827,2.144814979700059,-0.708368532135875
1,M->N,1787402183.0573997,127.6319708909723,557.234,6.902329195555948,2.1323794328675705,-0.7148655889432857
1,M->N,1787402183.071628,127.64619882998522,557.234,6.916692027974678,2.119866099955355,-0.7190610263701482
1,M->N,1787402183.082807,127.65737800102215,557.234,6.931007788218797,2.1073017364522366,-0.7221260736814844
1,M->N,1787402183.0931492,127.66771982697537,557.234,6.945286765703846,2.0946972622530886,-0.7246514259043452
1,M->N,1787402183.2313209,127.80589227197925,557.334,6.9595346390353,2.0820586317651326,-0.7269078631553028
1,M->N,1787402183.369725,127.9442956270068,557.434,6.9737548422311395,2.069389584710856,-0.7289998014129043
1,M->N,1787402183.3848183,127.9593894269783,557.534,6.987949349287426,2.056692263834836,-0.7309795384095357
1,M->N,1787402183.4601269,128.03469742002198,557.534,7.0021187881821305,2.0439673500995363,-0.7328746004729946
1,M->N,1787402183.534368,128.10893947200384,557.534,7.016263919105651,2.0312154634364634,-0.734688257100211
1,M->N,1787402183.6714768,128.24604808096774,557.734,7.0303862088107305,2.0184382930382867,-0.7364319418230375
1,M->N,1787402183.6845906,128.25916147098178,557.734,7.044486712463746,2.005637169364307,-0.7381161308829706
1,M->N,1787402183.7579958,128.33256665896624,557.734,7.058566500201034,1.9928129811922028,-0.739754084206317
1,M->N,1787402183.8948913,128.46946256799856,557.834,7.072625232487059,1.9799655607668658,-0.7413559626302645
1,M->N,1787402183.9733284,128.54789921198972,558.034,7.086663006234331,1.9670953963899345,-0.7429222849569856
1,M->N,1787402184.109006,128.68357744597597,558.034,7.100680765423616,1.9542039721001847,-0.7444547784537972
1,M->N,1787402184.2464483,128.82101955701364,558.134,7.11467902440219,1.9412919868592327,-0.7459478344115688
1,M->N,1787402184.3835504,128.95812191598816,558.234,7.12865804346614,1.9283596195076125,-0.7473926084374778
1,M->N,1787402184.3973007,128.97187192097772,558.334,7.142617920699519,1.915407015011105,-0.7487834224664339
1,M->N,1787402184.4089904,128.98356085800333,558.334,7.156559761159166,1.90243533498034,-0.7501180640130392
1,M->N,1787402184.4188333,128.99340417899657,558.334,7.17048479541723,1.8894456219295157,-0.7513952039650622
1,M->N,1787402184.5545306,129.12910191196715,558.434,7.184393744262783,1.8764379831783031,-0.7526889173997251
1,M->N,1787402184.6919122,129.2664833799936,558.534,7.198286028179564,1.8634116666772378,-0.754018777073031
1,M->N,1787402184.7684796,129.34305086400127,558.634,7.212161194307383,1.8503665284720885,-0.7553542473710051
1,M->N,1787402184.905011,129.47958291496616,558.634,7.226018915472728,1.8373028477570161,-0.7566869860024281
1,M->N,1787402185.043876,129.6184476269991,558.734,7.239859156794243,1.824220997213605,-0.7580144599875152
1,M->N,1787402185.1804097,129.75498083099956,558.934,7.2536816978421825,1.8111210874319734,-0.7593317000735558
1,M->N,1787402185.2562785,129.83085002400912,559.034,7.26748667029292,1.7980032494056508,-0.7606299155486747
1,M->N,1787402185.2695127,129.8440840379917,559.034,7.281274626804749,1.7848681720805952,-0.7618596265886319
1,M->N,1787402185.281062,129.85563263401855,559.034,7.295046635822811,1.7717170217535056,-0.763011163204162
1,M->N,1787402185.2906148,129.86518582701683,559.034,7.308803523455955,1.758550347469153,-0.7641088538204436
1,M->N,1787402185.362688,129.93725977296708,559.034,7.322546244792415,1.745368716976057,-0.7651624258543372
1,M->N,1787402185.50069,130.07526076596696,559.134,7.336275672500358,1.7321725762219222,-0.7661856357132237
1,M->N,1787402185.638659,130.21322987996973,559.234,7.349992196761067,1.7189620901351121,-0.7671981632226343
1,M->N,1787402185.7753897,130.34996108402265,559.334,7.363695589570741,1.7057372773189927,-0.7682068801111165
1,M->N,1787402185.9150877,130.4896586809773,559.434,7.377385532151244,1.6924984976658202,-0.7692231080132045
1,M->N,1787402186.0546942,130.62926576199243,559.634,7.3910617431627905,1.6792460156735678,-0.7702572016134704
1,M->N,1787402186.1923122,130.76688304601703,559.734,7.4047240084152115,1.6659798637583363,-0.7712975431869997
1,M->N,1787402186.2054985,130.78006948897382,559.734,7.418372070986817,1.6526997050300514,-0.7723433505799642
1,M->N,1787402186.2166815,130.79125199298142,559.734,7.432005771629568,1.6394053781485023,-0.7733934309937576
1,M->N,1787402186.2276688,130.80223929102067,559.734,7.44562523856788,1.6260970331216436,-0.774446171851547
1,M->N,1787402186.2371922,130.8117631180212,559.734,7.459230728521416,1.612774599961587,-0.7754892843282739
1,M->N,1787402186.2463155,130.82088638097048,559.734,7.472822622535572,1.5994377400626416,-0.7765220084582343
1,M->N,1787402186.3815012,130.95607240998652,559.834,7.486401303338487,1.58608629573045,-0.7775517384596303
1,M->N,1787402186.5192466,131.09381781797856,559.934,7.499966828608886,1.5727201854461683,-0.7785920915920593
1,M->N,1787402186.6558623,131.23043368698563,560.034,7.513518638039921,1.5593395013310558,-0.7796568499833078
1,M->N,1787402186.7926266,131.36719801300205,560.134,7.527055959631135,1.5459443625337803,-0.7807464934829456
1,M->N,1787402186.8030515,131.37762217898853,560.234,7.540578247979341,1.5325346101168034,-0.7818627426875253
1,M->N,1787402186.8121288,131.38669961696723,560.234,7.554085176829083,1.5191100291988426,-0.782998069227504
1,M->N,1787402186.948071,131.5226426969748,560.334,7.567576460790077,1.50567033808231,-0.7841494857771358
1,M->N,1787402187.0871851,131.66175676701823,560.434,7.5810517627827965,1.4922153514156689,-0.7853090418804556
1,M->N,1787402187.2232404,131.7978112429846,560.534,7.594511083303245,1.47874497430782,-0.7864687875415173
1,M->N,1787402187.29867,131.8732412540121,560.634,7.607954724803038,1.4652591371671535,-0.7876232036115516
1,M->N,1787402187.3114922,131.88606307201553,560.634,7.621383355833649,1.4517576844032267,-0.788761275441073
1,M->N,1787402187.322763,131.89733438298572,560.634,7.634797401161459,1.4382402938357342,-0.78988850550132
1,M->N,1787402187.4588344,132.03340613801265,560.734,7.6481968449380355,1.424707007110558,-0.7910059481558257
1,M->N,1787402187.5961535,132.1707252219785,560.834,7.661581381030329,1.4111584147997338,-0.7921270093246786
1,M->N,1787402187.6694114,132.2439818289713,560.934,7.674950512751848,1.3975950960015044,-0.7932522716020249
1,M->N,1787402187.805828,132.3803998939693,560.934,7.688303968713945,1.3840171542620647,-0.7943750749152523
1,M->N,1787402187.9428937,132.51746514398837,561.034,7.701641891251251,1.3704247238207077,-0.7954864803119639
1,M->N,1787402188.0827374,132.65730828099186,561.234,7.714964366217647,1.3568179527224842,-0.7965783989506914
1,M->N,1787402188.2197673,132.79433910996886,561.334,7.72827165287858,1.3431973148162655,-0.7976372191439726
1,M->N,1787402188.357766,132.93233779998263,561.434,7.74156420744729,1.3295632170558762,-0.7986555314457643
1,M->N,1787402188.4945765,133.06914788897848,561.534,7.7548429426259,1.3159159208823277,-0.7996270687483785
1,M->N,1787402188.5661576,133.14072828000644,561.634,7.768109213935704,1.3022556241646805,-0.800547846534038
1,M->N,1787402188.5714693,133.14603944297414,561.634,7.78136415898097,1.288582645446956,-0.8014155135005373
1,M->N,1787402188.577273,133.15184340800624,561.634,7.794608049670797,1.2748975537584877,-0.8022463252503986
1,M->N,1787402188.582269,133.1568393469788,561.634,7.8078407713836135,1.261201318140924,-0.8030513318624065
1,M->N,1787402188.5871747,133.16174479399342,561.634,7.821062216145007,1.2474949753584264,-0.8038280793879092
1,M->N,1787402188.5920806,133.1666507460177,561.634,7.834272801215975,1.2337791829465583,-0.804580387873339
1,M->N,1787402188.5968952,133.1714656910044,561.634,7.847472819143633,1.2200540402868127,-0.8053052114599591
1,M->N,1787402188.7297835,133.30435558897443,561.734,7.860662580764916,1.2063198695362845,-0.8059957466176175
1,M->N,1787402188.8053677,133.379938676022,561.734,7.873842460301067,1.19257729249966,-0.8066484646279932
1,M->N,1787402188.941916,133.5164866989944,561.834,7.8870130927068836,1.1788270333795654,-0.8072498869386234
1,M->N,1787402189.0777717,133.65234323201003,562.034,7.900175630653036,1.1650692723952687,-0.8078028014178907
1,M->N,1787402189.2162967,133.79086740501225,562.134,7.913331442535239,1.1513038712771568,-0.8083110561896625
1,M->N,1787402189.3552473,133.92981897701975,562.234,7.9264814996984345,1.13753090734938,-0.8087858621277362
1,M->N,1787402189.4921458,134.06671630800702,562.334,7.93962585164673,1.1237508543555508,-0.80924024871063
1,M->N,1787402189.5678942,134.1424650719855,562.434,7.952764060891805,1.1099647332227163,-0.8096910844891096
1,M->N,1787402189.5835629,134.15813383099157,562.434,7.965895491619654,1.0961731840346627,-0.8101485794939071
1,M->N,1787402189.5972073,134.17177837900817,562.434,7.979020146284936,1.0823762098328193,-0.8106150319264614
1,M->N,1787402189.6711493,134.24572167999577,562.434,7.992138174016793,1.0685736032103474,-0.81108799776425
1,M->N,1787402189.8081028,134.38267432898283,562.534,8.005249191575958,1.0547648963165308,-0.8115709861416772
1,M->N,1787402189.9425557,134.51712676801253,562.634,8.018352789532656,1.040950117782434,-0.812071160346663
1,M->N,1787402190.0793574,134.65392854297534,562.834,8.031448839391926,1.0271292820393167,-0.8125871277475659
1,M->N,1787402190.094187,134.66875765199075,562.834,8.044537791033497,1.0133017107299647,-0.8131300095387346
1,M->N,1787402190.1054218,134.679992638994,562.834,8.057619925279884,0.9994660177042267,-0.8137130808637224
1,M->N,1787402190.1778111,134.75238221901236,562.834,8.070694938335823,0.9856209708118626,-0.8143334773581332
1,M->N,1787402190.3147812,134.88935280998703,562.934,8.083761990233784,0.971766597720967,-0.81498806352659
1,M->N,1787402190.454266,135.02883728698362,563.034,8.096819640660902,0.957902925998598,-0.815775313000187
1,M->N,1787402190.59201,135.16658123600064,563.234,8.109865396752053,0.9440289092540121,-0.8166761484292268
1,M->N,1787402190.7280679,135.3026391529711,563.334,8.1228976298149,0.9301430064996907,-0.8176932299124268
1,M->N,1787402190.8663745,135.44094553397736,563.434,8.135914643439529,0.9162429213266575,-0.8188730575020038
1,M->N,1787402190.949629,135.52420013101073,563.534,8.148914194115237,0.9023266018037417,-0.8202251805751775
1,M->N,1787402190.9611719,135.53574244800257,563.534,8.161893825077522,0.8883924894143371,-0.8217079478560801
1,M->N,1787402190.9723942,135.5469646769925,563.534,8.174851711532117,0.8744389738792432,-0.8233256904017016
1,M->N,1787402190.9816825,135.55625293101184,563.534,8.187786141991456,0.8604628306423552,-0.8251887958567709
1,M->N,1787402191.0534272,135.62799824099056,563.534,8.200694478233642,0.8464600353367162,-0.8272511772490225
1,M->N,1787402191.0688791,135.64344973501284,563.634,8.213574262725736,0.832427432570604,-0.8295666520887939
1,M->N,1787402191.205453,135.7800238240161,563.634,8.226421343261043,0.8183621315380981,-0.8321750588923714
1,M->N,1787402191.3425481,135.91711918701185,563.734,8.239230177554026,0.804261114014143,-0.8351461286249104
1,M->N,1787402191.4801,136.0546706150053,563.934,8.251826798051084,0.790263579007969,-0.8428457195755964
1,M->N,1787402191.617094,136.19166512100492,564.034,8.264174055714173,0.7763347930983613,-0.848965453879964
1,M->N,1787402191.7551832,136.32975463801995,564.134,8.2761354743267,0.7626400406340422,-0.860017388536629
1,M->N,1787402191.893118,136.46768852800597,564.234,8.287643203543617,0.7491262627199642,-0.8727281703175161
1,M->N,1787402191.9684393,136.54300997097744,564.334,8.298730544322346,0.7358175929075718,-0.8804790209274597
1,M->N,1787402191.9820664,136.55663719400764,564.334,8.309402266695185,0.7228261200929339,-0.8871925525661037
1,M->N,1787402191.9932055,136.56777624296956,564.334,8.319726206514417,0.7100844699591087,-0.8932070491270561
1,M->N,1787402192.0028014,136.57737174199428,564.334,8.329734515302636,0.6975782778125806,-0.8999141721659598
1,M->N,1787402192.0118887,136.5864590459969,564.334,8.339483673457302,0.6852341489047883,-0.9063757863226762
1,M->N,1787402192.0200787,136.59464908699738,564.334,8.34886442802133,0.6731781629142463,-0.913587833752633
1,M->N,1787402192.1553218,136.7298929609824,564.434,8.358104276664012,0.6611508735218373,-0.9184837071092281
1,M->N,1787402192.295109,136.86968012701254,564.534,8.367017379410273,0.6493979822667046,-0.928513800204798
1,M->N,1787402192.4311492,137.00572037999518,564.634,8.37545471717306,0.6379923356251446,-0.94159706969208
1,M->N,1787402192.5687373,137.1433092089719,564.734,8.383513012808363,0.6268289768189239,-0.950443250284303
1,M->N,1787402192.7081535,137.28272452700185,564.834,8.391389291298147,0.6157502158227167,-0.9560096294374216
1,M->N,1787402192.7213829,137.29595349001465,564.934,8.39897074741293,0.6049603196692626,-0.9617374756626758
1,M->N,1787402192.7328682,137.30743874202017,564.934,8.406269527371071,0.5944430552277657,-0.9670803545221878
1,M->N,1787402192.8694391,137.44401068100706,565.034,8.413551544122754,0.5838463212715057,-0.9717566130933867
1,M->N,1787402193.0063019,137.58087307197275,565.134,8.420409464708554,0.5737437818494212,-0.9776175008382408
1,M->N,1787402193.1435301,137.71810110099614,565.234,8.427318424175281,0.5634563491291633,-0.9828101290272053
1,M->N,1787402193.2219028,137.79647359997034,565.334,8.433727983205864,0.5537372691118052,-0.9955226551747929
1,M->N,1787402193.234388,137.80895881698234,565.334,8.439924128628775,0.5440878187603434,-1.0056413857338298
1,M->N,1787402193.2448702,137.81944054499036,565.334,8.445896994080002,0.5346250584608493,-1.0099948728136712
1,M->N,1787402193.381002,137.95557337097125,565.434,8.451689118278313,0.5253631101238222,-1.0147030031218969
1,M->N,1787402193.518308,138.09287924302043,565.534,8.457367769010203,0.5161963861713774,-1.0188047387463597
1,M->N,1787402193.655498,138.23006887896918,565.634,8.462742363606107,0.5074246947920811,-1.023654211814104
1,M->N,1787402193.794684,138.3692551329732,565.734,8.468165768817375,0.49849550064157944,-1.027682857845994
1,M->N,1787402193.9390807,138.51365122001152,565.934,8.475698933456263,0.4857972092662726,-1.045386163575968
1,M->N,1787402193.9559743,138.53054472396616,565.934,8.482766271949663,0.4734793372884978,-1.0534894268969561
1,M->N,1787402193.9711404,138.54571076401044,565.934,8.489481464010893,0.4616253253157544,-1.0570631246255089
1,M->N,1787402194.111293,138.68586406699615,565.934,8.495963761781091,0.4500766459716351,-1.0617088242237687
1,M->N,1787402194.2540376,138.82860817498295,566.134,8.502192573607575,0.43880076182066263,-1.0743153701507977
1,M->N,1787402194.4604998,139.03507088602055,566.234,8.50792703061234,0.4280810170022214,-1.0839486045996458
1,M->N,1787402194.6045914,139.17916292900918,566.334,8.513457936601853,0.417598764343929,-1.087666255402351
1,M->N,1787402194.6876018,139.26217254897347,566.434,8.518815044297764,0.4073399568581369,-1.0946638428782198
1,M->N,1787402194.8323514,139.40692193701398,566.634,8.52372570238976,0.3976752876638929,-1.1071518461252894
1,M->N,1787402194.9763165,139.550886964018,566.734,8.528432838345875,0.38821490795455244,-1.111567511788645
1,M->N,1787402195.1823072,139.75687807198847,566.834,8.532955563590658,0.37903864908404294,-1.1156393749109341
1,M->N,1787402195.45871,140.03328095498728,567.034,8.538742341374931,0.36716341691715804,-1.1232714235642525
1,M->N,1787402195.4857523,140.0603228380205,567.134,8.543979840047829,0.35601585390889284,-1.1377271510779976
1,M->N,1787402195.50662,140.08119029097725,567.134,8.548955536202277,0.34522445350886305,-1.1398953430877061
1,M->N,1787402195.7806327,140.35520412697224,567.334,8.553689032949057,0.3348082136386018,-1.1495922466705475
1,M->N,1787402195.9943264,140.56889713899,567.534,8.558063663681711,0.3249592462819609,-1.1616064210653512
1,M->N,1787402196.016899,140.59146938001504,567.534,8.562044227125158,0.31565084881374156,-1.1686875715608351
1,M->N,1787402196.3598552,140.93442598101683,567.734,8.566808173785338,0.3044123452251945,-1.1722453164105193
1,M->N,1787402196.5185812,141.09315189701738,567.934,8.57145184782513,0.2933409589665717,-1.1769970178544862
1,M->N,1787402196.7339318,141.30850364500657,568.034,8.575994516543576,0.2822100205726216,-1.1968528718941849
1,M->N,1787402197.0749376,141.6495082359761,568.334,8.5803110893713,0.271104324938889,-1.201873682517669
1,M->N,1787402197.2292402,141.80381060997024,568.534,8.584588282587957,0.25999332271848663,-1.2044984659615257
1,M->N,1787402197.3157306,141.89030183601426,568.534,8.588807023871794,0.24885980766053908,-1.2127527979703616
1,M->N,1787402197.53712,142.1116907870164,568.734,8.59292911182099,0.23767556245125968,-1.2222809898135847
