wall_time,wall_elapsed_s,sim_time,x,y,yaw
1787850571.4958549,0.06978933299978962,52.1,8.50157958450726,9.92938871389999e-07,0.0014426194180556262
1787850574.0342925,2.608227317003184,54.1,8.490175053986214,4.4937096145069574e-05,-0.011959358307056432
1787850574.3226507,2.896585303999018,54.4,8.478053576827584,0.0003144738976144429,-0.03434978132602716
1787850574.477718,3.051652882997587,54.5,8.466617639321994,0.000844515451142923,-0.059832282427123
1787850574.75747,3.3314047699968796,54.6,8.454339530189273,0.0017552734159030216,-0.08986520355137316
1787850574.8493314,3.4232658949986217,54.8,8.443948871067999,0.00282353728294678,-0.11636333414179853
1787850575.1222162,3.6961511639965465,54.9,8.433153159447908,0.004231278723284968,-0.14421180594203187
1787850575.2754545,3.84938937699917,55.1,8.421933997188509,0.006019313923624944,-0.17309823720032425
1787850575.2976518,3.87158633099898,55.1,8.410355791852794,0.008216491082784112,-0.2031466854124733
1787850575.5743854,4.1483210869992035,55.3,8.398735487882526,0.010791824744123135,-0.23421273923713137
1787850575.8548005,4.428735055997095,55.5,8.38708530074818,0.01376468675008602,-0.26648079074125886
1787850575.9436078,4.517542214998684,55.6,8.375392052007129,0.017162909141834635,-0.30003354572104185
1787850575.9635592,4.537493525000173,55.6,8.36370625116496,0.020996452581639877,-0.3346463942171285
1787850576.1742535,4.74818869199953,55.8,8.351895023272473,0.025336573037339636,-0.37021848028727505
1787850576.448761,5.022695861996908,56.0,8.340039273051588,0.03018465516598339,-0.40657762553719357
1787850576.5377247,5.1116591050013085,56.1,8.328239538862821,0.035522841999404996,-0.4435131986200067
1787850576.7482362,5.322171323001385,56.2,8.316616798944427,0.041309168477319996,-0.4807941238301835
1787850576.9655783,5.539513326002634,56.5,8.3052407674349,0.04751569717998986,-0.5183668888356443
1787850576.9955158,5.569450467002753,56.5,8.294183365739302,0.054099890206223446,-0.5561951591423246
1787850577.2041812,5.778116349996708,56.6,8.283505811126076,0.06102103877808843,-0.5943686656108801
1787850577.4170842,5.991019095003139,56.8,8.273066280344496,0.06837118964308694,-0.6328928840688315
1787850577.56565,6.139584914002626,56.9,8.262702503740746,0.07628376109859586,-0.6718727410188008
1787850577.7772386,6.3511735840002075,57.1,8.252617091865064,0.08462794949855024,-0.7114326073295241
1787850577.9300404,6.503975346997322,57.1,8.242936032399033,0.09330859552214293,-0.7515955427671471
1787850578.1468105,6.72074518899899,57.4,8.233631827521076,0.10235715056978616,-0.7926238960624646
1787850578.2333393,6.807274377002614,57.4,8.224573762826545,0.11192639559785122,-0.8347220966028797
1787850578.5070522,7.080987055000151,57.6,8.215958966320189,0.12184005021240787,-0.8781588528207598
1787850578.5957592,7.169693415002257,57.7,8.207987497997234,0.13186874943349425,-0.9230948780760686
1787850578.8074396,7.38137395800004,57.9,8.20072160650956,0.14192010000907085,-0.9697853118323435
1787850578.9602456,7.534179921000032,58.0,8.194260560082391,0.15181259215059362,-1.0183201812674232
1787850579.1719637,7.745898371998919,58.1,8.188593050707874,0.16149847400061995,-1.068992020375666
1787850579.3302703,7.904204856997239,58.3,8.183390283741161,0.17160944368575293,-1.1239943625730544
1787850579.6102602,8.18419536500005,58.5,8.17897276629416,0.18168335520643378,-1.1999989691606898
1787850580.0260391,8.599973937001778,58.8,8.175490317617216,0.19205293562303513,-1.3045692761434062
1787850580.2047274,8.778661974996794,58.9,8.173537888740096,0.20222280533575163,-1.4924887573068084
1787850580.7800815,9.354015907003486,59.5,8.172308846595408,0.19224211355300466,-1.7402008507401068
1787850580.8628685,9.436803297998267,59.5,8.16988723446572,0.18053451688343472,-1.8175390282660007
1787850581.0713253,9.645259994998924,59.7,8.166940885443763,0.1698512600316878,-1.8719855147290319
1787850581.1540518,9.727986960002454,59.7,8.163020964743996,0.1581148193745365,-1.9245128932717601
1787850581.3623607,9.936295512998186,59.9,8.158182238669552,0.1458015169398776,-1.9742820696797354
1787850581.4437072,10.017641564998485,60.0,8.152184733721114,0.13243213116797975,-2.018440609423526
1787850581.455014,10.028948352999578,60.0,8.147613235962009,0.12320332902550096,-2.0518349216781857
1787850581.5911436,10.165078375997837,60.1,8.142773923697204,0.11421254134560217,-2.0854759823953746
1787850581.7277253,10.301660769000591,60.2,8.137495301015823,0.10513644058865383,-2.1177779860891826
1787850581.8650649,10.43899957100075,60.3,8.132104648542597,0.09652458043501205,-2.149933718906364
1787850581.941673,10.515607576002367,60.4,8.126419013294987,0.08804379279656119,-2.1798054561288613
1787850581.9597745,10.533709044000716,60.4,8.117906581521593,0.07625617127305502,-2.2156820428552524
1787850582.1011012,10.675036243002978,60.5,8.109473346251471,0.06537943517216636,-2.2523434080447493
1787850582.3092093,10.883144833998813,60.7,8.10260329048026,0.05712712760098164,-2.2819557343204373
1787850582.393455,10.967389942001319,60.8,8.09565553664433,0.049234921919843605,-2.306737627095522
1787850582.413285,10.987219388996891,60.8,8.088623165552248,0.04163982159893892,-2.3312227460640407
1787850582.6179993,11.19193420800002,60.9,8.081625503623778,0.03441047969660944,-2.3520110356753725
1787850582.8312395,11.405173977997038,61.1,8.072347320138224,0.0252994536684857,-2.3812672641705355
1787850583.04351,11.617444502997387,61.3,8.063140387458283,0.0167558466519316,-2.4079472812607268
1787850583.1323984,11.70633275200089,61.4,8.053600786434892,0.008339559254004026,-2.4305695077778995
1787850583.3382308,11.9121650829984,61.5,8.045957372683356,0.0018388360619563428,-2.4438360954991745
1787850583.419843,11.993777837997186,61.6,8.038015159912941,-0.00475644634477099,-2.4538313546518897
1787850583.4360237,12.009958091002773,61.6,8.02981369273663,-0.011450852564549804,-2.4603871263798793
1787850583.6401675,12.214102644997183,61.7,8.021552602866155,-0.01812287065341624,-2.4641709323736856
1787850583.846866,12.420800672996847,61.9,8.013331397193774,-0.024723566049936918,-2.465727427164246
1787850583.9296901,12.503624324002885,62.0,8.005191389337337,-0.03124976737172989,-2.465487658948394
1787850584.0101604,12.58409493000363,62.1,7.9972102362380815,-0.037661574584310666,-2.4637031971352386
1787850584.1616287,12.735563080997963,62.2,7.9869118117144025,-0.04599106199847118,-2.4583747875524304
1787850584.3183944,12.892328961002931,62.3,7.977434089157448,-0.05374444510500196,-2.452414538971418
1787850584.5302992,13.104233789999853,62.5,7.968801716136985,-0.06091541027285742,-2.4427672570738044
1787850584.8043814,13.378316171001643,62.7,7.960356162993118,-0.06809348302538631,-2.4301504610878055
1787850585.0190148,13.59294997699908,62.9,7.952080823790109,-0.07531314128608325,-2.417164767617278
1787850585.0421193,13.61605344399868,62.9,7.944066721752796,-0.08248748288490333,-2.404489505893997
1787850585.1861165,13.760051122000732,63.0,7.936341007641053,-0.08957861573484029,-2.392497938520968
1787850585.4036055,13.977540189000138,63.2,7.929011899013557,-0.09646322068768787,-2.3813525521318546
1787850585.5602808,14.1342160589993,63.3,7.9204574512704635,-0.10469452366349437,-2.36856629752051
1787850585.7170622,14.290996912997798,63.4,7.912662925743092,-0.11238163307785734,-2.3567652140036293
1787850585.9364808,14.510415830998681,63.6,7.905543090668122,-0.1195660531085178,-2.345495586790154
1787850586.161504,14.735438766001607,63.8,7.89771569683621,-0.12765982830964467,-2.3323409916257725
1787850586.5749445,15.148879218999355,64.1,7.890528626549198,-0.1352878799597073,-2.319473388966069
1787850586.8685877,15.442522112003644,64.4,7.8830036773469745,-0.14349748944687024,-2.304587676254857
1787850586.971646,15.545580935999169,64.5,7.876305881444107,-0.1510257418691936,-2.2896337403063765
1787850587.463971,16.037905516001047,64.9,7.869601221010363,-0.15880850480157468,-2.2726314422502982
1787850587.8370707,16.411005622998346,65.2,7.86299546270007,-0.1667616481949606,-2.25349150572526
1787850588.1365514,16.71048611799779,65.4,7.856186808344094,-0.17525769763969254,-2.2338417805666433
1787850588.6486478,17.22258231500018,65.8,7.849893424714137,-0.1835936364142856,-2.1950996199338073
1787850589.480196,18.05413106099877,66.4,7.843936541396944,-0.19232368331055627,-2.12642578561763
1787850589.7514958,18.325430406999658,66.7,7.838688799917841,-0.20123130479308818,-2.066930846827024
1787850590.3948698,18.968804226999055,67.2,7.833997539437426,-0.21092060725334552,-1.9710806054971683
1787850590.561942,19.135877015003643,67.3,7.8302610786233915,-0.22051879858218434,-1.9053226085387645
1787850590.8431857,19.417120726000576,67.5,7.826503805402582,-0.2322488515073722,-1.8535870329438313
1787850591.1171865,19.69112149599823,67.7,7.823371985071095,-0.24372722416357054,-1.8136253419041144
1787850591.261289,19.835223932997906,67.9,7.820955924245562,-0.2540967722788058,-1.7779448964769955
1787850591.466144,20.040078828998958,68.0,7.818583569959836,-0.26622140536227756,-1.745712961277305
1787850591.6165245,20.19045890599955,68.2,7.816301712804837,-0.2800540403916819,-1.7180803648908167
1787850591.6351871,20.20912158000283,68.2,7.814262371743668,-0.29488317753380455,-1.6936109239263
1787850591.6457045,20.2196389669989,68.2,7.813021852399197,-0.3053693114567605,-1.6799316019990658
1787850591.6550987,20.229032672999892,68.2,7.811875570081905,-0.316293844794842,-1.6674003330313614
1787850591.6633608,20.237294785001723,68.2,7.810833206376423,-0.32755459244550084,-1.6558276191735812
1787850591.7338002,20.30773467599647,68.2,7.809905877422138,-0.33896482076494056,-1.6450741707305312
1787850591.870913,20.444848439001362,68.4,7.809085051565167,-0.35057475911528463,-1.6350104450358511
1787850592.0070157,20.580951071999152,68.5,7.8083742822309965,-0.3622625140745029,-1.6255147875911327
1787850592.0785916,20.652526334000868,68.5,7.8077628580436755,-0.37412333321536995,-1.6168873490181914
1787850592.2158513,20.789785886001482,68.6,7.807241341436354,-0.38617087016134405,-1.60941888459566
1787850592.3521914,20.926126393998857,68.7,7.806799328413243,-0.398363816856642,-1.6032236164621254
1787850592.489267,21.063201987002685,68.9,7.806424975736217,-0.4106222379333825,-1.5981891434745366
1787850592.5055637,21.079497940998408,68.9,7.806104466503084,-0.42300603140525705,-1.5941994266847723
1787850592.5164993,21.09043339300115,68.9,7.805828334360018,-0.4354257472743584,-1.591125074813203
1787850592.5889077,21.162842504003493,68.9,7.805581693422584,-0.4479089964638467,-1.5898252191670739
1787850592.7263148,21.300249852996785,69.0,7.8053452864409305,-0.46038609386945045,-1.5897593315188132
1787850592.8636642,21.437598960998002,69.2,7.805106297056383,-0.4727444900937623,-1.5910634201702032
1787850593.000298,21.574232856997696,69.3,7.804847380833914,-0.48498544290275586,-1.5936949150655946
1787850593.1367233,21.71065778799675,69.4,7.804556181821871,-0.49701176782269296,-1.5975346551725853
1787850593.2812314,21.855166086999816,69.5,7.804213320824675,-0.5090573926680282,-1.602401777740519
1787850593.3561387,21.930073351002648,69.6,7.8038026777107525,-0.5211956052098063,-1.6086735944172506
1787850593.3690977,21.943032205002964,69.6,7.803316484660509,-0.5332159196711491,-1.615893826931824
1787850593.3806973,21.95463227199798,69.6,7.802752484746716,-0.5449567734691924,-1.624112946579097
1787850593.3914628,21.965397478998057,69.6,7.802103746887838,-0.5564059941448092,-1.6333735721281342
1787850593.4636488,22.037583293000353,69.6,7.801353788260001,-0.5677133227230154,-1.6435748276027715
1787850593.478022,22.051956634000817,69.7,7.80049939139634,-0.5788323607257806,-1.6546145626670248
1787850593.6175678,22.191502221998235,69.7,7.7995304433072015,-0.5898039495677974,-1.6666749484656687
1787850593.7551806,22.329115387998172,69.8,7.798434151085288,-0.6006748784592746,-1.6798064334268534
1787850593.8889754,22.462910187998204,70.0,7.797170725113581,-0.6117091496015683,-1.6937151778540263
1787850594.0266418,22.60057655000128,70.1,7.7957954631753035,-0.6224494004944923,-1.7032104511888655
1787850594.0394418,22.613376635999884,70.1,7.79436455521809,-0.6333675244167241,-1.6972069494982096
1787850594.050776,22.62471029599692,70.1,7.7929155066034035,-0.6446794817174427,-1.7029733515698824
1787850594.1865523,22.760487204002857,70.2,7.791370842863651,-0.6558516369351868,-1.7177015949362555
1787850594.3250668,22.899001807003515,70.3,7.7896995549994275,-0.6667278560540482,-1.7335625030249078
1787850594.3427627,22.916697676002514,70.4,7.787865135785456,-0.6775037925808124,-1.7501894171194223
1787850594.479529,23.053463753996766,70.4,7.7858684012599735,-0.6881415171299353,-1.7676123826116201
1787850594.6197295,23.19366425499902,70.5,7.783690725779238,-0.6987066417433504,-1.7858171029925152
1787850594.7583632,23.33229784199648,70.6,7.7813249895140135,-0.7092012742353381,-1.804749812510896
1787850594.8953073,23.46924240700173,70.7,7.778753079778622,-0.7196674336778796,-1.8245158419508263
1787850595.0329576,23.606892238,70.9,7.7759643788477035,-0.7301061159884813,-1.8451402490336448
1787850595.1093676,23.683302315999754,71.0,7.77285239130111,-0.7408401006757337,-1.8665559001576815
1787850595.1225514,23.69648615799815,71.0,7.76960525970001,-0.7512210914267192,-1.8870343485322858
1787850595.1338036,23.70773799000017,71.0,7.766151213336528,-0.7615081689949494,-1.9077598155117752
1787850595.1432495,23.717183711996768,71.0,7.762424592401563,-0.7719056320217504,-1.9281702197331334
1787850595.1518676,23.725802063003357,71.0,7.758493970443191,-0.7821791751445221,-1.949405427338058
1787850595.159514,23.73344797699974,71.0,7.754270044515084,-0.7925811738701733,-1.9694780575041868
1787850595.2298472,23.803782162998687,71.0,7.749866827030388,-0.8028045203872632,-1.9905473107024845
1787850595.3670743,23.941009333000693,71.1,7.745144582800641,-0.813245648261482,-2.0034801269944165
1787850595.503447,24.077381591996527,71.2,7.740234366130174,-0.8237174730386323,-2.020141792011147
1787850595.5788436,24.152778167001088,71.3,7.73505009445336,-0.834243659130183,-2.04284528161116
1787850595.7188375,24.292772369997692,71.4,7.729646867518215,-0.844607979874836,-2.0650481362217845
1787850595.8555849,24.429519365003216,71.5,7.723968769643989,-0.8549275252787439,-2.087776523765479
1787850595.932274,24.50620873900334,71.6,7.717903592006341,-0.865395476884408,-2.109678477196149
1787850595.9467847,24.520719232001284,71.6,7.711653348406833,-0.8756716831528126,-2.127545922665551
1787850596.0226974,24.596631799002353,71.7,7.704974561638702,-0.8862648820371783,-2.143037108370937
1787850596.0971503,24.67108502899646,71.7,7.6979758695565685,-0.8969445490664223,-2.1640926604743274
1787850596.2341213,24.808056285997736,71.8,7.690731276086502,-0.9074753638441546,-2.1875935086517413
1787850596.3704581,24.94439348299784,71.9,7.683024989956108,-0.91813653080104,-2.2107751469425443
1787850596.4463093,25.02024395299668,72.0,7.674979402493606,-0.9287230093163864,-2.235711592056453
1787850596.5842931,25.158228756001336,72.1,7.6666515241470705,-0.9391523067866494,-2.257206694841069
1787850596.7238803,25.297814762998314,72.2,7.6576693220495216,-0.9499128423882824,-2.280177541691434
1787850596.8606179,25.43455253200227,72.3,7.648543631516104,-0.9603745076613852,-2.298002382225701
1787850596.996601,25.57053579600324,72.4,7.638647779032855,-0.9713586850865018,-2.3133731726889684
1787850597.1334457,25.707380441999703,72.5,7.628403807388749,-0.9823461868674566,-2.3329300584883392
1787850597.2698288,25.84376343400072,72.6,7.617774133380755,-0.9932872809482081,-2.3545564060740607
1787850597.2836978,25.85763242700341,72.7,7.6067411225139745,-1.0041659585017277,-2.37522760793479
1787850597.2963426,25.870276863999607,72.7,7.59510500268012,-1.0151871544851447,-2.394389008881
1787850597.3075392,25.88147350699728,72.7,7.582855447883653,-1.0263646305754142,-2.4121906612815742
1787850597.3178818,25.89181600000302,72.7,7.569798425121268,-1.0378600768306756,-2.4302964886396334
1787850597.3270364,25.900970360002248,72.7,7.556410268522579,-1.04922269149805,-2.448242343186591
1787850597.335174,25.909108075000404,72.7,7.542698245766313,-1.0604506215918401,-2.4653256824668
1787850597.4049218,25.97885648599913,72.7,7.528801780128749,-1.071448825645331,-2.4812835190089553
1787850597.54197,26.11590473099932,72.9,7.5147390067282664,-1.0822298828718797,-2.4960190736317465
1787850597.6819313,26.255866364001122,73.0,7.500526541734641,-1.09280746477105,-2.509637319782659
1787850597.8186529,26.392589110997505,73.1,7.486178518079183,-1.103193566601094,-2.5222703469560397
1787850597.9546292,26.528563804997248,73.2,7.471708972216777,-1.1134013130869491,-2.5338124826915798
1787850598.0915115,26.66544673700264,73.3,7.4571298077196175,-1.1234445225494816,-2.544509903210747
1787850598.1682537,26.742188044001523,73.4,7.442451462165918,-1.1333355618352892,-2.5542039435000934
1787850598.1810749,26.755009403001168,73.4,7.427682151823184,-1.143087393463264,-2.563156165175035
1787850598.1928895,26.766823557998578,73.4,7.412829611355229,-1.1527110684835362,-2.5712887149136816
1787850598.26523,26.839165409997804,73.4,7.397902491792164,-1.1622191426989108,-2.5786232268658345
1787850598.4024773,26.976411711002584,73.5,7.382907882913105,-1.1716218763652857,-2.585361582170169
1787850598.53905,27.112984311999753,73.6,7.367852617172604,-1.1809278037984643,-2.591429743662079
1787850598.552897,27.126831540997955,73.7,7.352744112227707,-1.1901463436960873,-2.596755345816225
1787850598.5643582,27.13829243300279,73.7,7.337590579234917,-1.1992880563852222,-2.6013525367648684
1787850598.7029595,27.27689398000075,73.8,7.322399245255097,-1.208362589259477,-2.6054342523234273
1787850598.8418326,27.415767701000732,73.9,7.307175946777527,-1.217376664677868,-2.6090384035316
1787850598.91787,27.4918045969971,74.0,7.291924729007899,-1.226335974128361,-2.6122616127401783
1787850598.9310262,27.50496053799725,74.0,7.276648417779124,-1.2352467923965718,-2.6151752490697926
1787850599.0050254,27.578959960999782,74.0,7.261348701057186,-1.244114443629261,-2.617762990762222
1787850599.142346,27.71628087999852,74.2,7.246027943159844,-1.252945089879494,-2.619916718959415
1787850599.1567364,27.73067099099717,74.2,7.2306888062281285,-1.2617451741982877,-2.6217616700922592
1787850599.230039,27.803973636997398,74.2,7.2153331853279985,-1.2705186024931803,-2.623412111238254
1787850599.3644521,27.938386369998625,74.3,7.199962384835921,-1.2792680173191164,-2.624960901129637
1787850599.4994934,28.073428704003163,74.4,7.184577371232712,-1.287995112187241,-2.626434222075532
1787850599.574901,28.148835671003326,74.6,7.1691796584627765,-1.2967012451446662,-2.6276870417062823
1787850599.6517212,28.22565597100038,74.6,7.153772438232646,-1.3053895726551903,-2.6286000240017673
1787850599.6660283,28.23996256999817,74.6,7.138360475055675,-1.314065111454382,-2.6291002015847282
1787850599.8042166,28.378151242999593,74.7,7.122948347837829,-1.3227334988756996,-2.6292825802221143
1787850599.9405346,28.51446890400257,74.8,7.1075394105969565,-1.331399795162181,-2.6290781906317093
1787850599.9550016,28.528936146998603,74.9,7.092136146123862,-1.3400706471999115,-2.6285067102509108
1787850600.090993,28.664927400001034,74.9,7.076739546296199,-1.3487515764082572,-2.6276406494984728
1787850600.1655989,28.739533779997146,75.0,7.061352543499604,-1.3574488478963522,-2.6262060649888315
1787850600.182028,28.75596269199741,75.0,7.045979599603943,-1.3661716572627756,-2.6243104248905103
1787850600.319597,28.893531729998358,75.1,7.0306230126555205,-1.3749253429678927,-2.6222577428265788
1787850600.3950338,28.968968139000935,75.2,7.0152835642196685,-1.3837116910939413,-2.6201495382553075
1787850600.4068263,28.980760386002657,75.2,6.999960957282622,-1.3925310943444236,-2.6181709892997915
1787850600.5422995,29.11623454099754,75.3,6.984651493193775,-1.401378421935546,-2.6167613198074653
1787850600.679324,29.253258424003434,75.4,6.970193385670071,-1.4097237602435455,-2.621190063065729
1787850600.8193293,29.39326381900173,75.5,6.955678815940298,-1.417978349970309,-2.6287802274441763
1787850600.9565644,29.530499052998493,75.6,6.941357643526022,-1.4260033536743049,-2.633856376639197
1787850601.093115,29.667049914998643,75.7,6.927231754797183,-1.433817647749459,-2.6392435825974156
1787850601.106734,29.68066840100073,75.8,6.913388587084257,-1.4413715226026427,-2.64632820582195
1787850601.11773,29.69166410499747,75.8,6.899767646220229,-1.448681506218207,-2.652626971422367
1787850601.1275332,29.701467553997645,75.8,6.886143406509698,-1.4558642247236846,-2.662174120972495
1787850601.1366186,29.710552760996507,75.8,6.87270301563206,-1.4627878107452275,-2.6708850062290743
1787850601.2719047,29.845839690999128,75.9,6.859055305236521,-1.4696691911841,-2.6806288280930795
1787850601.3468747,29.920809800001734,75.9,6.845530384476904,-1.4762983967811996,-2.692618848516097
1787850601.4227884,29.996723265001492,76.0,6.831936139467859,-1.482777318828684,-2.7025583558881277
1787850601.560219,30.134153847997368,76.1,6.8180583402371235,-1.4892200029345548,-2.7140610773196037
1787850601.697032,30.27096665499994,76.2,6.804095127499349,-1.4954786938199722,-2.728400090901575
1787850601.836174,30.41010863200063,76.3,6.789906818668701,-1.5016149352315082,-2.740282469870177
1787850601.9734988,30.54743388800125,76.4,6.775519342758222,-1.5076331640716611,-2.753871333626296
1787850601.987063,30.560997230000794,76.5,6.760879785439699,-1.5134911401605837,-2.770354909987176
1787850601.9984434,30.572377411997877,76.5,6.746010374219532,-1.5191761733204443,-2.7862919650297693
1787850602.009215,30.583149571997637,76.5,6.730857047312196,-1.5246311259517897,-2.8103302881070036
1787850602.1456323,30.719566970001324,76.6,6.715344913770813,-1.5298239425359055,-2.8295899305246723
1787850602.2831845,30.857119492000493,76.7,6.699466454929561,-1.5348374680542776,-2.844494307900214
1787850602.358354,30.93228860200179,76.8,6.683392232759135,-1.539652184677819,-2.859465950786897
1787850602.494293,31.06822747700062,76.8,6.667124324113609,-1.5442642193054286,-2.874470654087553
1787850602.5076625,31.081596916003036,76.9,6.650365974636235,-1.548733909197721,-2.8901778459512526
1787850602.5192814,31.09321572400222,76.9,6.633592022288354,-1.5529373664903257,-2.9057718188888235
1787850602.6551278,31.229062642996723,77.0,6.616335979213355,-1.5569401066930653,-2.9254132940727438
1787850602.7919352,31.36586992299999,77.1,6.598991798156352,-1.560630938139172,-2.9414764916156435
1787850602.932089,31.50602416699985,77.2,6.581598211777575,-1.564055299388294,-2.95591167418202
1787850603.0693169,31.64325220000319,77.3,6.564158594594301,-1.567232791480637,-2.9698796087062638
1787850603.2061598,31.78009507800016,77.4,6.546675455783447,-1.5701680432239145,-2.983662093198144
1787850603.3444114,31.91834612799721,77.5,6.529152684124066,-1.5728630451628323,-2.9973159403801035
1787850603.35747,31.931404319999274,77.6,6.511595132068856,-1.575320349361375,-3.010766724118846
1787850603.3681521,31.942086305003613,77.6,6.49400688560504,-1.5775423145922571,-3.024114694870815
1787850603.377732,31.95166614199843,77.6,6.476391517856798,-1.5795306857410194,-3.037312761523342
1787850603.3868937,31.960827998998866,77.6,6.458752086962109,-1.5812873544616393,-3.050459438356627
1787850603.4579453,32.03188003900141,77.6,6.441092091688352,-1.5828128967746389,-3.0635125843474134
1787850603.4727466,32.04668117999972,77.7,6.423415133309303,-1.5841081914734463,-3.0764292885104956
1787850603.6087987,32.18273394100106,77.7,6.405725006481178,-1.585177060282834,-3.0890258868044733
1787850603.7478168,32.32175126700167,77.9,6.3880237606340895,-1.5860254309444233,-3.1014114162234767
1787850603.8942697,32.46820455099805,78.0,6.3703130082375825,-1.5866558182068664,-3.1136388860571573
1787850604.031068,32.60500344799948,78.1,6.3525954923178665,-1.5870712904305595,-3.125617214079022
1787850604.1079338,32.68186820900155,78.2,6.33487358081254,-1.5872756435712032,-3.1374689435696377
1787850604.1218572,32.695792211998196,78.2,6.317150470424401,-1.5872717474216917,3.134108156906155
1787850604.134799,32.70873354200012,78.2,6.299428823999738,-1.5870641105489232,3.1227948395239666
1787850604.270999,32.84493418999773,78.3,6.281711420070349,-1.5866579053836614,3.111754934617599
1787850604.40789,32.98182484199788,78.4,6.264000976469779,-1.5860577483906904,3.100909919093115
1787850604.4843807,33.05831552499876,78.5,6.246300543298936,-1.5852679772635898,3.090382178557901
1787850604.496927,33.07086163399799,78.5,6.228612402276971,-1.584294394548755,3.080201656877236
1787850604.5700936,33.14402880599664,78.5,6.210937141397191,-1.5831423314087882,3.07021488094453
1787850604.7077835,33.281718377998914,78.6,6.1932756386865595,-1.581816026737305,3.06053157064768
1787850604.8446314,33.41856643999927,78.7,6.175628389930128,-1.580320953442654,3.051187888928672
1787850604.9197755,33.49371052200149,78.8,6.157995588047359,-1.5786630436946698,3.042111026200166
1787850604.994792,33.56872687499708,78.9,6.140377986179642,-1.5768462350222539,3.0332521868180713
1787850605.0065331,33.58046789099899,78.9,6.122776317084801,-1.574874852132323,3.0245611342912166
1787850605.0799918,33.65392677199998,78.9,6.105192518877355,-1.5727535243565913,3.016298124305791
1787850605.2182665,33.7922013560019,79.0,6.087627122276539,-1.5704887660131097,3.0083052428776313
1787850605.3548229,33.928758080997795,79.1,6.070081845995662,-1.5680856566612,3.0006326994877996
1787850605.4917443,34.0656788510023,79.3,6.052557459420427,-1.5655506299751492,2.9932822911913184
1787850605.505006,34.07894092200149,79.3,6.035054169831563,-1.5628888153502518,2.986193512192864
1787850605.5180194,34.091953622999426,79.3,6.017571867019931,-1.560105002166705,2.9793167848347992
1787850605.5908208,34.164755971003615,79.3,6.000111264127764,-1.557204219412436,2.9729173113293146
1787850605.7281277,34.30206277900288,79.4,5.9826710238573,-1.5541941756130768,2.9668244248774442
1787850605.8654706,34.43940571600251,79.6,5.9652503207687335,-1.5510803627039802,2.9610918117836014
1787850606.0046742,34.5786093889983,79.7,5.947847222959762,-1.5478689480842465,2.9556887725184238
1787850606.1420677,34.716003009001724,79.8,5.930460348781224,-1.544564757187629,2.9505440971120422
1787850606.2160892,34.790023834997555,79.9,5.9130894878539095,-1.541173105466146,2.9457398440954106
1787850606.2259636,34.799897972996405,79.9,5.895735001467289,-1.5377006310869268,2.9412883888964947
1787850606.2349434,34.80887770700065,79.9,5.878397120610286,-1.534153136144521,2.9370721343927446
1787850606.242982,34.81691603999934,79.9,5.861076260187246,-1.530534494075216,2.933168828171911
1787850606.3781118,34.95204685399949,80.0,5.843771149088419,-1.5268504640415221,2.929562028721671
1787850606.5154593,35.08939487000316,80.1,5.826480427904348,-1.5231060345534517,2.926213821551698
1787850606.5917468,35.1656817510011,80.2,5.809203480763978,-1.5193063383336565,2.923190508679398
1787850606.6060758,35.18000980999932,80.2,5.791939545496776,-1.5154564617084831,2.920384826291668
1787850606.6800272,35.253962135997426,80.2,5.774688066480284,-1.511559921603937,2.9178378311716613
1787850606.8165433,35.39047818599647,80.3,5.757447076189903,-1.5076214195806443,2.9155864112523373
1787850606.9555757,35.52951098899939,80.4,5.740213933505943,-1.5036457716525464,2.9136319295772273
1787850607.0313506,35.60528563000116,80.5,5.722986647108958,-1.4996377888493433,2.911941131376198
1787850607.106369,35.680304023000645,80.6,5.705764780587033,-1.495601895157456,2.9104633487982383
1787850607.1182206,35.69215487699694,80.6,5.688549066550341,-1.49154255676556,2.9092395740577786
1787850607.1907692,35.76470359799714,80.6,5.671339799580375,-1.4874642535395382,2.9082774588230325
1787850607.3269951,35.900930303003406,80.7,5.65413590739661,-1.4833708082879011,2.907502052193855
1787850607.4631536,36.03708870099945,80.8,5.636936247517402,-1.4792653791078165,2.9069457960586162
1787850607.5381832,36.112118532997556,80.9,5.619739410778442,-1.4751520501317652,2.9066021337897556
1787850607.6743777,36.248312971001724,81.0,5.602544894430625,-1.4710345101710185,2.906431626923547
1787850607.811326,36.385260403003485,81.1,5.585352478968935,-1.4669156482605192,2.9064011744042877
1787850607.8867178,36.46065195000119,81.2,5.56816156503267,-1.462797841096766,2.906604528071484
1787850607.9009862,36.47492042199883,81.2,5.550969789037596,-1.458684120075482,2.906973282606099
1787850607.9118087,36.48574297400046,81.2,5.533774801268026,-1.4545775601248123,2.9075189467116185
1787850608.048352,36.62228693000361,81.3,5.516575485687797,-1.4504814048403232,2.908257153908029
1787850608.1872256,36.76116074099991,81.4,5.499372014280369,-1.4463992211210976,2.909162696275902
1787850608.3243468,36.898281968002266,81.5,5.482163820302888,-1.4423297649457214,2.9094625055330563
1787850608.4619138,37.035848977997375,81.6,5.464954960573521,-1.4382602750894988,2.909157389796853
1787850608.5989432,37.17287793900323,81.7,5.447748410657932,-1.4341847769351848,2.9087886765668025
1787850608.734776,37.308710639998026,81.8,5.430544000951028,-1.430103729358046,2.9085345843108494
1787850608.8724916,37.446426230002544,81.9,5.413341574622622,-1.4260210081201368,2.908659044266473
1787850608.886735,37.460669426000095,82.0,5.396139996559142,-1.4219437956440284,2.9091918113427595
1787850608.9009244,37.474858620000305,82.0,5.378938146364797,-1.4178783102628427,2.910080396503624
1787850608.9115176,37.48545203899994,82.0,5.361733950667005,-1.4138310661727242,2.9113912142847997
1787850608.9213483,37.495282372001384,82.0,5.344524253661865,-1.4098089366557127,2.913091735551714
1787850608.9297514,37.50368537699978,82.0,5.327306083837339,-1.4058174325277693,2.9150478868420913
1787850608.9370377,37.510971805000736,82.0,5.310078509508503,-1.401860884530911,2.9172563328980785
1787850609.0079632,37.58189814999787,82.0,5.292841603849817,-1.3979439784293224,2.9196745197980194
1787850609.0845912,37.65852548999828,82.2,5.27559609908669,-1.3940702844254045,2.9222646283578824
1787850609.2209868,37.794922141001734,82.2,5.25834193979352,-1.3902427791135359,2.9250332629269336
1787850609.3576622,37.931597287999466,82.3,5.2410783982059215,-1.386463737256404,2.9279282388253827
1787850609.4947808,38.068715995003004,82.4,5.223804811651372,-1.382735517554007,2.9309442295353367
1787850609.632708,38.20664324200334,82.6,5.2065208211857135,-1.3790604014567036,2.934047446807369
1787850609.6468878,38.22082218900323,82.6,5.189226653684616,-1.37544006994935,2.9372408041251528
1787850609.6584666,38.232400802000484,82.6,5.1719221189608255,-1.3718757264228674,2.9404984758132686
1787850609.7931032,38.36703794400091,82.7,5.154606267082958,-1.3683678670436388,2.9438114943091316
1787850609.930697,38.504631698000594,82.8,5.137277769469974,-1.364917233299079,2.9471739469297518
1787850610.0696306,38.643565165002656,82.9,5.119935844120876,-1.3615250253031137,2.950578742246501
1787850610.2070348,38.78096963199641,83.0,5.102580929041494,-1.3581919416316008,2.9540219836383326
1787850610.22157,38.795504403999075,83.1,5.085214036647116,-1.3549186196521177,2.9574819340515344
1787850610.2330172,38.80695119199663,83.1,5.067836421801513,-1.351705644836444,2.9609633772767716
1787850610.2432244,38.81715869100299,83.1,5.050448673499025,-1.348553593844505,2.964457366152646
1787850610.3799465,38.95388108499901,83.2,5.033050973898509,-1.345462450130157,2.9679542173599307
1787850610.5181887,39.09212361899699,83.3,5.015643496955982,-1.3424320645924577,2.971453784236694
1787850610.6555402,39.22947529699741,83.4,4.998226446524477,-1.3394627166155888,2.9749461887173805
1787850610.7308004,39.304734814002586,83.5,4.980800019477069,-1.336554279719422,2.978407655882616
1787850610.742152,39.316086293998524,83.5,4.963364041560619,-1.333706453078015,2.981852869955185
1787850610.752509,39.32644340799743,83.5,4.945917828497619,-1.330918330403423,2.9852652508434687
1787850610.8878815,39.46181615399837,83.6,4.928460778697656,-1.3281890397144647,2.9886657292095347
1787850611.0268195,39.600754293001955,83.7,4.910992719863186,-1.3255186989316128,2.992037123293896
1787850611.1635587,39.73749352699815,83.8,4.893514297314862,-1.32290759456588,2.995365729359312
1787850611.3006163,39.874550847001956,83.9,4.876026795815576,-1.3203539235547848,2.998652253082365
1787850611.4371345,40.011069261003286,84.0,4.858531255527323,-1.317857221244792,3.0019094350597237
1787850611.5746357,40.14857052300067,84.1,4.841028318605848,-1.3154171863453776,3.005114937637728
1787850611.5896184,40.16355273299996,84.2,4.823518441364472,-1.3130338864724027,3.0082941344938403
1787850611.6020238,40.175958095998794,84.2,4.806002306270997,-1.3107056061768951,3.011437243969772
1787850611.6119308,40.185865100997034,84.2,4.788479916357861,-1.3084325998696604,3.01454531081015
1787850611.6215463,40.195480347996636,84.2,4.7709510489303515,-1.3062135780979651,3.0175873116915377
1787850611.691914,40.26584857900161,84.2,4.7534151807342315,-1.3040473163530233,3.0205541847264468
1787850611.8291354,40.40307014300197,84.3,4.73587199641233,-1.3019326863140555,3.0234818260123877
1787850611.9656448,40.5395799120015,84.4,4.718321267965526,-1.2998687439462722,3.0263491644412817
1787850612.0419712,40.61590574299771,84.5,4.700763281497622,-1.2978546214539661,3.029159202379842
1787850612.1791656,40.75310043000354,84.6,4.6831986493449325,-1.2958895024169348,3.031924277386636
1787850612.3170729,40.891007922000426,84.7,4.665628060750242,-1.2939728292778294,3.034655742748462
1787850612.453746,41.02768078399822,84.8,4.648052221289154,-1.2921036082036477,3.037299214753449
1787850612.589099,41.16303366899956,84.9,4.630472176875004,-1.2902803033223191,3.039866575195192
1787850612.7262664,41.30020107400196,85.0,4.612888784028568,-1.2885017026685925,3.0423693701948764
1787850612.8637927,41.43772733199876,85.1,4.59530222286847,-1.286767021906619,3.0448399670589947
1787850612.8776257,41.45155992999935,85.2,4.5777122203687695,-1.2850758246035534,3.04726520412061
1787850612.8907192,41.46465363899915,85.2,4.56011831207342,-1.28342693224367,3.0496394980618815
1787850612.9025953,41.47652950399788,85.2,4.542520004564887,-1.2818193400043996,3.0519760691523583
1787850612.9122772,41.48621136300062,85.2,4.524916947438651,-1.2802525747765252,3.054290714298239
1787850612.920934,41.494867870002054,85.2,4.50730907226184,-1.27872629135403,3.056570824313904
1787850612.928412,41.50234606600134,85.2,4.489696669207538,-1.2772400341779782,3.0588347654585406
1787850612.9982076,41.57214186099736,85.2,4.472080008787632,-1.275793321692608,3.0610688704779068
1787850613.136253,41.710187987999234,85.3,4.454459659109322,-1.2743857533739817,3.0632656069059974
1787850613.2713559,41.84529067599942,85.5,4.436836452150345,-1.2730167102881313,3.0654257282044277
1787850613.3463933,41.920328084001085,85.5,4.419211232872234,-1.2716856969200385,3.0675619768295728
1787850613.4833934,42.0573283670019,85.6,4.401584557968049,-1.270392154621481,3.069683153571582
1787850613.6205711,42.19450582200079,85.7,4.383956474074331,-1.2691358817586265,3.0717761615289367
1787850613.7578838,42.33181829300156,85.9,4.366326530910341,-1.2679165835069393,3.073856523149678
1787850613.7678423,42.34177647400065,85.9,4.348693979786387,-1.2667337703463935,3.075913807589961
1787850613.7754703,42.34940454400203,85.9,4.3310582638060975,-1.2655869950827567,3.077942734661823
1787850613.846101,42.42003579899756,85.9,4.313419245865189,-1.2644758760352088,3.079949726494692
1787850613.9860394,42.559974349002005,86.0,4.295776915191366,-1.2633999538909786,3.0819396386392652
1787850614.1266942,42.700628931997926,86.2,4.278131483569394,-1.2623588987371617,3.083916965743005
1787850614.1417572,42.71569136800099,86.2,4.2604831356718,-1.2613523482873095,3.0858455856512292
1787850614.1541731,42.72810737400141,86.2,4.242832471791829,-1.2603795836371627,3.087727767489113
1787850614.29033,42.86426448400016,86.3,4.225180341547846,-1.2594400216632502,3.089589148491842
1787850614.4271865,43.001121223001974,86.4,4.207527502869414,-1.2585331888605273,3.0914207420449564
1787850614.5650017,43.138936490999185,86.5,4.189874520747291,-1.2576585564366152,3.0932239721418657
1787850614.703262,43.27719773699937,86.6,4.172221096111973,-1.2568155992686647,3.0950064209841535
1787850614.7161946,43.290128818000085,86.7,4.1545665755689205,-1.2560037575443257,3.0967543840046385
1787850614.7890873,43.36302180700295,86.7,4.136910234560321,-1.2552226219431413,3.098467491849759
1787850614.863745,43.43767937999655,86.8,4.119251682952764,-1.2544716173937493,3.1001462854670074
1787850614.9381673,43.51210160300252,86.9,4.101590899675082,-1.2537502140608017,3.101809505983078
1787850615.0124042,43.58633897599793,86.9,4.0839279896039775,-1.2530577832814194,3.103449644496143
1787850615.150634,43.724568621997605,87.0,4.066262974267315,-1.2523939193942522,3.1050584438176254
1787850615.2263887,43.800323292998655,87.1,4.048596195281906,-1.2517583190669281,3.1066388770066133
1787850615.3007047,43.87463950399979,87.1,4.030928228798788,-1.2511507686935046,3.1081985330078914
1787850615.3761094,43.950043488999654,87.2,4.013259794585906,-1.2505704908138915,3.1097261280154584
1787850615.5120928,44.08602748800331,87.3,3.995591683897611,-1.250017012653446,3.1112364224229117
1787850615.5263228,44.10025737500109,87.3,3.9779240540532577,-1.249490138706912,3.1127279895360482
1787850615.5382798,44.11221391699655,87.3,3.9602565930435087,-1.248989770591592,3.1141952207846666
1787850615.6746874,44.248622450002586,87.4,3.942588673412444,-1.2485148488880624,3.1156267819160637
1787850615.7536998,44.32763429699844,87.5,3.924919636905731,-1.248064819111478,3.117038071503246
1787850615.7654152,44.33934922100161,87.5,3.907249050992063,-1.2476397081136694,3.1184186450171256
1787850615.9023411,44.476275786997576,87.6,3.889576842175341,-1.2472391877614983,3.1197823402207177
1787850616.0396388,44.61357360299735,87.7,3.8719030040865934,-1.2468625472197061,3.1211266632502412
1787850616.1785624,44.75249705999886,87.8,3.8542278191883055,-1.246509136937532,3.122451204727124
1787850616.2538004,44.827734724996844,87.9,3.8365517097491213,-1.2461788576971675,3.1237433783065587
1787850616.2658336,44.83976791900204,87.9,3.8188751434433574,-1.2458712847833635,3.12499953979102
1787850616.2765024,44.85043658399809,87.9,3.8011988307136746,-1.2455860610803673,3.126219899226274
1787850616.3505256,44.9244598410005,88.0,3.7835233268334862,-1.2453224753252585,3.127421081609115
1787850616.4868004,45.06073482299689,88.1,3.765848693319007,-1.2450795647662034,3.128594548422603
1787850616.6240823,45.19801690299937,88.2,3.7481745143569327,-1.2448569066327846,3.1297347338572163
1787850616.7006526,45.27458679299889,88.3,3.730500147506271,-1.2446543588667573,3.130851138270015
1787850616.8388824,45.4128176660015,88.3,3.712825034426682,-1.2444715769397359,3.1319488164034297
1787850616.9215517,45.49548697099817,88.4,3.6951486766925785,-1.244308151145792,3.1330142838555926
1787850617.061085,45.635020246998465,88.5,3.6774710131821773,-1.2441632604065387,3.134045983051429
1787850617.081194,45.65512848600338,88.6,3.659792288120559,-1.2440362451671512,3.1350582476558544
1787850617.0942373,45.668171673998586,88.6,3.6421126700146207,-1.2439270160983158,3.1360396575991847
1787850617.1057255,45.67965955699765,88.6,3.624432620024464,-1.243834755156111,3.136989325853261
1787850617.24207,45.81600484200317,88.7,3.606752616206709,-1.2437593569938294,3.1379060413727853
1787850617.3183923,45.892327116998786,88.7,3.5890732995186427,-1.2437000501996673,3.138798129255732
1787850617.4553144,46.02924908499699,88.8,3.5713950993182277,-1.2436563099595574,3.139671068752472
1787850617.5928319,46.16676639600337,89.0,3.5537179583613647,-1.243627808543617,3.1405295484295057
1787850617.6676536,46.241588338998554,89.0,3.5360413359621505,-1.2436142970071102,3.141363574471887
1787850617.8050208,46.37895550599933,89.1,3.518364592828617,-1.24361518103632,-3.1410150219525037
1787850617.818564,46.392498121000244,89.2,3.500687245257055,-1.2436303429483095,-3.1402331062541786
1787850617.830812,46.40474598699802,89.2,3.4830088461900646,-1.2436594425098886,-3.1394685203967736
1787850617.84138,46.415313944002264,89.2,3.465329391748136,-1.2437019323899439,-3.138730742586849
1787850617.976745,46.55067962299654,89.3,3.447649111362662,-1.2437570747979292,-3.138010531915984
1787850618.1135254,46.687460244997055,89.4,3.4299682645853684,-1.2438245611007268,-3.1373139575357296
1787850618.1297584,46.70369287399808,89.4,3.412287207837345,-1.2439043218057617,-3.1366486847342285
1787850618.2664804,46.8404150330025,89.5,3.3946065107677,-1.2439958713844128,-3.1360143093499597
1787850618.4041545,46.97808945200086,89.6,3.376926764889661,-1.2440984456446114,-3.1354031816220616
1787850618.5369625,47.110896942002,89.7,3.359248181977081,-1.2442115903035758,-3.1348226713462997
1787850618.5486538,47.122587935999036,89.8,3.3415706357429684,-1.2443349700234232,-3.1342603676225353
1787850618.5601351,47.134069557003386,89.8,3.3238935709637696,-1.2444678949968202,-3.1337157613585074
1787850618.6325958,47.20653068699903,89.8,3.306216255167895,-1.2446101737484006,-3.1331953161369643
1787850618.7086542,47.28258841099887,89.9,3.2885382249228026,-1.244761603563344,-3.1326994855424126
1787850618.8464756,47.42041004999919,90.0,3.270859243685087,-1.2449220144184499,-3.132222818735565
1787850618.9840903,47.55802522200247,90.1,3.2531793312452733,-1.2450909238683894,-3.1317747125799054
1787850619.1207163,47.694651037003496,90.2,3.2354986660244025,-1.245267046963789,-3.1313555569297558
1787850619.199153,47.773087296001904,90.3,3.217817606362098,-1.2454501092852468,-3.130955346080392
1787850619.2124844,47.786418834999495,90.3,3.2001365222911615,-1.2456401818369578,-3.1305803270808674
1787850619.2274723,47.801406692000455,90.3,3.182456029752891,-1.245837352145348,-3.1302282496862994
1787850619.364035,47.93796956299775,90.4,3.1647764658662956,-1.2460407531996034,-3.1298957470010227
1787850619.4994512,48.07338588299899,90.5,3.147098080974439,-1.24624949894053,-3.12958241521789
1787850619.5749145,48.14884897199954,90.6,3.1294205880250767,-1.2464631973803242,-3.1292911130209573
1787850619.7119782,48.28591344499728,90.7,3.1117433849610583,-1.2466819903632445,-3.1290126472722393
1787850619.7250814,48.29901549700298,90.7,3.094065893640651,-1.2469060157483958,-3.1287515271099084
1787850619.7371187,48.3110532339997,90.7,3.076387704275881,-1.247134650730613,-3.128505868996445
1787850619.8733482,48.44728315000248,90.8,3.058708422414697,-1.247367486594442,-3.128283875254728
1787850620.0119352,48.585870009002974,90.9,3.0410282169404184,-1.2476039855085295,-3.1280758681574423
1787850620.1498961,48.723831046998384,91.0,3.023347321120107,-1.2478440252074992,-3.1278859447359504
1787850620.1674798,48.741413960997306,91.1,3.0056660934080104,-1.2480872430283243,-3.127711966116699
1787850620.1796083,48.75354276099824,91.1,2.9879850916212565,-1.2483332478997378,-3.127560884122184
1787850620.19014,48.76407410200045,91.1,2.9703048102623497,-1.2485820550125897,-3.127432581149498
1787850620.3262537,48.9001888069979,91.2,2.95262549322442,-1.2488333392068511,-3.1273324644332967
1787850620.4632213,49.0371559310006,91.3,2.9349471745284244,-1.2490860011168656,-3.1272487470275245
1787850620.4766095,49.05054375900363,91.3,2.917269540116687,-1.2493395855358587,-3.1271829153523765
1787850620.6122632,49.18619721499999,91.4,2.8995919983678644,-1.2495941600246665,-3.127128412500536
1787850620.7477322,49.32166677799978,91.5,2.881913937846676,-1.2498498960681237,-3.1270873493243116
1787850620.8840406,49.4579755550003,91.6,2.864234999459151,-1.2501065379535667,-3.1270660045847016
1787850621.0221124,49.59604750300059,91.7,2.846554955486287,-1.2503636486957292,-3.127070655473339
1787850621.0363815,49.61031590300263,91.8,2.8288739988916864,-1.2506200343482827,-3.1270990937636824
1787850621.1108668,49.68480134499987,91.8,2.8111925097889943,-1.2508753703226014,-3.1271513108603286
1787850621.252327,49.82626233300107,91.9,2.7935107570769278,-1.2511298293232438,-3.1272391565691495
1787850621.3291728,49.90310692800267,92.0,2.775829112381706,-1.2513830432235105,-3.1273563790748167
1787850621.340579,49.91451318000327,92.0,2.758148022685568,-1.2516337745185053,-3.1275093714471733
1787850621.351084,49.925018192996504,92.0,2.7404678337804222,-1.2518812817831133,-3.1277027937763244
1787850621.4877946,50.06172929400054,92.1,2.722788482454725,-1.2521249832998778,-3.1279302814199132
1787850621.6248372,50.19877210899722,92.2,2.7051095231200857,-1.2523646627797962,-3.1281887313279353
1787850621.7623837,50.33631833099935,92.3,2.6874304617401044,-1.252599642751405,-3.1284883708478812
1787850621.899913,50.47384777099796,92.4,2.6697506664167845,-1.2528290264958484,-3.128819971244299
1787850621.9759874,50.54992186200252,92.5,2.6520696883103967,-1.2530521020631993,-3.1291968459026407
1787850621.9884076,50.56234205499641,92.5,2.634387372385232,-1.25326845434081,-3.129632761928037
1787850621.9997652,50.573699421998754,92.5,2.616703939547013,-1.253476785287461,-3.1301297769063234
1787850622.0720222,50.6459568959981,92.5,2.5990196733431095,-1.2536756244250395,-3.1306863787836385
1787850622.086837,50.66077120700356,92.6,2.5813350424911503,-1.2538638752671085,-3.1313291631777496
1787850622.2229996,50.796934299003624,92.7,2.56365069123938,-1.2540404054430254,-3.1320438979865672
1787850622.3632457,50.93718055500358,92.8,2.545966713577611,-1.254203871319634,-3.132854537608689
1787850622.5004778,51.07441287099937,92.9,2.528283191794944,-1.2543526369190683,-3.1337902598907017
1787850622.636819,51.210753908002516,93.0,2.510599928168199,-1.2544838700079133,-3.1348599283463976
1787850622.7738628,51.34779766599968,93.1,2.492916578906427,-1.2545946522036968,-3.1360490289085905
1787850622.9108717,51.484806300002674,93.2,2.4752324268865586,-1.2546835439983064,-3.1373561207931697
1787850623.048818,51.62275290599791,93.3,2.45754708135465,-1.2547492050622417,-3.1387730624473553
1787850623.1870332,51.760967645001074,93.4,2.439860085730647,-1.2547890690850727,-3.1403769240011004
1787850623.1999857,51.773919824001496,93.5,2.4221709204004926,-1.2547982574427445,3.1408641454573702
1787850623.2117167,51.785650956997415,93.5,2.404480232182049,-1.2547704496384406,3.138634510217586
1787850623.2220073,51.795941431002575,93.5,2.38678859553939,-1.2547019825827233,3.136217238084316
1787850623.2328935,51.80682745399827,93.5,2.3690968779157267,-1.254590434701446,3.1337188208565716
1787850623.2403414,51.81427542599704,93.5,2.35140594192139,-1.2544342530624721,3.1311657716561476
1787850623.2474368,51.821370776997355,93.5,2.333716314988139,-1.25423246043944,3.1285333245477354
1787850623.317646,51.891580570998485,93.5,2.31602790512025,-1.2539834042500628,3.125737198031623
1787850623.3938265,51.96776086700265,93.6,2.298340337239527,-1.253683237946794,3.122701021083929
1787850623.5313203,52.10525503000099,93.7,2.2806531299906148,-1.2533276600159917,3.119456830324862
1787850623.668036,52.24197087799985,93.8,2.262965815497259,-1.2529129905462095,3.115947328414495
1787850623.804982,52.378916777000995,93.9,2.2452779074622686,-1.252434925010044,3.1121105302788568
1787850623.8803926,52.45432670699665,94.0,2.227589654513746,-1.2518853088232706,3.10777456370233
1787850623.9554183,52.52935307499865,94.0,2.2099016987463935,-1.2512559912150258,3.1029958185630324
1787850624.0926757,52.66661055500299,94.2,2.1922158854044183,-1.2505398175778555,3.0979649171383943
1787850624.168961,52.742895210001734,94.3,2.1745332531574664,-1.249734378371748,3.09284447487537
1787850624.243251,52.81718580699817,94.3,2.1568546371525223,-1.2488376166776973,3.087565413440528
1787850624.3209584,52.89489299499837,94.4,2.1391821823412815,-1.2478477082528856,3.0823545378741235
1787850624.4583201,53.03225471999758,94.5,2.1215167403916166,-1.2467668465183348,3.077315544774343
1787850624.470764,53.04469829500158,94.5,2.1038581552479823,-1.245597109997119,3.0722925564406216
1787850624.4818077,53.055742017997545,94.5,2.0862057925015045,-1.2443384269400306,3.067117564493856
1787850624.6181157,53.1920503049987,94.6,2.0685595384160957,-1.2429872562919548,3.0617330006918997
1787850624.6948287,53.26876337399881,94.6,2.050919558916935,-1.2415387171770949,3.0560549257461433
1787850624.8336744,53.40760969300027,94.8,2.033285670721247,-1.2399873760692854,3.049946437847402
1787850624.972508,53.54644258400367,94.9,2.0156592145480863,-1.2383238926929545,3.043243950412922
1787850625.1096401,53.68357508599729,95.0,1.9980426535956661,-1.2365399946991429,3.0361860136723116
1787850625.1847653,53.758700493002834,95.1,1.9804383665546277,-1.2346307237163974,3.0289842832352205
1787850625.1971,53.771034322999185,95.1,1.962848449080323,-1.2325947211466617,3.021812305247918
1787850625.2077293,53.78166347100341,95.1,1.9452757740873305,-1.2304349115759383,3.015085891834649
1787850625.2799513,53.8538859170003,95.1,1.927719532114334,-1.228160044173456,3.0087348573005124
1787850625.4172308,53.991166332998546,95.2,1.910179708256108,-1.2257755690773613,3.002586885480888
1787850625.554382,54.128316971997265,95.3,1.8926565525356638,-1.223285925891928,2.9967862214807894
1787850625.6327803,54.206714567000745,95.5,1.8751490338320929,-1.220695801199372,2.9911328216460764
1787850625.6459079,54.21984214500117,95.5,1.8576562365134908,-1.218006179435453,2.9853526021785317
1787850625.6569047,54.230838944000425,95.5,1.8401785519815521,-1.2152143139767226,2.97938152390642
1787850625.7286265,54.30256095700315,95.5,1.8227161092782502,-1.2123167226596645,2.973225450063614
1787850625.8653517,54.439286522996554,95.6,1.8052700932849937,-1.2093097008004663,2.966874493858049
1787850625.941439,54.51537322499644,95.7,1.7878417442843906,-1.206189586999123,2.9601627454478887
1787850626.01605,54.58998506000353,95.7,1.7704339572154115,-1.2029503307472644,2.9530746190205854
1787850626.153727,54.727661962999264,95.8,1.753052195371715,-1.1995897028278917,2.9463996697604244
1787850626.2298846,54.803819332002604,95.9,1.735695634702127,-1.1961170437186694,2.940387999172936
1787850626.305322,54.879257070002495,96.0,1.7183626569288961,-1.19254812513673,2.935472411363741
1787850626.380813,54.95474724499945,96.1,1.7010488643970012,-1.188898940973837,2.9311792711734537
1787850626.4561028,55.03003781699954,96.1,1.6837524716085714,-1.1851808177343044,2.9275872660282265
1787850626.53024,55.104175059001136,96.1,1.6664705556732882,-1.181402825865748,2.9241999701214567
1787850626.671193,55.24512785400293,96.3,1.6492030094860035,-1.1775682840737733,2.9211943251336505
1787850626.8093278,55.38326307100215,96.4,1.631947369877929,-1.1736850457408248,2.9187157982935776
1787850626.885134,55.45906838699739,96.5,1.6146996080900875,-1.1697604282650245,2.9163856463995406
1787850626.8980374,55.47197202700045,96.5,1.5974595254810358,-1.1657954157222046,2.9140232477997574
1787850626.9095216,55.48345580200112,96.5,1.5802283022384882,-1.1617901007299591,2.9117431772800586
1787850627.045814,55.619748871999036,96.6,1.5630064139284343,-1.1577456349265922,2.9094731456808214
1787850627.1829839,55.756918847000634,96.7,1.5457942540354288,-1.153660372056113,2.9069404392605733
1787850627.3215823,55.895517124001344,96.8,1.5285921736677133,-1.1495296159003756,2.904044870021389
1787850627.3980825,55.972016909996455,96.9,1.5114017053138011,-1.1453456628659344,2.900674015719025
1787850627.4098015,55.983735996996984,96.9,1.494225522564046,-1.1411012033468675,2.8969969167714993
1787850627.4203157,55.99424965400249,96.9,1.4770655654882332,-1.1367924713192692,2.8931079204541876
1787850627.556136,56.13007066499995,97.0,1.4599232320940714,-1.1324169138667055,2.8891280683140765
1787850627.6977308,56.27166594599839,97.1,1.4427986901150418,-1.1279732026285583,2.885144664681233
1787850627.773378,56.34731212299812,97.2,1.4256913680112813,-1.1234608780098791,2.8812042251242
1787850627.7856054,56.359539766002854,97.2,1.408600468579136,-1.1188808126119743,2.8773205719965658
1787850627.8589146,56.432849317003274,97.2,1.39152627270832,-1.1142348552778791,2.873549757776015
1787850627.996385,56.57031964100315,97.4,1.3744696715602,-1.1095258078122971,2.869933081364915
1787850628.133196,56.70713129000069,97.5,1.3574310792427704,-1.104756819330132,2.8664952893409583
1787850628.1452167,56.71915100100159,97.5,1.3404099235622453,-1.0999307263984217,2.8632265918675825
1787850628.156019,56.72995297000307,97.5,1.3234052110091907,-1.0950496322785719,2.8601023412443247
1787850628.2915995,56.865534185002616,97.6,1.306416118120111,-1.0901165303830271,2.8572110398216406
1787850628.4302855,57.00422023599822,97.7,1.28944224328758,-1.0851392584346102,2.854963492757678
1787850628.566226,57.14016048699705,97.8,1.2724805897113518,-1.080126547411338,2.8530014500874996
1787850628.6427646,57.216698864001955,97.9,1.2555297756875496,-1.0750835931162142,2.851420869513307
1787850628.6545355,57.22846950100211,97.9,1.2385869204611895,-1.0700135316785684,2.8497865423483186
1787850628.6652532,57.23918712299928,98.0,1.2216510099137878,-1.0649133802971817,2.8478660721183857
1787850628.8017094,57.37564469299832,98.0,1.2047232197858726,-1.0597791927900166,2.8457324586006973
1787850628.9406328,57.514567796002666,98.1,1.1878049910617055,-1.054606997066331,2.8433810613916846
1787850628.9554772,57.52941173299769,98.2,1.1708991391477794,-1.0493942687118865,2.841005866927511
1787850628.9663239,57.54025818700029,98.2,1.1540069820094208,-1.044144017269526,2.838995195660734
1787850629.1059692,57.67990469199867,98.2,1.137126312222007,-1.0388609075389572,2.8370456653062504
1787850629.2455034,57.81943888399837,98.4,1.12025616838495,-1.0335447903856003,2.835023922262389
1787850629.3826764,57.95661132600071,98.5,1.1033963492783534,-1.0281933113237312,2.8328372017604053
1787850629.5195475,58.09348234200297,98.6,1.086548305864998,-1.0228032774219342,2.830446176449889
1787850629.657668,58.23160365300282,98.7,1.0697142793688577,-1.0173740553727342,2.828244205123002
1787850629.7972176,58.37115242899745,98.8,1.0528928682364616,-1.0119099358324406,2.8261631772251627
1787850629.8734324,58.447366703003354,98.9,1.0360827706880098,-1.0064097378404993,2.823950676477903
1787850629.8869667,58.46090115699917,98.9,1.0192842273650078,-1.000871324977287,2.821787275727388
1787850629.8985732,58.47250762699696,98.9,1.0024961648271453,-0.9952972601004888,2.8197413446866677
1787850629.909141,58.483075187003124,98.9,0.9857184776619948,-0.989689506059026,2.8176945876798367
1787850629.9809215,58.55485621900152,98.9,0.9689525822312811,-0.9840461955009913,2.815476791245823
1787850629.995248,58.569182567996904,99.0,0.9521999730637718,-0.9783631225505675,2.8128490592637223
1787850630.1319106,58.70584519000113,99.1,0.9354626276712196,-0.972632812152534,2.8097261500929998
1787850630.2694657,58.84340071900078,99.2,0.9187424807756839,-0.9668448337439352,2.8057572544743725
1787850630.344931,58.91886577999685,99.3,0.9020448732973068,-0.9609840213172841,2.8008664731295743
1787850630.3605204,58.9344549899979,99.3,0.885376208267322,-0.9550358388185666,2.795209484022119
1787850630.433861,59.00779551300366,99.3,0.8687421359691576,-0.9489894600209438,2.7890187115917864
1787850630.5715158,59.14545068099687,99.4,0.852146229961732,-0.9428379451083694,2.7824723311132638
1787850630.7104423,59.28437724700052,99.6,0.8355907401520234,-0.9365759102822957,2.7756721045786903
1787850630.8511631,59.42509794599755,99.7,0.8190774185447965,-0.9301994454651807,2.768711889611385
1787850630.864436,59.438370151001436,99.7,0.8026082025291236,-0.9237077776772752,2.761747485868581
1787850630.8757107,59.4496450259976,99.7,0.7861845582963326,-0.9171027098540098,2.754942645426185
1787850630.9482908,59.52222544699907,99.7,0.7698067964316331,-0.9103881121164892,2.7483863199330045
1787850631.0902677,59.66420205999748,99.9,0.7534741504641491,-0.9035680928579108,2.7421291916832797
1787850631.227803,59.80173848100094,100.0,0.7371847915768902,-0.8966480291727797,2.7361726696187114
1787850631.3666434,59.940578529996856,100.1,0.7209369788054938,-0.8896351862730058,2.730815968958992
1787850631.44325,60.01718454199727,100.2,0.7047268146771813,-0.8825399823589236,2.7260629016927918
1787850631.456668,60.03060236299643,100.2,0.6885506315739086,-0.8753720999714555,2.7219076947011667
1787850631.4682734,60.04220761400211,100.2,0.6724044571481987,-0.8681401711619923,2.7181786856387395
1787850631.540727,60.11466174499947,100.2,0.6562853154624175,-0.8608511413066761,2.714883865655766
1787850631.6781921,60.25212751299841,100.3,0.6401898013444158,-0.8535121290152972,2.711970440468755
1787850631.817315,60.391250271997706,100.4,0.6241155592994141,-0.8461283132802182,2.709375374907637
1787850631.9555671,60.529502261000744,100.6,0.6080603435283424,-0.8387058999135004,2.707266266348992
1787850631.969704,60.54363831500086,100.6,0.592020673307104,-0.8312536801000949,2.705771115216858
1787850631.9829822,60.556916827998066,100.6,0.5759921110957988,-0.8237812287109583,2.7047641209880737
1787850632.056182,60.630117173001054,100.6,0.5599707277524298,-0.8162970709172954,2.704318918276418
1787850632.1939423,60.76787708399934,100.8,0.5439526548710821,-0.808809315171841,2.704427387036425
1787850632.2078893,60.78182376999757,100.8,0.5279333908760189,-0.8013285190340079,2.705262321873277
1787850632.2811556,60.855090848002874,100.8,0.5119076965069764,-0.7938666927896847,2.7069394227683095
1787850632.4174051,60.99133983600041,100.9,0.49586927970761163,-0.7864366053325994,2.709252125747209
1787850632.5539267,61.12786152299668,101.0,0.479813660579649,-0.7790487224824536,2.7122734615375683
1787850632.6912522,61.265187197997875,101.2,0.4637355797716945,-0.7717145472424284,2.7159491037220334
1787850632.7043467,61.27828090300318,101.2,0.447630474957635,-0.7644425689008786,2.7201234629703235
1787850632.7159348,61.289869526000984,101.2,0.43149462121735277,-0.7572408717633614,2.7247031293646518
1787850632.7889524,61.36288709699875,101.2,0.4153256166383036,-0.7501178253443248,2.729952313447217
1787850632.9283564,61.50229118899733,101.3,0.39911939860681034,-0.7430832971826705,2.735670989466393
1787850632.9413867,61.515321304999816,101.4,0.38287359332650667,-0.7361446228909058,2.7418626107162947
1787850633.0146992,61.58863390100305,101.4,0.36658538488871184,-0.7293100548806272,2.7484978611369226
1787850633.1528082,61.726743755003554,101.5,0.3502523482269471,-0.7225861331147901,2.755425979719636
1787850633.2280757,61.80200994900224,101.6,0.33387321461915787,-0.7159771615796439,2.7625742359316403
1787850633.364702,61.93863693899766,101.7,0.3174476312275816,-0.709487875053564,2.770099645959616
1787850633.5015266,62.075462462998985,101.8,0.3009743860380449,-0.7031249353900418,2.7779365050355405
1787850633.578942,62.152877173997695,101.9,0.2844523769364221,-0.6968931594400347,2.785951800030999
1787850633.5927353,62.16666965100012,101.9,0.267881205462886,-0.6907951325604073,2.7941419193488257
1787850633.663872,62.23780636599986,101.9,0.25126000214809247,-0.6848333847800567,2.802471012681366
1787850633.7373824,62.31131707599707,102.1,0.23458890964544135,-0.6790106241042319,2.8109037791303515
1787850633.8146105,62.38854529800301,102.1,0.21786872913279065,-0.6733295163862567,2.8194416228909907
1787850633.8884661,62.46240113199747,102.1,0.20110123019833487,-0.6677921873500555,2.8280598241263646
1787850634.0256722,62.59960690799926,102.2,0.18428763642136853,-0.6623999723769696,2.836728529328711
1787850634.0402884,62.61422356300318,102.3,0.16742850131125253,-0.657154078365461,2.8454211077856284
1787850634.114321,62.68825604800077,102.3,0.1505247017721917,-0.652054807225249,2.8541207367117254
1787850634.251184,62.8251187470014,102.4,0.13357731284538785,-0.6471027199050635,2.8628144143206384
1787850634.3271396,62.9010742199971,102.5,0.1165882417208954,-0.6422984900707644,2.8714996884531554
1787850634.4019744,62.975909323999076,102.6,0.09955906303385009,-0.637642170741088,2.880119072071032
1787850634.53966,63.113594781003485,102.7,0.08249098117134027,-0.6331324326291469,2.888696083309693
1787850634.5534854,63.12741947599716,102.7,0.06538433802553556,-0.6287684793006981,2.8972125822877284
1787850634.6272862,63.20122132200049,102.7,0.04823978960745952,-0.6245491126529434,2.90567257955501
1787850634.7638938,63.3378290239998,102.9,0.031058862736979755,-0.6204745567055654,2.914083146621369
1787850634.9088888,63.48283151200303,103.0,0.013843777280674204,-0.6165448880979587,2.92245606857416
1787850634.9863014,63.560236475997954,103.0,-0.003403316340476804,-0.6127589447235208,2.9307093188240656
1787850634.9998755,63.573809863999486,103.1,-0.020680332981699655,-0.6091146166205733,2.9388934622308533
1787850635.0766642,63.65059897500032,103.1,-0.037985971810742744,-0.6056110765032039,2.9469856879449097
1787850635.1533003,63.72723499099811,103.2,-0.05531893356160976,-0.6022471482577786,2.9549915205042745
1787850635.2906234,63.864558697001485,103.3,-0.07267780612756741,-0.5990220788521708,2.9629187754773696
1787850635.4282355,64.00217079200229,103.4,-0.09006120741094353,-0.595934619202615,2.970780266607061
1787850635.5033731,64.07730776700191,103.5,-0.10746827584255725,-0.5929824684320474,2.978456279672972
1787850635.5148604,64.08879464300117,103.5,-0.12489775728231284,-0.5901628848757463,2.9860121701267888
1787850635.5271208,64.10105525499966,103.5,-0.14234911497291516,-0.5874741608931747,2.9934095477687634
1787850635.6634426,64.23737711500144,103.6,-0.15982131162240085,-0.5849133439941224,3.00062083533739
1787850635.7986696,64.37260434599739,103.7,-0.17731273569831194,-0.5824769109817624,3.0076568786208195
1787850635.9375527,64.51148729099805,103.8,-0.19482180000261803,-0.5801629230474161,3.014553247617093
1787850635.951527,64.52546124599758,103.9,-0.21234677294904447,-0.5779684677674831,3.0212540067047353
1787850636.0260258,64.59996052500355,103.9,-0.22988582641821736,-0.5758905684537522,3.027826715031393
1787850636.1018524,64.67578699900332,104.0,-0.24743775578456867,-0.5739268504752281,3.0342208618456916
1787850636.2392266,64.81316146499739,104.1,-0.265001339506931,-0.5720743351199911,3.040449146166262
1787850636.2528076,64.82674173099804,104.1,-0.2825756900369947,-0.5703304824212451,3.0465413553818705
1787850636.264726,64.8386601059974,104.1,-0.3001603575991476,-0.5686925373735665,3.0524505135080595
1787850636.4018734,64.9758087759983,104.2,-0.31775489177733396,-0.5671575965576504,3.0582448793853314
1787850636.4812987,65.05523305400129,104.3,-0.33535888750817877,-0.5657237730351383,3.063912457701291
1787850636.4975367,65.07147112199891,104.3,-0.3529718493806165,-0.5643891369327323,3.0694342826653815
1787850636.6344213,65.20835604199965,104.4,-0.37059324449756015,-0.5631502169263983,3.074746898430254
1787850636.7724934,65.34642802699818,104.5,-0.3882220404298383,-0.5620038205700332,3.079917486886092
1787850636.9094114,65.48334600200178,104.6,-0.40585742576924216,-0.5609474696092737,3.0849083284873178
1787850636.9872653,65.56119968699932,104.7,-0.42349834024154903,-0.5599780237038553,3.089780460173636
1787850636.9996383,65.57357248700282,104.7,-0.4411437092196985,-0.5590936962296267,3.094511042466685
1787850637.0108783,65.58481230599864,104.7,-0.4587927278833293,-0.558292413115226,3.099066691500209
1787850637.1466675,65.72060254900134,104.8,-0.47644503727997173,-0.5575695523084643,3.103377010826971
1787850637.2836146,65.85754932100099,104.9,-0.49410005155945697,-0.5569215899348066,3.107515781886771
1787850637.3591897,65.93312411400257,105.0,-0.5117580460815228,-0.5563452691720986,3.1114431846428228
1787850637.4962208,66.07015578600112,105.1,-0.5294189766297331,-0.5558373910803642,3.115232944961352
1787850637.633918,66.20785253599752,105.2,-0.5470828404624639,-0.5553956079920055,3.1188531136191124
1787850637.71014,66.28407444299955,105.3,-0.5647495092421743,-0.5550164953430269,3.1222953995022698
1787850637.7254598,66.29939428000216,105.3,-0.5824185312098601,-0.5546971255029418,3.125592594407296
1787850637.7374697,66.31140394900285,105.3,-0.6000894264157398,-0.5544351098485126,3.1287799386100854
1787850637.8100493,66.3839838319982,105.3,-0.6177618205899498,-0.554228572619425,3.131823465438165
1787850637.948032,66.52196710799763,105.4,-0.6354350408660938,-0.5540752144160532,3.1347702149784666
1787850638.088148,66.66208360200108,105.5,-0.6531085219888305,-0.5539731894642436,3.137587076632715
1787850638.102626,66.6765603879976,105.6,-0.6707817299816399,-0.5539200654793716,3.1402773164645073
1787850638.114191,66.68812541400257,105.6,-0.6884545563253218,-0.5539139689822935,-3.1403171866648116
1787850638.2505713,66.82450575099938,105.7,-0.7061272996460745,-0.5539523993974875,-3.137861634560662
1787850638.3883114,66.96224621599686,105.8,-0.7238002845371738,-0.5540333265610178,-3.135547979367633
1787850638.4652941,67.03922843799955,105.9,-0.7414735468774768,-0.5541550288627973,-3.133321700525895
1787850638.4782116,67.05214594399877,105.9,-0.7591476258348718,-0.5543153080753194,-3.1311964592492005
1787850638.551161,67.12509613000293,105.9,-0.7768223789780074,-0.5545123401567486,-3.129163408879304
1787850638.6878173,67.26175175899698,106.0,-0.7944974629022036,-0.5547448534919234,-3.1271965383625995
1787850638.8237927,67.39772793500015,106.1,-0.8121728191338777,-0.5550115746410008,-3.1253093811951143
1787850638.9614532,67.535387953998,106.3,-0.8298480527510471,-0.55531130989558,-3.123503329035871
1787850639.0403495,67.61428397199779,106.4,-0.8475228804703318,-0.5556423339305654,-3.121776345586269
1787850639.0531976,67.62713185999746,106.4,-0.8651966857236493,-0.5560035206575468,-3.1201035576682066
1787850639.0645971,67.63853129799827,106.4,-0.8828692425209581,-0.5563939554752838,-3.1185031321109746
1787850639.0751028,67.64903719699942,106.4,-0.9005406675585335,-0.5568122396664489,-3.1169771097100063
1787850639.2105987,67.7845331790013,106.5,-0.9182114311561793,-0.5572563165390992,-3.1155442004708997
1787850639.3480704,67.92200574200251,106.6,-0.9358817222321891,-0.5577255529543683,-3.114154216925092
1787850639.3617964,67.93573065900273,106.6,-0.9535518227259827,-0.5582194928383503,-3.112800794329642
1787850639.4997876,68.07372246799787,106.7,-0.9712219283840489,-0.5587372794652733,-3.111461980976259
1787850639.6375093,68.2114445460029,106.8,-0.9888919933806083,-0.5592785767103563,-3.11012145741833
1787850639.7756948,68.34962950699992,106.9,-1.0065618849078564,-0.5598435611808504,-3.1087617189085694
1787850639.912652,68.48658685400005,107.0,-1.0242312742837296,-0.5604324827591124,-3.1073733521792524
1787850639.9260082,68.49994254599733,107.1,-1.0418996507935712,-0.5610465847346787,-3.105939279193666
1787850639.9397583,68.51369263300148,107.1,-1.0595665762319812,-0.5616865743673402,-3.104465208976666
1787850639.9495695,68.52350342700083,107.1,-1.0772317250507948,-0.5623528089775329,-3.102919351327333
1787850640.0871463,68.661080949998,107.1,-1.0948948213077285,-0.5630466078353644,-3.101302954575992
1787850640.224429,68.79836356500164,107.3,-1.112555843972646,-0.5637695045459067,-3.099602576398279
1787850640.2389004,68.81283496200194,107.3,-1.1302149615679542,-0.564522826626479,-3.0978124803237175
1787850640.3749824,68.94891704100155,107.4,-1.1478723375226716,-0.5653084542622394,-3.0958983804098326
1787850640.4502966,69.024231383999,107.4,-1.1655280447660978,-0.5661293278026659,-3.0938514346633563
1787850640.5873775,69.1613122130002,107.5,-1.1831822236074248,-0.566987392457305,-3.0916756996779555
1787850640.7252092,69.29914422999718,107.6,-1.2008349450922688,-0.5678839050983082,-3.089406823910585
1787850640.8011389,69.37507334799739,107.7,-1.2184857337011743,-0.5688210227265292,-3.0870376691483283
1787850640.8129303,69.38686466999934,107.8,-1.2361340299969947,-0.5698007913571971,-3.0845698424101076
1787850640.8873694,69.46130411700142,107.8,-1.2537792368490592,-0.5708247840355364,-3.082014797399019
1787850640.961742,69.5356763489981,107.8,-1.271420978098074,-0.5718945811432969,-3.0793703103097547
1787850641.1021762,69.67611073800072,107.9,-1.2890592125652283,-0.5730112922069973,-3.0766537850969495
1787850641.2419376,69.81587207099801,108.1,-1.3066936259282667,-0.5741763293691432,-3.0738882412913973
1787850641.3800483,69.95398274699983,108.2,-1.3243240501383435,-0.5753903589934831,-3.071085526917101
1787850641.394101,69.9680354230004,108.2,-1.3419505934255416,-0.5766537162551169,-3.0682622758132263
1787850641.406858,69.98079237499769,108.2,-1.3595734584819044,-0.5779669039007105,-3.0654335079186286
1787850641.4800036,70.0539388670004,108.2,-1.377192966181597,-0.5793302090487,-3.0626031369834568
1787850641.4948895,70.06882381500327,108.3,-1.3948094128429127,-0.5807435637166307,-3.0597948497975347
1787850641.6319523,70.20588763900014,108.4,-1.412422720199918,-0.5822061183412495,-3.057005424181439
1787850641.7693958,70.34333031000278,108.5,-1.4300325523955697,-0.5837172641639135,-3.054264865419523
1787850641.906948,70.48088272799941,108.6,-1.4476383188948256,-0.5852762190452114,-3.0515886408798703
1787850642.047308,70.62124308700004,108.7,-1.4652396649307664,-0.5868821787764524,-3.048991489718139
1787850642.0627785,70.63671260500269,108.8,-1.482836762595151,-0.5885332898900772,-3.046489738172355
1787850642.0743763,70.6483107210006,108.8,-1.5004298235278801,-0.5902275171320013,-3.0440802326007064
1787850642.0848997,70.65883375900012,108.8,-1.5180185929873982,-0.5919639011326341,-3.0417258052187073
1787850642.2203767,70.79431138999644,108.8,-1.5356028379914324,-0.5937415702087511,-3.039376859927476
1787850642.3576834,70.93161826900177,108.9,-1.5531822770947623,-0.5955605914219603,-3.03696594620033
1787850642.37187,70.94580423300067,109.0,-1.5707570447687638,-0.5974224475016903,-3.0344711211771394
1787850642.5083709,71.08230552099849,109.1,-1.5883268979570826,-0.5993294618742687,-3.031786193887281
1787850642.6448965,71.21883145500033,109.2,-1.6058911649834615,-0.6012857907033706,-3.028788262395777
1787850642.7828703,71.35680487100035,109.3,-1.6234486206766934,-0.6032971093902997,-3.025412345552559
1787850642.8530164,71.42695045899745,109.4,-1.640998013983703,-0.6053696710348367,-3.021721296552508
1787850642.8599606,71.43389452200063,109.4,-1.65853843942823,-0.6075082594858007,-3.0177952345589296
1787850642.8662746,71.44020857100259,109.4,-1.6760687238020429,-0.6097175263753325,-3.013599939032272
1787850643.001146,71.57508178299759,109.5,-1.6935883633824993,-0.6120020965831479,-3.009199359551871
1787850643.140638,71.71457276000001,109.6,-1.7110967653868243,-0.6143649208373483,-3.004558997717062
1787850643.216086,71.7900204480029,109.7,-1.7285928401019475,-0.6168102991220069,-2.999689718588973
1787850643.3532233,71.92715802400198,109.8,-1.7460754547655162,-0.619342197474039,-2.994630676032735
1787850643.3668215,71.9407559550018,109.8,-1.7635445578393352,-0.6219629837567905,-2.989513198828205
1787850643.3784406,71.95237493299646,109.8,-1.7810001353954301,-0.6246731970207786,-2.9844038180227854
1787850643.5155447,72.08947946399712,109.9,-1.7984422496524397,-0.6274727951071671,-2.9793095348367844
1787850643.5917065,72.16564106100122,110.0,-1.8158710384975236,-0.6303607705407331,-2.9743279291890827
1787850643.6045835,72.1785177769998,110.0,-1.8332866464701207,-0.6333342768245737,-2.9695627244368015
1787850643.741122,72.31505651400221,110.1,-1.8506890068982518,-0.636389244963639,-2.965040162779772
1787850643.877897,72.45183151200035,110.2,-1.8680781390891108,-0.6395213048846768,-2.96075256061884
1787850644.0145502,72.58848523799679,110.3,-1.8854541444802906,-0.6427268963870703,-2.956634514883965
1787850644.0307436,72.60467792800046,110.4,-1.9028173187416195,-0.6460031946725283,-2.9526773195246543
1787850644.167028,72.74096252000163,110.4,-1.920168001133415,-0.6493474591386802,-2.94884671166155
1787850644.3045785,72.87851342700014,110.5,-1.93750604115802,-0.6527573479581319,-2.9450592868638137
1787850644.3820672,72.95600186500087,110.7,-1.9548304455786532,-0.6562332477230094,-2.9412037892486325
1787850644.3951995,72.96913369499816,110.7,-1.9721407923384335,-0.6597765165659258,-2.9372878806592153
1787850644.4685788,73.04251340500196,110.7,-1.9894371952423966,-0.6633877491084752,-2.9333601261320155
1787850644.4818172,73.05575164900074,110.7,-2.006720105629684,-0.6670666350267752,-2.9295219819532985
1787850644.6181767,73.1921114249999,110.8,-2.023989828646831,-0.6708110940433589,-2.925819503479689
1787850644.695424,73.26935847300047,110.9,-2.0412471793918345,-0.6746178057961691,-2.922426432695255
1787850644.7083154,73.28224955299811,110.9,-2.058493454537829,-0.6784803873974314,-2.9194971106163923
1787850644.8431263,73.41706044199964,111.0,-2.0757306141455194,-0.6823901851605452,-2.917105084905466
1787850644.9791915,73.55312625499937,111.1,-2.0929606079089247,-0.6863380753551197,-2.9152097459048885
1787850645.056901,73.63083532900055,111.2,-2.110184966653046,-0.6903163328333889,-2.9137295490941075
1787850645.1320875,73.70602201599831,111.3,-2.127405078667491,-0.6943178605516,-2.912598632368413
1787850645.2068434,73.78077795900026,111.3,-2.144622391468766,-0.6983362289632312,-2.911849939604508
1787850645.2824612,73.8563957410006,111.4,-2.161838234025709,-0.7023653357353526,-2.91145302483769
1787850645.2951055,73.86903986499965,111.4,-2.179054432765529,-0.7063986636718594,-2.9115113135686954
1787850645.3678608,73.94179536400043,111.4,-2.1962731916413265,-0.7104282495551478,-2.912059311768739
1787850645.4433854,74.01731977600139,111.5,-2.213496873523578,-0.7144453924032714,-2.9131247699345857
1787850645.579949,74.15388338200137,111.6,-2.2307270733136244,-0.7184417314119391,-2.9145630817474193
1787850645.7169259,74.29086039200047,111.7,-2.247964925134415,-0.7224108804856977,-2.9163725385854264
1787850645.8538594,74.4277940489992,111.8,-2.2652112830077833,-0.7263469660689503,-2.9185462798784574
1787850645.9305568,74.50449083399872,111.9,-2.282467989027308,-0.7302427614627396,-2.9211262372545472
1787850645.9452643,74.51919905599789,111.9,-2.2997357991000538,-0.734092446770402,-2.923962060171323
1787850646.019575,74.59350961299788,112.0,-2.317015674574162,-0.7378915804072201,-2.927045303043135
1787850646.159109,74.73304447899864,112.1,-2.3343079355337197,-0.7416363602925629,-2.9302942312849227
1787850646.1729598,74.74689408700215,112.1,-2.35161272945656,-0.7453239853814131,-2.9337004160752307
1787850646.246641,74.82057547199656,112.1,-2.3689303256589307,-0.7489517459032012,-2.9372417343426496
1787850646.3837905,74.95772545599903,112.3,-2.3862610890314353,-0.7525175062071674,-2.940877219608164
1787850646.3979335,74.97186777699972,112.3,-2.403605471124425,-0.7560197563202419,-2.9446080542323907
1787850646.4721658,75.0461003570017,112.3,-2.4209635763024147,-0.759457105361201,-2.948411939103041
1787850646.6086564,75.1825913069988,112.4,-2.438335530000499,-0.7628280652057267,-2.9522903735724837
1787850646.7461474,75.32008242900338,112.5,-2.455720906354662,-0.7661310039881658,-2.9562243166819555
1787850646.8212445,75.39517992600304,112.6,-2.473119150911032,-0.7693651517071146,-2.9602007291081667
1787850646.8974288,75.4713631400009,112.7,-2.490529819387304,-0.7725303285515736,-2.9641964294427794
1787850646.9104722,75.48440647700045,112.7,-2.507952753576783,-0.7756259390997453,-2.9682039826736886
1787850646.9838352,75.55777030000172,112.7,-2.5253879038644835,-0.7786516808594387,-2.972207050364105
1787850647.1196036,75.69353844800207,112.8,-2.542834968662955,-0.781607388563275,-2.976180251199021
1787850647.2602122,75.83414704800089,113.0,-2.560293129568038,-0.7844939603218953,-2.980120730290686
1787850647.2743325,75.84826680600236,113.0,-2.5777620172017293,-0.7873119475622068,-2.984041786650989
1787850647.286981,75.86091536399908,113.0,-2.595241761051171,-0.7900616894135893,-2.9879446709268973
1787850647.4230158,75.99695070600137,113.1,-2.612732671460399,-0.7927434713017266,-2.991837355470644
1787850647.4987857,76.07272068699967,113.2,-2.6302347425005377,-0.7953572826684201,-2.9957160804350087
1787850647.5126681,76.08660231999966,113.2,-2.6477471695107813,-0.7979035127759072,-2.9995659562223467
1787850647.6453173,76.21925211000053,113.3,-2.665269140152883,-0.8003823243548617,-3.0033868819839915
1787850647.7197936,76.29372807600157,113.3,-2.6828000246508177,-0.8027943209557806,-3.007175952532348
1787850647.8578265,76.43176181000308,113.4,-2.7003394910149927,-0.805140021041906,-3.0109472354180253
1787850647.9952648,76.56919965900306,113.6,-2.717887417189222,-0.8074197864103672,-3.014712145215311
1787850648.1331005,76.7070352649971,113.7,-2.7354434758687014,-0.8096335255558237,-3.0184623392745653
1787850648.2113643,76.78529863199947,113.8,-2.753007158061091,-0.8117815701481386,-3.0221802027404383
1787850648.2243974,76.79833160900307,113.8,-2.7705782609947605,-0.8138643569941212,-3.025860458806705
1787850648.2350943,76.80902855099703,113.8,-2.788156667916199,-0.8158826548985959,-3.0294974933445107
1787850648.3082724,76.88220705900312,113.8,-2.8057424882291913,-0.8178374646913409,-3.0331058075635715
1787850648.444411,77.01834572199732,113.9,-2.823335720789271,-0.8197293882264557,-3.0366624994551255
1787850648.5820813,77.15601581100054,114.0,-2.840936117342302,-0.8215590478481336,-3.0401871905678486
1787850648.6596777,77.23361268800363,114.1,-2.8585431655106492,-0.8233267766209951,-3.043667401858779
1787850648.7963617,77.37029631799669,114.2,-2.876156036043321,-0.8250334182738774,-3.047083393498139
1787850648.80979,77.38372397499916,114.3,-2.893774092487405,-0.8266804157648574,-3.0504493382560844
1787850648.8832593,77.45719409699814,114.3,-2.911397123311113,-0.8282684317041257,-3.0537882198939106
1787850649.0193572,77.59329195300234,114.4,-2.929024780238366,-0.8297979291290156,-3.057080322036045
1787850649.0951724,77.66910666399781,114.5,-2.946656817277148,-0.8312694825883368,-3.0603432309858905
1787850649.1076424,77.68157667500054,114.5,-2.964292935768413,-0.8326835377052022,-3.0635623529612985
1787850649.1184773,77.69241144700209,114.5,-2.9819330141200076,-0.8340410979793905,-3.066714937516068
1787850649.256874,77.83080866400269,114.6,-2.999577142672549,-0.8353435937446004,-3.0698122935050653
1787850649.3321762,77.9061103999993,114.7,-3.0172254284548172,-0.8365920805136549,-3.072858421094934
1787850649.3450906,77.91902476199903,114.7,-3.034877996685613,-0.8377874171429377,-3.075833964755431
1787850649.4819753,78.055909763003,114.8,-3.0525345904346715,-0.8389303721188855,-3.0787709740038385
1787850649.619568,78.19350269799907,114.9,-3.070194656233555,-0.8400215148242797,-3.081661959473889
1787850649.6339686,78.20790321099776,114.9,-3.0878575461147593,-0.8410619602246576,-3.084491580733078
1787850649.7711587,78.34509329700086,115.0,-3.1055227389181095,-0.8420530199399979,-3.087255698219039
1787850649.8456144,78.4195485579985,115.1,-3.123189867319681,-0.8429959088635997,-3.089950534080264
1787850649.8572495,78.43118382200191,115.1,-3.1408586952657895,-0.843891514964851,-3.092589879451631
1787850649.9931982,78.56713277100062,115.2,-3.1585290772798342,-0.8447405911717979,-3.095186765057148
1787850650.1293113,78.70324600300228,115.3,-3.1762010363707063,-0.8455438893832761,-3.097724038795359
1787850650.2701166,78.84405118900031,115.4,-3.1938745834205657,-0.8463028682628196,-3.100182464649843
1787850650.4070868,78.98102149199985,115.5,-3.211549901253427,-0.8470191888347232,-3.10256287677304
1787850650.4215693,78.9955035699968,115.6,-3.2292272056578364,-0.8476942416279953,-3.104869820487741
1787850650.434934,79.00886806500057,115.6,-3.246906533559612,-0.8483286887194262,-3.10712301129313
1787850650.4443502,79.0182844680021,115.6,-3.264587520423049,-0.8489236332927736,-3.1092980688638088
1787850650.5806494,79.15458406099788,115.7,-3.282269918702324,-0.8494804367219639,-3.1114209061897053
1787850650.718056,79.2919907329997,115.8,-3.299953304497082,-0.850000080950187,-3.1134942694581005
1787850650.851258,79.42519227800221,115.9,-3.31763725591658,-0.8504833716232792,-3.1155325150537294
1787850650.9245276,79.49846239400358,116.0,-3.3353213362403142,-0.850931079912485,-3.117516274615465
1787850650.9370232,79.51095747000363,116.0,-3.353005264856029,-0.851344083749066,-3.1194405691187703
1787850650.9477956,79.5217298839998,116.0,-3.3706891339790133,-0.8517233737167323,-3.1212960826418166
1787850651.0834413,79.65737595399696,116.1,-3.3883732319128153,-0.8520700922636965,-3.123104064515867
1787850651.2219975,79.79593279700202,116.2,-3.4060578763264218,-0.8523852130985418,-3.1248657220685003
1787850651.3609147,79.9348491089986,116.3,-3.423743296339606,-0.8526695988036022,-3.1265644922604108
1787850651.437044,80.01097832099913,116.4,-3.441429548458685,-0.8529245585283867,-3.1281795386603655
1787850651.4482734,80.0222074839985,116.4,-3.4591166552913903,-0.8531511965678739,-3.129746879776325
1787850651.459,80.03293431399652,116.4,-3.476804215090478,-0.8533505337278092,-3.131254258169856
1787850651.595281,80.16921545600053,116.5,-3.4944922238137086,-0.8535235113755472,-3.132722068607259
1787850651.7328882,80.3068232259975,116.6,-3.5121802889407125,-0.8536708620464059,-3.1341534085292597
1787850651.8124337,80.38636818899977,116.7,-3.529868107209815,-0.8537930618657378,-3.135531508314858
1787850651.9498649,80.52379972299968,116.8,-3.547555070133104,-0.8538915455268132,-3.1368364576731103
1787850651.96453,80.53846417499881,116.8,-3.565241104438327,-0.8539672985394513,-3.13808378520794
1787850651.9769018,80.55083618299977,116.8,-3.5829264920908694,-0.8540212833741829,-3.139260870442937
1787850652.113434,80.6873687690022,116.9,-3.6006115831179244,-0.8540547921692859,-3.140394684080024
1787850652.249825,80.82375997299823,117.0,-3.618296787983517,-0.8540685624556207,-3.1414817577568868
1787850652.326887,80.90082139099832,117.1,-3.635982346844802,-0.8540636087272951,3.1406737334310306
1787850652.3398345,80.91376856699935,117.1,-3.6536683040568394,-0.8540408634333816,3.139699687677633
1787850652.4761834,81.05011797000043,117.2,-3.6713547058772105,-0.8540011459850596,3.138781198155192
1787850652.5513787,81.12531324999873,117.3,-3.689041278275663,-0.8539453161078991,3.1379051437958774
1787850652.626852,81.2007867939974,117.4,-3.7067278927986083,-0.8538743089386244,3.1370746884576395
1787850652.7627847,81.33671995499753,117.4,-3.7244141716318118,-0.8537889653375633,3.1362730757714803
1787850652.901944,81.47587895899778,117.5,-3.742099774630463,-0.8536898885651122,3.1355165120485644
1787850652.915968,81.4899029090011,117.6,-3.759784387749262,-0.8535776509396373,3.1348115936489442
1787850652.9279068,81.50184155999887,117.6,-3.777467911177777,-0.8534531935970594,3.1341621059404443
1787850652.9997358,81.57367083199642,117.6,-3.795150690793805,-0.8533175004820188,3.133557023280599
1787850653.0742023,81.64813654300087,117.7,-3.8128330849869148,-0.853171633564546,3.13301727250845
1787850653.2111282,81.78506379300234,117.8,-3.83051568006989,-0.8530166490204463,3.1325270249100967
1787850653.2898374,81.86377149100008,117.9,-3.8481986779105366,-0.8528533676945594,3.132083755635476
1787850653.3023212,81.87625558699801,117.9,-3.8658820928943785,-0.8526823525754301,3.131682495718247
1787850653.4388683,82.01280310300353,118.0,-3.883565663527037,-0.8525045522783645,3.1313369147845505
1787850653.576313,82.15024791999895,118.1,-3.9012495123196604,-0.852320814997219,3.131028556942979
1787850653.6516175,82.2255518430029,118.2,-3.9189332443407814,-0.852132050121944,3.1307752446217285
1787850653.788587,82.36252210899693,118.3,-3.936616536549303,-0.8519393329742255,3.130564716463954
1787850653.801562,82.37549628799752,118.3,-3.9542990919573433,-0.8517431209035154,3.1303953970153326
1787850653.8139174,82.38785198400001,118.3,-3.971980657744891,-0.8515442226047256,3.1302846997458746
1787850653.949801,82.52373605199682,118.4,-3.9896612895113024,-0.8513437380638107,3.1302493404118445
1787850654.0860255,82.65996032999828,118.5,-4.0073413953567725,-0.8511428561553387,3.130254799128855
1787850654.2231061,82.79704190699704,118.6,-4.025021312973624,-0.8509425370556815,3.1303088611260534
1787850654.236714,82.81064806100039,118.7,-4.042701533932431,-0.8507435264142686,3.130400757974504
1787850654.2482224,82.82215723300033,118.7,-4.060382198517922,-0.8505464585168644,3.1305355705131843
1787850654.32331,82.89724442699662,118.7,-4.0780634150259045,-0.8503521025170659,3.1307252239045433
1787850654.4605384,83.03447365300235,118.8,-4.0957451468478,-0.850161072514664,3.1309579369454483
1787850654.5982895,83.172225084003,118.9,-4.11342696126915,-0.8499745522962391,3.1312509759368075
1787850654.674504,83.24844010500237,119.0,-4.131108485827785,-0.8497938826911706,3.131608377058504
1787850654.6892304,83.26316555700032,119.1,-4.148789718109045,-0.8496199811131526,3.1320119406598232
1787850654.7635071,83.33744198200293,119.1,-4.166470278780036,-0.8494533566397947,3.1324804390430745
1787850654.838229,83.41216406299645,119.1,-4.184149970760376,-0.8492953196137227,3.133006749645279
1787850654.9760113,83.54994564499793,119.3,-4.201828857289774,-0.849147066921417,3.1335712555359865
1787850654.9897718,83.5637058650027,119.3,-4.21950734964661,-0.8490093918498781,3.134183193647446
1787850655.0628479,83.63678245199844,119.3,-4.2371859653056045,-0.8488824622024618,3.1348418055093026
1787850655.2007656,83.77470014600112,119.4,-4.2548650962530195,-0.8487671421955545,3.1355337950685405
1787850655.339705,83.91363965500204,119.6,-4.272544692635836,-0.8486646614711946,3.1362682310143986
1787850655.41484,83.98877455000184,119.6,-4.290224867300003,-0.8485757064289304,3.1370343627485355
1787850655.4909766,84.06491093800287,119.7,-4.307905555432896,-0.8485001970364741,3.1378324817984073
1787850655.5044959,84.0784303160035,119.7,-4.325586448048189,-0.848438661332424,3.138658405698136
1787850655.5798993,84.15383448800276,119.8,-4.3432671360847745,-0.8483920667866711,3.1395220727160167
1787850655.7167542,84.29068887999892,119.9,-4.3609472992105385,-0.8483613614248475,3.140412437952082
1787850655.855771,84.42970582500129,120.0,-4.3786267324228625,-0.8483465178762357,3.141320649900204
1787850655.93314,84.50707461999991,120.1,-4.396305506082317,-0.8483475463286123,-3.1409489931184336
1787850655.9510436,84.52497816899995,120.1,-4.413983647502637,-0.8483646141308671,-3.140026591791485
1787850655.9658232,84.53975752399856,120.1,-4.43166169187302,-0.8483980954736238,-3.139098690313823
1787850656.0399253,84.61385999699996,120.1,-4.449340004035997,-0.8484480601056844,-3.1381905008384408
1787850656.1793416,84.75327634700079,120.2,-4.467018842565949,-0.8485141068965109,-3.1372998677454498
1787850656.3234634,84.89739882799768,120.3,-4.484698284486153,-0.8485956784366028,-3.136436938657447
1787850656.4638088,85.03774302399688,120.5,-4.50237834683548,-0.8486921317456924,-3.1356064285733583
1787850656.59988,85.17381455499708,120.6,-4.520058868803053,-0.8488029795190055,-3.134800042598088
1787850656.6759627,85.24989694599935,120.7,-4.537739537677695,-0.8489278832498345,-3.134026869044288
1787850656.6882896,85.26222378200328,120.7,-4.5554199047768344,-0.8490665046373714,-3.1332768369815365
1787850656.699661,85.27359501900355,120.7,-4.573099772918606,-0.8492183639029601,-3.1325524724224407
1787850656.7097046,85.28363879999961,120.7,-4.590778939860139,-0.8493828777094992,-3.131854692197542
1787850656.8456185,85.41955324100127,120.8,-4.608457549359836,-0.8495592632091636,-3.1311745423481008
1787850656.9789875,85.55292182200355,120.9,-4.626135709420364,-0.8497474204829115,-3.130518467090917
1787850657.113644,85.68757837299927,121.0,-4.643813745840733,-0.8499471447589074,-3.1298936966397477
1787850657.1889253,85.76285951000318,121.1,-4.661491971167098,-0.8501579221981508,-3.1292902847453288
1787850657.2019236,85.77585795799678,121.1,-4.679170727387389,-0.8503791716875081,-3.1287140499036603
1787850657.2131963,85.78713045099721,121.1,-4.696850139774273,-0.850610349700492,-3.1281680184851974
1787850657.3498003,85.92373525300354,121.2,-4.714530008649206,-0.850851028421674,-3.127645924971902
1787850657.489316,86.06325093600026,121.3,-4.732210240716046,-0.8511006451364758,-3.127157608689718
1787850657.5645072,86.13844148399949,121.4,-4.749890470029197,-0.8513586271051825,-3.1267040650799647
1787850657.6411986,86.21513318699726,121.5,-4.767570413725524,-0.8516245775187183,-3.1262737773040943
1787850657.7158983,86.28983334700024,121.5,-4.785249804267667,-0.8518980449461148,-3.1258697419996837
1787850657.7296796,86.30361363200063,121.6,-4.802928514074906,-0.8521784064940948,-3.1254974346323663
1787850657.866302,86.44023652299802,121.6,-4.820606666424793,-0.8524649610205681,-3.1251634728716366
1787850657.9414625,86.51539694199892,121.7,-4.83828449616002,-0.8527572596868517,-3.1248564114074115
1787850657.95469,86.52862414700212,121.7,-4.8559624013087195,-0.853054946916757,-3.124584839117792
1787850658.09147,86.66540486300073,121.8,-4.873640733909896,-0.8533571979225145,-3.124337701933701
1787850658.2278147,86.80174906900356,121.9,-4.891319603714052,-0.8536636342878571,-3.124113492366202
1787850658.3001568,86.87409116700292,122.0,-4.9089991678677745,-0.8539738570043359,-3.1239152842718005
1787850658.3138843,86.88781863299664,122.0,-4.926679238836389,-0.8542873354386398,-3.1237451664916613
1787850658.4519598,87.0258942060027,122.1,-4.944359512520433,-0.8546036509387619,-3.1235969203447502
1787850658.5235116,87.09744615099771,122.2,-4.962039797628065,-0.8549225301236132,-3.1234689657727523
1787850658.6606078,87.23454305199994,122.3,-4.979719802644873,-0.8552436009367387,-3.123359348750206
1787850658.6734686,87.24740314699739,122.3,-4.997399231924607,-0.8555666232179532,-3.1232655379334955
1787850658.7475896,87.32152413499716,122.3,-5.015078098954931,-0.8558910572912449,-3.123196429736412
1787850658.8862,87.4601349730001,122.5,-5.0327564457100396,-0.8562164015002277,-3.123150053105152
1787850659.0241995,87.59813426299661,122.6,-5.050434617476691,-0.8565422558199356,-3.123128246925961
1787850659.0392396,87.61317417499959,122.6,-5.068113010123481,-0.8568686696267895,-3.123119924392684
1787850659.0526042,87.62653838300321,122.6,-5.085791996483076,-0.8571950687009015,-3.1231299687544642
1787850659.190649,87.76458452399675,122.7,-5.103471626978586,-0.8575213349661192,-3.123154098817281
1787850659.329743,87.90367747999699,122.8,-5.121151879270946,-0.857847041908909,-3.1231901226442136
1787850659.344123,87.91805718500109,122.9,-5.13883258694893,-0.8581718991387028,-3.1232423763357007
1787850659.420941,87.9948753589997,122.9,-5.156513502713602,-0.8584956870192187,-3.1233154843486033
1787850659.4965937,88.0705282889976,123.0,-5.17419426863851,-0.8588180747732449,-3.1234121694580246
1787850659.6339028,88.20783745399967,123.1,-5.191874830685404,-0.8591386749046661,-3.1235252561217766
1787850659.6481612,88.22209541500342,123.1,-5.209554940727705,-0.8594572275237832,-3.1236589990119694
1787850659.7216809,88.29561541500152,123.1,-5.227234527907622,-0.8597732811064352,-3.123803883771644
1787850659.8590863,88.43302106900228,123.3,-5.244913791775801,-0.860086546831455,-3.1239595145527908
1787850659.9968011,88.570736089001,123.4,-5.262593020256243,-0.8603969470814787,-3.124122478331146
1787850660.1350665,88.70900138300203,123.5,-5.280272465823632,-0.8607044898912399,-3.124288995531875
1787850660.1493406,88.7232749429968,123.6,-5.29795235538979,-0.8610092553165637,-3.1244609555143246
1787850660.1612778,88.73521175699716,123.6,-5.3156329564571605,-0.8613111523934737,-3.124646766411825
1787850660.1718135,88.74574750199827,123.6,-5.333314285936084,-0.8616093656684595,-3.124841595497391
1787850660.1817622,88.75569640300091,123.6,-5.350996231059504,-0.8619036699188736,-3.1250486862751283
1787850660.318554,88.89248863200191,123.6,-5.368678295979186,-0.8621945698636392,-3.125267141006928
1787850660.4559703,89.02990514099656,123.8,-5.38636022260058,-0.8624818151387701,-3.1254955222555387
1787850660.5330048,89.10693936199823,123.8,-5.404041700483077,-0.8627648208657465,-3.1257312071278225
1787850660.6091056,89.18304004899983,123.9,-5.421722588956707,-0.8630434989753746,-3.12596690953909
1787850660.7466242,89.32055898399994,124.0,-5.439402969439525,-0.8633181080635565,-3.1262039240317248
1787850660.883235,89.45716978199926,124.1,-5.457083130086425,-0.8635884246630122,-3.126448036248476
1787850661.0206428,89.59457737699995,124.2,-5.474763397097558,-0.8638543101754887,-3.126698218533285
1787850661.0965128,89.67044689800241,124.3,-5.492444066953673,-0.8641158420503398,-3.1269517173566284
1787850661.1081526,89.68208675200003,124.3,-5.510125359306076,-0.8643729178315239,-3.127212340363147
1787850661.118461,89.69239521399868,124.4,-5.5278071288353825,-0.8646253292118709,-3.1274733311769225
1787850661.254023,89.8279585229975,124.4,-5.545489446688427,-0.8648731384507958,-3.1277366304743084
1787850661.3301883,89.9041227389971,124.5,-5.563172289712514,-0.8651162249782146,-3.1279976538635004
1787850661.3421853,89.91611957400164,124.5,-5.580855266019335,-0.865354778292104,-3.128255659145006
1787850661.4784465,90.05238137800188,124.6,-5.598537965347634,-0.8655887141164,-3.1285160321175494
1787850661.6183937,90.19232838499738,124.7,-5.616220221277068,-0.8658181013929792,-3.128785866747301
1787850661.6947544,90.26868900300178,124.8,-5.633901892421571,-0.8660426666300621,-3.1290593989062527
1787850661.7083535,90.2822878070001,124.8,-5.651582932945809,-0.8662623487189748,-3.1293379078039045
1787850661.7831216,90.35705649699958,124.8,-5.669263851575493,-0.8664769537835153,-3.1296163662126437
1787850661.9191308,90.49306526099826,124.9,-5.686945023550737,-0.8666866116583843,-3.129892289696258
1787850662.0552804,90.62921498800279,125.1,-5.704626685122906,-0.86689150963983,-3.1301670959279817
1787850662.130618,90.70455338500324,125.1,-5.722308954403262,-0.8670916997899577,-3.1304340663984345
1787850662.1443348,90.71826918300212,125.2,-5.739991746462762,-0.867287287502064,-3.130698500599258
1787850662.2199006,90.79383486999723,125.3,-5.757674954170268,-0.8674779295480813,-3.130964536445521
1787850662.2947373,90.86867222699948,125.3,-5.775358459570836,-0.8676637055257242,-3.1312376300980813
1787850662.3095424,90.88347689699731,125.3,-5.79304191260341,-0.8678449130452321,-3.131515624294159
1787850662.44578,91.01971436200256,125.4,-5.810725224549285,-0.8680212151022433,-3.131798766283706
1787850662.585362,91.15929680399859,125.5,-5.82840801046974,-0.8681925049137683,-3.1320787685966693
1787850662.6601899,91.23412425599963,125.6,-5.84609016357133,-0.8683586623338123,-3.1323581141690875
1787850662.6732984,91.24723267000081,125.6,-5.863771845396341,-0.8685198379217258,-3.1326298702389557
1787850662.809188,91.38312231600139,125.7,-5.881453366252721,-0.8686764671390196,-3.1328907650811084
1787850662.9464128,91.52034796200314,125.8,-5.89913512882361,-0.8688285263972123,-3.13314682299343
1787850663.085721,91.65965551300178,125.9,-5.916817353760981,-0.8689760845594013,-3.1334040957607483
1787850663.0961661,91.67010013200343,126.0,-5.934500457422505,-0.8691188193197604,-3.133775822927325
1787850663.167727,91.74166171099932,126.0,-5.952185938121137,-0.8692513884226735,-3.134674073167103
1787850663.18155,91.75548440500279,126.0,-5.969874196368397,-0.8693642035052519,-3.1362322486563103
1787850663.317921,91.89185569500114,126.1,-5.987564983004877,-0.8694452925493994,-3.1384263453152776
1787850663.4550695,92.0290039629981,126.2,-6.005258726869585,-0.8694821436486732,-3.141486169238526
1787850663.595196,92.16913043399836,126.3,-6.022955020107642,-0.8694590712662876,3.1377701993330125
1787850663.609759,92.18369336899923,126.4,-6.0406529460310106,-0.8693615545790258,3.133124263844278
1787850663.6209834,92.1949173460016,126.4,-6.0583512565758495,-0.8691781503323239,3.127984139728991
1787850663.6311562,92.20509038699674,126.4,-6.076048866237781,-0.8689017823949767,3.1225853253908733
1787850663.7668538,92.34078849099751,126.5,-6.093745147690568,-0.8685288600732909,3.117042445558435
1787850663.9032745,92.47720937599661,126.6,-6.11143962937149,-0.8680577307465219,3.1114431003851393
1787850663.9163911,92.49032534599974,126.6,-6.129131679370176,-0.8674875929558082,3.1058763226382338
1787850663.993173,92.56710731900239,126.7,-6.146820541033863,-0.8668197022000166,3.1004090968693503
1787850664.0661273,92.64006337300088,126.7,-6.164505735653803,-0.8660553236163554,3.0950018136275417
1787850664.1413825,92.71531675999722,126.8,-6.18218666965509,-0.8651956744389533,3.0896565097890063
1787850664.2789485,92.85288332000346,126.9,-6.199862760970075,-0.8642418796561705,3.0843275433620394
1787850664.41559,92.9895248660032,127.0,-6.217533316462217,-0.8631940258130542,3.0789848881758433
1787850664.5540156,93.12795044999802,127.1,-6.235197517337025,-0.8620516156123247,3.07362218868666
1787850664.6300611,93.20399549500144,127.2,-6.252854622066821,-0.8608144104197444,3.0682450992427377
1787850664.7665792,93.34051370999805,127.3,-6.270504081436501,-0.8594826987178013,3.062928849910401
1787850664.9041333,93.47806823800056,127.4,-6.288145663220012,-0.8580576423245806,3.0576890664515894
1787850665.0419333,93.61586820799857,127.5,-6.30577942346102,-0.8565405744009386,3.0524884762029587
1787850665.1182346,93.69216899500316,127.6,-6.323405243845587,-0.8549320452396938,3.0473194033608704
1787850665.131825,93.7057592209967,127.6,-6.341022864214312,-0.853232514818721,3.0421746241234344
1787850665.1431093,93.71704353999667,127.6,-6.358632196642084,-0.8514424444857869,3.0370402086643935
1787850665.1525059,93.72643993399834,127.6,-6.376232679661235,-0.8495621157976002,3.031907942221462
1787850665.2240474,93.7979818879976,127.6,-6.393823572393366,-0.8475914284520636,3.026777424736353
1787850665.238025,93.81195913800184,127.7,-6.411403856550553,-0.8455304594619111,3.021660046876056
1787850665.3745542,93.94848886499676,127.8,-6.428972627599979,-0.8433802711651538,3.0166731705564542
1787850665.5120142,94.08594869099761,127.9,-6.446529256914638,-0.8411445376185948,3.0119338590026556
1787850665.6515968,94.22553178400267,128.0,-6.464074147277023,-0.8388267011835329,3.007337264824367
1787850665.789993,94.36392758900183,128.1,-6.481607300615064,-0.8364291723465713,3.0028811733774194
1787850665.8039558,94.37788996900053,128.2,-6.499129174397819,-0.8339541417968994,2.9984684359308513
1787850665.815539,94.38947320100124,128.2,-6.516640050361233,-0.8314015398283418,2.994011333679649
1787850665.8251066,94.39904085399758,128.2,-6.534139850859561,-0.8287699702345525,2.989425957745918
1787850665.8963366,94.47027112799697,128.2,-6.551628516120722,-0.8260571008116577,2.9846985889674955
1787850666.0329509,94.6068852219978,128.3,-6.569105347232321,-0.8232605781650542,2.979790131951485
1787850666.1091092,94.6830438820034,128.4,-6.5865693076000635,-0.8203764117338295,2.9746056772952687
1787850666.1840706,94.75800534599693,128.4,-6.604018630175603,-0.817399552941008,2.96912664889442
1787850666.2595477,94.83348197300074,128.5,-6.621451536818825,-0.8143251598966,2.9633507450502106
1787850666.3979492,94.97188379299769,128.6,-6.638866311932973,-0.8111486307082109,2.957370497386989
1787850666.5333602,95.10729472400271,128.7,-6.656261700866917,-0.8078669156242908,2.9512371787218767
1787850666.6726928,95.24662792200252,128.8,-6.673636461820222,-0.8044777835981191,2.944931643805406
1787850666.687538,95.26147229399794,128.9,-6.6909894326080135,-0.8009779386284072,2.9384360396491767
1787850666.6982207,95.27215486599744,128.9,-6.7083190011464415,-0.7973646234309982,2.9318122462553844
1787850666.770678,95.34461270499742,128.9,-6.725624161904453,-0.7936356081653719,2.9250665176799693
1787850666.908631,95.48256577400025,129.0,-6.74290424231551,-0.7897890710551375,2.9182298320195637
1787850667.0447664,95.61870130599709,129.1,-6.76015869228983,-0.7858236825268526,2.9112915192204167
1787850667.1188157,95.69275115700293,129.2,-6.777386269100884,-0.781737784972358,2.9042436320864153
1787850667.195159,95.76909343300213,129.3,-6.794585047751704,-0.7775295676627562,2.8970608272156597
1787850667.3314075,95.9053424570011,129.3,-6.811752790338621,-0.7731968748459431,2.889707565611136
1787850667.3456988,95.91963297800248,129.4,-6.828887685472883,-0.7687371543115209,2.882196359297907
1787850667.3580585,95.93199260099937,129.4,-6.845988214873332,-0.7641480714334659,2.8745761537305325
1787850667.493887,96.06782165500044,129.5,-6.8630533113461025,-0.7594280530437163,2.8668276072309733
1787850667.6330936,96.20702832099778,129.6,-6.880081391399354,-0.7545745169831563,2.8588832037946212
1787850667.7102199,96.28415413999755,129.7,-6.8970699872304095,-0.7495847103911698,2.8507401239350463
1787850667.7859652,96.3598995689972,129.8,-6.9140167997104465,-0.744455530886964,2.8424115535101295
1787850667.860778,96.43471281600068,129.8,-6.930920251304041,-0.739184253918353,2.8339093463958975
1787850667.9993196,96.57325437200052,129.9,-6.947778632762109,-0.7337682165865743,2.8252985245506133
1787850668.1362567,96.71019183099997,130.0,-6.9645904285403555,-0.7282068525689522,2.816706692140304
1787850668.2130876,96.78702171600162,130.1,-6.981354292756154,-0.7225015122647465,2.808151018188864
1787850668.224666,96.79860010700213,130.1,-6.998068414316212,-0.7166535684919467,2.7996885426318374
1787850668.2354476,96.80938175800111,130.1,-7.014731574236011,-0.7106658876009915,2.7914177140452705
1787850668.3081412,96.88207574399712,130.1,-7.031343827793275,-0.7045427001267444,2.7834631445727007
1787850668.4473312,97.02126598099858,130.3,-7.0479064915432685,-0.6982906714082867,2.7759738302018193
1787850668.4611847,97.03511918800359,130.3,-7.06442176050497,-0.6919173889437967,2.768873169905365
1787850668.5352435,97.10917811500258,130.3,-7.080891121970906,-0.6854306800659307,2.76222271416535
1787850668.6746297,97.24856423599704,130.4,-7.097316554290986,-0.6788375548704509,2.7560056532436534
1787850668.8113348,97.3852700560019,130.5,-7.113700293479998,-0.6721454996223504,2.7501794155510284
1787850668.9484656,97.52240059799806,130.7,-7.130044524919221,-0.6653627492194734,2.745046612722962
1787850669.0858262,97.65976073800266,130.8,-7.146354126947243,-0.6585004229421407,2.7405737594704576
1787850669.2212439,97.79517874200246,130.9,-7.162633322002834,-0.6515683841422123,2.7365384520840843
1787850669.2983725,97.8723073000001,131.0,-7.1788846401265936,-0.644574127487499,2.7329555789485616
1787850669.3105133,97.88444724999863,131.0,-7.195110793689836,-0.6375248133469771,2.7297697680503994
1787850669.3216147,97.89554895600304,131.0,-7.211314195349607,-0.6304250188208819,2.726711602325178
1787850669.3314269,97.90536131300178,131.0,-7.227495644358475,-0.623275269247273,2.723572183351258
1787850669.3405683,97.91450233499927,131.0,-7.243654489489319,-0.6160740510654428,2.7203202218722087
1787850669.3482013,97.92213526699925,131.0,-7.259789859422026,-0.6088197968687306,2.7169643625711983
1787850669.4835079,98.05744270199648,131.1,-7.275900772174932,-0.6015109968504088,2.7136145931913127
1787850669.619614,98.1935491539989,131.2,-7.2919870297873794,-0.5941489267784462,2.7103705599491583
1787850669.7598004,98.33373532100086,131.3,-7.308049208204078,-0.5867357340844929,2.7072777103500925
1787850669.8990955,98.47303043500142,131.4,-7.324088373493874,-0.5792745078159487,2.7044215950211723
1787850669.9746115,98.54854614799842,131.5,-7.340106324915289,-0.5717696788634282,2.701840135421224
1787850670.0504746,98.62440901299851,131.6,-7.356105070722448,-0.5642249749597323,2.699469890964658
1787850670.1864223,98.76035699700151,131.7,-7.372086038282722,-0.5566440765763686,2.6973609066164825
1787850670.1997244,98.77365871299844,131.7,-7.388051094583437,-0.5490314346654808,2.695515790173922
1787850670.2121131,98.78604739299772,131.7,-7.404002050771377,-0.5413907342830757,2.6939039937265505
1787850670.3479536,98.9218880949993,131.8,-7.4199407959208665,-0.5337266327376948,2.692579708562121
1787850670.48492,99.05885470099747,131.9,-7.435869606219975,-0.5260437856134264,2.6915522390410698
1787850670.5603752,99.13430977299868,132.0,-7.451790712846464,-0.5183463017496531,2.690809456768421
1787850670.6375175,99.21145191899996,132.1,-7.467706131756622,-0.5106382140975488,2.6902618869434574
1787850670.711616,99.2855508490029,132.1,-7.483617536703722,-0.5029230112601347,2.6898924099565393
1787850670.725262,99.29919613499806,132.1,-7.499526176955488,-0.4952031896999322,2.6896843070836987
1787850670.8616004,99.43553536700347,132.2,-7.515433264271652,-0.48748132871417343,2.6896557959243808
1787850670.9984715,99.572407079002,132.3,-7.531340133766031,-0.4797597105777629,2.6897403553480608
1787850671.0747871,99.6487215169982,132.4,-7.547247742906691,-0.4720401785309648,2.689931307484588
1787850671.1516726,99.72560679999879,132.5,-7.563156948597846,-0.4643243710382277,2.690193502322331
1787850671.2881663,99.86210165700322,132.6,-7.579068223539807,-0.4566131489224559,2.690517376652356
1787850671.3642452,99.93817947799835,132.7,-7.594981950578069,-0.4489074478908984,2.6908847426739446
1787850671.3765914,99.95052577699971,132.7,-7.610898570329612,-0.4412077423629805,2.691274573401439
1787850671.3874564,99.96139048199984,132.7,-7.626818215456085,-0.43351431649921984,2.691673709940315
1787850671.4594893,100.0334242079989,132.7,-7.642740825442473,-0.4258271983825545,2.6920685938250184
1787850671.5961025,100.17003711799771,132.8,-7.658666512004486,-0.4181463375329899,2.6924544226023412
1787850671.7348776,100.30881270499958,132.9,-7.674595265370565,-0.4104715175563987,2.6928190437033757
1787850671.8105383,100.38447281400295,133.0,-7.690526824262783,-0.40280230053051214,2.693156239134816
1787850671.946788,100.52072271700308,133.1,-7.70646092561345,-0.39513823368365486,2.6934668544072085
1787850672.0844436,100.6583787779964,133.2,-7.722397265823026,-0.3874788222841804,2.6937478560154147
1787850672.0994036,100.67333787299867,133.3,-7.73833567364806,-0.3798238570682551,2.694003516340849
1787850672.111286,100.68522020000091,133.3,-7.754276237616034,-0.3721729903945255,2.694239753050945
1787850672.2472978,100.82123247999698,133.3,-7.77021862649872,-0.3645254903586759,2.694467105580434
1787850672.3212936,100.89522796399979,133.4,-7.786162647477336,-0.3568814269449945,2.694685650316755
1787850672.3321383,100.90607229199668,133.5,-7.802108287667373,-0.34924098289223865,2.694896010170286
1787850672.4675586,101.04149318700365,133.5,-7.818055523015966,-0.3416041520554645,2.6950966816143294
1787850672.5431907,101.11712508399796,133.6,-7.834004369087066,-0.333970205737563,2.695290302892547
1787850672.5555406,101.12947463899764,133.6,-7.849954697243545,-0.32633919163948,2.6954777555786924
1787850672.694914,101.26884920400335,133.7,-7.865906411994046,-0.3187110620053605,2.695658683581516
1787850672.832237,101.40617149500031,133.8,-7.8818595387381425,-0.31108590598526326,2.6958299421703518
1787850672.969638,101.54357339299895,133.9,-7.897813880126776,-0.30346350136036604,2.6959911580541114
1787850673.1071134,101.68104834199767,134.0,-7.913769522992035,-0.29584350420098926,2.6961452959749814
1787850673.1218624,101.69579697299923,134.1,-7.929726320634476,-0.28822580690577093,2.6962837503346697
1787850673.133589,101.70752335600264,134.1,-7.945684218509051,-0.28061019981577767,2.696414315970802
1787850673.1440682,101.71800263199839,134.1,-7.961643138028876,-0.27299662691004917,2.696534550897428
1787850673.2807176,101.85465246200329,134.2,-7.977550207651138,-0.26541027765955,2.6966462760250374
1787850673.4196599,101.99359464000008,134.3,-7.99340059636412,-0.25785305564349525,2.6967524626662196
1787850673.4953518,102.0692860900017,134.4,-8.008881691800106,-0.25042819913967324,2.6885718159738614
1787850673.6324327,102.2063673579978,134.5,-8.024097749347339,-0.24297604105461484,2.6849888602163876
1787850673.7113574,102.28529189599794,134.6,-8.038877348780385,-0.23577154810493386,2.694086003734318
1787850673.7241266,102.298060754998,134.6,-8.053543169593604,-0.22879607837382385,2.704752531678285
1787850673.7352788,102.30921322500217,134.6,-8.067929694185754,-0.22216628929330115,2.718111915971285
1787850673.807667,102.38160166199668,134.6,-8.082227465161688,-0.215800741116252,2.7304917088531435
1787850673.9444797,102.51841438200063,134.7,-8.096476507731438,-0.20968785156392436,2.748109421386378
1787850674.0201964,102.5941308199981,134.8,-8.110375991673408,-0.2040377432666891,2.7676875065287243
1787850674.0945625,102.66849783399812,134.8,-8.124117139856166,-0.19874289999259087,2.78414290891223
1787850674.233849,102.80778398000257,135.0,-8.13763740630043,-0.19377981956877477,2.7995334445930737
1787850674.247655,102.8215893930028,135.0,-8.151065065301243,-0.18908108556734946,2.8146368013869716
1787850674.321363,102.89529774399853,135.0,-8.164386544275875,-0.18464348211110326,2.8296410092845976
