segment,segment_name,wall_time,wall_elapsed_s,sim_time,x,y,yaw
1,M->N,1787488154.4402757,0.0,49.13,-8.498472356358251,8.81686107697469e-07,0.0013922951611579017
1,M->N,1787488157.3299987,2.889680526976008,50.966,-8.438830179407118,0.00020114856750704866,0.006845890166224909
1,M->N,1787488157.3451188,2.904800020973198,51.034,-8.419797470595615,0.0003517697218348944,0.00976321665123839
1,M->N,1787488157.357565,2.917246368015185,51.102,-8.400765935783097,0.0005582662216325132,0.012692986746413525
1,M->N,1787488157.3680015,2.9276823750115,51.17,-8.381735931074376,0.0008196957298486308,0.015497605226132633
1,M->N,1787488157.377528,2.9372087689698674,51.238,-8.362706233810057,0.0011327027175486275,0.017996557207863677
1,M->N,1787488157.3853378,2.945018458995037,51.306,-8.343674925617615,0.0014898246305374758,0.019849772249056145
1,M->N,1787488157.392838,2.9525185740203597,51.374,-8.32463974369554,0.0018742721772915536,0.020574474669086778
1,M->N,1787488157.534527,3.094208887021523,51.476,-8.296079618946457,0.0024571870658913406,0.019585111424332266
1,M->N,1787488158.444258,4.003939311020076,51.952,-8.16261050036291,0.002232429105651187,-0.039555826722834794
1,M->N,1787488158.457363,4.017044659995008,52.02,-8.143537178171549,0.001372008147875849,-0.05468675992810016
1,M->N,1787488158.468574,4.0282549490220845,52.088,-8.12447634430958,0.000216395907223323,-0.07079557749590631
1,M->N,1787488158.6116269,4.171308119024616,52.19,-8.095922068197952,-0.0021134102324969787,-0.09680681512242738
1,M->N,1787488159.5206072,5.0802889809710905,52.666,-7.9640355174335875,-0.02365519320880322,-0.23548515840062786
1,M->N,1787488159.5345788,5.094259997014888,52.734,-7.945491448012169,-0.02825548510600815,-0.2564198048314808
1,M->N,1787488159.5469158,5.106597136997152,52.802,-7.927048560119344,-0.03324376731360157,-0.27740753470446944
1,M->N,1787488159.5567548,5.116435658012051,52.87,-7.908715339318511,-0.038617783236102154,-0.29837549964456744
1,M->N,1787488159.565469,5.125150103005581,52.938,-7.890499923786199,-0.044374212654753276,-0.3192665237002143
1,M->N,1787488160.125135,5.684815875021741,53.278,-7.801434028491917,-0.07869273420746067,-0.420355854717476
1,M->N,1787488160.204339,5.764020376023836,53.346,-7.7840604531729864,-0.08661199303306183,-0.4397318231769063
1,M->N,1787488160.3587315,5.91841307899449,53.482,-7.749787406484622,-0.10343746233455192,-0.47729636137472725
1,M->N,1787488160.6425076,6.202188435010612,53.652,-7.707859429676825,-0.12621046174056827,-0.5215302868275382
1,M->N,1787488160.793653,6.353335771011189,53.788,-7.675054908163417,-0.14571252521096634,-0.5546906129952766
1,M->N,1787488160.937082,6.496762868016958,53.89,-7.65087962186704,-0.161028233265315,-0.5780638891092839
1,M->N,1787488161.2843058,6.843987713975366,54.094,-7.60360361834347,-0.19326943389337517,-0.6213598564745074
1,M->N,1787488161.3607037,6.920385443023406,54.162,-7.588154031367124,-0.20445390689881057,-0.6346449049274606
1,M->N,1787488161.5126374,7.072319021972362,54.298,-7.557697458231278,-0.22741329370501775,-0.659579045988399
1,M->N,1787488161.7964258,7.356107146013528,54.468,-7.520414197249585,-0.257114743107013,-0.6874652455733893
1,M->N,1787488161.9435167,7.503197926969733,54.57,-7.498432097166401,-0.2754055025008599,-0.7023535207307043
1,M->N,1787488162.0894113,7.649093091022223,54.672,-7.476716980474792,-0.29400858657598394,-0.7160475444621411
1,M->N,1787488162.2400446,7.7997264139703475,54.774,-7.455251251397703,-0.31289518503423275,-0.7286802151276811
1,M->N,1787488162.3863134,7.945994578010868,54.876,-7.434020170918669,-0.33204183164483253,-0.7403383281851929
1,M->N,1787488162.5309672,8.090649087971542,54.978,-7.413006586673515,-0.3514228887530516,-0.7509112434664819
1,M->N,1787488162.8147228,8.37440480600344,55.148,-7.378407343089944,-0.3841549888272218,-0.7619256732773398
1,M->N,1787488162.8997395,8.459420614992268,55.25,-7.357743436993329,-0.40387515878111485,-0.7621361486618584
1,M->N,1787488163.0540876,8.613769264018629,55.386,-7.330197901489001,-0.43017546379487626,-0.7624416582516561
1,M->N,1787488163.2008712,8.760552602994721,55.488,-7.309544743175127,-0.4499074368403329,-0.7627961988208692
1,M->N,1787488163.3469481,8.906629476987291,55.59,-7.2888996595008,-0.4696479578707855,-0.7632721457179494
1,M->N,1787488163.4914296,9.051111599022988,55.692,-7.2682648173935185,-0.48939917572351715,-0.763841538921927
1,M->N,1787488163.6371255,9.196806952997576,55.794,-7.247641716556262,-0.5091627089955284,-0.7644747186270692
1,M->N,1787488163.9238167,9.483498196990695,55.964,-7.213299093608772,-0.5421332338425885,-0.7656555469130513
1,M->N,1787488164.004913,9.564594746974763,56.066,-7.1927125374482355,-0.5619358878800111,-0.7664279498184673
1,M->N,1787488164.5734136,10.133095887023956,56.406,-7.124208736091369,-0.6280677846979962,-0.7692801121908269
1,M->N,1787488164.5894997,10.149181194021367,56.474,-7.110531153244413,-0.6413179212290291,-0.7698734989089276
1,M->N,1787488164.734237,10.2939183129929,56.576,-7.090029387663682,-0.6612082316873553,-0.7707645592926474
1,M->N,1787488165.0192032,10.57888418197399,56.746,-7.055899275038931,-0.6943996897684581,-0.772233696569131
1,M->N,1787488165.6521752,11.21185656497255,57.12,-6.980982387897712,-0.7675957030193437,-0.7754115079954631
1,M->N,1787488165.665104,11.22478486399632,57.188,-6.9673860861065595,-0.7809291501333158,-0.7759748066996794
1,M->N,1787488165.676997,11.236678401008248,57.256,-6.953797558047841,-0.7942703177820578,-0.7765299008107672
1,M->N,1787488165.8249552,11.384636258007959,57.392,-6.926642412546355,-0.8209748878114533,-0.7776126929769428
1,M->N,1787488165.9724643,11.532145949022379,57.494,-6.906294194676165,-0.8410224933332945,-0.7784034114914716
1,M->N,1787488166.462089,12.02177098300308,57.766,-6.8521096401325465,-0.894561337977435,-0.7804895009647508
1,M->N,1787488166.4755437,12.035225022991654,57.834,-6.838581156083134,-0.9079635054081184,-0.7810124157235975
1,M->N,1787488166.626935,12.186617074010428,57.97,-6.81154557037247,-0.9347891874019495,-0.7820668167813288
1,M->N,1787488166.7739637,12.333645311999135,58.072,-6.79128739359441,-0.9549269092849982,-0.7828703116929054
1,M->N,1787488166.9209018,12.480583562981337,58.174,-6.77104543222354,-0.975081786823186,-0.7836856884152398
1,M->N,1787488167.2809756,12.84065676300088,58.378,-6.730610893659609,-1.015441732574603,-0.7854016705377906
1,M->N,1787488167.773119,13.332800393982325,58.65,-6.676814876635634,-1.0693717003513186,-0.7880728121120577
1,M->N,1787488167.8057168,13.36539798398735,58.718,-6.663389428909902,-1.0828777069973012,-0.7888326972331811
1,M->N,1787488167.8169012,13.37658205901971,58.786,-6.649974405000163,-1.0963941321157349,-0.7896474263308778
1,M->N,1787488167.8903742,13.450055740016978,58.854,-6.636570498544697,-1.109921697116156,-0.7905050888730449
1,M->N,1787488168.044587,13.604268615017645,58.99,-6.609798551978581,-1.137013757255195,-0.7923670517170602
1,M->N,1787488168.747089,14.306770469993353,59.364,-6.536478173804408,-1.2118197889073616,-0.7991387180958199
1,M->N,1787488168.7600238,14.319704710971564,59.432,-6.523205710943849,-1.2254784161860466,-0.800650833514169
1,M->N,1787488168.7708247,14.330505396006629,59.5,-6.509954643378808,-1.2391581162996606,-0.8023012341807191
1,M->N,1787488168.781484,14.341165097022895,59.568,-6.496726756854783,-1.2528607024899285,-0.8040948224485414
1,M->N,1787488169.347884,14.907565826026257,59.874,-6.437558046385845,-1.3148749801607615,-0.8145799609422367
1,M->N,1787488169.4953716,15.05505348497536,59.976,-6.417988921544542,-1.3356936085992541,-0.8186228574991377
1,M->N,1787488169.6424165,15.2020979480003,60.078,-6.398506111638958,-1.3565935950653099,-0.8228893947203195
1,M->N,1787488170.1361897,15.69587172800675,60.35,-6.347000931093761,-1.412741064425853,-0.8346645418538025
1,M->N,1787488170.149554,15.709234984999057,60.418,-6.3342279124540415,-1.4268725704565917,-0.837546175652779
1,M->N,1787488170.1635158,15.723197198007256,60.486,-6.32149514387473,-1.4410405803940873,-0.8403559984955666
1,M->N,1787488170.174005,15.733686188003048,60.554,-6.308801495169379,-1.455243360312493,-0.8430251560675309
1,M->N,1787488170.738826,16.298508297011722,60.894,-6.245836603739996,-1.5266901607978611,-0.8529999695914914
1,M->N,1787488171.0877833,16.647464752022643,61.098,-6.208309737531085,-1.5697643997485724,-0.8546604550505174
1,M->N,1787488171.1007879,16.66046894097235,61.166,-6.195807726698485,-1.5841263030235917,-0.8542203409106561
1,M->N,1787488171.179635,16.739316793973558,61.268,-6.177036187893008,-1.6056505228460016,-0.8524630442092053
1,M->N,1787488171.3254197,16.885101546999067,61.37,-6.158214010655495,-1.627125438061962,-0.8491879908492025
1,M->N,1787488171.4666653,17.02634613699047,61.472,-6.139313007413124,-1.6485269896960384,-0.8446993606230961
1,M->N,1787488171.738268,17.297948958002962,61.642,-6.107554891288648,-1.683955343724303,-0.8334933172775796
1,M->N,1787488171.8834639,17.443145375000313,61.778,-6.081819277587603,-1.7119878370784585,-0.8209464262471511
1,M->N,1787488172.2372794,17.79696116800187,61.982,-6.042477812290921,-1.7533310722824298,-0.7969129651594087
1,M->N,1787488173.4292994,18.988981016969774,62.594,-5.947084781050046,-1.8436930994656222,-0.7138045068245127
1,M->N,1787488173.4429476,19.00262878497597,62.662,-5.936588642684028,-1.8527132372324417,-0.7037783078123077
1,M->N,1787488173.4539416,19.013623034988996,62.73,-5.92624537680306,-1.8614242739399591,-0.6938430294777841
1,M->N,1787488173.464152,19.0238331190194,62.798,-5.915963019374037,-1.8699124699311802,-0.6844641964434627
1,M->N,1787488173.4756365,19.03531791601563,62.866,-5.905436379882918,-1.87843837095037,-0.6747513597065657
1,M->N,1787488173.4950557,19.054736997990403,62.934,-5.89484259223776,-1.8868453866759147,-0.6644160394667707
1,M->N,1787488173.505579,19.065259785973467,63.002,-5.88416214194282,-1.8951401991765178,-0.6537058305897053
1,M->N,1787488173.5155342,19.075215152988676,63.07,-5.8742158810399765,-1.902696187390803,-0.6431477656735604
1,M->N,1787488174.0696952,19.629376693977974,63.376,-5.825848786561823,-1.9372328368748148,-0.5934629591499172
1,M->N,1787488175.17152,20.73120173998177,63.954,-5.732188896697291,-1.9942461075342952,-0.49656212663185256
1,M->N,1787488175.184019,20.743700171005912,64.022,-5.721175736999703,-2.000155847371185,-0.4854709614167994
1,M->N,1787488175.1954768,20.755157770996448,64.09,-5.710098257158476,-2.00594334031125,-0.47448378386454815
1,M->N,1787488175.2056851,20.76536598999519,64.158,-5.698958281899326,-2.01160897085774,-0.46355299659429056
1,M->N,1787488175.2145834,20.774264015024528,64.226,-5.686406764574481,-2.0178155509537814,-0.4509912444069647
1,M->N,1787488175.2222307,20.781911270983983,64.294,-5.674215890625256,-2.0236468897585382,-0.43794515136855844
1,M->N,1787488175.8488386,21.40852056798758,64.634,-5.612678667319116,-2.0503894304252017,-0.37942472427392315
1,M->N,1787488176.2718437,21.831524754001293,64.906,-5.55640086592897,-2.0713190198726763,-0.3274705450576581
1,M->N,1787488176.28635,21.846031484019477,64.974,-5.542508201581079,-2.075968376890424,-0.3152233436048613
1,M->N,1787488176.640955,22.20063688897062,65.178,-5.491184194994126,-2.091658856858234,-0.274439656140524
1,M->N,1787488176.7865832,22.346266018983442,65.28,-5.463684964705937,-2.099134346070843,-0.252715968310308
1,M->N,1787488176.801555,22.361236566968728,65.348,-5.4452653252823415,-2.1037888053618277,-0.2385364306619999
1,M->N,1787488177.9225066,23.482188431022223,65.96,-5.277152338175713,-2.134673023212555,-0.1264787006170313
1,M->N,1787488177.9366257,23.496307327994145,66.028,-5.258288073839317,-2.1369972222772122,-0.11596810192050544
1,M->N,1787488177.9476337,23.507315021997783,66.096,-5.239399502634817,-2.13912592067062,-0.10583736185624246
1,M->N,1787488177.9575539,23.51723499497166,66.164,-5.220489444475402,-2.1410663572237727,-0.09613599210668226
1,M->N,1787488177.9665887,23.526269421970937,66.232,-5.201560256357114,-2.142825977202426,-0.08684321565721788
1,M->N,1787488177.9746733,23.53435382101452,66.3,-5.182614370192488,-2.1444127316873076,-0.07795085797297721
1,M->N,1787488178.4623568,24.02203787898179,66.572,-5.106704792965403,-2.1491962887043705,-0.047120892820221034
1,M->N,1787488178.6075525,24.167233799002133,66.674,-5.078202235638969,-2.150422074316931,-0.03716905418594701
1,M->N,1787488179.0277202,24.58740213798592,66.912,-5.011649636320102,-2.1522572769933372,-0.017300027112963648
1,M->N,1787488179.0407722,24.600453193997964,66.98,-4.992626014440141,-2.1525526651692557,-0.012604331090394626
1,M->N,1787488179.454883,25.01456436997978,67.218,-4.926025590193696,-2.152961022343561,0.0005474420501117776
1,M->N,1787488179.4685338,25.028214793012012,67.286,-4.906993319199224,-2.152930062479611,0.0033938983721307197
1,M->N,1787488179.9678802,25.527561547001824,67.558,-4.830851979721409,-2.1523714913060306,0.010666434060122274
1,M->N,1787488179.9835749,25.54325606202474,67.626,-4.811814020213772,-2.152162120521137,0.011534968757610044
1,M->N,1787488179.994627,25.554308040998876,67.694,-4.792775408465209,-2.1519377376289976,0.01213368893103925
1,M->N,1787488180.3416567,25.901338449970353,67.898,-4.7356517025657325,-2.1512431078244467,0.011651878928714733
1,M->N,1787488180.4839828,26.0436644909787,68.0,-4.7070853522383125,-2.1509255906844467,0.010240050855584007
1,M->N,1787488181.0427618,26.602443140989635,68.306,-4.62136992629498,-2.1503461687440835,0.0020773388565253114
1,M->N,1787488181.0556998,26.61538090801332,68.374,-4.6023195580182215,-2.150323301450537,-0.0002978665894368467
1,M->N,1787488181.0675695,26.627250297984574,68.442,-4.583268379538711,-2.1503473409109817,-0.0028947061627988225
1,M->N,1787488181.6331768,27.192858104011975,68.782,-4.488014547053674,-2.1512655840883044,-0.016819807432268016
1,M->N,1787488181.647255,27.2069364929921,68.85,-4.468967707649903,-2.151602042075296,-0.019002012844016498
1,M->N,1787488182.6178741,28.177555404021405,69.394,-4.316648888664997,-2.155229984062791,-0.025842628826954563
1,M->N,1787488182.6330156,28.19269663398154,69.462,-4.297614355449351,-2.155719409102736,-0.025405314340183626
1,M->N,1787488182.6447692,28.204450992983766,69.53,-4.27858067890197,-2.1561984101191047,-0.024686548425114533
1,M->N,1787488182.6552262,28.214907020970713,69.598,-4.259547617004451,-2.156661751811533,-0.023643616915692615
1,M->N,1787488182.664456,28.22413647401845,69.666,-4.240515263934586,-2.1571022722032716,-0.02221640218152586
1,M->N,1787488183.714382,29.27406314801192,70.244,-4.078764896511241,-2.158921650011664,0.005242254703746042
1,M->N,1787488183.7274117,29.28709285799414,70.312,-4.05974075425489,-2.158785872475119,0.010433657112053034
1,M->N,1787488183.7384627,29.298143606982194,70.38,-4.040719657633737,-2.1585469953854983,0.016229589924284953
1,M->N,1787488183.8810582,29.44073999597458,70.482,-4.0121948142900745,-2.1579732569261156,0.025768133061902385
1,M->N,1787488184.094225,29.653906620980706,70.618,-3.9741795765890804,-2.1567598362046545,0.04014343563595242
1,M->N,1787488184.1072378,29.666919592011254,70.686,-3.955182237869724,-2.1559411480559008,0.04803379142189122
1,M->N,1787488184.595475,30.15515615598997,70.958,-3.879300278049053,-2.1510394041535026,0.08453140146135976
1,M->N,1787488184.6819305,30.241612698009703,71.06,-3.8509077374448664,-2.1484486424342033,0.10008434194623145
1,M->N,1787488184.8314672,30.391149536008015,71.196,-3.813126267828108,-2.144289221469539,0.1220962030655344
1,M->N,1787488185.183015,30.742696274013724,71.4,-3.756666174640443,-2.1364342432530576,0.15749062700499342
1,M->N,1787488185.3968356,30.956517128972337,71.536,-3.7192030305281722,-2.13006552607012,0.182200118426691
1,M->N,1787488185.4797134,31.039394764986355,71.638,-3.6912157911414507,-2.1246774494198424,0.20099588544586708
1,M->N,1787488185.6311579,31.190839092014357,71.774,-3.6540647378685986,-2.11667510432126,0.22598094692972984
1,M->N,1787488186.196129,31.755810539994854,72.08,-3.5712557138933976,-2.0953529463913703,0.2797286712174611
1,M->N,1787488186.2096891,31.769370325026102,72.148,-3.553011570957637,-2.090024039657741,0.29089163630546316
1,M->N,1787488187.198723,32.758404523017816,72.692,-3.4089420931460124,-2.041217032396997,0.35673667503816237
1,M->N,1787488187.2118216,32.77150305599207,72.76,-3.391126152180842,-2.0345359601059103,0.361619383826001
1,M->N,1787488187.222749,32.782429928018246,72.828,-3.3733385663090614,-2.027773775127234,0.3656337084698695
1,M->N,1787488187.233624,32.793305056984536,72.896,-3.355574795533541,-2.0209444721876335,0.3689645764818823
1,M->N,1787488187.3077621,32.867443518014625,72.964,-3.337827275703307,-2.0140633058503146,0.37100531789272573
1,M->N,1787488187.458635,33.018316104018595,73.1,-3.302390640646067,-2.0002414442476066,0.37288458923931744
1,M->N,1787488188.028283,33.587964890990406,73.406,-3.221859630513499,-1.9707003357965442,0.32271012157009055
1,M->N,1787488188.0422382,33.60191978799412,73.474,-3.203745021878787,-1.964728768318976,0.31237749915825735
1,M->N,1787488188.3217654,33.881447254971135,73.644,-3.1582547638493668,-1.9505086954510895,0.29343184449973003
1,M->N,1787488188.4712946,34.03097587800585,73.78,-3.1217245556518307,-1.9396468686689095,0.2847094857035291
1,M->N,1787488188.8226833,34.38236497499747,73.984,-3.0668671019293545,-1.9236843766540654,0.2836581947618935
1,M->N,1787488188.8982208,34.45790204999503,74.052,-3.048595006021694,-1.9183421495738204,0.28578304178547553
1,M->N,1787488189.2533832,34.81306509801652,74.29,-2.9848221998474065,-1.8991478251165366,0.30208452357288107
1,M->N,1787488189.3294582,34.88913954899181,74.358,-2.966678807672982,-1.8934394318210275,0.3090966920166567
1,M->N,1787488189.412434,34.97211568802595,74.46,-2.9395487983451614,-1.8846244358389508,0.3209977666074978
1,M->N,1787488189.5628526,35.12253349897219,74.596,-2.903559327059806,-1.8723366733786806,0.3391947279002097
1,M->N,1787488189.7066069,35.26628801901825,74.698,-2.8767265825334905,-1.8626730351590237,0.35430622017073127
1,M->N,1787488189.8524761,35.41215814801399,74.8,-2.8500497594743743,-1.8525920586674498,0.3705170303174735
1,M->N,1787488190.4797714,36.039452637021895,75.14,-2.7624743653999033,-1.8157026320246035,0.4301128843057157
1,M->N,1787488190.5616982,36.121380167023744,75.242,-2.7366594717563975,-1.803601900411458,0.44883165009075593
1,M->N,1787488190.713176,36.272857078001834,75.378,-2.702598636402393,-1.7867160442085868,0.4738455067610481
1,M->N,1787488190.7896926,36.34937438601628,75.446,-2.6857275093921973,-1.777954462567109,0.486297814234706
1,M->N,1787488191.0829656,36.64264681801433,75.65,-2.635779339157979,-1.7504280651998831,0.5229692501587416
1,M->N,1787488191.4412284,37.00090980902314,75.888,-2.578796402727349,-1.716071723635789,0.5637241568747856
1,M->N,1787488191.5857708,37.145452278025914,75.99,-2.5548014871512996,-1.7006544153487706,0.5802263248574803
1,M->N,1787488192.282817,37.84249807999004,76.364,-2.468927432747277,-1.6409496618010684,0.6349717497259435
1,M->N,1787488192.2962418,37.85592290200293,76.432,-2.4536560405947814,-1.629609995024212,0.6438914444733626
1,M->N,1787488192.308242,37.86792304797564,76.5,-2.4384849412316902,-1.6181357881013367,0.6525799779581847
1,M->N,1787488192.3185935,37.878274480986875,76.568,-2.423411824922406,-1.6065319354330867,0.6609297413056764
1,M->N,1787488192.7367606,38.296441811020486,76.806,-2.3713830823697126,-1.564982619956955,0.6874021730677929
1,M->N,1787488192.7510982,38.31077909201849,76.874,-2.3567122695124296,-1.5528676780875472,0.6942613049001432
1,M->N,1787488193.0361395,38.595820430025924,77.044,-2.3203844992263924,-1.5221579753966197,0.7100774384127426
1,M->N,1787488193.189624,38.74930576601764,77.18,-2.291654117321773,-1.4971977398491807,0.7212718328798111
1,M->N,1787488193.5431669,39.10284828301519,77.384,-2.249049991090113,-1.4591921120784543,0.7360355655020975
1,M->N,1787488193.556062,39.11574295198079,77.452,-2.2349682771713133,-1.446388643707991,0.7404989442716758
1,M->N,1787488194.5987756,40.158457149984315,78.03,-2.117226006595935,-1.335429792075932,0.7689313534100373
1,M->N,1787488194.6118429,40.17152412701398,78.098,-2.103558451879563,-1.322178271635711,0.7713571163693297
1,M->N,1787488194.6228669,40.18254795396933,78.166,-2.08992201411217,-1.3088944616638443,0.7736458764014459
1,M->N,1787488194.632688,40.19236905302387,78.234,-2.076315045557494,-1.2955801099468027,0.7757779445295411
1,M->N,1787488195.2043865,40.76406824000878,78.574,-2.0086465642102374,-1.2286324983756436,0.7840508754159904
1,M->N,1787488195.349255,40.90893691999372,78.676,-1.9884424368420364,-1.208448446203529,0.7859205907937664
1,M->N,1787488195.493165,41.05284665396903,78.778,-1.9682723067260424,-1.18822838740699,0.7875322121334353
1,M->N,1787488195.6351738,41.19485469197389,78.88,-1.9481327756170523,-1.1679773305844978,0.7889171331981896
1,M->N,1787488196.1912885,41.750969738990534,79.186,-1.8878603778519596,-1.1070795400772857,0.7920835079244334
1,M->N,1787488196.2041497,41.76383085997077,79.254,-1.8744902473656664,-1.0935234944181165,0.7925799957611382
1,M->N,1787488196.2160344,41.775715873984154,79.322,-1.8611260236468465,-1.0799612618917733,0.7930060141439425
1,M->N,1787488196.2258115,41.78549350600224,79.39,-1.84776674832632,-1.066393461375462,0.7933637306462781
1,M->N,1787488196.3035305,41.8632124629803,79.458,-1.8344115785694812,-1.0528205785540503,0.7936563457064172
1,M->N,1787488196.936815,42.49649709800724,79.832,-1.7610092484516797,-0.978117446726938,0.7945455604647572
1,M->N,1787488196.9506645,42.51034575799713,79.9,-1.7476687910325288,-0.9645302989895191,0.7945816219898574
1,M->N,1787488197.0263817,42.58606373600196,79.968,-1.7343287661511473,-0.9509429793225398,0.7945800148677616
1,M->N,1787488197.1763515,42.7360329409712,80.07,-1.7143179103177084,-0.9305623941599969,0.7945150666405492
1,M->N,1787488197.322744,42.88242567400448,80.172,-1.6943042091937182,-0.9101831127779109,0.7943880645115764
1,M->N,1787488197.4669588,43.02664030698361,80.274,-1.6742872744744801,-0.8898057092958779,0.7942258565568494
1,M->N,1787488197.748181,43.307862196001224,80.444,-1.640917581110182,-0.8558521072617616,0.7938978377029237
1,M->N,1787488198.1073987,43.66707953996956,80.682,-1.59418044214911,-0.8083389379126973,0.7933254317997145
1,M->N,1787488198.1171584,43.676839689025655,80.75,-1.580821852182447,-0.7947692830729112,0.7931361810397529
1,M->N,1787488198.264687,43.82436881499598,80.886,-1.5540963534397365,-0.7676369749123955,0.7927171301592855
1,M->N,1787488198.818976,44.37865739298286,81.192,-1.4939179397528333,-0.706629950120096,0.7917441326580972
1,M->N,1787488198.8315012,44.391183505009394,81.26,-1.4805375487068375,-0.6930809805041334,0.7915379198395971
1,M->N,1787488198.9802008,44.53988281200873,81.396,-1.4537684638122814,-0.6659918188926607,0.7911275747383665
1,M->N,1787488199.3323293,44.89201074599987,81.6,-1.4135942009072062,-0.625379079999799,0.7904869444427207
1,M->N,1787488199.3451777,44.90485846600495,81.668,-1.400196317198753,-0.6118467316680681,0.7902679456251045
1,M->N,1787488199.623936,45.18361755198566,81.838,-1.3666885127558164,-0.5780280564294723,0.7897520664515942
1,M->N,1787488200.2628312,45.82251220301259,82.212,-1.2929191445935706,-0.5036852762893244,0.7887877252662526
1,M->N,1787488200.2748456,45.834526902996004,82.28,-1.2794992111346926,-0.49017612341787525,0.7886174160091743
1,M->N,1787488200.2852354,45.84491623402573,82.348,-1.2660765281257746,-0.47666911846690097,0.7884454697207214
1,M->N,1787488201.12429,46.68397172197001,82.824,-1.183529813911591,-0.3948169779288894,0.7705883730460601
1,M->N,1787488201.1377068,46.69738772598794,82.892,-1.173295595348678,-0.3848636420813902,0.7729289109572045
1,M->N,1787488201.1497624,46.709443252999336,82.96,-1.163087599433702,-0.374884617835985,0.7758333353439046
1,M->N,1787488201.2314646,46.79114650399424,83.062,-1.1478394114353583,-0.35985478872010435,0.781389479855094
1,M->N,1787488201.5176988,47.077380103000905,83.266,-1.1176611934437912,-0.32949333774345213,0.7976784729347568
1,M->N,1787488202.499122,48.058803493971936,83.81,-1.040782364582715,-0.24523167277784602,0.8731917874958476
1,M->N,1787488202.5147645,48.07444554899121,83.878,-1.0316775936048967,-0.23426341004892742,0.8850678241751113
1,M->N,1787488202.5311708,48.09085221099667,83.946,-1.0227060291589298,-0.22318773472466938,0.897311388217687
1,M->N,1787488202.5439794,48.1036604429828,84.014,-1.0138726229941692,-0.21200337081476545,0.9098364169687871
1,M->N,1787488202.5547729,48.11445344501408,84.082,-1.0051818343014232,-0.20070943620674017,0.9225920128489904
1,M->N,1787488203.037574,48.59725509601412,84.354,-0.9719152489705665,-0.15442780359025776,0.9757327281163802
1,M->N,1787488203.7378316,49.29751328896964,84.762,-0.9268476387887983,-0.08180174447161487,1.0583065986587543
1,M->N,1787488203.7502193,49.3099004359683,84.83,-0.919928005910988,-0.0693485146835563,1.0721076469284871
1,M->N,1787488203.7614012,49.32108200597577,84.898,-0.9131810494579917,-0.05680189463759393,1.0858856797577958
1,M->N,1787488203.9730551,49.53273650200572,85.034,-0.9002077672788364,-0.0314377985157525,1.113312751138521
1,M->N,1787488204.2639654,49.82364708400564,85.238,-0.8820554456249796,0.007248977913740557,1.1540167023034262
1,M->N,1787488204.6190367,50.178718033013865,85.476,-0.8628676581949186,0.05326338414998248,1.2005459937810536
1,M->N,1787488204.832004,50.39168552897172,85.612,-0.8528606362337672,0.0799403045434865,1.2264882440516862
1,M->N,1787488204.8451777,50.40485887497198,85.68,-0.8481160702610069,0.09337259262098382,1.239304628881505
1,M->N,1787488204.9935138,50.55319484201027,85.782,-0.841321745312432,0.11362966959663144,1.2582983933265255
1,M->N,1787488205.1367998,50.69648096099263,85.884,-0.8349110480702221,0.13400995465042928,1.2769928598861742
1,M->N,1787488205.2838702,50.84355128201423,85.986,-0.8288788937313017,0.15450641134509352,1.295369308474467
1,M->N,1787488205.4977841,51.057465272024274,86.122,-0.821417916195439,0.18200163436230896,1.31937117776181
1,M->N,1787488205.5101354,51.06981637299759,86.19,-0.8179336005249587,0.19581421649170094,1.3311199539054395
1,M->N,1787488205.6617143,51.221396129985806,86.292,-0.8130094916491839,0.21660667116374122,1.348425409143021
1,M->N,1787488205.806577,51.3662579379743,86.394,-0.8084415495081988,0.23748088646269613,1.3652848457018285
1,M->N,1787488205.9499683,51.50964947702596,86.496,-0.8040100294532826,0.25951559407923824,1.3817932752036404
1,M->N,1787488206.0937684,51.65344964200631,86.598,-0.7989270135081193,0.2872861017341998,1.402178906402726
1,M->N,1787488206.237493,51.797174430976156,86.7,-0.7945683948570842,0.31432851473754725,1.424584293860008
1,M->N,1787488206.3158567,51.875537879997864,86.768,-0.7924979733648332,0.32897463384087544,1.4400806005104234
1,M->N,1787488206.5991657,52.15884684101911,86.938,-0.7881957538670289,0.3653417676189067,1.4672958724252059
1,M->N,1787488206.8863025,52.44598365097772,87.142,-0.7841888272855294,0.40912443708483964,1.4936004817800559
1,M->N,1787488207.036208,52.59588950301986,87.278,-0.7821336221654962,0.4383679569673924,1.5096987158386401
1,M->N,1787488207.1826043,52.74228577199392,87.38,-0.7808951556078997,0.4603208915993056,1.5211259608204406
1,M->N,1787488207.879286,53.43896754202433,87.754,-0.7783763800657659,0.5409162824890916,1.5586697057520267
1,M->N,1787488207.8936903,53.45337161398493,87.822,-0.7782312731091902,0.5555803416319745,1.564687231789275
1,M->N,1787488207.9056509,53.46533207199536,87.89,-0.7781730344664732,0.570245856746285,1.570461485098227
1,M->N,1787488208.6744545,54.23413590400014,88.298,-0.7794341078576599,0.6582442336516656,1.5995915809969616
1,M->N,1787488208.688555,54.248236095998436,88.366,-0.779878258490667,0.6729083427201303,1.6035963878365052
1,M->N,1787488208.7001014,54.25978215096984,88.434,-0.780380121108147,0.6875715338586348,1.6073787270454534
1,M->N,1787488209.1956396,54.755321176024154,88.74,-0.783254950945826,0.7535437445112887,1.6214866289765841
1,M->N,1787488209.2094367,54.76911771501182,88.808,-0.7840130542428969,0.768200847599748,1.6240962192098134
1,M->N,1787488209.22071,54.78039104799973,88.876,-0.7848081161695832,0.782856896244638,1.6264883303737223
1,M->N,1787488209.6401207,55.199803007009905,89.114,-0.7878393347398028,0.834142829847108,1.633254792864306
1,M->N,1787488209.6540616,55.213742873980664,89.182,-0.7887637676205773,0.8487933166837875,1.634741150790083
1,M->N,1787488209.935157,55.49483807198703,89.352,-0.7911614539525508,0.8854164106324383,1.6377229159774953
1,M->N,1787488210.0878088,55.64748961100122,89.488,-0.7931467745882614,0.9147138457660636,1.6393080283291022
1,M->N,1787488210.231984,55.79166552197421,89.59,-0.7946621789798266,0.9366867695694845,1.6401459005501704
1,M->N,1787488210.591993,56.1516743049724,89.794,-0.7977344209384484,0.9806336534446002,1.6409321607276723
1,M->N,1787488210.6668446,56.22652606002521,89.862,-0.7987635531349636,0.9952834185643723,1.6409480692584375
1,M->N,1787488210.81845,56.37813110899879,89.998,-0.8008184374755628,1.024583835196464,1.6405772099886111
1,M->N,1787488210.8948689,56.454550298978575,90.066,-0.8020496418596368,1.0418549992724766,1.645346172669731
1,M->N,1787488211.3275068,56.88718807999976,90.338,-0.8077883945946405,1.1177596361482995,1.6434708025795453
1,M->N,1787488213.2839756,58.843657008023,91.358,-0.8264208671396404,1.4026323084603873,1.6806885457940497
1,M->N,1787488213.2985919,58.8582729009795,91.426,-0.8286126999235088,1.4214956940139,1.6958137949540393
1,M->N,1787488213.311007,58.87068804301089,91.494,-0.8310832488614068,1.440327643894023,1.70997959725832
1,M->N,1787488213.3220592,58.88174030097434,91.562,-0.8338158802894131,1.4591250599560701,1.7234663647868314
1,M->N,1787488213.3323126,58.8919932449935,91.63,-0.8367971474437566,1.4778869675468593,1.7362247595660751
1,M->N,1787488213.3406074,58.90028907597298,91.698,-0.8400144438298939,1.4966115191890197,1.7485981728854285
1,M->N,1787488213.347824,58.9075048029772,91.766,-0.8434624660739168,1.515296269899307,1.7608025593237107
1,M->N,1787488213.3549092,58.91458967898507,91.834,-0.847137798959892,1.5339388357568626,1.7728053271697406
1,M->N,1787488213.361325,58.921005695010535,91.902,-0.8510342288497558,1.5525383686381835,1.7844281660562158
1,M->N,1787488213.3672655,58.926946068007965,91.97,-0.8551447831964799,1.5710934104664636,1.7957714303766759
1,M->N,1787488213.506076,59.065757089992985,92.072,-0.8616965405844671,1.5988423092265125,1.8116178535886407
1,M->N,1787488214.274015,59.83369629201479,92.48,-0.8914167781328369,1.7090123594137894,1.8522385205823895
1,M->N,1787488214.3505373,59.9102189289988,92.548,-0.8967597226205059,1.727276737007707,1.8613518819857906
1,M->N,1787488214.5003917,60.060072981985286,92.684,-0.9077757560272937,1.7637323830276832,1.8642785536456374
1,M->N,1787488214.648309,60.20799009501934,92.786,-0.9160248521229593,1.7910840230482565,1.862811944177828
1,M->N,1787488215.4865613,61.04624217899982,93.228,-0.9506296608986292,1.9099846970779397,1.840307471178197
1,M->N,1787488215.5003722,61.06005400198046,93.296,-0.9556644738193829,1.9283654529369247,1.8347894925575756
1,M->N,1787488215.5110862,61.070767553988844,93.364,-0.9605951374691486,1.946776717901845,1.8288288837628108
1,M->N,1787488215.5219502,61.08163135801442,93.432,-0.9654139676929698,1.965219474284358,1.8225086614292687
1,M->N,1787488215.5317547,61.09143575601047,93.5,-0.9701143598881432,1.9836942965206246,1.8158664166179337
1,M->N,1787488216.2256374,61.78531840600772,93.874,-0.9935933635805728,2.0858847399399654,1.7748004521272178
1,M->N,1787488216.439296,61.998977736977395,94.01,-1.0010543766123217,2.123281088837303,1.758814148289686
1,M->N,1787488216.4530709,62.012751822010614,94.078,-1.00455974412893,2.142024002891842,1.750723330189118
1,M->N,1787488216.7383187,62.29799987201113,94.248,-1.0126585643350479,2.189001760977204,1.7304663449970832
1,M->N,1787488216.8887405,62.44842198700644,94.384,-1.0184548404372262,2.2266965161187446,1.7144310269507765
1,M->N,1787488217.0334013,62.59308247297304,94.486,-1.022406624789154,2.2550242833993486,1.7025553304658263
1,M->N,1787488217.5894282,63.14910967601463,94.792,-1.0322807595646468,2.340250071620308,1.668357349230797
1,M->N,1787488217.6028447,63.16252558201086,94.86,-1.0340857613170438,2.3592302438993173,1.6611589854082398
1,M->N,1787488217.6843626,63.24404430098366,94.962,-1.0365401045576406,2.387723012468574,1.6506610763059535
1,M->N,1787488218.0442286,63.60390967101557,95.2,-1.0411440905673865,2.454287449830064,1.6278510894521012
1,M->N,1787488218.0579453,63.617626183026005,95.268,-1.0421869318773178,2.4733208953633388,1.621771472775617
1,M->N,1787488218.2014642,63.76114520098781,95.37,-1.0435388863997037,2.5018801804752826,1.6130577227362022
1,M->N,1787488218.3454719,63.90515301999403,95.472,-1.0446482097025238,2.5304483140929324,1.6048489032638165
1,M->N,1787488220.506395,66.0660765839857,96.662,-1.0573887907384667,2.863389569414939,1.6142253658347208
1,M->N,1787488220.5212538,66.08093568502227,96.73,-1.058211132364541,2.882414984237809,1.6136307915464914
1,M->N,1787488220.5329766,66.09265771298669,96.798,-1.0590210812256144,2.90144125800044,1.612855017709755
1,M->N,1787488220.5434732,66.10315401101252,96.866,-1.0598150297328248,2.9204688828296272,1.6118744754742258
1,M->N,1787488220.5525022,66.11218334699515,96.934,-1.0605890950067096,2.9394980415418046,1.6107295130162018
1,M->N,1787488220.5603597,66.12004067801172,97.002,-1.061339655344676,2.9585291083477294,1.6093486412154465
1,M->N,1787488220.5676134,66.12729398999363,97.07,-1.0620622447502917,2.977562184609946,1.6077493316804077
1,M->N,1787488220.5745456,66.13422627898399,97.138,-1.062753168125313,2.996597301819517,1.6059498987053842
1,M->N,1787488220.5813773,66.14105818001553,97.206,-1.0634088095560552,3.0156345388627033,1.6039894403920774
1,M->N,1787488220.587492,66.14717250800459,97.274,-1.0640261515967342,3.034673735972467,1.6018910562424158
1,M->N,1787488221.632019,67.1917001719703,97.818,-1.0671860003364348,3.1870469019023915,1.5787844099249022
1,M->N,1787488221.6453948,67.2050762019935,97.886,-1.0673129946598208,3.206100183338569,1.5752644151346482
1,M->N,1787488222.1362872,67.69596831098897,98.158,-1.0671335981547836,3.282316213495463,1.5605999842007232
1,M->N,1787488222.1495664,67.70924758102046,98.226,-1.0669127894443708,3.3013690162034734,1.5568958075111825
1,M->N,1787488222.1606698,67.72035060101189,98.294,-1.0666215596776547,3.320420789091103,1.5531966713295517
1,M->N,1787488222.3001382,67.85981960402569,98.396,-1.0660545644928292,3.3489951100550064,1.5478238159031217
1,M->N,1787488222.581842,68.14152301597642,98.566,-1.0647731896989088,3.396610419528675,1.5391941746714808
1,M->N,1787488223.570425,69.13010691298405,99.11,-1.0583300302860437,3.548872042580501,1.5192160312055154
1,M->N,1787488223.5844507,69.14413202699507,99.178,-1.0573357527867062,3.5678930155811455,1.5175223861040021
1,M->N,1787488223.5956721,69.15535314398585,99.246,-1.0563108158147594,3.58691172903245,1.516054773013205
1,M->N,1787488223.675311,69.23499252501642,99.348,-1.054724714761524,3.6154363838104793,1.5142361222428515
1,M->N,1787488224.3757865,69.93546776700532,99.756,-1.048050302579037,3.7294999070806685,1.5114691319021205
1,M->N,1787488224.385875,69.94555569300428,99.824,-1.0469223165056665,3.748507204873942,1.5116200144237335
1,M->N,1787488224.3949392,69.95461991999764,99.892,-1.0457980326352725,3.76751409773485,1.511893302615302
1,M->N,1787488224.5349243,70.09460567997303,99.994,-1.0441238902509045,3.7960244443111923,1.5125831893641146
1,M->N,1787488224.7487657,70.30844690999947,100.13,-1.0419280953648198,3.834040135599488,1.5138648361371916
1,M->N,1787488224.761689,70.32137013901956,100.198,-1.0408501973714013,3.8530486512772235,1.5146609896354017
1,M->N,1787488224.906032,70.4657135970192,100.3,-1.0392638401967933,3.8815622395758647,1.5160393408773414
1,M->N,1787488226.0937486,71.65343044797191,100.912,-1.0307245697215828,4.052685951893842,1.5263104876918725
1,M->N,1787488226.1066792,71.66636037500575,100.98,-1.0298854734535452,4.0717054421419485,1.5273810920831035
1,M->N,1787488226.1177804,71.67746126902057,101.048,-1.0290660746431157,4.090725906645647,1.528382253515399
1,M->N,1787488226.127893,71.68757368600927,101.116,-1.0282649944885858,4.109747446264685,1.529273820806197
1,M->N,1787488226.1369083,71.69658903300297,101.184,-1.0274803486369122,4.128769813035726,1.5300763148950562
1,M->N,1787488226.1446166,71.70429721201072,101.252,-1.0267103031792864,4.147793181835928,1.530749431065674
1,M->N,1787488227.4620984,73.02177995699458,101.966,-1.0185371182590837,4.347584129499964,1.5236634881842277
1,M->N,1787488227.4758987,73.03557977598393,102.034,-1.0176226923902856,4.366611893346156,1.521183763233482
1,M->N,1787488227.4872837,73.04696470597992,102.102,-1.0166574792498329,4.385638687169231,1.5182017428317107
1,M->N,1787488227.498897,73.05857826897409,102.17,-1.0156309920691422,4.404664279457492,1.5146062012642163
1,M->N,1787488227.5741005,73.1337819910259,102.238,-1.0145323572128722,4.423687678481318,1.510523135335946
1,M->N,1787488227.9324946,73.49217553401832,102.476,-1.0099841347858507,4.490238801875696,1.4922998600921211
1,M->N,1787488228.218115,73.77779642498353,102.646,-1.0058907536986996,4.537724135389282,1.4748134395560664
1,M->N,1787488228.4375021,73.99718341697007,102.816,-1.00087566984001,4.585135392360346,1.4529499206529215
1,M->N,1787488228.4497273,74.00940851902124,102.884,-0.9985628302695816,4.604069435358463,1.4428492924027
1,M->N,1787488229.0046556,74.56433718599146,103.19,-0.9881748526489186,4.674999753311945,1.4032307141618732
1,M->N,1787488229.0178547,74.57753584696911,103.258,-0.9856603028034348,4.689504562741084,1.3919054357969352
1,M->N,1787488229.3050616,74.86474321602145,103.462,-0.9770722962288929,4.732836186337483,1.3541555637360507
1,M->N,1787488229.4569771,75.0166583689861,103.598,-0.9703988322478818,4.7615264363278165,1.3262868436377986
1,M->N,1787488229.6009722,75.16065347002586,103.7,-0.964855432252589,4.782915815680157,1.3040539542081557
1,M->N,1787488230.0869255,75.64660680899397,103.972,-0.947613121201678,4.839266280982855,1.2378038798976314
1,M->N,1787488230.2309499,75.79063146101544,104.074,-0.9409650220392946,4.857995790128455,1.2179913248168386
1,M->N,1787488230.5827029,76.14238398702582,104.278,-0.926299400786236,4.89520065689591,1.1667920313051505
1,M->N,1787488230.5949965,76.15467758796876,104.346,-0.9209642928271549,4.907444462747303,1.148245894011966
1,M->N,1787488230.6755564,76.2352375559858,104.448,-0.9124322353539518,4.925830755015111,1.119700351567285
1,M->N,1787488231.0344663,76.5941478270106,104.686,-0.8912086708116235,4.9675642928015336,1.081814657677704
1,M->N,1787488231.5276468,77.0873290390009,104.958,-0.8663394549474095,5.011236570805875,1.019280629269012
1,M->N,1787488231.541241,77.10092203802196,105.026,-0.8593906252807086,5.022382266887161,1.004127166176916
1,M->N,1787488231.552902,77.11258336098399,105.094,-0.8522533850142273,5.033448737082257,0.9882416542082696
1,M->N,1787488232.0405588,77.60023981699487,105.366,-0.8232553138901139,5.074852658620327,0.9314622961642164
1,M->N,1787488232.0536575,77.61333885701606,105.434,-0.8156433136218901,5.084971699199457,0.9171733385109316
1,M->N,1787488233.1741679,78.73384889197769,106.046,-0.7403669108985556,5.171346913477466,0.7961780620360502
1,M->N,1787488233.1872737,78.74695474101463,106.114,-0.7311127182311272,5.18071806110119,0.7855119410007995
1,M->N,1787488233.1983871,78.75806812598603,106.182,-0.7221316221548906,5.189634779638567,0.7763338165079404
1,M->N,1787488233.2077713,78.76745203899918,106.25,-0.7130645101323924,5.198463798464712,0.7659232389389758
1,M->N,1787488233.2161615,78.77584226097679,106.318,-0.7039047468715262,5.207196910133462,0.7553134097989989
1,M->N,1787488233.2237916,78.78347226796905,106.386,-0.6942059211886118,5.2162504631886355,0.74581341654107
1,M->N,1787488233.5743828,79.13406408799347,106.59,-0.6649452655761781,5.242729476848442,0.7218976197737448
1,M->N,1787488234.1335738,79.69325528101763,106.896,-0.6175890819138288,5.282864407921202,0.6841922286013772
1,M->N,1787488234.1493874,79.70906833402114,106.964,-0.6067529036981214,5.291642150651328,0.6762270066251013
1,M->N,1787488234.3666375,79.92631875001825,107.134,-0.5783114517854485,5.314053065749999,0.6586775242328955
1,M->N,1787488234.5188348,80.07851605501492,107.27,-0.5489342268261408,5.336521559380436,0.6455472269600162
1,M->N,1787488234.6622784,80.22195978899254,107.372,-0.5260123494792946,5.353610155500475,0.6346445065594092
1,M->N,1787488235.494864,81.05454475997249,107.814,-0.4250285688824922,5.425292644513344,0.6040164151109566
1,M->N,1787488235.5030458,81.06272652198095,107.882,-0.4093406769669432,5.436095143939307,0.6017721026191002
1,M->N,1787488235.5105228,81.07020329299849,107.95,-0.3936318943885243,5.446865897080661,0.6001162614061994
1,M->N,1787488235.5874019,81.14708306198008,108.052,-0.37004249936879274,5.462981319139895,0.5985879423840125
1,M->N,1787488235.880819,81.44050106802024,108.256,-0.32283679583997643,5.495157955594949,0.5985721592043454
1,M->N,1787488236.0323563,81.59203763399273,108.392,-0.29139470466480566,5.516637684525092,0.6004928415228638
1,M->N,1787488236.1817954,81.7414769899915,108.494,-0.26784858524302685,5.532794583207762,0.602654066814335
1,M->N,1787488236.4637146,82.02339595399098,108.664,-0.22869680962739766,5.559854459556493,0.6074166149440153
1,M->N,1787488236.611365,82.17104664701037,108.8,-0.19747668634126667,5.581649981425923,0.6120114042991222
1,M->N,1787488237.1012032,82.66088436398422,109.072,-0.1441298177263713,5.6193140686578715,0.6087432329807166
1,M->N,1787488237.2518606,82.81154246698134,109.174,-0.13182942871604808,5.627682167255872,0.5793888218274674
1,M->N,1787488237.3956158,82.95529719698243,109.276,-0.11939264644464105,5.6355490812204625,0.5452689691180628
1,M->N,1787488237.5394106,83.09909185499419,109.378,-0.1064350540568835,5.643145901929658,0.5121181930096759
1,M->N,1787488237.5534348,83.11311622097855,109.446,-0.09749566913528786,5.648063228645564,0.4903185418742835
1,M->N,1787488238.6000755,84.15975715999957,110.024,-0.010575372542818692,5.684720744334979,0.3097747935903186
1,M->N,1787488238.6129096,84.17259048199048,110.092,5.860861187026087e-05,5.688026581399321,0.2870993147797303
1,M->N,1787488238.6239352,84.18361664598342,110.16,0.011891286675147652,5.69137186345152,0.2583017124516155
1,M->N,1787488238.6344304,84.19411140901502,110.228,0.02455000659017413,5.694572930960295,0.23267867465838937
1,M->N,1787488238.643532,84.20321283099474,110.296,0.03771292502677214,5.697567836552797,0.2103200732383686
1,M->N,1787488239.3405545,84.90023572498467,110.67,0.11940945086689644,5.709862208219789,0.08642886508326007
1,M->N,1787488239.4824128,85.0420937819872,110.772,0.14559293594370235,5.711708898091951,0.04878488851517712
1,M->N,1787488239.6946018,85.25428317999467,110.908,0.18357315342349081,5.712764858685555,0.0017851841151820538
1,M->N,1787488239.7081912,85.26787252299255,110.976,0.20268888990344816,5.712644380418203,-0.019602539565499448
1,M->N,1787488239.854386,85.41406729299342,111.078,0.23133789875896255,5.711728596894074,-0.04899136807887748
1,M->N,1787488239.9989352,85.55861658498179,111.18,0.25993940094647067,5.710007400293123,-0.07540259916086776
1,M->N,1787488240.2850971,85.84477819898166,111.35,0.30746819226288746,5.705561560865439,-0.11411860683535117
1,M->N,1787488240.435658,85.99533927900484,111.486,0.3453390439013413,5.700783312279754,-0.1396337251538311
1,M->N,1787488240.5856783,86.14535983401584,111.588,0.37364775738433703,5.696610445033109,-0.15546318184609367
1,M->N,1787488240.731303,86.29098435799824,111.69,0.4018826385929581,5.6920173465207435,-0.1691244441901762
1,M->N,1787488240.8065963,86.36627771897474,111.758,0.4206683872774931,5.688752404882248,-0.17698369117125018
1,M->N,1787488240.958903,86.51858425501268,111.894,0.4581589157985352,5.681828774607901,-0.18918322744398888
1,M->N,1787488241.3099523,86.86963381600799,112.098,0.514242197644758,5.670743340019399,-0.20095471645699395
1,M->N,1787488241.4529939,87.0126754050143,112.2,0.5422353975902211,5.6650009355035795,-0.20407570238161898
1,M->N,1787488241.6736338,87.23331463598879,112.336,0.5795258829639568,5.657245354388354,-0.2058272353600903
1,M->N,1787488241.8248696,87.38455105997855,112.472,0.616802653457357,5.649474018955111,-0.20464551804287542
1,M->N,1787488241.970496,87.5301780779846,112.574,0.6447675753341395,5.643697581696644,-0.20209092362013695
1,M->N,1787488242.0470862,87.60676858201623,112.642,0.6634185614854992,5.639891898453342,-0.1998507080848315
1,M->N,1787488242.2010002,87.76068159600254,112.778,0.7007464778401384,5.6324208794105965,-0.1942269387332226
1,M->N,1787488242.2817829,87.84146416798467,112.846,0.7194265519079138,5.628770111751578,-0.19081300021611278
1,M->N,1787488242.6418326,88.20151405502111,113.084,0.7848980858688006,5.616555409893638,-0.17641292137014922
1,M->N,1787488242.7892606,88.3489415619988,113.186,0.8130080374696792,5.6116285324409025,-0.16924426727407532
1,M->N,1787488243.3505838,88.91026564297499,113.492,0.8781344073269852,5.600430591838246,-0.20314456263551536
1,M->N,1787488243.36975,88.92943106597522,113.594,0.892399460762469,5.5972842754527115,-0.23901189060003805
1,M->N,1787488243.4511201,89.01080105901929,113.696,0.9068343359494171,5.59353581567949,-0.27705044787344946
1,M->N,1787488243.5954237,89.15510474098846,113.798,0.9214770895301571,5.589125793099648,-0.31575722305291853
1,M->N,1787488244.3581154,89.91779661201872,114.206,0.983588113659784,5.563431618607918,-0.4725279256870737
1,M->N,1787488244.3727477,89.93242912198184,114.274,0.9934128505049807,5.55828785573372,-0.4978963201852153
1,M->N,1787488244.4472678,90.00694884196855,114.342,1.0043667931459277,5.552201488670999,-0.5230280177784089
1,M->N,1787488244.803795,90.36347639199812,114.58,1.0444775780816307,5.52680934376048,-0.608362946094112
1,M->N,1787488244.8792896,90.43897098000161,114.648,1.0566109196162508,5.518190261252967,-0.632499204307329
1,M->N,1787488245.096902,90.6565831269836,114.818,1.0879641361793415,5.493924752588642,-0.6885398659523037
1,M->N,1787488245.110155,90.66983601398533,114.886,1.1015659071399768,5.482528747538241,-0.7106423058752632
1,M->N,1787488245.531855,91.09153637901181,115.124,1.1502879052767305,5.437378735525223,-0.7863477198252788
1,M->N,1787488245.5466278,91.10630917700473,115.192,1.163664135528968,5.423768252146059,-0.8050954209211757
1,M->N,1787488245.6914775,91.25115899002412,115.294,1.1832668412811993,5.402919371245716,-0.8299254526615324
1,M->N,1787488245.835024,91.39470587897813,115.396,1.2023736720321123,5.381626643117256,-0.850930660262859
1,M->N,1787488246.1893897,91.74907118600095,115.6,1.2393912605229047,5.3380356611135085,-0.8824460107863764
1,M->N,1787488246.202662,91.76234274997842,115.668,1.251447084657992,5.323277639328678,-0.8904921260959171
1,M->N,1787488246.550292,92.10997315897839,115.872,1.2870015938819763,5.278512281234598,-0.9081162425283917
1,M->N,1787488246.626476,92.18615748197772,115.94,1.298698385207419,5.2634713276593645,-0.9120552426850024
1,M->N,1787488246.9848444,92.54452557000332,116.178,1.3392701877244024,5.210575204185635,-0.9199297056240987
1,M->N,1787488248.931817,94.49149830400711,117.232,1.516388114224084,4.975069575918541,-0.923352808921001
1,M->N,1787488248.951803,94.51148370298324,117.3,1.5278787209501041,4.9598882565516975,-0.921757935613132
1,M->N,1787488248.9641423,94.52382320200559,117.368,1.5394013073795703,4.944732513316891,-0.9190342339702662
1,M->N,1787488248.973909,94.53358964901417,117.436,1.5509483538516429,4.929581150018857,-0.920945015954864
1,M->N,1787488248.9816654,94.54134576598881,117.504,1.5605087468109744,4.91694896442472,-0.9273057298904193
1,M->N,1787488248.989535,94.54921543202363,117.572,1.5701185762064458,4.904027866970911,-0.937673702947579
1,M->N,1787488248.9963768,94.55605730897514,117.64,1.5807433251247345,4.8894238347680945,-0.9469974772849824
1,M->N,1787488249.0033932,94.56307385402033,117.708,1.5898504617434055,4.87670699214701,-0.9520678925809598
1,M->N,1787488249.0100708,94.56975141598377,117.776,1.5982129200328183,4.864936955553202,-0.9543320274470076
1,M->N,1787488249.0161178,94.5757981960196,117.844,1.6064570739656339,4.853258771377752,-0.9586934274546026
1,M->N,1787488250.403045,95.96272624400444,118.592,1.6934779732789857,4.721004317508613,-1.0335137549806046
1,M->N,1787488250.4165993,95.97628044197336,118.66,1.7028039772575392,4.704992439170737,-1.0572100400785183
1,M->N,1787488250.4305344,95.99021569098113,118.728,1.7120516649023831,4.688322957560956,-1.0727076541731586
1,M->N,1787488250.4420977,96.00177837198135,118.796,1.721096110833985,4.6715458117949975,-1.0808447918718405
1,M->N,1787488250.8606708,96.42035193799529,119.034,1.751829099768435,4.612375556563619,-1.1051686273682748
1,M->N,1787488251.01232,96.57200163597008,119.17,1.76864042125481,4.578170868993003,-1.1224803502546457
1,M->N,1787488251.6451728,97.20485377399018,119.51,1.8077508183368591,4.491307746516354,-1.181674265357137
1,M->N,1787488251.6577199,97.21740078000585,119.578,1.8149337322626433,4.473658126117673,-1.1871990463261561
1,M->N,1787488251.6687045,97.22838534298353,119.646,1.8220396237549021,4.455991871853196,-1.1900399690926893
1,M->N,1787488252.3678203,97.92750177101698,120.054,1.8634353251261255,4.349469805617828,-1.218375296887974
1,M->N,1787488252.3805602,97.94024123199051,120.122,1.8699549132963598,4.331570259324702,-1.224549156589532
1,M->N,1787488252.3925526,97.9522334440262,120.19,1.8764147753514815,4.3136649937301526,-1.2234890378431433
1,M->N,1787488253.2926526,98.85233377100667,120.666,1.9214989260994217,4.193674359196429,-1.209227063411713
1,M->N,1787488253.305921,98.86560206202557,120.734,1.9266962628401227,4.179945548631156,-1.2065274349047583
1,M->N,1787488253.3173504,98.87703143397812,120.802,1.9319665629741574,4.166265742033048,-1.1968366281737757
1,M->N,1787488253.327969,98.88764989399351,120.87,1.9373838074575176,4.152647751945394,-1.1852226988379044
1,M->N,1787488253.4031532,98.96283460000996,120.938,1.942952966557425,4.1390978477745755,-1.173581070860555
1,M->N,1787488254.0387847,99.59846593398834,121.312,1.9745379640573881,4.068691784929431,-1.1282506727457808
1,M->N,1787488254.0514493,99.61113036400639,121.38,1.9802820986213252,4.056731666554448,-1.114366639237043
1,M->N,1787488254.3322983,99.89197941700695,121.55,1.9954498793401234,4.027060930689179,-1.079981747328817
1,M->N,1787488254.6909378,100.25061867799377,121.788,2.0183026012375187,3.986630025190315,-1.0304693131691156
1,M->N,1787488254.8409216,100.40060308598913,121.89,2.0279972390967833,3.9705670348077255,-1.023577071118301
1,M->N,1787488254.8537161,100.41339747898746,121.958,2.0345481386244657,3.9599214647691277,-1.0111509458650825
1,M->N,1787488255.1402102,100.69989135902142,122.162,2.0555334299475887,3.9281493604749085,-0.9609387374798866
1,M->N,1787488255.2906582,100.8503395919688,122.298,2.06979141980721,3.9082841185545836,-0.9377895222533897
1,M->N,1787488255.9112146,101.47089586901711,122.638,2.1066919443666885,3.8595831462131467,-0.9136781751399098
1,M->N,1787488256.1331549,101.69283648097189,122.808,2.125067673413114,3.8362282479897742,-0.8924628939621586
1,M->N,1787488256.1458313,101.70551223802613,122.876,2.1329133439741987,3.8265553058122146,-0.8840279309365449
1,M->N,1787488256.2885363,101.84821724001085,122.978,2.144849037405186,3.812191927157998,-0.8684187767925535
1,M->N,1787488256.4318354,101.99151691899169,123.08,2.157011462342224,3.7980218625049638,-0.8523362266761516
1,M->N,1787488256.922196,102.48187714902451,123.352,2.18989254027036,3.7612781860887443,-0.8257391081668334
1,M->N,1787488256.9355307,102.4952117719804,123.42,2.198474675432178,3.752042420393229,-0.8162738036314736
1,M->N,1787488256.948531,102.50821213697782,123.488,2.2071446189219657,3.742888639033201,-0.8067835608570575
1,M->N,1787488257.2286496,102.78833074698923,123.658,2.2296923886480116,3.719771542979727,-0.790366985130921
1,M->N,1787488257.5923302,103.15201248397352,123.896,2.2623931954394947,3.6875654108352007,-0.7626964981942386
1,M->N,1787488257.604565,103.16424645698862,123.964,2.272474062657608,3.6779548676735128,-0.7613766975342209
1,M->N,1787488257.756687,103.3163683169987,124.1,2.2926414017845285,3.6587643969468835,-0.7560786593623897
1,M->N,1787488258.0377126,103.5973940960248,124.27,2.3181381944782973,3.6351223217469473,-0.7370635533215982
1,M->N,1787488258.320675,103.88035662798211,124.44,2.352329252248307,3.6046853681339837,-0.71587440858354
1,M->N,1787488258.7444363,104.30411747697508,124.712,2.4105718100982094,3.555738161406969,-0.6809594102008183
1,M->N,1787488258.7600543,104.3197353919968,124.78,2.425387601727219,3.543808665239857,-0.6732573156128708
1,M->N,1787488259.3863986,104.94607950001955,125.12,2.50071424147718,3.4857151458921343,-0.6407998069084904
1,M->N,1787488259.4005888,104.96026969701052,125.188,2.515993031328932,3.474372189509454,-0.6353109734731451
1,M->N,1787488259.4120893,104.97177032497711,125.256,2.5313323428642165,3.4631112849674057,-0.6301008720779349
1,M->N,1787488259.976523,105.53620440297527,125.596,2.6088168512723797,3.4078995355719908,-0.6082455561179714
1,M->N,1787488259.9902408,105.54992240597494,125.664,2.6244503909537777,3.3970471979000547,-0.6046292542614865
1,M->N,1787488260.2112632,105.77094443101669,125.834,2.6637026348150306,3.3701441720404484,-0.5965899329414103
1,M->N,1787488260.360852,105.92053296900121,125.97,2.6952520784372616,3.348835483814624,-0.5909671340413035
1,M->N,1787488260.5075688,106.06725010601804,126.072,2.71898795016472,3.3329669018807158,-0.5871080137393963
1,M->N,1787488260.6527221,106.2124040889903,126.174,2.7427818103310684,3.317187763767978,-0.5835817103260257
1,M->N,1787488260.7978055,106.35748795600375,126.276,2.7666278090830443,3.301490035948968,-0.5803956275274185
1,M->N,1787488261.6332903,107.19297117297538,126.718,2.8704905031909944,3.234228356694544,-0.568370054024151
1,M->N,1787488261.6456463,107.20532755600289,126.786,2.8865422526946527,3.223997648702718,-0.5659279095567193
1,M->N,1787488261.655934,107.21561512700282,126.854,2.9026186273867256,3.213807919347587,-0.5633375837586234
1,M->N,1787488261.9437006,107.50338155397912,127.058,2.9510071557549096,3.183507513749215,-0.5547921750529797
1,M->N,1787488262.0940897,107.65377146197716,127.194,2.9834174276342633,3.163546527665666,-0.5483918054699014
1,M->N,1787488262.2376244,107.79730529198423,127.296,3.0078163922362857,3.148716922106977,-0.5430020539639108
1,M->N,1787488262.3810601,107.94074168999214,127.398,3.0322975340763794,3.134027227619232,-0.5369273154042037
1,M->N,1787488262.7361078,108.29578914499143,127.602,3.081535088789516,3.1051382716204294,-0.5227956904876621
1,M->N,1787488262.7497911,108.30947239801753,127.67,3.098038402104989,3.095672837515048,-0.5174532087535746
1,M->N,1787488262.8265376,108.38621890300419,127.738,3.114591016804536,3.086298806296851,-0.5117859830997759
1,M->N,1787488262.9766192,108.53630042198347,127.874,3.1478599840520713,3.0678470555518196,-0.49928876569398173
1,M->N,1787488263.3968349,108.95651629002532,128.112,3.206683878621442,3.0366512826674743,-0.4733739745479373
1,M->N,1787488263.4099162,108.96959748998052,128.18,3.2236405822325183,3.0280331672721195,-0.46505368990937
1,M->N,1787488263.8989887,109.45867026498308,128.452,3.2921876062047146,2.995085127444689,-0.4278681646729612
1,M->N,1787488263.9824212,109.54210262198467,128.554,3.3179936125696283,2.9835046017410782,-0.41300705576231
1,M->N,1787488264.341648,109.90132942597847,128.792,3.379392580055566,2.9578630670069614,-0.37515367374590947
1,M->N,1787488264.6285527,110.18823389802128,128.962,3.4238316976361207,2.9410121186442946,-0.3467155036365717
1,M->N,1787488264.6413975,110.20107836299576,129.03,3.441735730393618,2.9346309559991774,-0.3350928476346618
1,M->N,1787488264.6526074,110.21228849701583,129.098,3.459710270660879,2.928459796730758,-0.32337908171843793
1,M->N,1787488265.2781029,110.8377843190101,129.438,3.5506014833672643,2.900810432851695,-0.2640598327822441
1,M->N,1787488265.2910333,110.8507142990129,129.506,3.5689697619571734,2.895930621862698,-0.2521878885516493
1,M->N,1787488265.3019414,110.86162254400551,129.574,3.587395507577692,2.8912685691429947,-0.2403512549038054
1,M->N,1787488265.7189896,111.27867056598188,129.812,3.652285381793363,2.876658921013358,-0.19976146654457078
1,M->N,1787488265.7329924,111.2926739520044,129.88,3.6709246132786237,2.8729664681640146,-0.18837777166422728
1,M->N,1787488266.847075,112.40675621299306,130.458,3.830758582493723,2.849849212783719,-0.0985655660701866
1,M->N,1787488266.8587599,112.4184409219888,130.526,3.849681420242707,2.848045927541397,-0.08902625540659143
1,M->N,1787488266.8703916,112.43007236701669,130.594,3.8686206489269677,2.846420767213698,-0.07979619067126303
1,M->N,1787488266.8815567,112.4412376480177,130.662,3.8875745290499153,2.844968381069182,-0.07081183031499493
1,M->N,1787488266.8902848,112.44996585999615,130.73,3.906542106605385,2.843683844091937,-0.062190071525119774
1,M->N,1787488266.8981247,112.45780526800081,130.798,3.925521058617124,2.842561339489593,-0.05380978372263562
1,M->N,1787488267.5929544,113.15263570699608,131.172,4.030081926542774,2.8390022328807616,-0.017824745403717816
1,M->N,1787488267.7439992,113.30368071101839,131.274,4.058641080515464,2.83849005247249,-0.018353940551412807
1,M->N,1787488267.892026,113.45170691597741,131.376,4.08720214424013,2.8379509564134175,-0.01960800289161998
1,M->N,1787488267.904256,113.46393681498012,131.444,4.1062423220432365,2.8375714913159227,-0.02043518884829096
1,M->N,1787488268.1891446,113.74882602802245,131.648,4.163359298721143,2.8363491502490614,-0.022338255090686068
1,M->N,1787488268.4795122,114.03919425001368,131.852,4.2204725907813,2.8350430401809343,-0.023333166390918467
1,M->N,1787488268.6317892,114.19147054001223,131.988,4.2585457721417574,2.834148734337784,-0.02361643150684814
1,M->N,1787488269.053622,114.61330357700353,132.226,4.32517024667947,2.8325788541664716,-0.023292416535853084
1,M->N,1787488269.0667233,114.62640497199027,132.294,4.344205287252728,2.832136991030933,-0.022998774116902182
1,M->N,1787488269.5529394,115.11262074898696,132.566,4.420346044689215,2.8304498051711535,-0.02100202631694138
1,M->N,1787488269.5657794,115.1254607620067,132.634,4.439381206513326,2.830054025381553,-0.020338363895221104
1,M->N,1787488269.7156796,115.2753618179704,132.77,4.477451541458672,2.8293041487632755,-0.018818663202227207
1,M->N,1787488270.0012937,115.5609751730226,132.94,4.525039384386693,2.828456907016792,-0.01643632381444785
1,M->N,1787488270.4974763,116.05715781397885,133.246,4.61069771655278,2.827269426877757,-0.010608930120082547
1,M->N,1787488270.5112374,116.07091866998235,133.314,4.62973301055766,2.8270780586039916,-0.009052809849787189
1,M->N,1787488270.5238383,116.08351904497249,133.382,4.648768102991442,2.8269171961352035,-0.0073999423778821054
1,M->N,1787488271.0824418,116.64212326699635,133.688,4.734423584360814,2.8266249785176534,0.0015147936995548491
1,M->N,1787488271.095572,116.65525308798533,133.756,4.753456804690981,2.82666993613614,0.0038439138814188117
1,M->N,1787488271.4503567,117.01003782299813,133.994,4.82006832338539,2.827198383729264,0.012916666054275156
1,M->N,1787488271.596574,117.15625557297608,134.096,4.84861276074653,2.8276166411366748,0.017138870038527734
1,M->N,1787488271.7409341,117.30061581399059,134.198,4.877154778349016,2.828156810610912,0.021469437579975312
1,M->N,1787488271.884821,117.44450226100162,134.3,4.9056945181324,2.828821376564217,0.02586082117294002
1,M->N,1787488272.030107,117.58978903997922,134.402,4.934231439844069,2.8296115226672827,0.030248073783405573
1,M->N,1787488272.045091,117.60477229201933,134.47,4.953254016012716,2.830207326082679,0.03312350994045287
1,M->N,1787488272.3252451,117.88492656097515,134.64,5.000803198210203,2.831930569053983,0.03992260057419672
1,M->N,1787488273.0245428,118.58422393497312,135.048,5.1148860287659055,2.837235481320511,0.05232879490162686
1,M->N,1787488273.037797,118.59747777297162,135.116,5.133897566971603,2.83824037617255,0.053579280159904714
1,M->N,1787488273.04857,118.60825051000575,135.184,5.152908995780706,2.839267012419723,0.05452196113214683
1,M->N,1787488273.1902099,118.74989101401297,135.286,5.181425448987555,2.840835341756581,0.055500108852352806
1,M->N,1787488273.3359008,118.89558161998866,135.388,5.209943709987624,2.842421888665523,0.055553439159821465
1,M->N,1787488274.032351,119.59203253599117,135.762,5.314550454607424,2.8479730319446603,0.048260728738107786
1,M->N,1787488274.0479696,119.6076506730169,135.83,5.333580866732057,2.8488732517509576,0.04558723402516525
1,M->N,1787488274.0585072,119.61818807199597,135.898,5.352615277965442,2.8497195952925565,0.04245670902048201
1,M->N,1787488274.132012,119.69169324001996,135.966,5.37165378006392,2.8505023487754757,0.03878540512327008
1,M->N,1787488274.6192203,120.17890161497053,136.272,5.457382398584622,2.852992738113725,0.0161540841713132
1,M->N,1787488274.7634482,120.32312942197314,136.374,5.485977401970685,2.8533375998114185,0.0061452746608041875
1,M->N,1787488274.8379798,120.39766141498694,136.442,5.505044118616551,2.853403492985731,-0.0011084883016675149
1,M->N,1787488274.9883049,120.54798697098158,136.578,5.543182432014119,2.8530967705808985,-0.017392128331155148
1,M->N,1787488275.1333444,120.69302602397511,136.68,5.571784544663532,2.852438332137277,-0.031177500788534117
1,M->N,1787488275.2765179,120.83619960898068,136.782,5.60037875806509,2.8513711156333525,-0.04623730413695393
1,M->N,1787488275.4206913,120.980372385995,136.884,5.628957557619458,2.8498581806987744,-0.0625809816678022
1,M->N,1787488275.5615203,121.12120103399502,136.986,5.657512042263822,2.847860847012129,-0.08036325326585504
1,M->N,1787488275.7006123,121.26029387197923,137.088,5.686029615696103,2.8453409904877445,-0.09945126429837163
1,M->N,1787488276.0528533,121.61253457597923,137.292,5.741786096721775,2.838750388534483,-0.1398768030154779
1,M->N,1787488276.130382,121.6900632440229,137.36,5.75638391960324,2.836646546114937,-0.14887525465437293
1,M->N,1787488276.2792416,121.83892255899264,137.496,5.785461143443046,2.8320002050452904,-0.17200687715809554
1,M->N,1787488276.4224794,121.98216045997106,137.598,5.807194823219404,2.8280507990362485,-0.19125164523576468
1,M->N,1787488276.5662434,122.1259246179834,137.7,5.828849997657551,2.82367690135389,-0.21118266338475758
1,M->N,1787488277.257317,122.81699873897014,138.074,5.907388325347609,2.80387495547308,-0.2871558939187857
1,M->N,1787488277.2708383,122.83051921799779,138.142,5.922537788095726,2.799315380622006,-0.3003160875982398
1,M->N,1787488277.4197266,122.97940788301639,138.278,5.95769197891194,2.7880492177083247,-0.3252551538427677
1,M->N,1787488277.565126,123.12480733898701,138.38,5.977264562893307,2.781303402567249,-0.3415191084569741
1,M->N,1787488277.8479693,123.40765051002381,138.55,6.009097206703557,2.7694866899438457,-0.3736356549682204
1,M->N,1787488278.3459978,123.90567933797138,138.856,6.066670333086265,2.7451836532156135,-0.4294155112515236
1,M->N,1787488278.3592334,123.91891456500161,138.924,6.078497651078195,2.7397158232480465,-0.43883647551270033
1,M->N,1787488278.3716302,123.9313111139927,138.992,6.09038904323383,2.7340796746119955,-0.44943297860891057
1,M->N,1787488278.791612,124.35129335999954,139.23,6.131985910147432,2.7130610903558647,-0.48468926911901955
1,M->N,1787488278.8053918,124.36507288302528,139.298,6.144248439116988,2.706580207212787,-0.48946608730451335
1,M->N,1787488279.2920628,124.8517439350253,139.57,6.19262405930291,2.6797788155567233,-0.5245948069223575
1,M->N,1787488279.435935,124.99561648198869,139.672,6.210181128273409,2.6694677694764595,-0.5401725252277726
1,M->N,1787488279.5819528,125.14163409901084,139.774,6.227969739641367,2.658641037134122,-0.5548901197946614
1,M->N,1787488279.7312338,125.29091490001883,139.876,6.246476255634629,2.6470357864400205,-0.5680638474307222
1,M->N,1787488279.9503984,125.51008008397184,140.012,6.27010201450164,2.6317125137601707,-0.5827146818302358
1,M->N,1787488279.9648547,125.52453605097253,140.08,6.282356631702164,2.623597178490944,-0.588993936068716
1,M->N,1787488280.1825247,125.74220572202466,140.216,6.30668660400509,2.607077527751441,-0.6064001514958045
1,M->N,1787488280.1934845,125.7531652500038,140.284,6.3196255477862895,2.5980360969852176,-0.614363834092556
1,M->N,1787488280.335296,125.89497764699627,140.386,6.342807353838237,2.5815759422432394,-0.6223441321657265
1,M->N,1787488280.757515,126.31719635101035,140.624,6.396422044258204,2.541866496859858,-0.6555746849272179
1,M->N,1787488280.7706194,126.33030092797708,140.692,6.411489602669455,2.5301886243462786,-0.6650231200208998
1,M->N,1787488280.9820826,126.54176357400138,140.828,6.441299355834558,2.50642703161171,-0.6823509223799129
1,M->N,1787488280.9945858,126.5542668569833,140.896,6.456052763488411,2.4943616076319226,-0.6902234861169265
1,M->N,1787488281.3404925,126.9001735720085,141.1,6.499770048163938,2.4575242957776697,-0.7108917973059857
1,M->N,1787488281.55279,127.11247141298372,141.236,6.528513332807304,2.4325044245666634,-0.7224557241824209
1,M->N,1787488282.1860218,127.74570339900674,141.61,6.6062407252703155,2.3622454951017207,-0.7467178475883135
1,M->N,1787488282.1992633,127.75894454901572,141.678,6.620203018634794,2.3492871431975155,-0.7501446947153694
1,M->N,1787488282.274508,127.83418931200868,141.746,6.6341217006085,2.336281958687206,-0.7533615495360944
1,M->N,1787488282.633534,128.1932152279769,141.984,6.682528758785863,2.290443771175828,-0.7630631733846687
1,M->N,1787488282.7084217,128.26810286700493,142.052,6.6962806668665396,2.2772670480806934,-0.765409689817769
1,M->N,1787488282.7954001,128.35508163500344,142.154,6.716851848776099,2.257445059509354,-0.7686058595811623
1,M->N,1787488282.9494584,128.50913959101308,142.29,6.744185868272909,2.2309206690271006,-0.7723405166491666
1,M->N,1787488283.0949566,128.65463765896857,142.392,6.764625873871374,2.2109636031973614,-0.7747842886194569
1,M->N,1787488283.2400367,128.79971762397327,142.494,6.785019731213158,2.19095760305389,-0.7770024922088546
1,M->N,1787488283.5227897,129.08247174299322,142.664,6.818914863618088,2.157521044192084,-0.7803232670434136
1,M->N,1787488283.6725476,129.232228947978,142.8,6.845952040022702,2.130696163426315,-0.7827370005475339
1,M->N,1787488284.3038964,129.86357796902303,143.14,6.913283072336985,2.0633772369042096,-0.7878118734829964
1,M->N,1787488284.3158114,129.87549234501785,143.208,6.926711638023702,2.0498729095114916,-0.7887277204571368
1,M->N,1787488284.3271115,129.88679305900587,143.276,6.9401279415421495,2.036356278619619,-0.7896503088966029
1,M->N,1787488284.678495,130.23817625601077,143.48,6.9802984982354275,1.995733340112647,-0.7924888191085493
1,M->N,1787488284.8243606,130.3840420069755,143.582,7.0003387244374204,1.975379969333146,-0.7939538608306554
1,M->N,1787488284.9681156,130.52779654797632,143.684,7.0203478763314235,1.9549980046161246,-0.7954304640180763
1,M->N,1787488285.0448408,130.60452203202294,143.752,7.033670632978271,1.9413935279186092,-0.796409007804614
1,M->N,1787488285.1969216,130.7566029250156,143.888,7.060278764477455,1.9141424230927222,-0.7984111289077301
1,M->N,1787488285.33776,130.89744099997915,143.99,7.080200078726189,1.893666518649536,-0.7999975735009203
1,M->N,1787488285.4810736,131.04075473197736,144.092,7.1000874936016025,1.8731588260757568,-0.8016657910708609
1,M->N,1787488285.6252487,131.18493007897632,144.194,7.119939022738311,1.8526181845546026,-0.8034222474145167
1,M->N,1787488285.7712889,131.33097040699795,144.296,7.13975314497995,1.8320429452492062,-0.8052356118104441
1,M->N,1787488285.91829,131.47797186597018,144.398,7.159528252067267,1.8114326543844776,-0.8070909928834595
1,M->N,1787488286.0618365,131.62151791801443,144.5,7.1785049483620895,1.791581207201663,-0.8091587263310901
1,M->N,1787488286.4777803,132.03746192296967,144.738,7.1976288035614235,1.7714026864248116,-0.8193104141950195
1,M->N,1787488286.7778172,132.337498836976,144.942,7.220202991766236,1.747187991663881,-0.8204703566524727
1,M->N,1787488286.9282198,132.48790116602322,145.078,7.246157425204454,1.719398136563032,-0.8169740495683956
1,M->N,1787488287.0742157,132.63389706297312,145.18,7.265745960915663,1.6986276049395792,-0.8114942092245322
1,M->N,1787488287.3583298,132.9180110199959,145.35,7.298642781498085,1.6642581772324314,-0.8024996306839952
1,M->N,1787488287.510542,133.07022321101977,145.486,7.32517266455626,1.6369619001635198,-0.7962307420371373
1,M->N,1787488287.586667,133.14634845597902,145.554,7.338501105892691,1.62337160010193,-0.7934543969242123
1,M->N,1787488287.741086,133.3007671450032,145.69,7.365265359449393,1.5962922324809505,-0.788663901378316
1,M->N,1787488287.885142,133.44482315698406,145.792,7.385417859693909,1.5760607677520135,-0.7856998132829581
1,M->N,1787488288.379051,133.93873261497356,146.064,7.439406948741138,1.5223592955782959,-0.7798601368980949
1,M->N,1787488288.875434,134.43511579599,146.37,7.500449961001014,1.4622469634382562,-0.7756662686678542
1,M->N,1787488288.887521,134.44720178697025,146.438,7.514047531913844,1.4489179428662275,-0.7750037145888072
1,M->N,1787488289.0358336,134.59551513101906,146.574,7.541265574519125,1.4222841683908753,-0.7739913671176306
1,M->N,1787488289.3865087,134.9461902640178,146.778,7.5821319481156495,1.382377610904292,-0.7729957796650664
1,M->N,1787488289.463531,135.02321204700274,146.846,7.59576145686726,1.3690839379095099,-0.7727361051791095
1,M->N,1787488289.5477467,135.10742779198335,146.948,7.616212306291842,1.3491500230710392,-0.7723675648974598
1,M->N,1787488289.6993692,135.2590505980188,147.084,7.64349316317817,1.3225807133742546,-0.7719129439688084
1,M->N,1787488289.986453,135.54613398300717,147.254,7.677611804944057,1.2893831390750627,-0.7714495863128732
1,M->N,1787488290.8975098,136.45719141798327,147.764,7.780043696910207,1.1898879711788393,-0.7699221176753857
1,M->N,1787488290.9110131,136.47069437400205,147.832,7.7937159407855265,1.1766355747591684,-0.7695675646875191
1,M->N,1787488290.9236596,136.48334063199582,147.9,7.807393204091125,1.1633876322974523,-0.7691878355003126
1,M->N,1787488290.9350753,136.4947562700254,147.968,7.821075485517134,1.1501452126422198,-0.7687759474968324
1,M->N,1787488291.0791352,136.63881635997677,148.07,7.841608892000413,1.1302935606055748,-0.7681183380741329
1,M->N,1787488291.2229257,136.78260673501063,148.172,7.862155066166885,1.1104568976653328,-0.7673932131261365
1,M->N,1787488291.3670816,136.92676288902294,148.274,7.882715577715911,1.0906366535323764,-0.7665566295814076
1,M->N,1787488291.787087,137.34676813799888,148.512,7.9307615644210125,1.0444654790780297,-0.7641340667150698
1,M->N,1787488291.8008082,137.36048950598342,148.58,7.944511876323696,1.03129578233258,-0.7633237217425263
1,M->N,1787488292.2923439,137.8520253879833,148.852,7.999621318024183,0.9787302328191392,-0.7600378132447826
1,M->N,1787488292.3043656,137.86404687800677,148.92,8.013424578625788,0.9656175143157449,-0.7592485480439689
1,M->N,1787488292.3154988,137.87517989700427,148.988,8.027237861305366,0.952515741940969,-0.7584837315990822
1,M->N,1787488292.7364216,138.29610330198193,149.226,8.068155763597007,0.9135834102511012,-0.7794564608481888
1,M->N,1787488292.7515433,138.31122432899429,149.294,8.077602599496457,0.9040740610908914,-0.8024736540708266
1,M->N,1787488292.8973024,138.45698368898593,149.396,8.091771929317114,0.8889949902082537,-0.8356283845148186
1,M->N,1787488293.3895516,138.9492331549991,149.668,8.13120629577939,0.8406323358348329,-0.9323076518967992
1,M->N,1787488293.4031312,138.962812133017,149.736,8.141350666448808,0.8267312387833374,-0.9523855240419865
1,M->N,1787488293.5505884,139.11026967002545,149.872,8.1624782768442,0.7956943846791737,-0.9951536235471274
1,M->N,1787488293.6948435,139.2545248119859,149.974,8.17756283116231,0.771667070031176,-1.0300261941223996
1,M->N,1787488293.8402803,139.39996183902258,150.076,8.192007362081736,0.7469595562738018,-1.054594562544577
1,M->N,1787488293.9869952,139.5466771000065,150.178,8.205891845720885,0.7219494680174833,-1.0783827133655381
1,M->N,1787488294.1320872,139.69176872400567,150.28,8.219183007462044,0.6966274871198799,-1.1000254800611875
1,M->N,1787488294.8263116,140.38599266199162,150.654,8.25945819633565,0.6086888426778517,-1.1651338848557389
1,M->N,1787488294.8379881,140.39766937796958,150.722,8.265826386683786,0.593739111301079,-1.1723728388342851
1,M->N,1787488294.849005,140.40868589299498,150.79,8.272022881005377,0.578943768221805,-1.1774007409160925
1,M->N,1787488295.892544,141.4522254790063,151.334,8.313494147306521,0.47278329058077884,-1.2135673146837171
1,M->N,1787488295.9051673,141.46484863798833,151.402,8.31795748533757,0.46082477550320816,-1.213256255441175
1,M->N,1787488295.9162502,141.47593119100202,151.47,8.322295713591028,0.44921754379962436,-1.2119468938095455
1,M->N,1787488295.9272277,141.48690838797484,151.538,8.326670089853392,0.4375370278149892,-1.21465127657682
1,M->N,1787488295.938348,141.4980285919737,151.606,8.330781186257003,0.4264010848145268,-1.2198942912389517
1,M->N,1787488295.9466774,141.50635838496964,151.674,8.33475786874229,0.41553224914267006,-1.2202164964278477
1,M->N,1787488296.6386442,142.19832556298934,152.048,8.354484516883435,0.36051728740995836,-1.2290303734871089
1,M->N,1787488296.7898955,142.34957675501937,152.184,8.36104134319432,0.3421121155441255,-1.2276222464049604
1,M->N,1787488296.9366398,142.49632090696832,152.286,8.3656793459779,0.328975994344908,-1.2366065199583591
1,M->N,1787488297.3505363,142.91021723498125,152.524,8.375665121541829,0.3001986963946028,-1.2357601375829714
1,M->N,1787488297.433537,142.99321808398236,152.66,8.381008169988382,0.2846795003677554,-1.245636232670742
1,M->N,1787488297.584369,143.14405023498693,152.796,8.385951466989962,0.26998197381459876,-1.2444228803900357
1,M->N,1787488297.9488153,143.5084966159775,153.0,8.393105294267544,0.24894298375473678,-1.2446246234400764
1,M->N,1787488298.4570708,144.01675188797526,153.34,8.40359511176114,0.217485323892692,-1.2478954617368783
1,M->N,1787488298.5442314,144.10391237202566,153.476,8.407506152935158,0.2057891785620122,-1.2540205745179676
1,M->N,1787488298.8346808,144.39436243200907,153.68,8.412814375625661,0.18944020063106412,-1.2551007009619686
1,M->N,1787488299.1176097,144.67729134100955,153.85,8.417035140931214,0.17652720666259827,-1.2574935542846437
1,M->N,1787488299.2065146,144.76619589701295,153.986,8.420102487441214,0.16690543303424984,-1.264008644219474
1,M->N,1787488299.493289,145.05296995997196,154.19,8.424547755591556,0.15301524023002644,-1.2595593834322887
1,M->N,1787488299.7812662,145.34094706899486,154.394,8.428974650978205,0.13932023146023606,-1.2568567054257886
1,M->N,1787488300.1308901,145.69057184900157,154.598,8.433301091205704,0.12555190661860982,-1.2735141094444011
1,M->N,1787488301.0474474,146.60712890001014,155.142,8.44455076133075,0.08915322710487081,-1.274590526057395
2,N->X,1787488308.0625849,0.6998647770378739,160.276,8.44697535159886,0.08447636798896611,0.06783857575915325
2,N->X,1787488314.0958028,6.73308288899716,164.662,8.444447549414978,0.06849276758537905,-1.9228662820451843
2,N->X,1787488314.2456279,6.8829077139962465,164.798,8.43924121306789,0.055259524828163625,-1.973728763460229
2,N->X,1787488314.3902209,7.0275003220303915,164.9,8.434848041877604,0.04522739350779029,-1.9985423094027395
2,N->X,1787488314.6710088,7.308288961998187,165.07,8.426730524894149,0.028628034848349727,-2.064262909928939
2,N->X,1787488314.9533935,7.5906733790179715,165.24,8.417240570800445,0.012139819281240982,-2.1210873564740256
2,N->X,1787488315.1053567,7.742636965995189,165.376,8.408676298163982,-0.0011929859398406848,-2.1714016901309665
2,N->X,1787488315.2526422,7.889922107046004,165.478,8.401656946195684,-0.011061224250493934,-2.2114152453898295
2,N->X,1787488315.3985014,8.035781163023785,165.58,8.394122819057591,-0.020889273381525443,-2.240120616809032
2,N->X,1787488315.541919,8.179198911995627,165.682,8.385315694973047,-0.03174122095289122,-2.268792277687726
2,N->X,1787488315.6877124,8.324992565030698,165.784,8.370241265782964,-0.04912765109817426,-2.3036179260335015
2,N->X,1787488315.8342211,8.471501046034973,165.886,8.350919546545748,-0.07000398851075743,-2.333497998960218
2,N->X,1787488316.1851504,8.822429927997291,166.09,8.310606957598287,-0.11048394621460497,-2.374647236158925
2,N->X,1787488316.8850722,9.522351663035806,166.464,8.233487541210572,-0.18133817991127207,-2.4154517190829354
2,N->X,1787488316.901972,9.539251618029084,166.532,8.219187030728483,-0.1939463303573716,-2.423908364308774
2,N->X,1787488316.917017,9.554296424030326,166.6,8.204778957119123,-0.20643273483547514,-2.4323624190276014
2,N->X,1787488316.9305434,9.567822678014636,166.668,8.190270473022876,-0.21879891585706812,-2.44015058676221
2,N->X,1787488317.2823927,9.91967235901393,166.872,8.1462803627668,-0.2552808855293633,-2.4576852134599765
2,N->X,1787488317.4938655,10.131144992017653,167.008,8.11669557995245,-0.2792200032093897,-2.464639599787184
2,N->X,1787488317.507286,10.144565566035453,167.076,8.101849805776748,-0.29112311530270835,-2.4669852508890413
2,N->X,1787488317.5808687,10.218148066021968,167.144,8.086976162426009,-0.30300049147385005,-2.468699776793733
2,N->X,1787488318.0813677,10.718647564994171,167.45,8.019860736360132,-0.3563114181249229,-2.470855949929099
2,N->X,1787488318.6446576,11.281937701045536,167.79,7.945409831500286,-0.4155749210439823,-2.4667724104324233
2,N->X,1787488318.6582973,11.295576595002785,167.858,7.930555206929198,-0.42747147327021834,-2.465525829177654
2,N->X,1787488318.9494529,11.586732290044893,168.062,7.886055128028855,-0.46330573072572134,-2.461402162882293
2,N->X,1787488319.1032364,11.740515699028037,168.198,7.856466341471767,-0.4873086420507217,-2.4585443023845412
2,N->X,1787488319.2475338,11.88481405802304,168.3,7.834329983861422,-0.5053581508344264,-2.4563940602738574
2,N->X,1787488320.0252016,12.662481167004444,168.708,7.746203510619045,-0.5779746518759605,-2.4483832829513346
2,N->X,1787488320.039865,12.677144557994325,168.776,7.731556778509169,-0.5901553832598881,-2.4471907226067997
2,N->X,1787488320.1140506,12.751330199011136,168.844,7.716921851802025,-0.6023545524090925,-2.446052486220184
2,N->X,1787488320.263356,12.900635530997533,168.98,7.687696483809261,-0.6267983751760831,-2.4439353314912804
2,N->X,1787488320.5449877,13.18226739502279,169.15,7.651264341590576,-0.6574109148902706,-2.441567612427532
2,N->X,1787488320.6957452,13.333024772000499,169.286,7.622180494316977,-0.6819503132411355,-2.439857926358159
2,N->X,1787488320.8398757,13.477155544038396,169.388,7.6003833743300575,-0.7003965003673984,-2.438633789632032
2,N->X,1787488320.986276,13.623555215017404,169.49,7.578596445721127,-0.7188790876598418,-2.4374619536269866
2,N->X,1787488321.1315765,13.768856420007069,169.592,7.556823878302742,-0.7373918182766733,-2.4363509445572626
2,N->X,1787488321.5519311,14.189210857031867,169.83,7.506120317785172,-0.7806626276984545,-2.4338521752539672
2,N->X,1787488321.5656216,14.202901435026433,169.898,7.4916658291172284,-0.793038235549237,-2.433137546419852
2,N->X,1787488321.8459117,14.483191356994212,170.068,7.455560565065541,-0.824020051383875,-2.4312306648749136
2,N->X,1787488322.1324956,14.769775321008638,170.238,7.419611320257176,-0.85521416721501,-2.421764849232121
2,N->X,1787488322.4202297,15.057509161997586,170.442,7.3768449511378105,-0.8931231128132406,-2.4108176285508223
2,N->X,1787488322.5701458,15.207425745029468,170.578,7.34856411163821,-0.918619391537929,-2.4049724139370077
2,N->X,1787488322.7133095,15.35058944602497,170.68,7.327456012461959,-0.9378311245187764,-2.401309000753567
2,N->X,1787488323.064614,15.701893648016267,170.884,7.285412120761376,-0.9764762132503747,-2.3954324877328044
2,N->X,1787488323.1403823,15.77766193205025,170.952,7.271435463938601,-0.9894172507701045,-2.393808715510002
2,N->X,1787488323.2872334,15.924512661003973,171.088,7.243532336659816,-1.015370572906907,-2.3910059962177623
2,N->X,1787488323.4276698,16.064949481049553,171.19,7.222650411843505,-1.0348827866417472,-2.3892383587606005
2,N->X,1787488323.5724237,16.20970327203395,171.292,7.201812989164572,-1.0544191133417875,-2.3876929287412723
2,N->X,1787488323.7178278,16.355107601033524,171.394,7.181018850162695,-1.0739751672395903,-2.38559848633701
2,N->X,1787488323.861392,16.498672009038273,171.496,7.1602854983615565,-1.0935991950159138,-2.381960789493092
2,N->X,1787488324.2126646,16.849944217014126,171.7,7.118943957079377,-1.1330158903640746,-2.3766696985406908
2,N->X,1787488324.4983704,17.13564979605144,171.87,7.084665486437297,-1.1660761023403687,-2.3719294246703555
2,N->X,1787488324.84925,17.486529980029445,172.074,7.043808718602348,-1.205984648472862,-2.3650260573782207
2,N->X,1787488324.863949,17.501228862034623,172.142,7.030260012730308,-1.219350467557147,-2.3609853682479116
2,N->X,1787488324.9483476,17.58562728302786,172.244,7.009984442705547,-1.2394693835824455,-2.3600252886506334
2,N->X,1787488325.098606,17.735885278030764,172.38,6.98316923829592,-1.266428401411306,-2.343455596568832
2,N->X,1787488325.2437363,17.881015881022904,172.482,6.96328863235592,-1.2869759335923379,-2.33758869069521
2,N->X,1787488325.3893623,18.02664180804277,172.584,6.943450783621231,-1.3075444423009202,-2.3397070467788845
2,N->X,1787488325.8788242,18.516103759000544,172.856,6.890442762303828,-1.3621622835913192,-2.343107089321672
2,N->X,1787488325.9626086,18.599888168042526,172.958,6.870569545920224,-1.3825928130956837,-2.3419750104917947
2,N->X,1787488326.1176662,18.754946001048665,173.094,6.844121787031457,-1.4098842840619634,-2.3345532804379605
2,N->X,1787488326.2598577,18.897137081017718,173.196,6.824446859460498,-1.4306063517500929,-2.3273670809353995
2,N->X,1787488326.886316,19.52359597204486,173.536,6.758836439850844,-1.4995559560901992,-2.3358227649195595
2,N->X,1787488327.1787717,19.81605161301559,173.74,6.719289284178813,-1.5406092615890574,-2.338668366057082
2,N->X,1787488327.4701998,20.10747937305132,173.944,6.679964848621967,-1.5820478590537377,-2.3255863155176484
2,N->X,1787488327.6206257,20.257905133999884,174.08,6.653834946794357,-1.6097252765656465,-2.3295062756376916
2,N->X,1787488327.7662187,20.40349887404591,174.182,6.634214809509952,-1.630429904692514,-2.3286841873867146
2,N->X,1787488327.9092255,20.546505421050824,174.284,6.614635128904757,-1.6511424601546862,-2.3266109648215094
2,N->X,1787488328.1265938,20.76387376000639,174.42,6.58859651602472,-1.6788168525047833,-2.3220705083112723
2,N->X,1787488328.1431005,20.780380249023438,174.488,6.57566181960657,-1.6927766226864898,-2.313211203586715
2,N->X,1787488328.426162,21.06344217399601,174.658,6.543598341062623,-1.7279947754182066,-2.30988015961119
2,N->X,1787488328.577841,21.215121957007796,174.794,6.517912513639264,-1.7561191832329663,-2.3129145405365366
2,N->X,1787488328.7220023,21.359281772049144,174.896,6.498617170884874,-1.777150882539513,-2.314445575758358
2,N->X,1787488328.8657162,21.502996077993885,174.998,6.479371014573658,-1.7981397844010862,-2.3092451300836054
2,N->X,1787488329.0119505,21.649230404000264,175.1,6.460188155919056,-1.8193161850443949,-2.306582474885556
2,N->X,1787488329.2975645,21.934844307019375,175.27,6.427988836893967,-1.8544224536239065,-2.3225096065346946
2,N->X,1787488329.440729,22.078008624026552,175.372,6.408394779767071,-1.8752053989663249,-2.3329397057510737
2,N->X,1787488329.7214694,22.358749278995674,175.542,6.375153652978742,-1.909318313254746,-2.353908049359245
2,N->X,1787488330.0084682,22.6457482050173,175.746,6.3341595267846795,-1.949211269537126,-2.389687344568246
2,N->X,1787488330.0922606,22.729540313011967,175.848,6.315520648255669,-1.9664027726460418,-2.4021170567997583
2,N->X,1787488330.4484217,23.08570115803741,176.086,6.2685782025860854,-2.009015491447744,-2.4184538757525296
2,N->X,1787488330.661336,23.298615770007018,176.222,6.246584623231492,-2.0279157381784643,-2.445943500925796
2,N->X,1787488330.6749825,23.31226224801503,176.29,6.235246631005284,-2.037285618724438,-2.4575651415472177
2,N->X,1787488330.8181674,23.455447314016055,176.392,6.219362712249966,-2.0500583070252834,-2.472018333397539
2,N->X,1787488330.962307,23.599586838041432,176.494,6.202981440788202,-2.0628568817013804,-2.4855726081514797
2,N->X,1787488331.3155265,23.95280589000322,176.698,6.169662040224846,-2.0878834651129883,-2.5105792212387423
2,N->X,1787488331.7357607,24.373040289036,176.936,6.130879691816086,-2.115369007617614,-2.5403993753371585
2,N->X,1787488331.889837,24.527116764045786,177.072,6.107870497677846,-2.130863473686839,-2.558366739628856
2,N->X,1787488332.0340815,24.67136122600641,177.174,6.0904115395584,-2.1422115058335396,-2.573308268884612
2,N->X,1787488332.1802876,24.81756692304043,177.276,6.073375776348423,-2.1529306336729235,-2.5885751710883502
2,N->X,1787488332.323119,24.96039856702555,177.378,6.055981932727478,-2.1635014319328247,-2.6032648372890117
2,N->X,1787488332.466779,25.10405828501098,177.48,6.037214837698585,-2.1745029309373307,-2.621230710711241
2,N->X,1787488332.6105947,25.24787447100971,177.582,6.018917180724484,-2.1847035576724965,-2.6474001830934957
2,N->X,1787488332.6857927,25.323073148028925,177.65,6.006623382345531,-2.191225169165571,-2.660919449085811
2,N->X,1787488332.839923,25.477202946029138,177.786,5.981798686283436,-2.2038631538183626,-2.6811641661898737
2,N->X,1787488332.9854026,25.622682760003954,177.888,5.95891563064852,-2.2149473515956153,-2.7035300537763676
2,N->X,1787488333.8187184,26.45599798799958,178.33,5.8516009370696365,-2.257942495270827,-2.8262917483788597
2,N->X,1787488333.8312535,26.46853330603335,178.398,5.834121042440006,-2.2635479494482467,-2.837896821169116
2,N->X,1787488333.8422294,26.47950902901357,178.466,5.815888293303759,-2.269156554854598,-2.8506436702053115
2,N->X,1787488333.8522556,26.48953534901375,178.534,5.797606295158349,-2.2745197283879146,-2.8633989096051504
2,N->X,1787488334.2048168,26.8420969240251,178.772,5.732905548612752,-2.291188474564267,-2.9245881425901805
2,N->X,1787488334.348084,26.98536350100767,178.874,5.704933615455941,-2.297030179608917,-2.9476371604908183
2,N->X,1787488334.4939556,27.131235727050807,178.976,5.676836824298201,-2.302341708223674,-2.9634385778222083
2,N->X,1787488334.638909,27.276189124037046,179.078,5.648685428188649,-2.3072088364887438,-2.978645786565429
2,N->X,1787488334.9221764,27.55945587804308,179.248,5.601550660740213,-2.3143207408668056,-3.005700813319357
2,N->X,1787488335.0761163,27.71339629299473,179.384,5.563688915378228,-2.319166498799894,-3.0274132463693233
2,N->X,1787488335.2198982,27.85717793001095,179.486,5.5352701844105985,-2.322213304207366,-3.0436619257923594
2,N->X,1787488335.3642526,28.001532343041617,179.588,5.50680926208466,-2.324837888855527,-3.0571804377384577
2,N->X,1787488335.7827556,28.420035285002086,179.826,5.440298930119271,-2.329543534992532,-3.0862360443966352
2,N->X,1787488335.7961335,28.433413410035428,179.894,5.421268222719196,-2.330537596323663,-3.0943621681571565
2,N->X,1787488335.938664,28.575943664996885,179.996,5.3927067881057855,-2.3317404838458415,-3.1064809870235974
2,N->X,1787488336.0843534,28.721633102046326,180.098,5.364130143467198,-2.3325976719592876,-3.118485771819826
2,N->X,1787488336.5699914,29.207271027029492,180.37,5.287919127059695,-2.333374106709889,3.1395733743869987
2,N->X,1787488337.127534,29.764813487010542,180.676,5.202248996557886,-2.332669679401095,3.130950880463418
2,N->X,1787488337.1434445,29.78072412504116,180.744,5.183217141245299,-2.332480098196295,3.132975563280858
2,N->X,1787488337.223115,29.860394957999233,180.846,5.154672193562559,-2.3322968249878144,3.1390680606728187
2,N->X,1787488337.3738065,30.011086367012467,180.982,5.116616235251261,-2.332419850796992,-3.1295792078117333
2,N->X,1787488337.517432,30.15471225202782,181.084,5.088101509131017,-2.332941106354017,-3.113848431198115
2,N->X,1787488337.662315,30.299594608019106,181.186,5.059618596028335,-2.3339591655750365,-3.0940716333910316
2,N->X,1787488338.0133543,30.650633686047513,181.39,5.002769896909469,-2.3379263498458345,-3.0434107642186747
2,N->X,1787488338.1577616,30.79504141601501,181.492,4.974449759212674,-2.3410750413284283,-3.0131504605682307
2,N->X,1787488338.714924,31.352203501039185,181.798,4.889841604347779,-2.3551472118442898,-2.959863406113309
2,N->X,1787488338.7282953,31.36557469901163,181.866,4.871196809759734,-2.358686781389624,-2.942426929705495
2,N->X,1787488338.7402203,31.377499912050553,181.934,4.852628485590515,-2.3626024662842324,-2.919395085569408
2,N->X,1787488339.0994647,31.736744142021053,182.172,4.788324632112437,-2.3798307817480517,-2.8405988606561414
2,N->X,1787488339.2436466,31.880926414043643,182.274,4.761135636316534,-2.388586777632477,-2.817311856211004
2,N->X,1787488339.387866,32.02514570701169,182.376,4.734128919927502,-2.3979041609778293,-2.7980002363637384
2,N->X,1787488339.669377,32.30665649502771,182.546,4.689377300411094,-2.414497811779916,-2.777068147363129
2,N->X,1787488339.819932,32.45721154502826,182.682,4.653835474675357,-2.428075273199324,-2.7723851234065227
2,N->X,1787488339.895567,32.53284740803065,182.75,4.6360937440731025,-2.4349904988800946,-2.765851209117162
2,N->X,1787488340.2551851,32.892464870004915,182.988,4.583337260777836,-2.4553938785268454,-2.7974385415614638
2,N->X,1787488340.6038268,33.24110612203367,183.192,4.537970709707291,-2.47022663167784,-2.8620853764068213
2,N->X,1787488340.6176612,33.254941142047755,183.26,4.5220355977332725,-2.4746225453171364,-2.886013267719927
2,N->X,1787488340.769001,33.40628082799958,183.396,4.487760035101924,-2.4829720181935726,-2.9210868391393467
2,N->X,1787488340.9092865,33.54656545101898,183.498,4.460321750016389,-2.4887660345126172,-2.9488630748826536
2,N->X,1787488341.0540493,33.69132950500352,183.6,4.432209947620203,-2.4939158776707187,-2.9740836351383604
2,N->X,1787488341.4727843,34.110064052045345,183.838,4.36612661502942,-2.5032956212623168,-3.028456688447796
2,N->X,1787488341.8302681,34.46754757000599,184.076,4.299682400553347,-2.5094402151105544,-3.0722997847942275
2,N->X,1787488341.9051418,34.542421589023434,184.144,4.280662841821003,-2.5106711001531394,-3.084173831829672
2,N->X,1787488342.0575006,34.69478020002134,184.28,4.242606854702626,-2.512491963480987,-3.104981629894621
2,N->X,1787488342.2007768,34.8380565510015,184.382,4.214039746927584,-2.513375175144058,-3.1180796904993353
2,N->X,1787488342.3436859,34.98096571001224,184.484,4.185462424068438,-2.513906463122509,-3.1293997124835777
2,N->X,1787488342.6241844,35.2614636500366,184.654,4.137824385564558,-2.514137035474521,3.138099403540076
2,N->X,1787488342.7774348,35.414714737038594,184.79,4.099704279350711,-2.5138165880265295,3.1270684874324695
2,N->X,1787488343.471854,36.10913372802315,185.164,3.9950011759322877,-2.5110439419402204,3.106435253947384
2,N->X,1787488343.4854586,36.12273873301456,185.232,3.975974782618791,-2.5103740260988,3.106570027269708
2,N->X,1787488343.4978626,36.13514219800709,185.3,3.956889782958479,-2.5097050569506965,3.104507149157171
2,N->X,1787488343.9836302,36.620909701043274,185.572,3.8807720353540898,-2.506242657900792,3.110739021304897
2,N->X,1787488344.2000906,36.83737084304448,185.708,3.8427741268310327,-2.5055146615875614,3.138390962204569
2,N->X,1787488344.213641,36.85092033504043,185.776,3.8237768694258247,-2.5055671619844264,-3.128648794703664
2,N->X,1787488344.2881765,36.92545612802496,185.844,3.8047812268293013,-2.5059378323558956,-3.1109766803576013
2,N->X,1787488344.4414718,37.07875232800143,185.98,3.7668342856738044,-2.5077501534266795,-3.0710818890959315
2,N->X,1787488344.5855668,37.22284647001652,186.082,3.7384886536200272,-2.5101477075842507,-3.037483083387856
2,N->X,1787488344.9354556,37.57273501402233,186.286,3.682208069144266,-2.5179629866706854,-2.9631784630195557
2,N->X,1787488345.2185316,37.85581119300332,186.456,3.63567788421069,-2.5276224834083463,-2.9076750116628447
2,N->X,1787488345.2985287,37.93580835603643,186.558,3.6080212582184807,-2.5346100733607155,-2.8773682826227227
2,N->X,1787488345.450929,38.08820864401059,186.694,3.571378302173208,-2.5451100027406564,-2.844186808346709
2,N->X,1787488345.594151,38.23143058200367,186.796,3.544117622418973,-2.5537451140579757,-2.8227981966579523
2,N->X,1787488345.8717535,38.509033152018674,186.966,3.499046337380399,-2.5689296189089323,-2.8066098098008214
2,N->X,1787488346.7827652,39.42004481202457,187.476,3.3693840679439897,-2.6111496652622,-2.892840960044177
2,N->X,1787488346.7953568,39.432636053010356,187.544,3.351015221281673,-2.615691285497499,-2.908175970468846
2,N->X,1787488346.807124,39.44440316100372,187.612,3.3324568790585745,-2.619979497446928,-2.9229612407407317
2,N->X,1787488346.8175364,39.454815563047305,187.68,3.3139418278741486,-2.6239599065397083,-2.940609458786512
2,N->X,1787488347.6454742,40.28275423304876,188.122,3.1919309376278506,-2.6444772079884165,-2.9860082214128623
2,N->X,1787488347.6588986,40.29617802903522,188.19,3.173137783446664,-2.647439520357637,-2.983466850887791
2,N->X,1787488347.6710098,40.30828905204544,188.258,3.154352681605814,-2.6504627625424124,-2.9791314410849976
2,N->X,1787488347.8188024,40.456082351040095,188.394,3.1167783037739247,-2.6567895800333674,-2.9732237117410043
2,N->X,1787488347.9637518,40.60103154403623,188.496,3.088626817209915,-2.661527511322175,-2.974234568607371
2,N->X,1787488348.7251525,41.36243229400134,188.904,2.9768593325635337,-2.684153904735053,-2.898676729803348
2,N->X,1787488348.7370722,41.37435138103319,188.972,2.9583786790983817,-2.688836887780141,-2.8853824273980715
2,N->X,1787488349.080197,41.71747690200573,189.176,2.9034247125944987,-2.70438818737728,-2.849366150583763
2,N->X,1787488349.2265575,41.86383706901688,189.278,2.8762101015706345,-2.7128119445062753,-2.828224801801794
2,N->X,1787488349.2394388,41.876718530023936,189.346,2.858162882563119,-2.7188096089585976,-2.8092913767423076
2,N->X,1787488349.6635377,42.30081720399903,189.618,2.7870609691497914,-2.746067331532244,-2.739769374478598
2,N->X,1787488349.6759648,42.31324414303526,189.686,2.769567635797498,-2.75358295394286,-2.730547010692293
2,N->X,1787488349.8210738,42.458353138004895,189.788,2.7435109200612975,-2.765148084558109,-2.7129729814597647
2,N->X,1787488350.592184,43.229463966039475,190.196,2.6420963936453314,-2.817578626610492,-2.6158382182007087
2,N->X,1787488350.605186,43.242465698043816,190.264,2.6256116881232456,-2.8272542243553156,-2.605280989749818
2,N->X,1787488350.8223424,43.45962189300917,190.434,2.584964628791325,-2.8518976335916557,-2.5819926479336455
2,N->X,1787488351.1888716,43.82615115103545,190.672,2.529501525409649,-2.888618317882835,-2.529354288406288
2,N->X,1787488351.336304,43.97358392801834,190.774,2.506316448322086,-2.9052388924287995,-2.508024244532559
2,N->X,1787488351.8992143,44.53649382601725,191.08,2.4386051813164458,-2.957710694177149,-2.4588098518476817
2,N->X,1787488351.9118464,44.54912683001021,191.148,2.423879136675905,-2.9697728503265726,-2.4509063259337274
2,N->X,1787488352.198179,44.8354589890223,191.352,2.3802337670568594,-3.00654333328926,-2.432392286255959
2,N->X,1787488352.3501644,44.9874446450267,191.488,2.3514605212990958,-3.0314556024024646,-2.423377523983709
2,N->X,1787488352.637999,45.275279093999416,191.658,2.315745399125472,-3.062942288938499,-2.4146972643169757
2,N->X,1787488352.7883768,45.425656381004956,191.794,2.2873413735861585,-3.08833748287581,-2.40935992201264
2,N->X,1787488352.9343615,45.571641360002104,191.896,2.266129830630522,-3.1074670786791336,-2.4060746776172532
2,N->X,1787488353.0817456,45.71902537002461,191.998,2.244990944517372,-3.126649216349115,-2.403257331693394
2,N->X,1787488353.5737052,46.21098507201532,192.27,2.1888491830917807,-3.178063270958177,-2.397261742299564
2,N->X,1787488353.7164278,46.35370783205144,192.372,2.1678524742666276,-3.197439871039302,-2.395409604984592
2,N->X,1787488353.8617783,46.49905813904479,192.474,2.146884342876026,-3.2168584684677026,-2.393758224093637
2,N->X,1787488354.076023,46.71330296702217,192.61,2.118979272299473,-3.2427951299622797,-2.391813104885146
2,N->X,1787488354.0892103,46.72649047104642,192.678,2.105052412139935,-3.255775039311855,-2.390925181899514
2,N->X,1787488354.375891,47.01317074504914,192.848,2.0702953848377086,-3.2882634015957986,-2.388888099027977
2,N->X,1787488354.668372,47.305652147042565,193.052,2.0286689909722875,-3.3274104943583627,-2.38531486670767
2,N->X,1787488354.7493834,47.386663320008665,193.154,2.007908761513278,-3.347059350384559,-2.382161213587551
2,N->X,1787488354.9029777,47.540257809043396,193.29,1.9803074589188263,-3.373333429094534,-2.379361726040204
2,N->X,1787488355.393125,48.03040474501904,193.562,1.9254510462139622,-3.4261477644187512,-2.3704880694206043
2,N->X,1787488355.544024,48.1813035189989,193.698,1.8981835386215282,-3.452711897191192,-2.367590355844878
2,N->X,1787488355.6879034,48.3251833950053,193.8,1.8778003154045675,-3.472741852233361,-2.3630498091720757
2,N->X,1787488356.245967,48.883247031015344,194.106,1.8173778426116507,-3.533482100556974,-2.341254929434855
2,N->X,1787488356.2608168,48.89809650403913,194.174,1.8041065436753159,-3.5471523681486135,-2.3424148856408764
2,N->X,1787488356.4041646,49.041444212023634,194.276,1.7842093255594615,-3.5675767589117484,-2.3440515392220798
2,N->X,1787488356.549671,49.18695117300376,194.378,1.7642770829531391,-3.5879949204401997,-2.34459912786234
2,N->X,1787488356.6950347,49.332314476021565,194.48,1.744312962639087,-3.608443842527706,-2.345151121375541
2,N->X,1787488356.8383343,49.47561416204553,194.582,1.7243770173891906,-3.628865573408518,-2.3436153415312893
2,N->X,1787488356.9844732,49.62175318103982,194.684,1.7044811138046383,-3.649287750668274,-2.3400715446386675
2,N->X,1787488357.8911984,50.52847814402776,195.16,1.612489308296104,-3.7456921780846457,-2.3367985128781195
2,N->X,1787488357.9046597,50.54193908604793,195.228,1.599298457306372,-3.7593812776024182,-2.3385928993593574
2,N->X,1787488357.9163034,50.55358312401222,195.296,1.586067504573171,-3.773096181022137,-2.3386211866782705
2,N->X,1787488358.4736402,51.11092017503688,195.602,1.5269416244372116,-3.8351116659284403,-2.3294798626593805
2,N->X,1787488358.485908,51.123187560006045,195.67,1.5137866217140223,-3.848910162957571,-2.3371052415779037
2,N->X,1787488358.7688081,51.406088133051526,195.84,1.4805401114790577,-3.882927618861282,-2.352259168527913
2,N->X,1787488359.1254785,51.76275848603109,196.078,1.4332885281404852,-3.929889983399943,-2.3641553774044524
2,N->X,1787488359.2021968,51.83947650605114,196.146,1.4197150778729217,-3.9432634019405186,-2.3631973905437405
2,N->X,1787488359.2841115,51.92139129101997,196.248,1.399423350288003,-3.9632974289534157,-2.359807986386026
2,N->X,1787488359.4347324,52.07201201602584,196.384,1.3733474091704452,-3.9893701310360794,-2.348209876379212
2,N->X,1787488359.5823393,52.21961893502157,196.486,1.3545623086631158,-4.008875971053279,-2.3240761153409504
2,N->X,1787488359.8644395,52.50171899900306,196.656,1.329415002540599,-4.036449984837829,-2.2999172433106723
2,N->X,1787488360.0157566,52.65303727600258,196.792,1.3105040409526272,-4.057809740469,-2.29050082540599
2,N->X,1787488360.16223,52.799509787000716,196.894,1.2965251391035904,-4.073914227644959,-2.2795208426416878
2,N->X,1787488360.3080945,52.945374563045334,196.996,1.2827131583264777,-4.09021143608484,-2.26728670888419
2,N->X,1787488360.4528396,53.09011923603248,197.098,1.2691242426321063,-4.106671657343114,-2.2533427571352345
2,N->X,1787488360.601311,53.23859125102172,197.2,1.255844356181509,-4.123408824090389,-2.226362437034718
2,N->X,1787488360.9522262,53.58950660604751,197.404,1.2303078462910206,-4.1577364060036,-2.1981546625248187
2,N->X,1787488360.965711,53.60299056302756,197.472,1.2220090468747262,-4.1692758466952275,-2.189184648706998
2,N->X,1787488361.8746119,54.5118928400334,197.948,1.166698445476162,-4.255421138645294,-2.1003624827812213
2,N->X,1787488361.8880076,54.52528694900684,198.016,1.1598568273589864,-4.267233157095599,-2.0902282534642236
2,N->X,1787488361.8987386,54.53601800004253,198.084,1.153195094664395,-4.279021181784685,-2.077011979902907
2,N->X,1787488361.971287,54.60856671404326,198.152,1.146323269272433,-4.29164817840711,-2.0589894432990983
2,N->X,1787488362.121218,54.75849802303128,198.288,1.1300930886833265,-4.323387163839772,-2.0277729918614233
2,N->X,1787488362.2649953,54.90227529202821,198.39,1.11856342744038,-4.3474545543557115,-2.0043540127193813
2,N->X,1787488362.6200137,55.25729338399833,198.594,1.09716283498748,-4.3979861743244,-1.940934670685936
2,N->X,1787488362.764378,55.40165773004992,198.696,1.087105522039402,-4.424595743842649,-1.9214549455119174
2,N->X,1787488362.9073627,55.54464210802689,198.798,1.0775879915179543,-4.451406021420357,-1.8987901648245116
2,N->X,1787488363.741765,56.379045371024404,199.24,1.0450919684367685,-4.570327029105097,-1.7842630913896602
2,N->X,1787488363.7559302,56.39320983202197,199.308,1.0412233829961735,-4.588932130301749,-1.762852517123375
2,N->X,1787488363.767312,56.40459143102635,199.376,1.037708345819644,-4.60765952670241,-1.7478530366776397
2,N->X,1787488364.0465841,56.683863807003945,199.546,1.029940394808434,-4.654513542768414,-1.7194458248979756
2,N->X,1787488364.2000287,56.83730816299794,199.682,1.0247261469685496,-4.692160793112912,-1.695136107522865
2,N->X,1787488364.3454423,56.98272225703113,199.784,1.021565800416914,-4.720482984077445,-1.663991817687351
2,N->X,1787488364.4887977,57.12607724999543,199.886,1.0197341524800003,-4.7424147944549375,-1.639613144206627
2,N->X,1787488364.6318524,57.26913145399885,199.988,1.0186694694578702,-4.760722097322228,-1.6137563658083933
2,N->X,1787488364.978082,57.61536178103415,200.192,1.0179863512968128,-4.79819067420661,-1.559024427202295
2,N->X,1787488365.1220512,57.75933096103836,200.294,1.0184677704761813,-4.817764788277571,-1.5282206106314307
2,N->X,1787488365.2662973,57.90357771300478,200.396,1.0195911976234362,-4.837703575397377,-1.4941517791957424
2,N->X,1787488365.4100022,58.04728185600834,200.498,1.0216015620055652,-4.859427732101008,-1.4578667287173792
2,N->X,1787488365.5553246,58.19260406901594,200.6,1.0245576901983415,-4.8822744297677625,-1.420902974302645
2,N->X,1787488365.6310754,58.26835523999762,200.668,1.027207713274124,-4.898844538222565,-1.3979996084546382
2,N->X,1787488365.9819412,58.61922086699633,200.872,1.0386614959973957,-4.953941264282565,-1.327025138285314
2,N->X,1787488366.2653987,58.90267825504998,201.042,1.0511864400580087,-4.999647693061847,-1.2773582758422664
2,N->X,1787488366.4159222,59.053201729024295,201.178,1.0625352240296315,-5.035917871878443,-1.2528804988101896
2,N->X,1787488367.3203099,59.957589364028536,201.654,1.1103819377969535,-5.160323902903918,-1.1673899318284835
2,N->X,1787488367.331864,59.969143373018596,201.722,1.117942515447095,-5.177839641599314,-1.1564677124680198
2,N->X,1787488367.3420525,59.97933165100403,201.79,1.1256855151022733,-5.195315214482783,-1.1490180308776232
2,N->X,1787488367.902592,60.53987149900058,202.096,1.1604481652607177,-5.273792554859715,-1.1515843082114483
2,N->X,1787488367.9174497,60.554729324008804,202.164,1.1682345302499377,-5.291230095353992,-1.1492036713910123
2,N->X,1787488368.069667,60.706947086029686,202.3,1.1837503639919809,-5.326123117750813,-1.161383686595229
2,N->X,1787488368.1475506,60.78482993401121,202.368,1.191244690295878,-5.343622840313108,-1.1707771220313288
2,N->X,1787488369.047027,61.684306619048584,202.844,1.2425070612301155,-5.466883847407422,-1.1923271629752912
2,N->X,1787488369.0599012,61.697180655028205,202.912,1.2495469649172681,-5.484607777195911,-1.19202569140169
2,N->X,1787488369.0718756,61.7091549350298,202.98,1.2565948096952944,-5.502357037297771,-1.1932402567410563
2,N->X,1787488369.2138028,61.85108219500398,203.082,1.2670715965510093,-5.529051499805605,-1.2039669859689333
2,N->X,1787488369.356903,61.99418256001081,203.184,1.2770596748379321,-5.555835651122875,-1.2239235837679698
2,N->X,1787488369.5004919,62.13777155504795,203.286,1.2866619927840663,-5.58272068973899,-1.2301626383513786
2,N->X,1787488369.6451948,62.28247430099873,203.388,1.2961721331011868,-5.609776304718224,-1.2354979610677355
2,N->X,1787488370.3452415,62.982521414000075,203.762,1.3284372985841795,-5.709532990982175,-1.267140965811988
2,N->X,1787488370.426124,63.06340776203433,203.864,1.3369725952400129,-5.736887873635962,-1.271131128848029
2,N->X,1787488370.8553646,63.49264409200987,204.136,1.354973338191571,-5.79501932605515,-1.2573455300678513
2,N->X,1787488371.006879,63.64415837300476,204.272,1.3605028016898604,-5.811170927355327,-1.2119620978052201
2,N->X,1787488371.1508362,63.78811573103303,204.374,1.3646597377897043,-5.821698862328388,-1.1750491557140714
2,N->X,1787488371.2975025,63.93478247302119,204.476,1.3687927356535983,-5.83117465335354,-1.140366582005546
2,N->X,1787488371.4420328,64.07931291003479,204.578,1.3733750053701996,-5.840817014009591,-1.1101467145271904
2,N->X,1787488371.5858135,64.22309342800872,204.68,1.3782224703681727,-5.850396507736897,-1.0930514346949693
2,N->X,1787488372.4944355,65.13171541102929,205.156,1.4058309397565474,-5.895501748765721,-0.9689267805040785
2,N->X,1787488372.5148828,65.15216188103659,205.258,1.4125259891344026,-5.904987433026476,-0.936937362171806
2,N->X,1787488372.594308,65.23158789100125,205.36,1.4196626595407629,-5.914393107108882,-0.903416807559774
2,N->X,1787488372.9562933,65.59357326000463,205.598,1.438043390978254,-5.936311208020113,-0.8489390891762935
2,N->X,1787488373.0999515,65.73723140003858,205.7,1.4463730712088696,-5.945599704768988,-0.8247941104538968
2,N->X,1787488373.3797078,66.01698749803472,205.87,1.461028942836665,-5.960736819228439,-0.7754983129032621
2,N->X,1787488373.5265067,66.16378646204248,205.972,1.4704196882098808,-5.969717154743633,-0.7458352340237865
2,N->X,1787488373.6717346,66.30901496403385,206.074,1.4802228970104936,-5.9785938924867486,-0.7251784537362309
2,N->X,1787488373.8184776,66.45575701200869,206.176,1.4903387042503147,-5.987418262285839,-0.7058804690571739
2,N->X,1787488373.9635694,66.6008493770496,206.278,1.5006871182570842,-5.996058910139414,-0.6824109286691353
2,N->X,1787488374.0409658,66.67824604001362,206.346,1.5085155723064194,-6.002332198426613,-0.666953024076661
2,N->X,1787488374.1951716,66.83245260099648,206.482,1.5270475351952169,-6.016503405287181,-0.6333144418950158
2,N->X,1787488374.3410518,66.97833151201485,206.584,1.539620154404024,-6.025360091355805,-0.6063116236058781
2,N->X,1787488374.4852245,67.12250444403617,206.686,1.555909474747009,-6.03641082127701,-0.5812820502872712
2,N->X,1787488374.8370626,67.47434264200274,206.89,1.5906301043102984,-6.058046197558036,-0.5300385510760193
2,N->X,1787488375.1896913,67.82697162800469,207.094,1.6290024577296573,-6.079183483375563,-0.4706282687880003
2,N->X,1787488375.2046566,67.84193633199902,207.162,1.6433773428984233,-6.08634556212783,-0.4506324534999137
2,N->X,1787488375.3547955,67.99207498901524,207.298,1.674767470689052,-6.100908658626116,-0.4151884873389238
2,N->X,1787488375.4992876,68.13656705402536,207.4,1.7004452506882544,-6.11188381759415,-0.38892425211996795
2,N->X,1787488375.5765824,68.21386277099373,207.468,1.7180679518125757,-6.118983933581065,-0.37329727556466125
2,N->X,1787488375.7235286,68.36080879304791,207.57,1.7447557435008847,-6.12903283547174,-0.3428685040235987
2,N->X,1787488376.1468017,68.78408114303602,207.808,1.8079064860533207,-6.150261488126146,-0.3091994322084223
2,N->X,1787488376.160884,68.79816338903038,207.876,1.8260769851186895,-6.155999759726279,-0.3018761450939245
2,N->X,1787488376.305513,68.9427925820346,207.978,1.8533445534903914,-6.1643183242212105,-0.2896305575874299
2,N->X,1787488376.3820426,69.0193221400259,208.046,1.8715462381992753,-6.169699456151109,-0.2832572091229216
2,N->X,1787488376.5324032,69.16968295205152,208.182,1.9082141689790069,-6.1798698643249095,-0.2569109996220107
2,N->X,1787488376.887685,69.52496559399879,208.386,1.9635123242481758,-6.194414675442359,-0.2656028627062609
2,N->X,1787488377.2418969,69.87917656602804,208.59,2.0185574436580356,-6.209654514655452,-0.27469279359746035
2,N->X,1787488377.2557678,69.89304728002753,208.658,2.0368984412813407,-6.214824308281735,-0.2761554405471592
2,N->X,1787488377.404437,70.04171674500685,208.794,2.0734608789007622,-6.225143820145334,-0.27345162752081154
2,N->X,1787488377.5489411,70.18622066499665,208.896,2.1009860327326457,-6.232680417170537,-0.2588210624537725
2,N->X,1787488377.6942408,70.33152066200273,208.998,2.1286545707954567,-6.239915996672323,-0.2544536545291676
2,N->X,1787488378.3225446,70.95982466300484,209.338,2.2208264636021178,-6.263314756278152,-0.23613237250131028
2,N->X,1787488378.4754944,71.1127740360098,209.474,2.2579302883937413,-6.271871797834147,-0.21826425320615844
2,N->X,1787488378.5509183,71.18819776101736,209.542,2.276535934150717,-6.275974877876762,-0.215936469702647
2,N->X,1787488378.6331198,71.27039960602997,209.644,2.304443741816104,-6.282031199211744,-0.21113327977283886
2,N->X,1787488378.9951143,71.63239378802245,209.882,2.3696759159524867,-6.295462273859508,-0.19287698308461773
2,N->X,1787488379.278783,71.91606264200527,210.052,2.4164112748303643,-6.304128343577792,-0.1662644109289634
2,N->X,1787488379.4287696,72.06604919099482,210.188,2.4540224855031756,-6.310153842920145,-0.15260102078508436
2,N->X,1787488379.7097657,72.34704525803681,210.358,2.501084360555524,-6.317205468102313,-0.14381674219698756
2,N->X,1787488379.7922788,72.42955833399901,210.46,2.5293372396382927,-6.32122363588812,-0.13701839851016606
2,N->X,1787488379.9464254,72.5837051050039,210.596,2.5670907627673207,-6.3262836614090565,-0.12912568597443674
2,N->X,1787488380.089504,72.72678390704095,210.698,2.5953989922568557,-6.329842250077821,-0.11949316599408742
2,N->X,1787488380.5777154,73.21499498101184,210.97,2.6710864415876148,-6.338295298613207,-0.10292423518038928
2,N->X,1787488380.7251132,73.36239303002367,211.072,2.699495987224686,-6.341157115325587,-0.09691796070617377
2,N->X,1787488380.8686333,73.50591341702966,211.174,2.7279214033317443,-6.343843421559566,-0.09059804411647497
2,N->X,1787488380.947451,73.58473126305034,211.242,2.7468840488125688,-6.345533543570214,-0.08622525773097446
2,N->X,1787488381.0997624,73.73704214999452,211.378,2.784833715530489,-6.348661332216308,-0.07710222446410046
2,N->X,1787488381.2438998,73.88117979903473,211.48,2.813307250248034,-6.350775635194352,-0.07002205944714102
2,N->X,1787488381.5269787,74.16425828001229,211.65,2.855529683900487,-6.353461341229404,-0.049969896136503766
2,N->X,1787488381.6780336,74.31531355704647,211.786,2.884874938020892,-6.354720331463572,-0.03589554685134166
2,N->X,1787488381.7536361,74.39091626199661,211.854,2.89954659341478,-6.355222394631046,-0.031583889393041235
2,N->X,1787488381.9030402,74.54032031504903,211.99,2.9288896998948246,-6.356054047346799,-0.02438839096418557
2,N->X,1787488382.3248792,74.9621588140144,212.228,2.9802729777269312,-6.357030858127276,-0.012862636545130715
2,N->X,1787488382.335607,74.97288621403277,212.296,2.9949529033756983,-6.357201758282923,-0.00959711767998036
2,N->X,1787488382.4772925,75.11457206204068,212.398,3.0169675774180353,-6.357368343060281,-0.004713751121840149
2,N->X,1787488382.6229622,75.26024170202436,212.5,3.038983370578615,-6.357427537246957,0.0001557690924925339
2,N->X,1787488383.1807356,75.81801497901324,212.806,3.1050522337236313,-6.356977052197021,0.014176912202638168
2,N->X,1787488383.1942105,75.8314899399993,212.874,3.1197276140648817,-6.35675240762451,0.017221017602128755
2,N->X,1787488383.5434895,76.18076900200685,213.078,3.1637563242117017,-6.355813934937253,0.02616743514974372
2,N->X,1787488383.688617,76.32589745300356,213.18,3.1857723046227435,-6.3551985733268666,0.03042573253023854
2,N->X,1787488383.832705,76.46998458704911,213.282,3.2077801199108054,-6.354491380840605,0.03448683183108159
2,N->X,1787488383.8466482,76.48392781504663,213.35,3.2224472505773836,-6.3539712838858025,0.03712668169961533
2,N->X,1787488384.1356587,76.77293838199694,213.554,3.2664517052340534,-6.352186575042235,0.044509269993163576
2,N->X,1787488384.2864408,76.92372045700904,213.69,3.295789310294289,-6.35082169021251,0.04903803306796553
2,N->X,1787488384.4310484,77.06832801405108,213.792,3.317783121896346,-6.349713493722649,0.052214410399233066
2,N->X,1787488384.9858727,77.62315260601463,214.098,3.395510146179613,-6.34520579551165,0.06378297610688392
2,N->X,1787488384.9995725,77.63685213803547,214.166,3.414509415893991,-6.343981636110387,0.06526234509104975
2,N->X,1787488385.2898855,77.92716520203976,214.37,3.4714997113545727,-6.340182779932715,0.06784768967947019
2,N->X,1787488385.4340575,78.07133730803616,214.472,3.4999996527423662,-6.338240049612843,0.06841436196789227
2,N->X,1787488385.9246464,78.56192610500148,214.744,3.5759847663773474,-6.333027041215441,0.06827095677258274
2,N->X,1787488385.9371936,78.57447302702349,214.812,3.5949841592144893,-6.331732238468499,0.06780833980635109
2,N->X,1787488385.9486759,78.58595503901597,214.88,3.6139831414414707,-6.33044721657766,0.067146429344012
2,N->X,1787488386.093931,78.73121070105117,214.982,3.6424797948993075,-6.328547339836594,0.06581474093702984
2,N->X,1787488386.2375379,78.87481735803885,215.084,3.6709827229670156,-6.3266906300364685,0.06415589727599379
2,N->X,1787488386.382236,79.0195154590183,215.186,3.699496312055824,-6.324883759514517,0.06218974947942797
2,N->X,1787488387.0812736,79.71855325601064,215.56,3.8040678120094187,-6.318818008199303,0.05289334639584733
2,N->X,1787488387.0965273,79.73380712704966,215.628,3.8230870144928417,-6.317826075277024,0.05086260854422784
2,N->X,1787488387.1089885,79.7462676440482,215.696,3.842105531694912,-6.316873969393624,0.048724625027446865
2,N->X,1787488387.4596543,80.09693403402343,215.9,3.8991848998756855,-6.314272184541798,0.04185518631580381
2,N->X,1787488387.4733245,80.11060406302568,215.968,3.918218646340722,-6.313492873390661,0.03943738365664478
2,N->X,1787488387.6190197,80.25629954703618,216.07,3.9467665144071793,-6.312411661067714,0.03572753856490868
2,N->X,1787488388.0402153,80.67749473900767,216.308,4.013398179516498,-6.310305978722594,0.026884374012349537
2,N->X,1787488388.0641448,80.70142459799536,216.376,4.032438646473301,-6.30981297018399,0.024293684155855408
2,N->X,1787488388.2807899,80.91806968703168,216.512,4.070516905611263,-6.308976140883039,0.019091952783883127
2,N->X,1787488388.295187,80.93246638803976,216.58,4.089561641285213,-6.308631853525921,0.01649759748297749
2,N->X,1787488388.4390383,81.07631798100192,216.682,4.1181345996966945,-6.308207022552139,0.012646133307595881
2,N->X,1787488388.5844033,81.2216830010293,216.784,4.146702955710015,-6.307891346560868,0.008881536140334474
2,N->X,1787488389.2163694,81.85364917403786,217.124,4.241938283336831,-6.307594774796105,-0.003063856371875721
2,N->X,1787488389.229556,81.8668354190304,217.192,4.260981835501113,-6.307669694005153,-0.0053473711130842426
2,N->X,1787488389.3031213,81.94040091201896,217.26,4.280025668806681,-6.3077876483487145,-0.007577617593085785
2,N->X,1787488389.3850894,82.02236884000013,217.362,4.308597300552773,-6.308042971118209,-0.010785683310788134
2,N->X,1787488389.537565,82.1748444790137,217.498,4.346689998874302,-6.308521523078651,-0.014764509397690547
2,N->X,1787488389.6856432,82.32292317802785,217.6,4.375250873016843,-6.308976680187966,-0.01753913669235839
2,N->X,1787488389.969272,82.60655144200427,217.77,4.422860949741678,-6.309903178491999,-0.02167538933735919
2,N->X,1787488390.3934824,83.03076210001018,218.008,4.489497468806857,-6.311501733162248,-0.026513051778184926
2,N->X,1787488390.407796,83.04507537704194,218.076,4.508537161607944,-6.312015337379155,-0.0277318553445828
2,N->X,1787488390.4833438,83.12062343704747,218.144,4.527577705148388,-6.312551605842134,-0.028851976102384075
2,N->X,1787488390.636833,83.27411270700395,218.28,4.565648600024662,-6.313681975991079,-0.030683852376431082
2,N->X,1787488390.7812843,83.41856389801251,218.382,4.594197640961538,-6.3145710194425915,-0.031735992960613954
2,N->X,1787488391.3383253,83.97560503002023,218.688,4.679853422427727,-6.317380202374398,-0.033688772653258536
2,N->X,1787488391.4820943,84.11937422299525,218.79,4.708401248239828,-6.318345634219405,-0.03396368356687468
2,N->X,1787488391.4951842,84.13246381300269,218.858,4.72743621747245,-6.3189929041356905,-0.03405758796462362
2,N->X,1787488391.7834144,84.42069432401331,219.062,4.78452914650695,-6.320934087273686,-0.03376553618650261
2,N->X,1787488391.9340446,84.57132549001835,219.198,4.822593148244709,-6.322208663395915,-0.03307368081906343
2,N->X,1787488392.2881827,84.92546269705053,219.402,4.879691616371095,-6.324058735660764,-0.03146954306369495
2,N->X,1787488392.3025336,84.93981346400687,219.47,4.89872144582038,-6.324652720905188,-0.03082865309334237
2,N->X,1787488392.6510177,85.288297548017,219.674,4.955824253054427,-6.326357593579466,-0.028586136634378177
2,N->X,1787488392.7947752,85.43205521203345,219.776,4.984370659387754,-6.327157873961026,-0.02723733315954301
2,N->X,1787488393.4935362,86.13081586000044,220.15,5.089059654272655,-6.329728202367979,-0.021425680292423165
2,N->X,1787488393.5065448,86.14382410200778,220.218,5.108092554733129,-6.33012715888185,-0.02029674352626614
2,N->X,1787488393.51613,86.15340886701597,220.286,5.127129196231904,-6.330505106281612,-0.019154174492927986
2,N->X,1787488393.5225096,86.1597885430092,220.354,5.146168454488283,-6.330862087860399,-0.017997862504719624
2,N->X,1787488394.4326482,87.06992803601315,220.864,5.288946798551111,-6.332797520286201,-0.008728525882668986
2,N->X,1787488394.4477649,87.08504449302563,220.932,5.3079818919222195,-6.332955483403908,-0.0075172220763716465
2,N->X,1787488394.4596848,87.09696419199463,221.0,5.3270194477069985,-6.333090749470953,-0.0063224216367464385
2,N->X,1787488394.4701772,87.10745683102868,221.068,5.346060377511496,-6.333203343387471,-0.005148308578174907
2,N->X,1787488394.8199112,87.45719054003712,221.272,5.403176058425625,-6.33340451941501,-0.001670027097413133
2,N->X,1787488395.1029088,87.74018848501146,221.442,5.450782172481642,-6.333424128029101,0.0012300681000716781
2,N->X,1787488395.1837516,87.82103158801328,221.544,5.479348072383101,-6.3333692286560455,0.0029147875130150565
2,N->X,1787488395.3394532,87.97673272702377,221.68,5.517427937390698,-6.3332238072201985,0.004980190513975779
2,N->X,1787488395.7585566,88.39583633001894,221.918,5.58408186353707,-6.332791089548556,0.00818010978983642
2,N->X,1787488395.7727454,88.41002512699924,221.986,5.603121862223138,-6.332629832032269,0.009037854983211134
2,N->X,1787488395.9158099,88.5530896850396,222.088,5.631681543315331,-6.332356605252088,0.010267547176322474
2,N->X,1787488396.6829782,89.32025768101448,222.496,5.745931917309449,-6.330959711122669,0.014039071088832122
2,N->X,1787488396.6973345,89.33461393002653,222.564,5.764976407256493,-6.33068822330303,0.014473491318269948
2,N->X,1787488396.7080219,89.34530099201947,222.632,5.7840206595997605,-6.330410673259801,0.014857327097182172
2,N->X,1787488396.7178257,89.35510466899723,222.7,5.803061351733682,-6.330124387549957,0.015195437555244466
2,N->X,1787488396.9941366,89.63141661003465,222.87,5.850660894341351,-6.329387175687109,0.015900275107210968
2,N->X,1787488397.138308,89.77558765903814,222.972,5.879225572733964,-6.32892778735845,0.01620022444886743
2,N->X,1787488397.2820907,89.91937068599509,223.074,5.907785687507124,-6.328466348492564,0.01636779141904863
2,N->X,1787488397.5683477,90.20562726299977,223.244,5.955384455954168,-6.327685301408362,0.016378247897650924
2,N->X,1787488398.0608714,90.6981512340135,223.55,6.041068254343705,-6.326300875745983,0.015789946329969475
2,N->X,1787488398.1428304,90.78011013101786,223.652,6.069631302931623,-6.3258547088154184,0.015482182757729196
2,N->X,1787488398.294595,90.93187449703692,223.788,6.107712526159306,-6.325274089399369,0.014948401253532112
2,N->X,1787488398.7824857,91.41976549604442,224.06,6.183866720845962,-6.324178386523154,0.013448777879524074
2,N->X,1787488398.7970781,91.4343588820193,224.128,6.20290759832604,-6.323926700286756,0.013017184574016087
2,N->X,1787488398.811749,91.44902810902568,224.196,6.221945006743535,-6.323689100201182,0.012577112962915315
2,N->X,1787488399.4414392,92.07871957099997,224.536,6.317136478314158,-6.322572538085859,0.010229927545457962
2,N->X,1787488399.4554121,92.09269203001168,224.604,6.336174304799152,-6.322404036221668,0.00968827221185746
2,N->X,1787488399.4669864,92.10426581301726,224.672,6.355212468050515,-6.322206802468997,0.009124813387708451
2,N->X,1787488399.9535716,92.5908516960335,224.944,6.431381973511146,-6.321561125820797,0.006825493746984189
2,N->X,1787488400.381683,93.01896308903815,225.216,6.507558733955122,-6.321080377912353,0.004541448579143203
2,N->X,1787488400.3942807,93.03156026802026,225.284,6.526612437659303,-6.320704773589419,0.00394640304174417
2,N->X,1787488400.5386786,93.17595845501637,225.386,6.555189841919201,-6.320850276420612,0.0028905588990765525
2,N->X,1787488400.6852474,93.3225275920122,225.488,6.583762296782713,-6.320889521046202,0.0018158298994946046
2,N->X,1787488400.9022167,93.53949642600492,225.624,6.621863488250584,-6.320497452470136,0.0005143237016456527
2,N->X,1787488400.9165776,93.5538567880285,225.692,6.640906887437952,-6.320493040141349,-0.00015707842101603844
2,N->X,1787488400.9915333,93.62881269899663,225.76,6.659948295506714,-6.32087526240449,-0.0008419848560200486
2,N->X,1787488401.14071,93.77798988705035,225.896,6.696963254744707,-6.320555797156541,-0.002224064609876775
2,N->X,1787488401.284823,93.92210291000083,225.998,6.715662183146743,-6.320627466970266,-0.005510406499708136
2,N->X,1787488408.6638951,101.30117496999446,231.098,6.725652437087483,-6.32196580305208,-1.1918923531465617
2,N->X,1787488413.7465556,106.38383517804323,235.076,6.720757833651146,-6.3347832551004375,-2.021474938798672
2,N->X,1787488415.9565818,108.59386245900532,236.47,6.707612497092875,-6.357659287550532,-2.149759420668081
2,N->X,1787488416.176355,108.81363455002429,236.64,6.700075166753869,-6.368613951622313,-2.20191868343831
2,N->X,1787488416.463784,109.10106373304734,236.844,6.690163719758198,-6.381499983714464,-2.24819168888299
2,N->X,1787488416.616646,109.25392581505002,236.98,6.683078040094045,-6.390053591044644,-2.2838486840372543
2,N->X,1787488416.9087603,109.5460400209995,237.184,6.6717427743547875,-6.402431613172523,-2.3441332133073036
2,N->X,1787488417.1325474,109.76982680504443,237.388,6.659452755734852,-6.41439573695171,-2.399291508804552
2,N->X,1787488417.4836884,110.12096806900809,237.592,6.646109722171289,-6.425983110596315,-2.4551626829621864
2,N->X,1787488417.9725134,110.60979286703514,237.864,6.626874055814248,-6.440755424909164,-2.517584782655832
2,N->X,1787488418.0583096,110.6955895620049,238.0,6.61675128327837,-6.447848746650503,-2.54396485141474
2,N->X,1787488418.3407905,110.97807038301835,238.17,6.603708868662353,-6.456455529966414,-2.5733733012075
2,N->X,1787488418.562132,111.19941189105157,238.34,6.5906771673273425,-6.464584533629875,-2.593709389179717
2,N->X,1787488418.7149527,111.35223203402711,238.476,6.579734561424725,-6.4711029037630645,-2.6177814876520347
2,N->X,1787488419.0042672,111.6415476280381,238.68,6.562838250640148,-6.480458297303401,-2.6551819180137146
2,N->X,1787488419.284902,111.9221815590281,238.85,6.548260393526256,-6.4878538830297225,-2.689095767389153
2,N->X,1787488419.4328032,112.07008224801393,238.986,6.536154146556878,-6.493458315728051,-2.728583719649324
2,N->X,1787488420.127305,112.76458434900269,239.36,6.502937578701162,-6.5067646877969745,-2.795336693276069
2,N->X,1787488420.1512952,112.78857463301392,239.496,6.490742307735371,-6.510984082723902,-2.8276660098869666
2,N->X,1787488420.43639,113.07366980600636,239.7,6.471738014699782,-6.516693451739854,-2.8691255044965804
2,N->X,1787488420.659362,113.29664140200475,239.87,6.4553920125448325,-6.521016186991962,-2.8997646606851823
2,N->X,1787488420.8037663,113.44104632700328,239.972,6.445249563202628,-6.523383657791189,-2.9281700798685586
2,N->X,1787488420.9476917,113.58497165003791,240.074,6.434834306602311,-6.525535189661563,-2.9489663444011995
2,N->X,1787488421.091771,113.72905063204234,240.176,6.4241947098464935,-6.527515530643439,-2.9677210450053852
2,N->X,1787488421.2363815,113.87366088904673,240.278,6.413406080000857,-6.5293229142167295,-2.986871798539959
2,N->X,1787488421.586473,114.22375247004675,240.482,6.391145792879985,-6.532402139375921,-3.026938121584638
2,N->X,1787488421.6714866,114.30876693502069,240.584,6.3794785626571,-6.5335984753402965,-3.0553900252338884
2,N->X,1787488421.8167398,114.4540195800364,240.686,6.367408676621266,-6.534524345995648,-3.077234619585355
2,N->X,1787488421.9633305,114.60061028803466,240.788,6.354884423331147,-6.535222703612593,-3.0974075008743793
2,N->X,1787488422.1085815,114.74586113204714,240.89,6.341322475155642,-6.5357035627007605,-3.1181321473473114
2,N->X,1787488422.1816168,114.81889658101136,240.958,6.329731075537809,-6.535902163350422,-3.135468410398713
2,N->X,1787488422.3331134,114.97039280703757,241.094,6.306194308114976,-6.535633920173942,3.1075829066083682
2,N->X,1787488422.9659207,115.6032005980378,241.434,6.247540579857993,-6.53080534754386,3.0051551769023974
2,N->X,1787488423.3257134,115.96299337304663,241.672,6.206948396161477,-6.523927020827313,2.940414863279235
2,N->X,1787488423.3392847,115.97656460804865,241.74,6.195419902922704,-6.521512090983211,2.9246419389485614
2,N->X,1787488423.9712691,116.60854892304633,242.114,6.132877157300452,-6.505437217423808,2.8625465609725884
2,N->X,1787488423.9830875,116.62036700703902,242.182,6.1215607187997945,-6.502156468732281,2.852604673897049
2,N->X,1787488423.9940343,116.63131349999458,242.25,6.110305153765379,-6.4987556325978035,2.8396228898168743
2,N->X,1787488424.4239242,117.06120390299475,242.522,6.062353099483473,-6.482610194903817,2.791679259236336
2,N->X,1787488424.43766,117.07493933400838,242.59,6.049954783867271,-6.478028283848743,2.7795787292183696
2,N->X,1787488424.5795279,117.21680735104019,242.692,6.031476154461822,-6.470898451767397,2.7635804811600857
2,N->X,1787488425.0656533,117.70293310104171,242.964,5.982682615391113,-6.4506813237014,2.7319487357370735
2,N->X,1787488425.2885625,117.9258418600075,243.134,5.951305731482755,-6.436471475961659,2.6983940250024876
2,N->X,1787488425.3691072,118.00638671702472,243.236,5.931475271294845,-6.426852459637306,2.6791080064341655
2,N->X,1787488425.5213075,118.15858690603636,243.372,5.905322982337243,-6.413436302824862,2.654151794179787
2,N->X,1787488425.8034132,118.44069310999475,243.542,5.873098030483008,-6.395838394572525,2.6325639770240383
2,N->X,1787488425.9534283,118.59070756402798,243.678,5.844547659441608,-6.379753813638495,2.6244296318286304
2,N->X,1787488426.101068,118.73834794701543,243.78,5.823751500676133,-6.368061089444754,2.6424239362048456
2,N->X,1787488426.3828735,119.02015322505031,243.95,5.789551883819051,-6.350366507892166,2.692416130542131
2,N->X,1787488426.669444,119.30672352202237,244.154,5.746159004953468,-6.3311448915395925,2.754801898026904
2,N->X,1787488426.9566083,119.59388783399481,244.358,5.698576754069322,-6.313141826187475,2.8075616870759417
2,N->X,1787488427.106922,119.74420269503025,244.494,5.665163383324849,-6.302240246218566,2.8521066480934376
2,N->X,1787488427.1820462,119.81932596903061,244.562,5.647374148989189,-6.297097139530427,2.872705822284733
2,N->X,1787488427.332712,119.96999152901117,244.698,5.610873692392296,-6.2876049935996265,2.9062229415864227
2,N->X,1787488427.8243778,120.4616578569985,244.97,5.536409430362452,-6.272006867270469,2.9662315059548057
2,N->X,1787488427.9673293,120.6046091610333,245.072,5.5082608365699866,-6.267265524836748,2.985330059840948
2,N->X,1787488428.1141663,120.75144597201142,245.174,5.480033085507536,-6.263000298755867,2.9994796485993636
2,N->X,1787488428.1896307,120.826911088021,245.242,5.46117607227412,-6.260354951144971,3.0060685059843095
2,N->X,1787488428.340113,120.97739284404088,245.378,5.42340796332195,-6.255353345417756,3.0133480607540886
2,N->X,1787488428.4853861,121.12266630202066,245.48,5.395054384566699,-6.251713956414161,3.013706342043962
2,N->X,1787488428.6324246,121.26970416499535,245.582,5.366699450692956,-6.248033072937071,3.0097997386522066
2,N->X,1787488428.7752895,121.41256929602241,245.684,5.3383658800847265,-6.2441900322644655,3.0018840748236784
2,N->X,1787488428.9232855,121.56056520499988,245.786,5.310070828249205,-6.2400833056752285,2.9901969184803217
2,N->X,1787488429.0677202,121.7049998860457,245.888,5.281827543505261,-6.235605803834648,2.9753210229646294
2,N->X,1787488429.2129195,121.85019934701268,245.99,5.253651078188612,-6.230668018874127,2.957427623097999
2,N->X,1787488429.2853847,121.92266418103827,246.058,5.234912620750505,-6.227085978363661,2.944042145458234
2,N->X,1787488429.6361327,122.27341205003904,246.296,5.16975341499945,-6.213281663428851,2.9328022589668152
2,N->X,1787488429.989308,122.62658820400247,246.5,5.114052586701855,-6.200290857457448,2.8822263762070284
2,N->X,1787488430.0656598,122.7029396140133,246.568,5.095698718745852,-6.195271088051315,2.861764951567732
2,N->X,1787488430.2127745,122.85005429299781,246.67,5.068341389810365,-6.187069983777258,2.834580509808447
2,N->X,1787488430.35298,122.9902596740285,246.772,5.04121145177414,-6.178141242345833,2.8093764855419012
2,N->X,1787488430.4282866,123.06556600704789,246.84,5.023302080354701,-6.171840350354525,2.793675154323027
2,N->X,1787488430.5788815,123.21616136503872,246.976,4.987704628875448,-6.15847474964049,2.7692413593605933
2,N->X,1787488431.000427,123.63770643499447,247.214,4.925918103146933,-6.133657595218804,2.7527005086052876
2,N->X,1787488431.0136812,123.6509605650208,247.282,4.908309500748637,-6.126383998573626,2.745323704473171
2,N->X,1787488431.1582334,123.79551297501894,247.384,4.882001776452926,-6.115279023986594,2.738568673058775
2,N->X,1787488431.3041291,123.94140876102028,247.486,4.855746183217293,-6.104063888829187,2.736028052722411
2,N->X,1787488431.4475124,124.08479224500479,247.588,4.829499961486133,-6.092803702722553,2.736197066110837
2,N->X,1787488432.1452048,124.78248446801445,247.962,4.732619488812108,-6.052924241526073,2.760991352086636
2,N->X,1787488432.1594973,124.79677665705094,248.03,4.717544989044802,-6.046940040863873,2.7688305049040873
2,N->X,1787488432.171213,124.80849212902831,248.098,4.703694410225197,-6.0416079533393185,2.7849603369823193
2,N->X,1787488432.2449894,124.8822689470253,248.166,4.689623971281588,-6.036475923201561,2.8028568123924265
2,N->X,1787488432.6704786,125.30775823100703,248.438,4.627384556381915,-6.017496975459035,2.887093258380762
2,N->X,1787488432.8182561,125.45553544402355,248.574,4.590934220876134,-6.008616506035509,2.9204671513886282
2,N->X,1787488433.2417154,125.87899530603318,248.812,4.525898824462227,-5.995904643143592,2.98155895266092
2,N->X,1787488433.256931,125.89421094104182,248.88,4.50710051100273,-5.99296322361845,2.9939056168176155
2,N->X,1787488433.3316357,125.96891571104061,248.948,4.488209812387963,-5.990235185729022,3.005436395510146
2,N->X,1787488433.4859614,126.12324153503869,249.084,4.4504450015663775,-5.985456865878047,3.0274084915592754
2,N->X,1787488433.6315408,126.26882030704292,249.186,4.422059746881481,-5.982355147686457,3.0396360449172866
2,N->X,1787488433.9846842,126.62196381000103,249.39,4.365177426375053,-5.976999287377741,3.054412712548726
2,N->X,1787488434.1311443,126.76842417003354,249.492,4.336716974412291,-5.974534761486099,3.055539668123238
2,N->X,1787488434.4849842,127.12226361804642,249.696,4.279795273755328,-5.969465532787543,3.0465985952936907
2,N->X,1787488434.4999597,127.13723939901683,249.764,4.260824773102069,-5.967614388565439,3.040150381751921
2,N->X,1787488434.7890134,127.4262935820152,249.968,4.203987007221678,-5.961131731719709,3.010728137063453
2,N->X,1787488434.9357414,127.573021008051,250.07,4.175644722110434,-5.957170065173797,2.990593785364853
2,N->X,1787488435.0818036,127.71908324403921,250.172,4.147394678014632,-5.952605116479131,2.967819498158302
2,N->X,1787488435.2932096,127.93048931204248,250.308,4.109915133836667,-5.945466420951916,2.933639722332129
2,N->X,1787488435.3037252,127.94100458803587,250.376,4.091276418960519,-5.941402310453929,2.9150490204062294
2,N->X,1787488435.8579216,128.4952016750467,250.682,4.007394645288003,-5.920795839764858,2.868767163255651
2,N->X,1787488435.8728628,128.51014207303524,250.75,3.9891491397375023,-5.915537057614036,2.8472439621108956
2,N->X,1787488436.0247176,128.66199722903548,250.886,3.9527769860361976,-5.903805309669939,2.8070583380463217
2,N->X,1787488436.1681015,128.80538136401447,250.988,3.925735569121075,-5.894024425603643,2.777622141115714
2,N->X,1787488436.3113518,128.94863149302546,251.09,3.8989974354801173,-5.883469794193172,2.750068947815888
2,N->X,1787488436.4558055,129.09308531001443,251.192,3.872574587752016,-5.87218575163335,2.7217321988145433
2,N->X,1787488436.7394295,129.37670871801674,251.362,3.8292314821771325,-5.852187560927509,2.6917418270243036
2,N->X,1787488437.0269547,129.66423426603433,251.566,3.778278104629093,-5.826155601044074,2.6450149142090096
2,N->X,1787488437.7282708,130.3655504080234,251.974,3.679177507953934,-5.769135436798339,2.604286617050687
2,N->X,1787488437.7450075,130.3822870820295,252.042,3.662814483719182,-5.759395970559438,2.604690595115004
2,N->X,1787488437.8268547,130.46413468103856,252.144,3.6383168079296744,-5.7448298404375615,2.6094206656540435
2,N->X,1787488438.6744857,131.31176560203312,252.62,3.538599729555232,-5.689204307211939,2.673906173032887
2,N->X,1787488438.687424,131.3247032330255,252.688,3.5272359304089203,-5.683577152699383,2.694076694201019
2,N->X,1787488438.698417,131.33569623704534,252.756,3.515102875462692,-5.6778782807003685,2.717995369892242
2,N->X,1787488439.5381706,132.17545026703738,253.232,3.4020794660970735,-5.636538584096793,2.8528484373919856
2,N->X,1787488439.5529642,132.19024397799512,253.3,3.3837918340067086,-5.631216443399891,2.866475852189584
2,N->X,1787488439.5660744,132.20335385401268,253.368,3.365440442857477,-5.6261082710398576,2.8751805444192557
2,N->X,1787488439.5771928,132.21447192301275,253.436,3.347051971126269,-5.621136078210994,2.880435315634197
2,N->X,1787488440.2784925,132.9157720450312,253.844,3.236199170431094,-5.593568959033601,2.897490627099515
2,N->X,1787488440.2933617,132.93064154405147,253.912,3.217791970972219,-5.58893283846287,2.8903435932359662
2,N->X,1787488440.3071585,132.94443824602058,253.98,3.1993419837691004,-5.584152286955822,2.8834630441371134
2,N->X,1787488440.6580558,133.29533544601873,254.184,3.1442778797518907,-5.56931327971274,2.8700411492942504
2,N->X,1787488440.7333698,133.37064921902493,254.252,3.125922283361051,-5.564128230960246,2.8585459381207827
2,N->X,1787488440.8873062,133.52458602702245,254.388,3.089415755143306,-5.553079742201254,2.8335832908648255
2,N->X,1787488441.5910034,134.22828262101393,254.762,2.9906866263215277,-5.518100309785748,2.7676172359177538
2,N->X,1787488441.602496,134.23977521900088,254.83,2.9729054445558654,-5.511089155019372,2.7632162838582195
2,N->X,1787488441.6119623,134.2492419410264,254.898,2.955188248921395,-5.503982575242216,2.7536636608085376
2,N->X,1787488441.684708,134.32198783400236,254.966,2.937560759773559,-5.496672302028988,2.7387628129931905
2,N->X,1787488442.182673,134.81995279801777,255.272,2.8601477681587286,-5.460357799784168,2.6647503639899726
2,N->X,1787488442.529742,135.16702164104208,255.476,2.8100101590100794,-5.433241494969757,2.628605942885415
2,N->X,1787488442.604872,135.24215195100987,255.544,2.7934346834462778,-5.4238457993459255,2.6208867485530107
2,N->X,1787488442.7589922,135.3962717850227,255.68,2.760548481589046,-5.404518164889662,2.5949084547594365
2,N->X,1787488442.9741669,135.61144667404005,255.816,2.728233793653907,-5.384280626407976,2.5664561358749616
2,N->X,1787488442.9884362,135.62571586604463,255.884,2.712297928391761,-5.373826949665562,2.5523392425003255
2,N->X,1787488443.1327121,135.76999218802666,255.986,2.6886323269535906,-5.357705267881488,2.5325757244182783
2,N->X,1787488443.4808311,136.1181108560413,256.19,2.6422680213944916,-5.324302275816354,2.4997232860703087
2,N->X,1787488443.6958804,136.3331605970161,256.326,2.6119551173622972,-5.301214232917281,2.4799694453414585
2,N->X,1787488443.7088299,136.34610926604364,256.394,2.5969631346334063,-5.28945256499945,2.471149120712786
2,N->X,1787488443.8527005,136.48998009500792,256.496,2.5746625702724177,-5.271577112283001,2.459186976920495
2,N->X,1787488444.000586,136.63786563504254,256.598,2.5525743689108933,-5.253455031807103,2.448717126875399
2,N->X,1787488444.1448681,136.7821476260433,256.7,2.5306762070123376,-5.235125377664825,2.439639947310133
2,N->X,1787488444.6353383,137.27261789899785,256.972,2.4730079474291413,-5.185415422778179,2.421018047217329
2,N->X,1787488444.6491601,137.28643966303207,257.04,2.4587159644916268,-5.1728279687463266,2.417351978553687
2,N->X,1787488444.7984157,137.43569537403528,257.176,2.4302581797229763,-5.1474991615100105,2.410987952432796
2,N->X,1787488444.944767,137.58204649103573,257.278,2.4090161084626316,-5.128396046594673,2.406923974351813
2,N->X,1787488445.089521,137.72680064605083,257.38,2.3878564629933483,-5.109217448413211,2.403344780592233
2,N->X,1787488445.4405026,138.07778330601286,257.584,2.3457473262757795,-5.07067351837179,2.397353652099294
2,N->X,1787488445.587721,138.22500167303951,257.686,2.324769999875189,-5.051308987820142,2.3948424420791437
2,N->X,1787488445.7327764,138.3700563129969,257.788,2.3038290226784537,-5.031885655776328,2.3925891008346643
2,N->X,1787488445.9510856,138.58836558804614,257.924,2.2759663017177196,-5.005910786459076,2.3899274731993247
2,N->X,1787488445.9668036,138.60408327099867,257.992,2.2620600574579477,-4.992898642333775,2.3887213299688397
2,N->X,1787488446.387729,139.02500843600137,258.23,2.2135339292811627,-4.947256871691022,2.3850071672969113
2,N->X,1787488446.4018147,139.03909422503784,258.298,2.1997039168405257,-4.934192639806443,2.384080808268162
2,N->X,1787488446.5464077,139.1836877920432,258.4,2.178978734586535,-4.914565991337019,2.382778675799441
2,N->X,1787488446.62272,139.25999985000817,258.468,2.1650876093813465,-4.901383957884559,2.3819374153965147
2,N->X,1787488446.7658517,139.40313108899863,258.57,2.1443940111560313,-4.881693140634838,2.3802092212202663
2,N->X,1787488446.9105096,139.54778941802215,258.672,2.1237267385846366,-4.861970632377745,2.378980922993484
2,N->X,1787488447.1914427,139.82872270804364,258.842,2.0893134567684886,-4.829024466983566,2.3760379275797945
2,N->X,1787488447.341769,139.9790485870326,258.978,2.061914654815818,-4.802618886769056,2.3736342391970915
2,N->X,1787488447.4864888,140.12376829603454,259.08,2.041342699002488,-4.7827150543408266,2.3706968248394094
2,N->X,1787488447.8385923,140.47587303403998,259.284,2.000466802459845,-4.742846277222277,2.3677986697246025
2,N->X,1787488447.9846232,140.62190273503074,259.386,1.9799848769323307,-4.722757903501114,2.3635516404754706
2,N->X,1787488448.1313663,140.768646052049,259.488,1.9596614984199106,-4.702694990426986,2.3622033117872823
2,N->X,1787488448.2766497,140.91392962104874,259.59,1.9392481951998881,-4.68248145939247,2.3573172893119927
2,N->X,1787488448.353789,140.99106919503538,259.658,1.925813305904774,-4.668984598041604,2.349149238896611
2,N->X,1787488448.4357314,141.07301146601094,259.76,1.9058514864065366,-4.648613846967413,2.3438482660648643
2,N->X,1787488448.5870626,141.2243423309992,259.896,1.8792789127279013,-4.621391800814498,2.3457779153181497
2,N->X,1787488448.7339904,141.37127009703545,259.998,1.8593100777135685,-4.601008371001471,2.346508569304094
2,N->X,1787488449.0177372,141.65501703304471,260.168,1.8259444051027227,-4.566822407108294,2.33871044840763
2,N->X,1787488449.1630254,141.800305080018,260.27,1.8061400831151573,-4.546268605016711,2.3377467098938878
2,N->X,1787488449.305985,141.94326489104424,260.372,1.7863061817075476,-4.525731714462204,2.3398695267299443
2,N->X,1787488449.4482782,142.08555788203375,260.474,1.7664763601691835,-4.505223484771371,2.3399808968219418
2,N->X,1787488449.7316017,142.36888156004716,260.644,1.7333384966898406,-4.471075587886306,2.340526619885763
2,N->X,1787488449.8834555,142.52073496003868,260.78,1.706819688277588,-4.443773433798616,2.3442980857058813
2,N->X,1787488450.234849,142.87212894903496,260.984,1.6672500411128617,-4.4025554950449655,2.325612351275916
2,N->X,1787488450.3099372,142.94721725001,261.052,1.6542222354570062,-4.388698908143594,2.325872658149283
2,N->X,1787488450.3913362,143.02861702500377,261.154,1.6346545932575984,-4.367968790678138,2.3296070891907985
2,N->X,1787488450.538635,143.1759143670206,261.29,1.6083888953372476,-4.340486119708762,2.3405427059226303
2,N->X,1787488450.887309,143.52458876202581,261.494,1.568320459910212,-4.299852894021487,2.3589229906095186
2,N->X,1787488451.1724777,143.8097573320265,261.664,1.5344053133701208,-4.266471322037582,2.3691562811835625
2,N->X,1787488451.25509,143.8923695150297,261.766,1.5138989655584427,-4.24661033011347,2.3765002775658406
2,N->X,1787488451.6808956,144.31817543599755,262.038,1.458738531374025,-4.19419350115933,2.385756512836802
2,N->X,1787488452.041661,144.67894091102062,262.276,1.4100317424334297,-4.1487405123106695,2.3959947532505255
2,N->X,1787488452.0545604,144.69183999701636,262.344,1.3960442868780796,-4.135800593972346,2.393049974745071
2,N->X,1787488452.410262,145.04754157102434,262.582,1.3586153321283687,-4.100072653727009,2.3680199653976435
2,N->X,1787488452.554144,145.19142364303116,262.684,1.3433209259419936,-4.085103827956199,2.366074097452652
2,N->X,1787488453.2422385,145.8795180520392,263.058,1.2876451911471685,-4.029616254026223,2.3422780326159143
2,N->X,1787488453.2550128,145.89229221601272,263.126,1.2777194465883444,-4.019340890723491,2.3343599368288275
2,N->X,1787488453.2661018,145.90338074904867,263.194,1.2678457161796182,-4.008943558813673,2.3242465418477716
2,N->X,1787488453.342116,145.97939559305087,263.262,1.2581134832931413,-3.998491239918189,2.315833184272921
2,N->X,1787488453.628102,146.26538176904432,263.466,1.2294486297279243,-3.9664727539795477,2.2834756824699176
2,N->X,1787488453.706898,146.34417743002996,263.568,1.2155711649618255,-3.9501412660453545,2.2616942687378034
2,N->X,1787488453.7810588,146.4183385760407,263.636,1.2066809897098412,-3.939196001214207,2.2409861158589197
2,N->X,1787488453.9325428,146.5698227719986,263.772,1.1893947460607992,-3.9167479479847604,2.214315683466086
2,N->X,1787488454.6194754,147.25675532303285,264.146,1.1448122336598388,-3.8532766308145434,2.143553744747273
2,N->X,1787488454.631542,147.2688213600195,264.214,1.137478733484658,-3.8416880570420413,2.123109437743745
2,N->X,1787488454.6421201,147.27939956902992,264.282,1.1302493237270501,-3.829785437561441,2.1094812547489807
2,N->X,1787488454.6516683,147.28894744900754,264.35,1.1232190753065863,-3.8178803509400887,2.096751792537947
2,N->X,1787488454.8643594,147.50163939304184,264.52,1.1060665096213798,-3.787261096037379,2.061887236316457
2,N->X,1787488454.8754666,147.51274588803062,264.588,1.0996387101964482,-3.774998020928588,2.0424864311990367
2,N->X,1787488455.2998884,147.93716789601604,264.826,1.0780895512508377,-3.7303860827931845,1.9960340094698912
2,N->X,1787488455.311767,147.94904658204177,264.894,1.07231715180943,-3.7174500382463975,1.983054803840862
2,N->X,1787488455.3230705,147.96034983103164,264.962,1.066761148970809,-3.7044862706011714,1.9646158317435651
2,N->X,1787488455.4003649,148.0376444630092,265.064,1.0588319037780631,-3.684760619674017,1.940630668033823
2,N->X,1787488455.8220627,148.45934242900694,265.336,1.0394965000289464,-3.6316615963791175,1.8895837392520105
2,N->X,1787488455.8334475,148.47072701202706,265.404,1.0350962423442964,-3.6181108238554764,1.879381718731815
2,N->X,1787488455.8443868,148.48166697705165,265.472,1.0308514526562436,-3.6046034572511223,1.8690669148930625
2,N->X,1787488455.9164844,148.5537638440146,265.54,1.0267225507569469,-3.590965223283777,1.8597206140260354
2,N->X,1787488456.0655003,148.70277947100112,265.676,1.019078122890857,-3.564014137662514,1.828352659433953
2,N->X,1787488456.3411157,148.97839533502702,265.846,1.0095258400094225,-3.5251725060594707,1.7970782288985812
2,N->X,1787488456.3525822,148.9898616860155,265.914,1.0054401782249551,-3.506987369493753,1.7839946557638378
2,N->X,1787488456.3630452,149.00032455701148,265.982,1.001503069754135,-3.4883612729394717,1.772620122342868
2,N->X,1787488456.435223,149.07250260404544,266.05,0.9978051928974337,-3.4698001005733667,1.7586334560674495
2,N->X,1787488456.5820737,149.21935299504548,266.186,0.9912245506646088,-3.4325214233160137,1.7274940935977028
2,N->X,1787488456.6550934,149.29237298300723,266.254,0.9884481432793917,-3.4139793693293106,1.707177288487601
2,N->X,1787488456.800726,149.4380054960493,266.39,0.9838135074069964,-3.3763058740226555,1.6795403140388259
2,N->X,1787488457.0109808,149.64826053503202,266.526,0.9800290194378605,-3.338576637320782,1.6597033279336897
2,N->X,1787488457.0230837,149.6603631270118,266.594,0.9784006225207805,-3.3195974265295387,1.6515119844093828
2,N->X,1787488457.0326524,149.66993152501527,266.662,0.9769660694563169,-3.3008153723578437,1.6388558561071314
2,N->X,1787488457.311802,149.94908212404698,266.866,0.9741665340371428,-3.243866685981979,1.6026434278526187
2,N->X,1787488457.392001,150.0292810560204,266.968,0.9734005965950813,-3.215305593789303,1.591006528759143
2,N->X,1787488457.4660199,150.1032996380236,267.036,0.9730681947520418,-3.196254765305894,1.5837820225792882
2,N->X,1787488457.6129217,150.25020116299856,267.172,0.9728110574453364,-3.158160535346801,1.5697624735517495
2,N->X,1787488457.8249357,150.462215173,267.308,0.9730805138084537,-3.120065720697048,1.5560072019864872
2,N->X,1787488457.8371785,150.47445777902612,267.376,0.9734105497918103,-3.1010179899473913,1.549202116264638
2,N->X,1787488457.9103348,150.54761467204662,267.444,0.9738705860896091,-3.0819737482208596,1.5424222715867286
2,N->X,1787488457.989721,150.6270006300183,267.546,0.9747999736280677,-3.0534189300674557,1.5325424635062603
2,N->X,1787488458.138189,150.7754684900283,267.682,0.9764697419743301,-3.015365238527978,1.5196756526468231
2,N->X,1787488458.2144122,150.8516920270049,267.75,0.9774855576561898,-2.9963476292093194,1.5135085664651768
2,N->X,1787488458.3630786,151.0003585180384,267.886,0.9798685743185982,-2.9583286469837806,1.500842086966229
2,N->X,1787488458.4370434,151.0743230630178,267.954,0.9812486978006602,-2.9393900617530733,1.4936432213657274
2,N->X,1787488458.6529498,151.2902292520157,268.124,0.9850203218598358,-2.891899866229376,1.4912040916966343
2,N->X,1787488458.6662772,151.30355636402965,268.192,0.9865341464213065,-2.8728785884894767,1.492236880550853
2,N->X,1787488458.6767123,151.31399154401151,268.26,0.9880033157452757,-2.853899047258117,1.4954316678583222
2,N->X,1787488458.9589849,151.59626481099986,268.464,0.9921309925172778,-2.796876628900234,1.504575914387053
2,N->X,1787488459.0406725,151.67795230000047,268.566,0.993940890741126,-2.768382486113838,1.5107158292507223
2,N->X,1787488459.2578268,151.89510715403594,268.736,0.9965487038240609,-2.7208032007913023,1.5257368177979054
2,N->X,1787488459.5431912,152.180470877036,268.94,0.9985989931879615,-2.6637695012574807,1.5458419402565755
2,N->X,1787488459.5548115,152.19209070602665,269.008,0.9990189106196193,-2.6447598469545106,1.5534780822258833
2,N->X,1787488459.5646982,152.20197743800236,269.076,0.9992908632818184,-2.6257420382769308,1.5617168592204098
2,N->X,1787488459.7742412,152.41152080503525,269.212,0.9992216574829346,-2.5945731416860918,1.5888977078388908
2,N->X,1787488459.7859035,152.42318277503364,269.28,0.9988971065591793,-2.57990093819044,1.5991666254715227
2,N->X,1787488459.9283607,152.56564043503022,269.382,0.9981439923648155,-2.557914096404369,1.6134477577008637
2,N->X,1787488460.6116993,153.24897912604501,269.79,0.9918170643851082,-2.4701097731148742,1.6757550119396596
2,N->X,1787488460.623309,153.26058831700357,269.858,0.9902158747685398,-2.455425873400208,1.685629851918328
2,N->X,1787488460.6335492,153.27082852704916,269.926,0.9884871340058126,-2.440865034623667,1.6947824726407854
2,N->X,1787488460.64299,153.2802693929989,269.994,0.9864577606619266,-2.4249471938577356,1.7011892366148844
2,N->X,1787488460.6515346,153.2888139290153,270.062,0.9839744171891093,-2.40618896618074,1.7052781254426406
2,N->X,1787488460.659596,153.29687532002572,270.13,0.9813727281636682,-2.3873668374359487,1.7136141264241502
2,N->X,1787488460.6667862,153.30406541499542,270.198,0.9786011682570276,-2.3685645659651926,1.722814747833573
2,N->X,1787488460.7373118,153.37459135003155,270.266,0.9756688200569364,-2.3497772976470457,1.7307073059590823
2,N->X,1787488461.092507,153.72978632501327,270.504,0.9644744454007745,-2.284035731328036,1.747353321364919
2,N->X,1787488461.1039746,153.74125430500135,270.572,0.9611908907603294,-2.2654512568217,1.7424674551146726
2,N->X,1787488461.244329,153.88160854001762,270.674,0.9564305856012034,-2.2374772973998756,1.7375106940902925
2,N->X,1787488461.3188436,153.9561234920402,270.742,0.953257729225341,-2.218739302801765,1.7410549343890818
2,N->X,1787488461.5351136,154.17239355802303,270.912,0.9450596316893993,-2.17199177811373,1.748379870751011
2,N->X,1787488461.5476742,154.1849537770031,270.98,0.9417039922436028,-2.153311666076286,1.748889515275781
2,N->X,1787488462.0989773,154.73625706799794,271.286,0.9270427140080189,-2.0694273034886965,1.7270773364516028
2,N->X,1787488462.1124585,154.74973788001807,271.354,0.9241133687871746,-2.0506391556249786,1.7241098379763062
2,N->X,1787488462.1237988,154.7610782480333,271.422,0.9212183706016486,-2.031891511702283,1.7243611847274638
2,N->X,1787488462.134021,154.77130033500725,271.49,0.9183241965444969,-2.0131581059977415,1.7237461930131772
2,N->X,1787488462.1429887,154.78026846400462,271.558,0.9154364462759818,-1.9943609859027647,1.7230994300938658
2,N->X,1787488462.150976,154.78825550101465,271.626,0.9125753308322703,-1.9755987491891311,1.7205401263969993
2,N->X,1787488462.158419,154.7956979040173,271.694,0.9097587077232151,-1.9568228186445542,1.7182132087467463
2,N->X,1787488462.5048177,155.14209726499394,271.898,0.9021275931402467,-1.9005909423082745,1.6962964530919786
2,N->X,1787488462.6486816,155.28596146201016,272.0,0.8985832706243706,-1.87224306485928,1.6929851576842292
2,N->X,1787488462.6607635,155.29804287303705,272.068,0.8962736021254526,-1.8533498844192122,1.691963067858812
2,N->X,1787488462.7335267,155.37080703204265,272.136,0.8940312492911181,-1.834647958759509,1.6862809022914143
2,N->X,1787488462.9494197,155.58669922599802,272.306,0.8890498564898521,-1.7874380076134568,1.6670198792051647
2,N->X,1787488462.962347,155.59962638403522,272.374,0.8872397037671742,-1.768493164176566,1.665191540162956
2,N->X,1787488463.1072612,155.7445408210042,272.476,0.8845749306715676,-1.7400507005764436,1.6623960330958516
2,N->X,1787488463.1838686,155.82114894402912,272.544,0.8828478476988522,-1.7210955124238725,1.6610157943893387
2,N->X,1787488463.2721882,155.90946786804125,272.646,0.880339704468872,-1.6926304434539017,1.655719152517313
