sim_stamp_s,wall_monotonic_s,linear_x_mps,linear_y_mps,angular_z_rps
1787875345.927778721,65876.217379615,0.033142537,0.000000000,0.010393947
1787875346.027474880,65876.317056759,0.070684426,0.000000000,0.026864164
1787875346.127469540,65876.417064655,0.109492905,0.000000000,0.040816158
1787875346.227295160,65876.516868587,0.141380817,0.000000000,0.048957177
1787875346.327471733,65876.617046114,0.166309685,0.000000000,0.051108010
1787875346.427309752,65876.716882268,0.184972703,0.000000000,0.051672507
1787875346.527737856,65876.817326098,0.199133992,0.000000000,0.054027744
1787875346.627446890,65876.917048574,0.209967688,0.000000000,0.059377033
1787875346.727613926,65877.017202126,0.218582243,0.000000000,0.066751391
1787875346.827591896,65877.117191921,0.225539073,0.000000000,0.074821524
1787875346.927525043,65877.217111990,0.231190681,0.000000000,0.082605034
1787875347.027498722,65877.317082059,0.236532763,0.000000000,0.106531367
1787875347.127499819,65877.417081647,0.242052019,0.000000000,0.110200182
1787875347.227626324,65877.517229841,0.246487945,0.000000000,0.112785220
1787875347.327506065,65877.617091209,0.248779491,0.000000000,0.112069003
1787875347.427491665,65877.717091761,0.250083148,0.000000000,0.112966113
1787875347.527330399,65877.816926183,0.250974298,0.000000000,0.113767043
1787875347.627996206,65877.917582684,0.251776069,0.000000000,0.113519631
1787875347.727639914,65878.017212313,0.252506226,0.000000000,0.111844383
1787875347.827529907,65878.117128463,0.253240377,0.000000000,0.109062769
1787875347.927342653,65878.216916617,0.253866255,0.000000000,0.105721533
1787875348.027472019,65878.317042508,0.254544407,0.000000000,0.119480506
1787875348.127407312,65878.416976672,0.256664753,0.000000000,0.132223442
1787875348.227289677,65878.516859787,0.259995580,0.000000000,0.127410501
1787875348.327462673,65878.617050390,0.260000000,0.000000000,0.136428893
1787875348.427422047,65878.717003459,0.260000000,0.000000000,0.146452487
1787875348.527318716,65878.816894720,0.260000000,0.000000000,0.141216993
1787875348.627444267,65878.917022257,0.260000000,0.000000000,0.132574916
1787875348.727657557,65879.017231521,0.260000000,0.000000000,0.123621702
1787875348.827662706,65879.117251680,0.260000000,0.000000000,0.134848148
1787875348.927480936,65879.217075394,0.260000000,0.000000000,0.129909143
1787875349.027454615,65879.317045352,0.260000000,0.000000000,0.141316324
1787875349.127571344,65879.417171746,0.260000000,0.000000000,0.149938226
1787875349.227508068,65879.517096780,0.260000000,0.000000000,0.160395637
1787875349.327218294,65879.616771221,0.260000000,0.000000000,0.157888025
1787875349.427639246,65879.717241094,0.259766400,0.000000000,0.166020557
1787875349.527491093,65879.817071167,0.253958136,0.000000000,0.176938355
1787875349.627714634,65879.917316655,0.247900531,0.000000000,0.190587923
1787875349.727357864,65880.016937551,0.245598659,0.000000000,0.191164136
1787875349.827634335,65880.117221001,0.245930657,0.000000000,0.183476016
1787875349.927628040,65880.217215208,0.245442972,0.000000000,0.185232162
1787875350.027949572,65880.317552590,0.241081640,0.000000000,0.192372903
1787875350.127528191,65880.417109285,0.234503597,0.000000000,0.204622328
1787875350.227578878,65880.517149191,0.227908701,0.000000000,0.216032639
1787875350.327371120,65880.616955161,0.222421572,0.000000000,0.222012669
1787875350.427580118,65880.717178578,0.219368294,0.000000000,0.226391956
1787875350.527532339,65880.817113673,0.216749102,0.000000000,0.232074454
1787875350.627635479,65880.917232550,0.215444788,0.000000000,0.236349076
1787875350.727504492,65881.017093353,0.214282528,0.000000000,0.240640938
1787875350.827506542,65881.117102393,0.214401335,0.000000000,0.241452128
1787875350.927626133,65881.217206853,0.216849342,0.000000000,0.229571328
1787875351.027460814,65881.317057276,0.220255971,0.000000000,0.206733897
1787875351.127572536,65881.417149049,0.220466167,0.000000000,0.184704497
1787875351.227541208,65881.517123963,0.219876051,0.000000000,0.164068639
1787875351.327721357,65881.617324742,0.217969149,0.000000000,0.148433298
1787875351.427491426,65881.717088028,0.215278372,0.000000000,0.136528298
1787875351.527544022,65881.817145806,0.212099865,0.000000000,0.127438486
1787875351.627849817,65881.917454186,0.208765492,0.000000000,0.119995832
1787875351.727484703,65882.017073026,0.205126211,0.000000000,0.113352671
1787875351.827561378,65882.117142947,0.192984924,0.000000000,0.119864181
1787875351.927672863,65882.217267628,0.185093999,0.000000000,0.134423882
1787875352.027546406,65882.317148016,0.181687623,0.000000000,0.138993844
1787875352.127731800,65882.417325979,0.177887380,0.000000000,0.157079086
1787875352.227960348,65882.517567557,0.176202297,0.000000000,0.181804761
1787875352.327537060,65882.617134684,0.177897066,0.000000000,0.196432576
1787875352.427845955,65882.717440059,0.179912418,0.000000000,0.204577461
1787875352.527481318,65882.817070005,0.179765761,0.000000000,0.213419124
1787875352.627527714,65882.917122266,0.184295699,0.000000000,0.234022155
1787875352.727514982,65883.017101358,0.187011853,0.000000000,0.239768937
1787875352.827469110,65883.117056469,0.192657709,0.000000000,0.239299133
1787875352.927618504,65883.217212909,0.198087022,0.000000000,0.235073835
1787875353.027536392,65883.317139993,0.203006983,0.000000000,0.227577239
1787875353.127494574,65883.417065398,0.207455501,0.000000000,0.215056509
1787875353.227395773,65883.516980047,0.213624462,0.000000000,0.201794773
1787875353.327552080,65883.617139158,0.216984242,0.000000000,0.182036772
1787875353.427620411,65883.717209579,0.217160076,0.000000000,0.163752273
1787875353.527595282,65883.817190455,0.218186960,0.000000000,0.146751836
1787875353.627649546,65883.917228054,0.221396029,0.000000000,0.131637484
1787875353.727587938,65884.017165990,0.223059773,0.000000000,0.114206970
1787875353.827606201,65884.117206768,0.225788862,0.000000000,0.095325358
1787875353.927637577,65884.217216748,0.227481604,0.000000000,0.077646799
1787875354.027751207,65884.317341749,0.228563696,0.000000000,0.062657587
1787875354.127702236,65884.417293931,0.229943365,0.000000000,0.047432166
1787875354.227561712,65884.517161820,0.229849994,0.000000000,0.033302363
1787875354.327588797,65884.617169118,0.230439603,0.000000000,0.020312864
1787875354.427689314,65884.717292691,0.229654878,0.000000000,0.009449649
1787875354.527640104,65884.817218968,0.222681016,0.000000000,-0.006662271
1787875354.627812386,65884.917400169,0.215236142,0.000000000,-0.024846070
1787875354.727653027,65885.017227098,0.209648401,0.000000000,-0.043645900
1787875354.827445745,65885.117015554,0.206037506,0.000000000,-0.064373828
1787875354.927625418,65885.217213076,0.202538282,0.000000000,-0.082424983
1787875355.027673244,65885.317247401,0.198829949,0.000000000,-0.100181431
1787875355.127637386,65885.417218755,0.195752636,0.000000000,-0.115313984
1787875355.227561474,65885.517148091,0.194113821,0.000000000,-0.129856035
1787875355.328145266,65885.617744266,0.193960577,0.000000000,-0.143926755
1787875355.427666664,65885.717259888,0.192986786,0.000000000,-0.156596050
1787875355.527524710,65885.817103545,0.192835450,0.000000000,-0.168418571
1787875355.627668381,65885.917250471,0.192925915,0.000000000,-0.180240780
1787875355.727782488,65886.017385449,0.194145322,0.000000000,-0.197008789
1787875355.827825546,65886.117397359,0.195225164,0.000000000,-0.212072775
1787875355.927605391,65886.217187305,0.195506692,0.000000000,-0.229066372
1787875356.027657509,65886.317246608,0.198070198,0.000000000,-0.242680460
1787875356.127593756,65886.417173112,0.200231940,0.000000000,-0.257651895
1787875356.227678061,65886.517270508,0.204402760,0.000000000,-0.271579176
1787875356.327694893,65886.617266095,0.208760753,0.000000000,-0.285681188
1787875356.427443504,65886.717014869,0.212364927,0.000000000,-0.294370741
1787875356.527766943,65886.817366053,0.215394154,0.000000000,-0.298482895
1787875356.627548933,65886.917126536,0.218248367,0.000000000,-0.298243135
1787875356.727752924,65887.017331452,0.223157033,0.000000000,-0.294566691
1787875356.827656269,65887.117259713,0.231019273,0.000000000,-0.285573661
1787875356.927746058,65887.217334648,0.239866793,0.000000000,-0.274621218
1787875357.027612925,65887.317195739,0.249827117,0.000000000,-0.260133892
1787875357.127680779,65887.417280694,0.234450296,0.000000000,-0.282148778
1787875357.227687836,65887.517278598,0.243758693,0.000000000,-0.273206860
1787875357.327716351,65887.617312949,0.252398521,0.000000000,-0.259842485
1787875357.427687407,65887.717271515,0.242856219,0.000000000,-0.277778983
1787875357.527744532,65887.817324579,0.232602254,0.000000000,-0.296006173
1787875357.627746344,65887.917326844,0.243346050,0.000000000,-0.281115115
1787875357.727683783,65888.017282796,0.238789603,0.000000000,-0.294604450
1787875357.827656507,65888.117238153,0.237793177,0.000000000,-0.306966960
1787875357.927739859,65888.217341700,0.251303971,0.000000000,-0.282836169
1787875358.027605057,65888.317190326,0.251393169,0.000000000,-0.287149817
1787875358.127742529,65888.417325351,0.251823157,0.000000000,-0.303994298
1787875358.227715254,65888.517306755,0.260000000,0.000000000,-0.278911710
1787875358.327716351,65888.617314359,0.260000000,0.000000000,-0.240935251
1787875358.427603722,65888.717183935,0.260000000,0.000000000,-0.244953752
1787875358.527951002,65888.817529897,0.260000000,0.000000000,-0.210784942
1787875358.627672434,65888.917263530,0.260000000,0.000000000,-0.185524434
1787875358.727637529,65889.017216698,0.260000000,0.000000000,-0.157245234
1787875358.827761889,65889.117369086,0.260000000,0.000000000,-0.132020622
1787875358.927667856,65889.217245551,0.260000000,0.000000000,-0.107830815
1787875359.027743340,65889.317338712,0.260000000,0.000000000,-0.073015377
1787875359.127815247,65889.417396669,0.260000000,0.000000000,-0.058155257
1787875359.227831364,65889.517419286,0.260000000,0.000000000,-0.046611562
1787875359.327767611,65889.617356337,0.260000000,0.000000000,-0.038962945
1787875359.427541733,65889.717127132,0.260000000,0.000000000,-0.030353934
1787875359.527602911,65889.817194497,0.260000000,0.000000000,-0.021654764
1787875359.627673864,65889.917244834,0.260000000,0.000000000,-0.013401960
1787875359.727601290,65890.017191215,0.260000000,0.000000000,-0.006051304
1787875359.827746153,65890.117330927,0.260000000,0.000000000,0.000264043
1787875359.927776098,65890.217356424,0.260000000,0.000000000,0.005435869
1787875360.027634144,65890.317216129,0.260000000,0.000000000,0.009594092
1787875360.127788544,65890.417380529,0.260000000,0.000000000,0.012836361
1787875360.227738619,65890.517322230,0.260000000,0.000000000,0.015291043
1787875360.327810049,65890.617391677,0.260000000,0.000000000,0.017023403
1787875360.427805662,65890.717406463,0.260000000,0.000000000,0.018129334
1787875360.527681828,65890.817274303,0.260000000,0.000000000,0.032241076
1787875360.629541636,65890.919127716,0.260000000,0.000000000,0.027830426
1787875360.728034973,65891.017638334,0.260000000,0.000000000,0.035384651
1787875360.827785730,65891.117381082,0.260000000,0.000000000,0.035461739
1787875360.927676916,65891.217267963,0.260000000,0.000000000,0.033992577
1787875361.028038025,65891.317630554,0.260000000,0.000000000,0.028065637
1787875361.127720356,65891.417322549,0.260000000,0.000000000,0.020387508
1787875361.227906704,65891.517514045,0.260000000,0.000000000,0.012004645
1787875361.327904701,65891.617515829,0.260000000,0.000000000,0.004112733
1787875361.427686214,65891.717288507,0.260000000,0.000000000,-0.003256565
1787875361.527564287,65891.817152173,0.260000000,0.000000000,-0.009881888
1787875361.627558470,65891.917128396,0.260000000,0.000000000,-0.015682161
1787875361.728113651,65892.017708440,0.260000000,0.000000000,-0.020778315
1787875361.827697515,65892.117283042,0.260000000,0.000000000,-0.025242856
1787875361.927652836,65892.217238240,0.260000000,0.000000000,-0.028927917
1787875362.028026581,65892.317622400,0.260000000,0.000000000,-0.032211941
1787875362.127845049,65892.417439861,0.260000000,0.000000000,-0.034870662
1787875362.227864265,65892.517462367,0.260000000,0.000000000,-0.037252989
1787875362.327998400,65892.617599297,0.260000000,0.000000000,-0.039154768
1787875362.427724123,65892.717298092,0.260000000,0.000000000,-0.040923085
1787875362.527836084,65892.817422616,0.260000000,0.000000000,-0.042538259
1787875362.628037453,65892.917617587,0.260000000,0.000000000,-0.043705903
1787875362.727946281,65893.017526227,0.260000000,0.000000000,-0.044642746
1787875362.827730656,65893.117321498,0.260000000,0.000000000,-0.045028362
1787875362.927767515,65893.217347321,0.260000000,0.000000000,-0.045162719
1787875363.027991056,65893.317574171,0.260000000,0.000000000,-0.045085788
1787875363.127866030,65893.417465940,0.260000000,0.000000000,-0.044517726
1787875363.227974892,65893.517554035,0.260000000,0.000000000,-0.043831583
1787875363.327714920,65893.617296251,0.260000000,0.000000000,-0.042721998
1787875363.427810192,65893.717414071,0.260000000,0.000000000,-0.041625246
1787875363.527690411,65893.817273624,0.260000000,0.000000000,-0.040240306
1787875363.627828121,65893.917413372,0.260000000,0.000000000,-0.038989827
1787875363.727734804,65894.017313242,0.260000000,0.000000000,-0.037924089
1787875363.827935696,65894.117528384,0.260000000,0.000000000,-0.036706440
1787875363.928081036,65894.217665594,0.260000000,0.000000000,-0.035677399
1787875364.027995348,65894.317591327,0.260000000,0.000000000,-0.034436475
1787875364.127728224,65894.417306578,0.260000000,0.000000000,-0.033397980
1787875364.227757931,65894.517337083,0.260000000,0.000000000,-0.032112110
1787875364.327932358,65894.617505680,0.260000000,0.000000000,-0.031029044
1787875364.428111792,65894.717695307,0.260000000,0.000000000,-0.030157546
1787875364.527772427,65894.817344365,0.260000000,0.000000000,-0.029076058
1787875364.627662420,65894.917235017,0.260000000,0.000000000,-0.028169300
1787875364.727896929,65895.017485427,0.260000000,0.000000000,-0.028707743
1787875364.827954769,65895.117545070,0.260000000,0.000000000,-0.029468095
1787875364.927696228,65895.217268796,0.260000000,0.000000000,-0.030498337
1787875365.027682066,65895.317253446,0.260000000,0.000000000,-0.031397376
1787875365.127775908,65895.417359875,0.260000000,0.000000000,-0.032274880
1787875365.227741957,65895.517322999,0.260000000,0.000000000,-0.033090375
1787875365.327805996,65895.617388453,0.260000000,0.000000000,-0.033852972
1787875365.427793980,65895.717387599,0.260000000,0.000000000,-0.034573540
1787875365.527793884,65895.817372983,0.260000000,0.000000000,-0.035271741
1787875365.627973557,65895.917575525,0.260000000,0.000000000,-0.035937872
1787875365.728148699,65896.017750884,0.260000000,0.000000000,-0.036565602
1787875365.827862501,65896.117454763,0.260000000,0.000000000,-0.037262574
1787875365.927755356,65896.217329899,0.260000000,0.000000000,-0.037956025
1787875366.027680159,65896.317262170,0.260000000,0.000000000,-0.038703565
1787875366.127995253,65896.417566339,0.260000000,0.000000000,-0.039458256
1787875366.227930784,65896.517511162,0.260000000,0.000000000,-0.040169787
1787875366.328065395,65896.617642375,0.260000000,0.000000000,-0.040854264
1787875366.428177834,65896.717762946,0.260000000,0.000000000,-0.041493773
1787875366.527881384,65896.817479222,0.260000000,0.000000000,-0.042043038
1787875366.627756596,65896.917339990,0.260000000,0.000000000,-0.042525943
1787875366.727850914,65897.017433254,0.260000000,0.000000000,-0.042946324
1787875366.827875376,65897.117471530,0.260000000,0.000000000,-0.043160461
1787875366.928145647,65897.217742243,0.260000000,0.000000000,-0.043319438
1787875367.028038979,65897.317629115,0.260000000,0.000000000,-0.043159779
1787875367.128083944,65897.417668882,0.260000000,0.000000000,-0.042966530
1787875367.227795601,65897.517370955,0.260000000,0.000000000,-0.042766355
1787875367.328007698,65897.617583709,0.260000000,0.000000000,-0.042214356
1787875367.428152084,65897.717752715,0.260000000,0.000000000,-0.041663773
1787875367.527896166,65897.817485243,0.260000000,0.000000000,-0.040679812
1787875367.627850771,65897.917451321,0.260000000,0.000000000,-0.039736968
1787875367.727901936,65898.017498963,0.260000000,0.000000000,-0.038885325
1787875367.827877045,65898.117476082,0.260000000,0.000000000,-0.037653629
1787875367.927698374,65898.217259474,0.260000000,0.000000000,-0.036504455
1787875368.028016329,65898.317610818,0.260000000,0.000000000,-0.034902330
1787875368.128038406,65898.417627954,0.260000000,0.000000000,-0.033429913
1787875368.227779627,65898.517355346,0.260000000,0.000000000,-0.032140117
1787875368.327953100,65898.617565926,0.260000000,0.000000000,-0.030486554
1787875368.428054094,65898.717653933,0.260000000,0.000000000,-0.028992746
1787875368.528002739,65898.817580651,0.260000000,0.000000000,-0.027093340
1787875368.628294468,65898.917892565,0.260000000,0.000000000,-0.025390869
1787875368.728006601,65899.017588212,0.260000000,0.000000000,-0.023929542
1787875368.827916384,65899.117508938,0.260000000,0.000000000,-0.022172498
1787875368.927916288,65899.217510970,0.260000000,0.000000000,-0.020621402
1787875369.027840614,65899.317419310,0.260000000,0.000000000,-0.018721137
1787875369.127762318,65899.417341607,0.260000000,0.000000000,-0.017049974
1787875369.227877855,65899.517448452,0.260000000,0.000000000,-0.015063706
1787875369.327955246,65899.617534608,0.260000000,0.000000000,-0.013353705
1787875369.427885056,65899.717464315,0.260000000,0.000000000,-0.011937651
1787875369.528085709,65899.817669972,0.260000000,0.000000000,-0.010310305
1787875369.627881765,65899.917483450,0.260000000,0.000000000,-0.008917399
1787875369.728062153,65900.017646197,0.260000000,0.000000000,-0.007256885
1787875369.827793121,65900.117359426,0.260000000,0.000000000,-0.005865615
1787875369.928034306,65900.217613030,0.260000000,0.000000000,-0.004751209
1787875370.028135777,65900.317736888,0.260000000,0.000000000,-0.003438105
1787875370.128140211,65900.417750857,0.260000000,0.000000000,-0.002376180
1787875370.227854252,65900.517435259,0.260000000,0.000000000,-0.001055025
1787875370.327901363,65900.617475861,0.260000000,0.000000000,0.000043694
1787875370.428013563,65900.717606332,0.260000000,0.000000000,0.000897568
1787875370.528213978,65900.817801097,0.260000000,0.000000000,0.001941158
1787875370.627925158,65900.917507693,0.260000000,0.000000000,0.002742636
1787875370.727895260,65901.017492078,0.260000000,0.000000000,0.003779396
1787875370.827951670,65901.117532038,0.260000000,0.000000000,0.004610003
1787875370.928263903,65901.217858171,0.260000000,0.000000000,0.005612944
1787875371.028307676,65901.317889060,0.260000000,0.000000000,0.006401210
1787875371.128378630,65901.417956961,0.260000000,0.000000000,0.006950568
1787875371.228028297,65901.517607545,0.260000000,0.000000000,0.007644446
1787875371.328165293,65901.617763475,0.260000000,0.000000000,0.008108413
1787875371.428036690,65901.717637842,0.260000000,0.000000000,0.008367489
1787875371.527949810,65901.817547909,0.260000000,0.000000000,0.008800796
1787875371.628011703,65901.917597420,0.260000000,0.000000000,0.009090351
1787875371.727840185,65902.017421401,0.260000000,0.000000000,0.009530432
1787875371.828075886,65902.117656922,0.260000000,0.000000000,0.009814729
1787875371.928020477,65902.217601212,0.260000000,0.000000000,0.010186289
1787875372.027978182,65902.317574348,0.260000000,0.000000000,0.010386334
1787875372.128108740,65902.417687395,0.260000000,0.000000000,0.010411456
1787875372.228119850,65902.517699752,0.260000000,0.000000000,0.010442600
1787875372.327907801,65902.617506103,0.260000000,0.000000000,0.010326316
1787875372.427875042,65902.717444775,0.260000000,0.000000000,0.010250987
1787875372.527958155,65902.817540472,0.260000000,0.000000000,0.010049686
1787875372.627984285,65902.917567994,0.260000000,0.000000000,0.009728234
1787875372.728091955,65903.017673785,0.260000000,0.000000000,0.009289076
1787875372.827945471,65903.117545830,0.260000000,0.000000000,0.008732052
1787875372.928023100,65903.217603180,0.260000000,0.000000000,0.008081696
1787875373.028107882,65903.317691425,0.260000000,0.000000000,0.007241874
1787875373.127773762,65903.417345493,0.260000000,0.000000000,0.006316307
1787875373.228055716,65903.517639417,0.260000000,0.000000000,0.005128544
1787875373.328035593,65903.617630776,0.260000000,0.000000000,0.003888065
1787875373.428183317,65903.717761258,0.260000000,0.000000000,0.002150808
1787875373.527920246,65903.817523043,0.260000000,0.000000000,0.000374137
1787875373.628001451,65903.917592873,0.260000000,0.000000000,-0.001372473
1787875373.727999687,65904.017602091,0.260000000,0.000000000,-0.003612113
1787875373.828006506,65904.117599447,0.260000000,0.000000000,-0.005813692
1787875373.928254604,65904.217845664,0.260000000,0.000000000,-0.008731722
1787875374.027982950,65904.317581526,0.260000000,0.000000000,-0.011555678
1787875374.128024817,65904.417605764,0.260000000,0.000000000,-0.013993450
1787875374.228125095,65904.517706105,0.260000000,0.000000000,-0.017272627
1787875374.328028202,65904.617609695,0.260000000,0.000000000,-0.020446008
1787875374.428017855,65904.717600478,0.260000000,0.000000000,-0.023375167
1787875374.527991772,65904.817591783,0.260000000,0.000000000,-0.027175192
1787875374.627970457,65904.917552097,0.260000000,0.000000000,-0.030618103
1787875374.727845430,65905.017397661,0.260000000,0.000000000,-0.035071839
1787875374.827971697,65905.117583319,0.260000000,0.000000000,-0.039197214
1787875374.928103685,65905.217707637,0.260000000,0.000000000,-0.042675678
1787875375.028085947,65905.317665129,0.260000000,0.000000000,-0.050078511
1787875375.128036976,65905.417634762,0.260000000,0.000000000,-0.051990680
1787875375.228096724,65905.517675980,0.260000000,0.000000000,-0.052298412
1787875375.328070402,65905.617666004,0.260000000,0.000000000,-0.056247968
1787875375.427949429,65905.717532385,0.260000000,0.000000000,-0.055131834
1787875375.528298378,65905.817881900,0.260000000,0.000000000,-0.053569138
1787875375.627901077,65905.917472930,0.260000000,0.000000000,-0.041208815
1787875375.728042126,65906.017636832,0.260000000,0.000000000,-0.030415993
1787875375.828040361,65906.117622567,0.260000000,0.000000000,-0.023140974
1787875375.928092003,65906.217694926,0.260000000,0.000000000,-0.018390944
1787875376.028013229,65906.317609068,0.260000000,0.000000000,-0.016571576
1787875376.128067732,65906.417662309,0.260000000,0.000000000,-0.015081713
1787875376.228066206,65906.517663839,0.260000000,0.000000000,-0.014139529
1787875376.328045607,65906.617646562,0.260000000,0.000000000,-0.013278146
1787875376.428291798,65906.717873105,0.260000000,0.000000000,-0.013174201
1787875376.528108835,65906.817684514,0.260000000,0.000000000,-0.012873467
1787875376.628047943,65906.917645132,0.260000000,0.000000000,-0.014313814
1787875376.728045464,65907.017628878,0.260000000,0.000000000,-0.011889615
1787875376.828152180,65907.117749330,0.260000000,0.000000000,-0.009104797
1787875376.928241730,65907.217824032,0.260000000,0.000000000,-0.006321967
1787875377.028126955,65907.317715307,0.260000000,0.000000000,-0.004551175
1787875377.128264189,65907.417853887,0.260000000,0.000000000,-0.001922460
1787875377.228057623,65907.517640178,0.260000000,0.000000000,0.000117579
1787875377.328208447,65907.617793749,0.260000000,0.000000000,0.002329740
1787875377.428015709,65907.717588704,0.260000000,0.000000000,0.003686387
1787875377.528036833,65907.817617098,0.260000000,0.000000000,0.004522206
1787875377.628154993,65907.917737087,0.260000000,0.000000000,0.004562555
1787875377.728332758,65908.017930837,0.260000000,0.000000000,0.004914167
1787875377.828292131,65908.117872295,0.260000000,0.000000000,0.005563289
1787875377.928215742,65908.217798512,0.260000000,0.000000000,0.004859918
1787875378.028127193,65908.317709013,0.260000000,0.000000000,0.005071956
1787875378.128067732,65908.417657793,0.260000000,0.000000000,0.005396353
1787875378.228146791,65908.517728807,0.260000000,0.000000000,0.006123025
1787875378.328246832,65908.617825517,0.260000000,0.000000000,0.007099709
1787875378.428328276,65908.717927458,0.260000000,0.000000000,0.007315522
1787875378.528275013,65908.817861897,0.260000000,0.000000000,0.007222244
1787875378.628097534,65908.917699967,0.260000000,0.000000000,0.006158942
1787875378.728203535,65909.017786945,0.260000000,0.000000000,0.005118349
1787875378.828022480,65909.117603095,0.260000000,0.000000000,0.003319794
1787875378.928106308,65909.217687701,0.260000000,0.000000000,0.001506612
1787875379.028206825,65909.317790024,0.260000000,0.000000000,-0.000114604
1787875379.128232479,65909.417815566,0.260000000,0.000000000,-0.002109399
1787875379.228044987,65909.517627060,0.260000000,0.000000000,-0.003878929
1787875379.328252077,65909.617845738,0.260000000,0.000000000,-0.005268066
1787875379.428106308,65909.717705767,0.260000000,0.000000000,-0.006455753
1787875379.528280973,65909.817869587,0.260000000,0.000000000,-0.007253059
1787875379.628376007,65909.917975073,0.260000000,0.000000000,-0.009956217
1787875379.728165865,65910.017761075,0.260000000,0.000000000,-0.018250914
1787875379.828088999,65910.117671724,0.260000000,0.000000000,-0.020769179
1787875379.928147554,65910.217730859,0.260000000,0.000000000,-0.022358924
1787875380.028167725,65910.317759788,0.260000000,0.000000000,-0.028629981
1787875380.128346920,65910.417930230,0.260000000,0.000000000,-0.029239414
1787875380.228142500,65910.517723078,0.260000000,0.000000000,-0.028566554
1787875380.328112602,65910.617692852,0.260000000,0.000000000,-0.034042273
1787875380.428263664,65910.717862186,0.260000000,0.000000000,-0.040870722
1787875380.528286219,65910.817871407,0.260000000,0.000000000,-0.045377024
1787875380.628281832,65910.917858682,0.260000000,0.000000000,-0.046740673
1787875380.728128672,65911.017718098,0.260000000,0.000000000,-0.048971962
1787875380.828226566,65911.117864178,0.260000000,0.000000000,-0.047230527
1787875380.928146362,65911.217728356,0.260000000,0.000000000,-0.050239753
1787875381.028053045,65911.317634292,0.260000000,0.000000000,-0.057389677
1787875381.128302097,65911.417879131,0.260000000,0.000000000,-0.068483949
1787875381.228104353,65911.517696964,0.260000000,0.000000000,-0.081082270
1787875381.328277349,65911.617853599,0.260000000,0.000000000,-0.093611576
1787875381.428166389,65911.717737453,0.260000000,0.000000000,-0.103317790
1787875381.528228760,65911.817839990,0.260000000,0.000000000,-0.109839551
1787875381.628336668,65911.917917573,0.260000000,0.000000000,-0.109804273
1787875381.728223324,65912.017847922,0.260000000,0.000000000,-0.110196926
1787875381.828333378,65912.117929661,0.260000000,0.000000000,-0.106934324
1787875381.928241730,65912.217844293,0.260000000,0.000000000,-0.110966980
1787875382.028162241,65912.317750140,0.260000000,0.000000000,-0.119798645
1787875382.128435612,65912.418040569,0.260000000,0.000000000,-0.131705999
1787875382.228159666,65912.517741666,0.252311707,0.000000000,-0.148774371
1787875382.328449965,65912.618034836,0.243351057,0.000000000,-0.162169233
1787875382.428302526,65912.717875551,0.233273596,0.000000000,-0.177740827
1787875382.528199196,65912.817802331,0.218730003,0.000000000,-0.193512946
1787875382.628348351,65912.917937201,0.207239747,0.000000000,-0.210618883
1787875382.728193283,65913.017792589,0.198998258,0.000000000,-0.222523198
1787875382.828203440,65913.117802181,0.182361647,0.000000000,-0.233934253
1787875382.928328276,65913.217916395,0.173592597,0.000000000,-0.241141051
1787875383.028231621,65913.317825626,0.166426972,0.000000000,-0.246680930
1787875383.128342867,65913.417921701,0.160784796,0.000000000,-0.250518799
1787875383.227934837,65913.517517765,0.146169007,0.000000000,-0.255708754
1787875383.328096628,65913.617685518,0.135780334,0.000000000,-0.255064160
1787875383.428191662,65913.717783509,0.113446303,0.000000000,-0.258726060
1787875383.528266668,65913.817874363,0.101721540,0.000000000,-0.261448532
1787875383.628509521,65913.918095391,0.094373979,0.000000000,-0.267228782
1787875383.728407860,65914.017995224,0.091011241,0.000000000,-0.272130251
1787875383.828285933,65914.117876993,0.071807399,0.000000000,-0.273045868
1787875383.928164959,65914.217752941,0.061529212,0.000000000,-0.276704550
1787875384.028154135,65914.317729138,0.038895469,0.000000000,-0.267289042
1787875384.128095627,65914.417695413,0.040678147,0.000000000,-0.274976760
1787875384.228286028,65914.517867535,0.046428021,0.000000000,-0.272394300
1787875384.328220844,65914.617798402,0.052672666,0.000000000,-0.265685111
1787875384.428310633,65914.717884506,0.035038989,0.000000000,-0.237064272
1787875384.528558731,65914.818141816,0.024878690,0.000000000,-0.225435108
1787875384.628285408,65914.917866243,0.019194808,0.000000000,-0.209281251
1787875384.728249311,65915.017855568,0.018306216,0.000000000,-0.190882578
1787875384.828252554,65915.117877855,0.018043466,0.000000000,-0.174853340
1787875384.928280830,65915.217859932,0.016056793,0.000000000,-0.159394354
1787875385.028371096,65915.317959834,-0.019568192,0.000000000,-0.136071622
1787875385.128214121,65915.417801979,-0.033603393,0.000000000,-0.131032243
1787875385.228166580,65915.517743097,-0.039205320,0.000000000,-0.118226930
1787875385.328219175,65915.617790392,-0.037966736,0.000000000,-0.104957089
1787875385.428220272,65915.717812552,-0.035045680,0.000000000,-0.094835579
1787875385.528120518,65915.817698977,-0.031732798,0.000000000,-0.085207611
1787875385.628053188,65915.917623538,-0.028826952,0.000000000,-0.074298739
1787875385.728111506,65916.017682496,-0.026419746,0.000000000,-0.060685199
1787875385.828169823,65916.117743595,-0.024289496,0.000000000,-0.045951638
1787875385.928230286,65916.217814344,-0.022216391,0.000000000,-0.032718055
1787875386.028380156,65916.317951648,-0.020161636,0.000000000,-0.020444546
1787875386.128191710,65916.417779520,-0.018072717,0.000000000,-0.010924062
1787875386.228210926,65916.517781135,-0.016221147,0.000000000,-0.003891261
1787875386.328152180,65916.617738175,-0.014668770,0.000000000,0.002113100
1787875386.428204536,65916.717791677,-0.013416725,0.000000000,0.005148047
1787875386.528162003,65916.817742915,-0.012390072,0.000000000,0.006556699
1787875386.628317833,65916.917896675,-0.011482779,0.000000000,0.007840151
1787875386.728523016,65917.018103990,-0.010131903,0.000000000,0.008483618
1787875386.828554153,65917.118148034,-0.009208969,0.000000000,0.007990969
1787875386.928305626,65917.217901147,-0.008183258,0.000000000,0.008017527
1787875387.028212070,65917.317813156,-0.002844891,0.000000000,0.007788571
1787875387.128226757,65917.417823258,0.011121023,0.000000000,0.001701150
1787875387.228311539,65917.517893572,0.021052144,0.000000000,0.000860002
1787875387.328474283,65917.618059935,0.032953989,0.000000000,-0.010833855
1787875387.428256035,65917.717839032,0.043172248,0.000000000,-0.014990473
1787875387.528337002,65917.817923144,0.053736817,0.000000000,-0.011542046
1787875387.628319502,65917.917901929,0.060712676,0.000000000,-0.011017382
1787875387.728547335,65918.018146235,0.076910473,0.000000000,-0.018502427
1787875387.828265190,65918.117844505,0.087759644,0.000000000,-0.013470187
1787875387.928372383,65918.217952319,0.093216896,0.000000000,-0.006698587
1787875388.028512716,65918.318095228,0.098544329,0.000000000,0.000300638
1787875388.128289700,65918.417886870,0.104774930,0.000000000,0.003302707
1787875388.228616953,65918.518198101,0.112385772,0.000000000,0.007113617
1787875388.328262806,65918.617843347,0.115997069,0.000000000,0.011596394
1787875388.428284407,65918.717874123,0.115464032,0.000000000,0.007986388
1787875388.528407097,65918.818006408,0.119163632,0.000000000,0.007687401
1787875388.628468037,65918.918041532,0.124324493,0.000000000,-0.002327591
1787875388.728488445,65919.018091645,0.129735768,0.000000000,-0.012281904
1787875388.828445196,65919.118030707,0.141996399,0.000000000,-0.014420044
1787875388.928479195,65919.218083650,0.151429355,0.000000000,-0.014245465
1787875389.028323412,65919.317908134,0.094946407,0.000000000,-0.000825891
1787875389.128345013,65919.417927015,0.081527397,0.000000000,-0.002730967
1787875389.228364706,65919.517943219,0.062316231,0.000000000,0.002684105
1787875389.328365564,65919.617968885,0.050287995,0.000000000,0.008644138
1787875389.428340197,65919.717935902,0.040269781,0.000000000,0.015114903
1787875389.528460503,65919.818045621,0.034795418,0.000000000,0.016453376
1787875389.628479719,65919.918061664,0.026783092,0.000000000,0.007355430
1787875389.728286028,65920.017867354,0.028014388,0.000000000,0.009853860
1787875389.828511000,65920.118095370,0.023409598,0.000000000,0.016792493
1787875389.928581476,65920.218181208,0.031782299,0.000000000,0.029156556
1787875390.028514862,65920.318100068,0.046038389,0.000000000,0.037751704
1787875390.128414869,65920.418009836,0.069950640,0.000000000,0.030851748
1787875390.228395224,65920.517997001,0.090151086,0.000000000,0.040990938
1787875390.328526258,65920.618121468,0.111270234,0.000000000,0.038797092
1787875390.428356886,65920.717964933,0.123571888,0.000000000,0.045231797
1787875390.528457403,65920.818049273,0.105203435,0.000000000,0.052802019
1787875390.628303528,65920.917891721,0.097483747,0.000000000,0.048657097
1787875390.728533030,65921.018134183,0.112911887,0.000000000,0.045736946
1787875390.828334808,65921.117932704,0.139201149,0.000000000,0.020847337
1787875390.928553820,65921.218147326,0.131342828,0.000000000,0.051166210
1787875391.028568268,65921.318151874,0.142633528,0.000000000,0.115993232
1787875391.128417969,65921.418001911,0.153732672,0.000000000,0.146245122
1787875391.228402376,65921.517996749,0.173783422,0.000000000,0.194570184
1787875391.328292608,65921.617888500,0.181173995,0.000000000,0.207811445
1787875391.428422928,65921.718005022,0.162519604,0.000000000,0.201949969
1787875391.528417110,65921.818000323,0.135068998,0.000000000,0.192996725
1787875391.628609419,65921.918212578,0.105856553,0.000000000,0.271473646
1787875391.728523254,65922.018114475,0.123929486,0.000000000,0.349065453
1787875391.828147650,65922.117720418,0.150230795,0.000000000,0.419288903
1787875391.928193808,65922.217766507,0.177224457,0.000000000,0.502930582
1787875392.028139591,65922.317703709,0.144077495,0.000000000,0.579600334
1787875392.128355265,65922.417928026,0.105039500,0.000000000,0.739903867
1787875392.228263140,65922.517848400,0.028423896,0.000000000,0.820721745
1787875392.328649998,65922.618236371,0.000000000,0.000000000,0.620721745
1787875392.428287745,65922.717866707,-0.090000000,0.000000000,0.420721745
1787875392.528628588,65922.818234058,-0.120000000,0.000000000,0.220721745
1787875392.628444910,65922.918039367,-0.120000000,0.000000000,0.028599337
1787875392.728521824,65923.018103153,-0.104389220,0.000000000,-0.020208083
1787875392.828484058,65923.118064553,-0.074770473,0.000000000,0.037388086
1787875392.928416252,65923.217997452,-0.052620932,0.000000000,0.110401660
1787875393.028574228,65923.318155226,-0.088147052,0.000000000,0.202022836
1787875393.128493309,65923.418089336,-0.108290769,0.000000000,0.290508151
1787875393.228519440,65923.518104120,-0.120000000,0.000000000,0.261730343
1787875393.328378201,65923.617964198,-0.120000000,0.000000000,0.264495373
1787875393.428477526,65923.718064969,-0.120000000,0.000000000,0.286733627
1787875393.528448582,65923.818039193,-0.120000000,0.000000000,0.329893410
1787875393.628736019,65923.918334352,-0.120000000,0.000000000,0.320678622
1787875393.728363991,65924.017955545,-0.113782063,0.000000000,0.312003255
1787875393.828505754,65924.118088966,-0.106511086,0.000000000,0.302649915
1787875393.928560734,65924.218162343,-0.099732846,0.000000000,0.302949846
1787875394.028463364,65924.318069875,-0.093872890,0.000000000,0.310585946
1787875394.128441811,65924.418029439,-0.083113790,0.000000000,0.318215579
1787875394.228476763,65924.518056397,-0.069267534,0.000000000,0.330633104
1787875394.328448296,65924.618026721,-0.052609585,0.000000000,0.343197435
1787875394.428423166,65924.718001818,-0.037143875,0.000000000,0.359415472
1787875394.528518677,65924.818101241,-0.026282692,0.000000000,0.378482550
1787875394.628442049,65924.918021148,-0.019421948,0.000000000,0.394830406
1787875394.728299618,65925.017874641,-0.013379154,0.000000000,0.415101260
1787875394.828425407,65925.117989514,-0.007243568,0.000000000,0.432606518
1787875394.928578854,65925.218154738,-0.001355695,0.000000000,0.447856814
1787875395.028653622,65925.318235628,0.002931989,0.000000000,0.464713722
1787875395.128505230,65925.418113754,0.006984991,0.000000000,0.481080592
1787875395.228350401,65925.517935058,0.010614317,0.000000000,0.497638166
1787875395.328509808,65925.618108928,0.015824519,0.000000000,0.516599834
1787875395.428365231,65925.717960743,0.021428136,0.000000000,0.527909100
1787875395.528375626,65925.817955114,0.027648995,0.000000000,0.540321112
1787875395.628512144,65925.918106320,0.034617476,0.000000000,0.553390026
1787875395.728474140,65926.018070914,0.041812349,0.000000000,0.560130417
1787875395.828644037,65926.118225178,0.048488535,0.000000000,0.569328129
1787875395.928549051,65926.218154742,0.054552704,0.000000000,0.579277635
1787875396.028471708,65926.318072627,0.060122192,0.000000000,0.589491546
1787875396.128358603,65926.417943279,0.064347506,0.000000000,0.603143215
1787875396.228808403,65926.518410796,0.067254961,0.000000000,0.617331922
1787875396.328382254,65926.617975122,0.066777334,0.000000000,0.635937572
1787875396.428373098,65926.717959945,0.064643614,0.000000000,0.655595005
1787875396.528514624,65926.818091492,0.065554559,0.000000000,0.671644986
1787875396.628404617,65926.917978000,0.068495572,0.000000000,0.685045242
1787875396.728498697,65927.018090226,0.072440721,0.000000000,0.696555257
1787875396.828263760,65927.117839335,0.077046722,0.000000000,0.707280457
1787875396.928498983,65927.218072124,0.081621721,0.000000000,0.717591643
1787875397.028400183,65927.317973492,0.086819127,0.000000000,0.727070093
1787875397.128315449,65927.417894074,0.093772322,0.000000000,0.733428061
1787875397.228399754,65927.517973554,0.101155348,0.000000000,0.738440871
1787875397.328321218,65927.617892474,0.108088240,0.000000000,0.742045581
1787875397.428601503,65927.718195225,0.114157401,0.000000000,0.745797038
1787875397.528449059,65927.818044461,0.118905306,0.000000000,0.750378430
1787875397.628590345,65927.918183133,0.122761898,0.000000000,0.754653752
1787875397.728630543,65928.018234253,0.126114815,0.000000000,0.758630753
1787875397.828519344,65928.118104826,0.128894195,0.000000000,0.762563825
1787875397.928660631,65928.218257376,0.131158873,0.000000000,0.766860962
1787875398.028767586,65928.318364316,0.133321896,0.000000000,0.771519899
1787875398.128670931,65928.418241136,0.135108426,0.000000000,0.776542187
1787875398.228669882,65928.518268266,0.136643559,0.000000000,0.781464398
1787875398.328416824,65928.618008295,0.139050260,0.000000000,0.785594761
1787875398.428606987,65928.718192050,0.138805151,0.000000000,0.791705370
1787875398.528374672,65928.817947198,0.137449235,0.000000000,0.798486590
1787875398.628730059,65928.918323205,0.132355109,0.000000000,0.807459533
1787875398.728693247,65929.018273413,0.127599031,0.000000000,0.815461040
1787875398.828636169,65929.118221450,0.123544306,0.000000000,0.821893394
1787875398.928557158,65929.218144825,0.123363912,0.000000000,0.824667931
1787875399.028529406,65929.318114882,0.122976243,0.000000000,0.827107191
1787875399.128760576,65929.418339404,0.122356556,0.000000000,0.829912603
1787875399.228729486,65929.518313634,0.120906472,0.000000000,0.833689094
1787875399.328583717,65929.618287872,0.119347408,0.000000000,0.837782860
1787875399.428651333,65929.718237944,0.119045049,0.000000000,0.840865374
1787875399.528546810,65929.818147217,0.120566174,0.000000000,0.842195809
1787875399.628517628,65929.918101624,0.122444734,0.000000000,0.842916310
1787875399.728579998,65930.018157491,0.122662872,0.000000000,0.844815493
1787875399.828562260,65930.118142037,0.122068927,0.000000000,0.847235799
1787875399.928572178,65930.218154535,0.121775612,0.000000000,0.849192441
1787875400.028494120,65930.318078316,0.122393861,0.000000000,0.850000000
1787875400.128616333,65930.418201906,0.120732144,0.000000000,0.850000000
1787875400.228548288,65930.518128041,0.117752619,0.000000000,0.850000000
1787875400.328616858,65930.618199366,0.118943669,0.000000000,0.850000000
1787875400.428713560,65930.718315929,0.120274372,0.000000000,0.850000000
1787875400.528678894,65930.818267189,0.121171191,0.000000000,0.850000000
1787875400.628493071,65930.918077473,0.122303359,0.000000000,0.850000000
1787875400.728549957,65931.018128427,0.123370171,0.000000000,0.850000000
1787875400.828644514,65931.118227917,0.124798700,0.000000000,0.850000000
1787875400.928492785,65931.218070297,0.125901863,0.000000000,0.850000000
1787875401.028595448,65931.318169032,0.128221899,0.000000000,0.850000000
1787875401.128673077,65931.418247762,0.131219000,0.000000000,0.850000000
1787875401.228490591,65931.518069296,0.132971823,0.000000000,0.850000000
1787875401.328579187,65931.618179387,0.133225083,0.000000000,0.850000000
1787875401.428458929,65931.718036119,0.133919924,0.000000000,0.849847674
1787875401.528536558,65931.818112115,0.134408176,0.000000000,0.849227846
1787875401.628639460,65931.918221376,0.133613050,0.000000000,0.849389732
1787875401.728693485,65932.018276272,0.134418547,0.000000000,0.848341525
1787875401.828634262,65932.118232280,0.134929493,0.000000000,0.847437441
1787875401.928683519,65932.218269565,0.136173829,0.000000000,0.846113205
1787875402.028586388,65932.318166670,0.136919618,0.000000000,0.845333338
1787875402.128720999,65932.418313651,0.137558565,0.000000000,0.844835401
1787875402.228730679,65932.518315253,0.137134030,0.000000000,0.845254362
1787875402.328751564,65932.618342316,0.138776049,0.000000000,0.844069302
1787875402.428657770,65932.718248471,0.139968216,0.000000000,0.843010664
1787875402.528637648,65932.818233262,0.141470239,0.000000000,0.841618359
1787875402.628561974,65932.918149815,0.143071786,0.000000000,0.840063214
1787875402.728515387,65933.018097440,0.145310178,0.000000000,0.837856114
1787875402.828708887,65933.118306143,0.147503451,0.000000000,0.835568011
1787875402.928771496,65933.218387855,0.149787501,0.000000000,0.833106577
1787875403.028792381,65933.318384221,0.153517738,0.000000000,0.829136252
1787875403.128877640,65933.418463973,0.155945748,0.000000000,0.826199651
1787875403.228691101,65933.518271609,0.160194099,0.000000000,0.821400821
1787875403.328550816,65933.618132350,0.162239760,0.000000000,0.818551719
1787875403.428936481,65933.718527539,0.163359538,0.000000000,0.816629648
1787875403.528743505,65933.818324723,0.162086457,0.000000000,0.817006707
1787875403.628829241,65933.918417653,0.162000239,0.000000000,0.816330314
1787875403.728899240,65934.018487066,0.163703501,0.000000000,0.813686848
1787875403.828631401,65934.118229482,0.166310504,0.000000000,0.809886336
1787875403.928654432,65934.218250963,0.169595838,0.000000000,0.805345237
1787875404.028733492,65934.318310378,0.172620624,0.000000000,0.801138222
1787875404.128689766,65934.418256063,0.175382555,0.000000000,0.797322989
1787875404.228806734,65934.518388330,0.177410141,0.000000000,0.794325709
1787875404.328560829,65934.618142518,0.178765893,0.000000000,0.792008519
1787875404.428705931,65934.718285848,0.179421961,0.000000000,0.790362239
1787875404.528582573,65934.818185337,0.179602802,0.000000000,0.789151430
1787875404.628714561,65934.918308249,0.180260703,0.000000000,0.787371695
1787875404.728522539,65935.018100291,0.183422938,0.000000000,0.782664955
1787875404.828814507,65935.118399731,0.179479808,0.000000000,0.785039544
1787875404.928577900,65935.218154003,0.172062933,0.000000000,0.791098535
1787875405.028726339,65935.318300259,0.167083070,0.000000000,0.795785189
1787875405.128671885,65935.418269571,0.164469123,0.000000000,0.798136413
1787875405.228552818,65935.518127403,0.162987188,0.000000000,0.799395442
1787875405.328893185,65935.618475544,0.161925808,0.000000000,0.800614893
1787875405.428534746,65935.718131434,0.161057383,0.000000000,0.802311182
1787875405.528686285,65935.818274357,0.160369724,0.000000000,0.804427505
1787875405.628795624,65935.918399417,0.159835726,0.000000000,0.806693614
1787875405.728613377,65936.018191481,0.159433603,0.000000000,0.808839321
1787875405.828860044,65936.118453254,0.159147486,0.000000000,0.810706019
1787875405.928442955,65936.218001702,0.158969119,0.000000000,0.812219381
1787875406.029004574,65936.318586862,0.158904627,0.000000000,0.813360572
1787875406.128657341,65936.418241046,0.158510715,0.000000000,0.814603806
1787875406.228717327,65936.518311813,0.162172526,0.000000000,0.811717570
1787875406.328913689,65936.618500449,0.162599832,0.000000000,0.811540484
1787875406.428779364,65936.718378043,0.161467835,0.000000000,0.812981188
1787875406.528807878,65936.818412969,0.157640919,0.000000000,0.817052960
1787875406.628574133,65936.918159822,0.153889120,0.000000000,0.821190119
1787875406.728825569,65937.018437382,0.152324602,0.000000000,0.823266447
1787875406.828855991,65937.118431472,0.152256563,0.000000000,0.823690891
1787875406.928882837,65937.218479044,0.152219549,0.000000000,0.824046433
1787875407.028754234,65937.318365118,0.151325315,0.000000000,0.825441957
1787875407.128967285,65937.418550920,0.149059892,0.000000000,0.828359485
1787875407.228721857,65937.518314193,0.146054581,0.000000000,0.832101822
1787875407.328880072,65937.618453772,0.141628340,0.000000000,0.836814106
1787875407.428584099,65937.718173984,0.136029750,0.000000000,0.842031837
1787875407.528697968,65937.818289472,0.129793376,0.000000000,0.847110569
1787875407.628756046,65937.918351221,0.123928718,0.000000000,0.850000000
1787875407.728628159,65938.018202846,0.127329767,0.000000000,0.820381165
1787875407.828816175,65938.118415691,0.127356455,0.000000000,0.781062603
1787875407.928829670,65938.218412786,0.126791477,0.000000000,0.737702549
1787875408.028797150,65938.318402716,0.124532908,0.000000000,0.698213041
1787875408.128958702,65938.418559982,0.014532908,0.000000000,0.498213041
1787875408.228858471,65938.518461037,0.000000000,0.000000000,0.298213041
1787875408.234233141,65938.523817449,0.000000000,0.000000000,1.000000000
1787875408.329927206,65938.619635746,0.000000000,0.000000000,0.098213041
1787875408.334634304,65938.624210946,0.000000000,0.000000000,1.000000000
1787875408.428805113,65938.718410670,0.000000000,0.000000000,0.000000000
1787875408.434323311,65938.723893857,0.000000000,0.000000000,1.000000000
1787875408.528834105,65938.818420687,0.000000000,0.000000000,0.000000000
1787875408.534425497,65938.824069967,0.000000000,0.000000000,1.000000000
1787875408.628718376,65938.918312384,0.000000000,0.000000000,0.000000000
1787875408.634469032,65938.924084287,0.000000000,0.000000000,1.000000000
1787875408.728764534,65939.018363855,0.000000000,0.000000000,0.000000000
1787875408.734560013,65939.024149051,0.000000000,0.000000000,1.000000000
1787875408.828783512,65939.118358614,0.000000000,0.000000000,0.000000000
1787875408.834380150,65939.123964530,0.000000000,0.000000000,1.000000000
1787875408.928948641,65939.218538669,0.000000000,0.000000000,0.000000000
1787875408.934464693,65939.224070672,0.000000000,0.000000000,1.000000000
1787875409.028796673,65939.318377934,0.000000000,0.000000000,0.000000000
1787875409.034702778,65939.324275886,0.000000000,0.000000000,1.000000000
1787875409.128662825,65939.418256520,0.000000000,0.000000000,0.000000000
1787875409.134266138,65939.423845342,0.000000000,0.000000000,1.000000000
1787875409.228715658,65939.518308322,0.000000000,0.000000000,0.000000000
1787875409.234384060,65939.523958504,0.000000000,0.000000000,1.000000000
1787875409.328710079,65939.618281381,0.000000000,0.000000000,0.000000000
1787875409.334312201,65939.623880723,0.000000000,0.000000000,1.000000000
1787875409.428639650,65939.718209890,0.000000000,0.000000000,0.000000000
1787875409.434310198,65939.723946874,0.000000000,0.000000000,1.000000000
1787875409.528605461,65939.818178986,0.000000000,0.000000000,0.000000000
1787875409.534275770,65939.823847376,0.000000000,0.000000000,1.000000000
1787875409.634357929,65939.923931082,0.000000000,0.000000000,1.000000000
1787875409.734618902,65940.024221678,0.000000000,0.000000000,1.000000000
1787875409.834405661,65940.123991562,0.000000000,0.000000000,1.000000000
1787875409.934460640,65940.224078983,0.000000000,0.000000000,1.000000000
1787875410.034461260,65940.324076632,0.000000000,0.000000000,1.000000000
1787875410.134308338,65940.423880804,0.000000000,0.000000000,1.000000000
1787875410.234309912,65940.523909832,0.000000000,0.000000000,1.000000000
1787875410.334220886,65940.623801331,0.000000000,0.000000000,1.000000000
1787875410.434548855,65940.724127439,0.000000000,0.000000000,1.000000000
1787875410.534420252,65940.824061075,0.000000000,0.000000000,1.000000000
1787875410.634585619,65940.924168082,0.000000000,0.000000000,1.000000000
1787875410.734379768,65941.023978066,0.000000000,0.000000000,1.000000000
1787875410.834339619,65941.123917904,0.000000000,0.000000000,1.000000000
1787875410.934266090,65941.223855661,0.000000000,0.000000000,1.000000000
1787875411.034415722,65941.324034329,0.000000000,0.000000000,1.000000000
1787875411.134643555,65941.424229825,0.000000000,0.000000000,1.000000000
1787875411.234554529,65941.524144064,0.000000000,0.000000000,1.000000000
1787875411.334451437,65941.624085712,0.000000000,0.000000000,1.000000000
1787875411.434428692,65941.724045233,0.000000000,0.000000000,1.000000000
1787875411.534716129,65941.824319899,0.000000000,0.000000000,1.000000000
1787875411.634572029,65941.924166949,0.000000000,0.000000000,1.000000000
1787875411.734681606,65942.024275647,0.000000000,0.000000000,1.000000000
1787875411.834445715,65942.124077609,0.000000000,0.000000000,1.000000000
1787875411.934380293,65942.223969662,0.000000000,0.000000000,1.000000000
1787875412.034604073,65942.324208619,0.000000000,0.000000000,1.000000000
1787875412.134456396,65942.424086224,0.000000000,0.000000000,1.000000000
1787875412.234527349,65942.524114861,0.000000000,0.000000000,1.000000000
1787875412.334246159,65942.623818234,0.000000000,0.000000000,1.000000000
1787875412.434262037,65942.723833594,0.000000000,0.000000000,1.000000000
1787875412.534428596,65942.824047985,0.000000000,0.000000000,1.000000000
1787875412.634219885,65942.923813813,0.000000000,0.000000000,1.000000000
1787875412.734587431,65943.024159299,0.000000000,0.000000000,1.000000000
1787875412.834517717,65943.124108131,0.000000000,0.000000000,1.000000000
1787875412.934450865,65943.224075747,0.000000000,0.000000000,1.000000000
1787875413.034522295,65943.324114557,0.000000000,0.000000000,1.000000000
1787875413.134821653,65943.424417859,0.000000000,0.000000000,1.000000000
1787875413.234462261,65943.524079977,0.000000000,0.000000000,1.000000000
1787875413.334691525,65943.624276989,0.000000000,0.000000000,1.000000000
1787875413.434388638,65943.723970990,0.000000000,0.000000000,1.000000000
1787875413.534394741,65943.823990246,0.000000000,0.000000000,1.000000000
1787875413.634449244,65943.924086287,0.000000000,0.000000000,1.000000000
1787875413.734446764,65944.024061343,0.000000000,0.000000000,1.000000000
1787875413.834207296,65944.123785067,0.000000000,0.000000000,1.000000000
1787875413.934575081,65944.224156938,0.000000000,0.000000000,1.000000000
1787875414.034375668,65944.323954547,0.000000000,0.000000000,1.000000000
1787875414.134321213,65944.423922928,0.000000000,0.000000000,1.000000000
1787875414.234292030,65944.523891950,0.000000000,0.000000000,1.000000000
1787875414.334397793,65944.623999863,0.000000000,0.000000000,1.000000000
1787875414.434632778,65944.724234724,0.000000000,0.000000000,1.000000000
1787875414.534317017,65944.823911632,0.000000000,0.000000000,1.000000000
1787875414.634266138,65944.923856928,0.000000000,0.000000000,1.000000000
1787875414.734215975,65945.023796743,0.000000000,0.000000000,1.000000000
1787875414.834335327,65945.123909292,0.000000000,0.000000000,1.000000000
1787875414.934467077,65945.224066809,0.000000000,0.000000000,1.000000000
1787875415.034242153,65945.323818912,0.000000000,0.000000000,1.000000000
1787875415.134363174,65945.423943251,0.000000000,0.000000000,1.000000000
1787875415.234403849,65945.523983725,0.000000000,0.000000000,1.000000000
1787875415.334481716,65945.624100708,0.000000000,0.000000000,1.000000000
1787875415.434384584,65945.723954942,0.000000000,0.000000000,1.000000000
1787875415.534290075,65945.823865508,0.000000000,0.000000000,1.000000000
1787875415.634335756,65945.923912281,0.000000000,0.000000000,1.000000000
1787875415.734516621,65946.024095778,0.000000000,0.000000000,1.000000000
1787875415.834682703,65946.124271432,0.000000000,0.000000000,1.000000000
1787875415.934258938,65946.223838588,0.000000000,0.000000000,1.000000000
1787875416.034535170,65946.324124204,0.000000000,0.000000000,1.000000000
1787875416.134758472,65946.424355633,0.000000000,0.000000000,1.000000000
1787875416.234242678,65946.523828837,0.000000000,0.000000000,1.000000000
1787875416.334277630,65946.623849303,0.000000000,0.000000000,1.000000000
1787875416.434482098,65946.724099439,0.000000000,0.000000000,1.000000000
1787875416.534410954,65946.823996787,0.000000000,0.000000000,1.000000000
1787875416.634245634,65946.923818282,0.000000000,0.000000000,1.000000000
1787875416.734405279,65947.023987936,0.000000000,0.000000000,1.000000000
1787875416.834240675,65947.123814779,0.000000000,0.000000000,1.000000000
1787875416.934327841,65947.223911289,0.000000000,0.000000000,1.000000000
1787875417.034319401,65947.323890406,0.000000000,0.000000000,1.000000000
1787875417.134310246,65947.423896928,0.000000000,0.000000000,1.000000000
1787875417.234354973,65947.523940239,0.000000000,0.000000000,1.000000000
1787875417.334525108,65947.624116398,0.000000000,0.000000000,1.000000000
1787875417.434354544,65947.723939989,0.000000000,0.000000000,1.000000000
1787875417.534246922,65947.823835880,0.000000000,0.000000000,1.000000000
1787875417.634228706,65947.923809928,0.000000000,0.000000000,1.000000000
1787875417.734695911,65948.024280893,0.000000000,0.000000000,1.000000000
1787875417.834612131,65948.124207769,0.000000000,0.000000000,1.000000000
1787875417.934448957,65948.224070320,0.000000000,0.000000000,1.000000000
1787875418.034545183,65948.324152038,0.000000000,0.000000000,1.000000000
1787875418.134568453,65948.424154583,0.000000000,0.000000000,1.000000000
1787875418.234535217,65948.524134082,0.000000000,0.000000000,1.000000000
1787875418.334393263,65948.623989356,0.000000000,0.000000000,1.000000000
1787875418.434507847,65948.724089884,0.000000000,0.000000000,1.000000000
1787875418.534470320,65948.824100870,0.000000000,0.000000000,1.000000000
1787875418.634623051,65948.924225620,0.000000000,0.000000000,1.000000000
1787875418.734282970,65949.023858840,0.000000000,0.000000000,1.000000000
1787875418.834444284,65949.124066286,0.000000000,0.000000000,1.000000000
1787875418.934321165,65949.223893040,0.000000000,0.000000000,1.000000000
1787875419.034274101,65949.323846574,0.000000000,0.000000000,1.000000000
1787875419.134172440,65949.423746868,0.000000000,0.000000000,1.000000000
1787875419.234295607,65949.523870559,0.000000000,0.000000000,1.000000000
1787875419.334590673,65949.624174461,0.000000000,0.000000000,1.000000000
1787875419.434508801,65949.724103531,0.000000000,0.000000000,1.000000000
1787875419.534564495,65949.824150104,0.000000000,0.000000000,1.000000000
1787875419.634575605,65949.924160042,0.000000000,0.000000000,1.000000000
1787875419.734380484,65950.023965757,0.000000000,0.000000000,1.000000000
1787875419.834414005,65950.123997639,0.000000000,0.000000000,1.000000000
1787875419.934458017,65950.224067675,0.000000000,0.000000000,1.000000000
1787875420.034331083,65950.323912832,0.000000000,0.000000000,1.000000000
1787875420.134327888,65950.423915691,0.000000000,0.000000000,1.000000000
1787875420.234474897,65950.524102170,0.000000000,0.000000000,1.000000000
1787875420.334671974,65950.624265072,0.000000000,0.000000000,1.000000000
1787875420.434474468,65950.724084754,0.000000000,0.000000000,1.000000000
1787875420.534439564,65950.824065861,0.000000000,0.000000000,1.000000000
1787875420.634448528,65950.924089615,0.000000000,0.000000000,1.000000000
1787875420.734441996,65951.024046706,0.000000000,0.000000000,1.000000000
1787875420.834521294,65951.124128160,0.000000000,0.000000000,1.000000000
1787875420.934328079,65951.223914252,0.000000000,0.000000000,1.000000000
1787875421.034158230,65951.323752026,0.000000000,0.000000000,0.000000000
1787875425.129458189,65955.419061847,-0.029647956,0.000000000,0.029791342
1787875425.228996754,65955.518589290,-0.052488334,0.000000000,0.074878216
1787875425.328996181,65955.618579155,-0.068288498,0.000000000,0.111293182
1787875425.428972006,65955.718561105,-0.079095274,0.000000000,0.140987232
1787875425.529107094,65955.818697836,-0.085635334,0.000000000,0.167316318
1787875425.628967524,65955.918552229,-0.086752057,0.000000000,0.192839235
1787875425.728966951,65956.018549116,-0.085508853,0.000000000,0.215403095
1787875425.829128027,65956.118718864,-0.085624732,0.000000000,0.236514971
1787875425.929054260,65956.218650000,-0.091659807,0.000000000,0.266720295
1787875426.029054165,65956.318630969,-0.093042821,0.000000000,0.304826260
1787875426.128880978,65956.418465858,-0.093957536,0.000000000,0.303531289
1787875426.229123116,65956.518704204,-0.089622818,0.000000000,0.305167437
1787875426.329092026,65956.618669980,-0.085386395,0.000000000,0.303952813
1787875426.429040432,65956.718615547,-0.078049779,0.000000000,0.311863154
1787875426.529008389,65956.818601709,-0.057215121,0.000000000,0.301251054
1787875426.629107237,65956.918689525,-0.021148257,0.000000000,0.287664115
1787875426.729047537,65957.018636120,0.011651963,0.000000000,0.286104977
1787875426.828961134,65957.118545852,0.036784701,0.000000000,0.296612203
1787875426.929269552,65957.218843168,0.053696379,0.000000000,0.312955350
1787875427.029099226,65957.318692060,0.019118018,0.000000000,0.336417079
1787875427.129163504,65957.418742459,-0.031877439,0.000000000,0.394791871
1787875427.228958368,65957.518540720,-0.075622231,0.000000000,0.442020625
1787875427.329099894,65957.618689523,-0.089067221,0.000000000,0.449051321
1787875427.429180861,65957.718769061,-0.092741460,0.000000000,0.409203857
1787875427.529020786,65957.818593200,-0.091114491,0.000000000,0.357272148
1787875427.629100800,65957.918673473,-0.085645713,0.000000000,0.313523144
1787875427.728935242,65958.018497255,-0.087392978,0.000000000,0.282326043
1787875427.829227209,65958.118800378,-0.075920291,0.000000000,0.265080154
1787875427.929250002,65958.218825788,-0.068171009,0.000000000,0.248345226
1787875428.029127598,65958.318718897,-0.057825483,0.000000000,0.229209363
1787875428.129274130,65958.418859167,-0.050804332,0.000000000,0.202754587
1787875428.229235411,65958.518805193,-0.050326377,0.000000000,0.171470076
1787875428.329129696,65958.618711156,-0.048059568,0.000000000,0.144137979
1787875428.429183960,65958.718783470,-0.047211900,0.000000000,0.111129880
1787875428.529114962,65958.818701943,-0.047327697,0.000000000,0.084471166
1787875428.629098177,65958.918683837,-0.045178749,0.000000000,0.067576163
1787875428.729191065,65959.018790050,-0.044524949,0.000000000,0.050739862
1787875428.829275131,65959.118860297,-0.042643845,0.000000000,0.041269146
1787875428.929014921,65959.218602076,-0.040821541,0.000000000,0.042358335
1787875429.029136896,65959.318733500,-0.031035224,0.000000000,0.047799785
1787875429.129219770,65959.418795424,-0.008524652,0.000000000,0.045667909
1787875429.229217291,65959.518789983,0.023791436,0.000000000,0.051543016
1787875429.329099178,65959.618682281,0.052719444,0.000000000,0.062489219
1787875429.429191113,65959.718776917,0.073797174,0.000000000,0.089060955
1787875429.529058456,65959.818638588,0.090288416,0.000000000,0.128219977
1787875429.629090071,65959.918661288,0.100183144,0.000000000,0.167074099
1787875429.729133844,65960.018713666,0.106122971,0.000000000,0.203038931
1787875429.829173088,65960.118769996,0.091680646,0.000000000,0.286027491
1787875429.929218292,65960.218813383,0.045962404,0.000000000,0.323433846
1787875430.029256344,65960.318848174,0.014736779,0.000000000,0.368237108
1787875430.129084349,65960.418666348,-0.019221924,0.000000000,0.373484313
1787875430.229110003,65960.518682052,-0.034954350,0.000000000,0.377494365
1787875430.329254866,65960.618838958,-0.042671006,0.000000000,0.329301924
1787875430.429129362,65960.718722919,-0.045710977,0.000000000,0.275273919
1787875430.529087543,65960.818678831,-0.045718018,0.000000000,0.224490091
1787875430.629085779,65960.918670007,-0.042550918,0.000000000,0.187361300
1787875430.729249239,65961.018820615,-0.037698414,0.000000000,0.163992092
1787875430.828990221,65961.118560892,-0.030220482,0.000000000,0.156352520
1787875430.929191828,65961.218775302,-0.024669010,0.000000000,0.149356738
1787875431.029148340,65961.318756994,-0.020947991,0.000000000,0.139607430
1787875431.129190922,65961.418783767,-0.019704992,0.000000000,0.128134385
1787875431.229235888,65961.518825449,-0.019149063,0.000000000,0.117049478
1787875431.329615116,65961.619204577,-0.019175654,0.000000000,0.109141827
1787875431.430827856,65961.720513352,-0.019884938,0.000000000,0.101097479
1787875431.529323578,65961.818929580,-0.020095119,0.000000000,0.098473109
1787875431.629382372,65961.918986401,-0.019869311,0.000000000,0.101215146
1787875431.729158878,65962.018751853,-0.019549968,0.000000000,0.108583272
1787875431.829214811,65962.118810754,-0.018999742,0.000000000,0.119742312
1787875431.929236650,65962.218817517,-0.017138088,0.000000000,0.129897654
1787875432.029329300,65962.318912898,-0.016473584,0.000000000,0.137403265
1787875432.129459143,65962.419044293,0.000112804,0.000000000,0.122000098
1787875432.229549646,65962.519131598,0.005264530,0.000000000,0.130654976
1787875432.329221010,65962.618802195,0.049606428,0.000000000,0.108815745
1787875432.429120064,65962.718704664,0.088579282,0.000000000,0.099252790
1787875432.529309988,65962.818887608,0.122345060,0.000000000,0.097424924
1787875432.629181623,65962.918772469,0.143570304,0.000000000,0.119264267
1787875432.729269266,65963.018855321,0.157626867,0.000000000,0.150856689
1787875432.829220772,65963.118821688,0.167084783,0.000000000,0.185745478
1787875432.929297447,65963.218878371,0.174967006,0.000000000,0.219393119
1787875433.029492378,65963.319096319,0.182838440,0.000000000,0.249977127
1787875433.129247665,65963.418853446,0.193126902,0.000000000,0.278780371
1787875433.229283571,65963.518866128,0.205000579,0.000000000,0.296465129
1787875433.329189777,65963.618770182,0.218327910,0.000000000,0.303579390
1787875433.429274797,65963.718846553,0.231598377,0.000000000,0.301252633
1787875433.529195786,65963.818790761,0.244031951,0.000000000,0.289998084
1787875433.629340172,65963.918926446,0.255591899,0.000000000,0.276680470
1787875433.729293823,65964.018872235,0.260000000,0.000000000,0.257450640
1787875433.829307079,65964.118891429,0.260000000,0.000000000,0.227382749
1787875433.929218054,65964.218814796,0.260000000,0.000000000,0.192064852
1787875434.029098272,65964.318682781,0.260000000,0.000000000,0.150240391
1787875434.129538536,65964.419129493,0.260000000,0.000000000,0.105688639
1787875434.229271412,65964.518861770,0.260000000,0.000000000,0.056623809
1787875434.329474926,65964.619054944,0.260000000,0.000000000,0.007637231
1787875434.429227352,65964.718803052,0.260000000,0.000000000,-0.042650357
1787875434.529292583,65964.818882492,0.260000000,0.000000000,-0.091309585
1787875434.629301071,65964.918892351,0.260000000,0.000000000,-0.137387663
1787875434.729150295,65965.018725915,0.254626662,0.000000000,-0.181247219
1787875434.829290390,65965.118881649,0.247919232,0.000000000,-0.221387908
1787875434.929254055,65965.218830031,0.242997065,0.000000000,-0.256667316
1787875435.029124022,65965.318709695,0.187644809,0.000000000,-0.456667316
1787875435.129304409,65965.418905714,0.077644809,0.000000000,-0.572845221
1787875435.229442120,65965.519022814,0.092760131,0.000000000,-0.635744333
1787875435.329345465,65965.618940436,0.107415482,0.000000000,-0.615872741
1787875435.429607630,65965.719213757,0.141132951,0.000000000,-0.578581393
1787875435.529453754,65965.819051949,0.168199107,0.000000000,-0.534373701
1787875435.629414082,65965.918996264,0.192735896,0.000000000,-0.487680554
1787875435.729357481,65966.018933900,0.217971951,0.000000000,-0.414762139
1787875435.829447269,65966.119039295,0.243391380,0.000000000,-0.322875440
1787875435.929154158,65966.218724903,0.260000000,0.000000000,-0.232577577
1787875436.029451609,65966.319030777,0.260000000,0.000000000,-0.148181498
1787875436.129334211,65966.418907463,0.260000000,0.000000000,-0.075996898
1787875436.229309082,65966.518885748,0.260000000,0.000000000,-0.017652206
1787875436.329487324,65966.619065375,0.260000000,0.000000000,0.036612634
1787875436.429253817,65966.718842087,0.257199585,0.000000000,0.082288980
1787875436.529440880,65966.819028485,0.247903019,0.000000000,0.115079455
1787875436.629239559,65966.918835706,0.240807667,0.000000000,0.134775400
1787875436.729710817,65967.019306981,0.238738492,0.000000000,0.152709633
1787875436.829412460,65967.118990990,0.239924848,0.000000000,0.171169326
1787875436.929406404,65967.218994983,0.243365601,0.000000000,0.189398572
1787875437.029283524,65967.318876771,0.248600945,0.000000000,0.209415451
1787875437.129329443,65967.418926229,0.254238397,0.000000000,0.224815443
1787875437.229701281,65967.519286229,0.260000000,0.000000000,0.236212388
1787875437.329286337,65967.618870748,0.260000000,0.000000000,0.242379665
1787875437.429191828,65967.718784681,0.260000000,0.000000000,0.241718471
1787875437.529388428,65967.818966317,0.260000000,0.000000000,0.234708682
1787875437.629309177,65967.918909654,0.260000000,0.000000000,0.221168980
1787875437.729491711,65968.019100181,0.260000000,0.000000000,0.206973389
1787875437.829217196,65968.118807993,0.260000000,0.000000000,0.192220747
1787875437.929305792,65968.218892855,0.260000000,0.000000000,0.178135797
1787875438.029664278,65968.319256297,0.260000000,0.000000000,0.166822016
1787875438.129608631,65968.419207958,0.260000000,0.000000000,0.158419162
1787875438.229365110,65968.518946689,0.260000000,0.000000000,0.150990173
1787875438.329011679,65968.618569852,0.260000000,0.000000000,0.142454728
1787875438.429454088,65968.719032485,0.260000000,0.000000000,0.135110229
1787875438.529312849,65968.818892676,0.260000000,0.000000000,0.127358347
1787875438.629533529,65968.919133967,0.260000000,0.000000000,0.117268071
1787875438.729577065,65969.019170624,0.260000000,0.000000000,0.075195976
1787875438.829496622,65969.119082966,0.260000000,0.000000000,0.070901126
1787875438.929337740,65969.218936720,0.150000000,0.000000000,0.000000000
1787875439.029483080,65969.319067237,0.040000000,0.000000000,0.010283501
1787875439.129559755,65969.419150785,-0.029495452,0.000000000,0.016240327
1787875439.229402304,65969.518985309,-0.036104478,0.000000000,0.034806937
1787875439.329610825,65969.619200872,-0.037899882,0.000000000,0.065425009
1787875439.429535151,65969.719129143,-0.041225776,0.000000000,0.082985125
1787875439.529275417,65969.818868762,-0.038630668,0.000000000,0.101105593
1787875439.629409313,65969.918989635,-0.037733726,0.000000000,0.111642778
1787875439.729332924,65970.018903833,-0.036459681,0.000000000,0.114155665
1787875439.829386234,65970.118976752,-0.034577049,0.000000000,0.113159321
1787875439.929440737,65970.219026748,-0.033813484,0.000000000,0.110028073
1787875440.029332399,65970.318932162,-0.032070346,0.000000000,0.102397375
1787875440.129563093,65970.419157077,-0.030749848,0.000000000,0.092291445
1787875440.229371309,65970.518950488,-0.029420661,0.000000000,0.083566517
1787875440.329585552,65970.619185271,-0.027534805,0.000000000,0.074942574
1787875440.429511786,65970.719092500,-0.026580090,0.000000000,0.069588155
1787875440.529399633,65970.818981745,-0.025818380,0.000000000,0.064294018
1787875440.629450321,65970.919030382,-0.053005710,0.000000000,0.065543488
1787875440.729433537,65971.019029831,-0.059466474,0.000000000,0.061061680
1787875440.829343081,65971.118944087,-0.063452430,0.000000000,0.060426071
1787875440.929545164,65971.219125200,-0.061594833,0.000000000,0.065137103
1787875441.029474258,65971.319064676,-0.056382634,0.000000000,0.065210760
1787875441.129646778,65971.419231511,-0.049243998,0.000000000,0.061222438
1787875441.229212999,65971.518762774,-0.041670326,0.000000000,0.055094965
1787875441.329480410,65971.619074398,-0.036058027,0.000000000,0.048164982
1787875441.429566860,65971.719146358,-0.030154426,0.000000000,0.044354714
1787875441.530283213,65971.819862453,-0.024912151,0.000000000,0.040490001
1787875441.629429817,65971.919021447,-0.018419668,0.000000000,0.038291350
1787875441.729810953,65972.019410200,-0.014031628,0.000000000,0.036328189
1787875441.829406023,65972.119005653,-0.009826805,0.000000000,0.033625938
1787875441.929444313,65972.219032032,-0.006496880,0.000000000,0.031334300
1787875442.029393673,65972.318968264,-0.005304567,0.000000000,0.023933424
1787875442.129482746,65972.419083687,-0.003759648,0.000000000,0.016673306
1787875442.229500771,65972.519092055,-0.003900550,0.000000000,0.007986542
1787875442.329396009,65972.618986575,-0.004911212,0.000000000,-0.002800141
1787875442.429675817,65972.719262056,-0.005988927,0.000000000,-0.014735745
1787875442.529499292,65972.819080898,-0.006763865,0.000000000,-0.024197431
1787875442.629733562,65972.919346356,-0.007231914,0.000000000,-0.031248832
1787875442.729344368,65973.018925184,-0.007961154,0.000000000,-0.033718158
1787875442.829784393,65973.119364736,-0.007515396,0.000000000,-0.036095478
1787875442.929506302,65973.219095713,-0.007462387,0.000000000,-0.034959637
1787875443.029411793,65973.319014487,-0.007056631,0.000000000,-0.034767952
1787875443.129571438,65973.419156740,-0.006514975,0.000000000,-0.035504472
1787875443.229462624,65973.519061929,-0.005673804,0.000000000,-0.035874091
1787875443.329407454,65973.619002425,-0.004995542,0.000000000,-0.036925595
1787875443.429426670,65973.719010675,-0.004080818,0.000000000,-0.039926108
1787875443.529473543,65973.819055248,-0.003849324,0.000000000,-0.039227538
1787875443.629534483,65973.919138017,-0.003184673,0.000000000,-0.040714536
1787875443.729559660,65974.019151273,-0.002331287,0.000000000,-0.040713172
1787875443.829551697,65974.119131867,-0.001734810,0.000000000,-0.041137371
1787875443.929592133,65974.219193947,-0.001284815,0.000000000,-0.041535508
1787875444.029556990,65974.319143868,-0.001035928,0.000000000,-0.043349028
1787875444.129766464,65974.419341381,-0.000819730,0.000000000,-0.045550045
1787875444.229724884,65974.519326706,-0.000499012,0.000000000,-0.048079971
1787875444.329495668,65974.619072083,-0.000065179,0.000000000,-0.050638858
1787875444.429904461,65974.719491948,0.000465173,0.000000000,-0.053155262
1787875444.529513121,65974.819119469,0.000363337,0.000000000,-0.054733820
1787875444.629465818,65974.919074471,0.000640580,0.000000000,-0.056484811
1787875444.729520321,65975.019109682,0.001328500,0.000000000,-0.057445351
1787875444.829646826,65975.119235350,0.002081218,0.000000000,-0.058294058
1787875444.929631233,65975.219220168,0.002035919,0.000000000,-0.057339568
1787875445.029441118,65975.319016877,0.002941590,0.000000000,-0.056383491
1787875445.129318237,65975.418890584,0.003650507,0.000000000,-0.057217009
1787875445.229558706,65975.519130742,0.004059066,0.000000000,-0.061361335
1787875445.329320431,65975.618902527,0.003625787,0.000000000,-0.061566573
1787875445.429606199,65975.719208559,0.003314483,0.000000000,-0.063928589
1787875445.529590607,65975.819175017,0.003069013,0.000000000,-0.063598901
1787875445.629513741,65975.919094633,0.002503054,0.000000000,-0.062033072
1787875445.729438782,65976.019009673,0.001640075,0.000000000,-0.058471754
1787875445.829441309,65976.119012983,0.001188783,0.000000000,-0.056309957
1787875445.929415703,65976.218990142,0.001246791,0.000000000,-0.053836703
1787875446.029350519,65976.318940377,0.001139904,0.000000000,-0.052166760
1787875446.129467726,65976.419051411,0.000807301,0.000000000,-0.051375553
1787875446.229415894,65976.518989794,0.001702973,0.000000000,-0.052076280
1787875446.329560757,65976.619142623,0.002891410,0.000000000,-0.053381447
1787875446.429569483,65976.719151812,0.003447496,0.000000000,-0.055420924
1787875446.529422283,65976.819011378,0.003821820,0.000000000,-0.057521719
1787875446.629474878,65976.919062507,0.003984970,0.000000000,-0.059556708
1787875446.729362488,65977.018942853,0.004229304,0.000000000,-0.060973097
1787875446.829569101,65977.119159339,0.004580931,0.000000000,-0.062722549
1787875446.929521084,65977.219095434,0.005060121,0.000000000,-0.064641632
1787875447.029601097,65977.319185619,0.005198674,0.000000000,-0.066908628
1787875447.129551411,65977.419141879,0.005256389,0.000000000,-0.069349408
1787875447.229762793,65977.519350491,0.005326350,0.000000000,-0.070851728
1787875447.329499722,65977.619076644,0.005606149,0.000000000,-0.072474375
1787875447.429630995,65977.719234516,0.005731077,0.000000000,-0.074913807
1787875447.529515982,65977.819112308,0.005572010,0.000000000,-0.075555950
1787875447.629753113,65977.919353059,0.005564389,0.000000000,-0.076132186
1787875447.729678154,65978.019277716,0.004691035,0.000000000,-0.076141767
1787875447.830218077,65978.119804339,0.004489887,0.000000000,-0.076446027
1787875447.929491282,65978.219088688,0.004229967,0.000000000,-0.076122276
1787875448.029745102,65978.319352375,0.004334625,0.000000000,-0.076512814
1787875448.129884481,65978.419467473,0.004543878,0.000000000,-0.077080019
1787875448.229532242,65978.519111719,0.004621834,0.000000000,-0.077735834
1787875448.329490900,65978.619086162,0.004542980,0.000000000,-0.077025674
1787875448.429456949,65978.719036500,0.003953327,0.000000000,-0.077445149
1787875448.529590845,65978.819183070,0.003714843,0.000000000,-0.077978700
1787875448.629469395,65978.919049818,0.003397760,0.000000000,-0.079738513
1787875448.729511261,65979.019109138,0.003428119,0.000000000,-0.081902809
1787875448.829642773,65979.119226799,0.003735392,0.000000000,-0.083528735
1787875448.929772615,65979.219359724,0.003761156,0.000000000,-0.084577307
1787875449.029678345,65979.319269635,0.003732906,0.000000000,-0.085006140
1787875449.129689455,65979.419286780,0.003772096,0.000000000,-0.086412631
1787875449.229605675,65979.519206057,0.003834498,0.000000000,-0.087421559
1787875449.329584837,65979.619166660,0.004439516,0.000000000,-0.088255227
1787875449.429406881,65979.718994663,0.004765651,0.000000000,-0.089460991
1787875449.529675961,65979.819252114,0.004791606,0.000000000,-0.091449529
1787875449.629707336,65979.919282828,0.005353555,0.000000000,-0.093769856
1787875449.729609013,65980.019186468,0.006272499,0.000000000,-0.096126691
1787875449.829692602,65980.119273640,0.006663032,0.000000000,-0.099492170
1787875449.929513931,65980.219089735,0.006758098,0.000000000,-0.102176353
1787875450.029604912,65980.319180121,0.006511259,0.000000000,-0.104378223
1787875450.129651785,65980.419231513,0.005867303,0.000000000,-0.106200017
1787875450.229459286,65980.519036275,0.005178099,0.000000000,-0.107937701
1787875450.329540968,65980.619126351,0.005002718,0.000000000,-0.109618202
1787875450.429527044,65980.719108419,0.004526992,0.000000000,-0.111445189
1787875450.529638052,65980.819222187,0.004156796,0.000000000,-0.114209406
1787875450.629879475,65980.919654410,0.002736926,0.000000000,-0.117175288
1787875450.729681015,65981.019286384,0.001857365,0.000000000,-0.119039103
1787875450.829825640,65981.119410931,0.001794785,0.000000000,-0.122973248
1787875450.929656982,65981.219251469,0.001664768,0.000000000,-0.127572492
1787875451.029685259,65981.319268951,0.002450101,0.000000000,-0.132059902
1787875451.129884005,65981.419471077,0.003314307,0.000000000,-0.136848509
1787875451.229643583,65981.519223411,0.004338601,0.000000000,-0.141778544
1787875451.329621315,65981.619214025,0.005553413,0.000000000,-0.145150498
1787875451.429636955,65981.719244779,0.006754892,0.000000000,-0.147263363
1787875451.529488802,65981.819081411,0.007502047,0.000000000,-0.149644539
1787875451.629554510,65981.919144843,0.007565004,0.000000000,-0.151853114
1787875451.729730606,65982.019329039,0.006761224,0.000000000,-0.155462593
1787875451.829607487,65982.119186333,0.006064889,0.000000000,-0.159175843
1787875451.929780722,65982.219367665,0.005545485,0.000000000,-0.162763253
1787875452.029721498,65982.319339178,0.005503369,0.000000000,-0.167288736
1787875452.129916906,65982.419516724,0.005341761,0.000000000,-0.170893088
1787875452.229768038,65982.519355794,0.005558712,0.000000000,-0.175395921
1787875452.329520226,65982.619109230,0.005839417,0.000000000,-0.182182267
1787875452.429673910,65982.719254179,0.006273100,0.000000000,-0.189207643
1787875452.529573202,65982.819156426,0.006319812,0.000000000,-0.197668850
1787875452.629532337,65982.919116693,0.006323491,0.000000000,-0.207813025
1787875452.729708910,65983.019281700,0.005662014,0.000000000,-0.217251062
1787875452.829981804,65983.119584960,0.005303306,0.000000000,-0.225039095
1787875452.929690361,65983.219281850,0.005477318,0.000000000,-0.231110245
1787875453.030133247,65983.319739217,0.007108086,0.000000000,-0.235125110
1787875453.129645586,65983.419244871,0.008320429,0.000000000,-0.237510651
1787875453.229631662,65983.519212604,0.009009049,0.000000000,-0.237652287
1787875453.329525232,65983.619109449,0.008791199,0.000000000,-0.237664968
1787875453.429621935,65983.719200975,0.008126256,0.000000000,-0.238831282
1787875453.529685259,65983.819265121,0.008984947,0.000000000,-0.242987394
1787875453.629700184,65983.919291916,0.010548940,0.000000000,-0.245265320
1787875453.729574442,65984.019153148,0.011935141,0.000000000,-0.247956783
1787875453.829576254,65984.119151161,0.013494779,0.000000000,-0.249159694
1787875453.929860592,65984.219439444,0.014635902,0.000000000,-0.248988330
1787875454.029562950,65984.319143197,0.016213745,0.000000000,-0.247786418
1787875454.129662037,65984.419259557,0.017461225,0.000000000,-0.247004509
1787875454.229652166,65984.519234527,0.018720595,0.000000000,-0.248201713
1787875454.329670429,65984.619253489,0.020595359,0.000000000,-0.250699729
1787875454.429795027,65984.719377607,0.022371581,0.000000000,-0.253021091
1787875454.529750586,65984.819330706,0.024210729,0.000000000,-0.253794819
1787875454.629634142,65984.919210609,0.026112439,0.000000000,-0.253758281
1787875454.729687452,65985.019266138,0.027161296,0.000000000,-0.252222091
1787875454.829655647,65985.119248045,0.027507633,0.000000000,-0.248472184
1787875454.929738998,65985.219320074,0.027354782,0.000000000,-0.242540315
1787875455.029490709,65985.319063749,0.027696151,0.000000000,-0.236259326
1787875455.129778624,65985.419363966,0.027034741,0.000000000,-0.229112878
1787875455.229838610,65985.519432292,0.027300155,0.000000000,-0.221873820
1787875455.329813004,65985.619392040,0.028671704,0.000000000,-0.213738158
1787875455.429817677,65985.719398534,0.029384980,0.000000000,-0.209710702
1787875455.529902697,65985.819496092,0.030047134,0.000000000,-0.205609947
1787875455.629759789,65985.919341829,0.030394735,0.000000000,-0.203088611
1787875455.729581594,65986.019160954,0.030577799,0.000000000,-0.201119512
1787875455.829643726,65986.119241159,0.030865395,0.000000000,-0.199167535
1787875455.929591179,65986.219168328,0.030772595,0.000000000,-0.198451370
1787875456.029893875,65986.319495812,0.031034248,0.000000000,-0.197150335
1787875456.129914522,65986.419497965,0.030918512,0.000000000,-0.198004857
1787875456.229860783,65986.519459459,0.031378258,0.000000000,-0.198255092
1787875456.329918861,65986.619503619,0.031357020,0.000000000,-0.199812397
1787875456.430071831,65986.719663937,0.031351421,0.000000000,-0.201442242
1787875456.529785872,65986.819363334,0.031642813,0.000000000,-0.203371614
1787875456.629842520,65986.919442638,0.031960458,0.000000000,-0.206101805
1787875456.729712009,65987.019308218,0.031419564,0.000000000,-0.209030092
1787875456.829874992,65987.119468906,0.031850532,0.000000000,-0.211378962
1787875456.929704189,65987.219299186,0.031947199,0.000000000,-0.213968456
1787875457.029752493,65987.319326855,0.032432761,0.000000000,-0.216484502
1787875457.129604816,65987.419189804,0.031642284,0.000000000,-0.219192654
1787875457.229821682,65987.519402913,0.031243140,0.000000000,-0.220955566
1787875457.329780340,65987.619379316,0.032324009,0.000000000,-0.222123131
1787875457.429717302,65987.719307704,0.033059750,0.000000000,-0.222078428
1787875457.529782772,65987.819372819,0.033137772,0.000000000,-0.221856445
1787875457.629671574,65987.919258648,0.033439498,0.000000000,-0.221618548
1787875457.729570150,65988.019155972,0.033675276,0.000000000,-0.221440300
1787875457.829740047,65988.119310134,0.033362020,0.000000000,-0.221474975
1787875457.929561615,65988.219132333,0.033010572,0.000000000,-0.221939802
1787875458.030169487,65988.319775682,0.033557348,0.000000000,-0.222980142
1787875458.129749537,65988.419351609,0.033612434,0.000000000,-0.223760083
1787875458.229578972,65988.519162855,0.033685122,0.000000000,-0.224535495
1787875458.329705477,65988.619295987,0.033697352,0.000000000,-0.225172862
1787875458.429971218,65988.719543068,0.034373321,0.000000000,-0.225634426
1787875458.529859781,65988.819449965,0.034183338,0.000000000,-0.225970790
1787875458.629853487,65988.919426626,0.034037337,0.000000000,-0.226378724
1787875458.729835033,65989.019432017,0.033916719,0.000000000,-0.226590917
1787875458.830022812,65989.119619502,0.034040827,0.000000000,-0.226813078
1787875458.929763079,65989.219345208,0.034346893,0.000000000,-0.227134705
1787875459.029700518,65989.319293754,0.034540266,0.000000000,-0.227838248
1787875459.129899979,65989.419485422,0.034708358,0.000000000,-0.228637442
1787875459.230018854,65989.519598378,0.034886073,0.000000000,-0.229900509
1787875459.329953909,65989.619552379,0.034914445,0.000000000,-0.231186181
1787875459.430004597,65989.719590548,0.034834426,0.000000000,-0.232509285
1787875459.529799461,65989.819392592,0.035269745,0.000000000,-0.233434349
1787875459.629764318,65989.919345096,0.035538856,0.000000000,-0.234534353
1787875459.729635477,65990.019218310,0.036155276,0.000000000,-0.235282421
1787875459.829636574,65990.119214848,0.036250338,0.000000000,-0.236108080
1787875459.929895878,65990.219497717,0.036463756,0.000000000,-0.236864537
1787875460.029682875,65990.319272420,0.036156479,0.000000000,-0.237475127
1787875460.129692554,65990.419264272,0.036329005,0.000000000,-0.237427950
1787875460.230829477,65990.520416246,0.036243964,0.000000000,-0.237366915
1787875460.329625845,65990.619202845,0.036307022,0.000000000,-0.237601444
1787875460.429795265,65990.719379218,0.036866318,0.000000000,-0.237608224
1787875460.529796362,65990.819365208,0.036456838,0.000000000,-0.238395244
1787875460.629687786,65990.919255143,0.036389329,0.000000000,-0.238495544
1787875460.729703426,65991.019272403,0.036440775,0.000000000,-0.238752976
1787875460.829801798,65991.119395304,0.036155626,0.000000000,-0.239355803
1787875460.929706097,65991.219296409,0.036253609,0.000000000,-0.239648163
1787875461.029973030,65991.319563031,0.036536947,0.000000000,-0.240043446
1787875461.129801750,65991.419387394,0.037148826,0.000000000,-0.240436167
1787875461.229918242,65991.519494974,0.037027624,0.000000000,-0.241307899
1787875461.330018282,65991.619611799,0.037481707,0.000000000,-0.241914853
1787875461.429903507,65991.719494174,0.037682816,0.000000000,-0.242569640
1787875461.529613733,65991.819185322,0.037937108,0.000000000,-0.243156731
1787875461.629804134,65991.919380333,0.037771113,0.000000000,-0.244503379
1787875461.729812622,65992.019397666,0.037772264,0.000000000,-0.245628282
1787875461.829885244,65992.119470787,0.037726849,0.000000000,-0.246969804
1787875461.929683924,65992.219267553,0.037657928,0.000000000,-0.248155385
1787875462.029700756,65992.319287881,0.037197631,0.000000000,-0.249450162
1787875462.129867315,65992.419453400,0.036367066,0.000000000,-0.250569761
1787875462.229693174,65992.519276046,0.036906160,0.000000000,-0.250717610
1787875462.329902172,65992.619481305,0.036725160,0.000000000,-0.251497060
1787875462.429864168,65992.719444551,0.037571121,0.000000000,-0.250674248
1787875462.529778719,65992.819355310,0.038066983,0.000000000,-0.250767469
1787875462.629876852,65992.919472933,0.037396204,0.000000000,-0.251551509
1787875462.729738712,65993.019335622,0.038298827,0.000000000,-0.251984864
1787875462.829890966,65993.119466164,0.038981680,0.000000000,-0.252705842
1787875462.929904699,65993.219482766,0.038802348,0.000000000,-0.254019737
1787875463.029772520,65993.319362260,0.039362237,0.000000000,-0.254998446
1787875463.129797697,65993.419385056,0.038881779,0.000000000,-0.255991399
1787875463.229645491,65993.519227495,0.038018554,0.000000000,-0.257034957
1787875463.329937696,65993.619525348,0.038820490,0.000000000,-0.257080346
1787875463.429734230,65993.719305978,0.039337911,0.000000000,-0.257003039
1787875463.529877901,65993.819471291,0.038397565,0.000000000,-0.257517636
1787875463.629813910,65993.919386629,0.039054923,0.000000000,-0.257076353
1787875463.729809761,65994.019382123,0.037991196,0.000000000,-0.257690549
1787875463.829833508,65994.119417381,0.038253997,0.000000000,-0.257964998
1787875463.929895878,65994.219483660,0.038707666,0.000000000,-0.258238494
1787875464.029783964,65994.319367408,0.039099421,0.000000000,-0.258464068
1787875464.129885197,65994.419460425,0.038040508,0.000000000,-0.259202987
1787875464.229930401,65994.519510731,0.037326682,0.000000000,-0.259997010
1787875464.329951763,65994.619534904,0.037943572,0.000000000,-0.260285586
1787875464.402962685,65994.692544899,-0.050000001,0.000000000,0.000000000
1787875464.429902554,65994.719501842,0.000000000,0.000000000,-0.060285586
1787875464.502841234,65994.792423145,-0.050000001,0.000000000,0.000000000
1787875464.529894829,65994.819469675,0.000000000,0.000000000,0.000000000
1787875464.602855921,65994.892447533,-0.050000001,0.000000000,0.000000000
1787875464.629745722,65994.919334918,0.000000000,0.000000000,0.000000000
1787875464.702932119,65994.992510277,-0.050000001,0.000000000,0.000000000
1787875464.729804993,65995.019379848,0.000000000,0.000000000,0.000000000
1787875464.802798748,65995.092370035,-0.050000001,0.000000000,0.000000000
1787875464.829730988,65995.119320621,0.000000000,0.000000000,0.000000000
1787875464.902964830,65995.192553909,-0.050000001,0.000000000,0.000000000
1787875464.929861307,65995.219435357,0.000000000,0.000000000,0.000000000
1787875465.002781153,65995.292364759,-0.050000001,0.000000000,0.000000000
1787875465.029765844,65995.319335681,0.000000000,0.000000000,0.000000000
1787875465.102723598,65995.392290620,-0.050000001,0.000000000,0.000000000
1787875465.129740238,65995.419319644,0.000000000,0.000000000,0.000000000
1787875465.202735901,65995.492325830,-0.050000001,0.000000000,0.000000000
1787875465.229778767,65995.519346388,0.000000000,0.000000000,0.000000000
1787875465.302699804,65995.592286977,-0.050000001,0.000000000,0.000000000
1787875465.329746008,65995.619326304,0.000000000,0.000000000,0.000000000
1787875465.402840137,65995.692412244,-0.050000001,0.000000000,0.000000000
1787875465.429811239,65995.719394796,0.000000000,0.000000000,0.000000000
1787875465.502712250,65995.792295527,-0.050000001,0.000000000,0.000000000
1787875465.529871464,65995.819440523,0.000000000,0.000000000,0.000000000
1787875465.603045464,65995.892634246,-0.050000001,0.000000000,0.000000000
1787875465.629696369,65995.919265784,0.000000000,0.000000000,0.000000000
1787875465.702671289,65995.992251475,-0.050000001,0.000000000,0.000000000
1787875465.729686022,65996.019251810,0.000000000,0.000000000,0.000000000
1787875465.802888632,65996.092455994,-0.050000001,0.000000000,0.000000000
1787875465.902655840,65996.192224073,-0.050000001,0.000000000,0.000000000
1787875466.002774000,65996.292358015,-0.050000001,0.000000000,0.000000000
1787875466.102692127,65996.392276724,-0.050000001,0.000000000,0.000000000
1787875466.202900887,65996.492469274,-0.050000001,0.000000000,0.000000000
1787875466.303069353,65996.592659924,-0.050000001,0.000000000,0.000000000
1787875466.402770758,65996.692339300,-0.050000001,0.000000000,0.000000000
1787875466.502806187,65996.792392914,-0.050000001,0.000000000,0.000000000
1787875466.602869749,65996.892441073,-0.050000001,0.000000000,0.000000000
1787875466.702846527,65996.992426994,-0.050000001,0.000000000,0.000000000
1787875466.803089619,65997.092672430,-0.050000001,0.000000000,0.000000000
1787875466.902873516,65997.192457596,-0.050000001,0.000000000,0.000000000
1787875467.002934456,65997.292530710,-0.050000001,0.000000000,0.000000000
1787875467.102990866,65997.392600282,-0.050000001,0.000000000,0.000000000
1787875467.202823162,65997.492400696,-0.050000001,0.000000000,0.000000000
1787875467.302974701,65997.592569034,-0.050000001,0.000000000,0.000000000
1787875467.403169870,65997.692752513,-0.050000001,0.000000000,0.000000000
1787875467.502904654,65997.792492683,-0.050000001,0.000000000,0.000000000
1787875467.602932930,65997.892515830,-0.050000001,0.000000000,0.000000000
1787875467.702912569,65997.992505864,-0.050000001,0.000000000,0.000000000
1787875467.802938938,65998.092532010,-0.050000001,0.000000000,0.000000000
1787875467.902789354,65998.192380393,-0.050000001,0.000000000,0.000000000
1787875468.002954006,65998.292540687,-0.050000001,0.000000000,0.000000000
1787875468.102990389,65998.392572335,-0.050000001,0.000000000,0.000000000
1787875468.203161001,65998.492745850,-0.050000001,0.000000000,0.000000000
1787875468.302911043,65998.592492839,-0.050000001,0.000000000,0.000000000
1787875468.403078794,65998.692677325,-0.050000001,0.000000000,0.000000000
1787875468.503077030,65998.792672938,-0.050000001,0.000000000,0.000000000
1787875468.602916956,65998.892509667,-0.050000001,0.000000000,0.000000000
1787875468.703164816,65998.992754077,-0.050000001,0.000000000,0.000000000
1787875468.802829981,65999.092416534,-0.050000001,0.000000000,0.000000000
1787875468.902885914,65999.192459544,-0.050000001,0.000000000,0.000000000
1787875469.002767563,65999.292352701,-0.050000001,0.000000000,0.000000000
1787875469.102880716,65999.392468895,-0.050000001,0.000000000,0.000000000
1787875469.202868700,65999.492439398,-0.050000001,0.000000000,0.000000000
1787875469.302814960,65999.592384831,-0.050000001,0.000000000,0.000000000
1787875469.402892828,65999.692478392,-0.050000001,0.000000000,0.000000000
1787875469.502937555,65999.792511525,-0.050000001,0.000000000,0.000000000
1787875469.603179693,65999.892780279,-0.050000001,0.000000000,0.000000000
1787875469.702876568,65999.992472448,-0.050000001,0.000000000,0.000000000
1787875469.802897453,66000.092474479,-0.050000001,0.000000000,0.000000000
1787875469.902971983,66000.192555586,-0.050000001,0.000000000,0.000000000
1787875470.002734423,66000.292303061,-0.050000001,0.000000000,0.000000000
1787875470.102685690,66000.392239243,-0.050000001,0.000000000,0.000000000
1787875470.202812672,66000.492386317,-0.050000001,0.000000000,0.000000000
1787875470.302742243,66000.592331100,-0.050000001,0.000000000,0.000000000
1787875470.402754068,66000.692335289,-0.050000001,0.000000000,0.000000000
1787875470.502749443,66000.792331164,-0.050000001,0.000000000,0.000000000
1787875470.602776766,66000.892356403,-0.050000001,0.000000000,0.000000000
1787875470.702763796,66000.992340047,-0.050000001,0.000000000,0.000000000
1787875470.802868843,66001.092439698,-0.050000001,0.000000000,0.000000000
1787875470.902899742,66001.192486412,-0.050000001,0.000000000,0.000000000
1787875471.002821207,66001.292409689,-0.050000001,0.000000000,0.000000000
1787875471.102696657,66001.392277504,-0.050000001,0.000000000,0.000000000
1787875471.202697515,66001.492287719,-0.050000001,0.000000000,0.000000000
1787875471.302833557,66001.592403189,-0.050000001,0.000000000,0.000000000
1787875471.402576923,66001.692160685,0.000000000,0.000000000,0.000000000
1787875471.630234003,66001.919829296,-0.011172963,0.000000000,0.018723588
1787875471.730031013,66002.019608607,-0.020340038,0.000000000,0.026522169
1787875471.830086470,66002.119668321,-0.027098369,0.000000000,0.035354570
1787875471.929904938,66002.219475956,-0.029978614,0.000000000,0.041262541
1787875472.029880524,66002.319462738,-0.031601209,0.000000000,0.048417471
1787875472.130009174,66002.419581082,-0.030859496,0.000000000,0.053727914
1787875472.229918957,66002.519504838,-0.030119456,0.000000000,0.061645169
1787875472.329978704,66002.619565658,-0.030669123,0.000000000,0.071452901
1787875472.429884434,66002.719463404,-0.031202348,0.000000000,0.084647819
1787875472.529891014,66002.819460554,-0.031148989,0.000000000,0.094271742
1787875472.630158901,66002.919747077,-0.031765144,0.000000000,0.105338298
1787875472.730062246,66003.019651257,-0.031830966,0.000000000,0.113475479
1787875472.830064297,66003.119654554,-0.031830966,0.000000000,0.113475479
1787875472.930569410,66003.220161180,-0.030210346,0.000000000,0.128813490
1787875473.030091763,66003.319688156,-0.028805677,0.000000000,0.136074111
1787875473.130135059,66003.419730383,-0.027786411,0.000000000,0.143346280
1787875473.230060816,66003.519654240,-0.036375497,0.000000000,0.148443103
1787875473.330173731,66003.619750090,-0.038581613,0.000000000,0.155057177
1787875473.429996014,66003.719600477,-0.041289508,0.000000000,0.157711580
1787875473.530008793,66003.819619378,-0.043514833,0.000000000,0.161428288
1787875473.630141258,66003.919719092,-0.044560865,0.000000000,0.170622170
1787875473.730075598,66004.019671614,-0.046003520,0.000000000,0.182575405
1787875473.829975128,66004.119552032,-0.046242043,0.000000000,0.200774804
1787875473.930163145,66004.219783189,-0.046685442,0.000000000,0.219217420
1787875474.030197620,66004.319799823,-0.046239004,0.000000000,0.232488215
1787875474.130092621,66004.419683980,-0.046239004,0.000000000,0.232488215
1787875474.230233669,66004.519809913,-0.043280885,0.000000000,0.248983890
1787875474.330146313,66004.619723595,-0.042892564,0.000000000,0.254352063
1787875474.430245876,66004.719833166,-0.042658471,0.000000000,0.260863364
1787875474.529999733,66004.819590490,-0.047364831,0.000000000,0.256516993
1787875474.630056143,66004.919631060,-0.044542357,0.000000000,0.255813122
1787875474.730089188,66005.019661149,-0.041967370,0.000000000,0.252218962
1787875474.829948425,66005.119523633,-0.039155215,0.000000000,0.246568516
1787875474.929919004,66005.219497447,-0.036702175,0.000000000,0.239583075
1787875475.030201912,66005.319783353,-0.036702175,0.000000000,0.239583075
1787875475.130123854,66005.419701907,-0.029889068,0.000000000,0.234506905
1787875475.230156660,66005.519735859,-0.026726270,0.000000000,0.233493820
1787875475.330241442,66005.619823441,-0.023867933,0.000000000,0.231410354
1787875475.430116653,66005.719694538,-0.021522038,0.000000000,0.227982312
1787875475.530347347,66005.819936805,-0.019492010,0.000000000,0.223017797
1787875475.630358934,66005.919957018,-0.017442390,0.000000000,0.216346994
1787875475.729975462,66006.019553510,-0.015320574,0.000000000,0.207971394
1787875475.830317736,66006.119898422,-0.013181702,0.000000000,0.200316817
1787875475.930333138,66006.219913017,-0.011687513,0.000000000,0.192644417
1787875476.030137777,66006.319731732,-0.009408438,0.000000000,0.184991255
1787875476.130209208,66006.419806685,-0.008974404,0.000000000,0.177097693
1787875476.230187416,66006.519789086,-0.008101874,0.000000000,0.169342726
1787875476.330058336,66006.619653115,-0.007672825,0.000000000,0.163473427
1787875476.430210114,66006.719808082,-0.007415116,0.000000000,0.159357190
1787875476.530103445,66006.819708577,-0.008307524,0.000000000,0.159838378
1787875476.630215645,66006.919807972,-0.008898810,0.000000000,0.158931941
1787875476.730142117,66007.019742478,-0.009644969,0.000000000,0.157961160
1787875476.830028534,66007.119604625,-0.009884927,0.000000000,0.158948749
1787875476.930308342,66007.219901853,-0.009786972,0.000000000,0.160803944
1787875477.030053139,66007.319646007,-0.010384115,0.000000000,0.162139654
1787875477.130102158,66007.419684374,-0.009759752,0.000000000,0.163834423
1787875477.230126381,66007.519704920,-0.008737922,0.000000000,0.165116191
1787875477.330170870,66007.619765017,-0.008174441,0.000000000,0.165086091
1787875477.430020332,66007.719613675,-0.008174441,0.000000000,0.165086091
1787875477.530298948,66007.819878941,-0.006893533,0.000000000,0.165945649
1787875477.630194187,66007.919766736,-0.007392508,0.000000000,0.166275769
1787875477.730095863,66008.019666907,-0.007650683,0.000000000,0.167010814
1787875477.830150366,66008.119727857,-0.007650683,0.000000000,0.167010814
1787875477.930018663,66008.219593235,-0.009048573,0.000000000,0.167926937
1787875478.030146122,66008.319736993,-0.010429360,0.000000000,0.168902874
1787875478.130101204,66008.419697340,-0.011687667,0.000000000,0.170830548
1787875478.230384111,66008.519991605,-0.011687667,0.000000000,0.170830548
1787875478.330505610,66008.620087401,-0.014264246,0.000000000,0.182062998
1787875478.430183649,66008.719800061,-0.014500664,0.000000000,0.186513752
1787875478.530582428,66008.820178211,-0.013207912,0.000000000,0.190777183
1787875478.630086899,66008.919668841,-0.014179746,0.000000000,0.212928355
1787875478.729963303,66009.019536768,-0.015206682,0.000000000,0.228192553
1787875478.830205917,66009.119797339,-0.012776435,0.000000000,0.245269239
1787875478.930085897,66009.219664929,-0.011715690,0.000000000,0.259447873
1787875479.030199051,66009.319775052,-0.010712360,0.000000000,0.272095561
1787875479.130068779,66009.419638904,-0.009805660,0.000000000,0.292762339
1787875479.229917288,66009.519474353,-0.009804971,0.000000000,0.313468874
1787875479.330203295,66009.619801609,-0.009356558,0.000000000,0.331595987
1787875479.430144072,66009.719724809,-0.004763396,0.000000000,0.349028945
1787875479.530216932,66009.819799921,0.001432328,0.000000000,0.362708628
1787875479.630191565,66009.919767846,0.006856768,0.000000000,0.379613310
1787875479.730325937,66010.019925907,0.010676403,0.000000000,0.388480127
1787875479.830251932,66010.119835122,0.016536746,0.000000000,0.393937141
1787875479.930245399,66010.219822669,0.016536746,0.000000000,0.393937141
1787875480.030319929,66010.319900012,0.027558398,0.000000000,0.396862954
1787875480.129954100,66010.419522249,0.032177877,0.000000000,0.391629338
1787875480.230277300,66010.519853125,0.033861287,0.000000000,0.385402709
1787875480.330258608,66010.619840944,0.035786513,0.000000000,0.376174629
1787875480.430419922,66010.720023311,0.038938057,0.000000000,0.364093363
1787875480.530408382,66010.819991951,0.043013029,0.000000000,0.347213268
1787875480.630289078,66010.919871900,0.046791058,0.000000000,0.329362184
1787875480.730147600,66011.019736810,0.049765859,0.000000000,0.310540617
1787875480.830450773,66011.120071630,0.049765859,0.000000000,0.310540617
1787875480.930099487,66011.219675380,0.057057414,0.000000000,0.271078140
1787875481.030307770,66011.319884795,0.062381037,0.000000000,0.250321567
1787875481.130273342,66011.419856003,0.067104585,0.000000000,0.230413839
1787875481.230155230,66011.519743025,0.070288479,0.000000000,0.210894465
1787875481.330064535,66011.619647102,0.071337409,0.000000000,0.193999588
1787875481.430135727,66011.719722266,0.072209030,0.000000000,0.180450112
1787875481.530250549,66011.819822738,0.073198594,0.000000000,0.167470112
1787875481.630184650,66011.919775344,0.073820882,0.000000000,0.156204581
1787875481.730233431,66012.019830248,0.074031554,0.000000000,0.148871258
1787875481.830374241,66012.119946348,0.074031554,0.000000000,0.148871258
1787875481.930568457,66012.220160746,0.073201999,0.000000000,0.149899304
1787875482.030337334,66012.319917294,0.073591284,0.000000000,0.153921440
1787875482.130247831,66012.419845015,0.071881950,0.000000000,0.162987813
1787875482.230203629,66012.519790879,0.071881950,0.000000000,0.162987813
1787875482.330263138,66012.619855386,0.070975326,0.000000000,0.187552467
1787875482.430510998,66012.720091761,0.071612179,0.000000000,0.206175521
1787875482.530148268,66012.819721264,0.078522697,0.000000000,0.222037300
1787875482.630190611,66012.919773620,0.084927924,0.000000000,0.239115223
1787875482.730030537,66013.019611013,0.084927924,0.000000000,0.239115223
1787875482.830201387,66013.119775869,0.100349821,0.000000000,0.256787717
1787875482.930341482,66013.219919350,0.105118655,0.000000000,0.257362634
1787875483.030381918,66013.319963690,0.109278597,0.000000000,0.255001277
1787875483.130396605,66013.419974583,0.113086998,0.000000000,0.249316677
1787875483.230201244,66013.519791764,0.117527641,0.000000000,0.239367500
1787875483.330236197,66013.619822105,0.122417457,0.000000000,0.224309534
1787875483.430135489,66013.719718561,0.127496302,0.000000000,0.212038398
1787875483.530237436,66013.819808544,0.133609742,0.000000000,0.205398604
1787875483.630223513,66013.919795351,0.140721038,0.000000000,0.194650412
1787875483.730381727,66014.019968573,0.140721038,0.000000000,0.194650412
1787875483.830266953,66014.119851241,0.153098673,0.000000000,0.161788344
1787875483.930283546,66014.219866347,0.159515575,0.000000000,0.141052246
1787875484.030598640,66014.320177815,0.166548565,0.000000000,0.124231637
1787875484.130204678,66014.419784525,0.166548565,0.000000000,0.124231637
1787875484.230187893,66014.519775894,0.167193085,0.000000000,0.175021976
1787875484.330201387,66014.619801573,0.167276859,0.000000000,0.197190583
1787875484.430186749,66014.719783006,0.177542061,0.000000000,0.169748306
1787875484.530678511,66014.820288844,0.177542061,0.000000000,0.169748306
1787875484.630093336,66014.919669693,0.184463114,0.000000000,0.153566822
1787875484.730392694,66015.019990447,0.187750071,0.000000000,0.179276466
1787875484.830241203,66015.119827498,0.187004179,0.000000000,0.199390978
1787875484.930308342,66015.219907048,0.188276619,0.000000000,0.219877824
1787875485.030238152,66015.319830811,0.190774515,0.000000000,0.225252137
1787875485.130378008,66015.419963053,0.194584876,0.000000000,0.216557667
1787875485.230286837,66015.519858913,0.199750796,0.000000000,0.203399688
1787875485.330114603,66015.619682753,0.203504622,0.000000000,0.193239912
1787875485.430392504,66015.719971429,0.204561502,0.000000000,0.201575190
1787875485.530230045,66015.819945475,0.201663837,0.000000000,0.226222858
1787875485.630357981,66015.919956088,0.194981053,0.000000000,0.258092761
1787875485.730558395,66016.020149907,0.191440940,0.000000000,0.302595615
1787875485.830320120,66016.119901687,0.190176159,0.000000000,0.340773702
1787875485.930545807,66016.220143202,0.187245682,0.000000000,0.371962368
1787875486.030400753,66016.319981328,0.185334176,0.000000000,0.400196314
1787875486.130325556,66016.419933062,0.185334176,0.000000000,0.400196314
1787875486.230586290,66016.520182711,0.171847001,0.000000000,0.465207160
1787875486.330456495,66016.620069893,0.168686643,0.000000000,0.500492692
1787875486.430385351,66016.719963297,0.153939605,0.000000000,0.537801981
1787875486.530328989,66016.819926994,0.153939605,0.000000000,0.537801981
1787875486.630350828,66016.919931029,0.129481703,0.000000000,0.620864391
1787875486.730224609,66017.019812536,0.020281639,0.000000000,0.648113370
1787875486.830316305,66017.119919689,-0.002272349,0.000000000,0.773581386
1787875486.930534363,66017.220132921,-0.020809028,0.000000000,0.777056813
1787875487.030310154,66017.319915411,-0.012042321,0.000000000,0.741259158
1787875487.130382776,66017.419962192,-0.005885628,0.000000000,0.725841880
1787875487.230252981,66017.519831013,-0.037658572,0.000000000,0.732655764
1787875487.330354214,66017.619933490,-0.066416942,0.000000000,0.709684074
1787875487.430356979,66017.719937116,-0.037201166,0.000000000,0.636593640
1787875487.530379772,66017.819969722,-0.024336316,0.000000000,0.557487488
1787875487.630340576,66017.919922624,0.000523053,0.000000000,0.475597382
1787875487.730366945,66018.019958811,0.018375257,0.000000000,0.409056544
1787875487.830251455,66018.119842523,0.025497233,0.000000000,0.348099649
1787875487.930464506,66018.220093266,0.021274772,0.000000000,0.296774894
1787875488.030619144,66018.320197696,0.012419393,0.000000000,0.253043801
1787875488.130594969,66018.420174756,0.012419393,0.000000000,0.253043801
1787875488.230415344,66018.519994115,-0.005553229,0.000000000,0.196500763
1787875488.330246449,66018.619841855,-0.032463107,0.000000000,0.204070792
1787875488.430281878,66018.719876702,-0.075792700,0.000000000,0.217918679
1787875488.530398130,66018.819980284,-0.097105429,0.000000000,0.229444101
1787875488.630310774,66018.919886000,-0.109412715,0.000000000,0.238905877
1787875488.730387211,66019.019967775,-0.108385958,0.000000000,0.248292029
1787875488.830329418,66019.119931608,-0.104676440,0.000000000,0.260839790
1787875488.930423021,66019.219997767,-0.098940946,0.000000000,0.272072613
1787875489.030447006,66019.320053885,-0.098940946,0.000000000,0.272072613
1787875489.130365133,66019.419945011,-0.091618799,0.000000000,0.289652079
1787875489.230526447,66019.520117801,-0.089938670,0.000000000,0.296792507
1787875489.330415010,66019.620028569,-0.088382654,0.000000000,0.302732825
1787875489.430672884,66019.720260543,-0.086922243,0.000000000,0.308761984
1787875489.530271053,66019.819851633,-0.085398421,0.000000000,0.314141512
1787875489.630572796,66019.920155375,-0.083525695,0.000000000,0.318364024
1787875489.730404377,66020.019983211,-0.050110143,0.000000000,0.282399237
1787875489.830366135,66020.119956423,-0.025118252,0.000000000,0.270667762
1787875489.930459499,66020.220071356,-0.004980909,0.000000000,0.258833110
1787875490.030444622,66020.320059054,0.008812166,0.000000000,0.240310714
1787875490.130388737,66020.419968881,0.016820587,0.000000000,0.218251184
1787875490.230387926,66020.519984427,0.019969124,0.000000000,0.196758047
1787875490.330463171,66020.620074873,0.021029100,0.000000000,0.175877258
1787875490.430307627,66020.719895773,-0.000975984,0.000000000,0.184284657
1787875490.530513763,66020.820097739,-0.000975984,0.000000000,0.184284657
1787875490.630415440,66020.919994757,-0.029966226,0.000000000,0.201033831
1787875490.730588675,66021.020192127,-0.039664537,0.000000000,0.211421236
1787875490.830368996,66021.119947309,-0.045776505,0.000000000,0.225373119
1787875490.931078911,66021.220745584,-0.044217121,0.000000000,0.240916371
1787875491.030407906,66021.319985496,-0.046937715,0.000000000,0.255687922
1787875491.130464554,66021.420070737,-0.055234831,0.000000000,0.272802860
1787875491.230672359,66021.520270429,-0.087579004,0.000000000,0.283256143
1787875491.330338717,66021.619943515,-0.098932408,0.000000000,0.289333761
1787875491.430447578,66021.720061117,-0.105471335,0.000000000,0.290391475
1787875491.530481339,66021.820098593,-0.101254016,0.000000000,0.295465142
1787875491.630417824,66021.920048122,-0.093104094,0.000000000,0.305893451
1787875491.730535746,66022.020121505,-0.083926454,0.000000000,0.319690019
1787875491.830441713,66022.120058124,-0.070891000,0.000000000,0.335511893
1787875491.930419922,66022.220039343,-0.060180977,0.000000000,0.347635031
1787875492.030374050,66022.319954261,-0.050015170,0.000000000,0.355464548
1787875492.130326271,66022.419918711,-0.066729963,0.000000000,0.374241352
1787875492.230622292,66022.520207541,-0.074251041,0.000000000,0.387941420
1787875492.330711365,66022.620315066,-0.079620481,0.000000000,0.397340119
1787875492.430571556,66022.720157012,-0.079620481,0.000000000,0.397340119
1787875492.530600309,66022.820200252,-0.079041645,0.000000000,0.401791304
1787875492.630451918,66022.920059462,-0.034450807,0.000000000,0.351496369
1787875492.730876684,66023.020473924,-0.004820276,0.000000000,0.337119848
1787875492.830465555,66023.120072742,0.016672287,0.000000000,0.326871037
1787875492.930447340,66023.220058073,0.049657255,0.000000000,0.302736193
1787875493.030634165,66023.320213580,0.081664421,0.000000000,0.288602978
1787875493.130388498,66023.419976402,0.106697731,0.000000000,0.278859675
1787875493.230469227,66023.520098785,0.092280529,0.000000000,0.243740782
1787875493.330462217,66023.620089093,0.072709814,0.000000000,0.198098511
1787875493.430636644,66023.720220334,0.049994782,0.000000000,0.143321604
1787875493.530460596,66023.820074752,0.031613022,0.000000000,0.088218763
1787875493.630443096,66023.920052924,0.021907568,0.000000000,0.037220996
1787875493.730714083,66024.020295018,0.016348645,0.000000000,-0.005543795
1787875493.830351353,66024.119933677,0.012985475,0.000000000,-0.040687956
1787875493.930367947,66024.219966273,0.006567694,0.000000000,-0.069136359
1787875494.030842304,66024.320425663,0.001246748,0.000000000,-0.096002206
1787875494.130382061,66024.419977454,-0.004202510,0.000000000,-0.123112947
1787875494.230463743,66024.520075714,-0.004793970,0.000000000,-0.150076985
1787875494.330358505,66024.619945560,-0.003776903,0.000000000,-0.174964622
1787875494.430338621,66024.719930610,-0.001675306,0.000000000,-0.198359504
1787875494.530406475,66024.819997813,0.000711852,0.000000000,-0.219197929
1787875494.630437851,66024.920046440,0.003057500,0.000000000,-0.238220260
1787875494.730673552,66025.020269112,0.003057500,0.000000000,-0.238220260
1787875494.830534697,66025.120134812,0.006425404,0.000000000,-0.268032998
1787875494.930719376,66025.220315997,0.007189434,0.000000000,-0.279233575
1787875495.030653954,66025.320244461,0.007735243,0.000000000,-0.286489248
1787875495.130679846,66025.420282156,0.007735243,0.000000000,-0.286489248
1787875495.230590820,66025.520179473,0.009780060,0.000000000,-0.292842567
1787875495.330621481,66025.620200970,0.010596245,0.000000000,-0.291932285
1787875495.430547476,66025.720140800,0.010986628,0.000000000,-0.288370013
1787875495.530610323,66025.820187667,0.011202120,0.000000000,-0.283642262
1787875495.630334377,66025.919915764,0.011197453,0.000000000,-0.277169764
1787875495.730341673,66026.019922292,0.027034456,0.000000000,-0.252767175
1787875495.830407858,66026.119979639,0.039108720,0.000000000,-0.217910618
1787875495.930557013,66026.220139069,0.048607279,0.000000000,-0.180860788
1787875496.030539274,66026.320132392,0.053594183,0.000000000,-0.148441821
1787875496.130563021,66026.420141253,0.054605871,0.000000000,-0.115523390
1787875496.230477571,66026.520094725,0.054950181,0.000000000,-0.089010738
1787875496.330477715,66026.620091351,0.054594342,0.000000000,-0.067347057
1787875496.430675983,66026.720256750,0.053159315,0.000000000,-0.048745114
1787875496.530602932,66026.820216110,0.050707590,0.000000000,-0.031849213
1787875496.630538702,66026.920119309,0.048265733,0.000000000,-0.017274287
1787875496.730639935,66027.020230158,0.045823645,0.000000000,-0.003487964
1787875496.830907106,66027.120486503,0.045823645,0.000000000,-0.003487964
1787875496.930604696,66027.220190396,0.043708671,0.000000000,0.011897526
1787875497.030406713,66027.319989315,0.026091896,0.000000000,0.021317298
1787875497.130663395,66027.420260967,0.011876044,0.000000000,0.008378960
1787875497.230288744,66027.519842828,0.002225969,0.000000000,-0.007354966
1787875497.330635786,66027.620211820,-0.005182341,0.000000000,-0.024458632
1787875497.430627108,66027.720210764,-0.009119705,0.000000000,-0.043120213
1787875497.530658722,66027.820247396,-0.010893634,0.000000000,-0.060414471
1787875497.630370617,66027.919954890,-0.012168929,0.000000000,-0.075907871
1787875497.730370522,66028.019947875,-0.012168929,0.000000000,-0.075907871
1787875497.830414057,66028.119983375,0.012565521,0.000000000,-0.054267693
1787875497.930456161,66028.220065285,0.023277331,0.000000000,-0.040306881
1787875498.030661345,66028.320243146,0.028921593,0.000000000,-0.020900369
1787875498.130620241,66028.420204117,0.031960145,0.000000000,-0.001516683
1787875498.230644703,66028.520224593,0.032288123,0.000000000,0.017398579
1787875498.330666065,66028.620262324,0.030223828,0.000000000,0.036954761
1787875498.430535078,66028.720115438,0.027989242,0.000000000,0.052562285
1787875498.530604601,66028.820186796,0.014641515,0.000000000,0.046538163
1787875498.630639553,66028.920239929,0.003492294,0.000000000,0.034359522
1787875498.730474234,66029.020087857,-0.005546102,0.000000000,0.016942356
1787875498.830626249,66029.120210420,-0.010659379,0.000000000,-0.002300811
1787875498.930478096,66029.220088683,-0.013751568,0.000000000,-0.022947825
1787875499.030647039,66029.320229119,-0.015438072,0.000000000,-0.045096785
1787875499.130580902,66029.420159726,-0.015438072,0.000000000,-0.045096785
1787875499.230758905,66029.520355539,-0.016083129,0.000000000,-0.088748895
1787875499.330581903,66029.620163918,-0.002203566,0.000000000,-0.088615954
1787875499.430779696,66029.720365925,0.007310170,0.000000000,-0.079631284
1787875499.530799866,66029.820375788,0.007310170,0.000000000,-0.079631284
1787875499.630691528,66029.920268055,0.021244630,0.000000000,-0.051033430
1787875499.730659008,66030.020243033,0.023574842,0.000000000,-0.030737042
1787875499.830712795,66030.120294459,0.023681907,0.000000000,-0.008019549
1787875499.930642605,66030.220222271,0.023681907,0.000000000,-0.008019549
1787875500.030640841,66030.320222438,0.022498708,0.000000000,0.033055712
1787875500.130850792,66030.420446343,0.021499991,0.000000000,0.051654667
1787875500.230671644,66030.520269322,0.020411439,0.000000000,0.067512579
1787875500.330632448,66030.620212879,0.007079456,0.000000000,0.061758243
1787875500.430693865,66030.720275767,-0.003584321,0.000000000,0.045581110
1787875500.531061172,66030.820641900,-0.011955942,0.000000000,0.024895452
1787875500.630407572,66030.920041939,-0.015415348,0.000000000,0.000648194
1787875500.730751038,66031.020332384,-0.018008206,0.000000000,-0.023529420
1787875500.830570698,66031.120171471,-0.019720759,0.000000000,-0.047546171
1787875500.930758238,66031.220355097,-0.020315086,0.000000000,-0.070303462
1787875501.030602455,66031.320187709,-0.007170609,0.000000000,-0.070450470
1787875501.130535364,66031.420114514,0.001705990,0.000000000,-0.061763536
1787875501.231077909,66031.520678631,0.001705990,0.000000000,-0.061763536
1787875501.330661774,66031.620256657,0.015505724,0.000000000,-0.033260904
1787875501.430877924,66031.720484523,0.017653421,0.000000000,-0.012663250
1787875501.530623198,66031.820215230,0.018150382,0.000000000,0.008195833
1787875501.630608559,66031.920170885,0.017952681,0.000000000,0.028759757
1787875501.731011152,66032.020594968,0.017952681,0.000000000,0.028759757
1787875501.830533266,66032.120107960,0.016598042,0.000000000,0.063009292
1787875501.930960178,66032.220530137,0.015620669,0.000000000,0.078232162
1787875502.030605793,66032.320196615,0.014415378,0.000000000,0.093042195
1787875502.130462170,66032.420053561,0.013127248,0.000000000,0.104188308
1787875502.230680227,66032.520254711,0.013127248,0.000000000,0.104188308
1787875502.330824137,66032.620395504,-0.015364706,0.000000000,0.072253048
1787875502.430588484,66032.720178297,-0.024528917,0.000000000,0.047760922
1787875502.530551910,66032.820127001,-0.029543150,0.000000000,0.019688979
1787875502.630645275,66032.920213781,-0.029890075,0.000000000,-0.009474466
1787875502.730523825,66033.020071185,-0.028267330,0.000000000,-0.035985511
1787875502.830864429,66033.120455865,-0.025888508,0.000000000,-0.059228700
1787875502.930566549,66033.220153552,-0.023261048,0.000000000,-0.079258032
1787875503.030684233,66033.320280414,-0.021292111,0.000000000,-0.096554607
1787875503.130632877,66033.420212171,-0.020003146,0.000000000,-0.111545473
1787875503.230658054,66033.520255992,-0.005397247,0.000000000,-0.105035909
1787875503.330636978,66033.620241795,0.005874454,0.000000000,-0.091339126
1787875503.430807829,66033.720408290,0.013633839,0.000000000,-0.071423307
1787875503.530745506,66033.820347836,0.018290097,0.000000000,-0.049941294
1787875503.630683899,66033.920276244,0.018290097,0.000000000,-0.049941294
1787875503.730593443,66034.020180975,0.018629817,0.000000000,-0.013739809
1787875503.830658197,66034.120255979,0.017289517,0.000000000,0.002752022
1787875503.930710077,66034.220291037,0.017142160,0.000000000,0.016170487
1787875504.030893326,66034.320480452,0.016515395,0.000000000,0.029552830
1787875504.130646229,66034.420240678,0.015931683,0.000000000,0.041399825
1787875504.230760813,66034.520352399,0.015486930,0.000000000,0.053280786
1787875504.330621243,66034.620202689,0.014705593,0.000000000,0.064850345
1787875504.430862665,66034.720434934,0.013816226,0.000000000,0.074565351
1787875504.530658007,66034.820231093,0.012629318,0.000000000,0.085255623
1787875504.630680323,66034.920274451,0.011630321,0.000000000,0.093227938
1787875504.730658531,66035.020239960,0.010930992,0.000000000,0.100964978
1787875504.830789089,66035.120372604,-0.003919320,0.000000000,0.088936403
1787875504.931022167,66035.220599381,-0.000833763,0.000000000,0.087599166
1787875505.030744076,66035.320338420,0.004448815,0.000000000,0.090765603
1787875505.130763054,66035.420360075,0.010478668,0.000000000,0.098373480
1787875505.231154203,66035.520737647,0.013007577,0.000000000,0.107859403
1787875505.330711842,66035.620290950,0.014261495,0.000000000,0.118290961
1787875505.430923462,66035.720515712,0.013583223,0.000000000,0.129721999
1787875505.530720949,66035.820297136,0.012523067,0.000000000,0.140189663
1787875505.630783081,66035.920367603,0.011473517,0.000000000,0.150743589
1787875505.730672836,66036.020253280,0.011354055,0.000000000,0.160273463
1787875505.830846548,66036.120421861,0.011486589,0.000000000,0.168141156
1787875505.930768490,66036.220341077,0.011486589,0.000000000,0.168141156
1787875506.030548811,66036.320133844,0.010940635,0.000000000,0.181505069
1787875506.130641699,66036.420215311,0.010045748,0.000000000,0.185503766
1787875506.230775118,66036.520373436,0.010010852,0.000000000,0.187423930
1787875506.330707312,66036.620303750,0.009617518,0.000000000,0.189449251
1787875506.430620193,66036.720206513,0.008904418,0.000000000,0.191181198
1787875506.530583858,66036.820167794,0.008742270,0.000000000,0.192941457
1787875506.630703449,66036.920293325,0.008855815,0.000000000,0.195656419
1787875506.730961084,66037.020561883,0.008618779,0.000000000,0.198676899
1787875506.830638885,66037.120217869,0.008302625,0.000000000,0.203992650
1787875506.930892706,66037.220483347,0.007880302,0.000000000,0.210650012
1787875507.030757904,66037.320338744,0.007446216,0.000000000,0.218095481
1787875507.130834341,66037.420426625,0.007763324,0.000000000,0.225528121
1787875507.230749369,66037.520346333,0.008732826,0.000000000,0.231944844
1787875507.330805540,66037.620401890,0.009626322,0.000000000,0.237600029
1787875507.430612803,66037.720184919,0.011043102,0.000000000,0.243683085
1787875507.530753136,66037.820345784,0.012421883,0.000000000,0.250270516
1787875507.630849838,66037.920457275,0.013899554,0.000000000,0.258373290
1787875507.730879545,66038.020458985,0.013899554,0.000000000,0.258373290
1787875507.830802202,66038.120377721,0.016640957,0.000000000,0.271299511
1787875507.930727243,66038.220318505,0.019191593,0.000000000,0.274480015
1787875508.030862093,66038.320442227,0.021636577,0.000000000,0.278954536
1787875508.130735397,66038.420317990,0.023167744,0.000000000,0.283368260
1787875508.230727434,66038.520308573,0.023167744,0.000000000,0.283368260
1787875508.331080914,66038.620674580,0.028014481,0.000000000,0.301721662
1787875508.430883646,66038.720483465,0.033561591,0.000000000,0.309885591
1787875508.530715227,66038.820289565,0.038206846,0.000000000,0.317127794
1787875508.630599260,66038.920170046,0.043794360,0.000000000,0.316984743
1787875508.730833769,66039.020417211,0.049589243,0.000000000,0.313773930
1787875508.830801964,66039.120379712,0.055387177,0.000000000,0.308180630
1787875508.930935383,66039.220534127,0.059842337,0.000000000,0.299619883
1787875509.030983686,66039.320577695,0.064192504,0.000000000,0.288265079
1787875509.130837202,66039.420415986,0.069208175,0.000000000,0.270376951
1787875509.230686426,66039.520264378,0.074949034,0.000000000,0.249247491
1787875509.330725670,66039.620324448,0.082313873,0.000000000,0.229748532
1787875509.430832148,66039.720415834,0.090274848,0.000000000,0.208211035
1787875509.530856371,66039.820450245,0.000000000,0.000000000,0.008211035
1787875509.630797148,66039.920376070,0.000000000,0.000000000,0.000000000
1787875509.730887651,66040.020485060,0.090000000,0.000000000,0.121689394
1787875509.830729961,66040.120307829,0.124541782,0.000000000,0.081307672
1787875509.930986404,66040.220565210,0.130103320,0.000000000,0.046713423
1787875510.030908108,66040.320502189,0.133449912,0.000000000,0.017818548
1787875510.130820274,66040.420417418,0.134604871,0.000000000,-0.004901093
1787875510.230857611,66040.520453801,0.134540945,0.000000000,-0.022658510
1787875510.331014872,66040.620623838,0.133769333,0.000000000,-0.036462318
1787875510.430816412,66040.720394832,0.132703856,0.000000000,-0.047274377
1787875510.530981064,66040.820578987,0.131668001,0.000000000,-0.055807471
1787875510.630880356,66040.920481472,0.130832344,0.000000000,-0.062505275
1787875510.730904102,66041.020502116,0.129716858,0.000000000,-0.079880297
1787875510.830872536,66041.120452655,0.128038824,0.000000000,-0.096674085
1787875510.930707932,66041.220282334,0.126244664,0.000000000,-0.113176525
1787875511.030956030,66041.320538874,0.125039980,0.000000000,-0.128877535
1787875511.130712032,66041.420285050,0.124398150,0.000000000,-0.144301087
1787875511.230916977,66041.520506076,0.124149539,0.000000000,-0.159475356
1787875511.330880165,66041.620467977,0.124014221,0.000000000,-0.174502254
1787875511.430769920,66041.720361299,0.124136753,0.000000000,-0.189586684
1787875511.531283855,66041.820868610,0.123978071,0.000000000,-0.204461738
1787875511.630812645,66041.920402526,0.123700395,0.000000000,-0.219346374
1787875511.731036425,66042.020634125,0.123684317,0.000000000,-0.234281003
1787875511.830993414,66042.120575512,0.124077596,0.000000000,-0.248930067
1787875511.930824757,66042.220405110,0.124745160,0.000000000,-0.262780100
1787875512.030856609,66042.320449357,0.125593901,0.000000000,-0.275696754
1787875512.131116390,66042.420706585,0.126578480,0.000000000,-0.287727326
1787875512.230919600,66042.520496706,0.127989948,0.000000000,-0.299067616
1787875512.331180096,66042.620773903,0.129507840,0.000000000,-0.309530407
1787875512.430827618,66042.720420791,0.131112322,0.000000000,-0.319243193
1787875512.531022310,66042.820610256,0.132852077,0.000000000,-0.328333437
1787875512.630989313,66042.920581017,0.134859309,0.000000000,-0.336843669
1787875512.730956554,66043.020552739,0.136909723,0.000000000,-0.344571620
1787875512.831372976,66043.120973006,0.138989285,0.000000000,-0.351612926
1787875512.930830002,66043.220410229,0.141168043,0.000000000,-0.358033508
1787875513.030740738,66043.320328554,0.143551633,0.000000000,-0.363855720
1787875513.130786657,66043.420374908,0.145894140,0.000000000,-0.368955076
1787875513.230704308,66043.520276492,0.148316815,0.000000000,-0.373506278
1787875513.330835819,66043.620418962,0.150932625,0.000000000,-0.377596885
1787875513.430744410,66043.720330570,0.153508946,0.000000000,-0.381159008
1787875513.530916929,66043.820488292,0.156013906,0.000000000,-0.384380013
1787875513.630808592,66043.920395636,0.158557668,0.000000000,-0.387398183
1787875513.730846405,66044.020420849,0.161328614,0.000000000,-0.390209436
1787875513.830831766,66044.120412781,0.164022088,0.000000000,-0.392718852
1787875513.931033850,66044.220614013,0.166777089,0.000000000,-0.395071894
1787875514.030887604,66044.320483408,0.169807732,0.000000000,-0.397233754
1787875514.131077290,66044.420655413,0.172776029,0.000000000,-0.399176508
1787875514.231015444,66044.520613945,0.175637200,0.000000000,-0.401092142
1787875514.330851555,66044.620446644,0.178493083,0.000000000,-0.403033525
1787875514.430940628,66044.720537633,0.181582361,0.000000000,-0.404780000
1787875514.531015158,66044.820598637,0.184283853,0.000000000,-0.406357616
1787875514.630918026,66044.920506441,0.188171372,0.000000000,-0.407242894
1787875514.730741501,66045.020323856,0.192047015,0.000000000,-0.407469690
1787875514.830997229,66045.120571719,0.195921749,0.000000000,-0.407335579
1787875514.930804491,66045.220388184,0.200578824,0.000000000,-0.406439751
1787875515.030863762,66045.320433687,0.205075800,0.000000000,-0.405174226
1787875515.130916595,66045.420503541,0.210215598,0.000000000,-0.403045505
1787875515.230933905,66045.520513863,0.215046808,0.000000000,-0.400723696
1787875515.330933809,66045.620517770,0.220720366,0.000000000,-0.397206724
1787875515.430985451,66045.720580090,0.226022661,0.000000000,-0.393534541
1787875515.530978441,66045.820562491,0.231933281,0.000000000,-0.388670146
1787875515.630998135,66045.920579763,0.237369895,0.000000000,-0.383777380
1787875515.730989456,66046.020574001,0.243539840,0.000000000,-0.377114981
1787875515.830848694,66046.120430420,0.249122947,0.000000000,-0.370409727
1787875515.930891752,66046.220468681,0.255128652,0.000000000,-0.362090200
1787875516.031112432,66046.320701663,0.260000000,0.000000000,-0.351642311
1787875516.130873919,66046.420448374,0.260000000,0.000000000,-0.339417487
1787875516.231017828,66046.520615534,0.260000000,0.000000000,-0.327585280
1787875516.330743551,66046.620315298,0.260000000,0.000000000,-0.314596474
1787875516.431141138,66046.720727315,0.260000000,0.000000000,-0.300048977
1787875516.531063080,66046.820664292,0.260000000,0.000000000,-0.286304384
1787875516.630899668,66046.920477107,0.260000000,0.000000000,-0.271807134
1787875516.731036425,66047.020608163,0.260000000,0.000000000,-0.258500814
1787875516.830784559,66047.120358808,0.260000000,0.000000000,-0.243900970
1787875516.930885077,66047.220459565,0.260000000,0.000000000,-0.230468005
1787875517.030733824,66047.320296160,0.260000000,0.000000000,-0.216390476
1787875517.130906105,66047.420483218,0.260000000,0.000000000,-0.203565925
1787875517.239197731,66047.528790101,0.260000000,0.000000000,-0.191729084
1787875517.330906868,66047.620479775,0.260000000,0.000000000,-0.179020047
1787875517.431003332,66047.720583346,0.260000000,0.000000000,-0.167393148
1787875517.530924320,66047.820513489,0.260000000,0.000000000,-0.199572623
1787875517.631075382,66047.920659894,0.260000000,0.000000000,-0.184325099
1787875517.731057644,66048.020659713,0.260000000,0.000000000,-0.170976400
1787875517.831054449,66048.120666396,0.260000000,0.000000000,-0.196863905
1787875517.930922747,66048.220500864,0.260000000,0.000000000,-0.174244106
1787875518.030941010,66048.320511533,0.260000000,0.000000000,-0.154056326
1787875518.130866289,66048.420455969,0.260000000,0.000000000,-0.176054776
1787875518.230936766,66048.520511639,0.260000000,0.000000000,-0.148912326
1787875518.330975056,66048.620548226,0.260000000,0.000000000,-0.126335025
1787875518.431001663,66048.720591109,0.260000000,0.000000000,-0.146726847
1787875518.531143665,66048.820731936,0.260000000,0.000000000,-0.164061785
1787875518.631002903,66048.920579532,0.260000000,0.000000000,-0.134958699
1787875518.730923891,66049.020517059,0.260000000,0.000000000,-0.150203273
1787875518.831116915,66049.120692081,0.260000000,0.000000000,-0.166337162
1787875518.930949450,66049.220550845,0.260000000,0.000000000,-0.134469971
1787875519.031085014,66049.320670323,0.260000000,0.000000000,-0.100786068
1787875519.131128311,66049.420709797,0.260000000,0.000000000,-0.103577852
1787875519.231100082,66049.520680147,0.260000000,0.000000000,-0.062075097
1787875519.331103563,66049.620688783,0.260000000,0.000000000,-0.025203198
1787875519.431042671,66049.720627082,0.260000000,0.000000000,-0.026235344
1787875519.530962944,66049.820553157,0.260000000,0.000000000,0.005480266
1787875519.631045580,66049.920633052,0.260000000,0.000000000,-0.002308940
1787875519.730985641,66050.020570523,0.260000000,0.000000000,-0.002253003
1787875519.830938101,66050.120507413,0.260000000,0.000000000,0.024195770
1787875519.930850267,66050.220430236,0.260000000,0.000000000,0.020796439
1787875520.030887127,66050.320461077,0.260000000,0.000000000,0.010406150
1787875520.130976200,66050.420562407,0.260000000,0.000000000,0.035368815
1787875520.230916977,66050.520497833,0.260000000,0.000000000,0.056635592
1787875520.331027269,66050.620612939,0.260000000,0.000000000,0.079906411
1787875520.431196928,66050.720794870,0.260000000,0.000000000,0.077492788
1787875520.531067371,66050.820649562,0.260000000,0.000000000,0.065892532
1787875520.633154154,66050.922730526,0.260000000,0.000000000,0.083150111
1787875520.731203318,66051.020804655,0.260000000,0.000000000,0.096628003
1787875520.831188679,66051.120802930,0.260000000,0.000000000,0.112727635
1787875520.930894613,66051.220472510,0.260000000,0.000000000,0.126856998
1787875521.030974150,66051.320546572,0.260000000,0.000000000,0.139205143
1787875521.130931139,66051.420517283,0.260000000,0.000000000,0.133722812
1787875521.230849028,66051.520425287,0.260000000,0.000000000,0.142246410
1787875521.330749273,66051.620317547,0.260000000,0.000000000,0.146369755
1787875521.431196213,66051.720791458,0.260000000,0.000000000,0.150164604
1787875521.531026602,66051.820602421,0.260000000,0.000000000,0.152148083
1787875521.630887508,66051.920469301,0.260000000,0.000000000,0.153075635
1787875521.731142044,66052.020710854,0.260000000,0.000000000,0.153461054
1787875521.830924273,66052.120503249,0.260000000,0.000000000,0.142655760
1787875521.930883646,66052.220453762,0.260000000,0.000000000,0.142610893
1787875522.031123638,66052.320695809,0.260000000,0.000000000,0.133140802
1787875522.131088972,66052.420675975,0.260000000,0.000000000,0.133700177
1787875522.230940104,66052.520515024,0.260000000,0.000000000,0.128101528
1787875522.331008434,66052.620593632,0.260000000,0.000000000,0.123795159
1787875522.430929661,66052.720526374,0.260000000,0.000000000,0.125241309
1787875522.530871153,66052.820443272,0.260000000,0.000000000,0.124113277
1787875522.631003857,66052.920580257,0.260000000,0.000000000,0.126435637
1787875522.731208563,66053.020782598,0.260000000,0.000000000,0.127872571
1787875522.830897093,66053.120466218,0.260000000,0.000000000,0.128639683
1787875522.930970430,66053.220555398,0.260000000,0.000000000,0.131101727
1787875523.030884027,66053.320468290,0.260000000,0.000000000,0.129328176
1787875523.130976200,66053.420544844,0.260000000,0.000000000,0.127391338
1787875523.231186867,66053.520754685,0.260000000,0.000000000,0.128895015
1787875523.330913782,66053.620497453,0.260000000,0.000000000,0.127033368
1787875523.431075811,66053.720652272,0.260000000,0.000000000,0.127899513
1787875523.530965328,66053.820543655,0.260000000,0.000000000,0.123606138
1787875523.630903959,66053.920487525,0.260000000,0.000000000,0.124744967
1787875523.730893612,66054.020463465,0.260000000,0.000000000,0.121675678
1787875523.831144094,66054.120714483,0.260000000,0.000000000,0.117498860
1787875523.930958986,66054.220530787,0.260000000,0.000000000,0.116830833
1787875524.031152964,66054.320725136,0.260000000,0.000000000,0.113364711
1787875524.131053925,66054.420654143,0.260000000,0.000000000,0.110393569
1787875524.230943918,66054.520531894,0.260000000,0.000000000,0.109882370
1787875524.331037521,66054.620607025,0.260000000,0.000000000,0.105720423
1787875524.431042671,66054.720616980,0.260000000,0.000000000,0.104304917
1787875524.530979633,66054.820548068,0.260000000,0.000000000,0.099611238
1787875524.631287098,66054.920877775,0.260000000,0.000000000,0.098060742
1787875524.731144905,66055.020724128,0.260000000,0.000000000,0.094775461
1787875524.831168175,66055.120744604,0.260000000,0.000000000,0.090203986
1787875524.931080341,66055.220659359,0.260000000,0.000000000,0.089046277
1787875525.030970812,66055.320561588,0.260000000,0.000000000,0.084506504
1787875525.131087542,66055.420687866,0.260000000,0.000000000,0.082988098
1787875525.231092930,66055.520674729,0.260000000,0.000000000,0.078603752
1787875525.331237316,66055.620816956,0.260000000,0.000000000,0.072088182
1787875525.431089640,66055.720687519,0.260000000,0.000000000,0.070356473
1787875525.531177998,66055.820758150,0.260000000,0.000000000,0.063320629
1787875525.631145000,66055.920745833,0.260000000,0.000000000,0.061804645
1787875525.731271029,66056.020856498,0.260000000,0.000000000,0.056162793
1787875525.831142902,66056.120740775,0.260000000,0.000000000,0.050934091
1787875525.931459665,66056.221063886,0.260000000,0.000000000,0.050140496
1787875526.031229258,66056.320829555,0.260000000,0.000000000,0.044433180
1787875526.131036520,66056.420612672,0.260000000,0.000000000,0.043939255
1787875526.231211185,66056.520795344,0.260000000,0.000000000,0.039870761
1787875526.331179380,66056.620757724,0.260000000,0.000000000,0.034671258
1787875526.431199789,66056.720777324,0.260000000,0.000000000,0.033836644
1787875526.531131983,66056.820707756,0.260000000,0.000000000,0.029052202
1787875526.631006956,66056.920583774,0.260000000,0.000000000,0.029020999
1787875526.731122732,66057.020702957,0.260000000,0.000000000,0.025590986
1787875526.831301451,66057.120902830,0.260000000,0.000000000,0.022858771
1787875526.931216478,66057.220801897,0.260000000,0.000000000,0.023444248
1787875527.031270504,66057.320871387,0.260000000,0.000000000,0.020685086
1787875527.131256819,66057.420842950,0.260000000,0.000000000,0.021483112
1787875527.231242657,66057.520825899,0.260000000,0.000000000,0.019439286
1787875527.330967665,66057.620542800,0.260000000,0.000000000,0.017503072
1787875527.431159019,66057.720732665,0.260000000,0.000000000,0.018227804
1787875527.531125069,66057.820718139,0.260000000,0.000000000,0.016362509
1787875527.631157160,66057.920748742,0.260000000,0.000000000,0.017318789
1787875527.731595278,66058.021191742,0.260000000,0.000000000,0.015921233
1787875527.831076145,66058.120660487,0.260000000,0.000000000,0.014547387
1787875527.931175232,66058.220746705,0.260000000,0.000000000,0.015966775
1787875528.031069279,66058.320650455,0.260000000,0.000000000,0.015299446
1787875528.131123781,66058.420709359,0.260000000,0.000000000,0.016173253
1787875528.231119871,66058.520697768,0.260000000,0.000000000,0.014737216
1787875528.331101656,66058.620690873,0.260000000,0.000000000,0.015671726
1787875528.431152821,66058.720741422,0.260000000,0.000000000,0.014810595
1787875528.530969381,66058.820538654,0.260000000,0.000000000,0.013856906
1787875528.631085157,66058.920665425,0.260000000,0.000000000,0.014340890
1787875528.731293440,66059.020863861,0.260000000,0.000000000,0.013240801
1787875528.831007957,66059.120577681,0.260000000,0.000000000,0.013815486
1787875528.931305170,66059.220872976,0.260000000,0.000000000,0.012503212
1787875529.031049728,66059.320617792,0.260000000,0.000000000,0.010951523
1787875529.131100416,66059.420668644,0.260000000,0.000000000,0.011515036
1787875529.231221199,66059.520810443,0.260000000,0.000000000,0.009678734
1787875529.331194878,66059.620777633,0.260000000,0.000000000,0.008300673
1787875529.431214809,66059.720785676,0.260000000,0.000000000,0.008254665
1787875529.531030178,66059.820615207,0.260000000,0.000000000,0.006165347
1787875529.631272793,66059.920853678,0.260000000,0.000000000,0.006612436
1787875529.731213093,66060.020811564,0.260000000,0.000000000,0.003960881
1787875529.831105471,66060.120689247,0.260000000,0.000000000,0.004707709
1787875529.931299210,66060.220876157,0.260000000,0.000000000,0.002854231
1787875530.031082869,66060.320668702,0.260000000,0.000000000,0.001099469
1787875530.131399155,66060.420994263,0.260000000,0.000000000,0.001585227
1787875530.231324196,66060.520905664,0.260000000,0.000000000,0.000161577
1787875530.331263304,66060.620852175,0.260000000,0.000000000,0.001613638
1787875530.431165695,66060.720746530,0.260000000,0.000000000,0.000311370
1787875530.531122684,66060.820698739,0.260000000,0.000000000,-0.000972243
1787875530.631162643,66060.920739909,0.260000000,0.000000000,0.000264657
1787875530.731197357,66061.020779345,0.260000000,0.000000000,-0.000603438
1787875530.831155300,66061.120747329,0.260000000,0.000000000,-0.000883089
1787875530.931298256,66061.220882469,0.260000000,0.000000000,0.000141139
1787875531.031247377,66061.320829095,0.260000000,0.000000000,0.000184452
1787875531.131308556,66061.420899043,0.260000000,0.000000000,0.002230072
1787875531.231506586,66061.521106131,0.260000000,0.000000000,0.001844925
1787875531.331273794,66061.620838039,0.260000000,0.000000000,0.003543927
1787875531.431280375,66061.720882093,0.260000000,0.000000000,0.002953260
1787875531.531264544,66061.820849933,0.260000000,0.000000000,0.003459678
1787875531.631106853,66061.920685120,0.260000000,0.000000000,0.005376708
1787875531.731224298,66062.020805834,0.260000000,0.000000000,0.005650917
1787875531.831197500,66062.120775595,0.260000000,0.000000000,0.007280315
1787875531.931155443,66062.220745069,0.260000000,0.000000000,0.007081008
1787875532.031272411,66062.320850664,0.260000000,0.000000000,0.007506565
1787875532.131220579,66062.420815117,0.260000000,0.000000000,0.009447366
1787875532.231516361,66062.521103689,0.260000000,0.000000000,0.009356313
1787875532.331337929,66062.620917975,0.260000000,0.000000000,0.010906125
1787875532.431385756,66062.720972793,0.260000000,0.000000000,0.010273750
1787875532.531290770,66062.820861890,0.260000000,0.000000000,0.010677040
1787875532.631392241,66062.920961902,0.260000000,0.000000000,0.009847381
1787875532.731312037,66063.020881463,0.260000000,0.000000000,0.009096302
1787875532.831254721,66063.120851609,0.260000000,0.000000000,0.010434391
1787875532.931250095,66063.220842773,0.260000000,0.000000000,0.009811655
1787875533.031441450,66063.321016079,0.260000000,0.000000000,0.011111420
1787875533.131258249,66063.420859726,0.260000000,0.000000000,0.009867579
1787875533.231338501,66063.520927992,0.260000000,0.000000000,0.009052663
1787875533.331313848,66063.620912931,0.260000000,0.000000000,0.009177186
1787875533.431377172,66063.720979409,0.260000000,0.000000000,0.007575504
1787875533.531559706,66063.821162290,0.260000000,0.000000000,0.008355944
1787875533.631352901,66063.920955028,0.260000000,0.000000000,0.006461306
1787875533.731302261,66064.020896840,0.260000000,0.000000000,0.005725922
1787875533.831369162,66064.120952376,0.260000000,0.000000000,0.006642104
1787875533.931221724,66064.220807690,0.260000000,0.000000000,0.005022804
1787875534.031409740,66064.320978827,0.260000000,0.000000000,0.005757008
1787875534.131131887,66064.420704222,0.260000000,0.000000000,0.003913931
1787875534.231089592,66064.520660201,0.260000000,0.000000000,0.004204873
1787875534.331244230,66064.620818600,0.260000000,0.000000000,0.002617813
1787875534.431155920,66064.720739962,0.260000000,0.000000000,0.024365777
1787875534.531201363,66064.820771689,0.260000000,0.000000000,0.050623089
1787875534.631166697,66064.920738137,0.260000000,0.000000000,0.066149764
1787875534.731294394,66065.020880729,0.260000000,0.000000000,0.079749659
1787875534.831209183,66065.120792810,0.260000000,0.000000000,0.080830261
1787875534.931410074,66065.220991089,0.260000000,0.000000000,0.081161678
1787875535.031424284,66065.321018074,0.260000000,0.000000000,0.075256042
1787875535.131317616,66065.420908584,0.260000000,0.000000000,0.066488504
1787875535.231344461,66065.520922370,0.260000000,0.000000000,0.064360656
1787875535.331192970,66065.620769251,0.260000000,0.000000000,0.059131935
1787875535.431350470,66065.720941252,0.260000000,0.000000000,0.051854152
1787875535.531341076,66065.820937307,0.260000000,0.000000000,0.048727062
1787875535.631200075,66065.920779484,0.260000000,0.000000000,0.041382149
1787875535.731102228,66066.020670652,0.260000000,0.000000000,0.038782418
1787875535.831238985,66066.120823374,0.260000000,0.000000000,0.032768339
1787875535.931270123,66066.220847149,0.260000000,0.000000000,0.024884226
1787875536.031191587,66066.320764512,0.260000000,0.000000000,0.020477541
1787875536.131403685,66066.420984539,0.260000000,0.000000000,0.013038554
1787875536.231319666,66066.520888991,0.260000000,0.000000000,0.010022156
1787875536.331340790,66066.620932248,0.260000000,0.000000000,0.005009522
1787875536.431194305,66066.720769910,0.260000000,0.000000000,-0.001870684
1787875536.531233788,66066.820827317,0.260000000,0.000000000,-0.003940421
1787875536.631391287,66066.920971512,0.260000000,0.000000000,-0.010803807
1787875536.731307983,66067.020883119,0.260000000,0.000000000,-0.019266758
1787875536.831206083,66067.120788471,0.260000000,0.000000000,-0.023078335
1787875536.931702614,66067.221296253,0.260000000,0.000000000,-0.029391205
1787875537.031346798,66067.320941974,0.260000000,0.000000000,-0.032582134
1787875537.131485462,66067.421085759,0.260000000,0.000000000,-0.038678285
1787875537.231232405,66067.520811485,0.260000000,0.000000000,-0.046314809
1787875537.331349611,66067.620928844,0.260000000,0.000000000,-0.046805985
1787875537.431408405,66067.721003046,0.260000000,0.000000000,-0.050908428
1787875537.531234503,66067.820809419,0.260000000,0.000000000,-0.051479049
1787875537.631333590,66067.920925602,0.260000000,0.000000000,-0.052907255
1787875537.731282234,66068.020870258,0.260000000,0.000000000,-0.057141207
1787875537.831270933,66068.120850413,0.260000000,0.000000000,-0.057485070
1787875537.931332350,66068.220914586,0.260000000,0.000000000,-0.060223550
1787875538.031306267,66068.320899905,0.260000000,0.000000000,-0.059542444
1787875538.131418943,66068.421001601,0.260000000,0.000000000,-0.061412092
1787875538.231439352,66068.521046982,0.260000000,0.000000000,-0.066280931
1787875538.331295013,66068.620891074,0.260000000,0.000000000,-0.065741204
1787875538.431463003,66068.721058494,0.260000000,0.000000000,-0.067235440
1787875538.531380177,66068.820977912,0.260000000,0.000000000,-0.066595033
1787875538.631293297,66068.920865530,0.260000000,0.000000000,-0.068295114
1787875538.731200218,66069.020766969,0.260000000,0.000000000,-0.065970264
1787875538.831181049,66069.120751174,0.260000000,0.000000000,-0.065187179
1787875538.931198359,66069.220782571,0.260000000,0.000000000,-0.063928157
1787875539.031411886,66069.320981684,0.260000000,0.000000000,-0.059338901
1787875539.131371021,66069.420939647,0.260000000,0.000000000,-0.056732435
1787875539.231351852,66069.520920724,0.260000000,0.000000000,-0.050808921
1787875539.331120729,66069.620689164,0.260000000,0.000000000,-0.047516406
1787875539.431152344,66069.720734206,0.260000000,0.000000000,-0.044276912
1787875539.531607151,66069.821190121,0.260000000,0.000000000,-0.038938556
1787875539.631356955,66069.920931046,0.260000000,0.000000000,-0.036138136
1787875539.731154680,66070.020726914,0.260000000,0.000000000,-0.030341223
1787875539.831459045,66070.121030262,0.260000000,0.000000000,-0.027289873
1787875539.931520700,66070.221104217,0.260000000,0.000000000,-0.023214201
1787875540.031350851,66070.320969181,0.260000000,0.000000000,-0.016853837
1787875540.131461620,66070.421045360,0.260000000,0.000000000,-0.012874223
1787875540.231542826,66070.521139481,0.260000000,0.000000000,-0.008401817
1787875540.331325293,66070.620924712,0.260000000,0.000000000,-0.005864563
1787875540.431267738,66070.720850565,0.260000000,0.000000000,-0.000354350
1787875540.531576872,66070.821179390,0.260000000,0.000000000,0.003068835
1787875540.631137848,66070.920698910,0.260000000,0.000000000,0.006787352
1787875540.731401682,66071.020988676,0.260000000,0.000000000,0.012932021
1787875540.831271410,66071.120861978,0.260000000,0.000000000,0.016486013
1787875540.931271076,66071.220865651,0.260000000,0.000000000,0.020479061
1787875541.031855106,66071.321449776,0.260000000,0.000000000,0.025417037
1787875541.131332874,66071.420929632,0.260000000,0.000000000,0.028801255
1787875541.231343508,66071.520943373,0.260000000,0.000000000,0.034153782
1787875541.331383228,66071.620977955,0.260000000,0.000000000,0.035773970
1787875541.431406498,66071.720986726,0.260000000,0.000000000,0.041477386
1787875541.531452656,66071.821036398,0.260000000,0.000000000,0.043571759
1787875541.631367683,66071.920949507,0.260000000,0.000000000,0.043821830
1787875541.731289625,66072.020862828,0.260000000,0.000000000,0.047989678
1787875541.831482649,66072.121069692,0.260000000,0.000000000,0.047447152
1787875541.931287766,66072.220858607,0.260000000,0.000000000,0.046268005
1787875542.031574011,66072.321155838,0.260000000,0.000000000,0.050331965
1787875542.131412268,66072.421002753,0.260000000,0.000000000,0.048721693
1787875542.231379509,66072.520967044,0.260000000,0.000000000,0.054825649
1787875542.331339598,66072.620909870,0.260000000,0.000000000,0.051397860
1787875542.431408644,66072.720978564,0.260000000,0.000000000,0.046495643
1787875542.531663895,66072.821255242,0.260000000,0.000000000,0.055725817
1787875542.631390572,66072.920970730,0.260000000,0.000000000,0.055524427
1787875542.731336355,66073.020916681,0.260000000,0.000000000,0.031180343
1787875542.831359386,66073.120935398,0.260000000,0.000000000,0.021079669
1787875542.931394339,66073.220967231,0.260000000,0.000000000,0.010424905
1787875543.031269073,66073.320853044,0.260000000,0.000000000,-0.007587898
1787875543.131335020,66073.420915066,0.260000000,0.000000000,-0.012234909
1787875543.231233597,66073.520803104,0.260000000,0.000000000,-0.026778862
1787875543.331187248,66073.620767166,0.260000000,0.000000000,-0.038187169
1787875543.431471109,66073.721051081,0.260000000,0.000000000,-0.038573634
1787875543.531383753,66073.820953036,0.260000000,0.000000000,-0.040968202
1787875543.631333113,66073.920918088,0.260000000,0.000000000,-0.044310942
1787875543.731261253,66074.020844671,0.260000000,0.000000000,-0.056569118
1787875543.831321716,66074.120891976,0.260000000,0.000000000,-0.056145053
1787875543.931328058,66074.220910028,0.260000000,0.000000000,-0.056764599
1787875544.031297684,66074.320865964,0.260000000,0.000000000,-0.065849639
1787875544.131391764,66074.420978073,0.260000000,0.000000000,-0.062595427
1787875544.231342077,66074.520922190,0.260000000,0.000000000,-0.060348786
1787875544.331415653,66074.620986633,0.260000000,0.000000000,-0.058016542
1787875544.431225538,66074.720794451,0.260000000,0.000000000,-0.056216456
1787875544.531368017,66074.820950852,0.260000000,0.000000000,-0.053961258
1787875544.631546259,66074.921144066,0.260000000,0.000000000,-0.051570829
1787875544.731724024,66075.021305443,0.260000000,0.000000000,-0.057651542
1787875544.831349611,66075.120925646,0.260000000,0.000000000,-0.051918786
1787875544.931450367,66075.221028511,0.260000000,0.000000000,-0.058751963
1787875545.031521082,66075.321101876,0.260000000,0.000000000,-0.064829901
1787875545.131572485,66075.421147664,0.260000000,0.000000000,-0.062457241
1787875545.231423140,66075.521014205,0.260000000,0.000000000,-0.063625768
1787875545.331304789,66075.620888349,0.260000000,0.000000000,-0.066447891
1787875545.431547165,66075.721142100,0.260000000,0.000000000,-0.078788295
1787875545.531589746,66075.821174130,0.260000000,0.000000000,-0.077292725
1787875545.631415844,66075.920993687,0.260000000,0.000000000,-0.077042803
1787875545.731608629,66076.021204376,0.260000000,0.000000000,-0.086032622
1787875545.831737518,66076.121333553,0.260000000,0.000000000,-0.082192168
1787875545.931444883,66076.221020256,0.260000000,0.000000000,-0.079712704
1787875546.031399727,66076.320978752,0.260000000,0.000000000,-0.077377222
1787875546.131274939,66076.420846935,0.260000000,0.000000000,-0.075474292
1787875546.232007504,66076.521599605,0.260000000,0.000000000,-0.073271535
1787875546.331540108,66076.621121786,0.260000000,0.000000000,-0.070958346
1787875546.431561947,66076.721142352,0.260000000,0.000000000,-0.077934928
1787875546.531483650,66076.821066892,0.260000000,0.000000000,-0.072276495
1787875546.631384850,66076.920961277,0.260000000,0.000000000,-0.079386540
1787875546.731626034,66077.021220308,0.260000000,0.000000000,-0.085043758
1787875546.831501722,66077.121085031,0.260000000,0.000000000,-0.091727257
1787875546.931542635,66077.221123383,0.260000000,0.000000000,-0.089491807
1787875547.031671762,66077.321270321,0.260000000,0.000000000,-0.100256480
1787875547.131490707,66077.421085386,0.260000000,0.000000000,-0.109377824
1787875547.231596470,66077.521166292,0.260000000,0.000000000,-0.117369942
1787875547.331543446,66077.621142680,0.260000000,0.000000000,-0.123913117
1787875547.431422472,66077.721013849,0.260000000,0.000000000,-0.129479945
1787875547.531636238,66077.821215602,0.260000000,0.000000000,-0.133785829
1787875547.631571054,66077.921151201,0.260000000,0.000000000,-0.136728823
1787875547.731559753,66078.021139134,0.260000000,0.000000000,-0.138216183
1787875547.831403255,66078.121001290,0.260000000,0.000000000,-0.138609439
1787875547.931452274,66078.221043078,0.260000000,0.000000000,-0.137977660
1787875548.031683683,66078.321269856,0.260000000,0.000000000,-0.136789709
1787875548.131584883,66078.421166432,0.260000000,0.000000000,-0.134956598
1787875548.231525660,66078.521122894,0.260000000,0.000000000,-0.132618576
1787875548.331544399,66078.621144009,0.260000000,0.000000000,-0.129488617
1787875548.431383133,66078.720954860,0.260000000,0.000000000,-0.125944972
1787875548.531316042,66078.820884912,0.260000000,0.000000000,-0.122145712
1787875548.631455660,66078.921024893,0.260000000,0.000000000,-0.117962092
1787875548.731501341,66079.021090582,0.260000000,0.000000000,-0.113762751
1787875548.831330299,66079.120898787,0.260000000,0.000000000,-0.109639987
1787875548.931329489,66079.220896572,0.260000000,0.000000000,-0.105362564
1787875549.031308174,66079.320889312,0.260000000,0.000000000,-0.101205021
1787875549.131532431,66079.421104741,0.260000000,0.000000000,-0.097190015
1787875549.233026743,66079.522618387,0.260000000,0.000000000,-0.093356565
1787875549.331485271,66079.621065929,0.260000000,0.000000000,-0.089413889
1787875549.431421757,66079.721006972,0.260000000,0.000000000,-0.085625663
1787875549.531455040,66079.821045357,0.260000000,0.000000000,-0.082001105
1787875549.631604433,66079.921182798,0.260000000,0.000000000,-0.078364968
1787875549.731570721,66080.021170437,0.260000000,0.000000000,-0.074957497
1787875549.831530094,66080.121121922,0.260000000,0.000000000,-0.071734712
1787875549.931841612,66080.221424568,0.260000000,0.000000000,-0.068744667
1787875550.031562090,66080.321135065,0.260000000,0.000000000,-0.065987840
1787875550.131419897,66080.420989212,0.260000000,0.000000000,-0.063260175
1787875550.231567383,66080.521152637,0.260000000,0.000000000,-0.060740661
1787875550.331724644,66080.621311594,0.260000000,0.000000000,-0.058398318
1787875550.431530714,66080.721110237,0.260000000,0.000000000,-0.056180049
1787875550.531484127,66080.821073773,0.260000000,0.000000000,-0.054117925
1787875550.631396055,66080.920967746,0.260000000,0.000000000,-0.052105859
1787875550.731385231,66081.020956963,0.260000000,0.000000000,-0.050378002
1787875550.831471205,66081.121053847,0.260000000,0.000000000,-0.048756793
1787875550.931485415,66081.221057275,0.260000000,0.000000000,-0.047191493
1787875551.031628847,66081.321215851,0.260000000,0.000000000,-0.045936361
1787875551.131576061,66081.421150989,0.260000000,0.000000000,-0.044760242
1787875551.231731892,66081.521311311,0.260000000,0.000000000,-0.043606929
1787875551.331674814,66081.621272405,0.260000000,0.000000000,-0.042540941
1787875551.432104588,66081.721686367,0.260000000,0.000000000,-0.041834023
1787875551.531531096,66081.821108930,0.260000000,0.000000000,-0.041155964
1787875551.631655931,66081.921236998,0.260000000,0.000000000,-0.040410712
1787875551.731451035,66082.021029357,0.260000000,0.000000000,-0.039853141
1787875551.831674099,66082.121251834,0.260000000,0.000000000,-0.039152496
1787875551.931634665,66082.221216048,0.260000000,0.000000000,-0.037722573
1787875552.031524897,66082.321105617,0.260000000,0.000000000,-0.036918197
1787875552.131574869,66082.421167263,0.260000000,0.000000000,-0.036069557
1787875552.231817484,66082.521395784,0.260000000,0.000000000,-0.035407059
1787875552.331597805,66082.621183676,0.260000000,0.000000000,-0.033075105
1787875552.432864189,66082.722447298,0.260000000,0.000000000,-0.031604934
1787875552.531592846,66082.821187090,0.260000000,0.000000000,-0.029667836
1787875552.631567001,66082.921150641,0.260000000,0.000000000,-0.027089309
1787875552.731519461,66083.021099707,0.260000000,0.000000000,-0.023385402
1787875552.831659317,66083.121233250,0.260000000,0.000000000,-0.019995160
1787875552.931642056,66083.221235597,0.260000000,0.000000000,-0.014940597
1787875553.031614065,66083.321219579,0.260000000,0.000000000,-0.009702086
1787875553.131641388,66083.421244060,0.260000000,0.000000000,-0.005767429
1787875553.231617451,66083.521197203,0.260000000,0.000000000,-0.002762451
1787875553.331618547,66083.621202052,0.260000000,0.000000000,-0.000979893
1787875553.431630850,66083.721213813,0.260000000,0.000000000,0.000389827
1787875553.531646252,66083.821227002,0.260000000,0.000000000,0.001907780
1787875553.631659985,66083.921238971,0.260000000,0.000000000,0.001057953
1787875553.731605053,66084.021200255,0.260000000,0.000000000,0.001187559
1787875553.831606627,66084.121195217,0.260000000,0.000000000,-0.000790621
1787875553.931488037,66084.221058445,0.260000000,0.000000000,-0.002557734
1787875554.031639576,66084.321218087,0.260000000,0.000000000,-0.004270181
1787875554.131739140,66084.421317211,0.260000000,0.000000000,-0.006659086
1787875554.231563568,66084.521139363,0.260000000,0.000000000,-0.009364442
1787875554.331602097,66084.621182473,0.260000000,0.000000000,-0.012073005
1787875554.431922913,66084.721528150,0.260000000,0.000000000,-0.014590061
1787875554.531653881,66084.821247992,0.260000000,0.000000000,-0.017538192
1787875554.631642818,66084.921246778,0.260000000,0.000000000,-0.021063406
1787875554.731565237,66085.021144600,0.260000000,0.000000000,-0.025122944
1787875554.831579685,66085.121159159,0.260000000,0.000000000,-0.028600045
1787875554.931784630,66085.221391533,0.260000000,0.000000000,-0.032360055
1787875555.031698942,66085.321281368,0.260000000,0.000000000,-0.035775028
1787875555.131699562,66085.421277915,0.260000000,0.000000000,-0.039404839
1787875555.231789827,66085.521379148,0.260000000,0.000000000,-0.043545529
1787875555.331833601,66085.621440801,0.260000000,0.000000000,-0.047711104
1787875555.431632042,66085.721210671,0.260000000,0.000000000,-0.050584573
1787875555.531681299,66085.821255875,0.260000000,0.000000000,-0.052827902
1787875555.631627798,66085.921222084,0.260000000,0.000000000,-0.055480804
1787875555.731576681,66086.021160257,0.260000000,0.000000000,-0.058878571
1787875555.831657648,66086.121233789,0.260000000,0.000000000,-0.060610823
1787875555.931856394,66086.221434457,0.260000000,0.000000000,-0.062997550
1787875556.031580925,66086.321170157,0.260000000,0.000000000,-0.066045545
1787875556.131640434,66086.421211998,0.260000000,0.000000000,-0.067260183
1787875556.231704950,66086.521300072,0.260000000,0.000000000,-0.070389196
1787875556.331791639,66086.621381006,0.260000000,0.000000000,-0.071045242
1787875556.431744814,66086.721323554,0.260000000,0.000000000,-0.071962617
1787875556.531740427,66086.821320338,0.260000000,0.000000000,-0.070698544
1787875556.631690264,66086.921269157,0.260000000,0.000000000,-0.069533810
1787875556.731740475,66087.021338225,0.260000000,0.000000000,-0.065685250
1787875556.831644773,66087.121229849,0.260000000,0.000000000,-0.062164288
1787875556.931807041,66087.221393721,0.260000000,0.000000000,-0.056132142
1787875557.031643867,66087.321220793,0.260000000,0.000000000,-0.047962394
1787875557.131829023,66087.421410642,0.260000000,0.000000000,-0.045957819
1787875557.231780291,66087.521362023,0.260000000,0.000000000,-0.038236100
1787875557.331781149,66087.621378023,0.260000000,0.000000000,-0.032343399
1787875557.431794405,66087.721375493,0.260000000,0.000000000,-0.025095796
1787875557.531942368,66087.821529462,0.260000000,0.000000000,-0.017967593
1787875557.631844521,66087.921439338,0.260000000,0.000000000,-0.010134388
1787875557.731903315,66088.021484081,0.260000000,0.000000000,-0.001897410
1787875557.831615448,66088.121193604,0.260000000,0.000000000,0.007578416
1787875557.931806803,66088.221384630,0.260000000,0.000000000,0.016527712
1787875558.031542778,66088.321128365,0.260000000,0.000000000,0.024574716
1787875558.131652832,66088.421244938,0.260000000,0.000000000,0.032294594
1787875558.231662273,66088.521234841,0.260000000,0.000000000,0.038409989
1787875558.331700325,66088.621307469,0.260000000,0.000000000,0.042923231
1787875558.431622744,66088.721215420,0.260000000,0.000000000,0.046827860
1787875558.531819820,66088.821401914,0.260000000,0.000000000,0.049286589
1787875558.631894112,66088.921476227,0.260000000,0.000000000,0.050634105
1787875558.731588840,66089.021177386,0.260000000,0.000000000,0.052890684
1787875558.831593275,66089.121164278,0.260000000,0.000000000,0.054294288
1787875558.931678057,66089.221262797,0.260000000,0.000000000,0.055288568
1787875559.031761169,66089.321342888,0.260000000,0.000000000,0.055884518
1787875559.131861210,66089.421440122,0.260000000,0.000000000,0.057053156
1787875559.231852055,66089.521433250,0.260000000,0.000000000,0.057878446
1787875559.331827164,66089.621418785,0.260000000,0.000000000,0.058500562
1787875559.431869030,66089.721469998,0.260000000,0.000000000,0.059547476
1787875559.531875134,66089.821455977,0.260000000,0.000000000,0.060257118
1787875559.632108688,66089.921690904,0.259108037,0.000000000,0.060760558
1787875559.731925488,66090.021501759,0.257857919,0.000000000,0.061608262
1787875559.831767797,66090.121364075,0.256769329,0.000000000,0.062168110
1787875559.931752205,66090.221350706,0.255794376,0.000000000,0.062571786
1787875560.031901121,66090.321485369,0.254716188,0.000000000,0.063229844
1787875560.131772995,66090.421367847,0.253724635,0.000000000,0.063715100
1787875560.231626272,66090.521201665,0.252770215,0.000000000,0.064090751
1787875560.331706047,66090.621282545,0.251891613,0.000000000,0.064381242
1787875560.431771278,66090.721372063,0.250868797,0.000000000,0.064945675
1787875560.531906128,66090.821485453,0.249926701,0.000000000,0.065394513
1787875560.631689787,66090.921286769,0.249039516,0.000000000,0.065815784
1787875560.731800079,66091.021402442,0.248027876,0.000000000,0.066466525
1787875560.831905365,66091.121484668,0.247055873,0.000000000,0.067063585
1787875560.931821108,66091.221397341,0.245993227,0.000000000,0.067768931
1787875561.031679392,66091.321246295,0.235684350,0.000000000,0.087795280
1787875561.131872416,66091.421471111,0.225979701,0.000000000,0.104774371
1787875561.231736660,66091.521338728,0.217329547,0.000000000,0.122086152
1787875561.331759453,66091.621348311,0.210343227,0.000000000,0.139318615
1787875561.431874037,66091.721460143,0.206082925,0.000000000,0.156311736
1787875561.532026768,66091.821612146,0.203421026,0.000000000,0.173014134
1787875561.631826639,66091.921420785,0.202865437,0.000000000,0.187783912
1787875561.731840611,66092.021429001,0.202887863,0.000000000,0.201332495
1787875561.831887007,66092.121463744,0.204157561,0.000000000,0.212667122
1787875561.931686878,66092.221260899,0.205388993,0.000000000,0.223372430
1787875562.031668186,66092.321252983,0.207537204,0.000000000,0.232489616
1787875562.131736755,66092.421334325,0.209489197,0.000000000,0.241620496
1787875562.232008696,66092.521594673,0.212263733,0.000000000,0.249428570
1787875562.332316160,66092.621897573,0.215668485,0.000000000,0.256414324
1787875562.431737900,66092.721318306,0.218987301,0.000000000,0.263573855
1787875562.531724453,66092.821304808,0.222930059,0.000000000,0.269341320
1787875562.631821156,66092.921402128,0.227311760,0.000000000,0.274116904
1787875562.731840849,66093.021420493,0.231446207,0.000000000,0.279097587
1787875562.831770897,66093.121353730,0.236023575,0.000000000,0.282627702
1787875562.931804180,66093.221393991,0.240189686,0.000000000,0.286364138
1787875563.031799793,66093.321396908,0.244768783,0.000000000,0.288438112
1787875563.131777048,66093.421354959,0.249646053,0.000000000,0.289180994
1787875563.231906891,66093.521497440,0.254078567,0.000000000,0.290187716
1787875563.331840515,66093.621435279,0.258632332,0.000000000,0.289605528
1787875563.431820393,66093.721423199,0.260000000,0.000000000,0.287370324
1787875563.531781673,66093.821376924,0.260000000,0.000000000,0.285296679
1787875563.631921768,66093.921511845,0.260000000,0.000000000,0.281460345
1787875563.731848478,66094.021439880,0.260000000,0.000000000,0.277704567
1787875563.831926107,66094.121518784,0.260000000,0.000000000,0.272274524
1787875563.931918859,66094.221513825,0.260000000,0.000000000,0.267466903
1787875564.031731367,66094.321324518,0.260000000,0.000000000,0.261025310
1787875564.131905556,66094.421486984,0.260000000,0.000000000,0.254965305
1787875564.231898308,66094.521490164,0.260000000,0.000000000,0.247417167
1787875564.331856966,66094.621449660,0.260000000,0.000000000,0.292630047
1787875564.431923866,66094.721504046,0.260000000,0.000000000,0.284171015
1787875564.531967163,66094.821570567,0.260000000,0.000000000,0.275348544
1787875564.631782055,66094.921361277,0.260000000,0.000000000,0.256911397
1787875564.731743336,66095.021321744,0.260000000,0.000000000,0.240010664
1787875564.832258701,66095.121853654,0.260000000,0.000000000,0.274824500
1787875564.931731462,66095.221309375,0.260000000,0.000000000,0.256832510
1787875565.032073736,66095.321650275,0.260000000,0.000000000,0.239702329
1787875565.131850958,66095.421419304,0.260000000,0.000000000,0.269042045
1787875565.231891632,66095.521488395,0.260000000,0.000000000,0.246623978
1787875565.331764221,66095.621343044,0.260000000,0.000000000,0.273853421
1787875565.431894064,66095.721474186,0.260000000,0.000000000,0.242290378
1787875565.531901598,66095.821479634,0.260000000,0.000000000,0.212036684
1787875565.632020712,66095.921616675,0.260000000,0.000000000,0.174342752
1787875565.731546640,66096.021111781,0.260000000,0.000000000,0.142146200
1787875565.832006693,66096.121608222,0.260000000,0.000000000,0.158496693
1787875565.932263851,66096.221872634,0.260000000,0.000000000,0.134813264
1787875566.031775951,66096.321371366,0.260000000,0.000000000,0.112428270
1787875566.131641150,66096.421209370,0.260000000,0.000000000,0.128691047
1787875566.231760740,66096.521344741,0.260000000,0.000000000,0.106099889
1787875566.331809521,66096.621378111,0.260000000,0.000000000,0.118692480
1787875566.431790352,66096.721376558,0.260000000,0.000000000,0.090823904
1787875566.531956196,66096.821542898,0.260000000,0.000000000,0.064361356
1787875566.631753206,66096.921334357,0.260000000,0.000000000,0.033698641
1787875566.731755733,66097.021339400,0.260000000,0.000000000,0.008531881
1787875566.831671238,66097.121239398,0.260000000,0.000000000,0.015981888
1787875566.931750059,66097.221332967,0.260000000,0.000000000,-0.001225164
1787875567.031739473,66097.321323010,0.260000000,0.000000000,-0.016092621
1787875567.131837606,66097.421406806,0.260000000,0.000000000,-0.005413800
1787875567.231790304,66097.521359060,0.260000000,0.000000000,-0.021810081
1787875567.331890345,66097.621457874,0.260000000,0.000000000,-0.014641900
1787875567.431981802,66097.721569110,0.260000000,0.000000000,-0.034136873
1787875567.531846285,66097.821431542,0.260000000,0.000000000,-0.032570299
1787875567.631926298,66097.921505544,0.260000000,0.000000000,-0.034527499
1787875567.732063532,66098.021644586,0.260000000,0.000000000,-0.051697228
1787875567.832477808,66098.122076618,0.260000000,0.000000000,-0.055438850
1787875567.931954384,66098.221545577,0.260000000,0.000000000,-0.074304238
1787875568.032042027,66098.321629452,0.260000000,0.000000000,-0.076530129
1787875568.131861925,66098.421473613,0.260000000,0.000000000,-0.081220686
1787875568.231929302,66098.521522679,0.260000000,0.000000000,-0.085197903
1787875568.332198620,66098.621798530,0.260000000,0.000000000,-0.080256462
1787875568.432045221,66098.721643939,0.260000000,0.000000000,-0.077969387
1787875568.531887531,66098.821474533,0.260000000,0.000000000,-0.097147286
1787875568.631950378,66098.921532619,0.260000000,0.000000000,-0.105169088
1787875568.731952429,66099.021536093,0.260000000,0.000000000,-0.122917674
1787875568.831987381,66099.121582376,0.260000000,0.000000000,-0.125624597
1787875568.931948185,66099.221556255,0.260000000,0.000000000,-0.138190702
1787875569.031834602,66099.321415492,0.260000000,0.000000000,-0.145707816
1787875569.131908655,66099.421510626,0.260000000,0.000000000,-0.141291708
1787875569.231782198,66099.521350368,0.260000000,0.000000000,-0.148437828
1787875569.332010508,66099.621605584,0.260000000,0.000000000,-0.155638322
1787875569.431985140,66099.721574616,0.260000000,0.000000000,-0.151344001
1787875569.532056808,66099.821653728,0.260000000,0.000000000,-0.148499399
1787875569.631923437,66099.921518012,0.260000000,0.000000000,-0.145979121
1787875569.731982946,66100.021563576,0.260000000,0.000000000,-0.143474832
1787875569.832001686,66100.121598431,0.260000000,0.000000000,-0.139548466
1787875569.932158470,66100.221760467,0.260000000,0.000000000,-0.144628197
1787875570.031938314,66100.321522281,0.260000000,0.000000000,-0.135933042
1787875570.131817102,66100.421377870,0.260000000,0.000000000,-0.128806040
1787875570.232084751,66100.521679950,0.260000000,0.000000000,-0.133352548
1787875570.332032681,66100.621631200,0.260000000,0.000000000,-0.125592798
1787875570.431860685,66100.721456014,0.260000000,0.000000000,-0.131955147
1787875570.531843424,66100.821421158,0.260000000,0.000000000,-0.137754455
1787875570.631915569,66100.921517949,0.260000000,0.000000000,-0.133019373
1787875570.731903553,66101.021482805,0.260000000,0.000000000,-0.130571574
1787875570.832176208,66101.121760646,0.260000000,0.000000000,-0.129308909
1787875570.932190657,66101.221770341,0.260000000,0.000000000,-0.128099933
1787875571.031949759,66101.321540092,0.260000000,0.000000000,-0.125638366
1787875571.131958485,66101.421551054,0.260000000,0.000000000,-0.122032657
1787875571.231887341,66101.521472154,0.260000000,0.000000000,-0.117561847
1787875571.331869364,66101.621461641,0.260000000,0.000000000,-0.112557627
1787875571.432224751,66101.721804261,0.256905049,0.000000000,-0.119749919
1787875571.531842709,66101.821423798,0.253985554,0.000000000,-0.125297144
1787875571.632041693,66101.921632628,0.253643095,0.000000000,-0.118907318
1787875571.731892586,66102.021477099,0.252336204,0.000000000,-0.129087493
1787875571.831931114,66102.121513376,0.252351105,0.000000000,-0.140328050
1787875571.931908369,66102.221496102,0.254927069,0.000000000,-0.138794363
1787875572.032073259,66102.321654352,0.255096138,0.000000000,-0.152061537
1787875572.132017374,66102.421600200,0.255873382,0.000000000,-0.164233580
1787875572.232004642,66102.521597002,0.256237805,0.000000000,-0.175087973
1787875572.332212448,66102.621809510,0.256961346,0.000000000,-0.182922721
1787875572.432013512,66102.721607601,0.258583665,0.000000000,-0.188495696
1787875572.531925917,66102.821509435,0.260000000,0.000000000,-0.191413775
1787875572.632157326,66102.921737012,0.260000000,0.000000000,-0.193047985
1787875572.732163429,66103.021764111,0.260000000,0.000000000,-0.191092283
1787875572.831960678,66103.121540881,0.260000000,0.000000000,-0.134900004
1787875572.932091713,66103.221691039,0.260000000,0.000000000,-0.083464704
1787875573.032154083,66103.321762667,0.260000000,0.000000000,-0.033071902
1787875573.131929398,66103.421509879,0.260000000,0.000000000,0.010704134
1787875573.232129097,66103.521722550,0.260000000,0.000000000,0.050976545
1787875573.331969500,66103.621545848,0.260000000,0.000000000,0.084723435
1787875573.432015657,66103.721594677,0.260000000,0.000000000,0.113679528
1787875573.532066345,66103.821651915,0.260000000,0.000000000,0.136116311
1787875573.631894112,66103.921473587,0.260000000,0.000000000,0.154307693
1787875573.732132673,66104.021708736,0.260000000,0.000000000,0.167626083
1787875573.831954241,66104.121531439,0.260000000,0.000000000,0.178110510
1787875573.932171345,66104.221756193,0.260000000,0.000000000,0.184494957
1787875574.031912088,66104.321485586,0.260000000,0.000000000,0.188595504
1787875574.131945610,66104.421526492,0.260000000,0.000000000,0.189341605
1787875574.231870890,66104.521447089,0.260000000,0.000000000,0.189007014
1787875574.332110405,66104.621694027,0.260000000,0.000000000,0.186627328
1787875574.432071686,66104.721664850,0.260000000,0.000000000,0.184205323
1787875574.531902313,66104.821492052,0.260000000,0.000000000,0.180650488
1787875574.631875038,66104.921446080,0.260000000,0.000000000,0.177845895
1787875574.731928110,66105.021496633,0.260000000,0.000000000,0.216497928
1787875574.831984282,66105.121568463,0.260000000,0.000000000,0.209442168
1787875574.931907654,66105.221492478,0.260000000,0.000000000,0.203311339
1787875575.031917810,66105.321489627,0.260000000,0.000000000,0.190093443
1787875575.131948471,66105.421521051,0.260000000,0.000000000,0.177652001
1787875575.232137203,66105.521707230,0.260000000,0.000000000,0.163070142
1787875575.331935406,66105.621504251,0.260000000,0.000000000,0.149795011
1787875575.432167530,66105.721744171,0.260000000,0.000000000,0.174115926
1787875575.532047272,66105.821637876,0.260000000,0.000000000,0.159259945
1787875575.632149458,66105.921734261,0.260000000,0.000000000,0.182140052
1787875575.732013941,66106.021593805,0.260000000,0.000000000,0.188234910
1787875575.831911325,66106.121495120,0.260000000,0.000000000,0.163452417
1787875575.932198286,66106.221784810,0.260000000,0.000000000,0.162495628
1787875576.031976223,66106.321564497,0.260000000,0.000000000,0.129733905
1787875576.132060766,66106.421649924,0.260000000,0.000000000,0.128811449
1787875576.231997967,66106.521585057,0.260000000,0.000000000,0.095336057
1787875576.332107782,66106.621679376,0.260000000,0.000000000,0.069601193
1787875576.432336330,66106.721918192,0.260000000,0.000000000,0.067650884
1787875576.532122374,66106.821715691,0.260000000,0.000000000,0.042556763
1787875576.632583141,66106.922187760,0.260000000,0.000000000,0.049475886
1787875576.732197046,66107.021792824,0.260000000,0.000000000,0.023362802
1787875576.832075119,66107.121655156,0.260000000,0.000000000,0.029590756
1787875576.932039738,66107.221619019,0.260000000,0.000000000,0.023899989
1787875577.032153845,66107.321737173,0.260000000,0.000000000,-0.002008236
1787875577.132053137,66107.421649895,0.260000000,0.000000000,-0.003921241
1787875577.232049227,66107.521621200,0.260000000,0.000000000,-0.013139710
1787875577.332104683,66107.621679851,0.260000000,0.000000000,-0.013094736
1787875577.432119131,66107.721697752,0.260000000,0.000000000,-0.023187267
1787875577.532258987,66107.821868218,0.260000000,0.000000000,-0.025500780
1787875577.632068157,66107.921660322,0.260000000,0.000000000,-0.032908201
1787875577.731969118,66108.021539284,0.260000000,0.000000000,-0.042463198
1787875577.832024097,66108.121597022,0.260000000,0.000000000,-0.048460726
1787875577.932171822,66108.221742324,0.260000000,0.000000000,-0.057815708
1787875578.032131672,66108.321710189,0.260000000,0.000000000,-0.061423093
1787875578.132000446,66108.421569151,0.260000000,0.000000000,-0.070044488
1787875578.232036352,66108.521614256,0.260000000,0.000000000,-0.078410760
1787875578.332161188,66108.621754194,0.260000000,0.000000000,-0.080389686
1787875578.432165861,66108.721744794,0.260000000,0.000000000,-0.088718601
1787875578.532146215,66108.821726593,0.260000000,0.000000000,-0.089317791
1787875578.632130384,66108.921719880,0.260000000,0.000000000,-0.093044601
1787875578.732255220,66109.021837666,0.260000000,0.000000000,-0.097951941
1787875578.832034588,66109.121616058,0.260000000,0.000000000,-0.097731680
1787875578.932054758,66109.221635005,0.260000000,0.000000000,-0.101802349
1787875579.032278538,66109.321874228,0.260000000,0.000000000,-0.101250827
1787875579.132052422,66109.421631846,0.260000000,0.000000000,-0.104525328
1787875579.232269526,66109.521847627,0.260000000,0.000000000,-0.109398976
1787875579.332112551,66109.621691189,0.260000000,0.000000000,-0.107834488
1787875579.432178259,66109.721769018,0.260000000,0.000000000,-0.111598678
1787875579.532133102,66109.821716467,0.260000000,0.000000000,-0.115817361
1787875579.632208347,66109.921791755,0.260000000,0.000000000,-0.112191796
1787875579.732028961,66110.021607473,0.260000000,0.000000000,-0.113399304
1787875579.832180500,66110.121783879,0.260000000,0.000000000,-0.107638732
1787875579.932053804,66110.221627471,0.260000000,0.000000000,-0.107813247
1787875580.032234192,66110.321818777,0.260000000,0.000000000,-0.110463418
1787875580.132349491,66110.421931649,0.260000000,0.000000000,-0.106907539
1787875580.232042551,66110.521623047,0.260000000,0.000000000,-0.107238494
1787875580.332241058,66110.621837218,0.260000000,0.000000000,-0.100883961
1787875580.432182312,66110.721762563,0.260000000,0.000000000,-0.099681593
1787875580.532199860,66110.821799574,0.260000000,0.000000000,-0.094218306
1787875580.632255077,66110.921836431,0.260000000,0.000000000,-0.092185512
1787875580.732095480,66111.021673198,0.260000000,0.000000000,-0.093845993
1787875580.832048655,66111.121628890,0.260000000,0.000000000,-0.088277191
1787875580.932163239,66111.221761448,0.260000000,0.000000000,-0.087597467
1787875581.032258272,66111.321837380,0.260000000,0.000000000,-0.089116134
1787875581.132092953,66111.421671442,0.260000000,0.000000000,-0.083196580
1787875581.232296467,66111.521873855,0.260000000,0.000000000,-0.083140984
1787875581.332173586,66111.621759844,0.260000000,0.000000000,-0.074603476
1787875581.432211876,66111.721797420,0.260000000,0.000000000,-0.073505141
1787875581.532019854,66111.821595237,0.260000000,0.000000000,-0.063877106
1787875581.632162571,66111.921744389,0.260000000,0.000000000,-0.062402345
1787875581.732071161,66112.021652319,0.260000000,0.000000000,-0.063084945
1787875581.832527161,66112.122108248,0.260000000,0.000000000,-0.055817164
1787875581.932075977,66112.221651603,0.260000000,0.000000000,-0.054745626
1787875582.032310963,66112.321896793,0.260000000,0.000000000,-0.045777418
1787875582.132235050,66112.421814048,0.260000000,0.000000000,-0.044453185
1787875582.232219696,66112.521806105,0.260000000,0.000000000,-0.045775563
1787875582.332078218,66112.621659190,0.260000000,0.000000000,-0.038206629
1787875582.432217836,66112.721797106,0.260000000,0.000000000,-0.039149407
1787875582.532128811,66112.821719117,0.260000000,0.000000000,-0.030439746
1787875582.632238388,66112.921824801,0.260000000,0.000000000,-0.029922685
1787875582.732111931,66113.021702106,0.260000000,0.000000000,-0.022097239
1787875582.832197666,66113.121799097,0.260000000,0.000000000,-0.021691823
1787875582.932150841,66113.221747314,0.260000000,0.000000000,-0.024025310
1787875583.032284975,66113.321868283,0.260000000,0.000000000,-0.018487209
1787875583.132190228,66113.421762950,0.260000000,0.000000000,-0.020088339
1787875583.232375622,66113.521953539,0.260000000,0.000000000,-0.012342677
1787875583.332272053,66113.621870143,0.260000000,0.000000000,-0.011595408
1787875583.432049036,66113.721624060,0.260000000,0.000000000,-0.015535687
1787875583.532015562,66113.821588618,0.260000000,0.000000000,-0.009591736
1787875583.632267475,66113.921836846,0.260000000,0.000000000,-0.011281283
1787875583.732195854,66114.021776673,0.260000000,0.000000000,-0.014438561
1787875583.832155704,66114.121735325,0.260000000,0.000000000,-0.010795355
1787875583.931995392,66114.221576286,0.260000000,0.000000000,-0.012378960
1787875584.032256842,66114.321836257,0.260000000,0.000000000,-0.005816660
1787875584.132259607,66114.421839216,0.260000000,0.000000000,-0.006845227
1787875584.232270241,66114.521867009,0.260000000,0.000000000,0.000946648
1787875584.332191944,66114.621770615,0.260000000,0.000000000,0.001587784
1787875584.432367325,66114.721956622,0.260000000,0.000000000,-0.002850143
1787875584.532209873,66114.821789632,0.260000000,0.000000000,0.001562131
1787875584.632236719,66114.921819276,0.260000000,0.000000000,-0.000279528
1787875584.732343435,66115.021923089,0.260000000,0.000000000,0.006340542
1787875584.832410574,66115.121988908,0.260000000,0.000000000,0.005346883
1787875584.932222128,66115.221813170,0.260000000,0.000000000,0.001908146
1787875585.032234669,66115.321821360,0.260000000,0.000000000,0.006501461
1787875585.132172823,66115.421752735,0.260000000,0.000000000,0.003065064
1787875585.232231617,66115.521809238,0.260000000,0.000000000,0.009335326
1787875585.332257986,66115.621845376,0.260000000,0.000000000,0.008334222
1787875585.432450533,66115.722048493,0.260000000,0.000000000,0.012714130
1787875585.532224178,66115.821805432,0.260000000,0.000000000,0.011653993
1787875585.632210255,66115.921803705,0.260000000,0.000000000,0.007710298
1787875585.732208967,66116.021803547,0.260000000,0.000000000,0.010780138
1787875585.832223654,66116.121808070,0.260000000,0.000000000,0.009188875
1787875585.932416677,66116.222013613,0.260000000,0.000000000,0.013851231
1787875586.032286167,66116.321873555,0.260000000,0.000000000,0.012576956
1787875586.132420301,66116.422002127,0.260000000,0.000000000,0.008536389
1787875586.232369423,66116.521947136,0.260000000,0.000000000,0.010697371
1787875586.332351446,66116.621945025,0.260000000,0.000000000,0.008144453
1787875586.432165146,66116.721742279,0.260000000,0.000000000,0.011019112
1787875586.532307863,66116.821894209,0.260000000,0.000000000,0.008883165
1787875586.632239819,66116.921841806,0.260000000,0.000000000,-0.003660496
1787875586.732424974,66117.022024721,0.260000000,0.000000000,-0.003840694
1787875586.832397938,66117.121963719,0.260000000,0.000000000,-0.007439821
1787875586.932301044,66117.221887818,0.260000000,0.000000000,-0.000991419
1787875587.032244921,66117.321843752,0.260000000,0.000000000,-0.000862759
1787875587.132299662,66117.421877264,0.260000000,0.000000000,-0.002745164
1787875587.232292175,66117.521867295,0.260000000,0.000000000,0.002660668
1787875587.332251310,66117.621831359,0.260000000,0.000000000,-0.000945422
1787875587.432288408,66117.721871200,0.260000000,0.000000000,0.004530233
1787875587.532289028,66117.821887447,0.260000000,0.000000000,0.000732329
1787875587.632362127,66117.921967630,0.260000000,0.000000000,-0.002625659
1787875587.732172728,66118.021760919,0.260000000,0.000000000,0.001159984
1787875587.832512856,66118.122097361,0.260000000,0.000000000,-0.001179137
1787875587.932426453,66118.222011799,0.260000000,0.000000000,0.005450641
1787875588.032165527,66118.321761223,0.260000000,0.000000000,0.004194901
1787875588.132210970,66118.421796521,0.260000000,0.000000000,0.001221413
1787875588.232409954,66118.521998124,0.260000000,0.000000000,0.004005485
1787875588.332109928,66118.621676503,0.260000000,0.000000000,0.001663663
1787875588.432293892,66118.721895830,0.260000000,0.000000000,0.007707485
1787875588.532308817,66118.821900374,0.260000000,0.000000000,0.007950643
1787875588.632498026,66118.922077901,0.260000000,0.000000000,0.011937940
1787875588.732355595,66119.021948007,0.150000000,0.000000000,0.000000000
1787875588.832149267,66119.121726454,0.040000000,0.000000000,0.000000000
1787875588.932303667,66119.221897797,0.000000000,0.000000000,0.000000000
1787875589.032233238,66119.321814795,0.000000000,0.000000000,0.000000000
1787875589.132452011,66119.422038253,0.000000000,0.000000000,0.000000000
1787875589.232245922,66119.521841334,0.000000000,0.000000000,0.000000000
1787875589.332461596,66119.622060237,0.000000000,0.000000000,0.000000000
1787875589.432255507,66119.721843200,0.000000000,0.000000000,0.000000000
1787875589.532204628,66119.821785216,0.000000000,0.000000000,0.000000000
1787875589.549012184,66119.838581252,0.000000000,0.000000000,1.000000000
1787875589.632495880,66119.922075846,0.000000000,0.000000000,0.000000000
1787875589.649322748,66119.938902004,0.000000000,0.000000000,1.000000000
1787875589.732401848,66120.021998144,0.000000000,0.000000000,0.000000000
1787875589.749421597,66120.038997199,0.000000000,0.000000000,1.000000000
1787875589.832475424,66120.122051200,0.000000000,0.000000000,0.000000000
1787875589.849286556,66120.138863886,0.000000000,0.000000000,1.000000000
1787875589.932274103,66120.221852031,0.000000000,0.000000000,0.000000000
1787875589.949148178,66120.238745383,0.000000000,0.000000000,1.000000000
1787875590.049410820,66120.338990985,0.000000000,0.000000000,1.000000000
1787875590.149342537,66120.438914583,0.000000000,0.000000000,1.000000000
1787875590.249295950,66120.538864815,0.000000000,0.000000000,1.000000000
1787875590.349147558,66120.638716952,0.000000000,0.000000000,1.000000000
1787875590.449243069,66120.738823076,0.000000000,0.000000000,1.000000000
1787875590.551603317,66120.841312084,0.000000000,0.000000000,1.000000000
1787875590.649299860,66120.938888516,0.000000000,0.000000000,1.000000000
1787875590.749272823,66121.038850425,0.000000000,0.000000000,1.000000000
1787875590.849292755,66121.138887948,0.000000000,0.000000000,1.000000000
1787875590.949407339,66121.238991266,0.000000000,0.000000000,1.000000000
1787875591.049491167,66121.339078654,0.000000000,0.000000000,1.000000000
1787875591.149358273,66121.438946668,0.000000000,0.000000000,1.000000000
1787875591.249495506,66121.539093418,0.000000000,0.000000000,1.000000000
1787875591.349233627,66121.638830774,0.000000000,0.000000000,1.000000000
1787875591.449261665,66121.738855533,0.000000000,0.000000000,1.000000000
1787875591.549387217,66121.838967435,0.000000000,0.000000000,1.000000000
1787875591.649592876,66121.939171903,0.000000000,0.000000000,1.000000000
1787875591.749270439,66122.038851673,0.000000000,0.000000000,1.000000000
1787875591.849355698,66122.138939014,0.000000000,0.000000000,1.000000000
1787875591.949355364,66122.238931265,0.000000000,0.000000000,1.000000000
1787875592.049455643,66122.339039228,0.000000000,0.000000000,1.000000000
1787875592.149244785,66122.438824433,0.000000000,0.000000000,0.949436516
1787875592.249446392,66122.539039529,0.000000000,0.000000000,0.742904729
1787875592.349291325,66122.638896764,0.000000000,0.000000000,0.400000000
1787875592.449311495,66122.738901587,0.000000000,0.000000000,0.000000000
1787875592.632607937,66122.922203080,-0.024209939,0.000000000,-0.018898658
1787875592.732482910,66123.022079218,-0.043103829,0.000000000,-0.044218186
1787875592.832549095,66123.122140267,-0.060261562,0.000000000,-0.071674004
1787875592.932419777,66123.222015253,-0.073061079,0.000000000,-0.096507005
1787875593.032314301,66123.321905678,-0.082184412,0.000000000,-0.119127586
1787875593.132428646,66123.422016086,-0.085368149,0.000000000,-0.141752049
1787875593.232282162,66123.521853192,-0.087357819,0.000000000,-0.166224375
1787875593.332714558,66123.622319442,-0.086321659,0.000000000,-0.194660828
1787875593.432422876,66123.721998190,-0.084795743,0.000000000,-0.225169897
1787875593.532326221,66123.821901551,-0.083417006,0.000000000,-0.257676780
1787875593.632449389,66123.922028864,-0.082499146,0.000000000,-0.288867682
1787875593.732771873,66124.022355356,-0.079980634,0.000000000,-0.320914447
1787875593.832477331,66124.122067100,-0.077457607,0.000000000,-0.352731138
1787875593.932324886,66124.221911755,-0.075495824,0.000000000,-0.382819474
1787875594.032311440,66124.321892962,-0.072329387,0.000000000,-0.410669744
1787875594.132417202,66124.421998357,-0.069534786,0.000000000,-0.436826140
1787875594.232425213,66124.521988694,-0.065836489,0.000000000,-0.461753190
1787875594.332544327,66124.622145820,-0.062663123,0.000000000,-0.486569256
1787875594.432684183,66124.722283321,-0.059978358,0.000000000,-0.509564161
1787875594.532388449,66124.821979435,-0.056685977,0.000000000,-0.531664789
1787875594.632384539,66124.921972608,-0.051852945,0.000000000,-0.552580297
1787875594.732377768,66125.021960589,-0.042230699,0.000000000,-0.550263226
1787875594.832279921,66125.121850679,-0.032719810,0.000000000,-0.546319306
1787875594.932364225,66125.221932919,-0.024872143,0.000000000,-0.541553319
1787875595.032302856,66125.321893957,-0.020153590,0.000000000,-0.538615227
1787875595.132463694,66125.422052868,-0.016369231,0.000000000,-0.539135039
1787875595.232390642,66125.521961987,-0.012734727,0.000000000,-0.543926835
1787875595.332358599,66125.621930519,-0.006971586,0.000000000,-0.553377211
1787875595.432343721,66125.722138533,0.000971126,0.000000000,-0.563904107
1787875595.532371759,66125.821952398,0.010558562,0.000000000,-0.581559300
1787875595.632355690,66125.921929711,0.019828923,0.000000000,-0.597133100
1787875595.732341766,66126.021928543,0.031185936,0.000000000,-0.617419243
1787875595.832419634,66126.122011508,0.041916136,0.000000000,-0.638767362
1787875595.932522774,66126.222091729,0.057102349,0.000000000,-0.653500676
1787875596.032341003,66126.321917157,0.077230081,0.000000000,-0.667157888
1787875596.132471085,66126.422044536,0.096846297,0.000000000,-0.675566554
1787875596.232394934,66126.521984415,0.111318149,0.000000000,-0.682065904
1787875596.332457304,66126.622027300,0.126422465,0.000000000,-0.676833272
1787875596.432432413,66126.721988008,0.141658708,0.000000000,-0.663024426
1787875596.532607555,66126.822212426,0.153965920,0.000000000,-0.652648091
1787875596.632596493,66126.922187736,0.163991004,0.000000000,-0.638281763
1787875596.732518435,66127.022087421,0.173004940,0.000000000,-0.623564482
1787875596.832318544,66127.121890417,0.181588054,0.000000000,-0.606761336
1787875596.932391882,66127.221973939,0.191137150,0.000000000,-0.592923224
1787875597.032350302,66127.321935137,0.200436234,0.000000000,-0.585945010
1787875597.132557392,66127.422155049,0.206032991,0.000000000,-0.568912089
1787875597.232443810,66127.522029320,0.213347882,0.000000000,-0.565760374
1787875597.333073139,66127.622671721,0.221850917,0.000000000,-0.546875417
1787875597.432578325,66127.722161723,0.228624538,0.000000000,-0.528534889
1787875597.532562256,66127.822144274,0.237290815,0.000000000,-0.498365074
1787875597.632575989,66127.922153143,0.240693137,0.000000000,-0.472201526
1787875597.732474089,66128.022048003,0.242998317,0.000000000,-0.463705122
1787875597.833055258,66128.122645079,0.246572107,0.000000000,-0.438102514
1787875597.932345390,66128.221919461,0.249591902,0.000000000,-0.416168272
1787875598.032561779,66128.322146671,0.251798153,0.000000000,-0.394214869
1787875598.132643700,66128.422231013,0.253153473,0.000000000,-0.379751146
1787875598.232501507,66128.522084261,0.255521744,0.000000000,-0.357073247
1787875598.332379341,66128.621965871,0.258956045,0.000000000,-0.325372249
1787875598.432333469,66128.721902247,0.260000000,0.000000000,-0.290455699
1787875598.532401323,66128.821985972,0.260000000,0.000000000,-0.261606574
1787875598.632698774,66128.922268035,0.260000000,0.000000000,-0.229850501
1787875598.732918024,66129.022511067,0.260000000,0.000000000,-0.193720132
1787875598.832380533,66129.121957243,0.260000000,0.000000000,-0.164459169
1787875598.932429552,66129.222022793,0.260000000,0.000000000,-0.140904009
1787875599.032634020,66129.322215809,0.260000000,0.000000000,-0.123103768
1787875599.132547855,66129.422135394,0.260000000,0.000000000,-0.111427285
1787875599.232281923,66129.521870914,0.260000000,0.000000000,-0.102610081
1787875599.332558155,66129.622128019,0.260000000,0.000000000,-0.094327398
1787875599.432463169,66129.722033231,0.258668125,0.000000000,-0.086385958
1787875599.532595634,66129.822183300,0.256466895,0.000000000,-0.078857228
1787875599.632570267,66129.922141295,0.253609598,0.000000000,-0.070985846
1787875599.732405901,66130.021994951,0.250945091,0.000000000,-0.063111350
1787875599.832639933,66130.122209399,0.248307407,0.000000000,-0.054821864
1787875599.932657480,66130.222229041,0.245469883,0.000000000,-0.046735823
1787875600.032429934,66130.322014561,0.243090883,0.000000000,-0.038926262
1787875600.132701159,66130.422284796,0.238630235,0.000000000,-0.014929896
1787875600.232485056,66130.522065306,0.238558426,0.000000000,-0.007839195
1787875600.332613707,66130.622187946,0.237558603,0.000000000,0.000659531
1787875600.432561159,66130.722151282,0.233066618,0.000000000,0.024264934
1787875600.532793760,66130.822376452,0.232818425,0.000000000,0.032156739
1787875600.632722855,66130.922294541,0.227517307,0.000000000,0.059387866
1787875600.732697964,66131.022291078,0.224326000,0.000000000,0.085341111
1787875600.832314253,66131.121879211,0.222292662,0.000000000,0.111624546
1787875600.932612419,66131.222209624,0.225582987,0.000000000,0.116594166
1787875601.032548428,66131.322128274,0.227684408,0.000000000,0.118919797
1787875601.132608175,66131.422201361,0.230277181,0.000000000,0.116861746
1787875601.232708454,66131.522302647,0.226795733,0.000000000,0.134503976
1787875601.332470179,66131.622046522,0.228796169,0.000000000,0.133048370
1787875601.432371378,66131.721959094,0.229795098,0.000000000,0.133307025
1787875601.532418489,66131.822004427,0.224381208,0.000000000,0.151756972
1787875601.632365227,66131.921933437,0.219760656,0.000000000,0.172477633
1787875601.732610226,66132.022185943,0.222717240,0.000000000,0.172840521
1787875601.832382441,66132.121955665,0.218723848,0.000000000,0.192487106
1787875601.932644129,66132.222229017,0.216032431,0.000000000,0.210014209
1787875602.032725573,66132.322316295,0.214876592,0.000000000,0.227292746
1787875602.132511139,66132.422103924,0.213846102,0.000000000,0.243897364
1787875602.232648611,66132.522231374,0.214236557,0.000000000,0.258289069
1787875602.332863569,66132.622447041,0.215529889,0.000000000,0.271162778
1787875602.432761431,66132.722359050,0.217348471,0.000000000,0.281782895
1787875602.532656908,66132.822239260,0.219817966,0.000000000,0.291287541
1787875602.632501602,66132.922096578,0.222003862,0.000000000,0.300316483
1787875602.732551336,66133.022128084,0.225605518,0.000000000,0.306665063
1787875602.832402945,66133.121988928,0.229155734,0.000000000,0.312634885
1787875602.932561398,66133.222144646,0.233274087,0.000000000,0.316327095
1787875603.032572985,66133.322163411,0.238158494,0.000000000,0.318395823
1787875603.132544518,66133.422137449,0.242830440,0.000000000,0.320236623
1787875603.232546568,66133.522145208,0.248254210,0.000000000,0.320018262
1787875603.332632065,66133.622223947,0.257300377,0.000000000,0.298852384
1787875603.432686329,66133.722266071,0.260000000,0.000000000,0.276093811
1787875603.532720804,66133.822322941,0.260000000,0.000000000,0.250717789
1787875603.632552385,66133.922138832,0.260000000,0.000000000,0.226322562
1787875603.732417822,66134.021992453,0.260000000,0.000000000,0.203816563
1787875603.832445383,66134.122020941,0.260000000,0.000000000,0.184245974
1787875603.932527304,66134.222098236,0.260000000,0.000000000,0.168188855
1787875604.032508135,66134.322097759,0.260000000,0.000000000,0.155350044
1787875604.132329941,66134.421902978,0.260000000,0.000000000,0.144604251
1787875604.232414246,66134.521998047,0.260000000,0.000000000,0.135448352
1787875604.332683802,66134.622259256,0.260000000,0.000000000,0.126895413
1787875604.432799578,66134.722402751,0.260000000,0.000000000,0.119019762
1787875604.532536507,66134.822110079,0.260000000,0.000000000,0.111361220
1787875604.632499456,66134.922081278,0.260000000,0.000000000,0.104281068
1787875604.732499599,66135.022073059,0.260000000,0.000000000,0.097442478
1787875604.832548857,66135.122130217,0.260000000,0.000000000,0.090917975
1787875604.932517052,66135.222088366,0.260000000,0.000000000,0.084762350
1787875605.032469511,66135.322043693,0.260000000,0.000000000,0.079643287
1787875605.132719278,66135.422293967,0.260000000,0.000000000,0.075180657
1787875605.232956409,66135.522538805,0.260000000,0.000000000,0.071269169
1787875605.332581043,66135.622156191,0.260000000,0.000000000,0.067906976
1787875605.432690859,66135.722272797,0.260000000,0.000000000,0.065147392
1787875605.532708883,66135.822306298,0.260000000,0.000000000,0.062999815
1787875605.632972479,66135.922555562,0.260000000,0.000000000,0.061518572
1787875605.732658625,66136.022238295,0.260000000,0.000000000,0.060600858
1787875605.832736254,66136.122327856,0.260000000,0.000000000,0.060197055
1787875605.932633638,66136.222218136,0.259950757,0.000000000,0.060339797
1787875606.032549620,66136.322130550,0.258840054,0.000000000,0.060875490
1787875606.132805586,66136.422404554,0.257715106,0.000000000,0.061739355
1787875606.232522964,66136.522102047,0.256571263,0.000000000,0.062850982
1787875606.332832336,66136.622412392,0.255388707,0.000000000,0.064156152
1787875606.432607174,66136.722200191,0.254021466,0.000000000,0.065733388
1787875606.532760143,66136.822334328,0.252593160,0.000000000,0.067402229
1787875606.632604837,66136.922193699,0.251077682,0.000000000,0.069131158
1787875606.732561588,66137.022150627,0.249488533,0.000000000,0.070872881
1787875606.832577944,66137.122153729,0.247631460,0.000000000,0.072762094
1787875606.932570696,66137.222152652,0.245695189,0.000000000,0.074615844
1787875607.032569885,66137.322148369,0.243650585,0.000000000,0.076415949
1787875607.132699251,66137.422269432,0.241306201,0.000000000,0.078280367
1787875607.232625246,66137.522207037,0.238891318,0.000000000,0.080032676
1787875607.332784653,66137.622378263,0.236368001,0.000000000,0.081678174
1787875607.432640553,66137.722239777,0.233533308,0.000000000,0.083334178
1787875607.532656670,66137.822234108,0.230654165,0.000000000,0.084836811
1787875607.632745981,66137.922339867,0.227698177,0.000000000,0.086198084
1787875607.732714653,66138.022293322,0.224689841,0.000000000,0.087422587
1787875607.832755804,66138.122341687,0.221652269,0.000000000,0.088510059
1787875607.932648659,66138.222231905,0.218569875,0.000000000,0.089483052
1787875608.032694101,66138.322286206,0.215110078,0.000000000,0.090445563
1787875608.132921457,66138.422514058,0.211602479,0.000000000,0.091211140
1787875608.232618570,66138.522211562,0.208042115,0.000000000,0.091771737
1787875608.332884312,66138.622472514,0.204203308,0.000000000,0.092212886
1787875608.432879210,66138.722476981,0.200657055,0.000000000,0.092360839
1787875608.532691956,66138.822283681,0.193759814,0.000000000,0.051328897
1787875608.632615566,66138.922199412,0.185580596,0.000000000,0.005660779
1787875608.732616425,66139.022208032,0.177519053,0.000000000,-0.044784509
1787875608.832753658,66139.122346870,0.170229957,0.000000000,-0.093443312
1787875608.932549477,66139.222120748,0.163859755,0.000000000,-0.139860719
1787875609.032588959,66139.322159124,0.157857448,0.000000000,-0.182414725
1787875609.132477760,66139.422047451,0.152183592,0.000000000,-0.221235901
1787875609.232728243,66139.522300129,0.146473095,0.000000000,-0.256086826
1787875609.332677841,66139.622260428,0.140515804,0.000000000,-0.286918730
1787875609.432566881,66139.722138638,0.133876666,0.000000000,-0.313672990
1787875609.532892466,66139.822462404,0.126974940,0.000000000,-0.336561590
1787875609.632632494,66139.922202660,0.120009124,0.000000000,-0.355892628
1787875609.732805967,66140.022408196,0.113101006,0.000000000,-0.371817112
1787875609.832707405,66140.122289987,0.106099978,0.000000000,-0.383791476
1787875609.932687283,66140.222265970,0.099680297,0.000000000,-0.391795218
1787875610.032927752,66140.322508812,0.093724139,0.000000000,-0.395911694
1787875610.132666588,66140.422247010,0.088146247,0.000000000,-0.396775782
1787875610.232769251,66140.522347540,0.082482055,0.000000000,-0.393330902
1787875610.332710981,66140.622297640,0.076864369,0.000000000,-0.387199372
1787875610.432957649,66140.722561415,0.071231321,0.000000000,-0.378189743
1787875610.532576561,66140.822151173,0.065799199,0.000000000,-0.368901640
1787875610.632719040,66140.922296255,0.060124896,0.000000000,-0.357028276
1787875610.732667923,66141.022244625,0.054620828,0.000000000,-0.344465911
1787875610.832550764,66141.122121724,0.049304973,0.000000000,-0.330185026
1787875610.932879210,66141.222449733,0.044244654,0.000000000,-0.315717489
1787875611.033242226,66141.322829028,0.039580200,0.000000000,-0.301293582
1787875611.132608652,66141.422197351,0.035498418,0.000000000,-0.288345128
1787875611.232812643,66141.522383472,0.031289242,0.000000000,-0.270900965
1787875611.332550049,66141.622131604,0.027674759,0.000000000,-0.254807979
1787875611.432777882,66141.722359270,0.024694061,0.000000000,-0.240807950
1787875611.532602072,66141.822182934,0.021972453,0.000000000,-0.226816788
1787875611.632700205,66141.922282346,0.019472620,0.000000000,-0.213167936
1787875611.732472897,66142.022036856,0.017478133,0.000000000,-0.201876014
1787875611.832739115,66142.122318284,0.015353862,0.000000000,-0.187590510
1787875611.932916164,66142.222485979,0.013566664,0.000000000,-0.174473643
1787875612.032568693,66142.322135905,0.012134649,0.000000000,-0.163793325
1787875612.132774591,66142.422348292,0.010728865,0.000000000,-0.153255373
1787875612.232793093,66142.522381969,0.009612122,0.000000000,-0.145078406
1787875612.332771063,66142.622363740,0.008628977,0.000000000,-0.138403371
1787875612.432754517,66142.722333270,0.007825675,0.000000000,-0.133165687
1787875612.532962084,66142.822560674,0.006744266,0.000000000,-0.123712800
1787875612.632935762,66142.922531928,0.005701248,0.000000000,-0.113502450
1787875612.732721806,66143.022308903,0.004890503,0.000000000,-0.105309270
1787875612.832754850,66143.122359063,0.004212935,0.000000000,-0.098892547
1787875612.932620764,66143.222210997,0.003593581,0.000000000,-0.093732990
1787875613.032691956,66143.322264517,0.003056316,0.000000000,-0.089815140
1787875613.132646799,66143.422218866,0.002609410,0.000000000,-0.086783215
1787875613.232586384,66143.522156095,0.002239474,0.000000000,-0.084123500
1787875613.332650185,66143.622222586,0.001970676,0.000000000,-0.081908174
1787875613.432614565,66143.722200315,0.001773993,0.000000000,-0.079991288
1787875613.532691479,66143.822262178,0.001605980,0.000000000,-0.078118578
1787875613.632780552,66143.922353821,0.001468313,0.000000000,-0.076470859
1787875613.732950926,66144.022545387,0.001320015,0.000000000,-0.074759610
1787875613.832903385,66144.122511215,0.001184553,0.000000000,-0.073224239
1787875613.932893515,66144.222481672,0.001049887,0.000000000,-0.071795106
1787875614.032944441,66144.322522906,0.000900533,0.000000000,-0.070276082
1787875614.132743359,66144.422334939,0.000760850,0.000000000,-0.068884395
1787875614.232928991,66144.522518906,0.000623635,0.000000000,-0.067574404
1787875614.332629919,66144.622209616,0.000485812,0.000000000,-0.066186443
1787875614.432807207,66144.722382341,0.000362107,0.000000000,-0.064919345
1787875614.532609463,66144.822185023,0.000249014,0.000000000,-0.063740820
1787875614.632722616,66144.922295120,0.000132594,0.000000000,-0.062477048
1787875614.732901335,66145.022477694,0.000030472,0.000000000,-0.061304111
1787875614.832900286,66145.122492124,-0.000062026,0.000000000,-0.060202766
1787875614.932987690,66145.222574291,-0.000144893,0.000000000,-0.059172727
1787875615.032973289,66145.322561914,-0.000230106,0.000000000,-0.058060944
1787875615.132942915,66145.422545992,-0.000303656,0.000000000,-0.057024460
1787875615.232826948,66145.522430316,-0.000370747,0.000000000,-0.056041665
1787875615.332917213,66145.622497098,-0.000440770,0.000000000,-0.054989204
1787875615.432940960,66145.722535348,-0.000500482,0.000000000,-0.054041117
1787875615.533126831,66145.822708345,-0.000556816,0.000000000,-0.053154022
1787875615.632764101,66145.922341835,-0.000608306,0.000000000,-0.052342288
1787875615.732821703,66146.022411275,-0.000663218,0.000000000,-0.051475760
1787875615.832795858,66146.122387928,-0.000709078,0.000000000,-0.050701369
1787875615.932854414,66146.222447884,-0.000748876,0.000000000,-0.050005786
1787875616.032906532,66146.322502648,-0.000769651,0.000000000,-0.049452253
1787875616.132888317,66146.422503669,-0.000793289,0.000000000,-0.048962306
1787875616.232814312,66146.522404682,-0.000811529,0.000000000,-0.048491903
1787875616.332826376,66146.622412473,-0.000823988,0.000000000,-0.048078477
1787875616.432849884,66146.722431177,-0.000818824,0.000000000,-0.047723100
1787875616.532883883,66146.822488395,-0.000807839,0.000000000,-0.047389094
1787875616.632933855,66146.922529093,-0.000785599,0.000000000,-0.047145337
1787875616.732922316,66147.022520574,-0.000777476,0.000000000,-0.046920270
1787875616.832725286,66147.122303288,-0.000745067,0.000000000,-0.046791352
1787875616.932850361,66147.222428107,-0.000751198,0.000000000,-0.046567738
1787875617.032939672,66147.322527818,-0.000768656,0.000000000,-0.046140786
1787875617.133067608,66147.422650843,-0.000786733,0.000000000,-0.045651194
1787875617.232983589,66147.522579696,-0.000791159,0.000000000,-0.045123458
1787875617.332996845,66147.622591962,-0.000826345,0.000000000,-0.044575967
1787875617.432823181,66147.722422536,-0.000868465,0.000000000,-0.043932918
1787875617.532776117,66147.822354133,-0.000907833,0.000000000,-0.043265942
1787875617.632992983,66147.922592378,-0.000948611,0.000000000,-0.042627987
1787875617.732889891,66148.022493255,-0.000984733,0.000000000,-0.042176198
1787875617.833039522,66148.122621296,-0.001029893,0.000000000,-0.041583918
1787875617.932997942,66148.222575760,-0.001076943,0.000000000,-0.040959217
1787875618.032963037,66148.322565370,-0.001122571,0.000000000,-0.040306631
1787875618.132824421,66148.422428039,-0.001155596,0.000000000,-0.039700828
1787875618.232932329,66148.522512136,-0.001179255,0.000000000,-0.039269611
1787875618.332841873,66148.622419959,-0.001222028,0.000000000,-0.038621955
1787875618.432934761,66148.722538167,-0.001263279,0.000000000,-0.037979960
1787875618.532991171,66148.822571814,-0.001307253,0.000000000,-0.037316725
1787875618.632957935,66148.922555239,-0.001327828,0.000000000,-0.036756940
1787875618.732856750,66149.022436180,-0.001349611,0.000000000,-0.036333967
1787875618.832644701,66149.122208282,-0.001377877,0.000000000,-0.035848588
1787875618.932799816,66149.222380128,-0.001409262,0.000000000,-0.035341348
1787875619.033014774,66149.322598501,-0.001441822,0.000000000,-0.034815133
1787875619.132843256,66149.422435140,-0.001474858,0.000000000,-0.034279983
1787875619.232893467,66149.522467451,-0.001515222,0.000000000,-0.033643823
1787875619.332724571,66149.622294755,-0.001553016,0.000000000,-0.033039626
1787875619.432709455,66149.722280109,-0.001590885,0.000000000,-0.032457534
1787875619.532875061,66149.822457909,-0.001633534,0.000000000,-0.031818517
1787875619.632680655,66149.922261644,-0.001671495,0.000000000,-0.031229993
1787875619.732812643,66150.022385131,-0.001706545,0.000000000,-0.030683357
1787875619.832879543,66150.122458697,-0.001737676,0.000000000,-0.030175878
1787875619.932696581,66150.222267572,-0.001765009,0.000000000,-0.029707011
1787875620.032770872,66150.322356732,-0.001792935,0.000000000,-0.029200969
1787875620.132799387,66150.422389639,-0.001815566,0.000000000,-0.028734764
1787875620.232854128,66150.522434406,-0.001834918,0.000000000,-0.028295057
1787875620.333122015,66150.622702403,-0.001851260,0.000000000,-0.027885547
1787875620.432984352,66150.722580625,-0.001867912,0.000000000,-0.027439000
1787875620.532828331,66150.822417206,-0.001880510,0.000000000,-0.027032366
1787875620.632938385,66150.922532288,-0.001891289,0.000000000,-0.026650149
1787875620.732716084,66151.022289393,-0.001902744,0.000000000,-0.026242815
1787875620.832715750,66151.122284700,-0.001910865,0.000000000,-0.025872592
1787875620.932723761,66151.222329222,-0.001917368,0.000000000,-0.025529802
1787875621.032800198,66151.322369579,-0.001924572,0.000000000,-0.025162723
1787875621.132729530,66151.422311663,-0.001929085,0.000000000,-0.024825102
1787875621.232834578,66151.522408875,-0.001931776,0.000000000,-0.024514351
1787875621.332966089,66151.622534505,-0.001932676,0.000000000,-0.024230663
1787875621.432791233,66151.722361559,-0.001933920,0.000000000,-0.023922041
1787875621.532926321,66151.822513771,-0.001932369,0.000000000,-0.023640638
1787875621.632755756,66151.922339770,-0.001929569,0.000000000,-0.023376871
1787875621.732903242,66152.022474130,-0.001925513,0.000000000,-0.023133103
1787875621.833002090,66152.122592486,-0.001920567,0.000000000,-0.022904225
1787875621.932859659,66152.222435383,-0.001916191,0.000000000,-0.022648932
1787875622.032758236,66152.322332769,-0.001910087,0.000000000,-0.022410527
1787875622.132808208,66152.422390047,-0.001903290,0.000000000,-0.022185115
1787875622.232786417,66152.522362336,-0.001896062,0.000000000,-0.021972185
1787875622.332765579,66152.622348025,-0.001888374,0.000000000,-0.021770105
1787875622.432648182,66152.722215910,-0.001880259,0.000000000,-0.021577097
1787875622.532741070,66152.822308272,-0.001872643,0.000000000,-0.021357933
1787875622.632796049,66152.922376945,-0.001863596,0.000000000,-0.021151692
1787875622.732928514,66153.022498694,-0.001854397,0.000000000,-0.020950604
1787875622.832958221,66153.122534665,-0.001844572,0.000000000,-0.020763062
1787875622.932945728,66153.222523694,-0.001835299,0.000000000,-0.020553779
1787875623.032908440,66153.322495333,-0.001824697,0.000000000,-0.020359796
1787875623.133171082,66153.422752554,-0.001814215,0.000000000,-0.020147692
1787875623.233181477,66153.522774532,-0.001802784,0.000000000,-0.019949129
1787875623.333023071,66153.622613646,-0.001790883,0.000000000,-0.019764211
1787875623.432916403,66153.722490825,-0.001778489,0.000000000,-0.019597348
1787875623.532954216,66153.822531882,-0.001766618,0.000000000,-0.019412966
1787875623.632977962,66153.922558104,-0.001753784,0.000000000,-0.019241063
1787875623.732975960,66154.022571109,-0.001740432,0.000000000,-0.019081892
1787875623.833200932,66154.122785723,-0.001727068,0.000000000,-0.018912433
1787875623.932890177,66154.222460246,-0.001713143,0.000000000,-0.018755564
1787875624.032914639,66154.322487812,-0.001696564,0.000000000,-0.018642223
1787875624.132866621,66154.422454619,-0.001684273,0.000000000,-0.018492697
1787875624.233177185,66154.522781157,0.002705099,0.000000000,-0.018750992
1787875624.334745646,66154.624437974,0.006830395,0.000000000,-0.017941540
1787875624.433158636,66154.722754502,0.010909397,0.000000000,-0.016561642
1787875624.533109665,66154.822838294,0.014150785,0.000000000,-0.015041335
1787875624.633051634,66154.922646185,0.016592100,0.000000000,-0.013870054
1787875624.733151913,66155.022730837,0.018328061,0.000000000,-0.013132729
1787875624.833092928,66155.122687595,0.019525729,0.000000000,-0.012850090
1787875624.933115959,66155.222702306,0.020262444,0.000000000,-0.012902205
1787875625.032934427,66155.322506360,0.020676637,0.000000000,-0.013175890
1787875625.132930517,66155.422523434,0.020780679,0.000000000,-0.013657894
1787875625.232999086,66155.522572515,0.020679474,0.000000000,-0.014271612
1787875625.332992315,66155.622711822,0.020412782,0.000000000,-0.014956892
1787875625.432950497,66155.722542816,0.020020470,0.000000000,-0.015657561
1787875625.533149242,66155.822728881,0.019475920,0.000000000,-0.016368758
1787875625.633010864,66155.922598523,0.018865285,0.000000000,-0.017003670
1787875625.733091354,66156.022682923,0.018202156,0.000000000,-0.017556688
1787875625.833368063,66156.122938997,0.017511431,0.000000000,-0.017997231
1787875625.932977915,66156.222572020,0.016782284,0.000000000,-0.018365504
1787875626.033189297,66156.322765375,0.016074762,0.000000000,-0.018703833
1787875626.132938862,66156.422534213,0.015395442,0.000000000,-0.019019743
1787875626.233174086,66156.522779045,0.014723321,0.000000000,-0.019381661
1787875626.333089352,66156.622676262,0.014100039,0.000000000,-0.019773174
1787875626.433055639,66156.722650702,0.013517804,0.000000000,-0.020210879
1787875626.532868147,66156.822453414,0.012958581,0.000000000,-0.020733869
1787875626.632961273,66156.922554272,0.012432474,0.000000000,-0.021289689
1787875626.733001471,66157.022589869,0.011939884,0.000000000,-0.021831866
1787875626.833052397,66157.122648186,0.011468353,0.000000000,-0.022501333
1787875626.932919979,66157.222491885,0.011020879,0.000000000,-0.023192955
1787875627.033032656,66157.322603130,0.010611388,0.000000000,-0.023905525
1787875627.133045912,66157.422629380,0.010187119,0.000000000,-0.024640862
1787875627.232929945,66157.522501250,0.009787785,0.000000000,-0.025351986
1787875627.332849979,66157.622429336,0.009403345,0.000000000,-0.026090166
1787875627.432962894,66157.722534204,0.009034328,0.000000000,-0.026886325
1787875627.533041239,66157.822610564,0.008673608,0.000000000,-0.027681114
1787875627.633038521,66157.922621695,0.008323331,0.000000000,-0.028375883
1787875627.733191490,66158.022785273,0.007993888,0.000000000,-0.029057773
1787875627.833124399,66158.122722473,0.007667043,0.000000000,-0.029786674
1787875627.933218956,66158.222820445,0.007345670,0.000000000,-0.030431923
1787875628.033116341,66158.322697739,0.007040536,0.000000000,-0.030992301
1787875628.132950544,66158.422529312,0.006739909,0.000000000,-0.031579319
1787875628.233064413,66158.522644640,0.006447826,0.000000000,-0.032077689
1787875628.333056450,66158.622631717,0.006170808,0.000000000,-0.032479908
1787875628.433211565,66158.722788172,0.005901853,0.000000000,-0.032841284
1787875628.533103943,66158.822685395,0.005650897,0.000000000,-0.033136122
1787875628.633016825,66158.922611768,0.005395279,0.000000000,-0.033367775
1787875628.733062029,66159.022660224,0.005147061,0.000000000,-0.033557598
1787875628.833038092,66159.122623158,0.004911740,0.000000000,-0.033679195
1787875628.933218479,66159.222800677,0.004664214,0.000000000,-0.033789087
1787875629.033072710,66159.322659232,0.004431684,0.000000000,-0.033868238
1787875629.132946730,66159.422528331,0.004211417,0.000000000,-0.033882361
1787875629.232842684,66159.522410704,0.004012689,0.000000000,-0.033826172
1787875629.333086729,66159.622674153,0.003796325,0.000000000,-0.033658080
1787875629.433015108,66159.722603033,0.003596991,0.000000000,-0.033460274
1787875629.532949209,66159.822520002,0.003405741,0.000000000,-0.033140324
1787875629.633470535,66159.923052897,0.003216912,0.000000000,-0.032808259
1787875629.733088493,66160.022680183,0.003025137,0.000000000,-0.032420363
1787875629.833030939,66160.122609514,0.002846893,0.000000000,-0.032001548
1787875629.933067799,66160.222662894,0.002670003,0.000000000,-0.031465106
1787875630.033077002,66160.322657686,0.002511897,0.000000000,-0.030927945
1787875630.133141518,66160.422722146,0.002348125,0.000000000,-0.030441111
1787875630.233193874,66160.522791618,0.002187365,0.000000000,-0.029846990
1787875630.333139181,66160.622717240,0.002043311,0.000000000,-0.029233592
1787875630.433268070,66160.722855803,0.001907123,0.000000000,-0.028678173
1787875630.533124447,66160.822702033,0.001764157,0.000000000,-0.028002286
1787875630.633035421,66160.922612636,0.001638314,0.000000000,-0.027340949
1787875630.732920647,66161.022504316,0.001523958,0.000000000,-0.026814807
1787875630.833289146,66161.122896210,0.001412966,0.000000000,-0.026203629
1787875630.933217525,66161.222800626,0.001300925,0.000000000,-0.025537854
1787875631.033204317,66161.322786562,0.001200365,0.000000000,-0.024967998
1787875631.133105516,66161.422684377,0.001101270,0.000000000,-0.024467934
1787875631.233159781,66161.522730464,0.001009681,0.000000000,-0.023919517
1787875631.333200932,66161.622788728,0.000920044,0.000000000,-0.023363538
1787875631.432917833,66161.722488104,0.000838946,0.000000000,-0.022843197
1787875631.533010960,66161.822598293,0.000762427,0.000000000,-0.022356698
1787875631.633256912,66161.922828785,0.000690750,0.000000000,-0.021839803
1787875631.733198643,66162.022768033,0.000624731,0.000000000,-0.021358218
1787875631.833017349,66162.122606330,0.000556532,0.000000000,-0.020853486
1787875631.933248758,66162.222851654,0.000495166,0.000000000,-0.020401722
1787875632.033295393,66162.322877781,0.000437331,0.000000000,-0.019987378
1787875632.133337259,66162.422919861,0.000383554,0.000000000,-0.019604670
1787875632.233036995,66162.522607547,0.000329449,0.000000000,-0.019202707
1787875632.333055019,66162.622640250,0.000281088,0.000000000,-0.018844916
1787875632.433180809,66162.722750182,0.000236866,0.000000000,-0.018511698
1787875632.532935143,66162.822505148,0.000192297,0.000000000,-0.018163722
1787875632.633298159,66162.922872982,0.000152458,0.000000000,-0.017844141
1787875632.732959509,66163.022529387,0.000111933,0.000000000,-0.017509509
1787875632.833010912,66163.122584895,0.000076488,0.000000000,-0.017215649
1787875632.933209896,66163.222795992,0.000043566,0.000000000,-0.016946960
1787875633.033325672,66163.322908563,0.000014089,0.000000000,-0.016702382
1787875633.133435488,66163.423031981,-0.000015605,0.000000000,-0.016443556
1787875633.233207226,66163.522805718,-0.000041334,0.000000000,-0.016207969
1787875633.333157063,66163.622729232,-0.000064707,0.000000000,-0.015990328
1787875633.433320999,66163.722897703,-0.000085550,0.000000000,-0.015788026
1787875633.533217907,66163.822808417,-0.000106673,0.000000000,-0.015568163
1787875633.633213043,66163.922801160,-0.000125151,0.000000000,-0.015363541
1787875633.733296871,66164.022880666,-0.000141839,0.000000000,-0.015174600
1787875633.833100557,66164.122671736,-0.000158661,0.000000000,-0.014973609
1787875633.933052063,66164.222639344,-0.000172969,0.000000000,-0.014792900
1787875634.033402920,66164.322975581,-0.000187671,0.000000000,-0.014599117
1787875634.133118629,66164.422711890,-0.000200101,0.000000000,-0.014423857
1787875634.233228683,66164.522818316,-0.000210952,0.000000000,-0.014265592
1787875634.333221912,66164.622795788,-0.000220193,0.000000000,-0.014124336
1787875634.433432579,66164.723013546,-0.000229359,0.000000000,-0.013974324
1787875634.533132076,66164.822719228,-0.000236765,0.000000000,-0.013836853
1787875634.633041382,66164.922613969,-0.000242853,0.000000000,-0.013711246
1787875634.733238220,66165.022830963,-0.000247996,0.000000000,-0.013594662
1787875634.833191156,66165.122782334,-0.000252323,0.000000000,-0.013486153
1787875634.933013916,66165.222593732,-0.000256660,0.000000000,-0.013369708
1787875635.033153296,66165.322741189,-0.000259832,0.000000000,-0.013263462
1787875635.133270502,66165.422851647,-0.000262431,0.000000000,-0.013164578
1787875635.233237505,66165.522839166,-0.000264452,0.000000000,-0.013073880
1787875635.333546162,66165.623149987,-0.000266163,0.000000000,-0.012987789
1787875635.433490276,66165.723091811,-0.000267941,0.000000000,-0.012894239
1787875635.533405066,66165.822983444,-0.000268935,0.000000000,-0.012808118
1787875635.633177757,66165.922756165,-0.000269926,0.000000000,-0.012715908
1787875635.733151197,66166.022740347,-0.000270175,0.000000000,-0.012632329
1787875635.833274126,66166.122849243,-0.000270219,0.000000000,-0.012553577
1787875635.933200598,66166.222776582,-0.000267431,0.000000000,-0.012515282
1787875636.033033609,66166.322609706,-0.000265668,0.000000000,-0.012471894
1787875636.133235693,66166.422831328,-0.000264004,0.000000000,-0.012417210
1787875636.233205795,66166.522780507,-0.000262179,0.000000000,-0.012359631
1787875636.333137751,66166.622713210,0.000000000,0.000000000,0.000000000
1787875636.433274984,66166.722863041,-0.000245446,0.000000000,-0.012400502
1787875636.533133984,66166.822705419,-0.000223121,0.000000000,-0.012663041
1787875636.633531570,66166.923141590,-0.000201899,0.000000000,-0.012944056
1787875636.733149290,66167.022729647,-0.000193130,0.000000000,-0.013043067
1787875636.833200693,66167.122778122,-0.000183253,0.000000000,-0.013095941
1787875636.933411121,66167.222990300,-0.000180180,0.000000000,-0.013045778
1787875637.033240557,66167.322835337,-0.000178926,0.000000000,-0.012966969
1787875637.133270264,66167.422870458,-0.000181164,0.000000000,-0.012869005
1787875637.233187914,66167.522774622,-0.000185717,0.000000000,-0.012770306
1787875637.333284616,66167.622878141,-0.000192667,0.000000000,-0.012658237
1787875637.433247328,66167.722821807,-0.000199296,0.000000000,-0.012553615
1787875637.533360958,66167.822941182,-0.000205755,0.000000000,-0.012440980
1787875637.633405209,66167.922976351,-0.000210267,0.000000000,-0.012338488
1787875637.733264923,66168.022852144,-0.000213204,0.000000000,-0.012244217
1787875637.833395004,66168.122964992,-0.000215164,0.000000000,-0.012147496
1787875637.933255911,66168.222833615,-0.000215499,0.000000000,-0.012061730
1787875638.033418179,66168.322999456,-0.000212498,0.000000000,-0.012016164
1787875638.133400679,66168.422990989,-0.000210126,0.000000000,-0.011966587
1787875638.233583689,66168.523169708,-0.000208001,0.000000000,-0.011905363
1787875638.333261251,66168.622849476,-0.000205882,0.000000000,-0.011842237
1787875638.433370113,66168.722982330,-0.000204110,0.000000000,-0.011777935
1787875638.533132076,66168.822696043,-0.000203261,0.000000000,-0.011704033
1787875638.633340597,66168.922926852,-0.000202711,0.000000000,-0.011634542
1787875638.733399868,66169.022976078,-0.000202707,0.000000000,-0.011569230
1787875638.833416939,66169.123001452,-0.000203343,0.000000000,-0.011500185
1787875638.933397293,66169.222970122,-0.000203872,0.000000000,-0.011437317
1787875639.033240557,66169.322821740,-0.000204362,0.000000000,-0.011379185
1787875639.133248091,66169.422821355,-0.000204642,0.000000000,-0.011325773
1787875639.233275890,66169.522857594,-0.000204882,0.000000000,-0.011268474
1787875639.333168268,66169.622756060,-0.000204563,0.000000000,-0.011216435
1787875639.433210373,66169.722799156,-0.000203958,0.000000000,-0.011167557
1787875639.533185005,66169.822755974,-0.000203242,0.000000000,-0.011115411
1787875639.633378506,66169.922981820,-0.000202103,0.000000000,-0.011067832
1787875639.733213425,66170.022785188,-0.000200780,0.000000000,-0.011023579
1787875639.833235025,66170.122806181,-0.000199318,0.000000000,-0.010982533
1787875639.933323860,66170.222913666,-0.000197876,0.000000000,-0.010938059
1787875640.033534288,66170.323124734,-0.000196201,0.000000000,-0.010897288
1787875640.133210659,66170.422780584,-0.000194504,0.000000000,-0.010858789
1787875640.233432770,66170.523019517,-0.000192902,0.000000000,-0.010817539
1787875640.333231211,66170.622830205,-0.000191199,0.000000000,-0.010779541
1787875640.433172941,66170.722762276,-0.000189527,0.000000000,-0.010743876
1787875640.533416271,66170.823002955,-0.000187927,0.000000000,-0.010705823
1787875640.633092642,66170.922667042,-0.000186182,0.000000000,-0.010671094
1787875640.733149767,66171.022723206,-0.000184453,0.000000000,-0.010638496
1787875640.833158970,66171.122743670,-0.000182777,0.000000000,-0.010603422
1787875640.933554173,66171.223138238,-0.000180988,0.000000000,-0.010571243
1787875641.033232689,66171.322824420,-0.000179216,0.000000000,-0.010540906
1787875641.133203745,66171.422784938,-0.000177473,0.000000000,-0.010508290
1787875641.233390808,66171.522976112,-0.000175617,0.000000000,-0.010478351
1787875641.333469629,66171.623067462,-0.000173771,0.000000000,-0.010450093
1787875641.433308601,66171.722895253,-0.000172007,0.000000000,-0.010419591
1787875641.533312321,66171.822925610,-0.000170171,0.000000000,-0.010391470
1787875641.633370399,66171.922954712,-0.000168341,0.000000000,-0.010365052
1787875641.733206987,66172.022792666,-0.000166546,0.000000000,-0.010336472
1787875641.833099604,66172.122668391,-0.000164696,0.000000000,-0.010310034
1787875641.933568001,66172.223139607,-0.000162904,0.000000000,-0.010284846
1787875642.033249617,66172.322823696,-0.000161192,0.000000000,-0.010261009
1787875642.133370876,66172.422950463,-0.000159568,0.000000000,-0.010238125
1787875642.233391523,66172.522965905,-0.000158002,0.000000000,-0.010212556
1787875642.333359718,66172.622931481,-0.000156389,0.000000000,-0.010188524
1787875642.433322430,66172.722909789,-0.000154808,0.000000000,-0.010165462
1787875642.533211231,66172.822781652,-0.000153266,0.000000000,-0.010143490
1787875642.633170843,66172.922756839,-0.000151805,0.000000000,-0.010122222
1787875642.733094931,66173.022665410,-0.000150398,0.000000000,-0.010101544
1787875642.833160400,66173.122732542,-0.000149045,0.000000000,-0.010081232
1787875642.933279276,66173.222860369,-0.000147769,0.000000000,-0.010057730
1787875643.033160925,66173.322730680,-0.000146431,0.000000000,-0.010035351
1787875643.133397341,66173.422991604,-0.000145107,0.000000000,-0.010013688
1787875643.233388662,66173.522971334,-0.000143831,0.000000000,-0.009992877
1787875643.333322287,66173.622911041,-0.000142651,0.000000000,-0.009969227
1787875643.433438540,66173.723033687,-0.000141402,0.000000000,-0.009946932
1787875643.533554077,66173.823130824,-0.000140234,0.000000000,-0.009922055
1787875643.633349180,66173.922936045,-0.000138991,0.000000000,-0.009899005
1787875643.733241796,66174.022824212,-0.000137786,0.000000000,-0.009877110
1787875643.833330631,66174.122918130,-0.000136656,0.000000000,-0.009853324
1787875643.933292150,66174.222888011,-0.000135478,0.000000000,-0.009831031
1787875644.033411741,66174.323006787,-0.000134325,0.000000000,-0.009809683
1787875644.133363724,66174.422953794,-0.000133206,0.000000000,-0.009789371
1787875644.233489990,66174.523090007,-0.000132127,0.000000000,-0.009769764
1787875644.333484888,66174.623088286,-0.000131129,0.000000000,-0.009747712
1787875644.433442593,66174.723017560,-0.000130068,0.000000000,-0.009726812
1787875644.533373117,66174.822947572,-0.000129094,0.000000000,-0.009703444
1787875644.633488655,66174.923058423,-0.000128059,0.000000000,-0.009681797
1787875644.733432770,66175.023019011,-0.000127081,0.000000000,-0.009661079
1787875644.833412170,66175.123017970,-0.000126197,0.000000000,-0.009638494
1787875644.933493853,66175.223094539,-0.000125268,0.000000000,-0.009617474
1787875645.033302784,66175.322885478,-0.000124364,0.000000000,-0.009597406
1787875645.133495092,66175.423076438,-0.000123540,0.000000000,-0.009575402
1787875645.233254194,66175.522833431,-0.000122663,0.000000000,-0.009554697
1787875645.333328724,66175.622912258,-0.000121814,0.000000000,-0.009534782
1787875645.433586359,66175.723188047,-0.000120988,0.000000000,-0.009515867
1787875645.533331156,66175.822924287,-0.000120258,0.000000000,-0.009494774
1787875645.633691549,66175.923273401,-0.000119456,0.000000000,-0.009474998
1787875645.733377218,66176.022970626,-0.000118665,0.000000000,-0.009456022
1787875645.833433628,66176.123014927,-0.000117894,0.000000000,-0.009437904
1787875645.933334589,66176.222935111,-0.000117232,0.000000000,-0.009417487
1787875646.033436298,66176.323028067,-0.000116516,0.000000000,-0.009398237
1787875646.133441210,66176.423023150,-0.000115897,0.000000000,-0.009376714
1787875646.233411074,66176.523007384,-0.000115188,0.000000000,-0.009356728
1787875646.333297968,66176.622878165,-0.000114503,0.000000000,-0.009337528
1787875646.433342457,66176.722919573,-0.000113861,0.000000000,-0.009319250
1787875646.533368826,66176.822951969,-0.000113333,0.000000000,-0.009298776
1787875646.633343935,66176.922945685,-0.000112744,0.000000000,-0.009279492
1787875646.733670235,66177.023258454,-0.000112153,0.000000000,-0.009260843
1787875646.833350420,66177.122924353,-0.000111631,0.000000000,-0.009240204
1787875646.933353662,66177.222937234,-0.000111033,0.000000000,-0.009220861
1787875647.033478498,66177.323062104,-0.000110457,0.000000000,-0.009202285
1787875647.133304358,66177.422885297,-0.000109897,0.000000000,-0.009184560
1787875647.233351707,66177.522943369,-0.000109355,0.000000000,-0.009167399
1787875647.333567381,66177.623184746,-0.000108881,0.000000000,-0.009148033
1787875647.433447838,66177.723046603,-0.000108336,0.000000000,-0.009129610
1787875647.533632040,66177.823216836,-0.000107905,0.000000000,-0.009108696
1787875647.633253336,66177.922826080,-0.000107406,0.000000000,-0.009089222
1787875647.733272552,66178.022843985,-0.000106910,0.000000000,-0.009070626
1787875647.833530188,66178.123123189,-0.000106420,0.000000000,-0.009053062
1787875647.933319330,66178.222897296,-0.000105973,0.000000000,-0.009036085
1787875648.033630610,66178.323207799,-0.000105602,0.000000000,-0.009016945
1787875648.133392096,66178.422997632,-0.000105134,0.000000000,-0.008998937
1787875648.233403921,66178.522985626,-0.000104651,0.000000000,-0.008981582
1787875648.333523273,66178.623142869,-0.000104177,0.000000000,-0.008964886
1787875648.433444500,66178.723044325,-0.000103790,0.000000000,-0.008946031
1787875648.533570290,66178.823167475,-0.000103349,0.000000000,-0.008928225
1787875648.633359194,66178.922935381,-0.000102927,0.000000000,-0.008910973
1787875648.733518600,66179.023112482,-0.000102506,0.000000000,-0.008894458
1787875648.833589554,66179.123171985,-0.000102180,0.000000000,-0.008875648
1787875648.933454752,66179.223035988,-0.000101785,0.000000000,-0.008857815
1787875649.033411980,66179.323017160,-0.000101389,0.000000000,-0.008840592
1787875649.133456230,66179.423046822,-0.000101054,0.000000000,-0.008821565
1787875649.233342648,66179.522925378,-0.000100681,0.000000000,-0.008803502
1787875649.333244562,66179.622816077,-0.000100401,0.000000000,-0.008783389
1787875649.433439016,66179.723016778,-0.000100032,0.000000000,-0.008764822
1787875649.533437490,66179.823042308,-0.000099671,0.000000000,-0.008747040
1787875649.633528233,66179.923103232,-0.000099410,0.000000000,-0.008727582
1787875649.733639717,66180.023209435,-0.000099057,0.000000000,-0.008709416
1787875649.833378792,66180.122947766,-0.000098717,0.000000000,-0.008691901
1787875649.933459520,66180.223031704,-0.000098389,0.000000000,-0.008675085
1787875650.033480644,66180.323075301,-0.000098124,0.000000000,-0.008656353
1787875650.133592129,66180.423171614,-0.000097779,0.000000000,-0.008638871
1787875650.233483076,66180.523058494,-0.000097505,0.000000000,-0.008619479
1787875650.333271027,66180.622840416,-0.000097156,0.000000000,-0.008601530
1787875650.433430433,66180.722998703,-0.000096820,0.000000000,-0.008584359
1787875650.533463717,66180.823037808,-0.000096493,0.000000000,-0.008568145
1787875650.633530855,66180.923108580,-0.000096249,0.000000000,-0.008549991
1787875650.733486176,66181.023072958,-0.000095949,0.000000000,-0.008532859
1787875650.833268166,66181.122838826,-0.000095645,0.000000000,-0.008516290
1787875650.933408260,66181.223000162,-0.000095427,0.000000000,-0.008497952
1787875651.033295870,66181.322879150,-0.000095123,0.000000000,-0.008480828
1787875651.133620739,66181.423189105,-0.000094834,0.000000000,-0.008464336
1787875651.233747482,66181.523329805,-0.000094558,0.000000000,-0.008448601
1787875651.333485126,66181.623063227,-0.000094292,0.000000000,-0.008433374
1787875651.433480024,66181.723056095,-0.000094125,0.000000000,-0.008416139
1787875651.533672094,66181.823271380,-0.000093878,0.000000000,-0.008399708
1787875651.633659840,66181.923263534,-0.000093699,0.000000000,-0.008381139
1787875651.733594418,66182.023176099,-0.000093435,0.000000000,-0.008363819
1787875651.833570719,66182.123149313,-0.000093193,0.000000000,-0.008347195
1787875651.933629990,66182.223216636,-0.000092957,0.000000000,-0.008331465
1787875652.033482552,66182.323061987,-0.000092840,0.000000000,-0.008313765
1787875652.133429527,66182.423020565,-0.000092655,0.000000000,-0.008297151
1787875652.233695984,66182.523273957,-0.000092425,0.000000000,-0.008281197
1787875652.333597898,66182.623172268,-0.000092160,0.000000000,-0.008265981
1787875652.434731722,66182.724311939,-0.000091975,0.000000000,-0.008248782
1787875652.533599854,66182.823193205,-0.000091728,0.000000000,-0.008232550
1787875652.633517504,66182.923114227,-0.000091477,0.000000000,-0.008216936
1787875652.733363867,66183.022947079,-0.000091228,0.000000000,-0.008201949
1787875652.833401203,66183.122976268,-0.000091000,0.000000000,-0.008187352
1787875652.933347702,66183.222921611,-0.000090825,0.000000000,-0.008170774
1787875653.033345699,66183.322917535,-0.000090586,0.000000000,-0.008154972
1787875653.133385181,66183.422954343,-0.000090356,0.000000000,-0.008139556
1787875653.233447313,66183.523030026,-0.000090121,0.000000000,-0.008124736
1787875653.333500862,66183.623091460,-0.000089999,0.000000000,-0.008107848
1787875653.433541775,66183.723117892,-0.000089815,0.000000000,-0.008091903
1787875653.533925533,66183.823520637,-0.000089638,0.000000000,-0.008076450
1787875653.633555174,66183.923136302,-0.000089453,0.000000000,-0.008061678
1787875653.733641624,66184.023236577,-0.000089317,0.000000000,-0.008045005
1787875653.833486080,66184.123076189,-0.000089099,0.000000000,-0.008029114
1787875653.933593512,66184.223180251,-0.000088992,0.000000000,-0.008011132
1787875654.033376694,66184.322962432,-0.000088763,0.000000000,-0.007994630
1787875654.133485794,66184.423062198,-0.000088563,0.000000000,-0.007978830
1787875654.233389854,66184.522963286,-0.000088371,0.000000000,-0.007963803
1787875654.333453894,66184.623026567,-0.000088193,0.000000000,-0.007949245
1787875654.433438540,66184.723008585,-0.000088053,0.000000000,-0.007932954
1787875654.533715010,66184.823293081,-0.000087822,0.000000000,-0.007917630
1787875654.633450270,66184.923028552,-0.000087599,0.000000000,-0.007902765
1787875654.733495951,66185.023081218,-0.000087435,0.000000000,-0.007886313
1787875654.833355188,66185.122932005,-0.000087213,0.000000000,-0.007870924
1787875654.933566093,66185.223143096,-0.000087023,0.000000000,-0.007855993
1787875655.033569574,66185.323142046,-0.000086884,0.000000000,-0.007839517
1787875655.133515835,66185.423096428,-0.000086666,0.000000000,-0.007824116
1787875655.233477116,66185.523052247,-0.000086454,0.000000000,-0.007809315
1787875655.333676100,66185.623259702,-0.000086342,0.000000000,-0.007792840
1787875655.433577299,66185.723177610,-0.000086137,0.000000000,-0.007777563
1787875655.533516645,66185.823112891,-0.000085917,0.000000000,-0.007762946
1787875655.633637190,66185.923219476,-0.000085711,0.000000000,-0.007748921
1787875655.733540535,66186.023137990,-0.000085607,0.000000000,-0.007732994
1787875655.833551168,66186.123128691,-0.000085419,0.000000000,-0.007718152
1787875655.933592558,66186.223192764,-0.000085207,0.000000000,-0.007703862
1787875656.033689499,66186.323279813,-0.000084993,0.000000000,-0.007689999
1787875656.133371592,66186.422937676,-0.000084875,0.000000000,-0.007674162
1787875656.233397961,66186.522958462,-0.000084668,0.000000000,-0.007659401
1787875656.333527088,66186.623127463,-0.000084572,0.000000000,-0.007642875
1787875656.433695316,66186.723279165,-0.000084421,0.000000000,-0.007627395
1787875656.533647537,66186.823250898,-0.000084283,0.000000000,-0.007612513
1787875656.633484125,66186.923054703,-0.000084134,0.000000000,-0.007598482
1787875656.733628750,66187.023219386,-0.000084041,0.000000000,-0.007582824
1787875656.833709717,66187.123296947,-0.000083861,0.000000000,-0.007568225
1787875656.933396578,66187.222964126,-0.000083668,0.000000000,-0.007554125
1787875657.033586025,66187.323155650,-0.000083487,0.000000000,-0.007540517
1787875657.133493185,66187.423063249,-0.000083388,0.000000000,-0.007525188
1787875657.233555794,66187.523132338,-0.000083217,0.000000000,-0.007510905
1787875657.333485126,66187.623059787,-0.000083034,0.000000000,-0.007497104
1787875657.433502674,66187.723090099,-0.000082922,0.000000000,-0.007481664
1787875657.533557415,66187.823146224,-0.000082741,0.000000000,-0.007467137
1787875657.633608818,66187.923181245,-0.000082550,0.000000000,-0.007453328
1787875657.733487844,66188.023059349,-0.000082439,0.000000000,-0.007438041
1787875657.833531141,66188.123111054,-0.000082286,0.000000000,-0.007423572
1787875657.933822632,66188.223405504,-0.000082127,0.000000000,-0.007409705
1787875658.033669472,66188.323243025,-0.000081958,0.000000000,-0.007396506
1787875658.133627653,66188.423218904,-0.000081845,0.000000000,-0.007381633
1787875658.233498335,66188.523091520,-0.000081676,0.000000000,-0.007367532
1787875658.333502293,66188.623081158,-0.000081515,0.000000000,-0.007353796
1787875658.433893442,66188.723488646,-0.000081409,0.000000000,-0.007338462
1787875658.533538580,66188.823141530,-0.000081248,0.000000000,-0.007324097
1787875658.633823633,66188.923400338,-0.000081098,0.000000000,-0.007310291
1787875658.733692884,66189.023269632,-0.000080954,0.000000000,-0.007297107
1787875658.834529877,66189.124122215,-0.000080816,0.000000000,-0.007284347
1787875658.933634758,66189.223212606,-0.000080731,0.000000000,-0.007269928
1787875659.033508062,66189.323089175,-0.000080580,0.000000000,-0.007256194
1787875659.133632660,66189.423232161,-0.000080417,0.000000000,-0.007242790
1787875659.233762503,66189.523340319,-0.000080297,0.000000000,-0.007227967
1787875659.333599329,66189.623187864,-0.000080106,0.000000000,-0.007214054
1787875659.433585405,66189.723160342,-0.000079936,0.000000000,-0.007200598
1787875659.533860207,66189.823443104,-0.000079822,0.000000000,-0.007185734
1787875659.633568525,66189.923167038,-0.000079660,0.000000000,-0.007171754
1787875659.733889580,66190.023476931,-0.000079509,0.000000000,-0.007158268
1787875659.833792925,66190.123371758,-0.000079409,0.000000000,-0.007143364
1787875659.933783531,66190.223370712,-0.000079237,0.000000000,-0.007129538
1787875660.033693790,66190.323289178,-0.000079112,0.000000000,-0.007114273
1787875660.133575916,66190.423173983,-0.000078932,0.000000000,-0.007100081
1787875660.233605623,66190.523178113,-0.000078756,0.000000000,-0.007086580
1787875660.333759069,66190.623353816,-0.000078574,0.000000000,-0.007073938
1787875660.433657169,66190.723245378,-0.000078452,0.000000000,-0.007059879
1787875660.533586740,66190.823161849,-0.000078271,0.000000000,-0.007046617
1787875660.633761168,66190.923349080,-0.000078147,0.000000000,-0.007031700
1787875660.733597517,66191.023172711,-0.000077889,0.000000000,-0.007019778
1787875660.833506346,66191.123090100,-0.000077761,0.000000000,-0.007006039
1787875660.933504820,66191.223085088,-0.000077576,0.000000000,-0.006993372
1787875661.033469915,66191.323056389,-0.000077415,0.000000000,-0.006980962
1787875661.133559465,66191.423141432,-0.000077262,0.000000000,-0.006969044
1787875661.233956337,66191.523549302,-0.000077159,0.000000000,-0.006955471
1787875661.333632946,66191.623212976,-0.000076994,0.000000000,-0.006942692
1787875661.433576345,66191.723157954,-0.000076835,0.000000000,-0.006930229
1787875661.533643723,66191.823242317,-0.000076733,0.000000000,-0.006916279
1787875661.633783817,66191.923364426,-0.000076586,0.000000000,-0.006903187
1787875661.734064102,66192.023644530,-0.000076435,0.000000000,-0.006890649
1787875661.833841562,66192.123422702,-0.000076355,0.000000000,-0.006876647
1787875661.933824301,66192.223405342,-0.000076219,0.000000000,-0.006863439
1787875662.033557177,66192.323144940,-0.000076080,0.000000000,-0.006850814
1787875662.133596659,66192.423171412,-0.000075934,0.000000000,-0.006838878
1787875662.233587980,66192.523172795,-0.000075792,0.000000000,-0.006827333
1787875662.333668947,66192.623256539,-0.000075657,0.000000000,-0.006816025
1787875662.433636904,66192.723208196,0.000000000,0.000000000,0.000000000
1787875662.533632994,66192.823209286,0.000000000,0.000000000,0.000000000
1787875662.633746147,66192.923317442,0.000000000,0.000000000,0.000000000
1787875662.733814478,66193.023394602,0.000000000,0.000000000,0.000000000
1787875662.833631516,66193.123222000,0.000000000,0.000000000,0.000000000
1787875662.933550358,66193.223121876,0.000000000,0.000000000,0.000000000
1787875663.033725739,66193.323312866,0.000000000,0.000000000,0.000000000
1787875663.133625269,66193.423207642,0.000000000,0.000000000,0.000000000
1787875663.233769655,66193.523339222,0.000000000,0.000000000,0.000000000
1787875663.333745718,66193.623337855,0.000000000,0.000000000,0.000000000
1787875663.433720350,66193.723316067,0.000000000,0.000000000,0.000000000
1787875663.533874989,66193.823460952,0.000000000,0.000000000,0.000000000
1787875663.633710146,66193.923291893,0.000000000,0.000000000,0.000000000
1787875666.233942747,66196.523542140,-0.001139713,0.000000000,-0.030038457
1787875666.333625078,66196.623207673,-0.006331615,0.000000000,-0.054879110
1787875666.433847189,66196.723431445,-0.011760650,0.000000000,-0.070098549
1787875666.533984423,66196.823567646,-0.016025968,0.000000000,-0.074522793
1787875666.633682489,66196.923260961,-0.018902360,0.000000000,-0.073462375
1787875666.733814478,66197.023413813,-0.021052001,0.000000000,-0.069194749
1787875666.833792448,66197.123382051,-0.022749908,0.000000000,-0.063110694
1787875666.933724880,66197.223319206,-0.024294119,0.000000000,-0.057526980
1787875667.033729792,66197.323329026,-0.025521101,0.000000000,-0.052943885
1787875667.133689404,66197.423270683,-0.026376750,0.000000000,-0.049243279
1787875667.233791590,66197.523368953,-0.026864119,0.000000000,-0.046057533
1787875667.333663464,66197.623250693,-0.026992351,0.000000000,-0.042534124
1787875667.434124947,66197.723718753,-0.026967309,0.000000000,-0.039152395
1787875667.533629894,66197.823204148,-0.026741061,0.000000000,-0.035507347
1787875667.633921862,66197.923517954,-0.026452433,0.000000000,-0.032243676
1787875667.733952522,66198.023545219,-0.026071375,0.000000000,-0.029360365
1787875667.834059238,66198.123627119,-0.025598766,0.000000000,-0.026924742
1787875667.933597088,66198.223165970,-0.024943586,0.000000000,-0.024570251
1787875668.033833265,66198.323404233,-0.024207966,0.000000000,-0.022554588
1787875668.133852243,66198.423433747,-0.023389425,0.000000000,-0.020678552
1787875668.233906984,66198.523484699,-0.022480812,0.000000000,-0.018692525
1787875668.333996773,66198.623576562,-0.021579377,0.000000000,-0.016807541
1787875668.433732510,66198.723310456,-0.020712238,0.000000000,-0.014990238
1787875668.533896923,66198.823485410,-0.019905271,0.000000000,-0.013287844
1787875668.633899689,66198.923481904,-0.019109940,0.000000000,-0.011533536
1787875668.733884811,66199.023471335,-0.018382490,0.000000000,-0.009952687
1787875668.833954096,66199.123535278,-0.017718898,0.000000000,-0.008521318
1787875668.933689356,66199.223263053,-0.017072853,0.000000000,-0.007116665
1787875669.034062147,66199.323642888,-0.016494837,0.000000000,-0.005902101
1787875669.133967400,66199.423545704,-0.015959613,0.000000000,-0.004809558
1787875669.233871698,66199.523442205,-0.015473713,0.000000000,-0.003845204
1787875669.333714962,66199.623306056,-0.014976994,0.000000000,-0.002850709
1787875669.433711767,66199.723285749,-0.014519990,0.000000000,-0.001973357
1787875669.533831835,66199.823404904,-0.014082048,0.000000000,-0.001150853
1787875669.633991957,66199.923580200,-0.013673831,0.000000000,-0.000395302
1787875669.733686686,66200.023257639,-0.013248026,0.000000000,0.000405048
1787875669.833778381,66200.123349200,-0.012850801,0.000000000,0.001134074
1787875669.933782816,66200.223356807,-0.012466536,0.000000000,0.001829149
1787875670.033787966,66200.323364278,-0.012068467,0.000000000,0.002553614
1787875670.133901834,66200.423482511,-0.011690545,0.000000000,0.003223961
1787875670.233925343,66200.523511837,-0.011332382,0.000000000,0.003852733
1787875670.334002972,66200.623588383,-0.010996854,0.000000000,0.004430383
1787875670.433856010,66200.723437182,-0.010679726,0.000000000,0.004963249
1787875670.533985138,66200.823576988,-0.010345533,0.000000000,0.005512509
1787875670.633842945,66200.923415608,-0.010029029,0.000000000,0.006007730
1787875670.733711004,66201.023295149,-0.009725513,0.000000000,0.006465486
1787875670.833760977,66201.123329017,-0.009435902,0.000000000,0.006887095
1787875670.933911562,66201.223493895,-0.009160629,0.000000000,0.007277561
1787875671.033902168,66201.323489313,-0.008869857,0.000000000,0.007683787
1787875671.134107828,66201.423700187,-0.008594150,0.000000000,0.008052295
1787875671.233819723,66201.523418196,-0.008326232,0.000000000,0.008399935
1787875671.333688498,66201.623274267,-0.008045605,0.000000000,0.008762291
1787875671.433779716,66201.723347149,-0.007785176,0.000000000,0.009090565
1787875671.533717394,66201.823302749,-0.007535511,0.000000000,0.009399246
1787875671.633947849,66201.923523283,-0.007280147,0.000000000,0.009713054
1787875671.734102726,66202.023689348,-0.007037831,0.000000000,0.010000065
1787875671.833788395,66202.123368736,-0.006812267,0.000000000,0.010261763
1787875671.933847666,66202.223436084,-0.006598960,0.000000000,0.010500254
1787875672.033827782,66202.323420896,-0.006598960,0.000000000,0.010500254
1787875672.134045601,66202.423639869,-0.006167448,0.000000000,0.010960956
1787875672.233990192,66202.523586121,-0.005963233,0.000000000,0.011168486
1787875672.333804607,66202.623405221,-0.005756095,0.000000000,0.011374339
1787875672.433886290,66202.723481003,-0.005562434,0.000000000,0.011559392
1787875672.533981323,66202.823560315,-0.005377828,0.000000000,0.011730043
1787875672.633883715,66202.923472868,-0.005205444,0.000000000,0.011884381
1787875672.733613491,66203.023174170,-0.005024580,0.000000000,0.012042027
1787875672.833913565,66203.123491923,-0.004854152,0.000000000,0.012184348
1787875672.934043407,66203.223633165,-0.004677164,0.000000000,0.012329089
1787875673.033873558,66203.323452477,-0.004512816,0.000000000,0.012458241
1787875673.133821726,66203.423416130,-0.004356325,0.000000000,0.012577688
1787875673.233937979,66203.523532901,-0.004211658,0.000000000,0.012685161
1787875673.333808899,66203.623381882,-0.004062781,0.000000000,0.012791904
1787875673.434064865,66203.723647425,-0.003923947,0.000000000,0.012885987
1787875673.533897400,66203.823490240,-0.003790660,0.000000000,0.012971435
1787875673.634015322,66203.923591763,-0.003665899,0.000000000,0.013047526
1787875673.733797789,66204.023390731,-0.003536182,0.000000000,0.013124129
1787875673.834045410,66204.123623739,-0.003412650,0.000000000,0.013192791
1787875673.934028149,66204.223612902,-0.003294139,0.000000000,0.013232175
1787875674.034060478,66204.323631192,-0.003172758,0.000000000,0.013278509
1787875674.133807421,66204.423380032,-0.003057888,0.000000000,0.013318965
1787875674.233857393,66204.523438053,-0.002949542,0.000000000,0.013360078
1787875674.333869219,66204.623439664,-0.002848736,0.000000000,0.013399774
1787875674.433875799,66204.723459888,-0.002746069,0.000000000,0.013444345
1787875674.533898354,66204.823471598,-0.002649131,0.000000000,0.013486622
1787875674.634053707,66204.923625089,-0.002557777,0.000000000,0.013527273
1787875674.733937502,66205.023509903,-0.002464745,0.000000000,0.013569117
1787875674.833909512,66205.123484696,-0.002377731,0.000000000,0.013607085
1787875674.933815002,66205.223396241,-0.002294448,0.000000000,0.013641411
1787875675.033928633,66205.323496593,-0.002208460,0.000000000,0.013674730
1787875675.133864403,66205.423437947,-0.002128737,0.000000000,0.013703773
1787875675.233773708,66205.523354152,-0.002053725,0.000000000,0.013728805
1787875675.333910465,66205.623483650,-0.001983061,0.000000000,0.013749706
1787875675.433938742,66205.723528029,-0.001916796,0.000000000,0.013766890
1787875675.534011841,66205.823585643,-0.001854092,0.000000000,0.013780401
1787875675.633878708,66205.923448985,-0.001788365,0.000000000,0.013791783
1787875675.733764410,66206.023334479,-0.001725267,0.000000000,0.013800053
1787875675.834130287,66206.123712163,-0.001664902,0.000000000,0.013805879
1787875675.934176922,66206.223774260,-0.001608014,0.000000000,0.013809605
1787875676.033727646,66206.323295929,-0.001549138,0.000000000,0.013811989
1787875676.134231329,66206.423828081,-0.001493042,0.000000000,0.013812912
1787875676.233787537,66206.523363056,-0.001439748,0.000000000,0.013812341
1787875676.333937883,66206.623520115,-0.001385199,0.000000000,0.013810355
1787875676.433862925,66206.723431953,-0.001333470,0.000000000,0.013807317
1787875676.533803463,66206.823375139,-0.001284685,0.000000000,0.013803111
1787875676.634015322,66206.923587170,-0.001235264,0.000000000,0.013797401
1787875676.733905554,66207.023477431,-0.001188461,0.000000000,0.013790959
1787875676.834063530,66207.123644551,-0.001144443,0.000000000,0.013783520
1787875676.934012651,66207.223610839,-0.001103365,0.000000000,0.013775256
1787875677.033908129,66207.323496708,-0.001061457,0.000000000,0.013765216
1787875677.134071589,66207.423659489,-0.001021535,0.000000000,0.013754716
1787875677.233998537,66207.523579047,-0.000983759,0.000000000,0.013743458
1787875677.333889008,66207.623469252,-0.000955547,0.000000000,0.013730662
1787875677.434075832,66207.723647206,-0.000928462,0.000000000,0.013717266
1787875677.533908844,66207.823504348,-0.000902340,0.000000000,0.013703419
1787875677.634080887,66207.923664660,-0.000875729,0.000000000,0.013688957
1787875677.733839512,66208.023416421,-0.000848880,0.000000000,0.013673946
1787875677.833933592,66208.123540299,-0.000818755,0.000000000,0.013657033
1787875677.934042692,66208.223634000,-0.000788942,0.000000000,0.013640394
1787875678.034101009,66208.323705814,-0.000759661,0.000000000,0.013623636
1787875678.134024858,66208.423605140,-0.000728746,0.000000000,0.013605421
1787875678.233927727,66208.523502578,-0.000699278,0.000000000,0.013587814
1787875678.334023476,66208.623596246,-0.000671332,0.000000000,0.013570191
1787875678.433957815,66208.723547223,-0.000642814,0.000000000,0.013551090
1787875678.533980608,66208.823551031,-0.000616089,0.000000000,0.013532576
1787875678.634019375,66208.923604013,-0.000590990,0.000000000,0.013514046
1787875678.733905554,66209.023488216,-0.000590990,0.000000000,0.013514046
1787875678.833877563,66209.123450676,-0.000541622,0.000000000,0.013474695
1787875678.933974504,66209.223560063,-0.000519060,0.000000000,0.013455350
1787875679.033925533,66209.323517143,-0.000498098,0.000000000,0.013436364
1787875679.133962154,66209.423543785,-0.000478446,0.000000000,0.013417716
1787875679.234171629,66209.523745236,-0.000458281,0.000000000,0.013397313
1787875679.333925962,66209.623512875,-0.000439262,0.000000000,0.013377476
1787875679.433988094,66209.723563265,-0.000421294,0.000000000,0.013357572
1787875679.533864737,66209.823453573,-0.000404491,0.000000000,0.013338067
1787875679.634016275,66209.923585716,-0.000387158,0.000000000,0.013316600
1787875679.733814001,66210.023383747,-0.000370805,0.000000000,0.013295781
1787875679.834002018,66210.123588738,-0.000355372,0.000000000,0.013274965
1787875679.933895826,66210.223479411,-0.000340902,0.000000000,0.013254486
1787875680.033883095,66210.323464097,-0.000326070,0.000000000,0.013232108
1787875680.134033203,66210.423614339,-0.000312106,0.000000000,0.013210497
1787875680.233935118,66210.523502329,-0.000298930,0.000000000,0.013189008
1787875680.333953857,66210.623547611,-0.000286591,0.000000000,0.013168108
1787875680.434188604,66210.723759233,-0.000273955,0.000000000,0.013145443
1787875680.533854008,66210.823432412,-0.000262067,0.000000000,0.013123639
1787875680.633965015,66210.923533935,-0.000250859,0.000000000,0.013102036
1787875680.734205961,66211.023907155,-0.000240393,0.000000000,0.013081117
1787875680.834047079,66211.123646161,-0.000240393,0.000000000,0.013081117
1787875680.934038877,66211.223615463,-0.000219481,0.000000000,0.013036566
1787875681.034319162,66211.323897007,-0.000209032,0.000000000,0.013012407
1787875681.133806229,66211.423381710,-0.000199242,0.000000000,0.012989389
1787875681.234110832,66211.523689785,-0.000190071,0.000000000,0.012966701
1787875681.334025621,66211.623617490,-0.000181567,0.000000000,0.012944809
1787875681.434196472,66211.723787513,-0.000173645,0.000000000,0.012923528
1787875681.534068823,66211.823655748,-0.000165614,0.000000000,0.012900691
1787875681.633854151,66211.923436856,-0.000158105,0.000000000,0.012878859
1787875681.733834028,66212.023403539,-0.000151070,0.000000000,0.012857372
1787875681.834163427,66212.123749992,-0.000144500,0.000000000,0.012836540
1787875681.933968306,66212.223541728,-0.000137729,0.000000000,0.012813834
1787875682.033879757,66212.323461013,-0.000131299,0.000000000,0.012791962
1787875682.134013891,66212.423583737,-0.000124698,0.000000000,0.012768047
1787875682.233928919,66212.523511913,-0.000118490,0.000000000,0.012745289
1787875682.334044456,66212.623623687,-0.000112220,0.000000000,0.012720695
1787875682.433960676,66212.723546498,-0.000106359,0.000000000,0.012697367
1787875682.534299135,66212.823901361,-0.000100927,0.000000000,0.012674572
1787875682.634064913,66212.923646312,-0.000095903,0.000000000,0.012652658
1787875682.734218597,66213.023798044,-0.000095903,0.000000000,0.012652658
1787875682.834455013,66213.124068806,-0.000086195,0.000000000,0.012606733
1787875682.933995247,66213.223567978,-0.000081834,0.000000000,0.012584649
1787875683.034007311,66213.323581262,-0.000077433,0.000000000,0.012561021
1787875683.134095192,66213.423680177,-0.000073241,0.000000000,0.012538422
1787875683.233938932,66213.523522668,-0.000069322,0.000000000,0.012516269
1787875683.334092855,66213.623675783,-0.000065680,0.000000000,0.012495013
1787875683.435373783,66213.725087686,-0.000062019,0.000000000,0.012472274
1787875683.534218311,66213.823800312,-0.000058592,0.000000000,0.012450600
1787875683.634159565,66213.923750353,-0.000055424,0.000000000,0.012429366
1787875683.734084606,66214.023709293,-0.000052485,0.000000000,0.012408909
1787875683.834364414,66214.123960840,-0.000049550,0.000000000,0.012386745
1787875683.934387445,66214.223979224,-0.000046760,0.000000000,0.012365427
1787875684.034189224,66214.323769008,-0.000044154,0.000000000,0.012344489
1787875684.134305239,66214.423891859,-0.000041710,0.000000000,0.012324322
1787875684.234230757,66214.523843148,-0.000039286,0.000000000,0.012302486
1787875684.334042788,66214.623624269,-0.000037023,0.000000000,0.012281496
1787875684.434153557,66214.723745288,-0.000034948,0.000000000,0.012260825
1787875684.534085035,66214.823673315,-0.000033020,0.000000000,0.012240851
1787875684.634033203,66214.923616593,-0.000031103,0.000000000,0.012219174
1787875684.734105349,66215.023689480,-0.000029294,0.000000000,0.012198318
1787875684.833980560,66215.123574896,-0.000027664,0.000000000,0.012177614
1787875684.934043407,66215.223624172,-0.000026188,0.000000000,0.012157513
1787875685.034054756,66215.323624013,-0.000024782,0.000000000,0.012135879
1787875685.134039402,66215.423608067,-0.000023461,0.000000000,0.012115214
1787875685.234146595,66215.523723322,-0.000022286,0.000000000,0.012094889
1787875685.334175587,66215.623747290,-0.000022286,0.000000000,0.012094889
1787875685.434088469,66215.723675893,-0.000020185,0.000000000,0.012052304
1787875685.533983231,66215.823569554,-0.000019243,0.000000000,0.012031751
1787875685.634120226,66215.923690857,-0.000018310,0.000000000,0.012009608
1787875685.734173536,66216.023741243,-0.000017402,0.000000000,0.011988315
1787875685.834023476,66216.123591380,-0.000016583,0.000000000,0.011967501
1787875685.933989525,66216.223561939,-0.000015768,0.000000000,0.011945419
1787875686.034008980,66216.323592945,-0.000014965,0.000000000,0.011924332
1787875686.134232759,66216.423827285,-0.000014254,0.000000000,0.011903752
1787875686.234129906,66216.523720816,-0.000013601,0.000000000,0.011884041
1787875686.334009409,66216.623581838,-0.000013005,0.000000000,0.011862906
1787875686.434169292,66216.723734789,-0.000012386,0.000000000,0.011842646
1787875686.534288883,66216.823892186,-0.000011836,0.000000000,0.011822710
1787875686.634238720,66216.923820111,-0.000011322,0.000000000,0.011803474
1787875686.734340191,66217.023928401,-0.000010840,0.000000000,0.011784759
1787875686.834061623,66217.123651660,-0.000010372,0.000000000,0.011764357
1787875686.934094429,66217.223666180,-0.000009905,0.000000000,0.011744676
1787875687.034070492,66217.323645074,-0.000009525,0.000000000,0.011723096
1787875687.134076118,66217.423647165,-0.000009073,0.000000000,0.011702478
1787875687.234173536,66217.523747420,-0.000008613,0.000000000,0.011682115
1787875687.333999634,66217.623570261,-0.000008131,0.000000000,0.011660411
1787875687.434136629,66217.723708493,-0.000007621,0.000000000,0.011639727
1787875687.534275293,66217.823852256,-0.000007158,0.000000000,0.011619492
1787875687.634041309,66217.923624687,-0.000006758,0.000000000,0.011599978
1787875687.734375238,66218.023987588,-0.000006454,0.000000000,0.011579067
1787875687.834367514,66218.123954234,-0.000006155,0.000000000,0.011559147
1787875687.934176683,66218.223768155,-0.000005912,0.000000000,0.011539543
1787875688.034173012,66218.323755768,-0.000005645,0.000000000,0.011520598
1787875688.134165287,66218.423749760,-0.000005375,0.000000000,0.011500142
1787875688.234416723,66218.524045436,-0.000005089,0.000000000,0.011480575
1787875688.334112167,66218.623686638,-0.000004906,0.000000000,0.011459149
1787875688.434083939,66218.723664977,-0.000004661,0.000000000,0.011438668
1787875688.534527302,66218.824110411,-0.000004395,0.000000000,0.011418544
1787875688.634264469,66218.923843450,-0.000004057,0.000000000,0.011399201
1787875688.734164000,66219.023760861,-0.000003774,0.000000000,0.011378340
1787875688.834105015,66219.123695124,-0.000003516,0.000000000,0.011358393
1787875688.934158325,66219.223759249,-0.000003345,0.000000000,0.011338859
1787875689.034366369,66219.323947003,-0.000003190,0.000000000,0.011320028
1787875689.134140015,66219.423725299,-0.000003050,0.000000000,0.011299625
1787875689.234289169,66219.523870541,-0.000002858,0.000000000,0.011280054
1787875689.334364414,66219.623949693,-0.000002858,0.000000000,0.011280054
1787875689.434071541,66219.723660269,-0.000002592,0.000000000,0.011242609
1787875689.534171343,66219.823756112,-0.000002506,0.000000000,0.011222603
1787875689.634103537,66219.923690679,-0.000002369,0.000000000,0.011203414
1787875689.734188080,66220.023764543,-0.000002265,0.000000000,0.011184579
1787875689.834382057,66220.123981956,-0.000002121,0.000000000,0.011166370
1787875689.934354067,66220.223939369,-0.000002027,0.000000000,0.011146558
1787875690.034142256,66220.323731679,-0.000001906,0.000000000,0.011127528
1787875690.134284258,66220.423880528,-0.000001832,0.000000000,0.011108821
1787875690.234345198,66220.523947751,-0.000001753,0.000000000,0.011090696
1787875690.334229231,66220.623823218,-0.000001716,0.000000000,0.011070961
1787875690.434263706,66220.723863770,-0.000001615,0.000000000,0.011052033
1787875690.534111261,66220.823708663,-0.000001503,0.000000000,0.011033369
1787875690.634208918,66220.923788274,-0.000001431,0.000000000,0.011013205
1787875690.734362602,66221.023942883,-0.000001309,0.000000000,0.010993823
1787875690.834247589,66221.123835073,-0.000001223,0.000000000,0.010974817
1787875690.934404850,66221.223987770,-0.000001189,0.000000000,0.010954639
1787875691.034364700,66221.323943149,-0.000001099,0.000000000,0.010935348
1787875691.134328365,66221.423907834,-0.000001050,0.000000000,0.010916506
1787875691.234256029,66221.523830038,-0.000000996,0.000000000,0.010898291
1787875691.334516525,66221.624117782,-0.000000965,0.000000000,0.010878650
1787875691.434376478,66221.723975188,-0.000000888,0.000000000,0.010859843
1787875691.534295082,66221.823882823,-0.000000837,0.000000000,0.010841211
1787875691.634275913,66221.923873644,-0.000000763,0.000000000,0.010823138
1787875691.734443426,66222.024057204,-0.000000677,0.000000000,0.010805531
1787875691.834347963,66222.123949113,-0.000000625,0.000000000,0.010788416
1787875691.934297323,66222.223876575,-0.000000676,0.000000000,0.010769803
1787875692.034508705,66222.324106104,-0.000000729,0.000000000,0.010751866
1787875692.134285927,66222.423881328,-0.000000797,0.000000000,0.010734102
1787875692.234274626,66222.523857528,0.000000000,0.000000000,0.000000000
1787875692.334246635,66222.623826080,-0.000006911,0.000000000,0.010838341
1787875692.434215307,66222.723794105,-0.000026990,0.000000000,0.011078475
1787875692.534205675,66222.823785473,-0.000038480,0.000000000,0.011147272
1787875692.634446621,66222.924052306,-0.000048008,0.000000000,0.011211134
1787875692.734183788,66223.023784539,-0.000055642,0.000000000,0.011237253
1787875692.834245443,66223.123843789,-0.000055642,0.000000000,0.011237253
1787875692.934540987,66223.224136960,-0.000055750,0.000000000,0.011215933
1787875693.034361362,66223.323957825,-0.000049664,0.000000000,0.011180291
1787875693.134284973,66223.423861736,-0.000042156,0.000000000,0.011135643
1787875693.234098911,66223.523682015,-0.000034652,0.000000000,0.011080309
1787875693.334142208,66223.623715161,-0.000028230,0.000000000,0.011023911
1787875693.434284687,66223.723854023,-0.000023190,0.000000000,0.010966624
1787875693.534190416,66223.823771158,-0.000018948,0.000000000,0.010905061
1787875693.634334326,66223.923910193,-0.000015329,0.000000000,0.010846572
1787875693.734281778,66224.023853194,-0.000015329,0.000000000,0.010846572
1787875693.834173679,66224.123746510,-0.000009731,0.000000000,0.010741573
1787875693.934421539,66224.223991792,-0.000007329,0.000000000,0.010691961
1787875694.034274578,66224.323845008,-0.000005165,0.000000000,0.010648308
1787875694.134289980,66224.423874805,-0.000003366,0.000000000,0.010609010
1787875694.234258652,66224.523852773,-0.000001738,0.000000000,0.010574173
1787875694.334541321,66224.624125947,-0.000000251,0.000000000,0.010542359
1787875694.434223890,66224.723807799,0.000001144,0.000000000,0.010509290
1787875694.534276962,66224.823870098,0.000002464,0.000000000,0.010481670
1787875694.634175777,66224.923755816,0.000003506,0.000000000,0.010451275
1787875694.734215498,66225.023785247,0.000004578,0.000000000,0.010422865
1787875694.834365368,66225.123949454,0.000005528,0.000000000,0.010394722
1787875694.934316397,66225.223885768,0.000005528,0.000000000,0.010394722
1787875695.034309387,66225.323898973,0.000007261,0.000000000,0.010336507
1787875695.134141684,66225.423722608,0.000008035,0.000000000,0.010308843
1787875695.234250546,66225.523819637,0.000008743,0.000000000,0.010282368
1787875695.334316254,66225.623884631,0.000008743,0.000000000,0.010282368
1787875695.434250832,66225.723824767,0.000009686,0.000000000,0.010228476
1787875695.534316540,66225.823914451,0.000009974,0.000000000,0.010203369
1787875695.634153128,66225.923724586,0.000010230,0.000000000,0.010179581
1787875695.734212875,66226.023810110,0.000010342,0.000000000,0.010154741
1787875695.834214449,66226.123798400,0.000010463,0.000000000,0.010131665
1787875695.934338570,66226.223925017,0.000010480,0.000000000,0.010109577
1787875696.034118652,66226.323686856,0.000010439,0.000000000,0.010088685
1787875696.134238005,66226.423805000,0.000010439,0.000000000,0.010088685
1787875696.234258413,66226.523828748,0.000010174,0.000000000,0.010049771
1787875696.334124565,66226.623694023,0.000009873,0.000000000,0.010029234
1787875696.434247732,66226.723828356,0.000009613,0.000000000,0.010009595
1787875696.534167290,66226.823754397,0.000009343,0.000000000,0.009990396
1787875696.634432554,66226.924048175,0.000009343,0.000000000,0.009990396
1787875696.734518290,66227.024103549,0.000008774,0.000000000,0.009950704
1787875696.834424734,66227.124029621,0.000008548,0.000000000,0.009931574
1787875696.934505939,66227.224094033,0.000008284,0.000000000,0.009911175
1787875697.034378767,66227.323959729,0.000008284,0.000000000,0.009911175
1787875697.134383678,66227.423963238,0.000007817,0.000000000,0.009873055
1787875697.234189034,66227.523765069,0.000007552,0.000000000,0.009854971
1787875697.334376335,66227.623950471,0.000007277,0.000000000,0.009837475
1787875697.434229612,66227.723805954,0.000006931,0.000000000,0.009818776
1787875697.534226656,66227.823797147,0.000006601,0.000000000,0.009800981
1787875697.634276628,66227.923844661,0.000006234,0.000000000,0.009783663
1787875697.734265566,66228.023836714,0.000005844,0.000000000,0.009765236
1787875697.834163189,66228.123737517,0.000005524,0.000000000,0.009747623
1787875697.934264183,66228.223841844,0.000005204,0.000000000,0.009730508
1787875698.034340858,66228.323913937,0.000004920,0.000000000,0.009714140
1787875698.134342432,66228.423914051,0.000004560,0.000000000,0.009696554
1787875698.234229803,66228.523801838,0.000004233,0.000000000,0.009679710
1787875698.334332705,66228.623915493,0.000003805,0.000000000,0.009661578
1787875698.434431314,66228.724053332,0.000003805,0.000000000,0.009661578
1787875698.534287930,66228.823865312,0.000003164,0.000000000,0.009627676
1787875698.634307146,66228.923905868,0.000002859,0.000000000,0.009609664
1787875698.734447002,66229.024066661,0.000002625,0.000000000,0.009592503
1787875698.834329605,66229.123922669,0.000002625,0.000000000,0.009592503
1787875698.934660673,66229.224239576,0.000002105,0.000000000,0.009559949
1787875699.034413815,66229.323992726,0.000001799,0.000000000,0.009542698
1787875699.134257078,66229.423817037,0.000001548,0.000000000,0.009526228
1787875699.234409571,66229.523990568,0.000001292,0.000000000,0.009510081
1787875699.334606171,66229.624214460,0.000001060,0.000000000,0.009494579
1787875699.434422970,66229.724020276,0.000000779,0.000000000,0.009477975
1787875699.534369469,66229.823949248,0.000000563,0.000000000,0.009462150
1787875699.634510994,66229.924098540,0.000000327,0.000000000,0.009446675
1787875699.734266996,66230.023850915,0.000000089,0.000000000,0.009431759
1787875699.834283113,66230.123867237,-0.000000141,0.000000000,0.009417234
1787875699.934333086,66230.223919099,-0.000000429,0.000000000,0.009401433
1787875700.034471273,66230.324086037,-0.000000686,0.000000000,0.009386165
1787875700.134480238,66230.424090440,-0.000000953,0.000000000,0.009371045
1787875700.234314203,66230.523892974,-0.000001214,0.000000000,0.009354768
1787875700.334405661,66230.623985089,-0.000001395,0.000000000,0.009339070
1787875700.434415102,66230.724030589,-0.000001564,0.000000000,0.009323560
1787875700.534460306,66230.824088710,-0.000001690,0.000000000,0.009308530
1787875700.634315729,66230.923892133,-0.000001690,0.000000000,0.009308530
1787875700.734560966,66231.024139699,-0.000002004,0.000000000,0.009276593
1787875700.834411621,66231.124029438,-0.000002176,0.000000000,0.009261104
1787875700.934636354,66231.224223099,-0.000002357,0.000000000,0.009244500
1787875701.034251213,66231.323832976,-0.000002357,0.000000000,0.009244500
1787875701.134255886,66231.423835861,-0.000002472,0.000000000,0.009228595
1787875701.234428406,66231.524034998,-0.000002756,0.000000000,0.009194940
1787875701.334555149,66231.624131255,-0.000002856,0.000000000,0.009178691
1787875701.434254885,66231.723833922,-0.000002919,0.000000000,0.009163040
1787875701.534594774,66231.824182682,-0.000002919,0.000000000,0.009163040
1787875701.634206533,66231.923775029,-0.000003075,0.000000000,0.009130625
1787875701.734224796,66232.023797942,-0.000003167,0.000000000,0.009115120
1787875701.834601879,66232.124170781,-0.000003265,0.000000000,0.009100106
1787875701.934544563,66232.224131310,-0.000003437,0.000000000,0.009083996
1787875702.034913540,66232.324511757,-0.000003558,0.000000000,0.009068696
1787875702.134390116,66232.423965341,-0.000003722,0.000000000,0.009052174
1787875702.234445095,66232.524057160,-0.000003821,0.000000000,0.009036484
1787875702.334233761,66232.623815572,-0.000003910,0.000000000,0.009021188
1787875702.434438944,66232.724069429,-0.000003979,0.000000000,0.009006602
1787875702.534633398,66232.824220416,-0.000003979,0.000000000,0.009006602
1787875702.634310007,66232.923880863,-0.000004188,0.000000000,0.008975908
1787875702.734320402,66233.023908450,-0.000004313,0.000000000,0.008961165
1787875702.834373474,66233.123960269,-0.000004439,0.000000000,0.008946961
1787875702.934407711,66233.223978455,-0.000004439,0.000000000,0.008946961
1787875703.034277201,66233.323862747,-0.000004715,0.000000000,0.008916743
1787875703.134533167,66233.424107804,-0.000004838,0.000000000,0.008902133
1787875703.234379292,66233.523966158,-0.000004984,0.000000000,0.008886495
1787875703.334710836,66233.624289904,-0.000004984,0.000000000,0.008886495
1787875703.434376717,66233.723954678,-0.000005149,0.000000000,0.008856878
1787875703.534503698,66233.824096261,-0.000005180,0.000000000,0.008842650
1787875703.635029793,66233.924616127,-0.000005210,0.000000000,0.008828718
1787875703.734558821,66234.024139001,-0.000005210,0.000000000,0.008828718
1787875703.834407568,66234.123984092,-0.000005415,0.000000000,0.008799106
1787875703.934445143,66234.224075273,-0.000005537,0.000000000,0.008784717
1787875704.034435511,66234.324049918,-0.000005627,0.000000000,0.008770673
1787875704.134576797,66234.424158622,-0.000005735,0.000000000,0.008755466
1787875704.234462976,66234.524080182,-0.000005771,0.000000000,0.008740958
1787875704.334655762,66234.624234514,-0.000005904,0.000000000,0.008725195
1787875704.434450865,66234.724078544,-0.000005988,0.000000000,0.008710231
1787875704.534523487,66234.824122549,-0.000006107,0.000000000,0.008694092
1787875704.634515285,66234.924112781,-0.000006140,0.000000000,0.008678899
1787875704.734727621,66235.024316931,-0.000006140,0.000000000,0.008678899
1787875704.834479332,66235.124081805,-0.000006205,0.000000000,0.008650150
1787875704.934519768,66235.224113345,-0.000006285,0.000000000,0.008634912
1787875705.034482241,66235.324072640,-0.000006367,0.000000000,0.008620417
1787875705.134625435,66235.424221114,-0.000006496,0.000000000,0.008606305
1787875705.234511614,66235.524110104,-0.000006496,0.000000000,0.008606305
1787875705.334520578,66235.624110613,-0.000006726,0.000000000,0.008576849
1787875705.434997082,66235.724606670,-0.000006762,0.000000000,0.008562623
1787875705.534587860,66235.824168632,-0.000006808,0.000000000,0.008547379
1787875705.634744167,66235.924338453,-0.000006840,0.000000000,0.008532811
1787875705.734762430,66236.024365506,-0.000006840,0.000000000,0.008532811
1787875705.834660053,66236.124230242,-0.000007006,0.000000000,0.008502197
1787875705.934560537,66236.224138766,-0.000007027,0.000000000,0.008487573
1787875706.034534454,66236.324124291,-0.000007013,0.000000000,0.008473529
1787875706.134481192,66236.424079951,-0.000007013,0.000000000,0.008473529
1787875706.234517813,66236.524107054,-0.000007108,0.000000000,0.008444179
1787875706.334561348,66236.624145075,-0.000007213,0.000000000,0.008430153
1787875706.434559345,66236.724138497,-0.000007294,0.000000000,0.008416640
1787875706.534520626,66236.824117132,-0.000007378,0.000000000,0.008402092
1787875706.634560823,66236.924142908,-0.000007430,0.000000000,0.008388274
1787875706.734300375,66237.023868455,-0.000007511,0.000000000,0.008374747
1787875706.834558249,66237.124133283,-0.000007590,0.000000000,0.008361674
1787875706.934452534,66237.224076528,-0.000007689,0.000000000,0.008347493
1787875707.034594059,66237.324177243,-0.000007689,0.000000000,0.008347493
1787875707.134440899,66237.424044998,-0.000007801,0.000000000,0.008320646
1787875707.234404087,66237.523976762,-0.000007844,0.000000000,0.008307626
1787875707.334408522,66237.623981662,-0.000007881,0.000000000,0.008294814
1787875707.434593678,66237.724174200,-0.000007881,0.000000000,0.008294814
1787875707.534722328,66237.824300531,-0.000008055,0.000000000,0.008267419
1787875707.634559631,66237.924138861,-0.000008134,0.000000000,0.008254029
1787875707.734635353,66238.024203179,-0.000008168,0.000000000,0.008240947
1787875707.834754705,66238.124337638,-0.000008168,0.000000000,0.008240947
1787875707.934468746,66238.224080086,-0.000008214,0.000000000,0.008213248
1787875708.034552813,66238.324142129,-0.000008240,0.000000000,0.008199792
1787875708.134639025,66238.424223524,-0.000008296,0.000000000,0.008185269
1787875708.234435320,66238.524039516,-0.000008306,0.000000000,0.008171396
1787875708.334469795,66238.624091693,-0.000008340,0.000000000,0.008157898
1787875708.434854507,66238.724455784,-0.000008408,0.000000000,0.008143570
1787875708.534854650,66238.824451460,-0.000008446,0.000000000,0.008129926
1787875708.634542227,66238.924148731,-0.000008520,0.000000000,0.008116622
1787875708.734716177,66239.024300616,-0.000008618,0.000000000,0.008102464
1787875708.834481239,66239.124148719,-0.000008679,0.000000000,0.008088966
1787875708.934456348,66239.224081640,-0.000008748,0.000000000,0.008075786
1787875709.034612656,66239.324196852,-0.000008827,0.000000000,0.008061719
1787875709.134658337,66239.424248329,-0.000008854,0.000000000,0.008048304
1787875709.234585762,66239.524154077,-0.000008854,0.000000000,0.008048304
1787875709.334482193,66239.624101587,-0.000008964,0.000000000,0.008022698
1787875709.434426308,66239.724054196,-0.000009058,0.000000000,0.008008949
1787875709.534864426,66239.824450364,-0.000009108,0.000000000,0.007995812
1787875709.634789705,66239.924370519,-0.000009169,0.000000000,0.007982928
1787875709.734780788,66240.024360597,-0.000009169,0.000000000,0.007982928
1787875709.834727764,66240.124314667,-0.000009273,0.000000000,0.007955890
1787875709.934664011,66240.224245111,-0.000009305,0.000000000,0.007942782
1787875710.034698963,66240.324281055,-0.000009370,0.000000000,0.007928653
1787875710.134784937,66240.424375909,-0.000009389,0.000000000,0.007915173
1787875710.234603405,66240.524189461,-0.000009428,0.000000000,0.007902034
1787875710.334558725,66240.624141489,-0.000009506,0.000000000,0.007888092
1787875710.434426069,66240.723993115,-0.000009532,0.000000000,0.007874807
1787875710.534608126,66240.824182381,-0.000009568,0.000000000,0.007861851
1787875710.634670019,66240.924248589,-0.000009662,0.000000000,0.007848095
1787875710.734632254,66241.024215597,-0.000009723,0.000000000,0.007834978
1787875710.834623337,66241.124214989,-0.000009783,0.000000000,0.007822199
1787875710.934706688,66241.224278023,-0.000009853,0.000000000,0.007808588
1787875711.034451962,66241.324067599,-0.000009866,0.000000000,0.007795629
1787875711.134617329,66241.424173453,-0.000009913,0.000000000,0.007782973
1787875711.234467983,66241.524071878,-0.000009954,0.000000000,0.007770794
1787875711.334469080,66241.624089215,-0.000010031,0.000000000,0.007757649
1787875711.434584379,66241.724173210,-0.000010093,0.000000000,0.007745080
1787875711.534430027,66241.823998150,-0.000010093,0.000000000,0.007745080
1787875711.634879827,66241.924472490,-0.000010210,0.000000000,0.007720829
1787875711.734842062,66242.024418068,-0.000010286,0.000000000,0.007707710
1787875711.834633827,66242.124237950,-0.000010297,0.000000000,0.007695118
1787875711.934665442,66242.224266187,-0.000010333,0.000000000,0.007682733
1787875712.034913063,66242.324505752,-0.000010361,0.000000000,0.007670790
1787875712.134728670,66242.424324580,-0.000010445,0.000000000,0.007657867
1787875712.234813213,66242.524384823,-0.000010491,0.000000000,0.007645452
1787875712.334676266,66242.624253404,-0.000010561,0.000000000,0.007633193
1787875712.434578419,66242.724157534,-0.000010596,0.000000000,0.007621364
1787875712.534722090,66242.824298768,-0.000010667,0.000000000,0.007608514
1787875712.634446859,66242.924042142,-0.000010705,0.000000000,0.007596146
1787875712.734465837,66243.024042823,-0.000010768,0.000000000,0.007583892
1787875712.834738493,66243.124339420,-0.000010768,0.000000000,0.007583892
1787875712.934763432,66243.224339875,-0.000010849,0.000000000,0.007558196
1787875713.034719229,66243.324319432,-0.000010848,0.000000000,0.007545752
1787875713.134682178,66243.424262421,-0.000010834,0.000000000,0.007533671
1787875713.234760761,66243.524340349,-0.000010890,0.000000000,0.007520606
1787875713.334906816,66243.624502957,-0.000010931,0.000000000,0.007508157
1787875713.434692860,66243.724278582,-0.000010931,0.000000000,0.007508157
1787875713.534584999,66243.824167341,-0.000010998,0.000000000,0.007481922
1787875713.634735584,66243.924314141,-0.000011004,0.000000000,0.007469374
1787875713.734680414,66244.024279871,-0.000011006,0.000000000,0.007457376
1787875713.834660292,66244.124239544,-0.000011029,0.000000000,0.007445747
1787875713.934675217,66244.224266796,-0.000011097,0.000000000,0.007433252
1787875714.034871817,66244.324455681,-0.000011152,0.000000000,0.007421329
1787875714.134534359,66244.424108959,-0.000011152,0.000000000,0.007421329
1787875714.234596968,66244.524175327,-0.000011328,0.000000000,0.007398309
1787875714.334756851,66244.624348132,-0.000011414,0.000000000,0.007385885
1787875714.434738874,66244.724321502,-0.000011428,0.000000000,0.007373956
1787875714.534680367,66244.824274905,-0.000011428,0.000000000,0.007373956
1787875714.634478569,66244.924096519,-0.000011459,0.000000000,0.007350813
1787875714.734695196,66245.024274250,-0.000011468,0.000000000,0.007339581
1787875714.834756374,66245.124345733,-0.000011547,0.000000000,0.007327279
1787875714.934720993,66245.224301095,-0.000011591,0.000000000,0.007315478
1787875715.034826279,66245.324406952,-0.000011623,0.000000000,0.007303845
1787875715.134806156,66245.424399404,-0.000011633,0.000000000,0.007292586
1787875715.234927416,66245.524515116,-0.000011684,0.000000000,0.007280311
1787875715.334757566,66245.624338368,-0.000011719,0.000000000,0.007268574
1787875715.434679031,66245.724267466,-0.000011787,0.000000000,0.007257029
1787875715.534881830,66245.824478657,-0.000011881,0.000000000,0.007244640
1787875715.634595394,66245.924185548,-0.000011929,0.000000000,0.007232781
1787875715.734906197,66246.024491173,-0.000011972,0.000000000,0.007221129
1787875715.834593534,66246.124178028,-0.000012000,0.000000000,0.007209870
1787875715.934613228,66246.224191569,-0.000012000,0.000000000,0.007209870
1787875716.034538269,66246.324103991,-0.000012137,0.000000000,0.007185885
1787875716.134745836,66246.424323012,-0.000012199,0.000000000,0.007174237
1787875716.235025644,66246.524620716,-0.000012225,0.000000000,0.007162930
1787875716.335026503,66246.624604973,-0.000012225,0.000000000,0.007162930
1787875716.434806347,66246.724399543,-0.000012275,0.000000000,0.007138995
1787875716.534808636,66246.824403561,-0.000012300,0.000000000,0.007127377
1787875716.634673834,66246.924270373,-0.000012330,0.000000000,0.007114844
1787875716.734940529,66247.024522345,-0.000012338,0.000000000,0.007102876
1787875716.834847927,66247.124430765,-0.000012372,0.000000000,0.007091218
1787875716.934738874,66247.224330295,-0.000012419,0.000000000,0.007078890
1787875717.034934282,66247.324529660,-0.000012430,0.000000000,0.007067114
1787875717.134916782,66247.424499997,-0.000012454,0.000000000,0.007055605
1787875717.234719515,66247.524298372,-0.000012465,0.000000000,0.007044597
1787875717.334663868,66247.624243849,-0.000012555,0.000000000,0.007032741
1787875717.435056210,66247.724656501,-0.000012628,0.000000000,0.007021372
1787875717.534622669,66247.824197120,-0.000012707,0.000000000,0.007010180
1787875717.634556770,66247.924127315,-0.000012782,0.000000000,0.006998200
1787875717.734671593,66248.024245963,-0.000012811,0.000000000,0.006986726
1787875717.834879398,66248.124465400,-0.000012841,0.000000000,0.006975472
1787875717.934703827,66248.224291838,-0.000012900,0.000000000,0.006963437
1787875718.034791708,66248.324379193,-0.000012914,0.000000000,0.006951969
1787875718.134606123,66248.424178223,-0.000012914,0.000000000,0.006951969
1787875718.234750748,66248.524338185,-0.000012926,0.000000000,0.006930040
1787875718.334699869,66248.624269783,0.000000000,0.000000000,0.000000000
1787875718.434594870,66248.724176681,0.000000000,0.000000000,0.000000000
1787875718.534817457,66248.824410840,0.000000000,0.000000000,0.000000000
1787875718.634929895,66248.924510257,0.000000000,0.000000000,0.000000000
1787875718.735100269,66249.024677691,0.000000000,0.000000000,0.000000000
1787875718.834696054,66249.124288585,0.000000000,0.000000000,0.000000000
1787875718.934697151,66249.224294006,0.000000000,0.000000000,0.000000000
1787875719.034789801,66249.324375339,0.000000000,0.000000000,0.000000000
1787875719.134807110,66249.424406726,0.000000000,0.000000000,0.000000000
1787875719.234688520,66249.524278049,0.000000000,0.000000000,0.000000000
1787875719.334743738,66249.624324453,0.000000000,0.000000000,0.000000000
1787875719.434817791,66249.724399629,0.000000000,0.000000000,0.000000000
1787875719.534837961,66249.824417131,0.000000000,0.000000000,0.000000000
