segment,segment_name,wall_time,wall_elapsed_s,sim_time,x,y,yaw
1,M->N,1787485753.6105242,0.0,40.876,-8.49871490622456,4.6519547139645493e-07,0.0011570999588102024
1,M->N,1787485756.7543492,2.1292318520136178,43.392,-8.488064368037852,9.44050194143295e-06,-0.0005135589031352586
1,M->N,1787485757.1824229,2.5573050099774264,43.63,-8.431247269234712,-0.0004159549646672261,-0.015884473853552024
1,M->N,1787485757.1956851,2.5705677879741415,43.698,-8.412183453437981,-0.0007688241397145934,-0.023169009255590626
1,M->N,1787485757.2069068,2.5817891199840233,43.766,-8.393118285046505,-0.0012724248092244124,-0.03220444071438765
1,M->N,1787485757.4956367,2.8705194069771096,43.97,-8.33593914955715,-0.004024226538841252,-0.06950699852004057
1,M->N,1787485757.846832,3.22171479096869,44.174,-8.278892793347708,-0.00923765259016293,-0.11849584692935496
1,M->N,1787485757.8619149,3.236797526013106,44.242,-8.25994156198549,-0.0116191882639066,-0.13632942814932064
1,M->N,1787485758.6403105,4.015192899969406,44.684,-8.138234026387453,-0.03583266791575923,-0.26383860757055794
1,M->N,1787485758.6530068,4.027889182965737,44.752,-8.119829720679034,-0.040952847126475685,-0.2842141461281843
1,M->N,1787485758.6642063,4.039089069003239,44.82,-8.101534462340776,-0.04644710980074564,-0.3046134909535479
1,M->N,1787485758.6737413,4.048623455979396,44.888,-8.083356100863233,-0.05231315209200486,-0.32495592676122026
1,M->N,1787485758.8852224,4.260105015011504,45.024,-8.04737973588822,-0.06514413239938822,-0.36530292202821524
1,M->N,1787485758.89901,4.273893364996184,45.092,-8.029594616541976,-0.07209740477815113,-0.3851196068128125
1,M->N,1787485759.5961475,4.971030350017827,45.466,-7.934736661332295,-0.1164776932326373,-0.5013720270671768
1,M->N,1787485759.6091003,4.9839829439879395,45.534,-7.9180686765629655,-0.1257974401212792,-0.5233140069704909
1,M->N,1787485759.6220238,4.996906529995613,45.602,-7.901609154815032,-0.13547476446997345,-0.544497033801202
1,M->N,1787485759.6324444,5.007326753984671,45.67,-7.885357437847988,-0.1454909440906067,-0.5646146513280494
1,M->N,1787485759.9795232,5.354405668971594,45.874,-7.8378144417944755,-0.17738512565899878,-0.6201590548612556
1,M->N,1787485760.1265252,5.501407908974215,45.976,-7.814706189955394,-0.19427132409000325,-0.645312636002775
1,M->N,1787485760.340194,5.715077051019762,46.112,-7.7845502466714755,-0.21764826235259857,-0.6772674642101524
1,M->N,1787485760.3542497,5.729132138018031,46.18,-7.76976204565311,-0.22970566056330105,-0.6943632607852765
1,M->N,1787485760.3656557,5.740537792968098,46.248,-7.75518271921554,-0.24201466176469236,-0.7114556620387312
1,M->N,1787485760.9928515,6.367734043975361,46.622,-7.67868876875384,-0.313783308571451,-0.7957187983798172
1,M->N,1787485761.005383,6.380265735962894,46.69,-7.665417032488203,-0.3274806948806469,-0.8091516648298986
1,M->N,1787485761.0165946,6.391476907010656,46.758,-7.652328561232596,-0.3413514496268425,-0.8220303594592121
1,M->N,1787485762.3439066,7.718789545004256,47.472,-7.520917973003287,-0.4920564499179107,-0.8442565751075098
1,M->N,1787485762.356761,7.731643514009193,47.54,-7.508252778026249,-0.5062638908720005,-0.8404815757070082
1,M->N,1787485762.3675795,7.742461635963991,47.608,-7.495535070666411,-0.5204249542005684,-0.8369799564042605
1,M->N,1787485762.3781936,7.753075807995629,47.676,-7.4827692500907474,-0.534543269574408,-0.8337760040119209
1,M->N,1787485762.386911,7.761793069017585,47.744,-7.469959644514859,-0.548622795438443,-0.8308756284273541
1,M->N,1787485762.395275,7.770157040969934,47.812,-7.45711052229906,-0.5626678278115099,-0.8283352382767947
1,M->N,1787485762.403996,7.7788780049886554,47.88,-7.4442268746500195,-0.5766828272699825,-0.8261361921313066
1,M->N,1787485762.4104447,7.785326998971868,47.948,-7.431296407155193,-0.5906394773778195,-0.8185036944829933
1,M->N,1787485762.553715,7.928597702004481,48.084,-7.405065416061892,-0.6181891269740861,-0.7992528216608651
1,M->N,1787485763.1110847,8.485967996006366,48.39,-7.344230437155001,-0.6784058565793911,-0.7615994440182932
1,M->N,1787485763.122963,8.497845356992912,48.458,-7.330424864872272,-0.691498320528327,-0.7549146071693703
1,M->N,1787485763.4755762,8.850458604982123,48.696,-7.28147547360816,-0.7366609615715982,-0.7353878850626152
1,M->N,1787485764.4482641,9.823147270013578,49.206,-7.174056934505693,-0.8306384349403361,-0.6992367532562698
1,M->N,1787485764.4616725,9.836555009009317,49.274,-7.159469458450327,-0.8428624773620027,-0.6948900910734035
1,M->N,1787485764.4729364,9.847819285001606,49.342,-7.14483072587024,-0.8550267197664383,-0.6910284513471787
1,M->N,1787485764.4881988,9.863081194984261,49.41,-7.130146484757581,-0.8671375063601152,-0.687647286952798
1,M->N,1787485764.4971702,9.872052307007834,49.478,-7.115423279739162,-0.8792027629520855,-0.6848203684339751
1,M->N,1787485764.5058749,9.88075689401012,49.546,-7.10066744111254,-0.8912299451070271,-0.6824936660660151
1,M->N,1787485764.5127468,9.887628696975298,49.614,-7.085885061736005,-0.9032259411178141,-0.6805605086174712
1,M->N,1787485764.5190563,9.89393827400636,49.682,-7.071080439896186,-0.9151960186757869,-0.6790159460295327
1,M->N,1787485765.3511884,10.72607092896942,50.124,-6.974643606157592,-0.9927811113030036,-0.6783217462817256
1,M->N,1787485765.3638687,10.738751591998152,50.192,-6.959819833578439,-1.0047365781720972,-0.6792931473654326
1,M->N,1787485765.3749053,10.749787825974636,50.26,-6.945008439237406,-1.0167080488835751,-0.6804817904270205
1,M->N,1787485765.7296755,11.104558371007442,50.498,-6.893297695340804,-1.0587732342216745,-0.6859632755643279
1,M->N,1787485765.8761828,11.251065930002369,50.6,-6.871212727400667,-1.0768974196440737,-0.6888727141987455
1,M->N,1787485766.5004382,11.875321396975778,50.94,-6.798023322987812,-1.1378354226431109,-0.7009566715596113
1,M->N,1787485766.514847,11.889729907969013,51.008,-6.783479655368885,-1.1501364705427959,-0.7036989388987019
1,M->N,1787485766.5262172,11.90109953697538,51.076,-6.768969931763885,-1.1624774508589548,-0.7064334668022889
1,M->N,1787485766.5356739,11.910556259972509,51.144,-6.754493931300574,-1.1748577784608865,-0.7091414942424961
1,M->N,1787485766.612263,11.987145657010842,51.246,-6.732842178268297,-1.193500906616816,-0.7131278185682322
1,M->N,1787485766.7634242,12.138306854001712,51.382,-6.704087985176859,-1.2184907593115022,-0.718286462935269
1,M->N,1787485767.3921697,12.767053299001418,51.722,-6.632746934197832,-1.2815811499620486,-0.7301140106664912
1,M->N,1787485767.4048457,12.779728605004493,51.79,-6.61856608487914,-1.2942968780294322,-0.732244949755502
1,M->N,1787485767.4154637,12.790346312976908,51.858,-6.60441205359139,-1.3070421360857227,-0.734270942814018
1,M->N,1787485767.560843,12.935725473973434,51.994,-6.576179889379294,-1.3326153441859505,-0.7380920762795754
1,M->N,1787485767.9844093,13.359292133012787,52.232,-6.526998148468096,-1.3776123453131954,-0.7440566963275563
1,M->N,1787485767.997509,13.372391662967857,52.3,-6.512993941754632,-1.3905201138297483,-0.7455732251033168
1,M->N,1787485768.008311,13.383193354995456,52.368,-6.499009029325824,-1.4034483940054703,-0.746962040944711
1,M->N,1787485768.494022,13.868904642993584,52.64,-6.443229357275867,-1.4553307327112175,-0.751336851021482
1,M->N,1787485768.6443021,14.019185103010386,52.776,-6.415413791401115,-1.4813480627035711,-0.7526727218292142
1,M->N,1787485768.787587,14.162469892005902,52.878,-6.394571279189461,-1.500879688711588,-0.7531984587219368
1,M->N,1787485768.8005211,14.175403596018441,52.946,-6.38068094275122,-1.5139051090647682,-0.7533188476008965
1,M->N,1787485769.015281,14.390164071985055,53.116,-6.345952328584382,-1.546463188899014,-0.7526978192839809
1,M->N,1787485769.0287037,14.403586708998773,53.184,-6.332052712444828,-1.5594768400324615,-0.7520700612404837
1,M->N,1787485769.5196202,14.894503106013872,53.456,-6.276322698091996,-1.6113796930252844,-0.7466440033837737
1,M->N,1787485769.5342953,14.90917828597594,53.524,-6.262339858190098,-1.6242983807893137,-0.7445576794498262
1,M->N,1787485769.5467365,14.921619052009191,53.592,-6.248328600442424,-1.6371851101901416,-0.7420852834846077
1,M->N,1787485769.8969936,15.271876738988794,53.796,-6.206069064368182,-1.675588836870843,-0.7317957097816631
1,M->N,1787485770.0418062,15.416689092002343,53.898,-6.184778050438349,-1.6946075270885863,-0.725379187346691
1,M->N,1787485770.0548356,15.4297180059948,53.966,-6.170514481547778,-1.7072067930578083,-0.7206526502333931
1,M->N,1787485770.2718859,15.646768867969513,54.136,-6.13458088532547,-1.7383843634096061,-0.7070333122586477
1,M->N,1787485770.633393,16.00827589101391,54.374,-6.083474970709874,-1.7810725439396866,-0.6820357834423412
1,M->N,1787485770.8461654,16.221048839972354,54.51,-6.053758429355569,-1.8048259959772917,-0.66430312787201
1,M->N,1787485770.8590715,16.23395373497624,54.578,-6.038738355652401,-1.8164939170431584,-0.6546185377084419
1,M->N,1787485771.137878,16.512760986981448,54.748,-6.00072651612433,-1.8450655608648387,-0.6327716358623833
1,M->N,1787485771.1501536,16.525036130973604,54.816,-5.985349389976573,-1.8562609856620478,-0.6238090629089399
1,M->N,1787485771.1607697,16.53565208800137,54.884,-5.970769185602035,-1.866674067932129,-0.613336597744863
1,M->N,1787485771.786427,17.16131012898404,55.224,-5.911808421835669,-1.9060116116829513,-0.5654352500440258
1,M->N,1787485771.79936,17.17424227000447,55.292,-5.899951651214863,-1.9134864422179656,-0.55765907823869
1,M->N,1787485771.8083234,17.18320567801129,55.36,-5.887606432212779,-1.9211328279962885,-0.5493091985407658
1,M->N,1787485772.0237598,17.398642992018722,55.53,-5.858557981321558,-1.9385320623715654,-0.5280308089363845
1,M->N,1787485772.0358489,17.41073146997951,55.598,-5.846852709411568,-1.9453109509715183,-0.5196627004051798
1,M->N,1787485773.1450777,18.51996003696695,56.176,-5.746037191478892,-1.9981039637057252,-0.441743399441946
1,M->N,1787485773.1543145,18.52919671800919,56.244,-5.734168698720572,-2.0036693184165784,-0.43273127685254564
1,M->N,1787485773.1624796,18.53736174700316,56.312,-5.722787619525719,-2.008882152822177,-0.42386397384211927
1,M->N,1787485773.169948,18.54483007901581,56.38,-5.709836020631348,-2.014671060030699,-0.41383531512078137
1,M->N,1787485773.176763,18.551645271014422,56.448,-5.697089074762091,-2.020213750717512,-0.4037953682434262
1,M->N,1787485773.1830351,18.55791703396244,56.516,-5.684288732140314,-2.0256238172101404,-0.3925182632799602
1,M->N,1787485773.188919,18.563800831965636,56.584,-5.6717722339969185,-2.0307401029019627,-0.3799860630121835
1,M->N,1787485773.3298013,18.704684372001793,56.686,-5.652892910603551,-2.0381090021659705,-0.36067818436020344
1,M->N,1787485774.1759887,19.55087159597315,57.128,-5.5613878354225985,-2.068241803922214,-0.27037761766965374
1,M->N,1787485774.187923,19.562805491965264,57.196,-5.547241683108282,-2.072068614646223,-0.2540141166718767
1,M->N,1787485774.1991072,19.57398960198043,57.264,-5.533049064621417,-2.075676265588494,-0.24017065189089992
1,M->N,1787485774.277449,19.652331636985764,57.366,-5.506425782296356,-2.081951051416858,-0.21888560882892572
1,M->N,1787485774.979724,20.354606852983125,57.774,-5.394240083161234,-2.1017477806309,-0.128667200607713
1,M->N,1787485774.9922514,20.367134178988636,57.842,-5.375387941619863,-2.104092645298988,-0.11542614233184899
1,M->N,1787485775.0028558,20.37773805600591,57.91,-5.356504958897732,-2.1061918959302734,-0.10265049036743822
1,M->N,1787485775.0128336,20.387715810968075,57.978,-5.337595226995885,-2.1080533633370155,-0.0903891160189068
1,M->N,1787485775.29313,20.668013105983846,58.148,-5.290228933127036,-2.111739439176685,-0.06252405277490244
1,M->N,1787485775.785882,21.16076494700974,58.454,-5.204757667319547,-2.1154080888477584,-0.02910075123114963
1,M->N,1787485775.7995782,21.174460892973002,58.522,-5.185727917804275,-2.1159523422833555,-0.027791594160976336
1,M->N,1787485775.810737,21.185619166994,58.59,-5.166696235379269,-2.1164743331568783,-0.026813517401584736
1,M->N,1787485776.4398468,21.814729566976894,58.93,-5.07153026719871,-2.118818842660543,-0.021990708350538752
1,M->N,1787485776.452985,21.827867852000054,58.998,-5.052496401953506,-2.119229719943771,-0.02085172465987954
1,M->N,1787485776.4636946,21.83857716800412,59.066,-5.033462402249234,-2.1196181816007496,-0.019605925881934307
1,M->N,1787485777.0228672,22.397750162985176,59.406,-4.938285533478753,-2.121174493804252,-0.013342851216368917
1,M->N,1787485777.0353796,22.410262271994725,59.474,-4.919247065369036,-2.121423926167294,-0.012704147847480718
1,M->N,1787485777.0462358,22.421118394995574,59.542,-4.900208396415839,-2.1216616256228993,-0.012095207148610709
1,M->N,1787485777.534389,22.909271503973287,59.848,-4.814534245360482,-2.122574661339591,-0.008843010495834419
1,M->N,1787485777.5478656,22.92274816997815,59.916,-4.795495759800883,-2.122736933936365,-0.007953445284734174
1,M->N,1787485777.5599377,22.934820560971275,59.984,-4.77645738663853,-2.1228815789830606,-0.006988322208964104
1,M->N,1787485777.9114845,23.286367020977195,60.188,-4.719343296548814,-2.1231959618666143,-0.0035385490308223627
1,M->N,1787485777.9230506,23.297933030000422,60.256,-4.70030539278044,-2.1232540320143447,-0.0023190031753394943
1,M->N,1787485778.2783852,23.653267901972868,60.494,-4.6336614341775,-2.123366450227457,-0.0012642563087210384
1,M->N,1787485778.4207337,23.795616820978466,60.596000000000004,-4.605099076921377,-2.1233995664336662,-0.0009766682178746183
1,M->N,1787485778.4340966,23.808979203982744,60.664,-4.586057704493551,-2.123416537737512,-0.0007053205243728735
1,M->N,1787485779.2720468,24.64693006896414,61.14,-4.452776805345684,-2.1232882340651047,0.0036144161401568957
1,M->N,1787485779.2841663,24.65904891100945,61.208,-4.433736520151426,-2.123215225147682,0.004095099970236827
1,M->N,1787485779.2952394,24.67012182599865,61.276,-4.414694385609095,-2.1231375282312532,0.004042028815518726
1,M->N,1787485779.3061032,24.680985801969655,61.344,-4.39565165361403,-2.1230619942363127,0.003837333153879839
1,M->N,1787485779.3848329,24.75971564196516,61.446,-4.367087329518224,-2.122956298781203,0.003519807211595399
1,M->N,1787485779.9501452,25.325028322986327,61.786,-4.271876433205625,-2.1226395197102996,0.0034938971524131426
1,M->N,1787485779.9637234,25.338606211997103,61.854,-4.25283538369946,-2.122571361216808,0.0037926131141255825
1,M->N,1787485780.2531576,25.62804048199905,62.058,-4.195715054065701,-2.1223147795732458,0.005573723973419443
1,M->N,1787485780.402301,25.777184214966837,62.194,-4.15763369173065,-2.122083531614077,0.006203063063508806
1,M->N,1787485780.6159158,25.99079852696741,62.33,-4.119546959782267,-2.1218612038467297,0.005336987629812458
1,M->N,1787485780.6294837,26.00436612300109,62.398,-4.100503546700804,-2.121762789719355,0.004893934954742642
1,M->N,1787485780.7041812,26.079064350982662,62.466,-4.081460129995837,-2.1216725961825733,0.004496731814017599
1,M->N,1787485781.2685056,26.643388781987596,62.806,-3.986248218242944,-2.121286446698853,0.004130958760127513
1,M->N,1787485781.2811096,26.655992311018053,62.874,-3.967207302862243,-2.1212058722080447,0.004479523729733091
1,M->N,1787485781.3552692,26.73015206697164,62.942,-3.948167285304141,-2.1211166905271583,0.00505658993489128
1,M->N,1787485781.8528564,27.227739076013677,63.248,-3.8624799524386852,-2.120606217372793,0.00535544974957254
1,M->N,1787485781.8655632,27.240446134004742,63.316,-3.8434357547384232,-2.1205092915214134,0.004645463495509538
1,M->N,1787485781.8764307,27.25131348898867,63.384,-3.824391523083287,-2.1204257539949194,0.003995326053155541
1,M->N,1787485782.0889,27.463782777020242,63.52,-3.7863036451404652,-2.120291885511818,0.0030055360135007323
1,M->N,1787485782.1013615,27.476243692974094,63.588,-3.7672602220369367,-2.12023717132072,0.002679677679594732
1,M->N,1787485783.761173,29.136056309973355,64.472,-3.5197055214716944,-2.1196617088207,0.000819676857538517
1,M->N,1787485783.7742884,29.149171059019864,64.54,-3.500663252854434,-2.1196461124910257,0.000836582889321536
1,M->N,1787485783.785968,29.16085068200482,64.608,-3.481621452528511,-2.1196297457475266,0.0009596212957220735
1,M->N,1787485783.796239,29.171121368999593,64.676,-3.462580320938229,-2.1196096674352547,0.0012948103499383233
1,M->N,1787485783.8062973,29.18117940396769,64.744,-3.443539793882314,-2.1195817858424255,0.0017614609956396713
1,M->N,1787485783.8147335,29.189615658018738,64.812,-3.424499822538854,-2.119543914153703,0.002436701350055198
1,M->N,1787485783.8216026,29.196484662999865,64.88,-3.4054606969184062,-2.1194915768667193,0.0033634479216243275
1,M->N,1787485783.82901,29.203891657001805,64.948,-3.386421500532755,-2.119420793308607,0.00418430816042442
1,M->N,1787485783.8353388,29.210220794018824,65.016,-3.3673786268978723,-2.1193424013527564,0.0038476804176897778
1,M->N,1787485783.8403728,29.21525460900739,65.084,-3.3483338756091343,-2.119274595040826,0.003040334073391181
1,M->N,1787485784.8952851,30.27016855299007,65.628,-3.1959724608707694,-2.1193591562961513,-0.0038967754224187934
1,M->N,1787485784.9089074,30.283790397981647,65.696,-3.176928275409224,-2.1194380257491945,-0.004514989730183498
1,M->N,1787485784.9208372,30.295719503017608,65.764,-3.1578843558953147,-2.119528341400285,-0.00506623643375325
1,M->N,1787485785.3457575,30.72064031701302,66.036,-3.081736754695458,-2.1198072302079383,0.0013847922853347664
1,M->N,1787485785.3585372,30.733419911004603,66.104,-3.062713637363886,-2.1197433646018653,0.00711121783142146
1,M->N,1787485785.3693817,30.744264087988995,66.172,-3.043696594016848,-2.119559183539611,0.01422037190285736
1,M->N,1787485786.3423884,31.71727112098597,66.682,-2.901523013722989,-2.111381163284591,0.11621274124336187
1,M->N,1787485786.3550613,31.72994364297483,66.75,-2.882686952683204,-2.1090497581479157,0.1344713981305382
1,M->N,1787485786.3661194,31.741002234979533,66.818,-2.8638330059505654,-2.106414660021507,0.1435773564372422
1,M->N,1787485786.375387,31.75026921799872,66.886,-2.845007802412288,-2.1036456307533884,0.151339781050077
1,M->N,1787485786.3835611,31.758443424012512,66.954,-2.8262408561712666,-2.1006872797806357,0.16478934526848935
1,M->N,1787485786.5283792,31.90326216001995,67.09,-2.7888707568222797,-2.0939309619326285,0.1975650748334074
1,M->N,1787485787.2311933,32.6060759749962,67.464,-2.687654916744888,-2.0685005280971422,0.3003344253016331
1,M->N,1787485787.2436209,32.618503242963925,67.532,-2.6695667550371107,-2.0627445437217444,0.319694768063574
1,M->N,1787485787.2547874,32.62966981896898,67.6,-2.6515928231982206,-2.056638229148796,0.3390804097075989
1,M->N,1787485787.2644863,32.63936886598822,67.668,-2.6346998342683476,-2.0505357673374793,0.358474819393918
1,M->N,1787485788.0960317,33.470914545992855,68.11,-2.5315642658963466,-2.0027322108581442,0.5116932880687125
1,M->N,1787485788.1098266,33.4847094679717,68.178,-2.515108836619478,-1.9932733282234842,0.5357202530501355
1,M->N,1787485788.1215603,33.49644273199374,68.246,-2.498880865021482,-1.983424536074251,0.5590417184763434
1,M->N,1787485788.1322827,33.507165119983256,68.314,-2.4828806925675297,-1.9732047288096335,0.5813362515340191
1,M->N,1787485788.1414587,33.51634280500002,68.382,-2.4671047051094734,-1.9626361861004187,0.6025572279813486
1,M->N,1787485788.4908636,33.86574681196362,68.586,-2.4210677931844278,-1.9290550411823262,0.6593296669658867
1,M->N,1787485789.400314,34.77519685099833,69.062,-2.319391093362227,-1.8435411054587862,0.7297556948101933
1,M->N,1787485789.4144921,34.78937485499773,69.13,-2.305244380531205,-1.830816806326972,0.73632517414096
1,M->N,1787485789.426138,34.80102022999199,69.198,-2.291178860966439,-1.8180017079576534,0.7425284061682809
1,M->N,1787485789.4369664,34.811848893994465,69.266,-2.277189767970525,-1.8051016516730818,0.7482324225671537
1,M->N,1787485789.4465451,34.821427378978115,69.334,-2.263272442125655,-1.7921233642202976,0.7535857828069428
1,M->N,1787485789.4541194,34.82900173700182,69.402,-2.2494214667464454,-1.7790729734139437,0.7584942867761055
1,M->N,1787485789.4611974,34.836079211963806,69.47,-2.235631550699535,-1.7659566426656705,0.7630079872363867
1,M->N,1787485789.533376,34.90825872897403,69.538,-2.2218992140592917,-1.7527793004690282,0.7672466924059098
1,M->N,1787485790.713149,36.08803184697172,70.184,-2.0935842858426073,-1.6253565362057611,0.7934647335853704
1,M->N,1787485790.7278626,36.10274521698011,70.252,-2.080240811024868,-1.6117779301106279,0.795052883690612
1,M->N,1787485790.7393153,36.11419759696582,70.32,-2.0669176949931716,-1.598178588604188,0.7964995168718768
1,M->N,1787485790.750211,36.12509364297148,70.388,-2.053612619197725,-1.5845603341379937,0.7977795865095834
1,M->N,1787485790.758998,36.13388031400973,70.456,-2.040323464714649,-1.5709251192108495,0.7989128672239465
1,M->N,1787485791.2470307,36.62191262701526,70.762,-1.9803386662080324,-1.5096983094477812,0.7878978448647516
1,M->N,1787485792.1444368,37.51932060101535,71.272,-1.8783793131541515,-1.4096337834540953,0.7662088757921931
1,M->N,1787485792.1579156,37.532798676984385,71.34,-1.8646456585234439,-1.3964371910858908,0.7644430545491422
1,M->N,1787485792.1688232,37.543705714982934,71.408,-1.8508904228241063,-1.3832641643354975,0.7629166422934106
1,M->N,1787485792.179316,37.55419836897636,71.476,-1.8371170038007834,-1.3701112199762207,0.7616360078884389
1,M->N,1787485792.1886687,37.56355086097028,71.544,-1.8233282022921455,-1.3569751992685435,0.7605204620196816
1,M->N,1787485792.338212,37.71309505501995,71.68,-1.7957133323032597,-1.3307446403811591,0.7588464635182122
1,M->N,1787485792.6913831,38.0662660819944,71.884,-1.7542274782286853,-1.2914689170246385,0.7573298730556929
1,M->N,1787485792.703285,38.07816748897312,71.952,-1.74038808965023,-1.2783883318615543,0.7570877012616727
1,M->N,1787485793.3359797,38.710862853971776,72.326,-1.6642607940269922,-1.2064635987116685,0.7574206402096686
1,M->N,1787485793.3484204,38.72330355399754,72.394,-1.650427079257437,-1.193373841214975,0.7592662018230484
1,M->N,1787485793.3611836,38.7360662620049,72.462,-1.6366554845129055,-1.1802416962386282,0.7650373303435539
1,M->N,1787485793.440046,38.81492881098529,72.564,-1.6161353453385734,-1.1603994357063712,0.7729864102546966
1,M->N,1787485793.5904095,38.96529270301107,72.7,-1.589005385742775,-1.133701052605608,0.7823435595370436
1,M->N,1787485794.3599527,39.73483526601922,73.108,-1.5088482321298489,-1.0523497229830576,0.8018466150480049
1,M->N,1787485794.3719206,39.74680297297891,73.176,-1.4956239085215122,-1.0386571993743137,0.8040891772865776
1,M->N,1787485794.3828688,39.75775122898631,73.244,-1.4824281373175567,-1.0249362701053155,0.8060197931576153
1,M->N,1787485794.3927975,39.76767972501693,73.312,-1.4692566558166136,-1.0111906224846128,0.8077135783815066
1,M->N,1787485794.4018557,39.776737781998236,73.38,-1.4560964318444796,-0.9974270405037934,0.8073766170653481
1,M->N,1787485795.4421604,40.81704317696858,73.924,-1.349412269428429,-0.888615103356525,0.7829584982403788
1,M->N,1787485795.4545715,40.829453868966084,73.992,-1.3358980256516781,-0.8751934970424529,0.7805952371696421
1,M->N,1787485795.4651217,40.84000401198864,74.06,-1.322353674148576,-0.8618026663581463,0.778478696260869
1,M->N,1787485795.4755383,40.850420248985756,74.128,-1.3087818175606405,-0.8484395978273817,0.7765316156730785
1,M->N,1787485795.4849346,40.859816648007836,74.196,-1.2951853410731835,-0.8351018145493668,0.7747771436169548
1,M->N,1787485795.5580354,40.932918126985896,74.264,-1.2815667380292657,-0.8217870762362479,0.7732182538383366
1,M->N,1787485795.70886,41.083742343995254,74.4,-1.2542737481901687,-0.7952171058853312,0.7706396283992121
1,M->N,1787485796.267401,41.64228394796373,74.706,-1.2003222909215585,-0.742682106686021,0.7817287781480431
1,M->N,1787485796.2809527,41.65583508799318,74.774,-1.190197558295979,-0.7326161658456289,0.7833648961710128
1,M->N,1787485796.5614452,41.936328810988925,74.944,-1.164930795394899,-0.7073979823235813,0.7859183733739795
1,M->N,1787485796.5734105,41.948293187015224,75.012,-1.154847888065587,-0.6972884282572768,0.7880305601005965
1,M->N,1787485796.5837493,41.958631640009116,75.08,-1.144790418090223,-0.6871558558386063,0.790854718486271
1,M->N,1787485797.207486,42.582368371018674,75.42,-1.0952360992826016,-0.6358298820839011,0.8197981844685426
1,M->N,1787485797.2207448,42.59562742500566,75.488,-1.0855385306565315,-0.6253708059212599,0.8281496218502967
1,M->N,1787485797.238535,42.61341699498007,75.556,-1.0759321583725323,-0.6148300616869063,0.8370533489387192
1,M->N,1787485797.3182354,42.69311806501355,75.658,-1.0617083701920917,-0.5988564392510467,0.8514636932776835
1,M->N,1787485797.6804545,43.05533709801966,75.896,-1.0294922121709558,-0.5607572641408227,0.8894451979871878
1,M->N,1787485797.824994,43.19987690000562,75.998,-1.0161522852707616,-0.5440445735418759,0.907332293158087
1,M->N,1787485797.8372824,43.212164352997206,76.066,-1.0074283179789323,-0.5327700954269852,0.9196389747542413
1,M->N,1787485798.1951547,43.57003756897757,76.304,-0.9780308165684232,-0.49247190205222835,0.9645133422672497
1,M->N,1787485798.2089627,43.583844712993596,76.372,-0.9699713377207676,-0.48071896103771733,0.9776779437262132
1,M->N,1787485798.6295705,44.004452994966414,76.61,-0.9430103861838435,-0.438769072862976,1.02449402023887
1,M->N,1787485798.642266,44.017148184007965,76.678,-0.9356730745754048,-0.4265570579629771,1.0379988206949657
1,M->N,1787485798.917968,44.2928505979944,76.848,-0.9180561227154156,-0.39560369704559856,1.0718007438459032
1,M->N,1787485798.9313977,44.30628015997354,76.916,-0.9113031044807307,-0.3830581461636337,1.085305038552555
1,M->N,1787485798.94303,44.31791255599819,76.984,-0.9047200023760891,-0.37042235675216256,1.0987848173434174
1,M->N,1787485799.4318852,44.8067680610111,77.256,-0.8855913275078664,-0.3312653959841708,1.1314994611419298
1,M->N,1787485800.417679,45.79256139398785,78.174,-0.8796984139857054,-0.32264429649831033,0.922397881802923
1,M->N,1787485801.0444558,46.41933846398024,78.514,-0.8535115991923146,-0.28770086647923554,0.9582105813744639
1,M->N,1787485801.065109,46.43999095901381,78.616,-0.8461052621718995,-0.276954628094583,0.9797020113786733
1,M->N,1787485801.4201746,46.79505747096846,78.888,-0.8270640416794509,-0.24688210851575978,1.0357825682716277
1,M->N,1787485801.438617,46.81349928100826,78.99,-0.8202230105803358,-0.23510867691935114,1.0564318553904937
1,M->N,1787485801.9290483,47.303931045986246,79.262,-0.803070174980182,-0.20246150908922064,1.122462253489578
1,M->N,1787485801.9492254,47.3241076139966,79.364,-0.7968905483395926,-0.1892398083833904,1.1489822189555405
1,M->N,1787485802.643386,48.0182684789761,79.772,-0.7743336132064509,-0.13106946494105368,1.2537842623121598
1,M->N,1787485802.6579082,48.03279056597967,79.84,-0.7709645287850744,-0.12062512194233412,1.2674135035601124
1,M->N,1787485802.668262,48.043144322989974,79.908,-0.7677364722192671,-0.11013672199671792,1.2807115456840923
1,M->N,1787485802.678174,48.053056048986036,79.976,-0.7646473543513189,-0.09960703736869314,1.2937349460377416
1,M->N,1787485802.9597878,48.33467059599934,80.146,-0.7575189193724502,-0.07311623692371841,1.3255346579283858
1,M->N,1787485803.2496505,48.624533722992055,80.35,-0.7500633272440425,-0.04104711287601348,1.3624639238752456
1,M->N,1787485803.6077945,48.982677361986134,80.588,-0.7433233493857591,-0.005753757466630749,1.4080177305140391
1,M->N,1787485803.629478,49.00436035200255,80.69,-0.7410235339697145,0.008851105683245005,1.423877036011526
1,M->N,1787485803.713136,49.08801856596256,80.792,-0.7389456307382535,0.023493353892599277,1.4384680602161801
1,M->N,1787485804.5468886,49.92177170200739,81.234,-0.7317832186762943,0.10799297382226147,1.5412516258053104
1,M->N,1787485804.5595384,49.934420880977996,81.302,-0.7314698982811781,0.12112477866586435,1.556793377697469
1,M->N,1787485804.5707242,49.94560651900247,81.37,-0.7313599779874895,0.13426118824817013,1.5719964704914018
1,M->N,1787485804.580825,49.955707197019365,81.438,-0.7314470010316355,0.14739982944048924,1.5865749584541544
1,M->N,1787485804.936676,50.31155880499864,81.676,-0.7332028330730784,0.19335956024051434,1.634122571326412
1,M->N,1787485805.0131855,50.38806781498715,81.744,-0.7340955055503718,0.20647428734320822,1.6465821608146365
1,M->N,1787485805.3016307,50.67651343898615,81.948,-0.7377290392920569,0.24580478967123812,1.678180265746325
1,M->N,1787485805.3145103,50.68939287599642,82.016,-0.7391689010887348,0.2588948198417583,1.6838531542463588
1,M->N,1787485805.324715,50.69959725596709,82.084,-0.7406803965634827,0.2719787628078594,1.689017162054805
1,M->N,1787485805.8165832,51.19146656099474,82.356,-0.7473286800764711,0.3242563541711251,1.7057385011592283
1,M->N,1787485805.8294146,51.20429697399959,82.424,-0.7491184114737961,0.33731247257778074,1.7091212357535241
1,M->N,1787485805.8400865,51.21496881300118,82.492,-0.7509510446381286,0.35036396372052514,1.7122094041251044
1,M->N,1787485806.187789,51.562671413994394,82.696,-0.7570786204741955,0.39244285728141515,1.7181563748231503
1,M->N,1787485806.3326848,51.70756798499497,82.798,-0.760340844018475,0.41423034493767485,1.7214108000787312
1,M->N,1787485806.3463688,51.72125106496969,82.866,-0.7625705298928108,0.4287282016779623,1.7276815925054534
1,M->N,1787485807.0417058,52.41658831801033,83.274,-0.7789244574822908,0.5150862269039295,1.78885633933662
1,M->N,1787485807.0553262,52.43020845099818,83.342,-0.7821409233241179,0.5293888192997606,1.7969517427555057
1,M->N,1787485807.0662558,52.441138182999566,83.41,-0.7854705406412071,0.5436679100268381,1.8044336091031823
1,M->N,1787485807.0759013,52.45078311499674,83.478,-0.788902642648319,0.5579257162656696,1.8110169030089869
1,M->N,1787485807.1492884,52.524171004013624,83.546,-0.7924255598171297,0.5721629880456718,1.8170875306643544
1,M->N,1787485807.4399292,52.81481191300554,83.75,-0.8034671376287367,0.6147783417860171,1.8313291299835652
1,M->N,1787485807.7967563,53.17163881397573,83.988,-0.8188950638527741,0.6715738352499345,1.8372012600511436
1,M->N,1787485808.502598,53.87748251698213,84.362,-0.8460933512346344,0.7727495601244719,1.8257893527382034
1,M->N,1787485808.5146258,53.8895088720019,84.43,-0.8508763029587245,0.7911910575793426,1.822631662749201
1,M->N,1787485808.5254357,53.90031777200056,84.498,-0.8555986144106771,0.8096490854738899,1.8191219720528249
1,M->N,1787485808.5351057,53.90998782997485,84.566,-0.8602529017896967,0.8281252850920963,1.8151561708077568
1,M->N,1787485808.5433145,53.91819633299019,84.634,-0.8648311731068975,0.8466211428614087,1.8107730173142107
1,M->N,1787485808.687969,54.06285181699786,84.77,-0.8737427817566366,0.88366842700139,1.8036345863530647
1,M->N,1787485809.1069777,54.481861100008246,85.008,-0.8891551270046097,0.9485060877529535,1.804827234237312
1,M->N,1787485809.1206148,54.4954968940001,85.076,-0.8935673790246744,0.9670322997443374,1.8042119948827424
1,M->N,1787485809.403112,54.777994635980576,85.246,-0.9045129431167,1.0133729569025174,1.800392474502171
1,M->N,1787485809.6899998,55.06488267501118,85.45,-0.9172992181929408,1.069074790574599,1.7910495477992416
1,M->N,1787485809.9805803,55.35546317300759,85.654,-0.9294628054265399,1.1249319909774882,1.777871133940509
1,M->N,1787485809.9940574,55.36894002300687,85.722,-0.9333581410360465,1.1435801426163485,1.7757079707405112
1,M->N,1787485810.0051932,55.38007572601782,85.79,-0.9372338113144764,1.1622234046030722,1.7761391314394195
1,M->N,1787485810.1478484,55.52273113600677,85.892,-0.9430708800632336,1.1901801273979888,1.7773035268050408
1,M->N,1787485810.6390953,56.013977941998746,86.164,-0.958682399359636,1.2647295397065912,1.775822846528675
1,M->N,1787485810.652074,56.026956152985804,86.232,-0.9625479613015844,1.2833792438153606,1.7741524444772316
1,M->N,1787485810.66427,56.03915185300866,86.3,-0.9663802354383821,1.3020375739673553,1.7721127273602135
1,M->N,1787485810.7385702,56.11345336900558,86.368,-0.9701710258213134,1.320706516165939,1.7695312965289578
1,M->N,1787485811.0914543,56.466336604964454,86.572,-0.9812018805335566,1.3767931494610046,1.7590863184906647
1,M->N,1787485811.1668103,56.54169338499196,86.64,-0.9847509834531397,1.3955075527737892,1.7576294531329577
1,M->N,1787485811.4589279,56.83381040696986,86.844,-0.9954647664113817,1.4516010106083128,1.7620489564298953
1,M->N,1787485811.4709518,56.84583412099164,86.912,-0.9990922028601261,1.4702885434552762,1.7632371998542085
1,M->N,1787485811.481655,56.85653694497887,86.98,-1.0027377256023093,1.4889751744113937,1.7638039829636258
1,M->N,1787485811.82933,57.20421252900269,87.184,-1.0136769136485388,1.545047841074288,1.7622490471985732
1,M->N,1787485811.973659,57.34854199097026,87.286,-1.0190840127314136,1.5731039745367243,1.759592249489297
1,M->N,1787485811.9868317,57.36171424097847,87.354,-1.0226424637215856,1.59181862153055,1.7572739105580915
1,M->N,1787485812.3479958,57.722877927997615,87.592,-1.0346812633965794,1.657402052645898,1.7459108045404508
1,M->N,1787485812.3589811,57.73386321001453,87.66,-1.0379720579662417,1.6761694094897808,1.7419256545089763
1,M->N,1787485812.7140572,58.088940059999004,87.898,-1.048853545847618,1.7419727980151538,1.7259912957109045
1,M->N,1787485812.7277977,58.10268005897524,87.966,-1.0517636479929604,1.760808247242017,1.720989049697898
1,M->N,1787485813.2913418,58.666224770015106,88.306,-1.0648337120651545,1.8552022015690621,1.694122706874805
1,M->N,1787485813.3034444,58.678326578985434,88.374,-1.0671378436040357,1.8741218664076247,1.6885317274552865
1,M->N,1787485813.5847754,58.959658486011904,88.544,-1.0724332525120535,1.9214766453385095,1.674441059406634
1,M->N,1787485813.5984325,58.97331503598252,88.612,-1.0743644822872411,1.9404391198027082,1.6688046871808722
1,M->N,1787485813.6089358,58.98381830798462,88.68,-1.076189187824457,1.9594126892388206,1.663194123505823
1,M->N,1787485814.166222,59.54110492899781,88.986,-1.0831048412898965,2.044902035785999,1.6387945684275753
1,M->N,1787485814.179609,59.5544914570055,89.054,-1.0843623892906062,2.0639186962985736,1.6336398663481475
1,M->N,1787485814.1907184,59.565600561967585,89.122,-1.085522684668223,2.0829416238998726,1.6285367078217576
1,M->N,1787485814.2010975,59.57597949699266,89.19,-1.0865862952137464,2.1019702731739844,1.6234915299943602
1,M->N,1787485814.3432965,59.71817916899454,89.292,-1.0880043703810856,2.1305217785524877,1.6162194990850447
1,M->N,1787485814.696482,60.07136465696385,89.496,-1.0902367082118525,2.1876499947299743,1.602584597874579
1,M->N,1787485815.3221953,60.697078067983966,89.836,-1.0923470174095176,2.282898351904949,1.5829777432158245
1,M->N,1787485815.3357644,60.71064742596354,89.904,-1.0925542730303472,2.301949883280188,1.579535652076361
1,M->N,1787485815.3468745,60.721756651997566,89.972,-1.0926971600048796,2.3210014898871574,1.576299710029232
1,M->N,1787485815.3584957,60.73337776400149,90.04,-1.0927798427912265,2.3400531219655987,1.5732458383035188
1,M->N,1787485815.4386983,60.81358060496859,90.142,-1.0927972342153796,2.368630514786156,1.568906017355129
1,M->N,1787485815.5907786,60.96566167997662,90.278,-1.092637268282577,2.406731533849437,1.5637209246527202
1,M->N,1787485815.9419549,61.316837318998296,90.482,-1.0920562961934754,2.463874416246678,1.557214449199522
1,M->N,1787485816.087443,61.46232627896825,90.584,-1.0916340388725891,2.492442433845377,1.554381756876421
1,M->N,1787485816.1645582,61.539440709981136,90.652,-1.0913093660837736,2.511485968934697,1.552729746042255
1,M->N,1787485816.3179703,61.69285277201561,90.788,-1.090570578406122,2.5495710806895993,1.5497986912219033
1,M->N,1787485816.4642396,61.839122567966115,90.89,-1.0899476721287022,2.578133408869862,1.5479299444455616
1,M->N,1787485816.4770207,61.85190299898386,90.958,-1.0895048744566012,2.5971735665617195,1.546890757882768
1,M->N,1787485816.831136,62.20601869298844,91.196,-1.0878192869787606,2.6638058501960273,1.544183108294588
1,M->N,1787485816.903825,62.27870735700708,91.264,-1.0873087191755955,2.6828420047420503,1.5436413394775093
1,M->N,1787485816.9817548,62.35663738899166,91.366,-1.0865252356317643,2.711394802952745,1.54301354590086
1,M->N,1787485817.1968634,62.57174665800994,91.536,-1.085181839245696,2.7589815609814368,1.542077918522732
1,M->N,1787485817.627376,63.002258713007905,91.808,-1.082949112352127,2.8351193231792795,1.5408806285451422
1,M->N,1787485817.6405478,63.01543021900579,91.876,-1.0823773996416188,2.8541528014738358,1.5406192916262107
1,M->N,1787485817.85544,63.23032316501485,92.012,-1.0812190717596901,2.8922192184269657,1.5400559387914112
1,M->N,1787485817.868071,63.242954209970776,92.08,-1.080631379107384,2.91125210939388,1.5397304524009099
1,M->N,1787485817.9414012,63.31628421600908,92.148,-1.0800370818373863,2.930284919115731,1.5393414964718535
1,M->N,1787485818.160077,63.534960120974574,92.318,-1.0785109029189184,2.9778704191219827,1.5372914550631243
1,M->N,1787485818.172976,63.547858869016636,92.386,-1.0778575222156481,2.9969084373929364,1.5350813678859907
1,M->N,1787485818.6651995,64.04008224396966,92.658,-1.0747637813434379,3.073046750704041,1.5244746520835997
1,M->N,1787485818.6791582,64.05404087499483,92.726,-1.0738624773615242,3.0920758813194467,1.5217904338719985
1,M->N,1787485818.6908844,64.06576685799519,92.794,-1.0729107883475792,3.1111020123909423,1.519177998211461
1,M->N,1787485819.8745363,65.24941889400361,93.406,-1.0624069476011968,3.2822097862447106,1.5013851967206455
1,M->N,1787485819.8881347,65.26301697001327,93.474,-1.0610781315619382,3.3012083598925686,1.500301381688295
1,M->N,1787485819.8992214,65.27410408097785,93.542,-1.0597301093687161,3.3202046994174688,1.4993862517777556
1,M->N,1787485819.9096224,65.28450470801909,93.61,-1.0583657604452055,3.3391991752883916,1.4986242877560418
1,M->N,1787485819.9189618,65.29384362598648,93.678,-1.0569880077013059,3.358192237013561,1.4980230442494498
1,M->N,1787485819.9274788,65.30236088798847,93.746,-1.0556006127176738,3.3771842041702835,1.497683133406658
1,M->N,1787485819.935785,65.31066681601806,93.814,-1.0542079922946261,3.396175587836297,1.4974966531082723
1,M->N,1787485819.9428954,65.31777754198993,93.882,-1.0528131375374772,3.415166166228604,1.4974978887452537
1,M->N,1787485820.7727711,66.14765349798836,94.324,-1.044282852891037,3.5301574389807695,1.4907093074764632
1,M->N,1787485820.779886,66.15476805501385,94.392,-1.0428399968827304,3.5484457372383353,1.494637741579173
1,M->N,1787485820.786558,66.16143983299844,94.46,-1.0414178455910326,3.567419475728735,1.498057113726689
1,M->N,1787485821.1324828,66.50736528798006,94.698,-1.0376705713947052,3.6222575836279134,1.507490508247929
1,M->N,1787485821.276723,66.65160537598422,94.8,-1.0362971855173457,3.6442336622321974,1.5096332153851837
1,M->N,1787485821.5606842,66.93556734896265,94.97,-1.033920782717458,3.684108915159085,1.5136138134847066
1,M->N,1787485822.1929293,67.56781159096863,95.31,-1.0289864788765728,3.7791472179889594,1.5244727259600068
1,M->N,1787485822.2032106,67.57809246401303,95.378,-1.0281198101663283,3.7981615189858093,1.5265530289758158
1,M->N,1787485822.2129698,67.58785194001393,95.446,-1.0272923505737226,3.8171781557743047,1.5286176097924533
1,M->N,1787485822.221213,67.59609507396817,95.514,-1.0265042207787138,3.836196660737055,1.5306790039006912
1,M->N,1787485822.2284508,67.60333280498162,95.582,-1.0257551611220153,3.855216520672053,1.5327146845211366
1,M->N,1787485822.2357895,67.61067142896354,95.65,-1.0250443419779403,3.8742377657760585,1.5347202993047473
1,M->N,1787485822.5908616,67.96574429998873,95.888,-1.0228527564365315,3.940822037057867,1.5414568051828186
1,M->N,1787485822.7349434,68.1098262189771,95.99,-1.022046060831406,3.969363001516076,1.544094930373641
1,M->N,1787485823.2229753,68.59785768401343,96.262,-1.0202366279801653,4.045486975979787,1.5500931869278216
1,M->N,1787485823.237322,68.61220457596937,96.33,-1.0198511530195413,4.064520397734904,1.5512919034350974
1,M->N,1787485823.2490952,68.62397753301775,96.398,-1.019487205286049,4.083554701927159,1.552319762799756
1,M->N,1787485823.6692467,69.04412955098087,96.636,-1.018343930959414,4.150180302336186,1.5547676161539172
1,M->N,1787485823.6811845,69.05606663500657,96.704,-1.01804063655633,4.169217841954763,1.5550056480305436
1,M->N,1787485823.6920235,69.06690578901907,96.772,-1.0177401217812005,4.18825634540485,1.5550086139206312
1,M->N,1787485824.1781547,69.5530374069931,97.044,-1.0164715788432719,4.264421060056563,1.5523919573190754
1,M->N,1787485824.190588,69.56547054997645,97.112,-1.0161109739625822,4.283463982074113,1.5509234325637105
1,M->N,1787485824.2018836,69.57676614099182,97.18,-1.0157194031597927,4.302507631464811,1.5490189130547347
1,M->N,1787485824.3464944,69.72137703298358,97.282,-1.0150556388440493,4.331074073188349,1.5454250129014557
1,M->N,1787485824.560351,69.93523403099971,97.418,-1.0139918228800975,4.369162140271684,1.5392540490428204
1,M->N,1787485824.5719724,69.9468546580174,97.486,-1.0133647466560871,4.388205306345672,1.5354980955686066
1,M->N,1787485825.057553,70.43243593897205,97.758,-1.0100008222776797,4.464365215937114,1.5151328123781909
1,M->N,1787485825.0703008,70.44518327800324,97.826,-1.0088960237472386,4.483396042838621,1.5087393053850529
1,M->N,1787485825.0825112,70.45739323098678,97.894,-1.0076636420579155,4.5024214190773355,1.5016195247093707
1,M->N,1787485825.7815785,71.1564610399655,98.268,-0.9980716836553479,4.6068670380616235,1.4511013837830267
1,M->N,1787485825.7944887,71.16937110596336,98.336,-0.995857901918969,4.624698057248599,1.4414407036089905
1,M->N,1787485825.8063006,71.18118310801219,98.404,-0.9939314105333205,4.63935694790986,1.4379155634153562
1,M->N,1787485825.8156629,71.19054471398704,98.472,-0.9919497401668134,4.653927734427648,1.4307821774454947
1,M->N,1787485826.2310643,71.60594699700596,98.71,-0.9838450997760574,4.704813186641068,1.3896730039011942
1,M->N,1787485826.2441823,71.6190647240146,98.778,-0.9811213161319478,4.719287772192062,1.376157385832379
1,M->N,1787485826.5264194,71.9013022009749,98.948,-0.9734219381740048,4.755299766321425,1.3397853066691043
1,M->N,1787485826.5372202,71.91210265801055,99.016,-0.9699672881844811,4.76962286166731,1.3242420862894342
1,M->N,1787485826.546804,71.92168591497466,99.084,-0.9662876350432498,4.783891192156805,1.3082622871787277
1,M->N,1787485826.8969512,72.27183461998357,99.288,-0.9538415561663158,4.826306318413165,1.2572846454830442
1,M->N,1787485827.0414367,72.41631948301801,99.39,-0.9467904743193255,4.847253988422764,1.2300767208208798
1,M->N,1787485827.05784,72.43272290501045,99.458,-0.9417697578053144,4.861108629867964,1.2113480411425601
1,M->N,1787485827.7583795,73.13326191599481,99.866,-0.9098740860651549,4.93473932029924,1.1099200475731417
1,M->N,1787485827.7712648,73.14614721899852,99.934,-0.9037550031749804,4.946874524274426,1.0934834501914064
1,M->N,1787485827.782978,73.15786033100449,100.002,-0.8974317367954875,4.958906679481923,1.0763104441666314
1,M->N,1787485827.793505,73.16838721901877,100.07,-0.8908634787508635,4.97090334013925,1.0608971208393767
1,M->N,1787485828.2840383,73.65892092697322,100.342,-0.8655408287858084,5.014284997730937,1.0134945874620542
1,M->N,1787485828.2977073,73.67259001597995,100.41,-0.8586808628509921,5.025137716594374,0.9976367537694094
1,M->N,1787485828.3103704,73.68525257799774,100.478,-0.8514778042487202,5.036156419616633,0.9824410165868803
1,M->N,1787485828.792355,74.16723760496825,100.75,-0.8228590372589251,5.076552947007975,0.9256563097565998
1,M->N,1787485828.8059623,74.18084458698286,100.818,-0.8151811025228036,5.0866275494648585,0.9099127499220756
1,M->N,1787485828.818362,74.19324444996892,100.886,-0.8073329936113386,5.096577734963736,0.8923943232036724
1,M->N,1787485829.4424996,74.81738235999364,101.226,-0.7655143096497524,5.144701080616302,0.8218955156445304
1,M->N,1787485829.455966,74.83084824599791,101.294,-0.7569402350657927,5.153809255593787,0.8062328086970224
1,M->N,1787485829.466397,74.84127920598257,101.362,-0.7482200546007437,5.162779893901055,0.7898273322463579
1,M->N,1787485829.6836014,75.05848378298106,101.532,-0.7245737852841789,5.185798418394978,0.7512931812015081
1,M->N,1787485829.694715,75.06959766498767,101.6,-0.7152639984226364,5.194386920775985,0.7363037828489247
1,M->N,1787485830.4612308,75.8361135040177,102.008,-0.654726552138537,5.244057743034035,0.6348764184822985
1,M->N,1787485830.474463,75.84934521396644,102.076,-0.644064112365335,5.251791207498954,0.6173453922337466
1,M->N,1787485830.4852183,75.86010047601303,102.144,-0.6335064519443115,5.259173724389393,0.6002665250052168
1,M->N,1787485830.5637038,75.93858638097299,102.246,-0.6158886812570508,5.270955013845831,0.5756037524865677
1,M->N,1787485831.0006645,76.3755471649929,102.518,-0.5684113044610516,5.299658275106203,0.5088388644856584
1,M->N,1787485831.0139065,76.38878875499358,102.586,-0.5564938685826187,5.306196812359288,0.4921106259624047
1,M->N,1787485831.5729396,76.94782209396362,102.892,-0.4886819137381053,5.338938266895055,0.40363566895974534
1,M->N,1787485831.5862381,76.96112058399012,102.96,-0.4747014029693137,5.344759200745749,0.3807720051180527
1,M->N,1787485831.5972974,76.97217946901219,103.028,-0.460979553600813,5.350114248110493,0.3602443755673035
1,M->N,1787485831.607405,76.98228743299842,103.096,-0.4471554508469589,5.355209411734208,0.3432049805486962
1,M->N,1787485831.6162915,76.99117373500485,103.164,-0.43082263754875744,5.36091782170644,0.32581938447136943
1,M->N,1787485832.2446628,77.61954500898719,103.538,-0.34237283888409914,5.385988995449806,0.20633338497814294
1,M->N,1787485832.3856473,77.76052990596509,103.674,-0.3175261402840142,5.390668650439183,0.1620735296408847
1,M->N,1787485832.5321827,77.90706628200132,103.776,-0.2977756761270274,5.393620152049457,0.12979581394195874
1,M->N,1787485832.8178723,78.19275504502002,103.946,-0.26338057940061954,5.3971561318654135,0.06922256201858079
1,M->N,1787485832.8282669,78.20314910798334,104.014,-0.248548407042562,5.398051530689621,0.04583162407298278
1,M->N,1787485832.837833,78.21271558001172,104.082,-0.2328022595276855,5.3986296036711545,0.021501871554237408
1,M->N,1787485833.2558901,78.63077307201456,104.32,-0.1710387798837518,5.3974328099014,-0.0637346625887033
1,M->N,1787485833.2685404,78.64342254900839,104.388,-0.15253980814315302,5.396087706778081,-0.08783150793230686
1,M->N,1787485833.3425336,78.7174161199946,104.456,-0.1341583336130004,5.39430389262803,-0.1121228342395756
1,M->N,1787485834.3172593,79.69214274501428,105.0,0.012772364209030851,5.363029051562906,-0.313002440872418
1,M->N,1787485834.3306787,79.70556100696558,105.068,0.030872480928034202,5.357008271140301,-0.3345812540392706
1,M->N,1787485834.3411663,79.71604889497394,105.136,0.04610506029428869,5.351593008135687,-0.3533111280292878
1,M->N,1787485834.350594,79.72547607996967,105.204,0.05739463636123015,5.347369597919406,-0.3666769412453053
1,M->N,1787485834.3671937,79.74207564798417,105.34,0.06692470699472786,5.343645530965638,-0.38869518824544375
1,M->N,1787485835.852806,81.22768844896927,106.258,0.07987760107923139,5.337860251438105,-0.41132433771101545
1,M->N,1787485835.8643994,81.23928148398409,106.326,0.09128902762451412,5.332966149830796,-0.3943823294861349
1,M->N,1787485835.874809,81.24969128600787,106.394,0.1039199296288026,5.327802741685615,-0.3776273815639284
1,M->N,1787485835.8841283,81.2590104789706,106.462,0.11710789607679181,5.322667509548904,-0.360276570997217
1,M->N,1787485835.9613683,81.33625132701127,106.564,0.1424070748794279,5.313487901480859,-0.33096459105725634
1,M->N,1787485836.5945597,81.96944212401286,106.938,0.2425794550288546,5.283894008749569,-0.24663682421001445
1,M->N,1787485836.6073356,81.98221840697806,107.006,0.2610283910922592,5.279330340836559,-0.235634230964543
1,M->N,1787485836.619875,81.99475729296682,107.074,0.27952892126818674,5.274960513438331,-0.22588162908887288
1,M->N,1787485836.9732547,82.34813747199951,107.278,0.322633291421167,5.265837810625635,-0.1949539215703973
1,M->N,1787485837.1851382,82.56002084596548,107.414,0.3499603345726901,5.260480993954172,-0.19247735531842902
1,M->N,1787485837.1993237,82.57420598698081,107.482,0.3636322768309631,5.257816763883939,-0.19249638670017488
1,M->N,1787485837.3459213,82.72080395399826,107.584,0.38377971350226653,5.2538805967105375,-0.1939520877468631
1,M->N,1787485837.4912586,82.86614127201028,107.686,0.40372895358661676,5.249938389667894,-0.19715020572964578
1,M->N,1787485837.5670931,82.94197594199795,107.754,0.4170215036601086,5.2472685433634245,-0.20034371181696148
1,M->N,1787485837.8554723,83.23035518196411,107.958,0.45286231619873,5.239831829553791,-0.21061522444073877
1,M->N,1787485837.8683712,83.24325348500861,108.026,0.4643958301138209,5.237347041043485,-0.21526657103197172
1,M->N,1787485837.8799949,83.25487735797651,108.094,0.47587166518511675,5.234816015881454,-0.22049263337498404
1,M->N,1787485838.2290688,83.60395140497712,108.298,0.5102215048604813,5.2268338816983055,-0.23850668790798693
1,M->N,1787485838.2410305,83.61591319896979,108.366,0.5216398160882294,5.224029506779845,-0.24520138396490107
1,M->N,1787485838.4619336,83.83681619301206,108.536,0.5501032998322712,5.2166693524604275,-0.26341027074861423
1,M->N,1787485839.0241184,84.3990011519636,108.876,0.6071219283116397,5.200192514893611,-0.29808377657969587
1,M->N,1787485839.0363936,84.4112760850112,108.944,0.6184416737916463,5.196685648081348,-0.3047703836433124
1,M->N,1787485839.1843097,84.55919205996906,109.08,0.6395351127153075,5.189951615691772,-0.3137809748394818
1,M->N,1787485839.9494777,85.32436043396592,109.488,0.7018352071305842,5.168735539812782,-0.34099517632246285
1,M->N,1787485839.9622705,85.33715277200099,109.556,0.7123631743893988,5.164966133790134,-0.34920107086911817
1,M->N,1787485839.9730475,85.34792974201264,109.624,0.7234704789442288,5.160887882674852,-0.3568519373725199
1,M->N,1787485839.9835567,85.35843934700824,109.692,0.7345677337776134,5.156712960711775,-0.36548986191873967
1,M->N,1787485839.9935348,85.36841666098917,109.76,0.7456294307086843,5.152437638463688,-0.37485714534974135
1,M->N,1787485840.139154,85.51403671398293,109.896,0.7679688584021608,5.143432891374575,-0.3933104787386234
1,M->N,1787485840.9701629,86.34504575596657,110.338,0.8375834138553842,5.112556981408076,-0.4445320467128862
1,M->N,1787485840.9833028,86.35818546597147,110.406,0.8488472552935276,5.107148099489216,-0.45332235005220206
1,M->N,1787485840.9947028,86.36958496796433,110.474,0.8600620310679683,5.101637642193768,-0.4627109426658197
1,M->N,1787485841.0052166,86.38009850197705,110.542,0.8712239099917277,5.096021860674167,-0.47224730760190664
1,M->N,1787485841.0139565,86.38883845100645,110.61,0.882863604665456,5.090043858254744,-0.4770957209436655
1,M->N,1787485841.0215702,86.39645219600061,110.678,0.8940889698297806,5.0842263092550475,-0.48059803761287073
1,M->N,1787485841.5766428,86.95152535499074,110.984,0.9462417850159837,5.055857967323511,-0.5177809855136613
1,M->N,1787485841.858069,87.2329513989971,111.154,0.976221496190946,5.038351360963709,-0.5418152593430381
1,M->N,1787485841.8713884,87.24627065798268,111.222,0.9885882957014615,5.0308620712562435,-0.5486477665433829
1,M->N,1787485841.8832026,87.25808491499629,111.29,1.000928565891796,5.023269516589572,-0.5566266515978008
1,M->N,1787485842.1668046,87.54168738698354,111.46,1.0349841024925637,5.001625603184256,-0.5757919593406581
1,M->N,1787485842.3172636,87.69214706501225,111.596,1.0665669669690798,4.9804761694033175,-0.6110495762134173
1,M->N,1787485842.8075325,88.18241528101498,111.868,1.1274700477486947,4.934494181093193,-0.6833801178526498
1,M->N,1787485842.8211703,88.19605303899152,111.936,1.142187464957057,4.922360705412343,-0.6985137775235776
1,M->N,1787485842.8326612,88.20754351199139,112.004,1.156723049171414,4.910014650085201,-0.7124635309145415
1,M->N,1787485842.8427784,88.2176604589913,112.072,1.171089186261047,4.8974752018990015,-0.725094610637111
1,M->N,1787485843.3325167,88.70739963796223,112.344,1.2270930128597888,4.845729961683755,-0.7657751954887714
1,M->N,1787485843.3453357,88.72021796001354,112.412,1.2407965671516075,4.832492710155946,-0.7710852784344225
1,M->N,1787485843.3563707,88.73125304101268,112.48,1.2544363127956994,4.8191955938520525,-0.774762505303924
1,M->N,1787485843.7726336,89.1475161149865,112.718,1.3018796306551552,4.772373969311901,-0.7825590190231979
1,M->N,1787485843.7848737,89.1597560729715,112.786,1.315374277850037,4.758935378099269,-0.7843133285056844
1,M->N,1787485843.7955844,89.17046675400343,112.854,1.3288465080205094,4.745473030398717,-0.7860102337105138
1,M->N,1787485844.1517599,89.52664351899875,113.092,1.37582071191629,4.698176285514132,-0.7919672127045575
1,M->N,1787485844.228113,89.60299554996891,113.16,1.3891886990915128,4.684611617286603,-0.793730556106457
1,M->N,1787485844.4489508,89.8238337970106,113.33,1.422564754695761,4.65067909722383,-0.7922372185154397
1,M->N,1787485844.4616935,89.83657579298597,113.398,1.4359400317379651,4.637133876258441,-0.790850389787794
1,M->N,1787485845.2282898,90.60317276400747,113.806,1.5163486766417973,4.555965763936222,-0.792913859402668
1,M->N,1787485845.2409375,90.61581980896881,113.874,1.529702208144692,4.542384629565991,-0.7952976838333686
1,M->N,1787485845.252091,90.6269731419743,113.942,1.543021142344576,4.528768846565996,-0.7980825319565072
1,M->N,1787485845.2622578,90.63713993201964,114.01,1.556299742868583,4.515113089184403,-0.8013694413407115
1,M->N,1787485845.2716222,90.64650424901629,114.078,1.5695307941895889,4.50141072720673,-0.8051367123133908
1,M->N,1787485845.6871672,91.06204982800409,114.316,1.615108059427016,4.45271826132305,-0.8334465469099913
1,M->N,1787485845.7005496,91.07543187896954,114.384,1.6278842617090055,4.438577183331758,-0.8397024992089074
1,M->N,1787485846.329303,91.70418610301567,114.724,1.6905084889099098,4.36678301862365,-0.8678854895840916
1,M->N,1787485846.341323,91.71620559797157,114.792,1.7027915867562025,4.352220410339101,-0.873226190401444
1,M->N,1787485846.3522003,91.72708234301535,114.86,1.7149964853761757,4.337594144107159,-0.8784301905507272
1,M->N,1787485846.573394,91.94827694399282,115.03,1.7451881418105042,4.300757956390665,-0.8907257170048842
1,M->N,1787485846.5860345,91.96091722196434,115.098,1.757141421649568,4.285917622761779,-0.8955457197519164
1,M->N,1787485847.5564096,92.93129229196347,115.608,1.8446647312124225,4.172981997244087,-0.9386768558258274
1,M->N,1787485847.569716,92.9445982640027,115.676,1.8558501118053352,4.157557858647978,-0.9484797983584141
1,M->N,1787485847.579528,92.954410122009,115.744,1.866930412015014,4.142064424512141,-0.9512150873749228
1,M->N,1787485847.5879376,92.96281932701822,115.812,1.87798774703669,4.126560469080295,-0.9507259226841687
1,M->N,1787485847.5955656,92.97044776496477,115.88,1.8890607932928238,4.111074733717237,-0.9491628053937525
1,M->N,1787485847.6022487,92.97713074600324,115.948,1.9001544970481572,4.095599639107934,-0.9479108545558034
1,M->N,1787485848.2930253,93.66790812800173,116.356,1.9673414573466916,4.003265820178814,-0.9303171999454402
1,M->N,1787485848.3067307,93.68161314597819,116.424,1.9767288741564035,3.990624947723574,-0.9359400187061258
1,M->N,1787485848.3184958,93.69337789696874,116.492,1.9848749610647696,3.9795074358283427,-0.9410295713513852
1,M->N,1787485848.942368,94.31725111696869,116.832,2.0252708842094416,3.925557276579274,-0.9115483022387577
1,M->N,1787485848.958482,94.33336434798548,116.9,2.033330842255456,3.915209931309923,-0.9047720352808097
1,M->N,1787485848.969898,94.34478019800736,116.968,2.041464617867502,3.904926055380921,-0.8965925063325616
1,M->N,1787485849.391635,94.76651756698266,117.206,2.070713953906345,3.869208221838115,-0.877118464932665
1,M->N,1787485849.4046988,94.779581358016,117.274,2.0787990475675966,3.859520988484722,-0.8717822199418619
1,M->N,1787485849.415982,94.79086437600199,117.342,2.0869414276532767,3.849890614443028,-0.8642089368602587
1,M->N,1787485849.7709453,95.14582893898478,117.58,2.1170431891428345,3.8151756858003925,-0.8532031844314166
1,M->N,1787485849.9156754,95.29055777698522,117.682,2.1293935755262274,3.801139345368566,-0.8438595905442859
1,M->N,1787485850.1306777,95.50556009297725,117.818,2.146397758000087,3.7822132681182867,-0.8333486112233335
1,M->N,1787485850.1434321,95.51831453898922,117.886,2.155516227925663,3.7722075288620958,-0.829116045514756
1,M->N,1787485850.154791,95.52967335900757,117.954,2.1646794462459837,3.762243159862494,-0.8242455963581854
1,M->N,1787485850.3017695,95.67665217001922,118.09,2.181686965777236,3.743967366304068,-0.8171866757949181
1,M->N,1787485850.790948,96.16583072801586,118.362,2.217654285553479,3.70616179938997,-0.8049085181506118
1,M->N,1787485851.1509523,96.5258347709896,118.6,2.2488974477181505,3.674090989706611,-0.7918221484186562
1,M->N,1787485851.1637082,96.53859055100475,118.668,2.2586349174453684,3.664229706071497,-0.7910708561480311
1,M->N,1787485851.1748824,96.5497645069845,118.736,2.268153502065215,3.65461940868432,-0.789716679227402
1,M->N,1787485851.4607294,96.83561222301796,118.94,2.2968518083663105,3.6257393479597284,-0.7886377771745606
1,M->N,1787485851.750086,97.12496866896981,119.144,2.3270502311138532,3.595316866211872,-0.784208510374037
1,M->N,1787485852.110387,97.48526966001373,119.382,2.368254507503717,3.5549828103419996,-0.7651362164853952
1,M->N,1787485852.123216,97.49809812498279,119.45,2.3820116429037514,3.5418480452156693,-0.7571747408648261
1,M->N,1787485852.3439817,97.71886420797091,119.62,2.4170035522579507,3.5096833111227514,-0.7256613880722305
1,M->N,1787485852.3569205,97.73180315998616,119.688,2.4312905529360886,3.497143287181658,-0.712431506164159
1,M->N,1787485852.9925652,98.36744860000908,120.028,2.5049589455374544,3.437061841042201,-0.6566459506787385
1,M->N,1787485853.0053003,98.38018265296705,120.096,2.5200660244159674,3.4255045498704884,-0.6476225649177986
1,M->N,1787485853.016131,98.39101299399044,120.164,2.535275002033767,3.4140797320651846,-0.6391325028822141
1,M->N,1787485853.3040807,98.6789636189933,120.368,2.581578971232378,3.380777291051088,-0.5982440508976902
1,M->N,1787485853.6583104,99.03319355996791,120.572,2.629404117256023,3.3497778243353795,-0.5503698113063127
1,M->N,1787485853.6717496,99.04663193796296,120.64,2.6456546802766447,3.339921054935845,-0.5373316994738301
1,M->N,1787485854.1685977,99.54348100197967,120.946,2.720081551833655,3.297655676834584,-0.49813031939834035
1,M->N,1787485854.1823592,99.55724186496809,121.014,2.7368165178490784,3.2885984106766895,-0.49306854148202645
1,M->N,1787485854.1943557,99.56923820101656,121.082,2.7535941488566844,3.2796161578680674,-0.4892602769304925
1,M->N,1787485854.2040246,99.57890709396452,121.15,2.770415741474299,3.2707464836762328,-0.47704886458551576
1,M->N,1787485854.4866302,99.86151261301711,121.354,2.8214685865642575,3.2453270016215363,-0.44707924282621275
1,M->N,1787485854.8462207,100.22110323701054,121.592,2.8818238636086706,3.2171873464988043,-0.42609274542676046
1,M->N,1787485854.859007,100.23388962796889,121.66,2.8991674950698525,3.209347394122787,-0.42217787266164547
1,M->N,1787485855.5606446,100.93552775797434,122.068,3.0037118778262837,3.163429857861432,-0.3892877139139106
1,M->N,1787485855.5727613,100.94764373300131,122.136,3.0213525290886127,3.15629396330062,-0.3787250392135214
1,M->N,1787485855.583693,100.95857552497182,122.204,3.039046763871857,3.149278187632251,-0.3759263610250502
1,M->N,1787485855.593475,100.96835713699693,122.272,3.0567613060816328,3.142298973067269,-0.37459580778578405
1,M->N,1787485856.0778959,101.45277851697756,122.544,3.127678389589748,3.114517460749209,-0.3719651090139536
1,M->N,1787485856.0908027,101.46568506699987,122.612,3.1454154975621353,3.1076060611099767,-0.3709286687581305
1,M->N,1787485856.1019979,101.47687987500103,122.68,3.163158427677704,3.100715414995645,-0.36962018162223986
1,M->N,1787485856.452597,101.82747949898476,122.884,3.2164512479830942,3.0802096500171428,-0.36480062031951377
1,M->N,1787485856.4662206,101.84110279701417,122.952,3.2342412957749636,3.0734067243972536,-0.3664267848572975
1,M->N,1787485856.9593735,102.33425712399185,123.258,3.3141222861354276,3.0423082503514114,-0.3745963265214443
1,M->N,1787485856.9720023,102.34688471700065,123.326,3.3318439352478006,3.03534825617357,-0.37335743800623056
1,M->N,1787485856.9830225,102.35790459101554,123.394,3.3495706503513163,3.028414284001787,-0.3720795766835272
1,M->N,1787485857.6738625,103.04874491301598,123.768,3.4474026172084664,2.99125860609327,-0.34534026015054425
1,M->N,1787485857.6884034,103.06328558601672,123.836,3.465320018776262,2.984881393533069,-0.3362740214334688
1,M->N,1787485857.6994803,103.07436279696412,123.904,3.4832942297716154,2.9786649743784026,-0.32748202752040095
1,M->N,1787485857.7088814,103.083763497998,123.972,3.5013209256703943,2.9726058664641166,-0.3188697063587678
1,M->N,1787485857.7820296,103.15691227896605,124.04,3.5193969549927533,2.9667023381881377,-0.3103324479849429
1,M->N,1787485858.070524,103.44540681201033,124.244,3.573908693958431,2.94991223899146,-0.2851476875809983
1,M->N,1787485858.5670848,103.9419690539944,124.55,3.656431872885222,2.9272879923789463,-0.24790885064534443
1,M->N,1787485858.5793533,103.95423554297304,124.618,3.674882855661126,2.922677612150929,-0.23964717399464427
1,M->N,1787485858.5908172,103.9656994320103,124.686,3.6933716701429957,2.9182183326557554,-0.23166651563777943
1,M->N,1787485859.0784218,104.45330459496472,124.958,3.767643062579222,2.9018327029055775,-0.20042279412621447
1,M->N,1787485859.0916917,104.46657426498132,125.026,3.786288178543817,2.8981019405522197,-0.19243762282871557
1,M->N,1787485859.1026998,104.47758194798371,125.094,3.8049630053520143,2.8945205694178204,-0.1844000595658559
1,M->N,1787485859.2469246,104.62180711701512,125.196,3.8330278505646076,2.889431105197067,-0.17227147209133717
1,M->N,1787485859.4600952,104.83497799298493,125.332,3.87054128233026,2.883174616198177,-0.15606244317074644
1,M->N,1787485859.4720294,104.84691198100336,125.4,3.8893355884390703,2.880274854127811,-0.14799780739953455
1,M->N,1787485860.0312245,105.40610739600379,125.706,3.9741613949016275,2.869071239343682,-0.11287242946998906
1,M->N,1787485860.0445175,105.41940001997864,125.774,3.9930618406414964,2.8669818073547266,-0.10533830517414483
1,M->N,1787485860.1888254,105.56370781298028,125.876,4.021441973314848,2.864113271236328,-0.09426112438223536
1,M->N,1787485860.401998,105.77688101801323,126.012,4.0593296715660445,2.860769621527937,-0.07998438142535204
1,M->N,1787485860.416432,105.7913143520127,126.08,4.078291655026356,2.8592980302136466,-0.0731299266865342
1,M->N,1787485860.7647502,106.13963297300506,126.284,4.135232655174937,2.8556445576178358,-0.0536310225399603
1,M->N,1787485860.777397,106.15227909997338,126.352,4.1542278207124905,2.8546681048945666,-0.04751677349359033
1,M->N,1787485861.0657177,106.44060055701993,126.556,4.211247974545012,2.8524105773062587,-0.030489023541469287
1,M->N,1787485861.1509356,106.52581804199144,126.658,4.239772737598819,2.8516340733279697,-0.02264662078252295
1,M->N,1787485861.304706,106.679588650004,126.794,4.277816855316537,2.850934194994386,-0.01302150408939693
1,M->N,1787485861.4493597,106.82424186199205,126.896,4.306355366558682,2.8506406436347365,-0.006510064049906552
1,M->N,1787485861.6622279,107.03711061598733,127.032,4.344410615469307,2.8505274959840654,0.0015226373068399227
1,M->N,1787485861.6756265,107.05050915200263,127.1,4.363439655215681,2.850583204823056,0.005239707879877179
1,M->N,1787485861.7502797,107.12516223097919,127.168,4.382469379430367,2.850707435785018,0.008660529713705215
1,M->N,1787485862.2446735,107.6195570609998,127.44,4.458587803741175,2.851796281237065,0.020200269639754423
1,M->N,1787485862.2593753,107.63425740500679,127.508,4.477616684607777,2.852198107595832,0.022634896028783102
1,M->N,1787485862.2697794,107.6446615930181,127.576,4.496645349796549,2.8526446560934593,0.024822199958461744
1,M->N,1787485862.829676,108.20455856097396,127.882,4.582272639251675,2.855092096072372,0.03223096373537363
1,M->N,1787485862.8440504,108.21893268701388,127.95,4.601300423528701,2.8557139576129376,0.03338254796283398
1,M->N,1787485862.855371,108.23025343398331,128.018,4.62032778054038,2.8563563894818915,0.03440626145596421
1,M->N,1787485862.8661711,108.24105312098982,128.086,4.639355038839717,2.8570170069991825,0.03525299926995568
1,M->N,1787485863.1450915,108.51997426099842,128.256,4.68692276682844,2.85872924845945,0.036731342886568416
1,M->N,1787485863.370192,108.74507505097426,128.426,4.734491714496516,2.8604911366773593,0.03726305098987582
1,M->N,1787485863.384223,108.75910561799537,128.494,4.753520223146462,2.8612002436008477,0.037263233100814024
1,M->N,1787485863.7393582,109.1142409889726,128.698,4.81060920795803,2.8633152051545396,0.036614839744803694
1,M->N,1787485864.093386,109.46826893597608,128.902,4.8677025183869915,2.8653685279973202,0.035039041534220404
1,M->N,1787485864.1064045,109.48128696199274,128.97,4.886734788431981,2.866030691544096,0.034350324615282625
1,M->N,1787485864.1172647,109.49214674497489,129.038,4.905767766266583,2.8666789341685988,0.0335597230262938
1,M->N,1787485864.472608,109.84749064600328,129.276,4.97239067040692,2.868814014914519,0.030140944120070404
1,M->N,1787485864.6187532,109.9936359479907,129.378,5.000947312266728,2.8696539481349945,0.028410626022132013
1,M->N,1787485864.6329887,110.0078708580113,129.446,5.0199858985436,2.870186110638108,0.027191011630200934
1,M->N,1787485865.1973076,110.57219088700367,129.786,5.1151908273840245,2.872463559603041,0.019961350817675763
1,M->N,1787485865.212562,110.58744461199967,129.854,5.134234582184843,2.87283161540027,0.018239535805528232
1,M->N,1787485865.2235482,110.59843035798986,129.922,5.15327951215934,2.8731658921885175,0.016407201940832273
1,M->N,1787485865.2333333,110.60821552498965,129.99,5.17232559360258,2.8734642237102617,0.014457778896479347
1,M->N,1787485865.9918883,111.3667709089932,130.398,5.286622534022324,2.874356899494629,-0.00040075575351960406
1,M->N,1787485866.005216,111.38009833497927,130.466,5.305675274213982,2.874327037395092,-0.0035872164291817833
1,M->N,1787485866.0193348,111.39421733201016,130.534,5.324728721758464,2.8742344384175396,-0.007036751951159483
1,M->N,1787485866.3068514,111.68173460301477,130.738,5.381890425210366,2.8735291640670457,-0.0190469423774609
1,M->N,1787485866.4557366,111.83061896800064,130.874,5.419996211736,2.8726486810309497,-0.028609759530181827
1,M->N,1787485866.6686478,112.04353034496307,131.01,5.4580957155988035,2.8713802259976324,-0.03960940177369587
1,M->N,1787485866.6836762,112.05855899298331,131.078,5.477141698838328,2.8705831770058134,-0.04567801273348015
1,M->N,1787485867.2416835,112.61656607600162,131.384,5.5627834047728335,2.8654090934862304,-0.07833624861407848
1,M->N,1787485867.2534273,112.6283093559905,131.452,5.581790683267615,2.8638571931939087,-0.0868801085575026
1,M->N,1787485867.2643385,112.63922075997107,131.52,5.6007845101563145,2.862139795176754,-0.09586473596341868
1,M->N,1787485867.2732315,112.64811378798913,131.588,5.619763051886187,2.860248926151421,-0.10528563562787088
1,M->N,1787485868.0356987,113.41058111801976,131.996,5.7320529142468155,2.844985627661589,-0.167300229485618
1,M->N,1787485868.0492847,113.4241669679759,132.064,5.747033749830892,2.8424862639110375,-0.16158638321910176
1,M->N,1787485868.0605123,113.4353944020113,132.132,5.761556553429669,2.8401123256889806,-0.16528519622285498
1,M->N,1787485868.070473,113.4453549690079,132.2,5.7760680957439,2.837635133992758,-0.17633188575979084
1,M->N,1787485868.0796216,113.45450360001996,132.268,5.790551825872193,2.8349910341964906,-0.18829211958060926
1,M->N,1787485868.6387062,114.01358906098176,132.574,5.855275157688154,2.8208379454663715,-0.24662299552050787
1,M->N,1787485868.7834995,114.15838194399839,132.676,5.876650989787758,2.815270834148017,-0.2667122113366546
1,M->N,1787485868.7966816,114.17156424600398,132.744,5.890837803308035,2.811320936782312,-0.2801696026361859
1,M->N,1787485869.2911947,114.66607730899705,133.05,5.958327389511705,2.7896511889081683,-0.34627578514335167
1,M->N,1787485869.3022037,114.6770858039963,133.118,5.971175273904399,2.784951868870716,-0.35813209991496275
1,M->N,1787485869.3115997,114.6864816090092,133.186,5.983875053261039,2.78013659086766,-0.3700743703655577
1,M->N,1787485869.4534588,114.82834117597668,133.288,6.002808718275078,2.772627276588954,-0.3884840123906467
1,M->N,1787485869.8750834,115.24996619101148,133.526,6.047167051137783,2.75349534928608,-0.427279763164935
1,M->N,1787485869.8891242,115.26400650298456,133.594,6.059843644293205,2.7476588408159537,-0.4388183950420944
1,M->N,1787485870.3079844,115.68286674498813,133.832,6.101978580012487,2.7270413951245485,-0.47315183014607776
1,M->N,1787485870.322834,115.69771626900183,133.9,6.113670557980845,2.720999528101812,-0.48358260827493177
1,M->N,1787485870.3345454,115.70942765899235,133.968,6.125958382201937,2.714504220460455,-0.49037054648080236
1,M->N,1787485870.8950326,116.26991517696297,134.274,6.180602061326648,2.68397130224881,-0.5251465940932186
1,M->N,1787485870.909636,116.2845181489829,134.342,6.1923242598359804,2.6771532696538536,-0.5303584988521834
1,M->N,1787485870.9204407,116.29532259498956,134.41,6.2040066442189525,2.6702566911304575,-0.5386154704796977
1,M->N,1787485870.9307387,116.30562081298558,134.478,6.215628937461446,2.6632574232176793,-0.5479703279979253
1,M->N,1787485871.4175074,116.7923902120092,134.75,6.26395898267749,2.6326031442374305,-0.5844710701714915
1,M->N,1787485871.4298508,116.80473317200085,134.818,6.2756889587477005,2.6247904195397433,-0.5921607217930404
1,M->N,1787485871.4404426,116.81532480701571,134.886,6.28786745860595,2.616543964855673,-0.6007806773852583
1,M->N,1787485871.9313848,117.30626743199537,135.158,6.339954046864669,2.579169526736103,-0.6414639826595573
1,M->N,1787485871.9433813,117.31826363498112,135.226,6.355184298751982,2.567700837450373,-0.651916882475264
1,M->N,1787485871.9540129,117.32889513100963,135.294,6.3702879376882615,2.5560613093299343,-0.6638179913157083
1,M->N,1787485872.0961769,117.47105946799275,135.396,6.392677732053679,2.5382649675348032,-0.6817739083409357
1,M->N,1787485872.5201046,117.89498719800031,135.634,6.443712779081304,2.4952901389911073,-0.7186474596694633
1,M->N,1787485872.5319464,117.90682866901625,135.702,6.458010597358712,2.482693933599755,-0.7272036092884274
1,M->N,1787485872.5427158,117.91759797197301,135.77,6.472211033731935,2.469994574924692,-0.7328357462015523
1,M->N,1787485872.8919451,118.26682773500215,135.974,6.5145188337916355,2.431593021972203,-0.7405845787506982
1,M->N,1787485873.177919,118.55280201899586,136.144,6.549597207618836,2.39940040173159,-0.7446738200062205
1,M->N,1787485873.1911664,118.5660489689908,136.212,6.563592176841352,2.386484632298343,-0.7461990694061981
1,M->N,1787485873.2029824,118.57786472298903,136.28,6.577567420131122,2.3735480799498294,-0.7476894880495576
1,M->N,1787485873.8975332,119.27241690299707,136.654,6.654101339666523,2.3020475322185656,-0.7551175157528534
1,M->N,1787485873.910268,119.2851505089784,136.722,6.667962260086914,2.2889886659136307,-0.7563185851653059
1,M->N,1787485873.9207764,119.29565848398488,136.79,6.681807730237016,2.2759130113263755,-0.7574935650892518
1,M->N,1787485873.9306474,119.30552945501404,136.858,6.695637667783179,2.2628211190798284,-0.7586481971068345
1,M->N,1787485874.2851028,119.65998576098355,137.096,6.743924783312542,2.2168795151322107,-0.7625084443000331
1,M->N,1787485874.908922,120.28380501497304,137.436,6.81261688680013,2.1509516082408937,-0.7671540731599046
1,M->N,1787485874.9215055,120.29638772900216,137.504,6.826321586056977,2.1377293078161026,-0.7679525930936775
1,M->N,1787485874.9329739,120.30785599397495,137.572,6.840015176550997,2.1244953462487737,-0.7687282796165174
1,M->N,1787485874.9430828,120.31796488899272,137.64,6.853698740566787,2.1112515984999627,-0.7694871836097122
1,M->N,1787485875.0224614,120.3973440809641,137.742,6.874205139786658,2.091367801452042,-0.7705934719077681
1,M->N,1787485875.3140566,120.68893943796866,137.946,6.915152703412788,2.051537101473656,-0.7726059487219075
1,M->N,1787485875.6725156,121.04739826696459,138.184,6.962832368722963,2.0049722787681183,-0.7745056677731772
1,M->N,1787485875.7486567,121.12353953096317,138.252,6.976440580444301,1.9916511551032154,-0.7749870497535462
1,M->N,1787485875.8295772,121.20446057396475,138.354,6.996841213477455,1.971658096222549,-0.7757046721049558
1,M->N,1787485876.048839,121.42372208699817,138.524,7.030808430340649,1.9383048530542255,-0.7768537661036806
1,M->N,1787485876.0616722,121.43655494996347,138.592,7.044384565954702,1.9249535452687443,-0.77727677432066
1,M->N,1787485876.4145694,121.78945198800648,138.796,7.08507992474838,1.8848692243120886,-0.7783497543974939
1,M->N,1787485876.427789,121.80267201701645,138.864,7.0986368443658705,1.8714984759245894,-0.7786315015640792
1,M->N,1787485876.575442,121.95032520301174,139.0,7.125741747024839,1.844744385444531,-0.7791311671983571
1,M->N,1787485877.0041192,122.37900220201118,139.238,7.173183815940144,1.7979536034553918,-0.7744825019734122
1,M->N,1787485877.2280657,122.60294850799255,139.408,7.207343817592557,1.7648371126970273,-0.7645103018659862
1,M->N,1787485877.240719,122.61560150596779,139.476,7.221098487446797,1.7516837174174458,-0.7609048234865641
1,M->N,1787485877.2513463,122.62622870097402,139.544,7.234899152759108,1.738576715072277,-0.7577144862928467
1,M->N,1787485877.536924,122.91180670098402,139.748,7.276528446724845,1.699485501607375,-0.7502419327354555
1,M->N,1787485877.7562277,123.13111146097071,139.918,7.311408955101081,1.667104335921235,-0.7462285408272284
1,M->N,1787485877.7697237,123.14460611197865,139.986,7.325391932613929,1.6541826169940028,-0.7465938488164278
1,M->N,1787485878.122715,123.49759750097292,140.19,7.3665657953158625,1.614450096556341,-0.7969436130241729
1,M->N,1787485878.269147,123.64402983797481,140.292,7.386324570033145,1.5937471643132333,-0.8235700334135415
1,M->N,1787485878.2823741,123.6572566779796,140.36,7.399197018313217,1.5796669460346409,-0.8395788362351073
1,M->N,1787485878.98416,124.35904239898082,140.768,7.472238364234192,1.4916221826480267,-0.912929308040431
1,M->N,1787485878.99693,124.37181221100036,140.836,7.483836958586094,1.4764997614257596,-0.920960713114132
1,M->N,1787485879.0098708,124.38475315598771,140.904,7.495337402880404,1.461320875518859,-0.9234019726757081
1,M->N,1787485879.020135,124.39501687401207,140.972,7.5068217914665025,1.4461418702050504,-0.9221042710197417
1,M->N,1787485879.3722713,124.74715398496483,141.176,7.541171281217008,1.400478715548088,-0.9412332197614968
1,M->N,1787485879.381897,124.75677898497088,141.244,7.552363161793983,1.3850705850536955,-0.9430177349909059
1,M->N,1787485879.8749597,125.24984278099146,141.55,7.603125321556503,1.3160890244296577,-0.928874261964836
1,M->N,1787485879.8870227,125.261905012012,141.618,7.614529951718125,1.3008468858458018,-0.928023004142007
1,M->N,1787485879.8973553,125.2722373729921,141.686,7.625948560431274,1.285621240651148,-0.9258463989300724
1,M->N,1787485880.318789,125.69367241900181,141.924,7.6657326565498645,1.2321017870530384,-0.9412728554596392
1,M->N,1787485880.3313718,125.70625443401514,141.992,7.676927616639861,1.2166850613394116,-0.9442985598699215
1,M->N,1787485880.341842,125.71672413201304,142.06,7.688083605141319,1.2012469633814225,-0.9457732247814942
1,M->N,1787485880.6278262,126.00270950596314,142.264,7.720850575482164,1.1544034304396456,-0.973848798063799
1,M->N,1787485880.7765849,126.15146744099911,142.4,7.742234033841693,1.1228997058827546,-0.9736262107660847
1,M->N,1787485881.339607,126.71448996698018,142.706,7.790351179870675,1.052007713757541,-0.9736356539855137
1,M->N,1787485881.3523726,126.72725515899947,142.774,7.801045971845571,1.0362457397572875,-0.9765945453292031
1,M->N,1787485881.3631678,126.73804970498895,142.842,7.811702669448256,1.0204641259180023,-0.976508564162234
1,M->N,1787485881.85508,127.2299626559834,143.148,7.858988279376716,0.9489995402331436,-0.9911818736529437
1,M->N,1787485881.8691251,127.24400728696492,143.216,7.869422556677268,0.9330832509026397,-0.9895910880486355
1,M->N,1787485881.879959,127.25484109896934,143.284,7.879890536015244,0.9171896602675219,-0.9861331591570476
1,M->N,1787485882.367741,127.74262382101733,143.556,7.92211741698364,0.853802633450253,-0.9801971346296051
1,M->N,1787485882.3813214,127.75620378996246,143.624,7.9327368212995975,0.8380076687477276,-0.9765056064022855
1,M->N,1787485882.3932338,127.76811593398452,143.692,7.943388146160022,0.8222112666805959,-0.9811989872643572
1,M->N,1787485882.7442508,128.11913349898532,143.896,7.974821431348337,0.7745194529538331,-0.9867022833135678
1,M->N,1787485882.8885357,128.26341854099883,143.998,7.990604308697948,0.7507331640356231,-0.9822073889503602
1,M->N,1787485882.901186,128.27606813801685,144.066,8.001184379963314,0.7349000932090561,-0.9812547614942555
1,M->N,1787485883.741576,129.1164588549873,144.542,8.075898585261339,0.6245036243313512,-0.9774606740586197
1,M->N,1787485883.7536697,129.1285523250117,144.61,8.086366353351075,0.6088383398311102,-0.986955434168293
1,M->N,1787485883.7643874,129.13926968700252,144.678,8.096240066400087,0.5938585921458099,-0.9881493797519157
1,M->N,1787485883.7741165,129.14899874600815,144.746,8.105988806670934,0.5791006920410805,-0.9847428749127636
1,M->N,1787485883.8573246,129.23220719001256,144.848,8.120426742224899,0.5574338698997078,-0.9813986373858932
1,M->N,1787485884.6339536,130.0088362430106,145.29,8.17647077060459,0.4729512774128204,-0.9957675448248177
1,M->N,1787485884.647431,130.0223132050014,145.358,8.184081802365018,0.46120522606741704,-0.995135880360155
1,M->N,1787485884.6591504,130.03403257299215,145.426,8.191750681345946,0.44940934665263815,-0.9935531767877668
1,M->N,1787485884.6693337,130.04421577299945,145.494,8.199062516492885,0.4381454213360072,-0.9971628712715185
1,M->N,1787485884.6786258,130.0535078829853,145.562,8.206288744453628,0.4269624933130057,-0.9961805203948346
1,M->N,1787485885.3072946,130.6821775349672,145.936,8.242248190856621,0.3707005788156522,-1.0102165311842102
1,M->N,1787485885.7374897,131.11237230198458,146.208,8.265409626549122,0.3339572106453477,-1.0123236890925917
1,M->N,1787485885.7496836,131.12456587899942,146.276,8.270710155058497,0.3254386884166271,-1.0159467651241354
1,M->N,1787485885.7641366,131.13901907997206,146.378,8.278538909193973,0.3128345826079926,-1.013233754503535
1,M->N,1787485886.3824644,131.7573471229989,146.718,8.302715168312355,0.27408513004694446,-1.0148885728707548
1,M->N,1787485886.403415,131.77829729398945,146.82,8.309290591812793,0.26339514743194314,-1.0234852474881984
1,M->N,1787485886.6250873,131.99997007497586,147.024,8.321768184914657,0.2429948229999646,-1.0196888145558873
1,M->N,1787485886.9880702,132.36295275500743,147.296,8.33714461630099,0.21796313958619562,-1.0280565055207234
1,M->N,1787485887.4768584,132.8517409840133,147.568,8.35080718872284,0.19533912958556998,-1.0246094246907747
1,M->N,1787485887.501038,132.87592050700914,147.704,8.35720124983632,0.18485145591322785,-1.022783260517073
1,M->N,1787485887.860488,133.23537064896664,147.976,8.368899875225486,0.16530355496734087,-1.0335581850569346
1,M->N,1787485888.2301424,133.60502508399077,148.282,8.380864208992248,0.14528138929372647,-1.0393338571548725
1,M->N,1787485888.3881679,133.76305054698605,148.452,8.386908301494223,0.13500791751478944,-1.0369308948678475
1,M->N,1787485888.606514,133.98139655700652,148.622,8.392986633833411,0.12476128432524647,-1.032899396399877
1,M->N,1787485888.9674919,134.34237455500988,148.894,8.402725901456606,0.10831595906967462,-1.0478883223360629
1,M->N,1787485889.4747448,134.84962812898448,149.234,8.414620020012288,0.08771241778480285,-1.045498522352156
2,N->X,1787485894.6473105,0.0,153.45,8.421676012860127,0.07346768987657543,0.0571647341889117
2,N->X,1787485901.2176292,5.805759319977369,158.686,8.415969477435072,0.08237283766854031,2.1211917925752384
2,N->X,1787485901.5046887,6.09281820198521,158.856,8.40641951284736,0.09682875311632202,2.188704409960285
2,N->X,1787485901.6543784,6.242508182011079,158.992,8.39807523164145,0.10822608260457431,2.221472610131516
2,N->X,1787485901.737092,6.32522149302531,159.094,8.39153496456093,0.11654564340522777,2.2595399595805743
2,N->X,1787485902.1572585,6.745389074028935,159.332,8.373157898662019,0.13706776850680838,2.342667808383931
2,N->X,1787485902.1791008,6.767230477009434,159.434,8.364307242099539,0.1458802668097258,2.379666087046731
2,N->X,1787485902.4683685,7.056498655991163,159.638,8.345249932748716,0.16308093835209111,2.433254065712164
2,N->X,1787485902.8251808,7.4133105329819955,159.876,8.321210741727544,0.18234724734110744,2.503315450457524
2,N->X,1787485902.8433022,7.431431806995533,159.978,8.310240808438225,0.19028383960222553,2.531651210935908
2,N->X,1787485903.328639,7.916768900002353,160.25,8.276982753764454,0.2118497832612777,2.6020183910853474
2,N->X,1787485903.3411992,7.92932864202885,160.318,8.267795839403126,0.2172697606818883,2.6195493150389764
2,N->X,1787485903.3522768,7.940406252979301,160.386,8.258496351250226,0.22254050851499446,2.6365514254336455
2,N->X,1787485903.5693247,8.15745442698244,160.522,8.239313285059897,0.23275470113781513,2.672642758938948
2,N->X,1787485903.5823152,8.170444887015037,160.59,8.229516426130346,0.23763918313887003,2.690481716176813
2,N->X,1787485904.0014625,8.589592602977064,160.828,8.192744478470203,0.25380184416926144,2.7626519632607005
2,N->X,1787485904.01435,8.602479544002563,160.896,8.181621011234379,0.2581464951776814,2.7801978195871913
2,N->X,1787485904.0253263,8.613455555983819,160.964,8.17027535383352,0.2623417380868976,2.800546182348164
2,N->X,1787485904.6542408,9.242370805994142,161.338,8.07346406946686,0.29062089359414056,2.8994334802701585
2,N->X,1787485904.6692462,9.257375956978649,161.406,8.054998310810875,0.2950707350912884,2.9143971619685622
2,N->X,1787485904.6800447,9.268173881981056,161.474,8.036421711026705,0.2992680418114671,2.926693023132409
2,N->X,1787485904.82182,9.40994939400116,161.576,8.008536128914809,0.3050342391483768,2.955932514032882
2,N->X,1787485905.1045253,9.692655622027814,161.746,7.961599178502506,0.31287908481876675,2.994544346391812
2,N->X,1787485905.1861048,9.774234625976533,161.848,7.9333317866025075,0.3168874861255346,3.009079714165037
2,N->X,1787485905.4748755,10.06300534500042,162.052,7.876684422063458,0.32368796800312416,3.039488668852543
2,N->X,1787485905.636341,10.224470781977288,162.188,7.8387988493509555,0.3272078494298785,3.0612622362993194
2,N->X,1787485905.7838042,10.371934069029521,162.29,7.8103410415026095,0.3292906956253889,3.078670188959769
2,N->X,1787485905.7964432,10.384572734998073,162.358,7.791351924625679,0.33039535449568136,3.0912120115146426
2,N->X,1787485905.9482315,10.536361414007843,162.494,7.7533453510373915,0.3318595247417024,3.119205345828315
2,N->X,1787485906.2991092,10.887239150004461,162.698,7.696344143505363,0.3318837768368157,-3.1149778826192662
2,N->X,1787485906.3143492,10.902478730014991,162.766,7.677356676810248,0.33125410666451516,-3.0972884386302515
2,N->X,1787485907.016397,11.604526747018099,163.174,7.563612528085744,0.3218461076709785,-3.0340818707752755
2,N->X,1787485907.031816,11.619945513026323,163.242,7.5447017200768105,0.3197473190785963,-3.0261910940008496
2,N->X,1787485907.0426726,11.630802159023006,163.31,7.525813258275624,0.3174990977914839,-3.017921794712151
2,N->X,1787485907.052265,11.640394249989185,163.378,7.506920670725264,0.315118307806952,-3.013624151593156
2,N->X,1787485907.2640479,11.852177856024355,163.514,7.469237919340876,0.3100649549065435,-3.000017603485385
2,N->X,1787485907.276617,11.864746298990212,163.582,7.450423954201519,0.3073196014303652,-2.9911289948406785
2,N->X,1787485908.1117878,12.699917796009686,164.024,7.341606484577196,0.28873770981806746,-2.9199508390622455
2,N->X,1787485908.1262944,12.714424122998025,164.092,7.3271778824291705,0.28532707407356794,-2.8935199242532406
2,N->X,1787485908.1402197,12.728349292010535,164.16,7.312665028542155,0.2814949524435283,-2.8687072326509235
2,N->X,1787485908.1535013,12.741630679985974,164.228,7.297400785922366,0.27706342019912145,-2.844586257256239
2,N->X,1787485908.165242,12.753371238999534,164.296,7.2819260757327715,0.2721521565282449,-2.8193274593844007
2,N->X,1787485908.517768,13.105897574976552,164.5,7.231517233760863,0.25349036444354295,-2.7512470937697273
2,N->X,1787485908.7329385,13.321068692021072,164.636,7.196643342844053,0.2383744652270064,-2.7108040357820333
2,N->X,1787485908.8176303,13.40575998002896,164.738,7.171527880811209,0.22638203508132046,-2.6753676192216425
2,N->X,1787485909.1780956,13.766225241997745,164.976,7.112887066085949,0.19471088990519517,-2.611324952176703
2,N->X,1787485909.3872957,13.97542557498673,165.112,7.080500886612575,0.17474789724292808,-2.56412450552645
2,N->X,1787485909.4010527,13.989182231016457,165.18,7.06466536685092,0.1642243743230717,-2.5425528757903355
2,N->X,1787485909.5451996,14.133329434029292,165.282,7.041301504785226,0.14783035119811933,-2.514334584155867
2,N->X,1787485909.7612393,14.349369124975055,165.418,7.010920259658586,0.1249981079718574,-2.477732580085376
2,N->X,1787485909.7742844,14.362413985014427,165.486,6.996033799156373,0.11317887439493636,-2.4612191755223702
2,N->X,1787485909.920124,14.50825381197501,165.588,6.974016500151692,0.09499307109396789,-2.4406695638968245
2,N->X,1787485910.0634189,14.65154882799834,165.69,6.952287447293039,0.07644963245314368,-2.4292796500810017
2,N->X,1787485910.2087367,14.796866959019098,165.792,6.930741181151109,0.05768680490772982,-2.4206751975166645
2,N->X,1787485910.3531606,14.941290366987232,165.894,6.909339413566347,0.03875828934363636,-2.4139731079549973
2,N->X,1787485910.5001206,15.088250976987183,165.996,6.888061426237796,0.019707720267999374,-2.4085905375639878
2,N->X,1787485910.7125957,15.30072542198468,166.132,6.859854514366689,-0.005834471908222903,-2.402880658586572
2,N->X,1787485910.725233,15.3133628499927,166.2,6.845805711773157,-0.018658004673323344,-2.4005288416244457
2,N->X,1787485910.7999644,15.388094464025926,166.268,6.831782448733594,-0.03151558432494784,-2.3984500688199644
2,N->X,1787485910.9474645,15.535594542976469,166.37,6.811541977223859,-0.05015874651904734,-2.3963528941281034
2,N->X,1787485911.3000677,15.888197442982346,166.574,6.779708943927316,-0.07941768463639161,-2.4006049014816897
2,N->X,1787485911.3129313,15.901060776028316,166.642,6.7691710186937355,-0.08905823267742163,-2.4005711327708643
2,N->X,1787485911.5994365,16.18756684701657,166.846,6.73768805081188,-0.11806408837506453,-2.392032739888148
2,N->X,1787485911.7483358,16.336465884000063,166.982,6.716894938854551,-0.1375784874128042,-2.383134405288209
2,N->X,1787485912.65375,17.241880093992222,167.458,6.650398207487173,-0.20417661093364003,-2.3130203958396742
2,N->X,1787485912.667766,17.255895477021113,167.526,6.6423046939512,-0.21311117093289791,-2.2987802400076385
2,N->X,1787485912.6815581,17.269687524996698,167.594,6.634375491713511,-0.22210717663660418,-2.286017007373713
2,N->X,1787485912.6914434,17.279572765983175,167.662,6.626705442406454,-0.23108314298363147,-2.266681482761013
2,N->X,1787485912.70077,17.28889915102627,167.73,6.61920131959996,-0.24021322182554888,-2.24966352967413
2,N->X,1787485912.7096164,17.297745804011356,167.798,6.61178957083885,-0.24949749956621084,-2.238835515453888
2,N->X,1787485912.7171564,17.305285473994445,167.866,6.6044790688631005,-0.2588519329195029,-2.228647378060829
2,N->X,1787485913.206663,17.79479337699013,168.172,6.573589607106214,-0.30136238419753536,-2.166414084893519
2,N->X,1787485913.3525496,17.94067990302574,168.274,6.56202855946447,-0.3186641250411795,-2.1525112731998632
2,N->X,1787485913.4985127,18.086642864975147,168.376,6.5505404185453315,-0.33638991068620977,-2.138206008648398
2,N->X,1787485913.7781413,18.366271100996528,168.546,6.531939419634158,-0.3668320382219163,-2.1028585967583755
2,N->X,1787485913.9324827,18.520612468011677,168.682,6.517694130625081,-0.391480435784713,-2.0853267120446
2,N->X,1787485914.008674,18.596803845022805,168.75,6.510820141185436,-0.40381000125460786,-2.0702167189812526
2,N->X,1787485914.159154,18.74728402402252,168.886,6.497716752753087,-0.42886656852558896,-2.036868997594202
2,N->X,1787485914.4400527,19.02818267798284,169.056,6.482135945553756,-0.4606183575830008,-2.0164275083964767
2,N->X,1787485914.7286227,19.316752720973454,169.26,6.464788964602376,-0.4989780226848675,-1.9675104574052529
2,N->X,1787485914.8085027,19.39663221198134,169.362,6.456696702941155,-0.5186856050376122,-1.9537963421973652
2,N->X,1787485915.0962455,19.684375430981163,169.566,6.441421844037934,-0.5582507902075831,-1.9154864584588016
2,N->X,1787485915.1780083,19.76613839599304,169.668,6.434382268444846,-0.5784580875408691,-1.8968640934218473
2,N->X,1787485915.3233469,19.911476954992395,169.77,6.427652842315705,-0.5987372732879978,-1.8841691017243758
2,N->X,1787485915.812732,20.400861483009066,170.042,6.411559069063272,-0.6532867903887205,-1.8255059177058457
2,N->X,1787485915.82298,20.411109075997956,170.11,6.408022100290498,-0.6670965533293559,-1.816623015615552
2,N->X,1787485915.8320189,20.420148201985285,170.178,6.4046164015467,-0.6808975918177719,-1.8075424711641261
2,N->X,1787485915.9759266,20.564056547009386,170.28,6.399796981086345,-0.7015504157079607,-1.7893910944905256
2,N->X,1787485916.1201186,20.708248594019096,170.382,6.395367649898024,-0.7227358446023859,-1.7600093999734667
2,N->X,1787485916.6839044,21.272034346009605,170.688,6.384729693611354,-0.787785351297603,-1.7058990041254878
2,N->X,1787485916.698666,21.28679561597528,170.756,6.3828271733292965,-0.8023351341607525,-1.6934201002791545
2,N->X,1787485916.7098377,21.29796727397479,170.824,6.381081567865725,-0.816923863941251,-1.6848930811814877
2,N->X,1787485916.7198575,21.307986585015897,170.892,6.379441696273843,-0.8315282512686656,-1.6797673947669416
2,N->X,1787485917.204317,21.792447003012057,171.164,6.37459127287149,-0.8899266807847628,-1.632183537964809
2,N->X,1787485917.3546977,21.942827598017175,171.3,6.372917332258728,-0.919246253301195,-1.623065392510636
2,N->X,1787485917.5674183,22.15554839198012,171.436,6.371489994044179,-0.9485712779509273,-1.6148018762706355
2,N->X,1787485917.7144594,22.302588982973248,171.572,6.370310390098369,-0.9778855565112289,-1.606245265425678
2,N->X,1787485917.8585796,22.446709889976773,171.674,6.3695936381263865,-0.9998780361137328,-1.5994083155582854
2,N->X,1787485918.2137864,22.801916086988058,171.878,6.368627521058898,-1.0438900611044877,-1.5847637875370055
2,N->X,1787485918.2268317,22.814961025025696,171.946,6.3684520421180535,-1.058560019849817,-1.5796847423017952
2,N->X,1787485918.3070538,22.895183796994388,172.048,6.368325338665264,-1.0805622920170261,-1.571831851001696
2,N->X,1787485918.4566638,23.04479358898243,172.184,6.368435472045794,-1.1099031646224384,-1.5608402660821856
2,N->X,1787485918.951016,23.53914603497833,172.456,6.369650471338057,-1.1685677197190139,-1.5376796286138872
2,N->X,1787485918.9634256,23.551555561018176,172.524,6.370170454947081,-1.1832231757477154,-1.531724401853354
2,N->X,1787485918.9745116,23.56264097901294,172.592,6.3707751543049715,-1.1978750381746888,-1.5257705499039365
2,N->X,1787485919.1870494,23.775179259013385,172.728,6.372233880524095,-1.227170717916585,-1.5147946688793905
2,N->X,1787485919.1999736,23.788103013008367,172.796,6.373080283134475,-1.2418153306082385,-1.51044173495262
2,N->X,1787485919.3438218,23.931951934995595,172.898,6.374462637200017,-1.2637898552104647,-1.5051565730684415
2,N->X,1787485919.7641306,24.352260262006894,173.136,6.377995232653625,-1.3150556582089339,-1.4995391558378877
2,N->X,1787485919.913475,24.501604876015335,173.272,6.380096006146882,-1.3443256056939807,-1.4980579794308493
2,N->X,1787485919.9910915,24.579221245017834,173.34,6.38116395026585,-1.3589835159483896,-1.4980858467020406
2,N->X,1787485920.3521342,24.940264330012724,173.578,6.384804531377923,-1.4102497630427107,-1.5017205160198133
2,N->X,1787485920.3641324,24.952261849015485,173.646,6.385793180087277,-1.4248985026665972,-1.5057463085587621
2,N->X,1787485920.5128274,25.10095710697351,173.782,6.387629424551739,-1.4541977712393905,-1.5111730788908104
2,N->X,1787485920.936219,25.52434883802198,174.02,6.390404867996672,-1.5055341791715697,-1.5243443501088239
2,N->X,1787485920.948801,25.536930633999873,174.088,6.391054508651695,-1.5202141830441054,-1.5296201151446531
2,N->X,1787485920.9589622,25.547091333020944,174.156,6.391624910967911,-1.5349006436198576,-1.5358746977507625
2,N->X,1787485921.4533858,26.04151567001827,174.462,6.392779166308922,-1.6010416507968084,-1.5769938478526389
2,N->X,1787485921.6038966,26.192026254022494,174.598,6.39226859885943,-1.6304555918040882,-1.6030851066306435
2,N->X,1787485922.993906,27.582035706029274,175.346,6.370650591736838,-1.7957467083004226,-1.8001662737707633
2,N->X,1787485923.006472,27.594601691002026,175.414,6.366188742792936,-1.8143156494799602,-1.8192058887136289
2,N->X,1787485923.0174396,27.60556875600014,175.482,6.361326567406465,-1.8327661911252089,-1.8444109291373005
2,N->X,1787485923.0277236,27.615853019000497,175.55,6.356005219825729,-1.851055533889341,-1.869885535856261
2,N->X,1787485923.0364044,27.624533653026447,175.618,6.350233550570333,-1.8691883461649195,-1.8940435413310066
2,N->X,1787485923.0442486,27.632377606001683,175.686,6.3440423630068965,-1.8871649666566648,-1.916198542542549
2,N->X,1787485923.0513449,27.63947413902497,175.754,6.337867766465147,-1.904037010504695,-1.9306836348242735
2,N->X,1787485923.0577526,27.645881490025204,175.822,6.332682464884079,-1.9176612407691542,-1.9419502257725898
2,N->X,1787485923.0630474,27.65117647399893,175.89,6.327352787939616,-1.9311588774417625,-1.9569052742479434
2,N->X,1787485923.1339328,27.72206284897402,175.958,6.321805777146257,-1.9445333991679274,-1.9763582950192948
2,N->X,1787485923.6958475,28.28397732099984,176.298,6.28548014856136,-2.0204700054385265,-2.0606056081943667
2,N->X,1787485923.9801095,28.568239094980527,176.468,6.267411261208319,-2.0527005954304696,-2.106855572963219
2,N->X,1787485924.057175,28.64530548802577,176.536,6.259850645814155,-2.0652587122970214,-2.1223923586404814
2,N->X,1787485924.2082798,28.79641010100022,176.672,6.240593840391803,-2.095855928107737,-2.143226853345964
2,N->X,1787485924.4912643,29.07939421001356,176.842,6.214902182824523,-2.1342298480395776,-2.182454559049481
2,N->X,1787485924.7856543,29.37378419598099,177.046,6.187355470765621,-2.1719178666082573,-2.225231131594867
2,N->X,1787485924.8663013,29.454431005986407,177.148,6.1774885850624255,-2.184513079418472,-2.25230707626576
2,N->X,1787485925.01917,29.607299988972954,177.284,6.163505806832421,-2.20093915059374,-2.3040043017994
2,N->X,1787485925.1623545,29.750484218995553,177.386,6.151840407288913,-2.213473652477632,-2.341180756863501
2,N->X,1787485925.3757708,29.9639006620273,177.522,6.134649491491167,-2.2305193813118804,-2.379699115406123
2,N->X,1787485925.3896246,29.977754362975247,177.59,6.125339919257581,-2.239259268779196,-2.399654217437954
2,N->X,1787485925.7360835,30.324212999024894,177.794,6.0950098308640985,-2.2653913534825336,-2.4619733336351457
2,N->X,1787485925.7478502,30.335979799972847,177.862,6.084903000747664,-2.2734240872838556,-2.481112721930274
2,N->X,1787485926.4532971,31.041426895011682,178.27,6.009493248229651,-2.3254420192453216,-2.5922281056677927
2,N->X,1787485926.468582,31.056733377976343,178.338,5.993186398720959,-2.335228831976265,-2.6125109478923307
2,N->X,1787485926.482551,31.07068027497735,178.406,5.97667540802119,-2.3447222345328513,-2.6288993411039145
2,N->X,1787485926.4941316,31.0822606710135,178.474,5.960028354490129,-2.3539626726679312,-2.641904760336833
2,N->X,1787485926.844533,31.43266275001224,178.678,5.912267005105358,-2.379034825279566,-2.6793303221942617
2,N->X,1787485926.8590467,31.447176287998445,178.746,5.901393843226443,-2.3843467748489253,-2.697437361429555
2,N->X,1787485927.0092266,31.59735625499161,178.882,5.878886748175551,-2.394594522273338,-2.732599266495042
2,N->X,1787485927.1541717,31.742301740974654,178.984,5.8610411425618585,-2.4020733029922465,-2.7590820705779153
2,N->X,1787485927.2293367,31.817466860986315,179.052,5.848728612858591,-2.4069007622227465,-2.7796104470178853
2,N->X,1787485927.447761,32.0358913000091,179.222,5.814748568676882,-2.418640131653679,-2.8370792392902615
2,N->X,1787485927.4609663,32.04909583297558,179.29,5.8002232885012965,-2.423095989272521,-2.8528179416330257
2,N->X,1787485927.7445974,32.33272736199433,179.46,5.761009924456691,-2.433860803600343,-2.897756986785782
2,N->X,1787485927.9666436,32.55477326497203,179.63,5.715734866390388,-2.4440180579914528,-2.9431338913974066
2,N->X,1787485927.9789832,32.567112696997356,179.698,5.697072335155215,-2.447710853051273,-2.9494843288790853
2,N->X,1787485928.3973112,32.98544112202944,179.936,5.631612634057633,-2.4602990064841075,-2.9528562100009506
2,N->X,1787485928.5518377,33.13996756001143,180.072,5.594181808296571,-2.4674099160735046,-2.955060444848152
2,N->X,1787485928.764113,33.35224283800926,180.208,5.5567212277370865,-2.474499307946026,-2.955413907041686
2,N->X,1787485928.7773912,33.36552053998457,180.276,5.538022850837967,-2.47802086872166,-2.954607798282824
2,N->X,1787485928.852793,33.44092324801022,180.344,5.519258994570092,-2.481581057450533,-2.9537592521040876
2,N->X,1787485929.139749,33.72787913697539,180.548,5.462972390307412,-2.491688758619317,-2.976573448833947
2,N->X,1787485929.4266307,34.01476025697775,180.752,5.4064615590117855,-2.500355243432482,-3.0048764118271825
2,N->X,1787485929.5073066,34.095436192001216,180.854,5.378136878356263,-2.504075360313013,-3.018145955144354
2,N->X,1787485929.6603253,34.248454895976465,180.99,5.340292581776624,-2.5085176322447524,-3.0325428437513544
2,N->X,1787485929.8041468,34.392276854021475,181.092,5.31186338737064,-2.5114997232873657,-3.042825918110442
2,N->X,1787485929.9504879,34.53861795802368,181.194,5.283400384614704,-2.514191289126164,-3.053179951386874
2,N->X,1787485930.0951705,34.68330109101953,181.296,5.254920570635826,-2.5165874862211437,-3.0637185398442823
2,N->X,1787485930.5886161,35.176746119977906,181.568,5.178971186188433,-2.5219850841393376,-3.0747081167017942
2,N->X,1787485930.6038857,35.19201517797774,181.636,5.15996928942592,-2.52324671002058,-3.0759008825864194
2,N->X,1787485930.6154878,35.20361731701996,181.704,5.140966218795754,-2.5244862977574387,-3.0771381005349476
2,N->X,1787485930.6258895,35.214018999016844,181.772,5.121960222564432,-2.525703630488872,-3.078444319883994
2,N->X,1787485930.9729004,35.561030370998196,181.976,5.064916097264139,-2.5291907209099684,-3.082985875104922
2,N->X,1787485931.1140928,35.702222490974236,182.078,5.036402038914622,-2.5308322638413383,-3.085673187790951
2,N->X,1787485931.128865,35.71699470601743,182.146,5.017394568434915,-2.5318800739136167,-3.0875941898435
2,N->X,1787485931.3491006,35.93723041302292,182.316,4.969850315814507,-2.5343375157161643,-3.0928096067552096
2,N->X,1787485931.3624046,35.95053429302061,182.384,4.9508251523995,-2.5352492195207006,-3.0950491139671095
2,N->X,1787485931.8533723,36.44150283100316,182.656,4.874691887616647,-2.5384514961697286,-3.1046873238086246
2,N->X,1787485931.8667579,36.45488720497815,182.724,4.855653095136541,-2.539133735766351,-3.1072191429786207
2,N->X,1787485931.8790956,36.46722496999428,182.792,4.836620098092511,-2.5397693922309195,-3.109796417631951
2,N->X,1787485932.2957876,36.88391755102202,183.03,4.769998798140599,-2.541598461814211,-3.1190728853888485
2,N->X,1787485932.3103595,36.898488918028306,183.098,4.750954455534473,-2.5420090270725506,-3.121765405761637
2,N->X,1787485932.3849652,36.973095376975834,183.166,4.731910216879011,-2.5423671982448646,-3.12443346218128
2,N->X,1787485932.8129785,37.40110794297652,183.438,4.655708231839811,-2.5432956305265204,-3.13494071995695
2,N->X,1787485933.031617,37.619746865995694,183.608,4.6081016238473325,-2.5434731704323896,-3.1412702260253758
2,N->X,1787485933.0471122,37.635241899988614,183.676,4.589061022271578,-2.543462915203004,3.1394646015989967
2,N->X,1787485933.329536,37.91766582999844,183.846,4.541444137542355,-2.543230830947348,3.133551551277919
2,N->X,1787485933.4117434,37.99987384601263,183.948,4.512874222609069,-2.5429628998494653,3.130237736100186
2,N->X,1787485933.561206,38.14933580200886,184.084,4.474774764099597,-2.542457138356948,3.126006920456269
2,N->X,1787485933.7084398,38.29656949802302,184.186,4.446200033602983,-2.5419775258692856,3.1230532627281353
2,N->X,1787485933.8535266,38.44165618397528,184.288,4.417639670826701,-2.5414146759891585,3.1203444068737527
2,N->X,1787485934.066262,38.654391765012406,184.424,4.379570833874772,-2.540548782634012,3.1169927485742313
2,N->X,1787485934.0798535,38.66798307199497,184.492,4.360532618653405,-2.5400704979875535,3.1154360258595055
2,N->X,1787485934.6364374,39.22456735098967,184.798,4.2748547962448775,-2.537582576595006,3.1096820367662827
2,N->X,1787485934.6506727,39.23880217701662,184.866,4.255813226687138,-2.536966444566641,3.1087089717497274
2,N->X,1787485934.6618063,39.24993573402753,184.934,4.2367748758457155,-2.536333774822239,3.107860208331533
2,N->X,1787485934.9467914,39.534921549027786,185.138,4.179690273284973,-2.5343544108498235,3.105955935231275
2,N->X,1787485935.095662,39.683791460993234,185.274,4.141630558265304,-2.5329845363575565,3.105101427413577
2,N->X,1787485935.2374525,39.82558261899976,185.376,4.113082786091069,-2.531936749618472,3.1047649858621407
2,N->X,1787485935.380787,39.96891668997705,185.478,4.084534103635496,-2.5308830936307167,3.104666454650091
2,N->X,1787485935.5258155,40.113945531018544,185.58,4.0559803206612735,-2.529831697655175,3.1047298963731853
2,N->X,1787485935.5378551,40.12598455202533,185.648,4.0369449412395495,-2.529129808249609,3.1049155322494877
2,N->X,1787485936.1057873,40.69391740602441,185.988,3.941810844949559,-2.5257220211868643,3.107059107783089
2,N->X,1787485936.120404,40.708534086996224,186.056,3.9227792926678315,-2.5250696756029636,3.107704645271544
2,N->X,1787485936.1995761,40.78770581498975,186.158,3.8942310395944597,-2.5241165768973044,3.10883309345161
2,N->X,1787485936.6972868,41.28541732602753,186.464,3.80856925405201,-2.521472342967873,3.1130810425558417
2,N->X,1787485936.7108378,41.29896741302218,186.532,3.789541277898059,-2.5209361466600657,3.114206796194712
2,N->X,1787485936.722351,41.31048067100346,186.6,3.7705145176455876,-2.52042438000166,3.1153889532177392
2,N->X,1787485936.7322226,41.32035180501407,186.668,3.751484547230719,-2.5199365195809467,3.116616535577702
2,N->X,1787485937.2142282,41.80235807201825,186.94,3.6753403109739087,-2.5182239348180375,3.1220993335032987
2,N->X,1787485937.3623822,41.95051201997558,187.076,3.6372562041948506,-2.5175308257885214,3.125186842255608
2,N->X,1787485937.92434,42.51246950897621,187.382,3.551598934156759,-2.516446079231697,3.133460739646057
2,N->X,1787485937.941946,42.530081302975304,187.45,3.5325607467409204,-2.5163046021514637,3.1351342392805504
2,N->X,1787485937.9560723,42.544201874989085,187.518,3.513519831494619,-2.5161934490005513,3.1366293815090835
2,N->X,1787485937.9658697,42.55399904499063,187.586,3.4944790605265665,-2.516107675822359,3.1380442687615653
2,N->X,1787485938.3141038,42.90223386202706,187.79,3.437349898637174,-2.5160134029191656,-3.1410523374021717
2,N->X,1787485938.3286982,42.91682809998747,187.858,3.4183036507594937,-2.516032237718722,-3.1396762337827253
2,N->X,1787485938.6902685,43.27839859301457,188.096,3.3516803842231346,-2.516317055988726,-3.13445466519158
2,N->X,1787485938.7047813,43.2929110910045,188.164,3.3326460382741425,-2.5164633632824,-3.132724908789573
2,N->X,1787485939.7594106,44.34754085598979,188.742,3.1708107303140314,-2.518803821180679,-3.122500945037011
2,N->X,1787485939.777391,44.36552108597243,188.81,3.1517879041455776,-2.5191831347031233,-3.12024345181462
2,N->X,1787485939.7922328,44.380362418014556,188.878,3.1327646997253016,-2.51960949022757,-3.117250482222958
2,N->X,1787485939.8052554,44.39338499301812,188.946,3.1137459652342914,-2.52010128763991,-3.112652843355166
2,N->X,1787485939.8166423,44.40477167698555,189.014,3.094730773697187,-2.520693664768382,-3.106398231242892
2,N->X,1787485939.826429,44.4145582789788,189.082,3.0756727152435634,-2.521410525016946,-3.1015072858574078
2,N->X,1787485939.835042,44.42317116999766,189.15,3.056592653857681,-2.522158189221028,-3.1039696583196226
2,N->X,1787485940.3921945,44.98032437602524,189.49,2.9618866697883495,-2.5290131202473947,-3.0166749754399858
2,N->X,1787485940.5398622,45.12799204402836,189.592,2.9336938390736007,-2.5329806059531417,-2.9809329907215667
2,N->X,1787485940.6851542,45.27328425802989,189.694,2.905651753014932,-2.537987000019544,-2.942640467443387
2,N->X,1787485940.7607877,45.348917456984054,189.762,2.8870575771518383,-2.541933886506428,-2.916748937945809
2,N->X,1787485940.9114578,45.4995880809729,189.898,2.8502034448056794,-2.5512017569977297,-2.8687522064725184
2,N->X,1787485941.0572379,45.645367886987515,190.0,2.822860244695858,-2.5592847210102545,-2.834208858153642
2,N->X,1787485941.4095523,45.99768219399266,190.204,2.769020598690539,-2.5781688852648603,-2.7705829274224048
2,N->X,1787485941.4249723,46.01310226100031,190.272,2.7513239987617126,-2.5852404042491814,-2.748736150403625
2,N->X,1787485941.569844,46.15797364799073,190.374,2.7250512399849565,-2.5963959752808288,-2.7294103417601048
2,N->X,1787485942.1284146,46.71654455800308,190.68,2.648241834196506,-2.6339678540355806,-2.6369508729153757
2,N->X,1787485942.1449163,46.7330459660152,190.748,2.631634422281564,-2.6433124485963284,-2.618362195772808
2,N->X,1787485942.1570776,46.74520687898621,190.816,2.615257610879579,-2.652934902109969,-2.5982900107361497
2,N->X,1787485942.167361,46.755490500014275,190.884,2.5990883276782553,-2.662905339420209,-2.5757110618573216
2,N->X,1787485942.7229815,47.31111130397767,191.19,2.528353674982652,-2.7111764817063153,-2.5047147267311565
2,N->X,1787485942.7356558,47.32378539198544,191.258,2.5131506839833606,-2.7226028054723455,-2.486661719112374
2,N->X,1787485942.817526,47.405655703973025,191.36,2.4907302427392515,-2.740232961410506,-2.4614071946833023
2,N->X,1787485942.965802,47.553932239010464,191.496,2.4614973376814806,-2.7645592206093474,-2.43263988000653
2,N->X,1787485943.1084414,47.696571761975065,191.598,2.4399827746664173,-2.7833147211794276,-2.415225605512629
2,N->X,1787485943.2525403,47.84067063301336,191.7,2.418753037993264,-2.8024267059419503,-2.4014688350178033
2,N->X,1787485943.3273623,47.91549256601138,191.768,2.4047174328228893,-2.8153168414844285,-2.3957307887913446
2,N->X,1787485943.4033554,47.991485162987374,191.836,2.3907411309684687,-2.8282716560252856,-2.3920990670119906
2,N->X,1787485943.5540183,48.14214831002755,191.972,2.36290333284485,-2.8542884928314924,-2.388325337771775
2,N->X,1787485943.8394368,48.427566538972314,192.142,2.3282255559450977,-2.886880284661407,-2.386293189252573
2,N->X,1787485943.9916618,48.579791657975875,192.278,2.300528645554229,-2.912989873230816,-2.3853248678669483
2,N->X,1787485944.1335607,48.721690290025435,192.38,2.2797580874890686,-2.932596910926774,-2.3846639852127365
2,N->X,1787485944.2106767,48.79880650702398,192.448,2.26591313331288,-2.9456814300527485,-2.3842175070919978
2,N->X,1787485944.3584592,48.94658912398154,192.584,2.238225803872563,-2.971877373813704,-2.3845871608506872
2,N->X,1787485944.6413789,49.229508407006506,192.754,2.2035052376199826,-3.0044894951399477,-2.3914420355848898
2,N->X,1787485944.7987885,49.38691860099789,192.89,2.1755836631489593,-3.0303709930863514,-2.397214742463965
2,N->X,1787485945.083227,49.671356828999706,193.06,2.140496370817532,-3.062516390677011,-2.40274864724373
2,N->X,1787485945.1653101,49.75344021100318,193.162,2.119358043819708,-3.081735190782861,-2.4048891334920177
2,N->X,1787485945.3141558,49.90228500397643,193.298,2.091111909228738,-3.107312603464129,-2.4065904302768852
2,N->X,1787485945.4565399,50.0446698939777,193.4,2.069908763628263,-3.126472208869927,-2.407199847314564
2,N->X,1787485945.532592,50.120722553983796,193.468,2.055772169898486,-3.139233784594031,-2.407282410002619
2,N->X,1787485945.8201232,50.408252926019486,193.638,2.020460432288666,-3.1711263373506133,-2.4067531159057376
2,N->X,1787485945.8979216,50.486050766019616,193.74,1.9992878484537102,-3.190270846840674,-2.4060691118468145
2,N->X,1787485946.1810577,50.76918738998938,193.944,1.956963226498178,-3.2286445698275155,-2.4041246668604273
2,N->X,1787485946.7479405,51.33607067697449,194.284,1.8865728099745906,-3.292809871141747,-2.402633922038862
2,N->X,1787485946.7603636,51.34849339298671,194.352,1.87248877628323,-3.3056180921180993,-2.404955817531727
2,N->X,1787485946.7710028,51.3591323029832,194.42,1.8583774186363735,-3.3183902688902456,-2.4076314747901773
2,N->X,1787485946.77999,51.36811930197291,194.488,1.8442305545416458,-3.331126166456069,-2.410315083341172
2,N->X,1787485947.410091,51.99822074198164,194.828,1.7730336865864742,-3.3943913888118002,-2.4188132920376617
2,N->X,1787485947.423156,52.01128548599081,194.896,1.7587438541011025,-3.4069867418622435,-2.4194216717938652
2,N->X,1787485947.4338691,52.021998498006724,194.964,1.7444534986534364,-3.4195725025733417,-2.419745850632158
2,N->X,1787485947.718686,52.30681611201726,195.168,1.7016739963685923,-3.457345821879023,-2.412252508557522
2,N->X,1787485947.8649962,52.453126271022484,195.27,1.6804570695466448,-3.476442792820397,-2.4047903198920637
2,N->X,1787485948.0117264,52.59985635598423,195.372,1.6593600857842234,-3.495697565765061,-2.3985691988275386
2,N->X,1787485948.159317,52.747447117988486,195.474,1.6383624317832484,-3.5150788349695445,-2.393442285901945
2,N->X,1787485948.3032768,52.891407151008025,195.576,1.61745761256182,-3.534563842990479,-2.389204695506571
2,N->X,1787485948.5168731,53.10500345798209,195.712,1.58970706100558,-3.5606566765434087,-2.3845999395641266
2,N->X,1787485948.530289,53.11841842997819,195.78,1.575882203708771,-3.573741125339259,-2.38265938283974
2,N->X,1787485948.8097267,53.39785632700659,195.95,1.5414195271776385,-3.6065520716678052,-2.379931219513978
2,N->X,1787485948.9601429,53.548272754007485,196.086,1.5138129398836406,-3.632802550659239,-2.383794206260299
2,N->X,1787485949.3107593,53.89888909802539,196.29,1.472150342366938,-3.671946409840683,-2.391240973218967
2,N->X,1787485949.3234346,53.911563945002854,196.358,1.45820428025594,-3.684927920386435,-2.393270306894109
2,N->X,1787485949.611574,54.19970375299454,196.562,1.416261744833064,-3.723701328874722,-2.3974681034967213
2,N->X,1787485949.7609572,54.34908729500603,196.698,1.3883451416801809,-3.7495346337133437,-2.386852222647385
2,N->X,1787485949.9063594,54.49448936898261,196.8,1.3676488018411508,-3.769227602724422,-2.3754976475577765
2,N->X,1787485949.9196074,54.50773694599047,196.868,1.3539425596600372,-3.7824609704649337,-2.3718497309623277
2,N->X,1787485950.0618517,54.649981417984236,196.97,1.3334661876723508,-3.8023809832372866,-2.3677818008029043
2,N->X,1787485950.483652,55.071782121027354,197.208,1.288580442607673,-3.8471180290867246,-2.3401335014618376
2,N->X,1787485950.496622,55.08475159399677,197.276,1.2787006449309268,-3.857435368015642,-2.327631302093345
2,N->X,1787485950.5709233,55.15905359201133,197.344,1.268936073328596,-3.8678530599737306,-2.3193747505814506
2,N->X,1787485950.7209349,55.309065042005386,197.48,1.2496740891356417,-3.88886206738985,-2.304137114855025
2,N->X,1787485951.0079584,55.59608839300927,197.65,1.2260961276249405,-3.9156239435845848,-2.2803709004328607
2,N->X,1787485951.16561,55.75373972801026,197.786,1.207783916445867,-3.937417498082576,-2.257195953120475
2,N->X,1787485951.5867333,56.17486326198559,198.024,1.1772810310420376,-3.9769406859935814,-2.204391428907604
2,N->X,1787485951.6004374,56.188567416975275,198.092,1.1689139326616693,-3.988425249983377,-2.195460789175372
2,N->X,1787485951.6122603,56.20038979500532,198.16,1.1606867662267153,-3.9999399034450196,-2.1851851886683007
2,N->X,1787485951.691472,56.27960205002455,198.262,1.1489848244395564,-4.016818875352024,-2.164249996725122
2,N->X,1787485951.9897995,56.57792952802265,198.466,1.1271623401157924,-4.0507801624799376,-2.1244229311170644
2,N->X,1787485952.5573215,57.14545201999135,198.806,1.1040206346325214,-4.0907875318854865,-2.0556476467824756
2,N->X,1787485952.575388,57.1635172580136,198.908,1.097710406295407,-4.102942012624755,-2.0426990250887296
2,N->X,1787485952.9363968,57.5245266900165,199.18,1.0817527552645936,-4.136352547875718,-1.9837393754588117
2,N->X,1787485953.427317,58.015447005978785,199.452,1.0637940046783219,-4.179971932914926,-1.9328793667075348
2,N->X,1787485953.4403882,58.02851767401444,199.52,1.0592048711358164,-4.1923683646182415,-1.91196216238479
2,N->X,1787485953.4514794,58.03960926301079,199.588,1.0548542647002361,-4.205007365090799,-1.887225348474778
2,N->X,1787485953.4618356,58.049964750010986,199.656,1.0506957831735084,-4.218069792614959,-1.8677881886724415
2,N->X,1787485953.7511833,58.33931297197705,199.86,1.0390050523526317,-4.259468652991784,-1.817911916358183
2,N->X,1787485954.0386834,58.62681305099977,200.064,1.0290938468800477,-4.304489609863166,-1.7586007938811459
2,N->X,1787485954.2573462,58.845475881011225,200.234,1.022116335670064,-4.345570830088761,-1.7124505525387532
2,N->X,1787485954.6145663,59.20269622298656,200.472,1.018181367920715,-4.38492002857863,-1.6203058841274693
2,N->X,1787485954.829597,59.4177264230093,200.608,1.01749972012468,-4.405671792726252,-1.5828144540383136
2,N->X,1787485954.8407106,59.42884004599182,200.676,1.0174463261511195,-4.416282844873944,-1.56359365710352
2,N->X,1787485954.913859,59.501988412986975,200.744,1.017603811542372,-4.427089411850582,-1.5434322886620837
2,N->X,1787485955.0648274,59.65295714099193,200.88,1.0186407023383663,-4.449452235834274,-1.4996629667027785
2,N->X,1787485955.2086043,59.79673451097915,200.982,1.0200698179681298,-4.466148814725726,-1.463793958995202
2,N->X,1787485955.3528247,59.940954269026406,201.084,1.0223385452688092,-4.4846160368555905,-1.427776377037969
2,N->X,1787485955.5664968,60.15462675597519,201.22,1.027077469638054,-4.512748534657599,-1.3770514446027355
2,N->X,1787485955.5793145,60.167443775979336,201.288,1.030538081828351,-4.529525321890047,-1.3516532921388238
2,N->X,1787485956.0024674,60.59059721598169,201.526,1.0471788584388042,-4.592496015017855,-1.2694761147623654
2,N->X,1787485956.01562,60.60374968202086,201.594,1.0529876933017543,-4.610661433210862,-1.2488681913104804
2,N->X,1787485956.0265656,60.614695139986,201.662,1.0591068858550141,-4.6286860760657085,-1.235742867548664
2,N->X,1787485956.4516094,61.039739260973874,201.934,1.0863203800600063,-4.699666467898898,-1.1715392396189959
2,N->X,1787485956.8802922,61.4684218110051,202.206,1.1166580057527997,-4.767404192924176,-1.1052721201376838
2,N->X,1787485956.8939934,61.48212294600671,202.274,1.1252181511226158,-4.783952428669374,-1.0755723482443698
2,N->X,1787485956.9047027,61.492832389019895,202.342,1.1344526083541757,-4.800588566572077,-1.0472521266175197
2,N->X,1787485957.331386,61.91951633099234,202.614,1.175120061978106,-4.865021433697661,-0.975657280264043
2,N->X,1787485957.34331,61.93143963202601,202.682,1.1858966316761783,-4.880680138409331,-0.9556142157600223
2,N->X,1787485957.8312502,62.41938035399653,202.954,1.2319167313778898,-4.940697496085565,-0.8795505108730332
2,N->X,1787485957.8445902,62.43271951802308,203.022,1.2441225220336976,-4.955230914448351,-0.8600915151174934
2,N->X,1787485957.8565934,62.44472339597996,203.09,1.2566596529208036,-4.9695135696005135,-0.8357457891348337
2,N->X,1787485958.0704744,62.658605138014536,203.226,1.2827890452027215,-4.997219532985266,-0.7909595364250667
2,N->X,1787485958.0829175,62.671046897012275,203.294,1.2962512932699033,-5.010626241615629,-0.7718584039312252
2,N->X,1787485958.5032103,63.091341608029325,203.532,1.3452860018432802,-5.055716065628767,-0.7136659486235111
2,N->X,1787485958.5171013,63.105230869026855,203.6,1.3597465877191501,-5.068078157987544,-0.6980967000960212
2,N->X,1787485958.8006966,63.388826925016474,203.77,1.3966693572429316,-5.09805327821981,-0.6638880432360669
2,N->X,1787485958.944264,63.53239399101585,203.872,1.4192937511631514,-5.115448064304858,-0.6448415970949327
2,N->X,1787485959.021751,63.60988111898769,203.94,1.4345574937742045,-5.126814268812415,-0.6332937727511085
2,N->X,1787485959.1031053,63.69123508298071,204.042,1.4576862410193603,-5.143548796553657,-0.6178326028366001
2,N->X,1787485959.5314283,64.11955869902158,204.314,1.520512893848851,-5.186668465443982,-0.587810457939987
2,N->X,1787485959.5449502,64.13307969801826,204.382,1.536358230301524,-5.197178167145897,-0.5815663239996978
2,N->X,1787485959.964775,64.55290483601857,204.62,1.5926574284033477,-5.232727122830026,-0.5404496899644106
2,N->X,1787485959.978738,64.56686768902,204.688,1.6090418387890053,-5.24244883070652,-0.5291179559560448
2,N->X,1787485959.9904733,64.57860283501213,204.756,1.625496527494275,-5.251971799302314,-0.5178501254398978
2,N->X,1787485960.4857612,65.07389115402475,205.062,1.7001830013039847,-5.294017250780371,-0.5173294948750222
2,N->X,1787485960.497659,65.08578847302124,205.13,1.716704092708273,-5.303423615431228,-0.5179784724711565
2,N->X,1787485960.509973,65.09810238401406,205.198,1.7332262976784332,-5.312822009477324,-0.5160767965011098
2,N->X,1787485960.929749,65.51787913398584,205.436,1.7912452074715552,-5.345478846238202,-0.5060514337689181
2,N->X,1787485960.9429157,65.53104494098807,205.504,1.80792772455638,-5.3546376588537,-0.4964921109356851
2,N->X,1787485960.9542685,65.54239770601271,205.572,1.8246986921165944,-5.3636691622007815,-0.49153884412906285
2,N->X,1787485961.0963182,65.6844479930005,205.674,1.8499056518398858,-5.377164536825796,-0.4947652291335643
2,N->X,1787485961.5868628,66.17499264597427,205.946,1.9163008593013269,-5.414491964263939,-0.5292294835674292
2,N->X,1787485961.5993593,66.18748882197542,206.014,1.9327021755123113,-5.4241363824274185,-0.534665749564186
2,N->X,1787485961.6106737,66.1988030099892,206.082,1.9490521406923407,-5.43383519967822,-0.5361264591422401
2,N->X,1787485961.962928,66.55105798202567,206.286,1.9981913522853736,-5.462919340564125,-0.5323975592080925
2,N->X,1787485961.9769986,66.56512822699733,206.354,2.014549089717647,-5.472513479608239,-0.5257837922093767
2,N->X,1787485962.472083,67.06021282402799,206.66,2.0893207764345725,-5.514392498682388,-0.5083324833561965
2,N->X,1787485962.484862,67.072992004978,206.728,2.105966728922267,-5.523668799775849,-0.5093906747289231
2,N->X,1787485962.4956474,67.0837768180063,206.796,2.1225757919583637,-5.532964479606592,-0.5111380478173132
2,N->X,1787485962.7772915,67.365421488008,206.966,2.164088569244321,-5.556221685140513,-0.5072565503013038
2,N->X,1787485962.861565,67.44969565601787,207.068,2.1891370903076983,-5.569945231414688,-0.49465714861941334
2,N->X,1787485963.2165668,67.80469781800639,207.272,2.239494576853572,-5.596893455522957,-0.4884791009015456
2,N->X,1787485963.428439,68.01656884001568,207.408,2.2731453666427615,-5.614658086393229,-0.4817048412813521
2,N->X,1787485963.4419012,68.03003106598044,207.476,2.290009928359809,-5.623446303872273,-0.47773976071606716
2,N->X,1787485963.5157075,68.10383749299217,207.544,2.3069546075962046,-5.632164085000946,-0.4723311984694401
2,N->X,1787485963.805433,68.39356302900705,207.748,2.3580351342283663,-5.657576635144574,-0.4443418390933035
2,N->X,1787485964.0246346,68.61276442499366,207.918,2.4011327881077373,-5.677823679956875,-0.43550782859851744
2,N->X,1787485964.0372384,68.62536771397572,207.986,2.418379618364581,-5.685813746898985,-0.43146956719249696
2,N->X,1787485964.458663,69.0467926869751,208.224,2.4790880025862787,-5.712982191715057,-0.4070918012035175
2,N->X,1787485964.4716504,69.05978016601875,208.292,2.4965870490124935,-5.720408427885558,-0.39171347596222533
2,N->X,1787485964.895215,69.48334547097329,208.53,2.5584745985475923,-5.74544456174727,-0.39883198053408553
2,N->X,1787485964.91331,69.50143991300138,208.598,2.575971748824172,-5.752937358813853,-0.41422004471686164
2,N->X,1787485964.9280288,69.51615858002333,208.666,2.593377873174258,-5.760687228743964,-0.42677478917505607
2,N->X,1787485965.0045552,69.59268476901343,208.768,2.6192910398205944,-5.772672733450037,-0.44164851647500164
2,N->X,1787485966.8690076,71.45713837601943,209.822,2.8839773316432913,-5.902939421689199,-0.4386623768448286
2,N->X,1787485966.8821568,71.47028619097546,209.89,2.901222211278953,-5.911007524398167,-0.4366535416971007
2,N->X,1787485966.8933773,71.48150668601738,209.958,2.9184591167511194,-5.919035421006056,-0.4347904046624058
2,N->X,1787485966.9041722,71.49230172799435,210.026,2.9357462274074084,-5.927043418224756,-0.43312078440993
2,N->X,1787485966.912862,71.50099163502455,210.094,2.952997030100715,-5.934993783337705,-0.42995422537209116
2,N->X,1787485966.9214249,71.50955391302705,210.162,2.9702693357546064,-5.9428939277728245,-0.42716142057202927
2,N->X,1787485966.9281874,71.51631648099283,210.23,2.9876194110006997,-5.950738498238684,-0.4216889983899552
2,N->X,1787485966.9352286,71.5233580559725,210.298,3.005017234707663,-5.95854701866289,-0.42421384735455836
2,N->X,1787485966.941578,71.52970684802858,210.366,3.0223768448215136,-5.966447751732524,-0.43283106616060285
2,N->X,1787485966.9474633,71.53559228999075,210.434,3.039644515503676,-5.974504137556128,-0.4430339131732716
2,N->X,1787485967.5114353,72.09956544201123,210.774,3.1249625049955796,-6.016571505796151,-0.46746795703258415
2,N->X,1787485967.7952063,72.38333638600307,210.944,3.167491313737042,-6.037774816932163,-0.4546345232340408
2,N->X,1787485968.0149412,72.60307089198614,211.114,3.210275990710439,-6.05867326166938,-0.45535371442530115
2,N->X,1787485968.0293,72.61742965498706,211.182,3.2273689896953437,-6.067051581262832,-0.45616305454572764
2,N->X,1787485968.3812296,72.969359160983,211.386,3.278663932980279,-6.092112319446342,-0.4509405939955396
2,N->X,1787485968.6728535,73.26098332402762,211.556,3.3217174648531724,-6.112401602078339,-0.4309971469969332
2,N->X,1787485968.684393,73.27252273500198,211.624,3.3390194041304317,-6.120337504375588,-0.4287583403300427
2,N->X,1787485968.695134,73.28326323797228,211.692,3.356325567367483,-6.128219231137913,-0.4250366408528612
2,N->X,1787485969.0467923,73.6349224250298,211.896,3.4084654614522494,-6.151385807769896,-0.4086814964509392
2,N->X,1787485969.0595505,73.6476803009864,211.964,3.4259758063739607,-6.158901149119844,-0.401617677167914
2,N->X,1787485969.417291,74.00542108499212,212.202,3.4875027026051484,-6.1843788412911795,-0.37463398997300745
2,N->X,1787485969.4306211,74.01875089202076,212.27,3.5052594101913264,-6.191319692706626,-0.37066116873301763
2,N->X,1787485969.781349,74.36947897000937,212.474,3.5584930733923326,-6.211808899845598,-0.3620779572121795
2,N->X,1787485969.7948124,74.38294196501374,212.542,3.576274779028107,-6.218492525943139,-0.3555750405616165
2,N->X,1787485970.2875211,74.87565135298064,212.848,3.6569164614704093,-6.247062777428248,-0.31411855112723625
2,N->X,1787485970.3024616,74.89059142000042,212.916,3.6750592015343315,-6.252862600488502,-0.3030639045906655
2,N->X,1787485970.3152704,74.90339972998481,212.984,3.693263785049091,-6.258503315520506,-0.2971206187581652
2,N->X,1787485970.8752642,75.46339423401514,213.29,3.775384673605284,-6.282389546810579,-0.26464712385164296
2,N->X,1787485970.8878858,75.47601533000125,213.358,3.7937809107042497,-6.28729528001234,-0.2550142727278889
2,N->X,1787485970.898863,75.48699265497271,213.426,3.8121683604173913,-6.2920313825901335,-0.24639704467154538
2,N->X,1787485970.9084573,75.49658661900321,213.494,3.8306298559699874,-6.296554718538339,-0.22943608864953904
2,N->X,1787485971.1869094,75.77503928897204,213.664,3.8771499416365653,-6.306693618163781,-0.20198590573817382
2,N->X,1787485972.0234644,76.61159429099644,214.14,4.008181993004648,-6.330428257468439,-0.15325887096580346
2,N->X,1787485972.036249,76.6243783130194,214.208,4.02700351017214,-6.333292208927616,-0.14751630810730154
2,N->X,1787485972.0484054,76.63653483201051,214.276,4.045801269300276,-6.336040307845694,-0.14015898923200493
2,N->X,1787485972.0599408,76.64807059697341,214.344,4.064640211216082,-6.338596763436513,-0.12521404336120068
2,N->X,1787485972.1392858,76.72741600801237,214.446,4.0929975186957,-6.341926176762147,-0.1072166072526928
2,N->X,1787485972.6372879,77.22541782498593,214.752,4.178278830909409,-6.349889618291038,-0.07960012107032756
2,N->X,1787485972.7889454,77.3770757530001,214.888,4.215148501459186,-6.352657450244645,-0.06864528648886034
2,N->X,1787485972.8030963,77.39122619497357,214.956,4.230153685365567,-6.353654102615334,-0.0623841174630711
2,N->X,1787485972.9522202,77.54034981399309,215.092,4.25947688936864,-6.355350315500139,-0.05249980708097644
2,N->X,1787485973.4433548,78.03148473799229,215.364,4.318139645736681,-6.3580056319834775,-0.037359452506682995
2,N->X,1787485973.4560037,78.04413290199591,215.432,4.332811031882444,-6.3585341998551534,-0.03369917351597771
2,N->X,1787485973.4672055,78.05533482297324,215.5,4.347483869652961,-6.359008823435803,-0.030011680545391474
2,N->X,1787485974.0245404,78.61267054401105,215.806,4.413516826009605,-6.360473563988736,-0.013428694124192465
2,N->X,1787485974.0373738,78.6255032059853,215.874,4.4281969817630475,-6.360650806250004,-0.009776895109078544
2,N->X,1787485974.0493011,78.6374306009966,215.942,4.442879328325704,-6.360774240411864,-0.006100982845587978
2,N->X,1787485974.6117778,79.1999076110078,216.282,4.516280673761927,-6.360598030939249,0.011627909060855483
2,N->X,1787485974.6241574,79.21228700800566,216.35,4.530961293293582,-6.360409023934572,0.014984062516671035
2,N->X,1787485974.6348243,79.22295367898187,216.418,4.545642261324155,-6.360171307332687,0.018280410442584626
2,N->X,1787485974.6442344,79.23236399202142,216.486,4.560321596918851,-6.359885537476003,0.021534580215911207
2,N->X,1787485975.4112873,79.99941699398914,216.894,4.648361672177785,-6.357197032964885,0.03994467383253139
2,N->X,1787485975.4246342,80.01276379299816,216.962,4.6630340829077035,-6.356595067109699,0.04273904106471589
2,N->X,1787485975.4366124,80.02474193798844,217.03,4.677702472273917,-6.355953650511665,0.045438230665556884
2,N->X,1787485975.4469745,80.03510402102256,217.098,4.692366505959892,-6.3552730906262775,0.04803731412812813
2,N->X,1787485975.7272437,80.31537374400068,217.268,4.729021339863669,-6.35341001326998,0.05407682648169298
2,N->X,1787485976.006718,80.59484803699888,217.438,4.765677296117789,-6.351338793616783,0.059340828419489566
2,N->X,1787485976.3678257,80.95595608401345,217.676,4.8180336784649995,-6.3480641630443895,0.06656948046926338
2,N->X,1787485976.380676,80.96880569099449,217.744,4.836844719903513,-6.3467739967408825,0.07180797183840645
2,N->X,1787485976.4613307,81.04946055699838,217.846,4.865332738703991,-6.344689493938048,0.0742614154324055
2,N->X,1787485976.751404,81.33953454502625,218.05,4.922298601427662,-6.340398233259656,0.07591008704042654
2,N->X,1787485976.9033747,81.49150446301792,218.186,4.960280477220716,-6.337509485802215,0.07583084989276828
2,N->X,1787485977.0474732,81.63560336700175,218.288,4.988767370297264,-6.335353950756021,0.07532870240044746
2,N->X,1787485977.3299153,81.91804600798059,218.458,5.03624360405739,-6.331807833768513,0.07355116920778501
2,N->X,1787485977.4099193,81.99804902897449,218.56,5.064741684646308,-6.329727374814553,0.0719777677920263
2,N->X,1787485977.5638962,82.15202589897672,218.696,5.102740721234769,-6.327031807781148,0.06931173797044074
2,N->X,1787485977.7095504,82.2976805989747,218.798,5.131240517585238,-6.325081739508436,0.06692608037687718
2,N->X,1787485977.9264352,82.51456477097236,218.934,5.169258275711777,-6.322597289991276,0.06327920333714751
2,N->X,1787485978.0069113,82.59504116000608,219.036,5.197776620374766,-6.320827333290618,0.06023816369847817
2,N->X,1787485978.6375132,83.22564328502631,219.41,5.302389518141294,-6.315142299659863,0.047440605345692374
2,N->X,1787485978.648674,83.2368031279766,219.478,5.321415478957942,-6.314258386565175,0.04487015353711093
2,N->X,1787485978.6583865,83.24651578598423,219.546,5.340443973475325,-6.313425048246427,0.04222585557348073
2,N->X,1787485978.946739,83.53486913599772,219.75,5.397551732891716,-6.3112262592736155,0.03402528978216693
2,N->X,1787485979.098029,83.68615859199781,219.886,5.435624435260142,-6.310024465071524,0.02855451511237269
2,N->X,1787485979.51785,84.10597993497504,220.124,5.502281381995866,-6.308418909816457,0.01897865703886012
2,N->X,1787485979.530663,84.11879267002223,220.192,5.521326061209742,-6.308078267050366,0.016266275835110304
2,N->X,1787485979.54222,84.13034938200144,220.26,5.540370331953369,-6.30778724604846,0.013563744580226298
2,N->X,1787485979.6211383,84.20926819602028,220.362,5.568941438825376,-6.3074472163532675,0.009536062268096869
2,N->X,1787485979.7718318,84.35996194300242,220.498,5.607041210659818,-6.307172913672627,0.004341892989780283
2,N->X,1787485980.4695454,85.05767543998081,220.872,5.7118085735413695,-6.307398839529755,-0.008968953471589686
2,N->X,1787485980.4824705,85.07059988001129,220.94,5.730858287654448,-6.307585863210578,-0.011168424827253092
2,N->X,1787485980.493168,85.08129758900031,221.008,5.7499050740464615,-6.307815352963485,-0.013322588866352786
2,N->X,1787485980.5032558,85.09138504200382,221.076,5.7689557706563885,-6.308081854672047,-0.015424604566921544
2,N->X,1787485980.64142,85.22954901098274,221.178,5.797534698968196,-6.308558553481066,-0.018433809910954654
2,N->X,1787485980.781953,85.37008274300024,221.28,5.826110102013082,-6.309120393362657,-0.0211730114305767
2,N->X,1787485981.0632913,85.65142145002028,221.45,5.8737423838429255,-6.310183259937845,-0.025237559292705214
2,N->X,1787485981.147202,85.73533178702928,221.552,5.902326222353852,-6.310940887050602,-0.027406371641912262
2,N->X,1787485981.3691647,85.95729460002622,221.722,5.9499622403497385,-6.3123142033016935,-0.030655667413364996
2,N->X,1787485981.381622,85.96975148300407,221.79,5.969021718179183,-6.312882652108159,-0.03182238578086357
2,N->X,1787485982.2142227,86.80235252802959,222.232,6.0928251280667665,-6.316826678764083,-0.03691630004619496
2,N->X,1787485982.2269156,86.81504508602666,222.3,6.111809956323026,-6.31762427569469,-0.037028720360960846
2,N->X,1787485982.2389894,86.82711866102181,222.368,6.130833981436265,-6.318625790912463,-0.03707581408492632
2,N->X,1787485982.2492826,86.83741223299876,222.436,6.149876305997813,-6.3192664950218855,-0.03704559953603073
2,N->X,1787485982.3266702,86.91479973198147,222.538,6.178365473654665,-6.320002751849641,-0.03688124585308327
2,N->X,1787485982.960899,87.54902877798304,222.912,6.282860577279516,-6.323744832737128,-0.0341372038037779
2,N->X,1787485982.9737444,87.56187378201867,222.98,6.300819747709664,-6.324346462134542,-0.034251365752571164
2,N->X,1787485983.0480685,87.63619836099679,223.048,6.314250936356597,-6.3248146897161925,-0.03887321667013029
2,N->X,1787485983.1987488,87.78687885700492,223.184,6.327142111458828,-6.325372697274521,-0.05341607452818328
2,N->X,1787485993.1163085,97.70443783298833,231.004,6.323895623211963,-6.336304375087234,-2.0259943367075626
2,N->X,1787485994.6761122,99.26424150000094,232.296,6.318995369950883,-6.3453911534035345,-2.0958681921032523
2,N->X,1787485995.0264318,99.61456159397494,232.5,6.310810939989091,-6.358797586534238,-2.153947819845338
2,N->X,1787485995.7924352,100.38056492002215,232.908,6.291507279975938,-6.384812304726434,-2.2569133319454173
2,N->X,1787485995.8171008,100.40523010102334,233.044,6.284338830106835,-6.393244253183272,-2.2987530986032674
2,N->X,1787485995.836616,100.4247451290139,233.18,6.276738230437542,-6.401474803632366,-2.3385406560961366
2,N->X,1787485996.7548285,101.34295860200655,233.758,6.239533834313701,-6.434413066099883,-2.4921272955288023
2,N->X,1787485996.7785196,101.36664919299074,233.894,6.229694419541709,-6.441671614500377,-2.521105961552974
2,N->X,1787485996.9370556,101.52518527000211,234.098,6.214366092515839,-6.45219551828545,-2.55906151844282
2,N->X,1787485997.3508866,101.93901659199037,234.336,6.196142225671582,-6.463764440543971,-2.5903715359665114
2,N->X,1787485997.7108548,102.29898444202263,234.574,6.176885820287941,-6.47505213038424,-2.6351615828130486
2,N->X,1787485998.0044043,102.59253416699357,234.846,6.1538134919437235,-6.487086390292567,-2.6909354269684167
2,N->X,1787485998.2262826,102.8144123069942,235.016,6.138852966774712,-6.493917847704106,-2.733143385123809
2,N->X,1787485998.3843882,102.97251780697843,235.186,6.124484322154193,-6.499901542145692,-2.761507242763493
2,N->X,1787485998.6004283,103.18855821999023,235.322,6.112728480517411,-6.5044327796046195,-2.7868602211037925
2,N->X,1787485998.8279815,103.41611144598573,235.526,6.094536405310869,-6.510764587652241,-2.8336932760203752
2,N->X,1787485999.1919174,103.78004694601987,235.798,6.068909087323203,-6.5180790097327455,-2.888755283207231
2,N->X,1787486000.1007445,104.68887441797415,236.274,6.014768536188213,-6.5291742483609365,-2.986271007477903
2,N->X,1787486000.119837,104.70796635502484,236.376,6.001941643743933,-6.5310662290600945,-3.0064347432178
2,N->X,1787486000.1356132,104.72374269698048,236.478,5.988839465910937,-6.532745085844927,-3.0238762687218546
2,N->X,1787486000.1493332,104.73746267298702,236.58,5.975680244382258,-6.534205789167636,-3.040402851183785
2,N->X,1787486000.1611297,104.7492587530287,236.682,5.9624952845319505,-6.535450802582816,-3.056927466648113
2,N->X,1787486000.2401583,104.8282879429753,236.784,5.949291145720341,-6.536477287836464,-3.0737327051755243
2,N->X,1787486000.8014677,105.38959739200072,237.09,5.908800137634783,-6.538210660527295,-3.127644729662175
2,N->X,1787486001.0148642,105.60299408598803,237.226,5.885283860232182,-6.538119736568247,3.1145875857860137
2,N->X,1787486001.0281265,105.61625609901967,237.294,5.873527632876539,-6.5377218023792985,3.0962073185337724
2,N->X,1787486001.310186,105.89831564499764,237.464,5.844168843500955,-6.5358197186617195,3.05324375808083
2,N->X,1787486001.461333,106.04946265602484,237.6,5.820749444881149,-6.533402993144717,3.0196753830445333
2,N->X,1787486001.6788077,106.26693773502484,237.736,5.797438164388987,-6.530219212800164,2.987935762336877
2,N->X,1787486001.760363,106.3484929749975,237.838,5.780033288613529,-6.527369559162409,2.966841840965927
2,N->X,1787486002.0646796,106.65280961897224,238.042,5.7454109823644695,-6.520637959409693,2.9294551203853145
2,N->X,1787486002.1474624,106.73559215001296,238.144,5.728217829333488,-6.5168305932820045,2.9146831235207937
2,N->X,1787486002.2982588,106.88638864201494,238.28,5.705378951146186,-6.511352901298128,2.89598676127933
2,N->X,1787486002.6537151,107.24184503499418,238.484,5.6712985007976355,-6.502534943982216,2.884161397428283
2,N->X,1787486002.6672938,107.25542310997844,238.552,5.659926004439827,-6.4995139897346474,2.8768477517746436
2,N->X,1787486002.8859031,107.47403292602394,238.722,5.630306364567297,-6.491214157566271,2.858800410232429
2,N->X,1787486002.8993697,107.48749972501537,238.79,5.617653298337913,-6.487504110347741,2.852304465750921
2,N->X,1787486003.5227005,108.11082977202022,239.13,5.554624097904901,-6.468198689571063,2.8457141721015278
2,N->X,1787486003.5294871,108.11761603399646,239.198,5.541988143478756,-6.464357405405562,2.846437832995855
2,N->X,1787486003.536092,108.12422126397723,239.266,5.529347856087798,-6.46049921180587,2.8423514210085905
2,N->X,1787486004.094607,108.68273714499082,239.606,5.465185406598942,-6.440051978466882,2.8267937285691898
2,N->X,1787486004.1080642,108.69619449198944,239.674,5.45121409622745,-6.435520208732461,2.8294024580337886
2,N->X,1787486004.3188708,108.90700060402742,239.81,5.423247050393303,-6.426435867054725,2.822789916857792
2,N->X,1787486004.3356001,108.92372980399523,239.878,5.409303590355071,-6.421816116258134,2.8197330505970926
2,N->X,1787486004.3465629,108.93469218700193,239.946,5.395355471742818,-6.4171541143602795,2.8169924930931898
2,N->X,1787486004.6328197,109.22094980702968,240.15,5.353626888718769,-6.403082991164474,2.816551423029952
2,N->X,1787486004.7834587,109.37158881302457,240.286,5.324809065215663,-6.393420338525386,2.8260597010402955
2,N->X,1787486004.9986072,109.58673718897626,240.422,5.288720918740512,-6.382033215119709,2.844602529804562
2,N->X,1787486005.0117307,109.59986026101978,240.49,5.270490279565364,-6.3764724338296475,2.846069198626071
2,N->X,1787486005.2923715,109.88050119602121,240.66,5.22492777565699,-6.362894220613648,2.863520071280202
2,N->X,1787486005.3792539,109.967383678013,240.762,5.197439589362679,-6.355227805900229,2.879534733048474
2,N->X,1787486005.528764,110.11689420498442,240.898,5.160549699023534,-6.345768746684982,2.9091800616083963
2,N->X,1787486005.9522338,110.54036337701837,241.136,5.095531508233243,-6.331809396386259,2.946246737127036
2,N->X,1787486005.9662037,110.55433360702591,241.204,5.076886094141052,-6.328175453084079,2.953814524632116
2,N->X,1787486005.9776592,110.56578858598368,241.272,5.058158851320168,-6.324684080021834,2.963155201630646
2,N->X,1787486006.4726026,111.06073297100374,241.544,4.983084286834332,-6.312411380515525,2.998647243892873
2,N->X,1787486006.4860506,111.07418024097569,241.612,4.963934445234914,-6.309770485364441,3.0153111052970187
2,N->X,1787486006.497864,111.08599365997361,241.68,4.94495429735913,-6.307479969577273,3.030860964207965
2,N->X,1787486006.7105036,111.29863400000613,241.816,4.907014052651691,-6.303573668583258,3.0469195250608085
2,N->X,1787486006.7237117,111.31184123002458,241.884,4.888059391693884,-6.301806040329581,3.051058202623319
2,N->X,1787486007.0737064,111.66183645301498,242.088,4.831161541466498,-6.296805811854443,3.0559454810637896
2,N->X,1787486007.2193706,111.80750089598587,242.19,4.8027013889954935,-6.294372630898175,3.056711678982635
2,N->X,1787486007.3636239,111.95175375801045,242.292,4.774233129050017,-6.291948365341867,3.056034894895414
2,N->X,1787486007.376119,111.96424823999405,242.36,4.7552538602833,-6.290314296413764,3.0548958171571723
2,N->X,1787486008.080303,112.66843267902732,242.768,4.6413982009629295,-6.280787008485728,3.06112689263932
2,N->X,1787486008.0900273,112.67815657798201,242.836,4.622417717736854,-6.279261014131144,3.0615263176008565
2,N->X,1787486008.0992765,112.68740578199504,242.904,4.603433258498421,-6.277735636557821,3.061152888023754
2,N->X,1787486008.11049,112.69861929898616,242.972,4.584448411117897,-6.276198826971434,3.060225592358188
2,N->X,1787486008.248163,112.83629303699126,243.074,4.555968259550776,-6.2738527030206335,3.057712516271938
2,N->X,1787486008.7362309,113.32436066301307,243.346,4.480071362652547,-6.267118329948001,3.046882231314628
2,N->X,1787486008.7491727,113.33730210200883,243.414,4.461101305865666,-6.265322308639953,3.048917485915428
2,N->X,1787486008.7611325,113.34926212899154,243.482,4.442148739270304,-6.263586150160313,3.0523705476127616
2,N->X,1787486009.5966227,114.18475272500655,243.924,4.318792146543091,-6.253256069890952,3.059713262339447
2,N->X,1787486009.6137958,114.20192573597888,243.992,4.299810965950571,-6.251694615810817,3.059104272057159
2,N->X,1787486009.6264653,114.21459460398182,244.06,4.280832911929596,-6.250116735174305,3.057851981650066
2,N->X,1787486009.637604,114.22573370602913,244.128,4.261855954946362,-6.248513585291625,3.0560241007453346
2,N->X,1787486009.647566,114.23569511401001,244.196,4.2428815248909775,-6.246868617482937,3.0534480279790923
2,N->X,1787486009.7214346,114.30956457502907,244.264,4.223906231618862,-6.245170678933635,3.050163706398807
2,N->X,1787486009.8745022,114.46263214899227,244.4,4.185960923106317,-6.24181164128056,3.0573563458371225
2,N->X,1787486010.3625715,114.95070153201232,244.672,4.109974884615466,-6.235618213835038,3.060353050172133
2,N->X,1787486010.7166233,115.30475300102262,244.876,4.052938377196827,-6.230856844272317,3.053703072508266
2,N->X,1787486010.7294972,115.31762671400793,244.944,4.033937919176588,-6.229133222174469,3.050288098205212
2,N->X,1787486010.740192,115.32832157297526,245.012,4.0149334593381685,-6.22736777457308,3.0466212188359716
2,N->X,1787486010.7512257,115.3393548509921,245.08,3.995934981544182,-6.225525645916996,3.0428289667701485
2,N->X,1787486010.8979886,115.48611814202741,245.182,3.967569044633141,-6.222655151967539,3.040319562992052
2,N->X,1787486011.319588,115.90771775902249,245.42,3.9011848607810924,-6.216730696790613,3.0747116456803307
2,N->X,1787486011.3319929,115.92012232600246,245.488,3.8822372549834285,-6.21550167607473,3.07937679370289
2,N->X,1787486011.4769964,116.06512614997337,245.59,3.8536574821532277,-6.213784830135807,3.0790132865431246
2,N->X,1787486011.5529726,116.14110248000361,245.658,3.8345903247763604,-6.212569072558355,3.077412784340552
2,N->X,1787486011.7037258,116.2918553390191,245.794,3.7965462532251704,-6.210385260740405,3.072465702860395
2,N->X,1787486011.9887977,116.57692750002025,245.964,3.7490811740717596,-6.206539143788231,3.0633077821814263
2,N->X,1787486012.1527035,116.74083390098531,246.1,3.711076020107701,-6.203755536132123,3.0525481928746565
2,N->X,1787486012.3608942,116.94902349298354,246.236,3.673437128611119,-6.199970278911355,3.045899124598194
2,N->X,1787486012.5779734,117.16610294498969,246.406,3.62599285325465,-6.195579854413237,3.0396065626491797
2,N->X,1787486012.5915308,117.17966035497375,246.474,3.6070992877858603,-6.193622558858332,3.034551393501843
2,N->X,1787486013.4308453,118.01897524198284,246.916,3.4844711379950306,-6.176899532492735,2.9643363477988887
2,N->X,1787486013.4442604,118.03238973900443,246.984,3.465785970580331,-6.1734399874613946,2.948615673365096
2,N->X,1787486013.4565754,118.04470505099744,247.052,3.4471091387692736,-6.169530703915714,2.9317821907159805
2,N->X,1787486013.4673374,118.05546678998508,247.12,3.4285377857947634,-6.165277543813049,2.9250364808010283
2,N->X,1787486013.477099,118.06522838200908,247.188,3.409786110537813,-6.1615365033588425,2.9292596076216393
2,N->X,1787486013.48692,118.07504942297237,247.256,3.3910213944269794,-6.157516452584115,2.9308618278193945
2,N->X,1787486013.8342676,118.42239791201428,247.494,3.3263324369088525,-6.1427597718942275,2.8947677638537903
2,N->X,1787486014.1895814,118.77771131298505,247.698,3.27153285673877,-6.127838454193074,2.853182457259095
2,N->X,1787486014.265182,118.85331196401967,247.766,3.25342732702281,-6.122375182938678,2.841019275796358
2,N->X,1787486015.0414414,119.62957199499942,248.208,3.1365535270858476,-6.081059431216798,2.7446219115502486
2,N->X,1787486015.0547547,119.64288447797298,248.276,3.119112621619556,-6.073569083961211,2.723308219511836
2,N->X,1787486015.0655398,119.65366931102471,248.344,3.101805884850174,-6.065732390388241,2.702715788407981
2,N->X,1787486015.0750349,119.66316448402358,248.412,3.084655376538313,-6.057534080163577,2.6844571244595987
2,N->X,1787486015.0842154,119.67234478902537,248.48,3.0676498027983032,-6.049020343858075,2.6664571753398674
2,N->X,1787486015.0922558,119.68038510699989,248.548,3.0507845034355667,-6.0402155071980035,2.650045616105437
2,N->X,1787486015.5830975,120.1712269380223,248.854,2.977130689079091,-5.9971805848243225,2.5746907934849745
2,N->X,1787486015.9402735,120.528403231001,249.092,2.921527740745671,-5.960577623232858,2.543608843838916
2,N->X,1787486015.9537365,120.54186617099913,249.16,2.9055511830582867,-5.949699211258212,2.5453682587639133
2,N->X,1787486016.8003187,121.38844901201082,249.636,2.797610090167002,-5.873399575291845,2.500261327067981
2,N->X,1787486016.8138962,121.40202562697232,249.704,2.782529596058151,-5.8620590086372015,2.4925988836520654
2,N->X,1787486016.8258767,121.41400646499824,249.772,2.7675419996470167,-5.850604646206445,2.4849704695594883
2,N->X,1787486016.835878,121.42400723899482,249.84,2.7526282644252156,-5.839056570759885,2.4777192773524996
2,N->X,1787486016.844246,121.43237523402786,249.908,2.7378257902295955,-5.82738280605109,2.4696978825450833
2,N->X,1787486016.8524969,121.44062608899549,249.976,2.72310919270732,-5.815583844016453,2.460651572165048
2,N->X,1787486017.4132283,122.0013589640148,250.282,2.6576148934123727,-5.760499065603341,2.425501202930497
2,N->X,1787486018.6632218,123.2513512520236,250.928,2.525074445213841,-5.637122893334584,2.3675497399571004
2,N->X,1787486018.6761148,123.2642440960044,250.996,2.5116568360852836,-5.6240407213623795,2.3656320543153737
2,N->X,1787486018.6875997,123.27572887897259,251.064,2.498308958754752,-5.610909129897114,2.367688173144187
2,N->X,1787486018.6981876,123.28631725098239,251.132,2.4845118426931934,-5.5974407216871285,2.367721425940812
2,N->X,1787486018.702977,123.29110640997533,251.166,2.4771804500888024,-5.590189724671848,2.366713386225457
2,N->X,1787486018.7118714,123.30000084498897,251.234,2.463436395826719,-5.576706023141591,2.3600801372965563
2,N->X,1787486018.720309,123.30843826697674,251.302,2.450014980286677,-5.563354900454488,2.3539250960587497
2,N->X,1787486018.7272499,123.31537906901212,251.37,2.436483524503897,-5.5496986816904785,2.352342632910827
2,N->X,1787486018.7338252,123.32195433898596,251.438,2.423200826435543,-5.536284834934598,2.3533333840720014
2,N->X,1787486018.8792977,123.46742753899889,251.574,2.395931134866409,-5.508940618175216,2.3563691994178093
2,N->X,1787486019.4434044,124.03153444797499,251.88,2.3351086170030366,-5.447845621224256,2.349364943206644
2,N->X,1787486019.730474,124.31860391702503,252.05,2.301143075400042,-5.413404550416151,2.3512467472093803
2,N->X,1787486019.7433324,124.33146192901768,252.118,2.2877111345647227,-5.399874093157323,2.3499752346069753
2,N->X,1787486019.7550166,124.34314603701932,252.186,2.2744799059878904,-5.386508504205023,2.352517450952086
2,N->X,1787486020.3891237,124.97725314600393,252.526,2.207672397771297,-5.318464921356395,2.3473516770622065
2,N->X,1787486020.3978536,124.98598295997363,252.594,2.1945758743205177,-5.305187063054921,2.3537545659482153
2,N->X,1787486020.4057503,124.99387952202233,252.662,2.1807983866251655,-5.291354842092549,2.3596068925079523
2,N->X,1787486020.550275,125.1384053400252,252.798,2.1535564804268845,-5.264581887118731,2.3668399764953607
2,N->X,1787486020.76324,125.35137036000378,252.934,2.126342309243485,-5.238107270233761,2.3757357026904664
2,N->X,1787486020.7701485,125.35827908897772,252.968,2.1191190236209465,-5.231099199848781,2.3775246568610484
2,N->X,1787486021.126817,125.71494704700308,253.172,2.07798335022022,-5.191916583434999,2.38674799221918
2,N->X,1787486021.2036328,125.79176275897771,253.24,2.063902744617666,-5.178705451212681,2.388154642733369
2,N->X,1787486021.4237368,126.01186667999718,253.41,2.0294759673492524,-5.146275839711237,2.383791575735688
2,N->X,1787486021.4371035,126.02523318800377,253.478,2.0157834120268956,-5.1333261953286415,2.386757118253758
2,N->X,1787486021.7212505,126.30938070698176,253.648,1.9813434324788117,-5.10094515077162,2.384874552950212
2,N->X,1787486021.872589,126.46071905299323,253.784,1.9535436345556099,-5.074498817383893,2.380279330855845
2,N->X,1787486021.948451,126.53658126300434,253.852,1.9398724690547344,-5.061510550413522,2.3778483609931955
2,N->X,1787486022.3774972,126.96562671399442,254.124,1.884436819396803,-5.0077832293337305,2.357775571870854
2,N->X,1787486022.3903255,126.97845535702072,254.192,1.8709107287876998,-4.994251415712135,2.3515668068240934
2,N->X,1787486022.465438,127.05356785102049,254.26,1.8577024127031851,-4.980865549000036,2.351094567422481
2,N->X,1787486022.6144192,127.20254971802933,254.396,1.8310152090683922,-4.954012413284672,2.3564725570447593
2,N->X,1787486022.7594466,127.34757634898415,254.498,1.8106542652954198,-4.933635167689417,2.354266330668087
2,N->X,1787486022.9058785,127.49400845600758,254.6,1.790546125639114,-4.9133824415585075,2.350104001409922
2,N->X,1787486023.2593055,127.84743593400344,254.804,1.7503665773232777,-4.8728265569126465,2.352753736014337
2,N->X,1787486023.2662065,127.85433614102658,254.838,1.743295844365838,-4.865659861950141,2.3523083805585507
2,N->X,1787486023.3480766,127.936206510989,254.94,1.7232742158465173,-4.84535916223948,2.3428089376133063
2,N->X,1787486023.8421073,128.4302374140243,255.246,1.6630908324859122,-4.783191426260338,2.3414767692331817
2,N->X,1787486023.8553424,128.44347182498313,255.314,1.64947078540554,-4.769185082166591,2.3412176814034793
2,N->X,1787486023.867147,128.45527645398397,255.382,1.6360973217466697,-4.755424286285411,2.340344610397808
2,N->X,1787486024.2183304,128.80646013701335,255.586,1.5967576671936412,-4.715366006584551,2.3605686108853607
2,N->X,1787486024.22923,128.81735933502205,255.654,1.5831410700557185,-4.701942071176144,2.367515153087861
2,N->X,1787486025.2085881,129.79671877698274,256.198,1.4732551034022763,-4.597103303766867,2.3915931682712634
2,N->X,1787486025.228019,129.81614869000623,256.266,1.4593041424582027,-4.584079814129694,2.3945249766562524
2,N->X,1787486025.2418451,129.8299746820121,256.334,1.445339371231287,-4.571156914549998,2.3906415210567933
2,N->X,1787486025.2518694,129.8399985129945,256.402,1.4315604571887495,-4.558275845214921,2.386452772563595
2,N->X,1787486025.2599301,129.84805936698103,256.47,1.4177473266677103,-4.5451760602359235,2.3835603649887114
2,N->X,1787486025.2670162,129.85514532699017,256.538,1.404089883811699,-4.532265822331561,2.378141266350331
2,N->X,1787486025.7574165,130.34554693702376,256.844,1.3508964459791022,-4.48092861903188,2.3645562867351586
2,N->X,1787486026.0490987,130.63722881302238,257.048,1.3211792562674383,-4.451328702250902,2.352870370615987
2,N->X,1787486026.8945093,131.48263890302042,257.524,1.2521248445164117,-4.378312373701275,2.2839640934615177
2,N->X,1787486026.9078157,131.49594523297856,257.592,1.2430478644788654,-4.36771052459099,2.2704658017859165
2,N->X,1787486026.919046,131.5071753039956,257.66,1.2339543808915312,-4.356717637049806,2.2629717746101496
2,N->X,1787486026.928601,131.51673047902295,257.728,1.2249601084981805,-4.3457673687286915,2.2550506435354736
2,N->X,1787486026.9379568,131.5260860910057,257.796,1.2158732845194915,-4.334642025549498,2.2443140081077435
2,N->X,1787486026.9458997,131.5340290670283,257.864,1.206691507711845,-4.322900970203995,2.2305889793360962
2,N->X,1787486027.8526976,132.4408274500165,258.374,1.1452484667654517,-4.232824161974225,2.1167583422945575
2,N->X,1787486027.8661196,132.45424917899072,258.442,1.1379061161917494,-4.220716384795239,2.1011819951478694
2,N->X,1787486027.877575,132.46570434502792,258.51,1.1306273403467644,-4.207997875358027,2.0832165601369605
2,N->X,1787486027.8880162,132.47614546102704,258.578,1.1239544226352585,-4.195805319141897,2.062026724229563
2,N->X,1787486028.2338,132.82192947698059,258.782,1.1039724884645916,-4.156472723610338,2.0224242212997403
2,N->X,1787486028.3071423,132.89527196000563,258.85,1.0976980793907525,-4.143687289210799,2.0060934628692495
2,N->X,1787486028.388265,132.9763947519823,258.952,1.0888298184479428,-4.123758639047369,1.9757534284994973
2,N->X,1787486028.8795943,133.46772424300434,259.258,1.0652576468006947,-4.063072493718289,1.9085520228933879
2,N->X,1787486028.8930836,133.48121343797538,259.326,1.0605373974856545,-4.049452158654995,1.8897563125476224
2,N->X,1787486028.9049003,133.49302967998665,259.394,1.0562092672628813,-4.036057369817716,1.8768623690720152
2,N->X,1787486029.7385375,134.3266672809841,259.836,1.028244676939392,-3.9295160834473286,1.772464151493307
2,N->X,1787486029.7508242,134.33895347698126,259.904,1.0244616877209796,-3.9108555361283033,1.7582423441477424
2,N->X,1787486029.7584927,134.34662194602424,259.972,1.0210528269306411,-3.8919643189366986,1.7432370423812868
2,N->X,1787486029.7653422,134.35347129998263,260.04,1.0179124868324547,-3.8732531234063154,1.7257207749020333
2,N->X,1787486029.8397424,134.42787264601793,260.142,1.0137829189925767,-3.844789785609045,1.7069254745286326
2,N->X,1787486030.2061965,134.79432635498233,260.38,1.0057786651508274,-3.778204389591101,1.6725628974389346
2,N->X,1787486030.7004495,135.28857956000138,260.652,0.999798853117704,-3.7022904261727625,1.6319180506468371
2,N->X,1787486030.7152658,135.30339545098832,260.72,0.9986610764003779,-3.6832685048345204,1.6273976251921518
2,N->X,1787486030.7269735,135.31510278000496,260.788,0.9976046793328627,-3.6642279959709874,1.6231855767473455
2,N->X,1787486030.737146,135.32527528499486,260.856,0.9966329769101878,-3.6451692143058327,1.619000935882051
2,N->X,1787486031.3005335,135.88866326102288,261.196,0.992999177540736,-3.549780524970396,1.5970864064830652
2,N->X,1787486031.3161097,135.9042391650146,261.264,0.9925086531251259,-3.530692196351294,1.592442835096669
2,N->X,1787486031.464954,136.0530837380211,261.4,0.9918067733132703,-3.49250717439917,1.5831435972797445
2,N->X,1787486031.6775684,136.26569810602814,261.536,0.9915118211670537,-3.4543376816374964,1.5735845383217024
2,N->X,1787486032.1033697,136.6914995390107,261.808,0.9918902335821606,-3.378085382056232,1.5544976322961377
2,N->X,1787486032.1169217,136.705051411991,261.876,0.992239086338156,-3.3590459273207562,1.5499420491284512
2,N->X,1787486032.9491458,137.53727559000254,262.318,0.996422643080884,-3.2355617558900227,1.5231452483202887
2,N->X,1787486032.9617326,137.54986223898595,262.386,0.9973500824074993,-3.216613835406135,1.5197311037593437
2,N->X,1787486032.9734566,137.56158630200662,262.454,0.9983350735368697,-3.1976721525865863,1.5164620940865954
2,N->X,1787486032.984134,137.57226308999816,262.522,0.9993944824387817,-3.1787410509547906,1.5134033677407381
2,N->X,1787486032.9937596,137.58188899798552,262.59,1.000500311086512,-3.1598215207835425,1.5104484148188229
2,N->X,1787486033.0023525,137.5904814749956,262.658,1.001664043544954,-3.1409213596523786,1.5078044122889205
2,N->X,1787486033.1474416,137.73557186999824,262.794,1.0041153984363893,-3.103144774477496,1.5030549085164493
2,N->X,1787486033.5692885,138.1574181499891,263.032,1.008987113218836,-3.036985887190718,1.491836036651804
2,N->X,1787486033.5826037,138.17073336499743,263.1,1.01048904918585,-3.01800132630532,1.492696214644962
2,N->X,1787486034.2822742,138.87040420999983,263.474,1.0176325011651188,-2.913762146450395,1.518815181392158
2,N->X,1787486034.2942455,138.8823750949814,263.542,1.018569731927745,-2.8948806419226867,1.5251513940814088
2,N->X,1787486034.3049383,138.89306782500353,263.61,1.0193899710779628,-2.8759939460278603,1.5311110604959355
2,N->X,1787486034.3149488,138.90307806199417,263.678,1.020098137160289,-2.8570984180542505,1.5371157315217452
2,N->X,1787486034.3908834,138.9790131279733,263.746,1.0206909747594572,-2.8381901706057437,1.543255690968162
2,N->X,1787486034.6792014,139.2673310940154,263.95,1.0217608116275116,-2.7813949828318068,1.56295089193803
2,N->X,1787486035.0393229,139.62745336897206,264.188,1.0213625510684465,-2.715053311399559,1.594536116909079
2,N->X,1787486035.1879945,139.7761250869953,264.29,1.0204955362675627,-2.686591165501185,1.611081359980575
2,N->X,1787486035.2028842,139.79101394000463,264.358,1.0196444392954527,-2.6676118276377014,1.6232920828672373
2,N->X,1787486035.9151783,140.503308141022,264.766,1.0089515299412084,-2.553276864377459,1.712423782000619
2,N->X,1787486035.9277472,140.5158768920228,264.834,1.0061696590737512,-2.5344149437071186,1.7241430694348592
2,N->X,1787486035.9387429,140.52687230997253,264.902,1.003194165662732,-2.5155871780914927,1.7334829773865714
2,N->X,1787486035.9476933,140.53582256502705,264.97,1.0000347523100375,-2.4967717161951675,1.7431693560557115
2,N->X,1787486036.4371812,141.02531107101822,265.242,0.9881218046708565,-2.4316923215621373,1.7544580496390572
2,N->X,1787486036.4510167,141.03914629598148,265.31,0.9848376659584827,-2.4141141062733644,1.7579025851622683
2,N->X,1787486036.4625483,141.05067769199377,265.378,0.9813083212341397,-2.3953888668439363,1.76192709149824
2,N->X,1787486037.573048,142.16117752698483,265.956,0.9498348551118762,-2.2369614957373845,1.7558860025547043
2,N->X,1787486037.5825098,142.1706388660241,266.024,0.9464940843573425,-2.218595004523602,1.7434904731360177
2,N->X,1787486037.5930915,142.18122080498142,266.092,0.9432600136919919,-2.1997843282134824,1.7390892326116627
2,N->X,1787486037.6007457,142.18887500202982,266.16,0.9400468692198968,-2.1809038347902545,1.7399071523623446
2,N->X,1787486037.6082535,142.19638258899795,266.228,0.936824366688012,-2.1620605564305007,1.7409700974629514
2,N->X,1787486037.6153734,142.2035025000223,266.296,0.9336018149856209,-2.143269851328971,1.7405339086635137
2,N->X,1787486037.6227818,142.21091086399974,266.364,0.9303602158869061,-2.124334275222994,1.7400583828710674
2,N->X,1787486037.6990936,142.2872235379764,266.466,0.9255843443440075,-2.0961040598254734,1.736882926410348
2,N->X,1787486038.1906898,142.7788194210152,266.772,0.9127557250131781,-2.012153766955476,1.7026123823944852
2,N->X,1787486038.6091056,143.19723547901958,267.01,0.9040879316233813,-1.945671134023298,1.697764466108246
2,N->X,1787486038.6223998,143.21052929700818,267.078,0.9017010154946759,-1.926802091502141,1.6942071646114667
2,N->X,1787486038.6969254,143.28505561099155,267.146,0.8993853974561589,-1.9079621470179702,1.6907804091514738
2,N->X,1787486038.8502371,143.438367019,267.282,0.8949671805166515,-1.8701239182050888,1.6825256738917809
2,N->X,1787486038.9254122,143.5135417979909,267.35,0.892884191085932,-1.851100623366666,1.676798787189723
2,N->X,1787486039.4222357,144.01036549801938,267.656,0.885152111246289,-1.7663601071494015,1.6432209611154038
2,N->X,1787486039.434235,144.02236475399695,267.724,0.8837836044329906,-1.7472568515595388,1.6412574668711957
2,N->X,1787486039.4450574,144.0331866319757,267.792,0.8824421717171251,-1.7281409647841817,1.6403518004062825
2,N->X,1787486039.6586366,144.24676651600748,267.928,0.8798064493519955,-1.6899547859865156,1.6383529040797677
2,N->X,1787486039.6716664,144.25979577400722,267.996,0.8785226443287939,-1.6708298150743264,1.6372249226206304
2,N->X,1787486040.6459267,145.23405684001045,268.506,0.8698807734285396,-1.5274634423729432,1.6248479099754822
2,N->X,1787486040.6590402,145.24716996098869,268.574,0.8688583734506284,-1.5083325305698132,1.6231768158892186
2,N->X,1787486040.670933,145.25906278699404,268.642,0.86786902839832,-1.4892020564280815,1.621382572749402
2,N->X,1787486040.6819186,145.27004814398242,268.71,0.8669137128945449,-1.4700695261146772,1.6194775967800952
2,N->X,1787486040.6940546,145.28218390699476,268.778,0.8659967966768588,-1.4509361819264566,1.617477600736834
2,N->X,1787486040.7049534,145.29308278602548,268.846,0.8651187289250821,-1.4318038515421783,1.6153886092848004
2,N->X,1787486041.2682831,145.85641284601297,269.186,0.8613722330910201,-1.3361715751062297,1.6037129830688623
2,N->X,1787486041.282183,145.87031251599547,269.254,0.8607610255002919,-1.3170536217734505,1.6012320086935241
2,N->X,1787486041.6402817,146.22841251501814,269.492,0.8589534724222867,-1.250258711873366,1.5954888692009512
2,N->X,1787486041.720257,146.30838674702682,269.56,0.8584821725409096,-1.2311970829917698,1.5958346130277763
2,N->X,1787486041.8720307,146.46016035199864,269.696,0.8574905336865463,-1.1930839029039622,1.598659597477329
2,N->X,1787486042.1568825,146.74501257401425,269.866,0.8560291103501401,-1.1454296945490687,1.6053102372040982
2,N->X,1787486042.1700232,146.75815260701347,269.934,0.8553494332001885,-1.1263618173363383,1.608425084672195
2,N->X,1787486042.386701,146.97483091801405,270.104,0.8533840991379741,-1.0786785650960828,1.6162991289861062
2,N->X,1787486042.4101934,146.99832300201524,270.172,0.8524945930299725,-1.0595933208495725,1.6192882096518155
2,N->X,1787486042.8325517,147.4206815509824,270.41,0.8489518632463898,-0.9927655720416635,1.628690240878466
2,N->X,1787486042.8454437,147.43357404199196,270.478,0.8478293785983841,-0.9736608759364201,1.630938384050877
2,N->X,1787486043.12934,147.71746974100824,270.648,0.844846590655517,-0.9258919142297255,1.6357931011350455
2,N->X,1787486043.1425574,147.73068708501523,270.716,0.843591531791625,-0.9067815385152439,1.6374291806297043
2,N->X,1787486043.1535428,147.74167206097627,270.784,0.8423058424434392,-0.8876688180318493,1.6388774917344144
2,N->X,1787486043.2955,147.88362953299657,270.886,0.840396798036172,-0.8591682626318884,1.63612992823637
2,N->X,1787486043.6427062,148.23083607002627,271.09,0.8366538815772762,-0.801826931210665,1.6364840495812085
2,N->X,1787486043.782817,148.37094606197206,271.192,0.8347607709561524,-0.7731273252531342,1.6369615925848917
2,N->X,1787486043.7897863,148.37791567400564,271.26,0.8335322717259,-0.7542141427224847,1.6331567365824493
2,N->X,1787486044.1459138,148.7340443719877,271.498,0.8295384698420343,-0.687276160989732,1.62913104645369
2,N->X,1787486044.1591945,148.74732429999858,271.566,0.8284392815732379,-0.6684097525650963,1.6269004875618822
2,N->X,1787486044.8571906,149.4453203760204,271.974,0.8238751819809503,-0.5541875627896473,1.6045402646008338
2,N->X,1787486044.8703985,149.4585280920146,272.042,0.823239931817104,-0.5350551252242003,1.603939206881906
2,N->X,1787486044.882626,149.47075568599394,272.11,0.8226062268214248,-0.5159262421665323,1.6033239920437108
2,N->X,1787486044.8929653,149.4810947519727,272.178,0.8219894689178453,-0.4967953904552304,1.602678331512604
2,N->X,1787486045.3850975,149.973227081995,272.45,0.8196650302921699,-0.42027061118661224,1.5994667460571885
2,N->X,1787486045.3965313,149.9846607419895,272.518,0.8191299227995932,-0.40113728083715117,1.5985182756255338
2,N->X,1787486045.4063797,149.9945090939873,272.586,0.8185976509205773,-0.38200581806491296,1.5975122915068387
2,N->X,1787486045.7564754,150.34460528101772,272.79,0.8171647438577807,-0.3246208523266522,1.59412823841812
2,N->X,1787486045.7700386,150.3581684419769,272.858,0.8167170630129005,-0.3054997965035236,1.5928777735456587
2,N->X,1787486046.609059,151.19718890398508,273.334,0.8144047752768968,-0.1717528771160481,1.5827721260341836
2,N->X,1787486046.622135,151.21026464097667,273.402,0.8141932138432253,-0.15266296989974568,1.5811678511395693
2,N->X,1787486046.6334674,151.22159681800986,273.47,0.8140025051336044,-0.13357928150878526,1.5795120007919043
2,N->X,1787486046.6436257,151.23175499698846,273.538,0.8138680073659509,-0.11450267635212465,1.5778387179853366
2,N->X,1787486047.1323767,151.7205060130218,273.844,0.8135676981845573,-0.028742404960287297,1.5701741376216731
2,N->X,1787486047.1399066,151.72803553001722,273.912,0.8136065066124932,-0.00970106483242115,1.568436631797535
2,N->X,1787486047.1468487,151.73497777001467,273.98,0.8136596709227973,0.009335258220262498,1.5666865554958038
2,N->X,1787486047.6358643,152.22399462398607,274.252,0.8142208472834331,0.08541781053538583,1.559851878431109
2,N->X,1787486047.647778,152.23590776702622,274.32,0.8144337855192193,0.104423336716095,1.5581934785737765
2,N->X,1787486047.6585977,152.246727026999,274.388,0.8146935138823852,0.12342295301527088,1.5566260689714349
2,N->X,1787486048.1450155,152.7331447370234,274.66,0.8163954565296674,0.19929582277710606,1.5330251089004723
2,N->X,1787486048.152749,152.74087810097262,274.728,0.8171486481998385,0.21821780409507205,1.5244795034879202
2,N->X,1787486048.1602025,152.74833150597988,274.796,0.8180955381913507,0.23717005633413815,1.5156613304400595
2,N->X,1787486049.1263943,153.71452457102714,275.306,0.8287384940392946,0.38081606184950023,1.4872196768678148
2,N->X,1787486049.146836,153.7349656239967,275.374,0.8303794703638147,0.3995568910634116,1.4789118956575777
2,N->X,1787486049.1606612,153.74879098997917,275.442,0.8322007934076471,0.41882255562761805,1.4699972979446023
2,N->X,1787486049.17009,153.75821913901018,275.51,0.8341865605775118,0.43786750204527214,1.461526974528509
2,N->X,1787486049.1783726,153.7665016640094,275.578,0.8363686066239515,0.45711544892764594,1.4542388124660997
2,N->X,1787486049.186205,153.77433439402375,275.646,0.8385749379239845,0.4759217495862115,1.4505149273766447
2,N->X,1787486049.608375,154.19650506897597,275.918,0.8482562792322091,0.5522920962946264,1.4420551760307248
2,N->X,1787486049.6216514,154.20978120301152,275.986,0.8507290653222199,0.5712747226945893,1.4399813689386174
2,N->X,1787486049.7648578,154.35298758599674,276.088,0.8545066443982031,0.6000098818877756,1.4400198276337521
2,N->X,1787486050.1218545,154.70998447597958,276.292,0.8620706625929302,0.6568987309833417,1.4351363136575173
2,N->X,1787486050.1348004,154.72293028602144,276.36,0.864794847768891,0.6762389957140222,1.4264956474381345
2,N->X,1787486050.3635705,154.95170052303,276.53,0.8721912258343523,0.7239578060284783,1.408677849315234
2,N->X,1787486050.3784106,154.96654026699252,276.598,0.8752845580230272,0.7429285532638592,1.4052809302410714
2,N->X,1787486050.521385,155.10951478098286,276.7,0.8800231339728882,0.771184026515117,1.4049941166960087
2,N->X,1787486051.496231,156.0843609200092,277.21,0.9042639350301893,0.9136830918450441,1.407393939160449
2,N->X,1787486051.5089025,156.09703258197987,277.278,0.9074342644567364,0.932863569350486,1.4086161842429434
2,N->X,1787486051.5203578,156.10848773200996,277.346,0.9105155058013225,0.9519018018571941,1.4146944296690855
2,N->X,1787486051.5305471,156.1186766489991,277.414,0.9134857811706332,0.9708968074782335,1.417186135154759
2,N->X,1787486051.5391314,156.1272606650018,277.482,0.9163844536535687,0.9896022486853169,1.4202188389450765
2,N->X,1787486051.5473263,156.13545544201043,277.55,0.9192323921885199,1.0085267630737684,1.421915254273102
2,N->X,1787486052.2418573,156.82998739898903,277.958,0.9350305493779884,1.1221301296026462,1.4448449306656896
2,N->X,1787486052.2536368,156.8417663219734,278.026,0.9374385554872273,1.1413207791560653,1.4466453065465383
2,N->X,1787486052.2649944,156.85312378499657,278.094,0.9398087045979167,1.1599880524318469,1.442658866209772
2,N->X,1787486052.476989,157.065119470004,278.23,0.9448665878186225,1.1981692866335814,1.43569658940707
2,N->X,1787486052.4902787,157.0784081420279,278.298,0.9474578340879606,1.217102760772717,1.4340917527884918
2,N->X,1787486052.6328545,157.22098433499923,278.4,0.95143846094607,1.245729708593257,1.433988179358334
2,N->X,1787486052.9845355,157.57266576902475,278.604,0.9592896102839353,1.3025666916956113,1.430852198337671
2,N->X,1787486052.997527,157.5856562019908,278.672,0.9619444805814552,1.3213684615317716,1.4330646913985587
2,N->X,1787486053.3425188,157.93064936302835,278.876,0.9698325408537231,1.37825079733105,1.4360470599604505
2,N->X,1787486053.419185,158.0073149279924,278.944,0.9723826455136326,1.3972861457285064,1.4424804852297337
2,N->X,1787486054.4612048,159.04933373100357,279.522,0.9922849402532554,1.5584823598661246,1.4630388701468067
2,N->X,1787486054.4684892,159.056618653005,279.59,0.9942906726308364,1.5772700045221295,1.4636923670396982
2,N->X,1787486054.4755769,159.06370586901903,279.658,0.9963186829227509,1.596333912786932,1.4652124120411776
2,N->X,1787486054.482795,159.07092407601885,279.726,0.9983686759962619,1.615524090551108,1.466505319706545
2,N->X,1787486054.490151,159.0782798259752,279.794,1.000321634521325,1.6345685665736516,1.4719789733616384
2,N->X,1787486054.497389,159.0855179799837,279.862,1.0022023451862931,1.6534712340302256,1.4710120967823712
2,N->X,1787486054.505725,159.09385383297922,279.93,1.0041116794572842,1.6723171534849328,1.4653399106319611
2,N->X,1787486054.5129712,159.1011003080057,279.998,1.0062050024649611,1.6912921803200365,1.4588874364531814
2,N->X,1787486055.284212,159.87234228802845,280.406,1.0202271211487817,1.8050870825113234,1.446284772120472
2,N->X,1787486055.2971435,159.88527298497502,280.474,1.0225647244376352,1.8238813318144227,1.4436320096345265
2,N->X,1787486055.9967794,160.58490972500294,280.848,1.0353201535149887,1.927944051343476,1.4573348790075211
2,N->X,1787486056.0113213,160.59945122199133,280.916,1.0374387048505938,1.9467933464445872,1.4557394814135594
2,N->X,1787486056.0234818,160.6116111470037,280.984,1.0396748873559334,1.9657844398096365,1.4560594161163891
2,N->X,1787486056.0335782,160.62170791998506,281.052,1.0418199391178329,1.9846450765072963,1.455482557044345
2,N->X,1787486056.3889034,160.97703306900803,281.29,1.04940669701274,2.0508869004850165,1.4578895411118733
2,N->X,1787486056.5347376,161.1228671129793,281.392,1.052568066324847,2.0794793407643013,1.4670819445055217
2,N->X,1787486056.5445445,161.132673841028,281.46,1.0545128728750417,2.0983779022280036,1.4702300378717232
2,N->X,1787486056.6917918,161.2799218490254,281.596,1.0583084755343013,2.1361939721295085,1.4722786380480093
2,N->X,1787486057.3883548,161.9764848880004,281.97,1.0683127156602032,2.2402684420452674,1.479117781437847
2,N->X,1787486057.4023044,161.99043420801172,282.038,1.0700299245281863,2.2592032207791797,1.4811042978172553
2,N->X,1787486057.4135752,162.00170482200338,282.106,1.071712927707505,2.278143819979339,1.483276219436578
2,N->X,1787486057.4241502,162.01227971800836,282.174,1.0733757426017057,2.2970892758411807,1.4856378211507768
2,N->X,1787486057.497418,162.08554816799005,282.242,1.0749649383243187,2.3160416796654797,1.4881846276577042
2,N->X,1787486057.786649,162.37477929302258,282.446,1.0794683802077636,2.3729174775146338,1.4968361572858113
2,N->X,1787486058.0749931,162.66312328202184,282.65,1.08343279993027,2.4298396848896875,1.5066283888251066
2,N->X,1787486058.6438196,163.2319496049895,282.99,1.0887402217402755,2.5248060320687093,1.52436126455356
2,N->X,1787486058.657453,163.24558245699154,283.058,1.0895937231518704,2.5438117331555294,1.528026726895838
2,N->X,1787486058.66865,163.25677933200495,283.126,1.090379992493092,2.5628200583822367,1.5317091908539222
2,N->X,1787486058.6789668,163.26709610200487,283.194,1.0911031332923398,2.5818312220679354,1.535402722364164
2,N->X,1787486059.2975807,163.88571019598749,283.534,1.0936447523970643,2.676921946368075,1.5534200364172865
2,N->X,1787486059.3054843,163.893613370019,283.602,1.0939502102039016,2.695947281108763,1.556844764232572
2,N->X,1787486059.312219,163.90034825197654,283.67,1.0941954863818066,2.714975091662756,1.5601570041146353
2,N->X,1787486060.1446862,164.73281686397968,284.112,1.0943141032753185,2.8386645401231796,1.579713892369361
2,N->X,1787486060.1589658,164.7470955909812,284.18,1.0941252559181722,2.8576931218978237,1.5824205234624686
2,N->X,1787486060.1729639,164.76109329698374,284.248,1.0938847043019289,2.8767220282397763,1.5849580778479098
2,N->X,1787486060.182621,164.7707501029945,284.316,1.093599367271284,2.8957514834058884,1.5873526421799622
2,N->X,1787486060.1923423,164.78047166002216,284.384,1.0932691807042665,2.91478162658076,1.589572565464002
2,N->X,1787486060.4761784,165.0643085920019,284.554,1.0922664738406076,2.962358313522271,1.5945863711479524
2,N->X,1787486061.0462472,165.63437724200776,284.894,1.0896316143048839,3.05749212935647,1.6021929122935372
2,N->X,1787486061.058691,165.64682065701345,284.962,1.089028468558308,3.076517871116987,1.6033173631350124
2,N->X,1787486061.068852,165.65698133897968,285.03,1.0884031578069167,3.0955438360919514,1.6042924333735538
2,N->X,1787486061.0783708,165.66650014702464,285.098,1.0877598791858956,3.1145703542725234,1.6051374804141056
2,N->X,1787486061.4977398,166.08586944598937,285.336,1.0854045776517882,3.1811678300359145,1.607094353856242
2,N->X,1787486061.6478083,166.2359382280265,285.472,1.0840156694718552,3.219220070804388,1.6075430737392487
2,N->X,1787486061.7244313,166.31256139202742,285.54,1.0833154487728267,3.2382454227895088,1.607599604418312
2,N->X,1787486061.8757927,166.46392299700528,285.676,1.08191833114367,3.2762982526615576,1.6073338380676534
2,N->X,1787486062.1625645,166.75069438299397,285.846,1.0801980320706146,3.3238700328046202,1.606428405529721
2,N->X,1787486062.246779,166.83490882598562,285.948,1.079190192433223,3.3524173854693076,1.6056170013295297
2,N->X,1787486062.3981886,166.98631837102585,286.084,1.0778864746343595,3.3904831794114045,1.604253947453342
2,N->X,1787486062.543597,167.13172754598781,286.186,1.0769464198328165,3.4190314771925396,1.6030489914276733
2,N->X,1787486062.752431,167.34056000201963,286.322,1.075748104459868,3.4570957370665165,1.6012328658023605
2,N->X,1787486062.7573411,167.34547016199213,286.39,1.0751757905000143,3.4761293839565224,1.6002285592821717
2,N->X,1787486063.4515166,168.03964643197833,286.764,1.0724017372138774,3.5808380027332753,1.5939133805685999
2,N->X,1787486063.4634862,168.0516156469821,286.832,1.071970968957204,3.59987840434275,1.5926719602438026
2,N->X,1787486063.4747846,168.06291394098662,286.9,1.0715639811200208,3.618918266693662,1.591412590301991
2,N->X,1787486063.485257,168.07338629401056,286.968,1.0711807939328304,3.637957813215622,1.5901522540809214
2,N->X,1787486063.9701407,168.55827012500959,287.24,1.0698898478001966,3.714119951856112,1.5850290299107
2,N->X,1787486063.9799318,168.56806105101714,287.308,1.069628537165209,3.7331628793556875,1.5837497442759672
2,N->X,1787486063.988776,168.5769051379757,287.376,1.0693911407143029,3.752206879581098,1.5824921598232446
2,N->X,1787486064.2631335,168.85126310301712,287.546,1.068900162495424,3.7998183299106567,1.5794381850195802
2,N->X,1787486064.8339367,169.4220668359776,287.886,1.0683298966861783,3.895030698916922,1.57403484982741
2,N->X,1787486064.8478918,169.43602144898614,287.954,1.0682757151200104,3.914072989603685,1.5730908598522502
2,N->X,1787486064.8601618,169.44829150702571,288.022,1.0682391905633253,3.9331159879179975,1.5722112729943805
2,N->X,1787486064.8710897,169.45921971497592,288.09,1.0682182431834213,3.952159705887643,1.5713988125311
2,N->X,1787486065.231249,169.81937951600412,288.294,1.0682375468720484,4.009289732940365,1.56950116607336
2,N->X,1787486066.0788925,170.6670225720154,288.736,1.0684734912517635,4.133044599242208,1.5692842410606198
2,N->X,1787486066.0940096,170.68213939102134,288.804,1.0684987586988006,4.152083211826749,1.5698609350582677
2,N->X,1787486066.1054463,170.69357565999962,288.872,1.0685112643755883,4.171121776625369,1.5706544940830918
2,N->X,1787486066.1154065,170.7035359570291,288.94,1.0685065981530273,4.190159404959748,1.5717458427411382
2,N->X,1787486066.1241426,170.71227213501697,289.008,1.0684793991709491,4.209195870563244,1.5730836406966549
2,N->X,1787486066.1324902,170.720619514992,289.076,1.0684252694829324,4.228230583654763,1.5746864016558928
2,N->X,1787486066.205131,170.79326096200384,289.144,1.0683381718435256,4.247263063174051,1.576662594651853
2,N->X,1787486066.6376476,171.22577743500005,289.416,1.0675284210608822,4.32337458580581,1.5878712844879248
2,N->X,1787486066.6497297,171.23785932402825,289.484,1.0671781898453157,4.342398143375966,1.5916311051762484
2,N->X,1787486067.2783012,171.86643091402948,289.824,1.0641176337754887,4.437461482519378,1.6178371600893162
2,N->X,1787486067.2915452,171.8796747130109,289.892,1.0631757333247878,4.456453475087565,1.624745470626394
2,N->X,1787486067.3028932,171.891022403026,289.96,1.062097678478073,4.475434959556702,1.6323084169820579
2,N->X,1787486067.3816433,171.969772921002,290.062,1.0601996544005121,4.503885629636144,1.644844435450835
2,N->X,1787486067.5373538,172.12548377597705,290.198,1.0570806073149517,4.541770677842883,1.663831721212757
2,N->X,1787486067.8217824,172.409912617004,290.368,1.052085474680106,4.589011582284363,1.6919946612831642
2,N->X,1787486067.9675546,172.5556846410036,290.47,1.048414232591316,4.61727160540857,1.7114548456466088
2,N->X,1787486068.3190448,172.90717483998742,290.674,1.041170004058991,4.662171023396184,1.7524786855299808
2,N->X,1787486068.3325856,172.92071598302573,290.742,1.038449510313096,4.6765793049369915,1.764655222537363
2,N->X,1787486068.5549583,173.1430884199799,290.912,1.0309268842603512,4.712447832391322,1.7922665722466746
2,N->X,1787486068.5691063,173.15723594202427,290.98,1.027643173143354,4.726714911330654,1.8054207470420822
2,N->X,1787486068.8499064,173.43803672597278,291.15,1.0186240345464743,4.7622481647479,1.8366227321840887
2,N->X,1787486069.207277,173.79540688497946,291.388,1.0043952533832503,4.81160171915365,1.8689729908792958
2,N->X,1787486069.2205832,173.80871313001262,291.456,0.9999970061668282,4.825571857016962,1.886343098265208
2,N->X,1787486069.4391565,174.02728610299528,291.626,0.9884624280988187,4.858797340458323,1.9242321193413232
2,N->X,1787486069.4524696,174.04059962497558,291.694,0.9838303882660148,4.87112173960166,1.9391696601297566
2,N->X,1787486070.0125718,174.60070167598315,292.0,0.9608506256215128,4.926349860344871,1.997017317089255
2,N->X,1787486070.0249493,174.61307871399913,292.068,0.9551680637307106,4.938628999561115,2.014821688073077
2,N->X,1787486070.0357723,174.62390177499037,292.136,0.9492836216847319,4.950777277199442,2.033692742820645
2,N->X,1787486070.3918,174.9799296450219,292.374,0.9283576052082778,4.990492809913717,2.0777961878073743
2,N->X,1787486070.5467162,175.1348459169967,292.476,0.9190614152029742,5.0067569296250936,2.1063452054671625
2,N->X,1787486070.6910844,175.27921419101767,292.578,0.9091261692148961,5.023009993683151,2.133332778315722
2,N->X,1787486070.7026396,175.29076919797808,292.646,0.902098589529538,5.034038286105182,2.145486508041551
2,N->X,1787486071.1287704,175.71690030500758,292.918,0.8732250972872422,5.075330450267643,2.220000068784417
2,N->X,1787486071.1419206,175.7300499289995,292.986,0.8654896971723429,5.085353662385329,2.2389836619593124
2,N->X,1787486071.1527348,175.74086413998157,293.054,0.857560938005112,5.095311167200104,2.2490515006572793
2,N->X,1787486071.436832,176.0249618620146,293.258,0.8333175833054295,5.124065938061579,2.3021991724387045
2,N->X,1787486072.6997197,177.28784942399943,293.938,0.7412613952241386,5.209644586795972,2.4768796879830663
2,N->X,1787486072.7115068,177.299636456999,294.006,0.7311059860177147,5.217500614287606,2.4930215299092673
2,N->X,1787486072.7218204,177.30994977400405,294.074,0.7206178216737247,5.225349005604475,2.508959225268013
2,N->X,1787486072.7324474,177.32057683501625,294.142,0.710007341906774,5.233031035815555,2.5245083170429554
2,N->X,1787486072.7410805,177.3292097800295,294.21,0.6992809883418716,5.240548822545077,2.539584341414074
2,N->X,1787486072.7490916,177.33722060901346,294.278,0.6884452348903253,5.24790493935426,2.554191917432701
2,N->X,1787486072.7565382,177.34466706297826,294.346,0.6781910836608617,5.254650778169077,2.5687210155258566
2,N->X,1787486072.831948,177.420078162977,294.448,0.6623615724485415,5.264663946104881,2.589377928550569
2,N->X,1787486073.6003487,178.1884784050053,294.89,0.5847633504256989,5.307747064927588,2.682472449747927
2,N->X,1787486073.6150417,178.20317126397276,294.958,0.5702435046247859,5.314782524370231,2.7044017833422354
2,N->X,1787486073.8351488,178.42327865300467,295.128,0.5279290063488258,5.3332374312272375,2.7597808003841315
2,N->X,1787486073.8491426,178.43727190501522,295.196,0.513968771483394,5.33871125956919,2.781581302549159
2,N->X,1787486074.6836202,179.2717502739979,295.638,0.4100379642125413,5.3719496910663125,2.883647166645451
2,N->X,1787486074.6982222,179.28635205398314,295.706,0.3916491341373745,5.376662468546442,2.9017624046713837
2,N->X,1787486074.7091446,179.29727388097672,295.774,0.3731740026386876,5.381070283782364,2.9165448216744783
2,N->X,1787486074.7194517,179.30758091202006,295.842,0.3546359144528889,5.385214761341895,2.9300619625105857
2,N->X,1787486074.729443,179.31757235899568,295.91,0.336044795864996,5.389111495729584,2.943190462063097
2,N->X,1787486074.7372363,179.32536534697283,295.978,0.31740382782033,5.392766858968918,2.9560513047971364
2,N->X,1787486075.0868733,179.6750032280106,296.182,0.26120884352039875,5.402309001925697,2.993892780723401
2,N->X,1787486075.369767,179.95789678097935,296.352,0.21413175593323075,5.408639683430271,3.025104298188927
2,N->X,1787486075.5911765,180.17930629098555,296.522,0.16688675211206283,5.4135102224116105,3.0557810006874964
2,N->X,1787486075.6044037,180.1925333039835,296.59,0.14795309501282522,5.415052731520339,3.0679889394688233
2,N->X,1787486075.7499297,180.33805935201235,296.692,0.11952136136113341,5.416932535048851,3.086269439202642
2,N->X,1787486076.0292926,180.61742256599246,296.862,0.07206515703051795,5.418918350151107,3.116391091720757
2,N->X,1787486076.5956862,181.18381607101765,297.202,-0.022930706024997825,5.418607843869113,-3.10676499746791
2,N->X,1787486076.6080272,181.1961568670231,297.27,-0.04191308045283217,5.417860985494237,-3.0947590163323193
2,N->X,1787486076.821811,181.4099408480106,297.406,-0.0798412158494552,5.415679360910598,-3.0703614373941797
2,N->X,1787486076.8344195,181.42254896601662,297.474,-0.09878352469223967,5.41423882369471,-3.0579607009006233
2,N->X,1787486076.8451684,181.43329777702456,297.542,-0.11770805931322668,5.41256157437513,-3.0454240080129766
2,N->X,1787486077.3447888,181.932924652996,297.848,-0.20254298605879295,5.40201366802427,-2.9865062504252364
2,N->X,1787486077.360036,181.94816533802077,297.916,-0.2212956327991967,5.398980730594094,-2.9727768653087083
2,N->X,1787486077.3705015,181.9586311780149,297.984,-0.2400027190040662,5.395688604492114,-2.9587687146178543
2,N->X,1787486077.8611476,182.44927775900578,298.256,-0.3142853178856147,5.379837889461174,-2.899687604974902
2,N->X,1787486077.876763,182.46489248599391,298.324,-0.33269757481926837,5.3751742698994995,-2.8839244275445552
2,N->X,1787486077.8908265,182.47895626700483,298.392,-0.350989568250144,5.370189477203327,-2.8614347456138702
2,N->X,1787486078.2414238,182.82955391402356,298.596,-0.40539781009771125,5.353177242774789,-2.813721552152367
2,N->X,1787486078.2550364,182.8431659199996,298.664,-0.42336308992535343,5.346936244024862,-2.7986426640268998
2,N->X,1787486079.0934708,183.6816005950095,299.14,-0.5462399646872487,5.296438765312599,-2.6971918616469277
2,N->X,1787486079.1062698,183.69439941598102,299.208,-0.5633067475131844,5.288139707429639,-2.6761348552977893
2,N->X,1787486079.1177857,183.70591537002474,299.276,-0.5798062327641272,5.279695521404038,-2.6607436884879014
2,N->X,1787486079.1283271,183.7164562959806,299.344,-0.5965747241105666,5.270837888558034,-2.647003778454379
2,N->X,1787486079.138057,183.72618638101267,299.412,-0.6131398458819953,5.261748756922424,-2.627829847431594
2,N->X,1787486079.1460505,183.7341800329741,299.48,-0.6294444311623973,5.252304790829414,-2.605362784538353
2,N->X,1787486079.4940798,184.08221001800848,299.684,-0.6774691092348266,5.221955242628855,-2.5477975048913564
2,N->X,1787486079.8468943,184.43502434098627,299.888,-0.7234557964260905,5.188760412730932,-2.4810544086312127
2,N->X,1787486079.9925125,184.5806421819725,299.99,-0.7450836091225266,5.171359821723182,-2.448136644308163
2,N->X,1787486080.0060642,184.59419383999193,300.058,-0.7585715265482028,5.159995697592147,-2.426093127227834
2,N->X,1787486080.1540656,184.74219589098357,300.194,-0.7855506274424178,5.135505832293963,-2.383619978102328
2,N->X,1787486080.9927542,185.58088383602444,300.636,-0.8621283279066555,5.051921139839899,-2.2460319939739297
2,N->X,1787486081.0047069,185.59283691702876,300.704,-0.8733665746669117,5.037617097903411,-2.2229571811190847
2,N->X,1787486081.0159075,185.60403687198414,300.772,-0.883862699126901,5.023536181755265,-2.19340024532956
2,N->X,1787486081.0261445,185.6142739619827,300.84,-0.8938806428760498,5.009223210692536,-2.1671157575757882
2,N->X,1787486081.1042883,185.6924181979848,300.942,-0.9086401297835208,4.986827691522779,-2.138102359564913
2,N->X,1787486081.741531,186.32966065197252,301.316,-0.9582464914500447,4.898344979143643,-2.021456128354025
2,N->X,1787486081.755126,186.34325563302264,301.384,-0.9666057822735912,4.880602937287474,-1.9945231888795374
2,N->X,1787486081.7670677,186.35519713698886,301.452,-0.9744599005482035,4.862574704240545,-1.9631657362168686
2,N->X,1787486082.9527726,187.54090236802585,302.098,-1.0284906831609735,4.689507505420599,-1.7866572006557842
2,N->X,1787486082.9630427,187.5511721210205,302.166,-1.032416421965188,4.671210810963706,-1.7744473508699081
2,N->X,1787486082.972831,187.56096021999838,302.234,-1.0362847354150566,4.651913737075809,-1.7572204407016498
2,N->X,1787486082.9813936,187.56952301197452,302.302,-1.0397230738767584,4.6327577545850485,-1.7357370943483468
2,N->X,1787486082.9890704,187.5771995660034,302.37,-1.0427307082328048,4.614014138652345,-1.7207336732376877
2,N->X,1787486082.9958107,187.5839398810058,302.438,-1.0454978984285743,4.595269782903324,-1.711367778634457
2,N->X,1787486083.0022333,187.59036254300736,302.506,-1.0481157235346357,4.57624451470126,-1.7023204210162985
2,N->X,1787486083.0083914,187.59652043500682,302.574,-1.0505833239521798,4.557008416993872,-1.692213897462159
2,N->X,1787486083.5636017,188.1517318339902,302.88,-1.058933570421196,4.471892276515673,-1.6500253446896544
2,N->X,1787486083.849115,188.4372448970098,303.05,-1.0622278500260744,4.424133497926304,-1.627675377476587
2,N->X,1787486084.278689,188.86681884498103,303.322,-1.0659741820537523,4.34804390482836,-1.6116003271519344
2,N->X,1787486084.2928998,188.8810297640157,303.39,-1.0667511291857799,4.329150227003325,-1.611982196701354
2,N->X,1787486084.3050125,188.89314190199366,303.458,-1.0675381301679474,4.31025957705499,-1.6133679501074787
2,N->X,1787486084.7961462,189.38427658798173,303.764,-1.071483864608499,4.224959312035702,-1.6195674886773908
2,N->X,1787486084.8090286,189.39715819898993,303.832,-1.0724078787600355,4.206108048727647,-1.621052769390652
2,N->X,1787486084.8204355,189.4085650049965,303.9,-1.073371158880283,4.186858623509661,-1.6220532900131763
2,N->X,1787486086.2262645,190.81439401599346,304.614,-1.0819917606701503,3.987725521095072,-1.6109547138503444
2,N->X,1787486086.236922,190.82505150698125,304.682,-1.082764983218149,3.968839749345547,-1.613009214367095
2,N->X,1787486086.2461307,190.83425997401355,304.75,-1.0835886212822805,3.9499652919776786,-1.6153213905203097
2,N->X,1787486086.2543573,190.8424864449771,304.818,-1.084453810741918,3.931097065890305,-1.6178979421927207
2,N->X,1787486086.2620494,190.85017861198867,304.886,-1.085342415444684,3.9122356860937795,-1.6207632858843732
2,N->X,1787486086.2694695,190.85759859898826,304.954,-1.0863133671546852,3.893150981106287,-1.619341744386443
2,N->X,1787486086.2766507,190.86477977700997,305.022,-1.0872256856190277,3.8743022035892545,-1.6183134762546219
2,N->X,1787486086.281353,190.8694818459917,305.09,-1.088112892105798,3.8554444513975543,-1.6179663638710324
2,N->X,1787486086.286808,190.87493693601573,305.158,-1.088992252213606,3.8365836374624385,-1.6178787319675125
2,N->X,1787486086.4299898,191.01811955700396,305.294,-1.0907079311809147,3.79828994602785,-1.60885283140454
2,N->X,1787486087.2679806,191.85611027298728,305.736,-1.0950809125933862,3.6750571534677987,-1.6098186418469482
2,N->X,1787486087.3484123,191.9365416369983,305.838,-1.0961801783329106,3.646697670878913,-1.6086794394102917
2,N->X,1787486087.4979405,192.08607077301713,305.974,-1.0976113368275222,3.6088746300354004,-1.6085295800289845
2,N->X,1787486087.8504922,192.43862191902008,306.178,-1.099821204330663,3.5521349506342474,-1.6106813532972186
2,N->X,1787486087.8636484,192.45177798398072,306.246,-1.1005741882147961,3.533227126180491,-1.6121883110770894
2,N->X,1787486088.1534574,192.7415874429862,306.45,-1.1030859806358913,3.4765264219437824,-1.6191240855748428
2,N->X,1787486088.4418833,193.03001359000336,306.654,-1.1061118481825596,3.4195918164905175,-1.626228598952849
2,N->X,1787486088.5928838,193.18101385002956,306.79,-1.1082718755344794,3.3818642640631476,-1.6307747696945942
2,N->X,1787486088.737247,193.32537676300853,306.892,-1.1100088697448163,3.3530472450589843,-1.629684110878279
2,N->X,1787486088.75061,193.3387399999774,306.96,-1.11109666920272,3.334080092838135,-1.6257638646987813
2,N->X,1787486089.4537704,194.04190134699456,307.368,-1.1181660772555806,3.2207125809449106,-1.6415359061789292
2,N->X,1787486089.4663737,194.05450309201842,307.436,-1.1195350948704603,3.2018778764080547,-1.6453355271042491
2,N->X,1787486089.476736,194.06486553500872,307.504,-1.1209777443940834,3.182709466018985,-1.6442996273362729
2,N->X,1787486089.4865284,194.07465782301733,307.572,-1.1223372297502754,3.1638989014800134,-1.6442414540571708
2,N->X,1787486090.663954,195.2520836609765,308.184,-1.1334405818669482,2.9931397698755435,-1.6415787403442816
2,N->X,1787486090.6772838,195.2654133969918,308.252,-1.1348304815487957,2.973950719598586,-1.6436632596496579
2,N->X,1787486090.6894295,195.2775594620034,308.32,-1.136188066328029,2.954980087664307,-1.6404451806362503
2,N->X,1787486090.6994672,195.28759702801472,308.388,-1.137501335227563,2.9361312924135285,-1.6392557730040869
2,N->X,1787486090.7077808,195.29590984602692,308.456,-1.1387983945481546,2.9172733208637496,-1.6393591423775087
2,N->X,1787486090.715793,195.30392191797728,308.524,-1.1400799657479568,2.898418568733658,-1.6401810975857223
2,N->X,1787486090.722999,195.31112807802856,308.592,-1.1414105945688797,2.8792495813388284,-1.635896607569517
2,N->X,1787486090.791371,195.37950008898042,308.66,-1.1426007016431645,2.860288735876672,-1.630804629905677
2,N->X,1787486091.3512187,195.93934878200525,309.0,-1.148699270870672,2.765821318466487,-1.6448170182451134
2,N->X,1787486091.425714,196.0138444090262,309.068,-1.1501321041921557,2.746950034054101,-1.6505492985097503
2,N->X,1787486091.7073927,196.295522779983,309.238,-1.1541185212949863,2.699697299034611,-1.6561254325842627
2,N->X,1787486091.9292622,196.5173920459929,309.408,-1.157813782090795,2.6520184748591324,-1.6374397304832045
2,N->X,1787486091.942569,196.53069873602362,309.476,-1.1590391175791495,2.633131384977732,-1.6361689835477775
2,N->X,1787486092.086224,196.67435419000685,309.578,-1.1609050728764443,2.604789443851026,-1.637184556903929
2,N->X,1787486092.230837,196.81896646902896,309.68,-1.1628498845172521,2.57643503618215,-1.6403927051537028
2,N->X,1787486092.375059,196.96318898402387,309.782,-1.1648458009573905,2.5480915663259323,-1.6451809755111289
2,N->X,1787486092.4525275,197.0406573350192,309.85,-1.166306306271785,2.529206999187527,-1.6490556175762427
2,N->X,1787486092.8791747,197.46730434702476,310.122,-1.172841372816337,2.4535834922717394,-1.6604987237251791
2,N->X,1787486092.8926826,197.4808120430098,310.19,-1.174511581175739,2.4347322573783234,-1.6616964887958305
2,N->X,1787486093.0372307,197.62536090501817,310.292,-1.1770464029868448,2.4060102961972736,-1.6533681096037078
2,N->X,1787486093.182695,197.77082464500563,310.394,-1.1793760534372801,2.3775975771600866,-1.6498060908814485
2,N->X,1787486093.2540534,197.84218327800045,310.462,-1.1808854451153536,2.3587040256176257,-1.651559748931351
2,N->X,1787486093.541302,198.12943190702936,310.666,-1.1857127738431108,2.3020291055158504,-1.662465870838743
2,N->X,1787486093.9009535,198.48908366198884,310.904,-1.1923363893929448,2.2357771932030985,-1.67457981231259
2,N->X,1787486093.9147527,198.50288218900096,310.972,-1.1942987121254363,2.21694027725678,-1.6708665137349932
2,N->X,1787486094.127541,198.71567070297897,311.108,-1.1980590908208866,2.1792270133311797,-1.6701409929418811
2,N->X,1787486094.1421435,198.73027288797311,311.176,-1.1999284118034925,2.1603535583150255,-1.6710775912318967
2,N->X,1787486094.6969306,199.2850606360007,311.482,-1.2088422138985004,2.07543025085985,-1.681787793376198
2,N->X,1787486094.7104352,199.29856523202034,311.55,-1.210980064824747,2.056360462915897,-1.677373814464778
2,N->X,1787486094.72169,199.3098191890167,311.618,-1.2129355322455497,2.03742656350855,-1.6721889858616974
2,N->X,1787486094.7310786,199.31920812197495,311.686,-1.2148887519920089,2.018458391245946,-1.672967266162756
2,N->X,1787486095.0805132,199.66864353598794,311.89,-1.2207806782084538,1.961632835793365,-1.6758461212038356
2,N->X,1787486095.723672,200.31180184101686,312.23,-1.2310154300723841,1.8671419772929634,-1.6846698731705059
2,N->X,1787486095.7405248,200.32865457399748,312.298,-1.2332192023541533,1.84825105382175,-1.6879101879041931
2,N->X,1787486095.755172,200.3433017259813,312.366,-1.2354826879988443,1.8293657306271436,-1.6917556938610008
2,N->X,1787486095.7680776,200.35620689601637,312.434,-1.2377772341601176,1.8104843434642266,-1.696171608799402
2,N->X,1787486095.8472993,200.4354292289936,312.536,-1.2414088148596922,1.7820390322454602,-1.6968269781220904
2,N->X,1787486095.9987285,200.5868585690041,312.672,-1.2461273244861422,1.7443082377808572,-1.6927981324455676
2,N->X,1787486096.6986609,201.28679004800506,313.046,-1.258651081108174,1.640449446261726,-1.690600474686401
2,N->X,1787486096.707343,201.29547214799095,313.114,-1.260947157787524,1.6215583503204534,-1.6915968471490943
2,N->X,1787486096.7152317,201.30336094700033,313.182,-1.2632394985188808,1.6026639658593471,-1.6929866796291815
2,N->X,1787486096.722645,201.3107741320273,313.25,-1.2655763768392945,1.583770276120955,-1.6949291841952197
2,N->X,1787486097.3483026,201.93643256201176,313.624,-1.2781764758847485,1.479686190193938,-1.6777021637345095
2,N->X,1787486097.3616707,201.9498002139735,313.692,-1.2802132208717836,1.4607615574951984,-1.6780207557656375
2,N->X,1787486097.3728871,201.96101635100786,313.76,-1.2822503521400457,1.441834116864554,-1.6794354024426392
2,N->X,1787486097.7274308,202.31556086800992,313.998,-1.289738271790976,1.3755975762575092,-1.6887117368513251
2,N->X,1787486097.9430916,202.531222006015,314.134,-1.2943378538117005,1.3377716184197699,-1.6962944913727005
2,N->X,1787486098.304926,202.8930565280025,314.372,-1.30299591633022,1.2716639114632469,-1.7000366989305715
2,N->X,1787486098.318641,202.90677058900474,314.44,-1.3054341065582173,1.2527907411083694,-1.6982645322206327
2,N->X,1787486098.539343,203.12747303099604,314.61,-1.3114161175424348,1.2055848102874132,-1.6956905761211927
2,N->X,1787486098.5528624,203.14099217497278,314.678,-1.3137864681616112,1.1866946455958574,-1.695554719278039
2,N->X,1787486098.6992543,203.2873845800059,314.78,-1.3173460933293244,1.1583542230324118,-1.696279893078832
2,N->X,1787486099.1913674,203.77949694398558,315.052,-1.3270823811668249,1.0827910278238277,-1.7036405313200957
2,N->X,1787486099.2052138,203.79334375198232,315.12,-1.3295807497564616,1.0639072876216236,-1.6991504180012922
2,N->X,1787486099.2174027,203.80553221900482,315.188,-1.3319943104022014,1.0450325062905288,-1.696602377893034
2,N->X,1787486099.5667615,204.1548912039725,315.392,-1.3391452488224715,0.9883659232743573,-1.697156798672614
2,N->X,1787486099.580099,204.1682285279967,315.46,-1.341551818862573,0.9694750406886152,-1.698224545376451
2,N->X,1787486099.9360542,204.5241841240204,315.698,-1.350209391877353,0.9033716436260614,-1.7052003367137998
2,N->X,1787486099.949169,204.53729852399556,315.766,-1.3527818059172034,0.8844962156981384,-1.7081606149527286
2,N->X,1787486100.4467864,205.03491600201232,316.072,-1.364471084792761,0.7996174382605385,-1.691942098890623
2,N->X,1787486100.4610984,205.04922805697424,316.14,-1.3667564544561523,0.780720286774451,-1.6905515322234608
2,N->X,1787486100.609842,205.19797210401157,316.276,-1.3713451231788845,0.7429055266763261,-1.6937229405111534
2,N->X,1787486100.8932383,205.48136826697737,316.446,-1.3773376967733204,0.6956546733188939,-1.7014109146197753
2,N->X,1787486101.0451763,205.63330647099065,316.582,-1.3824226528748011,0.6578911797422315,-1.709203353198056
2,N->X,1787486101.1894298,205.7775597239961,316.684,-1.3864438863833952,0.6295966627329221,-1.716115908318075
2,N->X,1787486101.2036486,205.79177803301718,316.752,-1.389237251271171,0.6107487418360269,-1.7211717165664029
2,N->X,1787486101.4251356,206.01326538302237,316.922,-1.3966293880363667,0.5636956117752905,-1.7291341165072778
2,N->X,1787486101.4402752,206.0284048669855,316.99,-1.399619049582047,0.5448958025986749,-1.7275994442897233
2,N->X,1787486101.7926853,206.38081508199684,317.194,-1.4082601498381961,0.4884525692781167,-1.718082956961402
2,N->X,1787486101.9376152,206.5257451920188,317.296,-1.412446293028407,0.4602016159660417,-1.7181010386592244
2,N->X,1787486101.9508379,206.53896735300077,317.364,-1.4152470849026326,0.4413672661672375,-1.7191656452453896
2,N->X,1787486102.9374511,207.52558104001218,317.908,-1.4384969986016904,0.2908246912075848,-1.721179260901111
2,N->X,1787486102.9496458,207.53777543699834,317.976,-1.4413515809658668,0.2719981073038889,-1.7216663574733488
2,N->X,1787486102.9601448,207.54827414097963,318.044,-1.4442189675720076,0.25317300078838667,-1.722616282971781
2,N->X,1787486102.9715736,207.55970265401993,318.112,-1.4471072775474356,0.23435071264812468,-1.7239943538285314
2,N->X,1787486102.980465,207.56859423301648,318.18,-1.4500255427619153,0.21553218454893466,-1.725869750002847
2,N->X,1787486102.987887,207.576016283012,318.248,-1.4529820078956825,0.19671820225655942,-1.7282189846388898
2,N->X,1787486103.5448844,208.13301433401648,318.588,-1.4685613498939387,0.1027768312791386,-1.7312624208186256
2,N->X,1787486103.6889305,208.27706046198728,318.69,-1.4728563221062831,0.07456153318492975,-1.713545001283055
2,N->X,1787486103.7021885,208.29031818598742,318.758,-1.475555400110229,0.05571583105616475,-1.712870622953155
2,N->X,1787486103.920375,208.5085048690089,318.928,-1.4823725059018664,0.008596453848028386,-1.717531184931584
2,N->X,1787486103.9331675,208.52129717200296,318.996,-1.4851772499538192,-0.010243056639935348,-1.7204566764593217
2,N->X,1787486104.2807395,208.86886928102467,319.2,-1.493967355843113,-0.06671840346773798,-1.7314933377876571
2,N->X,1787486104.9083195,209.49644943501335,319.54,-1.5099927131872601,-0.16059752897688073,-1.7412704248657833
2,N->X,1787486104.922921,209.51105062902207,319.608,-1.5132242919421899,-0.17936102502831244,-1.741712569935843
2,N->X,1787486104.9351845,209.52331388602033,319.676,-1.516470560209397,-0.19812406930665805,-1.7430733062492159
2,N->X,1787486104.944878,209.53300755802775,319.744,-1.5197472299167907,-0.21688353581347114,-1.7450493896591095
2,N->X,1787486105.0226073,209.6107369660167,319.846,-1.5247447512154975,-0.24501460532402736,-1.7492051247437475
2,N->X,1787486105.1727982,209.76092827902175,319.982,-1.5315299298131182,-0.2824862278548742,-1.7495706428760618
2,N->X,1787486105.7361908,210.32432090101065,320.288,-1.5476039943782598,-0.36669307308026056,-1.7669504881202371
2,N->X,1787486105.7527578,210.34088732901728,320.356,-1.5513022329688495,-0.38536452435346674,-1.7656705141879165
2,N->X,1787486105.7643948,210.3525246399804,320.424,-1.5549852806318347,-0.4040417495327627,-1.7655298164435245
2,N->X,1787486105.7744958,210.36262547201477,320.492,-1.5586176228744169,-0.4227033432347219,-1.756443388351499
2,N->X,1787486105.9159179,210.5040474780253,320.594,-1.563703594276235,-0.4507893960097142,-1.7443582199431331
2,N->X,1787486106.1967347,210.78486439801054,320.764,-1.5719900690270967,-0.49768542265116095,-1.7499019623561578
2,N->X,1787486106.7618492,211.3499793179799,321.104,-1.59013894207594,-0.5912274819494725,-1.7763912246863085
2,N->X,1787486106.7763162,211.36444585199933,321.172,-1.5940738641308183,-0.6098705278444047,-1.7815583058764985
2,N->X,1787486106.7879279,211.3760574790067,321.24,-1.5980686031288158,-0.6284916113865633,-1.7839149176998323
2,N->X,1787486107.2229111,211.8110409899964,321.512,-1.6143462506651802,-0.7029118569633437,-1.786317863144131
2,N->X,1787486107.2360995,211.8242290110211,321.58,-1.6184658753658454,-0.7215238493681536,-1.7931273136923285
2,N->X,1787486107.2474709,211.83560086897342,321.648,-1.6227224598035301,-0.7401012662072833,-1.8003425015344878
2,N->X,1787486107.537194,212.1253234979813,321.852,-1.6362176775579795,-0.7956517124099937,-1.8189667179066815
2,N->X,1787486108.2421134,212.83024309697794,322.26,-1.6658332353170435,-0.9059927053009827,-1.8404760643319025
2,N->X,1787486108.2553504,212.84347996499855,322.328,-1.670857696752512,-0.9243540881815955,-1.8353375133017573
2,N->X,1787486108.2668016,212.85493123502238,322.396,-1.6758560776077487,-0.942738158380124,-1.8391159404812667
2,N->X,1787486108.2770069,212.86513619299512,322.464,-1.6809649857722608,-0.9611068585286473,-1.8476367077134654
2,N->X,1787486108.5638385,213.15196857298724,322.668,-1.6971458538520372,-1.0159376480563025,-1.8692983888693353
2,N->X,1787486109.055205,213.64333536900813,322.94,-1.7203996208161327,-1.088482650861971,-1.8890100638440566
2,N->X,1787486109.0688553,213.65698506101035,323.008,-1.7263727363451535,-1.1065397982936738,-1.8902359344205204
2,N->X,1787486109.0802176,213.66834705497604,323.076,-1.7322808398153233,-1.1246255983425986,-1.8805418691145859
2,N->X,1787486109.4995778,214.08770681999158,323.314,-1.752735218054756,-1.1880951277082257,-1.8925015814029325
2,N->X,1787486109.5070877,214.09521660697646,323.382,-1.758807997246803,-1.2061544143034804,-1.898950339390659
2,N->X,1787486109.514415,214.10254428500775,323.45,-1.764980931958934,-1.2241800417365094,-1.9047118379803034
2,N->X,1787486109.931287,214.51941663800972,323.722,-1.7907023585362238,-1.2958890500790698,-1.9185688356475936
2,N->X,1787486109.9434466,214.5315760630183,323.79,-1.7971855821028833,-1.3137927517365424,-1.9188382091467107
2,N->X,1787486110.431227,215.019356846984,324.062,-1.8234778093074087,-1.3852992871235206,-1.928738571216012
2,N->X,1787486110.44474,215.03286979999393,324.13,-1.8301474082323954,-1.4031248337743571,-1.928536701515626
2,N->X,1787486110.455924,215.0440533279907,324.198,-1.8368386237666015,-1.4209594250569824,-1.9326116215747389
2,N->X,1787486111.1569352,215.7450649300008,324.572,-1.8736812716476146,-1.5190197644213874,-1.9426872620246376
2,N->X,1787486111.170583,215.75871277600527,324.64,-1.8806250088527503,-1.536759282049985,-1.946587687920655
2,N->X,1787486111.1814003,215.76952957297908,324.708,-1.887618881136424,-1.554460380858761,-1.9474569283656384
2,N->X,1787486111.1918259,215.77995508600725,324.776,-1.8946516313702777,-1.5721680854887858,-1.9519005742783795
2,N->X,1787486111.5414543,216.12958403897937,324.98,-1.9156615944836188,-1.625264736873904,-1.9463167803690382
2,N->X,1787486111.691046,216.27917595102917,325.082,-1.9262447353068803,-1.6518176018928825,-1.954629873500428
2,N->X,1787486111.7046328,216.29276234697318,325.15,-1.933422863148094,-1.6694661009590441,-1.9602812155328635
2,N->X,1787486111.9215474,216.50967744999798,325.32,-1.95175310676106,-1.7134178610714845,-1.9715236324245329
2,N->X,1787486111.937983,216.52611256600358,325.388,-1.9592230401960145,-1.730949191230268,-1.9777155643900979
2,N->X,1787486112.7801106,217.36824059998617,325.83,-2.0056673730718777,-1.8455732008393975,-1.945654734441661
2,N->X,1787486112.792675,217.38080437702592,325.898,-2.0126419191536553,-1.8632960852907716,-1.9457286839433292
2,N->X,1787486112.8039665,217.3920956510119,325.966,-2.019633470943736,-1.881016234487994,-1.9486507413106748
2,N->X,1787486112.8135002,217.40162950998638,326.034,-2.026655088710597,-1.8987118593116599,-1.9479621058352297
2,N->X,1787486112.892833,217.48096315702423,326.136,-2.037218090912439,-1.9252511707713669,-1.9508439651604002
2,N->X,1787486113.1850908,217.77322063199244,326.34,-2.0580547149549893,-1.9784336166112335,-1.9434230116110638
2,N->X,1787486113.4094985,217.99762805202045,326.51,-2.0754989766916045,-2.0227377320682156,-1.9497157955085256
2,N->X,1787486113.4249108,218.01304054399952,326.578,-2.082547198489533,-2.040426569671302,-1.9500750146477384
2,N->X,1787486114.1919713,218.7801015410223,326.986,-2.125572245853036,-2.146262247379541,-1.953492578133639
2,N->X,1787486114.2049913,218.79312109097373,327.054,-2.1326987050794535,-2.1639299790003346,-1.9568751445593013
2,N->X,1787486114.2160776,218.80420708301244,327.122,-2.1399274120580607,-2.1815677806269753,-1.9650218653279519
2,N->X,1787486114.2262645,218.81439401902026,327.19,-2.1472952857304195,-2.199131387280602,-1.9718197647010085
2,N->X,1787486114.4379904,219.02612013102043,327.326,-2.162237586499863,-2.234163619408303,-1.9763089486931662
2,N->X,1787486114.4524264,219.04055595298996,327.394,-2.1697711223342138,-2.2516443442135956,-1.978906802735031
2,N->X,1787486114.8068805,219.39501034998102,327.598,-2.192581309233297,-2.3040067249074525,-1.9817493320824913
2,N->X,1787486114.8207057,219.40883512899745,327.666,-2.200139978134363,-2.3214807136168147,-1.975838439281179
2,N->X,1787486115.3877814,219.97591127897613,328.006,-2.2386866527026283,-2.408605743528984,-2.0039834665750362
2,N->X,1787486115.4005444,219.98867420398165,328.074,-2.246687315427365,-2.425867672893035,-2.005001069184546
2,N->X,1787486115.4121969,220.000326348003,328.142,-2.2546558404760337,-2.443131753881014,-2.000006714541411
2,N->X,1787486116.0456889,220.63381860597292,328.516,-2.2972425441568176,-2.538771517401934,-1.9827525555128702
2,N->X,1787486116.058284,220.6464134120033,328.584,-2.3049002143477977,-2.5562154878835184,-1.986684378366514
2,N->X,1787486116.0709407,220.65907021099702,328.652,-2.3126133933886526,-2.5736353787978365,-1.9899274803909757
2,N->X,1787486117.0463428,221.63447264098795,329.196,-2.3754528874588225,-2.7123840021233656,-1.9823741933987824
2,N->X,1787486117.0600235,221.6481531310128,329.264,-2.3830769548772213,-2.729840262160433,-1.983827267459265
2,N->X,1787486117.0720136,221.6601429390139,329.332,-2.390752379660676,-2.747279767562743,-1.9885304902067207
2,N->X,1787486117.0822833,221.67041277501266,329.4,-2.3985022916253644,-2.76468173592833,-1.9916485190131201
2,N->X,1787486117.0921063,221.68023535399698,329.468,-2.4063190550528066,-2.78206016251033,-1.9968224230624445
2,N->X,1787486117.0995297,221.68765864899615,329.536,-2.4142059324739438,-2.7993949643064906,-1.9988727600718033
2,N->X,1787486117.6590836,222.24721357499948,329.876,-2.454139663199725,-2.885809429137709,-2.000134471586665
2,N->X,1787486117.6723611,222.26049102499383,329.944,-2.4620502269083615,-2.9031056020035773,-1.9972625545046971
2,N->X,1787486118.0306852,222.61881573597202,330.182,-2.4886792128787674,-2.9641811639794304,-1.9776729194278755
2,N->X,1787486118.104213,222.69234264199622,330.25,-2.4962408174796327,-2.981666999510422,-1.980920563009159
2,N->X,1787486118.182777,222.77090684400173,330.352,-2.507688268718277,-3.007854924826965,-1.9864824277565754
2,N->X,1787486118.4047093,222.99283910100348,330.522,-2.527046144244816,-3.0513671615267746,-1.995082111944477
2,N->X,1787486118.4180572,223.0061867450131,330.59,-2.5348900832046537,-3.068708556511501,-1.9955224592399121
2,N->X,1787486118.5626235,223.15075386798708,330.692,-2.546665261410042,-3.094717856094407,-1.9952048855766031
2,N->X,1787486118.9193344,223.5074642749969,330.896,-2.570126623626834,-3.1468097873769483,-1.997015116285851
2,N->X,1787486118.933401,223.5215305329766,330.964,-2.5779656680244893,-3.1641324365065198,-1.991158272192984
2,N->X,1787486119.852645,224.4407745010103,331.474,-2.636315877825278,-3.294543788002761,-2.0063197095978853
2,N->X,1787486119.8656154,224.4537450009957,331.542,-2.644418595505989,-3.3118046776463324,-2.015850844368125
2,N->X,1787486119.8774476,224.4655771739781,331.61,-2.6526881367313204,-3.3289616080197098,-2.0245549799605858
2,N->X,1787486119.8887987,224.4769281980116,331.678,-2.660971812800027,-3.345968551463219,-2.0228635367316774
2,N->X,1787486119.897951,224.48608019202948,331.746,-2.6690955962344627,-3.3626802337548383,-2.0253007953698416
2,N->X,1787486119.9728067,224.56093584001064,331.848,-2.681209342219228,-3.387180260964978,-2.0367602989700537
2,N->X,1787486121.0113506,225.59948061400792,332.426,-2.7451218273167726,-3.5087085870521566,-2.070194343432911
2,N->X,1787486121.025003,225.61313247302314,332.494,-2.7520355689860865,-3.521373409238884,-2.069528196284754
2,N->X,1787486121.0378764,225.62600593699608,332.562,-2.758623621062801,-3.533511896027263,-2.066345687957278
2,N->X,1787486121.0482442,225.63637350901263,332.63,-2.765044909383231,-3.545376747837786,-2.0685324117638015
2,N->X,1787486121.057662,225.64579133799998,332.698,-2.771493291905855,-3.557202822296168,-2.0714586709140383
2,N->X,1787486121.2002156,225.78834541799733,332.8,-2.780643322302004,-3.573978805172923,-2.069835455189058
2,N->X,1787486121.6891825,226.2773127949913,333.072,-2.803589289276723,-3.6160638247340304,-2.066195249135147
2,N->X,1787486121.8352454,226.4233754199813,333.174,-2.811615173074039,-3.630854752258728,-2.0704667034302218
2,N->X,1787486121.847852,226.43598172301427,333.242,-2.816875800226299,-3.6404576051377098,-2.0747354844701342
2,N->X,1787486122.134766,226.72289568197448,333.446,-2.8320512558382296,-3.6678048472782714,-2.079619809006916
2,N->X,1787486123.18381,227.7719399969792,334.024,-2.8695273018932377,-3.735084097811551,-2.083832974493659
2,N->X,1787486123.208332,227.79646154498914,334.126,-2.8755073016879624,-3.7457305023663783,-2.0781767086009166
2,N->X,1787486123.2291014,227.81723066302948,334.228,-2.8810566039626724,-3.755765090377164,-2.074892891959627
2,N->X,1787486123.2461889,227.8343181309756,334.33,-2.8864746693440613,-3.7655522538276402,-2.07875738513641
2,N->X,1787486123.2598903,227.8480196199962,334.432,-2.891730433442729,-3.7749702842149775,-2.080643599276501
2,N->X,1787486123.8964922,228.48462212999584,334.84,-2.91075928317721,-3.809063476063967,-2.0759739875286805
2,N->X,1787486124.0494728,228.63760279101552,334.976,-2.9165307967341096,-3.819434903601982,-2.0809824276490723
2,N->X,1787486124.2761657,228.86429541697726,335.18,-2.924778716996102,-3.83407806326026,-2.0824161729886423
2,N->X,1787486124.5550551,229.1431848310167,335.35,-2.931179566745153,-3.8454448448276835,-2.085534423094684
2,N->X,1787486124.9210565,229.50918627501233,335.622,-2.940552344690894,-3.862295606230952,-2.079229768326934
2,N->X,1787486125.3522549,229.94038469501538,335.928,-2.951107392776646,-3.8811056220404954,-2.084674021675495
2,N->X,1787486125.3814805,229.96961015899433,336.098,-2.957000706136731,-3.891519738373716,-2.08453828074319
2,N->X,1787486126.006526,230.59465559397358,336.438,-2.96872855397781,-3.9123580273996783,-2.07997739459716
2,N->X,1787486126.3108797,230.89900944102556,336.744,-2.974154184650533,-3.922327503259945,-2.043923521428244
3,X->Y,1787486128.700886,0.0,339.872,-2.975045112049612,-3.919180920446901,0.04424637161171609
3,X->Y,1787486135.7206054,2.1514484949875623,344.224,-2.94889151748292,-3.915094428206734,0.1723391653122708
3,X->Y,1787486135.7339368,2.164779306971468,344.292,-2.9388219232834016,-3.913262645710309,0.1934108162953975
3,X->Y,1787486136.0868587,2.517701339966152,344.496,-2.908142382209697,-3.906091442035348,0.27227246360832097
3,X->Y,1787486136.096965,2.527807064994704,344.564,-2.8976622413965374,-3.903027053889545,0.29816918982730634
3,X->Y,1787486136.244116,2.6749588329694234,344.7,-2.8764060465427943,-3.8959581551885436,0.34651460712981375
3,X->Y,1787486136.6676452,3.098487662966363,344.938,-2.836967635927265,-3.8800292757117365,0.42848203972842885
3,X->Y,1787486136.680028,3.110870075994171,345.006,-2.823694163481032,-3.8738012086991818,0.4523012350004448
3,X->Y,1787486136.6901302,3.1209725359803997,345.074,-2.810080697808627,-3.8670040843633045,0.47843088960265384
3,X->Y,1787486137.5936964,4.024538916011807,345.55,-2.705543469782723,-3.803039023900799,0.626138127319481
3,X->Y,1787486137.60809,4.03893210698152,345.618,-2.6902464576894274,-3.7917622395030377,0.6474677197232342
3,X->Y,1787486137.619436,4.050278302980587,345.686,-2.675173348770848,-3.780154211818693,0.6680945378164207
3,X->Y,1787486137.6355586,4.066400590992998,345.754,-2.660335951233352,-3.7682414976263154,0.6875806755765415
3,X->Y,1787486137.7134988,4.144341434992384,345.856,-2.6385028209132093,-3.7498634338349284,0.7139172025203661
3,X->Y,1787486138.0064712,4.437314518960193,346.06,-2.5959358271249373,-3.7118690177252156,0.738909714801667
3,X->Y,1787486138.4366229,4.867466150957625,346.332,-2.5398884590895587,-3.660294434123468,0.7473918053956634
3,X->Y,1787486138.4497905,4.880632838001475,346.4,-2.5259293590686447,-3.6473418530965307,0.7484554566141906
3,X->Y,1787486138.4597223,4.890564987959806,346.468,-2.5119822628439605,-3.6343754868579694,0.7493655424268892
3,X->Y,1787486138.6027071,5.0335495449835435,346.57,-2.4910789569539933,-3.614908913146232,0.7505301854550158
3,X->Y,1787486139.1672125,5.598054890986532,346.876,-2.4284859689012155,-3.5563841234582965,0.7510944621549341
3,X->Y,1787486139.1805837,5.611426258983556,346.944,-2.4145511143181753,-3.5433993114863664,0.7486052031965862
3,X->Y,1787486139.1920722,5.622914406994823,347.012,-2.400581777379424,-3.5304540537173077,0.7457458404543621
3,X->Y,1787486139.2027626,5.633604642003775,347.08,-2.3865766534631767,-3.5175472628499502,0.7429325470854233
3,X->Y,1787486139.485936,5.916778790007811,347.25,-2.3514146269431784,-3.4854401082956814,0.7368764313476435
3,X->Y,1787486139.984114,6.414956436958164,347.556,-2.287769256669377,-3.42807656293508,0.7310257168842572
3,X->Y,1787486139.9964924,6.427334719977807,347.624,-2.2735934878084496,-3.4153664613136754,0.7306085099680584
3,X->Y,1787486140.0077696,6.438611519988626,347.692,-2.259472416821231,-3.40271479654815,0.7308553820367676
3,X->Y,1787486140.7047558,7.135598332970403,348.066,-2.18224949136389,-3.3320278602484903,0.752333027178363
3,X->Y,1787486140.7180037,7.148846152995247,348.134,-2.1683710957465596,-3.3189971316022935,0.7556315125159422
3,X->Y,1787486140.7293687,7.1602107099606656,348.202,-2.154530574840953,-3.3059258194498775,0.7585918893089068
3,X->Y,1787486140.7394235,7.170265535998624,348.27,-2.1407255108669894,-3.292814107844035,0.7612726147812224
3,X->Y,1787486141.01881,7.449652874958701,348.44,-2.10653009508879,-3.2599475341064355,0.7706544457709295
3,X->Y,1787486141.3138733,7.7447164980112575,348.644,-2.0656547806137437,-3.220023525377051,0.7748192562013798
3,X->Y,1787486141.4657435,7.8965863839839585,348.78,-2.038380849222076,-3.1934185513044238,0.7701156306446965
3,X->Y,1787486141.6791964,8.110038699989673,348.916,-2.011141535407599,-3.1671088017576383,0.7678811323759354
3,X->Y,1787486141.6939545,8.124796961958054,348.984,-1.9974386970073528,-3.1538752927032108,0.767803546100876
3,X->Y,1787486141.9768138,8.407656321011018,349.154,-1.9631203137220705,-3.1208638596306764,0.7631670467132461
3,X->Y,1787486142.059146,8.489988323010039,349.256,-1.942628506882447,-3.1013107144701086,0.7616721432154426
3,X->Y,1787486142.2093925,8.640235355996992,349.392,-1.915411065268626,-3.0750114326220235,0.7756480362390735
3,X->Y,1787486142.7010114,9.131853962957393,349.664,-1.861031400029765,-3.0216270487636896,0.7720175586376204
3,X->Y,1787486142.7163527,9.147195165976882,349.732,-1.8473699430287094,-3.008358302520446,0.7690072785427385
3,X->Y,1787486142.7289877,9.159829715965316,349.8,-1.8336706104869638,-2.995129035221015,0.7661174672101269
3,X->Y,1787486142.7397244,9.170566248008981,349.868,-1.8199469493049474,-2.981951303036288,0.7639365379615564
3,X->Y,1787486143.6434355,10.074277854990214,350.344,-1.7235381735621582,-2.890088225511464,0.7596638409511983
3,X->Y,1787486143.6570551,10.08789791498566,350.412,-1.7096922009108344,-2.876843950822581,0.7702272272682493
3,X->Y,1787486143.6685805,10.099422745988704,350.48,-1.696224003372941,-2.8635759039034236,0.7895271607800203
3,X->Y,1787486143.678078,10.10892004496418,350.548,-1.6828808658236178,-2.849894259117375,0.8092890338273245
3,X->Y,1787486144.174006,10.604849619965535,350.854,-1.6254931795031236,-2.78641124646497,0.8600003782004486
3,X->Y,1787486144.1882396,10.619082271994557,350.922,-1.6131702080351906,-2.7719457775700613,0.8723527151177187
3,X->Y,1787486144.2007296,10.631572143000085,350.99,-1.6009815911901302,-2.7572956035505936,0.8835903965655703
3,X->Y,1787486144.692322,11.123164538003039,351.262,-1.554680063431705,-2.697029839202998,0.949815813856307
3,X->Y,1787486144.7047126,11.135554943000898,351.33,-1.5436057348195606,-2.6814369797391135,0.9562273552064389
3,X->Y,1787486144.7155228,11.146364843996707,351.398,-1.5326113633276206,-2.665848359548087,0.9553883298733545
3,X->Y,1787486145.4116774,11.842520512989722,351.772,-1.4715028187700347,-2.580873844408837,0.9424476017901076
3,X->Y,1787486145.425,11.855842227989342,351.84,-1.4603350069660117,-2.5655228694250987,0.941618517730833
3,X->Y,1787486145.4364629,11.86730489495676,351.908,-1.4491323681380424,-2.5500997395574188,0.9425513645637444
3,X->Y,1787486145.446765,11.877607050992083,351.976,-1.4379140854777075,-2.5345910463274928,0.9496316460261304
3,X->Y,1787486145.9361432,12.36698654096108,352.248,-1.3943493889181788,-2.4715582194496757,0.9662035246044984
3,X->Y,1787486145.9498315,12.380673714971635,352.316,-1.3834833329692788,-2.455879544198994,0.9608983982585309
3,X->Y,1787486145.9620643,12.392906558990944,352.384,-1.372539693396132,-2.4402708236953243,0.9568351141356911
3,X->Y,1787486146.1059306,12.5367733159801,352.486,-1.3560617011467002,-2.416961301453565,0.9560574770519481
3,X->Y,1787486146.5264695,12.957312128972262,352.724,-1.3176518907179533,-2.3621233574427123,0.9554925089194245
3,X->Y,1787486146.5398166,12.97065890301019,352.792,-1.3066141358714067,-2.34650642420544,0.9519546352906799
3,X->Y,1787486147.44566,13.876502953004092,353.268,-1.2297681886725205,-2.2379256670375005,0.9708985278963771
3,X->Y,1787486147.4579356,13.888777992979158,353.336,-1.2190616651992183,-2.222274103614026,0.9698441113927716
3,X->Y,1787486147.4685616,13.899403925985098,353.404,-1.2083153035904188,-2.2066142930940007,0.9619951014621101
3,X->Y,1787486147.4781156,13.908957634994294,353.472,-1.197542591634436,-2.191175536099584,0.9554575626352211
3,X->Y,1787486147.48629,13.91713193396572,353.54,-1.186557139104137,-2.175833635338899,0.9496688646169404
3,X->Y,1787486147.4936814,13.924523204972502,353.608,-1.1753972212933566,-2.1601953229856026,0.9482071817457145
3,X->Y,1787486147.500892,13.931733483972494,353.676,-1.16423048593258,-2.144730055793957,0.9443203615537112
3,X->Y,1787486148.0592735,14.490116239991039,353.982,-1.1190433085517768,-2.080769250595207,0.9682203017609459
3,X->Y,1787486148.070557,14.501399318978656,354.05,-1.1110076238797042,-2.0694124329252617,0.9653199669911552
3,X->Y,1787486148.6967142,15.127557213010732,354.424,-1.0664713969021,-2.004712518431485,0.975492763551014
3,X->Y,1787486148.7107413,15.141584061959293,354.492,-1.0584662386330963,-1.9928371401986433,0.9882372445392792
3,X->Y,1787486149.840468,16.271311494987458,355.07,-0.9956019551043541,-1.891479568890451,1.0456305468260378
3,X->Y,1787486149.853382,16.284225506999064,355.138,-0.9884903832338999,-1.8794715336547347,1.0511348659199735
3,X->Y,1787486149.8644123,16.295254683995154,355.206,-0.9815141637249192,-1.8671545563409122,1.0639505726197669
3,X->Y,1787486149.8752463,16.30608840897912,355.274,-0.9747448736767688,-1.8546734031680092,1.0791138780035583
3,X->Y,1787486149.8843217,16.315163741004653,355.342,-0.9680885986145498,-1.8418470783952539,1.0875837153818435
3,X->Y,1787486149.8914952,16.322337095974945,355.41,-0.9617492202463309,-1.8298779586467957,1.0932052880443381
3,X->Y,1787486149.8983727,16.329214386991225,355.478,-0.9552473323915917,-1.817397235198204,1.098439674677796
3,X->Y,1787486149.9051754,16.336017292982433,355.546,-0.9488354023206184,-1.8048184372914544,1.109612023477222
3,X->Y,1787486149.9793193,16.410161799984053,355.648,-0.9399899229322716,-1.7861988676760476,1.1348748591680256
3,X->Y,1787486151.2391772,17.670019524986856,356.328,-0.8876425472902532,-1.6555338277589273,1.2491952660408236
3,X->Y,1787486151.2527962,17.68363841896644,356.396,-0.8832109848609833,-1.6420619181249114,1.2625258042166194
3,X->Y,1787486151.26353,17.694372100988403,356.464,-0.8789883611845304,-1.6286615062052285,1.2696655605485578
3,X->Y,1787486151.2728207,17.703663160966244,356.532,-0.8747999455971701,-1.6148718067776153,1.2777777100248542
3,X->Y,1787486151.2828615,17.7137037019711,356.6,-0.8708478466596764,-1.6016055241016787,1.2879650932606956
3,X->Y,1787486151.2912147,17.722056456957944,356.668,-0.867031647593368,-1.5881415129898269,1.2984760285343302
3,X->Y,1787486151.9887938,18.419636654958595,357.042,-0.8444557218873714,-1.4924369619309636,1.3771142978255893
3,X->Y,1787486152.001161,18.43200363800861,357.11,-0.8408362940323757,-1.4736332722796048,1.3919507942217073
3,X->Y,1787486152.0123067,18.44314906699583,357.178,-0.8375111672692789,-1.4548552455517632,1.4002909243412325
3,X->Y,1787486152.707783,19.13862538797548,357.552,-0.8224040251821692,-1.3514521944828746,1.4521974879786805
3,X->Y,1787486152.7208173,19.15165985398926,357.62,-0.8201917887824212,-1.3326778376219859,1.458918994418912
3,X->Y,1787486152.7310274,19.16186948196264,357.688,-0.8181172264601078,-1.3139151027530682,1.463717941507541
3,X->Y,1787486152.7405174,19.171359259984456,357.756,-0.8161654343625551,-1.2950608323565096,1.4713317191546926
3,X->Y,1787486153.303194,19.73403667495586,358.096,-0.8082863236195881,-1.2003094136187171,1.509258443260197
3,X->Y,1787486153.3162785,19.747120812011417,358.164,-0.8072034928745331,-1.181017103809883,1.5237578645265826
3,X->Y,1787486153.6041121,20.03495539497817,358.368,-0.8050764747637941,-1.124125984410609,1.5409344547725417
3,X->Y,1787486153.9548085,20.385651002987288,358.572,-0.8036422489147376,-1.0672624466379075,1.551041538613954
3,X->Y,1787486153.96792,20.398762161959894,358.64,-0.8032882922823319,-1.0482957423906498,1.554246499216083
3,X->Y,1787486154.256472,20.68731447396567,358.844,-0.8025966942018419,-0.9913633273683692,1.5636536245258892
3,X->Y,1787486154.268888,20.69973024900537,358.912,-0.8024810912431837,-0.972361343399099,1.5668272035068873
3,X->Y,1787486154.279725,20.71056716196472,358.98,-0.8024306725254596,-0.953345932776311,1.57005489412306
3,X->Y,1787486154.7697597,21.20060212101089,359.252,-0.8028325938872967,-0.8772201598031398,1.5827521778068263
3,X->Y,1787486154.7821932,21.213035798980854,359.32,-0.8030811137456774,-0.8581745384879508,1.5857868244110902
3,X->Y,1787486154.79312,21.22396197397029,359.388,-0.8033885103820689,-0.8391214850076314,1.5887128268988684
3,X->Y,1787486155.282577,21.713419442006852,359.66,-0.8051376647895467,-0.7628667797674372,1.5992141251205567
3,X->Y,1787486155.2959197,21.72676213696832,359.728,-0.8056969522518966,-0.7437905677030006,1.60162381793827
3,X->Y,1787486155.3068647,21.737707219959702,359.796,-0.8063019499376632,-0.7247120144819283,1.603893439434291
3,X->Y,1787486155.86282,22.293662394979037,360.102,-0.8095124892402586,-0.6388126264718585,1.61251263665283
3,X->Y,1787486155.8764758,22.30731812096201,360.17,-0.810319624347186,-0.6197184895276383,1.6140102331953874
3,X->Y,1787486155.888121,22.318963120982517,360.238,-0.8111544771918339,-0.6006210375127109,1.6153591635763287
3,X->Y,1787486156.3846412,22.815483554964885,360.544,-0.8151784569384085,-0.5146391721414182,1.6195260411884491
3,X->Y,1787486156.3968453,22.827687542012427,360.612,-0.8161141179546985,-0.4955275742359158,1.6200094831271132
3,X->Y,1787486156.4078684,22.838710429961793,360.68,-0.8170560347360368,-0.4764143163722751,1.620359024104876
3,X->Y,1787486156.8946686,23.325511067989282,360.952,-0.8208660827579513,-0.39995750503887517,1.620472480957117
3,X->Y,1787486156.9085066,23.339348806010094,361.02,-0.8218142131220213,-0.3808401314050733,1.6201489704124337
3,X->Y,1787486156.9198096,23.35065132100135,361.088,-0.8227533237395431,-0.3617212160639299,1.6197419058071303
3,X->Y,1787486157.8941827,24.32502505701268,361.598,-0.8293593203772308,-0.21832401920368394,1.6126946043413612
3,X->Y,1787486157.9086077,24.339450091007166,361.666,-0.8301505033461805,-0.19920816041932446,1.6112871849968824
3,X->Y,1787486157.9194305,24.35027243499644,361.734,-0.8309124583186849,-0.18009234141132807,1.6097850115547183
3,X->Y,1787486157.9292774,24.36011947900988,361.802,-0.8316468670982379,-0.16097507606467554,1.6082110305956085
3,X->Y,1787486157.938505,24.369346913008485,361.87,-0.8323499402847596,-0.14185773840516344,1.6065702484591955
3,X->Y,1787486157.9458234,24.37666549498681,361.938,-0.8330224644377989,-0.12274194644040771,1.6048645695288637
3,X->Y,1787486158.7862601,25.21710303396685,362.414,-0.8367490301503204,0.011027814512130519,1.5917153663099484
3,X->Y,1787486158.7990882,25.22993031796068,362.482,-0.8371305417059217,0.030132419918252315,1.5897259495070908
3,X->Y,1787486158.809772,25.240614245994948,362.55,-0.837481154915546,0.04923249922858692,1.587716444024539
3,X->Y,1787486159.0280244,25.458866811997723,362.72,-0.8381784058717439,0.09697126534692023,1.5826902620140975
3,X->Y,1787486159.0410142,25.471856433956418,362.788,-0.8383856902672633,0.11605758346262496,1.580649906377904
3,X->Y,1787486159.8801675,26.31101005896926,363.23,-0.8388046000538785,0.23995635157621462,1.5671399948682667
3,X->Y,1787486159.8959563,26.32679865200771,363.298,-0.8387257997121893,0.25899225432829903,1.5650314490202761
3,X->Y,1787486159.909599,26.340441125968937,363.366,-0.8385880993678404,0.2780205034678708,1.5629565655432816
3,X->Y,1787486159.92138,26.35222227795748,363.434,-0.8384182567771113,0.29704039036281527,1.5608925318809508
3,X->Y,1787486159.9314651,26.362307205970865,363.502,-0.8382264891886939,0.316052230411331,1.5588603474727256
3,X->Y,1787486159.9404347,26.37127647199668,363.57,-0.8379872636475678,0.3350539633666396,1.556906035340569
3,X->Y,1787486160.4982102,26.929052814957686,363.876,-0.8364503737240331,0.4204768625597312,1.548768144687034
3,X->Y,1787486160.714354,27.145196240977384,364.012,-0.8355524097474819,0.4583863207579966,1.5453423412964056
3,X->Y,1787486160.7266846,27.157527005008887,364.08,-0.8350609781534374,0.4773278219469053,1.5437027224832773
3,X->Y,1787486160.8718529,27.3026958249975,364.182,-0.8342486740511359,0.5057264874239754,1.5413156583939693
3,X->Y,1787486160.949957,27.380799565988127,364.25,-0.8336995757175075,0.524650308281791,1.5398690661486083
3,X->Y,1787486161.1003451,27.531187610991765,364.386,-0.8324922753018115,0.562497966405098,1.537388653953469
3,X->Y,1787486161.244907,27.67574983695522,364.488,-0.8315133361997817,0.5908569222134862,1.5357019012701874
3,X->Y,1787486161.4588492,27.88969266100321,364.624,-0.8301402306727512,0.6286553345575449,1.5337254106619367
3,X->Y,1787486161.472185,27.90302739298204,364.692,-0.8294319894308508,0.6475478600395257,1.5328618983432953
3,X->Y,1787486161.6151526,28.045995232998393,364.794,-0.8283358753718065,0.6758840520958471,1.5317922723930404
3,X->Y,1787486161.7622137,28.193055948999245,364.896,-0.8272334673507699,0.7042191587749426,1.531087081042134
3,X->Y,1787486161.90315,28.333992777974345,364.998,-0.8260946011063328,0.7325406004571683,1.53053374874765
3,X->Y,1787486162.0478895,28.478731915995013,365.1,-0.8249246078786625,0.7608667413553082,1.5303051724111256
3,X->Y,1787486162.5398026,28.970645205001347,365.372,-0.8218977958832581,0.8363961415056478,1.5310869079519245
3,X->Y,1787486162.5523582,28.983200243965257,365.44,-0.821150859060482,0.8552818507011803,1.5315654402880525
3,X->Y,1787486162.563169,28.994011264003348,365.508,-0.8204070475063351,0.8741741947223826,1.5321613428043184
3,X->Y,1787486162.5727448,29.0035869179992,365.576,-0.8196648482448601,0.8930681793938342,1.5328846738483901
3,X->Y,1787486162.9234064,29.35424905299442,365.78,-0.8176096074942868,0.9497680962738153,1.535720501744471
3,X->Y,1787486163.345385,29.77622728596907,366.018,-0.8153877954936359,1.0159746583710345,1.5402573592088522
3,X->Y,1787486163.3536143,29.78445605095476,366.086,-0.814806561636048,1.0349047671251568,1.5417885452034832
3,X->Y,1787486163.361222,29.792063876986504,366.154,-0.8142842982645088,1.0538379485356133,1.5433834266133628
3,X->Y,1787486164.2020552,30.63289814197924,366.63,-0.8114507854746797,1.1865710263861642,1.5564465434557981
3,X->Y,1787486164.2137425,30.644584516994655,366.698,-0.8111802716332244,1.2055608289712056,1.558530425888046
3,X->Y,1787486164.22312,30.65396168298321,366.766,-0.810952951155544,1.2245574803439525,1.5606636914336747
3,X->Y,1787486164.2306137,30.66145548899658,366.834,-0.8107966684287342,1.2435604729427727,1.5628103711609371
3,X->Y,1787486164.5144138,30.94525635696482,367.038,-0.8105004457030717,1.3006099064143186,1.5691730140606084
3,X->Y,1787486164.6657214,31.09656365500996,367.174,-0.8104935402691117,1.3386770662432188,1.5734366467429417
3,X->Y,1787486164.949544,31.380386765988078,367.344,-0.8107343564097316,1.3862907062305283,1.5786962216487392
3,X->Y,1787486165.173053,31.603895778011065,367.514,-0.8112242571297108,1.4339370655357113,1.5836689789479257
3,X->Y,1787486165.1861908,31.61703291599406,367.582,-0.8114471673176062,1.4530027414260454,1.585570879382825
3,X->Y,1787486165.6110408,32.04188319295645,367.82,-0.8126418657487986,1.5197678083740476,1.5916065799326808
3,X->Y,1787486165.6240425,32.054884834971745,367.888,-0.8130477045554846,1.5388529177150732,1.593169066886803
3,X->Y,1787486165.6351998,32.06604188401252,367.956,-0.8134737273188544,1.5579390156074735,1.5946244210631242
3,X->Y,1787486166.1285622,32.55940455599921,368.262,-0.8157383600850461,1.6438545508273048,1.6001983622716769
3,X->Y,1787486166.7631497,33.19399267301196,368.636,-0.8190731140397811,1.748902335910929,1.604153487508419
3,X->Y,1787486166.776435,33.20727720001014,368.704,-0.8196794668734878,1.7680040717954726,1.6045303085539702
3,X->Y,1787486166.7882042,33.21904644096503,368.772,-0.8203533809549682,1.7871047339996364,1.6048073001480778
3,X->Y,1787486166.7995658,33.23040795797715,368.84,-0.8209771897853125,1.8062049630201693,1.6050069287388802
3,X->Y,1787486166.8777392,33.3085818879772,368.942,-0.82197753932928,1.834857016241924,1.6051123306827573
3,X->Y,1787486167.0284758,33.459318039007485,369.078,-0.8232923188059756,1.873051599056171,1.6049655777756946
3,X->Y,1787486167.3824174,33.81326028396143,369.282,-0.8251991606018612,1.9303446363237118,1.6042184518809552
3,X->Y,1787486167.527376,33.95821827399777,369.384,-0.8261567580626393,1.9589919283863473,1.6036202761794518
3,X->Y,1787486167.603559,34.03440222295467,369.452,-0.8267703368171981,1.9780850115175623,1.6031609622065972
3,X->Y,1787486167.895709,34.32655120000709,369.656,-0.8285857844644747,2.035358681682599,1.6016720335617447
3,X->Y,1787486167.9083564,34.339198582980316,369.724,-0.8291627826936431,2.0544453963880103,1.6011639074566084
3,X->Y,1787486167.9202592,34.35110134596471,369.792,-0.8297625927480045,2.073531422957367,1.6006693024105734
3,X->Y,1787486168.5491915,34.98003358900314,370.132,-0.8324412581539424,2.168950313139693,1.5966265050522461
3,X->Y,1787486168.5628,34.99364212999353,370.2,-0.8329089338883927,2.1880281984205254,1.5956330494836182
3,X->Y,1787486168.5740988,35.00494102900848,370.268,-0.8333979237548449,2.2071056581665562,1.5947296458331583
3,X->Y,1787486168.9954727,35.42631511995569,370.506,-0.8349058571977118,2.273859186635951,1.5924406681438972
3,X->Y,1787486169.007302,35.438144249957986,370.574,-0.8352842420708557,2.2929275065547294,1.5920549367598933
3,X->Y,1787486169.0191157,35.449958354001865,370.642,-0.8356936154942669,2.3119931108066427,1.5918827064128012
3,X->Y,1787486169.3747594,35.80560180696193,370.88,-0.8372275346083838,2.3786113608279402,1.6060630800482218
3,X->Y,1787486169.518931,35.94977318699239,370.982,-0.8385789467600449,2.407142288419265,1.636011858171592
3,X->Y,1787486169.5310473,35.961889478960074,371.05,-0.8400174068863137,2.4261794462619246,1.6572591506021308
3,X->Y,1787486169.885786,36.316628481959924,371.288,-0.847899478087401,2.4918273201685865,1.721792746719496
3,X->Y,1787486170.031366,36.46220884297509,371.39,-0.8523339907478232,2.519555643352003,1.739950218311115
3,X->Y,1787486170.1075428,36.538385164982174,371.458,-0.8555951557396507,2.53818436030588,1.7506122757471712
3,X->Y,1787486170.4138458,36.84468893200392,371.662,-0.8664084771067405,2.593724443986102,1.7775637182879416
3,X->Y,1787486170.4263866,36.857229241984896,371.73,-0.8703695888230059,2.6122134206471115,1.783747349547567
3,X->Y,1787486170.4375687,36.86841076798737,371.798,-0.874343531071915,2.6304171652454778,1.7887787931353196
3,X->Y,1787486171.1374493,37.568292028969154,372.172,-0.8969878879991471,2.7315570296802925,1.7961618485316928
3,X->Y,1787486171.1500168,37.58085892198142,372.24,-0.9012200918162028,2.749981022708854,1.7965539047454677
3,X->Y,1787486171.1616547,37.59249681601068,372.308,-0.9053975360925105,2.768306109811051,1.793248876179721
3,X->Y,1787486171.1720855,37.60292776598362,372.376,-0.9095909282785106,2.78674314907837,1.7941120165241984
3,X->Y,1787486171.5236146,37.954457697982434,372.58,-0.9221477391986469,2.842089274979519,1.7948915609514953
3,X->Y,1787486171.5369165,37.967758891987614,372.648,-0.9264001639883594,2.8607944788546784,1.792534582627331
3,X->Y,1787486172.0291715,38.46001416898798,372.954,-0.9445763763321551,2.9435236988877715,1.781947474236489
3,X->Y,1787486172.0414329,38.472274969972204,373.022,-0.9484972576045495,2.9619629328969492,1.781695425233005
3,X->Y,1787486172.052858,38.48370034300024,373.09,-0.9524568084927609,2.9806666906881785,1.7783295612223657
3,X->Y,1787486172.5461788,38.97702135297004,373.362,-0.9676448779091145,3.0552358932002655,1.7616144132905542
3,X->Y,1787486172.5585096,38.98935170500772,373.43,-0.9712175716830924,3.0738259696199663,1.7602813314575279
3,X->Y,1787486172.5695293,39.00037136400351,373.498,-0.9747655550658675,3.092302692189941,1.7568464676667173
3,X->Y,1787486173.056894,39.48773633799283,373.77,-0.9879715878785273,3.1670414432300147,1.7349348472207409
3,X->Y,1787486173.0703175,39.50115985900629,373.838,-0.9910114650554394,3.1858714582270187,1.726876702998453
3,X->Y,1787486173.2206943,39.65153728501173,373.974,-0.9968134914779685,3.2235638375448996,1.7200293876451624
3,X->Y,1787486174.12762,40.55846248596208,374.45,-1.0127298263194573,3.34398667697689,1.6807315006117522
3,X->Y,1787486174.1406925,40.5715345669887,374.518,-1.014753202964538,3.3628999823014576,1.6699309123321957
3,X->Y,1787486174.1525726,40.58341472700704,374.586,-1.0166255791596086,3.3819615465059525,1.6647841370542706
3,X->Y,1787486174.1630158,40.59385795897106,374.654,-1.0183791436791172,3.401035867663424,1.662432908832069
3,X->Y,1787486174.1722248,40.60306691197911,374.722,-1.020103739292115,3.4200137316161836,1.6588836192391039
3,X->Y,1787486174.1814818,40.61232371197548,374.79,-1.0216779689928976,3.4378843138852924,1.655684300295573
3,X->Y,1787486174.2542107,40.68505342298886,374.858,-1.0228528517591975,3.4525678237519095,1.6504543421320115
3,X->Y,1787486174.693172,41.12401443195995,375.13,-1.0273847844113766,3.511443158570851,1.6450656169365983
3,X->Y,1787486174.7079518,41.13879405596526,375.198,-1.0284912482533073,3.5261676002853526,1.644180391940987
3,X->Y,1787486175.2616057,41.69244894699659,375.504,-1.033487996219219,3.597688189365743,1.632967363592438
3,X->Y,1787486175.2762742,41.70711631595623,375.572,-1.0346714844809435,3.6167814834169083,1.628706334793755
3,X->Y,1787486175.2874024,41.71824478497729,375.64,-1.0356835649903793,3.635859328371561,1.625267931877871
3,X->Y,1787486175.7792609,42.21010347397532,375.946,-1.039776104715615,3.7216309264117617,1.6104422125892717
3,X->Y,1787486175.7908318,42.221673939959146,376.014,-1.0405031747822309,3.7406975972360046,1.6070773936996328
3,X->Y,1787486175.8005805,42.231422715994995,376.082,-1.0411674667596766,3.759765300934225,1.603701648476684
3,X->Y,1787486176.1600087,42.590851499000564,376.286,-1.042786654668143,3.816947397139072,1.5933476520018919
3,X->Y,1787486176.1745894,42.60543201997643,376.354,-1.043166872848423,3.8360082241530846,1.5899030721984064
3,X->Y,1787486176.6697507,43.1005935560097,376.66,-1.0441449688872337,3.9217600556133396,1.5745604463205838
3,X->Y,1787486176.6822348,43.1130772769684,376.728,-1.0442143521259328,3.9408109288243063,1.5712723337888705
3,X->Y,1787486176.693237,43.124079089961015,376.796,-1.0442199508960348,3.959861241713798,1.568003740126581
3,X->Y,1787486176.907885,43.33872830995824,376.932,-1.0439882823119762,3.997960239316289,1.5615884334667565
3,X->Y,1787486176.921249,43.35209150699666,377.0,-1.043789346401943,4.017007342723795,1.5583636700365278
3,X->Y,1787486177.7746763,44.205518967995886,377.442,-1.0409685284915045,4.140768280824692,1.5361736624171698
3,X->Y,1787486177.7892144,44.22005717596039,377.51,-1.0402417489157338,4.159799116139065,1.5325027820523835
3,X->Y,1787486177.7998888,44.23073102196213,377.578,-1.0395087641162999,4.178829916019078,1.5287318505834024
3,X->Y,1787486177.8106985,44.2415405989741,377.646,-1.0386864734597563,4.197859162035114,1.5248367945291936
3,X->Y,1787486177.8898354,44.320678091957234,377.748,-1.0372764975918185,4.226392882129094,1.5186820950421107
3,X->Y,1787486178.0424886,44.47333109198371,377.884,-1.0351409106569667,4.264426191753503,1.5094644619729978
3,X->Y,1787486178.4660802,44.89692259801086,378.122,-1.0304317608415343,4.330936242299784,1.4876720172675684
3,X->Y,1787486178.4801457,44.91098803997738,378.19,-1.0287975370148421,4.349917643740605,1.4803947406146953
3,X->Y,1787486178.7656827,45.196525111969095,378.36,-1.0240650864714078,4.3973219242272545,1.4598226333987168
3,X->Y,1787486178.8497314,45.28057401598198,378.462,-1.020729220014613,4.425710327478002,1.4456692256014045
3,X->Y,1787486179.006558,45.437400833005086,378.598,-1.0156437366008193,4.463489781400025,1.424760913160498
3,X->Y,1787486179.1539316,45.58477405598387,378.7,-1.0112914088354592,4.491696306864644,1.4072894531108446
3,X->Y,1787486179.366546,45.79738835396711,378.836,-1.0046989872227718,4.529213598916592,1.3833635784236644
3,X->Y,1787486179.4506075,45.881450600980315,378.938,-0.9991637604873547,4.557274274621364,1.3645565513844404
3,X->Y,1787486179.6012356,46.03207883896539,379.074,-0.9912790069717947,4.593332593998175,1.3419427855732415
3,X->Y,1787486179.7482564,46.17909912497271,379.176,-0.9861551675983694,4.614834310234554,1.3292256605158133
3,X->Y,1787486179.8935032,46.32434602297144,379.278,-0.9807186654134226,4.63620676959052,1.312611681199383
3,X->Y,1787486180.1058307,46.53667372500058,379.414,-0.9729178592197791,4.6645123601042275,1.2918458100880277
3,X->Y,1787486180.119227,46.55006949196104,379.482,-0.9688415080187567,4.678640732099454,1.287434578105112
3,X->Y,1787486180.4038956,46.83473803999368,379.652,-0.9580058375658894,4.71380389430173,1.2499330284580639
3,X->Y,1787486180.8357399,47.266582212003414,379.924,-0.9384427523786675,4.767531479631582,1.1964876758392702
3,X->Y,1787486180.8488102,47.279652412980795,379.992,-0.9335953397398947,4.7797801214903854,1.18913635564675
3,X->Y,1787486180.8599994,47.290841527981684,380.06,-0.9286063341173868,4.792023802169747,1.1730743911623893
3,X->Y,1787486181.211099,47.641941378009506,380.298,-0.9095008221637814,4.834138798136616,1.1136425957902976
3,X->Y,1787486181.224172,47.65501413599122,380.366,-0.9036031759824493,4.845938370586865,1.0969391640449961
3,X->Y,1787486181.7918596,48.22270226298133,380.706,-0.8740662081719174,4.899692393207675,1.023329315411594
3,X->Y,1787486181.8066592,48.23750208498677,380.774,-0.8678348082080434,4.909773099834973,1.0071307075166986
3,X->Y,1787486181.8217232,48.252565575996414,380.842,-0.8614025863311497,4.919839437406689,0.9902039468828912
3,X->Y,1787486182.1860762,48.61691855196841,381.08,-0.8377107958461654,4.9546219963668845,0.9434766642897423
3,X->Y,1787486182.3290968,48.75993927195668,381.182,-0.8279897968028097,4.967714676805508,0.9175211283613811
3,X->Y,1787486182.3421135,48.77295608096756,381.25,-0.8211362228533571,4.9765579460924245,0.9015038448683556
3,X->Y,1787486182.4876876,48.91853036399698,381.386,-0.8070160471584271,4.993876076322579,0.8704231720899307
3,X->Y,1787486182.9108357,49.341678657976445,381.624,-0.7814743991658266,5.0228568170436745,0.8305826923933833
3,X->Y,1787486182.9245782,49.3554207579582,381.692,-0.7742698864464235,5.030652557390238,0.8152996241561832
3,X->Y,1787486182.9355848,49.36642704595579,381.76,-0.7669413717474414,5.038327459787206,0.79805098345096
3,X->Y,1787486183.4977508,49.92859322600998,382.1,-0.7279109614493006,5.07521207455981,0.7184320794414718
3,X->Y,1787486183.5109653,49.94180755096022,382.168,-0.7200541835327612,5.082004243482927,0.7049308445332414
3,X->Y,1787486184.274459,50.7053014599951,382.576,-0.6706250933223531,5.120870428703754,0.6281804491740853
3,X->Y,1787486184.2879598,50.71880271396367,382.644,-0.6620016355671556,5.127069433585529,0.6166106451911724
3,X->Y,1787486184.2990174,50.72985957597848,382.712,-0.6533077642452434,5.133169303454376,0.6053896161041412
3,X->Y,1787486184.3087888,50.73963094397914,382.78,-0.6445472303335099,5.139172146464168,0.5944948431073482
3,X->Y,1787486184.3176174,50.74845952598844,382.848,-0.6361199306303958,5.144816862602967,0.5844193973399641
3,X->Y,1787486184.3967934,50.82763606100343,382.95,-0.6237249880147839,5.15291054092168,0.5711876369695373
3,X->Y,1787486184.9693663,51.400209015992004,383.29,-0.5771811129626003,5.18121426819615,0.5185318898916731
3,X->Y,1787486184.9825318,51.413374418974854,383.358,-0.5678766245391224,5.1864720386018694,0.5088465481597876
3,X->Y,1787486185.2021787,51.6330214519985,383.528,-0.5444277389407628,5.19922817156066,0.4855772269560343
3,X->Y,1787486185.2147017,51.64554368396057,383.596,-0.5349473670733775,5.2041712873162576,0.47425108595520565
3,X->Y,1787486185.359175,51.79001764697023,383.698,-0.5204280411361915,5.211456768355825,0.4537095944146925
3,X->Y,1787486186.0592604,52.490102870971896,384.072,-0.46111655704612703,5.238010328003207,0.3870697933607113
3,X->Y,1787486186.070962,52.50180399697274,384.14,-0.45018055717983585,5.242357246561073,0.36548439597584886
3,X->Y,1787486186.0812452,52.512087352981325,384.208,-0.439157992582421,5.246485290984679,0.3494545924997526
3,X->Y,1787486186.0903373,52.52117914799601,384.276,-0.42803978233704526,5.250481138507484,0.3396122426641319
3,X->Y,1787486186.5825703,53.01341292198049,384.548,-0.3789293922588281,5.26675944304944,0.29914778396738106
3,X->Y,1787486186.5952609,53.02610336296493,384.616,-0.36593817117286126,5.270694735664418,0.28749610655487945
3,X->Y,1787486186.6066203,53.0374629899743,384.684,-0.3529086458963144,5.27449625121085,0.27886589717599014
3,X->Y,1787486187.0940006,53.52484338497743,384.956,-0.2995494577455038,5.288268343535774,0.22594643678759707
3,X->Y,1787486187.1062481,53.537090283993166,385.024,-0.2859433435655656,5.291354185286088,0.21886413727481724
3,X->Y,1787486187.1173902,53.54823213699274,385.092,-0.2720781816929184,5.294397403905332,0.21144065902957238
3,X->Y,1787486187.2618084,53.6926511079655,385.194,-0.2507897062654427,5.298843330508991,0.19938991518253427
3,X->Y,1787486187.5430892,53.97393170295982,385.364,-0.21271275407218537,5.3062167494519565,0.17938450021434219
3,X->Y,1787486187.903527,54.33436984696891,385.602,-0.1468368753591072,5.316823955917112,0.14275236680672812
3,X->Y,1787486187.9167624,54.347604556998704,385.67,-0.1279581424789555,5.319483804460063,0.13578027739128995
3,X->Y,1787486188.0626328,54.49347503698664,385.772,-0.09961048620357207,5.3232349995144155,0.12622615439081342
3,X->Y,1787486188.137727,54.56856937595876,385.84,-0.08069769847909404,5.325596266991642,0.12119505151970689
3,X->Y,1787486188.4241753,54.85501789697446,386.044,-0.023901545292171714,5.332154353822401,0.10786609694006385
3,X->Y,1787486188.5055714,54.936413746967446,386.146,0.00452711663738831,5.335150138789119,0.10108802662944154
3,X->Y,1787486189.0725007,55.503344137978274,386.486,0.09944468611042313,5.343639925610612,0.07490579756233541
3,X->Y,1787486189.0856984,55.51654081098968,386.554,0.118458514013953,5.345020860215384,0.06856036228060823
3,X->Y,1787486189.0964196,55.527262024988886,386.622,0.13748224725591474,5.346278131574719,0.061802927411496386
3,X->Y,1787486189.1056488,55.53649091196712,386.69,0.15651523103302598,5.347404171968239,0.05463308417335163
3,X->Y,1787486189.385357,55.816199143009726,386.86,0.2041396255616234,5.349580497923852,0.03401400282913613
3,X->Y,1787486189.7495708,56.18041351396823,387.098,0.2709000849259702,5.350779333529866,-0.0022207172821186514
3,X->Y,1787486189.7630162,56.1938583329902,387.166,0.2899831934391884,5.350651931633401,-0.014249356878118085
3,X->Y,1787486190.326689,56.75753172399709,387.506,0.38530720283992376,5.346143519927559,-0.08730544284232382
3,X->Y,1787486190.3395243,56.77036633598618,387.574,0.4043219083151747,5.344361390910697,-0.10416385367907022
3,X->Y,1787486190.483816,56.91465851396788,387.676,0.4327841224254167,5.341074333862087,-0.13075692851537177
3,X->Y,1787486190.5601516,56.9909945759573,387.744,0.45170875698815716,5.338454398794091,-0.1493703234977925
3,X->Y,1787486190.9870377,57.41788051801268,388.016,0.5267992763528768,5.324332197744624,-0.22898272674838033
3,X->Y,1787486191.0003881,57.43123081797967,388.084,0.545367950235175,5.319855074143274,-0.24982409496253577
3,X->Y,1787486191.0117126,57.44255473295925,388.152,0.5638197731522323,5.314995212677275,-0.2708664311092295
3,X->Y,1787486191.6437545,58.07459740998456,388.526,0.6633541652190085,5.281867887638044,-0.3751694778282188
3,X->Y,1787486191.6636436,58.09448639198672,388.594,0.6810169042866339,5.274791430385887,-0.3905207790854969
3,X->Y,1787486191.6746762,58.10551838501124,388.662,0.6986220299531618,5.267409223990032,-0.40848754804199505
3,X->Y,1787486191.7596912,58.19053374795476,388.764,0.7246930397599273,5.2557927469198775,-0.4297957007094092
3,X->Y,1787486192.047341,58.47818365000421,388.968,0.7763199348121373,5.231148605385651,-0.4710234015370891
3,X->Y,1787486192.328741,58.75958394497866,389.138,0.8183854084856095,5.208671487732148,-0.5140615393106883
3,X->Y,1787486192.4100807,58.84092302998761,389.24,0.8431574515004938,5.1943198297337725,-0.5401362703929006
3,X->Y,1787486193.3160167,59.746859267004766,389.75,0.9627903828398221,5.1156532166586635,-0.6249422289739421
3,X->Y,1787486193.3295724,59.76041459199041,389.818,0.9782279154803013,5.104400911826829,-0.63690047948237
3,X->Y,1787486193.3416386,59.772480791958515,389.886,0.9935478029742645,5.092963197733634,-0.6480909697173847
3,X->Y,1787486193.3510582,59.78190017398447,389.954,1.0087596390093887,5.081354587184252,-0.6583702938978672
3,X->Y,1787486193.3595028,59.79034466895973,390.022,1.023725344745158,5.0696773096578935,-0.6682323014294209
3,X->Y,1787486193.3668208,59.797662772994954,390.09,1.03873430577176,5.057737574985574,-0.6794866047372008
3,X->Y,1787486193.5091379,59.93998108396772,390.192,1.0610727907318847,5.039445965436511,-0.6952181442895603
3,X->Y,1787486194.0039954,60.434838159009814,390.464,1.1190821105197077,4.989409249047256,-0.731382544283846
3,X->Y,1787486194.1544385,60.58528123301221,390.6,1.1474705134886687,4.963427386365134,-0.7509837639109418
3,X->Y,1787486194.2990017,60.7298441400053,390.702,1.168579989285034,4.943563363177805,-0.7595438969605782
3,X->Y,1787486194.31237,60.74321257695556,390.77,1.1825956887525795,4.930228411022228,-0.7635551516802902
3,X->Y,1787486194.4552734,60.88611606997438,390.872,1.2033444978249386,4.910213996686335,-0.7722714847434811
3,X->Y,1787486194.5982182,61.029060727974866,390.974,1.223616154726756,4.890262400657288,-0.7842244438211147
3,X->Y,1787486194.8793762,61.31021878699539,391.144,1.2573626727017155,4.856562748618746,-0.7828775093226015
3,X->Y,1787486194.9628925,61.39373548695585,391.246,1.2774980796883042,4.836562096685106,-0.7816512133009028
3,X->Y,1787486195.115753,61.54659543995513,391.382,1.3038855359269919,4.8102376373394575,-0.7894802665134123
3,X->Y,1787486195.2617521,61.692594671971165,391.484,1.3238201659986046,4.790028406513876,-0.7945379850278026
3,X->Y,1787486195.4054518,61.83629434998147,391.586,1.3441857783578899,4.769290316853396,-0.7931420096995141
3,X->Y,1787486195.623066,62.05390819098102,391.722,1.3706114361068458,4.742377598460193,-0.7969864171212018
3,X->Y,1787486195.6377754,62.06861759000458,391.79,1.3838831349711347,4.72883539559479,-0.7979918196323595
3,X->Y,1787486195.7826712,62.21351412095828,391.892,1.403990698036904,4.708197638935686,-0.7984047189111165
3,X->Y,1787486195.9970362,62.42787890799809,392.028,1.4307904345615032,4.680621495647698,-0.8010805210262145
3,X->Y,1787486196.0092983,62.44014108396368,392.096,1.4437392944377623,4.667209111301544,-0.8037913144291393
3,X->Y,1787486196.1517885,62.582632030011155,392.198,1.4636995415742342,4.646405786456135,-0.8074633869187305
3,X->Y,1787486196.3658836,62.796726055967156,392.334,1.4898504453137835,4.61893911844938,-0.8136104851683315
3,X->Y,1787486196.6568513,63.087693461973686,392.538,1.528341924444522,4.5773680315781435,-0.8342767044926416
3,X->Y,1787486196.8079453,63.23878768697614,392.674,1.5534045468626836,4.549641242736318,-0.8376430917627142
3,X->Y,1787486197.372808,63.80365031800466,392.98,1.6095703668053067,4.4853523247516955,-0.8670560406251526
3,X->Y,1787486197.3857427,63.81658493599389,393.048,1.6221094078292595,4.4704744110614225,-0.8709392956305437
3,X->Y,1787486197.397323,63.8281650809804,393.116,1.634123691730127,4.456120171017388,-0.8760793476305931
3,X->Y,1787486197.4077952,63.83863718697103,393.184,1.646035119060404,4.441872897009881,-0.8803595363628843
3,X->Y,1787486198.3852174,64.81606017798185,393.694,1.732004367950774,4.329452775054739,-0.949689360310993
3,X->Y,1787486198.3997886,64.83063095097896,393.762,1.7429081690326258,4.3140556966237344,-0.9583098934936364
3,X->Y,1787486198.4179323,64.84877438895637,393.83,1.7535854505837554,4.298918453753422,-0.9630855219668494
3,X->Y,1787486198.427428,64.85826998297125,393.898,1.7638689043043652,4.283861638654998,-0.9784403057351722
3,X->Y,1787486198.4371626,64.86800477496581,393.966,1.7743301513195597,4.268163381465654,-0.9913183455694087
3,X->Y,1787486198.4470506,64.87789227499161,394.034,1.7845999854660262,4.252390349695913,-0.9953417181922167
3,X->Y,1787486198.5929053,65.02374807698652,394.17,1.805003135170797,4.220649357029959,-1.0026429911761636
3,X->Y,1787486199.0870087,65.5178514609579,394.442,1.8449107401529494,4.156837564339848,-1.0192400404896178
3,X->Y,1787486199.1007137,65.53155578800943,394.51,1.8546369962305649,4.141149949261742,-1.0170113982564757
3,X->Y,1787486199.1110249,65.54186687897891,394.578,1.8645990466604567,4.125049657301769,-1.0136367381953666
3,X->Y,1787486199.4597807,65.89062293997267,394.782,1.894123199325609,4.077706394806922,-1.0153844189403667
3,X->Y,1787486199.878382,66.30922456999542,395.02,1.9298504429069814,4.02176545619127,-0.9846115120482631
3,X->Y,1787486199.8912175,66.32205949298805,395.088,1.9403593355108673,4.006180545819457,-0.9711640523512464
3,X->Y,1787486199.9024746,66.33331698196707,395.156,1.950800350989503,3.9910551179943643,-0.9611195588219351
3,X->Y,1787486200.1192439,66.55008651397657,395.326,1.9754747147598175,3.9559091634248054,-0.9482834877891227
3,X->Y,1787486200.1332204,66.5640629309928,395.394,1.9835301513806605,3.9447934723170777,-0.9353220104999723
3,X->Y,1787486200.4839554,66.91479797498323,395.598,2.0090005729623797,3.9114869694663947,-0.9012243354774189
3,X->Y,1787486201.1115584,67.54240125697106,395.938,2.0532429429725156,3.85867995649552,-0.8393413022991583
3,X->Y,1787486201.125656,67.55649808800081,396.006,2.0617888757504557,3.8492924352011464,-0.8280033754147375
3,X->Y,1787486201.1364467,67.5672892339644,396.074,2.070153545958868,3.840244905798807,-0.8181844878816247
3,X->Y,1787486201.1470351,67.57787762099179,396.142,2.0788984523027523,3.8309879781582623,-0.8041237174725233
3,X->Y,1787486201.6412804,68.07212319597602,396.448,2.1216550393618303,3.7899992412423344,-0.7200324117674106
3,X->Y,1787486201.655732,68.08657419099472,396.516,2.1317303854584377,3.7812569180550395,-0.7080242523835254
3,X->Y,1787486201.6670978,68.09794042696012,396.584,2.141972557282425,3.772565179470813,-0.6949155434812493
3,X->Y,1787486201.883138,68.31398080900544,396.72,2.162456766422749,3.7558968031386284,-0.6673873178204083
3,X->Y,1787486201.8967876,68.32762984797591,396.788,2.1729767959827546,3.747712652949513,-0.6531196842379776
3,X->Y,1787486202.521932,68.95277500001248,397.128,2.227797190101684,3.708949070149206,-0.5713841488192174
3,X->Y,1787486202.5348198,68.96566250699107,397.196,2.2389249718703774,3.701901892256016,-0.5542320512750256
3,X->Y,1787486202.5465982,68.97744036000222,397.264,2.250167775586098,3.695041443533752,-0.5403932864493828
3,X->Y,1787486202.6248512,69.05569373600883,397.366,2.2677914235353813,3.6846505380515215,-0.5200861478896959
3,X->Y,1787486203.11559,69.54643282596953,397.672,2.3227296595399287,3.6551430195795165,-0.46067784514047566
3,X->Y,1787486203.3294868,69.76032981096068,397.808,2.3479261688745523,3.643045726260985,-0.4321559131620331
3,X->Y,1787486203.344743,69.77558508596849,397.876,2.3645916195335643,3.6355327668083164,-0.40932535934553843
3,X->Y,1787486203.487513,69.91835576901212,397.978,2.390969297323711,3.6245097787673606,-0.37775007663557736
3,X->Y,1787486203.5626855,69.99352801800705,398.046,2.4086811329191833,3.6176488125948447,-0.3578467229062925
3,X->Y,1787486203.6468003,70.07764318096451,398.148,2.434545185809144,3.6082605775408183,-0.33263645903735184
3,X->Y,1787486203.8707044,70.3015471539693,398.318,2.4696969999087006,3.597038348207549,-0.2865012258975468
3,X->Y,1787486203.8843684,70.31521070399322,398.386,2.484749977272346,3.5926684410038447,-0.2762046041314896
3,X->Y,1787486204.374146,70.80498931498732,398.658,2.5581569297347024,3.5739640958675274,-0.21815224397738386
3,X->Y,1787486204.3882642,70.81910694896942,398.726,2.576725197233229,3.5699396651306277,-0.20570197379082378
3,X->Y,1787486204.4000113,70.83085333998315,398.794,2.5953444823610776,3.566138525370327,-0.1942456569070687
3,X->Y,1787486204.6124227,71.04326533299172,398.93,2.6327111522231834,3.5591615550437234,-0.17223302248276776
3,X->Y,1787486204.6256096,71.05645203095628,398.998,2.651452235637489,3.555979191455582,-0.16138248666262806
3,X->Y,1787486205.7355022,72.1663447410101,399.576,2.8113547620349237,3.536943338885735,-0.06525754660771936
3,X->Y,1787486205.7485116,72.17935367196333,399.644,2.8297306329163217,3.5358914479367427,-0.04348049175006828
3,X->Y,1787486205.760952,72.19179399998393,399.712,2.848733238217318,3.5352572050046542,-0.014765192226948304
3,X->Y,1787486205.7735555,72.20439743995667,399.78,2.86772957885879,3.5351846093039447,0.01354686846581078
3,X->Y,1787486205.781981,72.21282311197137,399.848,2.8866857900864757,3.535610729078213,0.03693892004450457
3,X->Y,1787486205.7896762,72.22051840799395,399.916,2.9056338384687646,3.536468710150682,0.05871988652880851
3,X->Y,1787486205.7969115,72.2277531499858,399.984,2.924561463621226,3.537739709243532,0.07972893107161179
3,X->Y,1787486205.938805,72.36964760901174,400.086,2.9529072852007854,3.5403713644258517,0.11084694261171432
3,X->Y,1787486206.2206392,72.65148171200417,400.256,2.9999601925153803,3.546743670440473,0.16110643009591574
3,X->Y,1787486206.589534,73.02037675096653,400.494,3.0651727758435836,3.559410762356482,0.22503858244545163
3,X->Y,1787486206.804677,73.23551966395462,400.63,3.1021123211803587,3.5684609934604223,0.2556080009642729
3,X->Y,1787486206.8163924,73.24723453796469,400.698,3.120569994812444,3.5733643397734633,0.2712462118963836
3,X->Y,1787486206.8270266,73.25786876596976,400.766,3.138955739138912,3.5786599288674648,0.28659629536142167
3,X->Y,1787486207.3165355,73.7473780749715,401.072,3.220135084039565,3.6048129440072683,0.3360053167779262
3,X->Y,1787486207.5335696,73.96441216097446,401.208,3.2559948919238066,3.6178786757310917,0.3653233968103797
3,X->Y,1787486207.547905,73.97874733200297,401.276,3.2737056488885115,3.6247999897632015,0.3776348709231256
3,X->Y,1787486208.1729577,74.60379968496272,401.616,3.361019546171192,3.6621766361650048,0.42987209707924984
3,X->Y,1787486208.1830385,74.61388026800705,401.684,3.377964973607518,3.669915204602085,0.4289314155324884
3,X->Y,1787486208.1934633,74.6243052239879,401.752,3.395135274936705,3.6779028198782244,0.43066308294329153
3,X->Y,1787486208.2013118,74.63215360196773,401.82,3.412410496704927,3.6857900549161933,0.43866768187414734
3,X->Y,1787486208.2084875,74.6393292179564,401.888,3.4295851056322912,3.6939909155553963,0.44961466932295124
3,X->Y,1787486208.491129,74.92197158996714,402.058,3.4722933558743114,3.7152289289240854,0.4734617590485048
3,X->Y,1787486208.9858334,75.4166760169901,402.364,3.5471202404169597,3.7556805081853524,0.5339967847041391
3,X->Y,1787486208.9999986,75.43084075296065,402.432,3.5633902728285176,3.7654921528132115,0.5550194626215378
3,X->Y,1787486209.011034,75.4418762169662,402.5,3.5794415929134984,3.7756944606570264,0.5744640118616796
3,X->Y,1787486209.5652237,75.99606629798654,402.806,3.6493625830788945,3.824695821209265,0.6491373359219428
3,X->Y,1787486209.5776534,76.00849566998659,402.874,3.664422929805949,3.836274421921227,0.663490660023786
3,X->Y,1787486209.591038,76.02188018796733,402.942,3.6793287719447685,3.8480623312180686,0.6765989127651163
3,X->Y,1787486209.9445806,76.3754232939682,403.18,3.730594816694544,3.890364911163634,0.7010531269307649
3,X->Y,1787486210.0889347,76.51977704197634,403.282,3.752284602307551,3.9087972227196985,0.7074236241471755
3,X->Y,1787486210.1011205,76.53196280199336,403.35,3.766681445121725,3.9211455433968085,0.7111545311127788
3,X->Y,1787486210.735087,77.16592962300638,403.724,3.8450732548308917,3.98984216957048,0.7276875449580101
3,X->Y,1787486210.7502358,77.18107800796861,403.792,3.8592061556499653,4.002460648373556,0.7301467904683987
3,X->Y,1787486210.76302,77.1938624230097,403.86,3.873308133623751,4.015109822047512,0.7324122650209214
3,X->Y,1787486210.979359,77.41020160797052,404.03,3.90852951207644,4.04692929939887,0.7375452167705132
3,X->Y,1787486210.9931521,77.42399454099359,404.098,3.9225379351861216,4.059688351571739,0.7403176690774806
3,X->Y,1787486212.2405937,78.67143647000194,404.744,4.054569279281847,4.182129082900248,0.7533423940822088
3,X->Y,1787486212.2520652,78.68290742998943,404.812,4.068795952036363,4.195483572425835,0.7555858683747351
3,X->Y,1787486212.2619536,78.69279540400021,404.88,4.082700572359736,4.208615101999045,0.7592251804004765
3,X->Y,1787486212.270734,78.70157604000997,404.948,4.096478706537816,4.221702913100662,0.7590203038576467
3,X->Y,1787486212.2787366,78.70957833901048,405.016,4.110414503158287,4.234904162587425,0.7569030985775541
3,X->Y,1787486212.2861924,78.7170342739555,405.084,4.124232929421355,4.247935742839838,0.7547866565015627
3,X->Y,1787486212.2932982,78.7241399679915,405.152,4.138057653120211,4.260903296808633,0.7514979101393173
3,X->Y,1787486212.3694007,78.80024342000252,405.254,4.158855944904523,4.280234319215043,0.7459953275640341
3,X->Y,1787486213.2851813,79.7160236609634,405.764,4.264146560603432,4.37648727245355,0.745381872318613
3,X->Y,1787486213.2981164,79.72895867197076,405.832,4.27805276792677,4.389340319987951,0.7470789773194707
3,X->Y,1787486213.309935,79.74077705299715,405.9,4.291931811109856,4.402206976471537,0.7481104989377788
3,X->Y,1787486213.319971,79.75081301201135,405.968,4.305885196976813,4.41519119447741,0.751859198067194
3,X->Y,1787486213.463551,79.89439351600595,406.07,4.326607810113637,4.434608054880184,0.7542340901730558
3,X->Y,1787486213.7478108,80.17865427199285,406.24,4.36138784791165,4.467478500734001,0.7633227121701158
3,X->Y,1787486214.1779566,80.60879928496433,406.512,4.414905603211908,4.519018171292655,0.7610541000235613
3,X->Y,1787486214.1908708,80.62171307299286,406.58,4.427543413887555,4.531002469098041,0.755061989750149
3,X->Y,1787486214.4728584,80.9037007970037,406.75,4.458514181615673,4.559849441034715,0.7436471522198476
3,X->Y,1787486214.4863303,80.91717260499718,406.818,4.470358205609775,4.570679231472555,0.7381966420335728
3,X->Y,1787486214.4978986,80.92874077596935,406.886,4.48231203777406,4.5815204815160095,0.7335548343856346
3,X->Y,1787486214.8503087,81.28115136100678,407.09,4.516225629829237,4.611788428349522,0.7227658440115725
3,X->Y,1787486214.8647451,81.29558741598157,407.158,4.527056027026081,4.621323132056622,0.7228679183708002
3,X->Y,1787486215.221284,81.65212638600497,407.396,4.562857544081188,4.652755039403817,0.7217431352919536
3,X->Y,1787486215.234153,81.6649951369618,407.464,4.572406577226764,4.661190372288604,0.7230857288342534
3,X->Y,1787486215.3848681,81.81571064697346,407.6,4.591216228130427,4.677752922471226,0.7195503827198789
3,X->Y,1787486215.9449348,82.37577773496741,407.906,4.62973788404749,4.711013738841863,0.7028796532936017
3,X->Y,1787486215.9568114,82.38765362900449,407.974,4.637797201555458,4.717835025788316,0.6988730518560032
3,X->Y,1787486215.9679058,82.3987481619697,408.042,4.645691623184166,4.724446308889836,0.6950940987431781
3,X->Y,1787486216.1219285,82.55277091695461,408.178,4.66094644167875,4.737084665651291,0.6883035544733664
3,X->Y,1787486216.4736261,82.90446850296576,408.382,4.6835058757873345,4.755492566755175,0.6800161507907305
3,X->Y,1787486216.4916444,82.92248649295652,408.484,4.694000487735099,4.763934119275204,0.6764674628385346
3,X->Y,1787486216.983312,83.41415425000014,408.756,4.71965964006034,4.784351932110924,0.6689672054844478
3,X->Y,1787486217.002992,83.43383437697776,408.858,4.728740227614334,4.791553364114173,0.6667287769387084
3,X->Y,1787486217.2248914,83.65573388698976,409.028,4.743149304817763,4.802859335821647,0.6638106640973684
3,X->Y,1787486217.6586192,84.08946260000812,409.334,4.767061395546006,4.821458586162003,0.6594943233752271
3,X->Y,1787486218.218829,84.64967130497098,409.674,4.790607189700178,4.839648005364727,0.6555457756179589
3,X->Y,1787486218.2433271,84.67416948499158,409.81,4.799355752390602,4.846361877765683,0.654254386112345
3,X->Y,1787486218.4646072,84.89544959500199,410.014,4.81163577187197,4.855782211100511,0.6521421288634539
3,X->Y,1787486219.2385886,85.66943094599992,410.49,4.841553963298572,4.8786757681742206,0.6526871367825888
3,X->Y,1787486219.2659664,85.69680840097135,410.66,4.851009362723902,4.885897363936179,0.6501285590392055
3,X->Y,1787486219.4953856,85.92622834898066,410.898,4.864222438025939,4.895878414763474,0.6462615751726438
4,Y->M,1787486224.4522114,0.0,414.74,4.882333956599656,4.91013969848228,-0.04955830797549161
4,Y->M,1787486230.3097663,5.41787538502831,419.364,4.882693380166081,4.8842183564403525,-1.5589634450830656
4,Y->M,1787486230.3281775,5.436285772011615,419.466,4.882688477728228,4.873429982573141,-1.5884273321573776
4,Y->M,1787486230.4055257,5.513634248985909,419.568,4.882357398346122,4.86254971759207,-1.6200904878642763
4,Y->M,1787486231.0309396,6.139048440032639,419.908,4.878492527993381,4.8259113326906435,-1.7397173254767175
4,Y->M,1787486231.0485597,6.156668107025325,420.01,4.876436613186767,4.814823999206883,-1.7760410840460041
4,Y->M,1787486231.6840003,6.792109458008781,420.418,4.863576083399163,4.768350851349807,-1.9177373368301844
4,Y->M,1787486231.701708,6.809816215012688,420.52,4.859005052904412,4.756269698920944,-1.9513578226063717
4,Y->M,1787486231.8541288,6.962237954023294,420.69,4.850219749177253,4.735595158597476,-2.0051180192939992
4,Y->M,1787486232.4126713,7.520780306018423,420.996,4.830149993892669,4.698081155346715,-2.111981696114314
4,Y->M,1787486232.4264975,7.53460668498883,421.064,4.82485714049988,4.689429992301329,-2.1341200374291147
4,Y->M,1787486232.4376519,7.5457602859823965,421.132,4.819273357686597,4.680790022818457,-2.161023433576684
4,Y->M,1787486232.4475205,7.555628724978305,421.2,4.81340071219573,4.672223418838464,-2.188160975755755
4,Y->M,1787486232.7276947,7.835803586000111,421.37,4.7971412248292,4.650499923726785,-2.239320132794264
4,Y->M,1787486233.011733,8.11984174902318,421.54,4.778750326528157,4.628533106460306,-2.301486764021666
4,Y->M,1787486233.1632812,8.271390024980064,421.676,4.761864059851178,4.610360973521094,-2.340230403920879
4,Y->M,1787486233.3792417,8.487350357987452,421.812,4.743194422159142,4.591872963202603,-2.385508096225422
4,Y->M,1787486233.3912773,8.499385729024652,421.88,4.73315351975882,4.582586080519474,-2.40855811572821
4,Y->M,1787486233.5334425,8.641551299020648,421.982,4.716537397951187,4.568017175807104,-2.4370255319755088
4,Y->M,1787486233.6776927,8.785801678022835,422.084,4.698298850756333,4.552929419659792,-2.4664221375932804
4,Y->M,1787486233.7531993,8.861308364022989,422.152,4.684089713167972,4.541752439663969,-2.486300357870407
4,Y->M,1787486233.905129,9.013237826002296,422.288,4.6539842809662995,4.519470487744678,-2.524501920363115
4,Y->M,1787486234.3977866,9.505895795999095,422.56,4.590533703099572,4.477251388453607,-2.580943400510728
4,Y->M,1787486234.4127932,9.520901677024085,422.628,4.574368078155104,4.467195068863782,-2.590272969751143
4,Y->M,1787486234.4247522,9.532860757026356,422.696,4.5583122068544615,4.45742710023538,-2.60164975954163
4,Y->M,1787486234.4991765,9.60728570498759,422.764,4.541941766125571,4.447724958447672,-2.6120938209887594
4,Y->M,1787486235.3406405,10.448749080009293,423.24,4.425798786403579,4.382433525150104,-2.626642691129362
4,Y->M,1787486235.3532403,10.461348764016293,423.308,4.409271919888617,4.372993374265599,-2.6165261968485134
4,Y->M,1787486235.3639355,10.47204393701395,423.376,4.3928294419643725,4.363388437606926,-2.6073830700819913
4,Y->M,1787486235.3744268,10.482535538030788,423.444,4.37647132529265,4.353628651301017,-2.5983571665251537
4,Y->M,1787486235.7258158,10.833924719016068,423.682,4.319894743295991,4.318473238595132,-2.572210729716727
4,Y->M,1787486235.8703024,10.978411260992289,423.784,4.295897887054114,4.3029276159710195,-2.560612326683783
4,Y->M,1787486235.8829246,10.9910329169943,423.852,4.279973756495781,4.292467458556585,-2.560697122740971
4,Y->M,1787486236.6496792,11.7577880389872,424.294,4.17785619375819,4.222795581230002,-2.5160400730451262
4,Y->M,1787486236.661626,11.769735097012017,424.362,4.162468220697998,4.211608186789238,-2.5087112098696838
4,Y->M,1787486236.6747975,11.782906079024542,424.43,4.147151944869147,4.200310442877787,-2.5021757033577985
4,Y->M,1787486236.6844852,11.792593127000146,424.498,4.131901143923817,4.188912376853711,-2.4964692978946714
4,Y->M,1787486236.75805,11.866158851014916,424.566,4.11670843766168,4.177428080220821,-2.4916070223555464
4,Y->M,1787486237.2549896,12.363098348025233,424.872,4.048885324751844,4.125055559259009,-2.4782317448331828
4,Y->M,1787486237.4024205,12.51052922703093,424.974,4.026411033350247,4.107461164897391,-2.4766723707751153
4,Y->M,1787486237.416562,12.524670796003193,425.042,4.011436089623863,4.095718121000202,-2.476399363967858
4,Y->M,1787486237.7026794,12.810788206988946,425.246,3.966465441017306,4.06048685071071,-2.4784055360150457
4,Y->M,1787486237.853555,12.961664895003196,425.382,3.9363971937072235,4.037074681696814,-2.4820327945862015
4,Y->M,1787486238.4151926,13.523301070032176,425.688,3.868367873904067,3.9849673485203017,-2.4954759892620797
4,Y->M,1787486238.4287982,13.536906699009705,425.756,3.853150073868906,3.9735346108428202,-2.4994398727733502
4,Y->M,1787486238.4410908,13.549199154018424,425.824,3.8378832010759463,3.9621603517839925,-2.5037437724867746
4,Y->M,1787486238.4512239,13.559332451026421,425.892,3.822562067154049,3.950849501597341,-2.5083525165165965
4,Y->M,1787486238.6632159,13.771324803994503,426.028,3.7917439094786087,3.928444365857298,-2.5182284337231136
4,Y->M,1787486238.675638,13.783746420987882,426.096,3.7762457534187837,3.9173567738930535,-2.523526992539766
4,Y->M,1787486239.024081,14.132189530006144,426.3,3.729401225123297,3.884617558200651,-2.540727865597402
4,Y->M,1787486239.7249677,14.833076738985255,426.674,3.6494043424917835,3.831654312664108,-2.582044033408476
4,Y->M,1787486239.7373297,14.845438216987532,426.742,3.633308251842889,3.821676133983324,-2.5923105644826636
4,Y->M,1787486239.7495222,14.857630641025025,426.81,3.619741804812996,3.813453662710682,-2.6031416777825096
4,Y->M,1787486239.7584805,14.866588782984763,426.878,3.607101393169859,3.8059721022714115,-2.6119972697806517
4,Y->M,1787486239.7676165,14.875724581012037,426.946,3.5944087111617224,3.7985882385702987,-2.6175903497136424
4,Y->M,1787486240.1185882,15.22669705201406,427.184,3.5395811750764863,3.7681741790569383,-2.653124017102497
4,Y->M,1787486240.2655659,15.373674893984571,427.286,3.5151815285788577,3.7554191144289923,-2.6688134434118242
4,Y->M,1787486240.2789433,15.387051739031449,427.354,3.502010996382931,3.7487808738575383,-2.682514227559592
4,Y->M,1787486240.6370356,15.74514493602328,427.592,3.4493517043538424,3.723797943601818,-2.711857453921969
4,Y->M,1787486240.7814255,15.889533973997459,427.694,3.4232866949485055,3.712060235835828,-2.725411977030243
4,Y->M,1787486240.9269638,16.035072300001048,427.796,3.3970482551707546,3.70067748899295,-2.7400428710613784
4,Y->M,1787486240.9395497,16.047658025985584,427.864,3.379430291843252,3.693300366338667,-2.751871369752419
4,Y->M,1787486241.5013251,16.60943379200762,428.204,3.290087773868791,3.6601187259404306,-2.8152565390265734
4,Y->M,1787486241.514821,16.622929668985307,428.272,3.2719948262942786,3.6540640338720105,-2.8232835594358234
4,Y->M,1787486241.5261207,16.634229091985617,428.34,3.253835904914135,3.6481617979337173,-2.832821918213538
4,Y->M,1787486241.8103812,16.918490001000464,428.544,3.1990484834239648,3.6314768931953485,-2.8644674146653593
4,Y->M,1787486242.101967,17.210076313000172,428.748,3.1437658906391013,3.616979187871801,-2.900555888608559
4,Y->M,1787486242.461573,17.569682032975834,428.986,3.0787514911470333,3.6018375277031973,-2.927894107799797
4,Y->M,1787486242.4747167,17.58282515098108,429.054,3.0601359069124214,3.5978591280132517,-2.934899980795424
4,Y->M,1787486243.1678042,18.27591302501969,429.462,2.9474374645387154,3.5781783384572794,-3.0050407000769686
4,Y->M,1787486243.180709,18.288817760010716,429.53,2.928556759212522,3.5756370812493055,-3.011499623075291
4,Y->M,1787486243.191149,18.299257265985943,429.598,2.909642014563549,3.5732122374609667,-3.017973093560488
4,Y->M,1787486243.201027,18.309135192015674,429.666,2.890721673049106,3.570918031566766,-3.025273971400967
4,Y->M,1787486243.4900749,18.598184565023985,429.87,2.8338595903767554,3.564943793128072,-3.050898516087213
4,Y->M,1787486243.63508,18.743190319975838,429.972,2.8053860359203493,3.562515493424078,-3.064033247174283
4,Y->M,1787486243.7806702,18.888779675005935,430.074,2.776867436888462,3.5604710414001346,-3.078290486003326
4,Y->M,1787486243.9258823,19.03399136097869,430.176,2.748316120554409,3.55885105832349,-3.0941472334858013
4,Y->M,1787486244.1407764,19.248885461012833,430.312,2.710201059753583,3.5574376598997324,-3.118185531265004
4,Y->M,1787486244.1543913,19.262499807984568,430.38,2.6911247296638976,3.5570873898831374,-3.1315096579769546
4,Y->M,1787486244.4432006,19.55130948999431,430.55,2.643437807285153,3.5573896667748053,3.114333875154528
4,Y->M,1787486244.8102617,19.91837058699457,430.788,2.5767809682648823,3.5610676599923843,3.0522720556571143
4,Y->M,1787486244.8234751,19.931584011006635,430.856,2.557784108191206,3.562909432595556,3.032496223208793
4,Y->M,1787486245.6698725,20.777981625986286,431.332,2.426519891820102,3.5870731509717677,2.8802618064248566
4,Y->M,1787486245.687957,20.796073751989752,431.4,2.408114855534683,3.5921415171886095,2.85950474020615
4,Y->M,1787486245.6997094,20.807818351022433,431.468,2.38986139267493,3.5975708362934813,2.8406802890235934
4,Y->M,1787486245.7088454,20.81695348600624,431.536,2.37171522141504,3.603349025798734,2.8213476067045224
4,Y->M,1787486245.7876437,20.89575242099818,431.638,2.344640521286074,3.6126657167013323,2.792365785027889
4,Y->M,1787486246.5650737,21.673182364029344,432.08,2.2303944459029705,3.6604527550151844,2.683055181951943
4,Y->M,1787486246.5789351,21.68704379798146,432.148,2.216163540772453,3.667592007843551,2.6658584006781223
4,Y->M,1787486246.8695142,21.97762340400368,432.352,2.176659615271149,3.6888997165657265,2.6287533471092193
4,Y->M,1787486246.8824575,21.990566430031322,432.42,2.160414416914426,3.698091538988093,2.622948591895964
4,Y->M,1787486246.8937638,22.001872911991086,432.488,2.1438840673720594,3.707603656897733,2.6125773208650243
4,Y->M,1787486247.3117304,22.419839576992672,432.726,2.095219395166615,3.737621073473184,2.5571050220825007
4,Y->M,1787486247.3240929,22.43220158998156,432.794,2.083006620213629,3.745814430576145,2.5403735131755707
4,Y->M,1787486247.6039274,22.71203539101407,432.964,2.0478692018920235,3.7707556403482267,2.505919856118404
4,Y->M,1787486247.7519782,22.860087645007297,433.1,2.0237576254755543,3.7889501854394116,2.4825872067463197
4,Y->M,1787486247.7661784,22.874287126003765,433.168,2.0088844962448493,3.800573450395905,2.4717691648247118
4,Y->M,1787486248.1182559,23.22636492102174,433.372,1.9658366540009693,3.835858168431935,2.435756309908152
4,Y->M,1787486248.8882117,23.99632030801149,433.78,1.8810314067813894,3.9123826603798113,2.386401121040294
4,Y->M,1787486248.9000914,24.00819986098213,433.848,1.8671847475988428,3.9254634808403632,2.382370132130291
4,Y->M,1787486248.91066,24.018768754031043,433.916,1.8533914262938815,3.93859601994517,2.378793186197564
4,Y->M,1787486248.9201481,24.02825648599537,433.984,1.8396351514300333,3.9517875155031685,2.374764155725768
4,Y->M,1787486248.9291997,24.03730781102786,434.052,1.8259596806231666,3.9650229460005453,2.3697118585444787
4,Y->M,1787486248.9375083,24.045616555027664,434.12,1.8123516225617142,3.9783135130289597,2.3659478510334115
4,Y->M,1787486248.9450777,24.053185598982964,434.188,1.798773161953317,3.9916932449409512,2.3601424462022216
4,Y->M,1787486249.5010426,24.609151468030177,434.494,1.7385681324697506,4.052662736944194,2.3410618488028003
4,Y->M,1787486249.7132757,24.821384223003406,434.63,1.7120277387546405,4.080050568347963,2.3364309107580494
4,Y->M,1787486249.7261233,24.83423173200572,434.698,1.6988873808135974,4.093835239477888,2.3269057756975777
4,Y->M,1787486249.8713138,24.979422876029275,434.8,1.679394241252845,4.114658913780263,2.3209873787974966
4,Y->M,1787486250.084586,25.1926951680216,434.936,1.6534202063477708,4.142516071782801,2.3217361963862078
4,Y->M,1787486250.2333133,25.341422619007062,435.072,1.6274341348508523,4.170383573638803,2.3203404287606477
4,Y->M,1787486250.378319,25.486427919997368,435.174,1.6079671695609576,4.191343012825606,2.317076133934908
4,Y->M,1787486250.4536448,25.56175452802563,435.242,1.5950606488295633,4.205322497135469,2.316219529889068
4,Y->M,1787486250.8804128,25.988521563005634,435.514,1.5439727662165659,4.262023809629152,2.282052502771105
4,Y->M,1787486250.894012,26.00212013098644,435.582,1.5316143787910539,4.27646095855224,2.275763315986132
4,Y->M,1787486251.037232,26.145340519025922,435.684,1.513150441516983,4.29824038613417,2.2723673018788575
4,Y->M,1787486251.1125927,26.220701306010596,435.752,1.5008652961476951,4.3128271761237515,2.268963482239354
4,Y->M,1787486251.9578009,27.065909589000512,436.228,1.4173496955304359,4.416843965797744,2.224176579111889
4,Y->M,1787486251.970877,27.0789855280309,436.296,1.405774096366372,4.431958437082891,2.225674235724013
4,Y->M,1787486251.982306,27.09041469998192,436.364,1.3941652627373866,4.447077489501127,2.2263140605435545
4,Y->M,1787486251.9946778,27.102786266012117,436.432,1.3825427915723452,4.462215199399877,2.2251419577647336
4,Y->M,1787486252.0044806,27.112588791991584,436.5,1.3709218614211909,4.477360322204205,2.2256874122296995
4,Y->M,1787486252.4926186,27.600727772980463,436.772,1.32524591240151,4.538289318462037,2.212611406700885
4,Y->M,1787486252.5083954,27.616504876990803,436.84,1.3138248728978077,4.553557584410945,2.2143856668039383
4,Y->M,1787486252.66317,27.771279052016325,436.976,1.290938187089481,4.584135151054573,2.209859794481882
4,Y->M,1787486252.9483151,28.056423871021252,437.146,1.262853022872724,4.622514924063981,2.2007231979170525
4,Y->M,1787486253.0958183,28.20392751903273,437.282,1.2403365509077007,4.65326649174266,2.2054627752547424
4,Y->M,1787486253.1739886,28.282097471994348,437.35,1.2290268806824858,4.66864013532763,2.2051714678138716
4,Y->M,1787486253.6035767,28.711685018031858,437.622,1.1842247680218239,4.730261041689793,2.1944576795970927
4,Y->M,1787486253.6173797,28.725488387979567,437.69,1.173085520229123,4.745695860593038,2.1992831450386
4,Y->M,1787486253.6279757,28.736083891009912,437.758,1.1618593935473231,4.761094172300375,2.2037227797717462
4,Y->M,1787486254.7978716,29.905980415991507,438.404,1.0526328607022182,4.905415675445532,2.249536212661951
4,Y->M,1787486254.8114774,29.91958618699573,438.472,1.040682817117236,4.920227624461304,2.2505713195469474
4,Y->M,1787486254.8233182,29.9314269599854,438.54,1.02871339089987,4.9349841474613285,2.2566892757757744
4,Y->M,1787486254.8329937,29.941102377022617,438.608,1.016601025350938,4.949646567769906,2.2688628777714093
4,Y->M,1787486254.8423524,29.950460356019903,438.676,1.0043155736985085,4.964132033940598,2.283272679412998
4,Y->M,1787486254.8503368,29.95844490500167,438.744,0.9917774703144474,4.978485727169761,2.2969995433459
4,Y->M,1787486254.9955072,30.10361600999022,438.88,0.9682920511970498,5.004356774302809,2.3169662546019754
4,Y->M,1787486255.347449,30.45555776101537,439.084,0.9392500238628325,5.035433417488286,2.335236049378072
4,Y->M,1787486255.9114099,31.019518602988683,439.39,0.8969464413610747,5.077950111899625,2.3679988314593547
4,Y->M,1787486255.9254627,31.033571248990484,439.458,0.8870303484494376,5.087563598025221,2.3780998287027346
4,Y->M,1787486255.9369693,31.045077666989528,439.526,0.8778425656847167,5.0962810083583125,2.389325752940959
4,Y->M,1787486255.9469826,31.05509083799552,439.594,0.8686079621972483,5.104837887051902,2.402271005087871
4,Y->M,1787486256.785885,31.8939941090066,440.036,0.8048694216851114,5.15849518296572,2.4828366886047073
4,Y->M,1787486256.7993684,31.90747710299911,440.104,0.794135370755371,5.1667349309657125,2.4922777227069113
4,Y->M,1787486256.8104143,31.918522990017664,440.172,0.7833343245469815,5.174869695456538,2.502375021662601
4,Y->M,1787486257.023777,32.13188616198022,440.308,0.762868833715441,5.189694696281653,2.529720141797231
4,Y->M,1787486257.0367277,32.14483670098707,440.376,0.7525025062395745,5.196890529969657,2.5424522921491812
4,Y->M,1787486257.180256,32.288364840031136,440.478,0.7367955082149716,5.207434700159104,2.560669247389991
4,Y->M,1787486257.324578,32.43268709798576,440.58,0.7202895583216092,5.21805996672989,2.5814454469865797
4,Y->M,1787486257.4689965,32.57710530998884,440.682,0.7035340471886405,5.2283373105935445,2.6043622808165483
4,Y->M,1787486257.6811883,32.78929698001593,440.818,0.6813469232522429,5.241148170057072,2.638809106323771
4,Y->M,1787486257.6944823,32.80259078898234,440.886,0.6703331623897703,5.247095106143983,2.6575997305494767
4,Y->M,1787486257.8411932,32.94930185901467,440.988,0.6536367483497785,5.255682644044183,2.6778467363963747
4,Y->M,1787486258.124328,33.23243673302932,441.158,0.6226504270582471,5.270508658071835,2.716167514918564
4,Y->M,1787486258.2052872,33.31339572800789,441.26,0.6041000088798072,5.278709610277802,2.7390184845578207
4,Y->M,1787486258.3551428,33.46325170103228,441.396,0.5792073262975581,5.288884856126069,2.7767982100664574
4,Y->M,1787486258.7085783,33.81668728799559,441.6,0.5416131157472793,5.30220716647211,2.8224888973180926
4,Y->M,1787486258.719542,33.82765028998256,441.668,0.5277552743239617,5.3067101184314405,2.8353199389212773
4,Y->M,1787486258.8615146,33.969623301003594,441.77,0.5067687400100408,5.313128057430832,2.856760077630372
4,Y->M,1787486259.0057096,34.11381838598754,441.872,0.4856876522563476,5.319049210149732,2.885451784062458
4,Y->M,1787486259.1499279,34.25803664198611,441.974,0.46147863582066656,5.325046297001662,2.9143899449575987
4,Y->M,1787486259.7817667,34.889875719032716,442.314,0.368406781087327,5.342762104095965,2.9942631150678953
4,Y->M,1787486259.795258,34.9033666360192,442.382,0.34956957433937724,5.345426651059201,3.0115924429406227
4,Y->M,1787486259.8065498,34.91465827397769,442.45,0.3306807807241385,5.347788066843441,3.0258299411017466
4,Y->M,1787486259.8171399,34.92524811101612,442.518,0.31176615836441274,5.349890980860468,3.0386903464613986
4,Y->M,1787486259.8274345,34.93554300500546,442.586,0.29282905424881756,5.351756310940192,3.050909381605207
4,Y->M,1787486260.3832684,35.49137756699929,442.892,0.20743659961458555,5.3573685682496786,3.1035109312472073
4,Y->M,1787486260.395558,35.50366682402091,442.96,0.1884270932685068,5.3580103119793865,3.114905019690267
4,Y->M,1787486260.476666,35.58477513998514,443.062,0.15989930378493405,5.35856710128712,3.1319679575217614
4,Y->M,1787486260.831961,35.94006964901928,443.3,0.09331737036765728,5.358005415640775,-3.1128413261296544
4,Y->M,1787486261.1150026,36.22311132401228,443.47,0.045800124420130026,5.356077397265553,-3.0869787231658417
4,Y->M,1787486261.1285002,36.236608976032585,443.538,0.026820372844781,5.354968295888809,-3.0770402412910243
4,Y->M,1787486261.3470979,36.455206664977595,443.708,-0.02058717492519022,5.351390722294474,-3.0532555596875675
4,Y->M,1787486261.3617206,36.469829073001165,443.776,-0.03952664751601304,5.349642940564481,-3.0435118963509664
4,Y->M,1787486262.0665195,37.174629172019195,444.15,-0.14315073345142398,5.336116408599685,-2.970015760680646
4,Y->M,1787486262.0800927,37.18820129899541,444.218,-0.16188048358661958,5.3328157196985995,-2.962204055898139
4,Y->M,1787486262.0908334,37.19894179300172,444.286,-0.18060670235265122,5.329381022508778,-2.9571604384817425
4,Y->M,1787486262.0999837,37.208091959008016,444.354,-0.19927679352756217,5.325849048715603,-2.949628111347378
4,Y->M,1787486262.4527037,37.560812562995125,444.592,-0.2646402814805249,5.312947715272838,-2.9391110431857643
4,Y->M,1787486262.6712112,37.77932043798501,444.728,-0.3018531102320778,5.304995620690991,-2.9205331754055566
4,Y->M,1787486262.6845806,37.792689074994996,444.796,-0.3204258440606284,5.300760853203962,-2.912453268773116
4,Y->M,1787486263.1030881,38.2111971200211,445.034,-0.38504986416554815,5.284576745654082,-2.8777031728732294
4,Y->M,1787486263.11527,38.223378465976566,445.102,-0.4034295838408986,5.279587523273761,-2.8749913565602907
4,Y->M,1787486263.1271725,38.23528051900212,445.17,-0.4217535093475257,5.274548872008309,-2.8689248491144665
4,Y->M,1787486263.2691362,38.37724490999244,445.272,-0.44911811746856356,5.266658699627527,-2.848105840726989
4,Y->M,1787486263.4141698,38.52227860101266,445.374,-0.4763528406436208,5.258139594199291,-2.8248261308629807
4,Y->M,1787486263.6986444,38.806753288023174,445.544,-0.5213362358036446,5.242559494262282,-2.7895151414810075
4,Y->M,1787486263.8496993,38.95780830498552,445.68,-0.5569554778123326,5.229023426900782,-2.7695577842272234
4,Y->M,1787486264.0632486,39.171357212006114,445.816,-0.5922397935906107,5.214906578910062,-2.7459577572996525
4,Y->M,1787486264.0763214,39.18442991399206,445.884,-0.6097420629621222,5.20745562583541,-2.7287240346569557
4,Y->M,1787486264.221902,39.33001096401131,445.986,-0.635808963226737,5.195699675703063,-2.7042876837888943
4,Y->M,1787486264.367892,39.47600127197802,446.088,-0.6615630576552552,5.183334649808559,-2.6808010432377762
4,Y->M,1787486264.5156484,39.62375711102504,446.19,-0.6870469798509012,5.170381479903338,-2.659458624031468
4,Y->M,1787486264.732389,39.840497602010146,446.326,-0.7206567163832591,5.152509449093627,-2.6440311736567836
4,Y->M,1787486264.7460232,39.85413163702469,446.394,-0.7373012842548275,5.143357027564061,-2.630442015230669
4,Y->M,1787486265.1615188,40.26962742302567,446.632,-0.7945090904787231,5.109279045227351,-2.5762085240731896
4,Y->M,1787486265.1736534,40.28176162100863,446.7,-0.8105439877209386,5.0989790213532,-2.5633207479860642
4,Y->M,1787486265.1843355,40.292443774989806,446.768,-0.8264047399545975,5.088500869949201,-2.5497128645929488
4,Y->M,1787486265.3284001,40.43650879000779,446.87,-0.8499720603852413,5.072362990740426,-2.5324543483673154
4,Y->M,1787486265.4724715,40.58058060199255,446.972,-0.8732362819640243,5.055884633206283,-2.515949519556834
4,Y->M,1787486265.547034,40.655142951989546,447.04,-0.8885958431957711,5.044673891888431,-2.5044028863226937
4,Y->M,1787486265.700693,40.80880162300309,447.176,-0.918952348088152,5.021721201502135,-2.482815625196669
4,Y->M,1787486265.8512447,40.95935354899848,447.278,-0.9414228192768651,5.004091072626347,-2.468739421529545
4,Y->M,1787486266.2706158,41.37872443901142,447.516,-0.9929916056798985,4.961884012235393,-2.443233016593387
4,Y->M,1787486266.2816453,41.38975357398158,447.584,-1.0075339271947343,4.9496143011357985,-2.4376136272356685
4,Y->M,1787486266.7702863,41.87839544098824,447.856,-1.0651192494133253,4.899837887833437,-2.420828771324265
4,Y->M,1787486266.7835429,41.89165131398477,447.924,-1.079411460322554,4.88724717770272,-2.417714058835724
4,Y->M,1787486266.793581,41.90168919903226,447.992,-1.0936698646558658,4.8746106035707,-2.414919238609125
4,Y->M,1787486267.4203248,42.5284339080099,448.332,-1.164487357560573,4.8109515324357135,-2.404457508109787
4,Y->M,1787486267.4339092,42.54201798001304,448.4,-1.17856545214561,4.798151350396705,-2.4028719504265124
4,Y->M,1787486267.4453955,42.55350363900652,448.468,-1.19262490808665,4.785328557148732,-2.4014096041611133
4,Y->M,1787486267.455397,42.56350529199699,448.536,-1.2066708342057175,4.772481559646285,-2.4000493515246806
4,Y->M,1787486267.9491782,43.05728769599227,448.842,-1.269734343653995,4.714405547219939,-2.394878045661693
4,Y->M,1787486268.169298,43.27740667498438,449.012,-1.3046391505049006,4.682021409114528,-2.3924997413180087
4,Y->M,1787486268.1829078,43.291016408009455,449.08,-1.3185700818563328,4.669054536496177,-2.3916161429651797
4,Y->M,1787486268.461707,43.56981618300779,449.25,-1.353346844061419,4.63658823600774,-2.389570630416985
4,Y->M,1787486268.8211572,43.92926579900086,449.488,-1.4020979655418364,4.591076038356057,-2.3944123140860305
4,Y->M,1787486268.8348083,43.94291708798846,449.556,-1.416094891087637,4.578138549356289,-2.397190429802408
4,Y->M,1787486269.0551522,44.16326104698237,449.726,-1.4512183825513458,4.5459721171914715,-2.4032083702516553
4,Y->M,1787486269.073285,44.181394168001134,449.794,-1.4653056934671977,4.533169236657091,-2.4049891079944348
4,Y->M,1787486270.045493,45.15360167901963,450.304,-1.5714898399348327,4.437630983585605,-2.4160366178085475
4,Y->M,1787486270.0589268,45.16703534399858,450.372,-1.5857621043193084,4.425005147016261,-2.419192331936845
4,Y->M,1787486270.070318,45.178426635975484,450.44,-1.6000669884922971,4.412428039416859,-2.4220340038512953
4,Y->M,1787486270.0815377,45.18964628101094,450.508,-1.6143987506712894,4.3998950794366865,-2.424488384009816
4,Y->M,1787486270.0906126,45.198721105989534,450.576,-1.6287531517701803,4.387400215888472,-2.426526290319046
4,Y->M,1787486270.0995328,45.207640880020335,450.644,-1.6431279016140845,4.374934153422962,-2.428075279441216
4,Y->M,1787486270.453035,45.5611436740146,450.882,-1.6935705194420227,4.331393518939819,-2.430406061739707
4,Y->M,1787486270.599369,45.70747742900858,450.984,-1.715220500623866,4.312737902282549,-2.4302784800492874
4,Y->M,1787486271.1606772,46.268785706022754,451.29,-1.7799589808387564,4.2566164121528685,-2.4192741407971865
4,Y->M,1787486271.1719167,46.280025354004465,451.358,-1.7942058208217795,4.2440118120300845,-2.4147450385255653
4,Y->M,1787486271.181792,46.28990059602074,451.426,-1.808398216573981,4.231342800242513,-2.4104482373432496
4,Y->M,1787486271.1908906,46.29899863700848,451.494,-1.8225422402712625,4.218609775169951,-2.406468027650401
4,Y->M,1787486271.538549,46.646657995006535,451.698,-1.8647335624875356,4.180075095253556,-2.396686013775698
4,Y->M,1787486271.8205767,46.92868592398008,451.868,-1.8996545424645344,4.147679628423537,-2.39092847890153
4,Y->M,1787486271.9646943,47.07280287100002,451.97,-1.920508966710707,4.128181078174353,-2.3881530241758657
4,Y->M,1787486272.2473242,47.355433625984006,452.14,-1.9550441778313261,4.095494535452158,-2.3776712318511195
4,Y->M,1787486272.2595894,47.36769768502563,452.208,-1.9687617236438122,4.082297175525643,-2.3731536353333773
4,Y->M,1787486272.2720983,47.380206550995354,452.276,-1.9824116405316121,4.069052259622633,-2.3683232008544755
4,Y->M,1787486272.5538824,47.66199092898751,452.446,-2.0162359859409387,4.035568779781329,-2.3543153781543475
4,Y->M,1787486272.702839,47.81094781297725,452.582,-2.0429758387385872,4.008403437003666,-2.3437945313126685
4,Y->M,1787486272.8473,47.95540890900884,452.684,-2.062746327788351,3.9878915052145056,-2.3281816222626315
4,Y->M,1787486272.922484,48.030592960014474,452.752,-2.075751904720372,3.9739956586357836,-2.3174346486307176
4,Y->M,1787486273.212714,48.3208225260023,452.956,-2.1143222008323526,3.9318850929993197,-2.3100166289242408
4,Y->M,1787486273.3620195,48.47012824402191,453.092,-2.139936109234272,3.9037212804359327,-2.3073792285351398
4,Y->M,1787486273.8500385,48.95814727898687,453.364,-2.190690026027909,3.8469406044764085,-2.295526065456276
4,Y->M,1787486273.863421,48.97152949398151,453.432,-2.203367728703079,3.832690696735965,-2.302357373583033
4,Y->M,1787486273.8751733,48.983281664026435,453.5,-2.2161132972815176,3.8185722539389766,-2.3094873792869324
4,Y->M,1787486273.88542,48.99352837400511,453.568,-2.2290026746083913,3.804529781160183,-2.3199641347401934
4,Y->M,1787486274.2387247,49.34683377802139,453.772,-2.268186349759309,3.7631319233098863,-2.3338804840501286
4,Y->M,1787486274.3152645,49.423373078985605,453.84,-2.2792687534860874,3.7514808336016245,-2.3264254819814085
4,Y->M,1787486274.465954,49.5740627439809,453.976,-2.299820679944067,3.72941568529458,-2.3196919226872725
4,Y->M,1787486274.6108088,49.71891771600349,454.078,-2.3192940797871,3.708616112195414,-2.3294845012736696
4,Y->M,1787486274.7552822,49.86339167202823,454.18,-2.335288245076487,3.691915278206377,-2.3410559395313655
4,Y->M,1787486275.0331755,50.1412847309839,454.35,-2.3604517675517918,3.66636201644978,-2.356849022426088
4,Y->M,1787486275.1161182,50.22422717802692,454.452,-2.374892610845373,3.6520306373318854,-2.3643989426709537
4,Y->M,1787486275.279311,50.38741959701292,454.588,-2.3946565748837947,3.6328591714292284,-2.379191716486613
4,Y->M,1787486275.3539777,50.46208707900951,454.656,-2.405171455452225,3.6228250754517624,-2.379865531081089
4,Y->M,1787486275.505271,50.613380139984656,454.792,-2.425964209969247,3.603113387468885,-2.3897178244685313
4,Y->M,1787486275.9244022,51.03251153603196,455.03,-2.4628698900793853,3.5697953558319497,-2.4273828463227303
4,Y->M,1787486275.9389277,51.047036417992786,455.098,-2.473717298101505,3.560484180859041,-2.439001556721195
4,Y->M,1787486275.9541755,51.06228407198796,455.166,-2.4843496813568477,3.5515654190651285,-2.4498258822177963
4,Y->M,1787486276.248031,51.35614019801142,455.37,-2.5191989242643924,3.5236339159437806,-2.481592872814512
4,Y->M,1787486276.8061538,51.914262033009436,455.676,-2.5724573652751226,3.4842905336618486,-2.5297044713677774
4,Y->M,1787486276.8165348,51.924643370031845,455.744,-2.587808017543337,3.4736351346364973,-2.5417750102303827
4,Y->M,1787486276.8942583,52.00236706697615,455.846,-2.6115847122742815,3.457729155533478,-2.5651878344569425
4,Y->M,1787486277.4636462,52.57175557001028,456.186,-2.6934487519076233,3.409042454048522,-2.6490244265441083
4,Y->M,1787486277.4762774,52.58438568399288,456.254,-2.7101903439337915,3.4002316005802973,-2.6673945220859236
4,Y->M,1787486277.4870503,52.59515841398388,456.322,-2.727232804784126,3.3916768641074992,-2.6893069078240415
4,Y->M,1787486277.4967322,52.60484033002285,456.39,-2.7444765640568134,3.38352744798443,-2.7140907648626214
4,Y->M,1787486278.0538855,53.16199463501107,456.696,-2.8238180177191605,3.350890579174865,-2.78819092456076
4,Y->M,1787486278.0675712,53.175680043001194,456.764,-2.8417333839589944,3.344424936615233,-2.80418137292089
4,Y->M,1787486278.2152555,53.32336469599977,456.9,-2.878034792230785,3.3324661568656007,-2.8482819311872527
4,Y->M,1787486278.500616,53.608725509024225,457.07,-2.9239031798088093,3.319590725138549,-2.8855920370725663
4,Y->M,1787486278.8565013,53.9646101440303,457.274,-2.9795339598513757,3.306125356987553,-2.9261045741754135
4,Y->M,1787486278.8696318,53.97774029301945,457.342,-2.998152707466278,3.302152174798929,-2.937946129837192
4,Y->M,1787486279.4441001,54.55220899399137,457.682,-3.092240574549458,3.286715393698388,-3.0127381451434916
4,Y->M,1787486279.4562926,54.56440123100765,457.75,-3.1111481170808326,3.2843320262001527,-3.021135003252299
4,Y->M,1787486279.4674556,54.575564338010736,457.818,-3.1300772435053235,3.282102941772525,-3.0291326160984426
4,Y->M,1787486279.4780605,54.586169329006225,457.886,-3.1490153991515997,3.2800238114994418,-3.0364789288269183
4,Y->M,1787486279.6891966,54.797305427026004,458.022,-3.186888916823361,3.276180149890984,-3.0440413221932534
4,Y->M,1787486279.7015488,54.80965707002906,458.09,-3.2058340684040716,3.2743458332640856,-3.0463931396242447
4,Y->M,1787486280.3274672,55.435575840994716,458.43,-3.300673093926014,3.265800584777169,-3.057851724950965
4,Y->M,1787486280.3393803,55.4474886910175,458.498,-3.3196604582325953,3.26422877748469,-3.060549118580921
4,Y->M,1787486280.3501468,55.458255081030075,458.566,-3.3386544922862313,3.262709363352557,-3.0634076490231967
4,Y->M,1787486280.7031078,55.81121730100131,458.804,-3.4051293043833013,3.25784590929465,-3.07458927392668
4,Y->M,1787486280.7159562,55.8240647080238,458.872,-3.424130500032588,3.256598073658286,-3.078042352164071
4,Y->M,1787486280.9290214,56.03713066299679,459.008,-3.4621591872068476,3.254301690902078,-3.0852584366236555
4,Y->M,1787486280.9420154,56.05012399202678,459.076,-3.4811798455943106,3.253257055546063,-3.0890106825542762
4,Y->M,1787486281.844799,56.95290833897889,459.552,-3.614422634176518,3.248011659026433,-3.116519236081069
4,Y->M,1787486281.8577302,56.965839067008346,459.62,-3.6334825883204576,3.2475662030544767,-3.121218059643062
4,Y->M,1787486281.8688962,56.977004747022875,459.688,-3.652523435834036,3.2472181264885496,-3.1261394496392465
4,Y->M,1787486281.879442,56.98755004198756,459.756,-3.6715542743465885,3.2469356268476823,-3.1271453320341225
4,Y->M,1787486281.9574919,57.06560078001348,459.858,-3.7001044733950614,3.2465104406935725,-3.125632025074634
4,Y->M,1787486282.6590436,57.76715260697529,460.266,-3.814314994137758,3.2440918631670406,-3.1150817376132127
4,Y->M,1787486282.6715446,57.77965313900495,460.334,-3.8333414236796006,3.2435782044352757,-3.1138018085498924
4,Y->M,1787486282.751006,57.85911526699783,460.436,-3.861889831593879,3.2427672001256345,-3.112346907465827
4,Y->M,1787486282.9008374,58.008946214977186,460.572,-3.8999572544523766,3.241631627564283,-3.111142444451329
4,Y->M,1787486283.2534032,58.36151213402627,460.776,-3.957073824571266,3.2398880733359015,-3.1113868353292458
4,Y->M,1787486283.2660177,58.37412623199634,460.844,-3.9761151618479693,3.2393185147463828,-3.1121259056779267
4,Y->M,1787486283.5516453,58.659753634012304,461.048,-4.03321126471734,3.2377356957911956,-3.116427828503528
4,Y->M,1787486283.770883,58.878992338024545,461.218,-4.080817873185115,3.236660091683953,-3.1224998819053478
4,Y->M,1787486283.783809,58.89191755600041,461.286,-4.0998650483382075,3.2363196072115654,-3.1256924556893186
4,Y->M,1787486283.9304264,59.03853508102475,461.388,-4.128439602278049,3.2359298805985035,-3.131160577740632
4,Y->M,1787486284.2138371,59.3219457140076,461.558,-4.176084129876537,3.235647179766907,-3.141466540532519
4,Y->M,1787486284.3629081,59.47101668600226,461.694,-4.214186561257925,3.2358044219427513,3.1317951755598528
4,Y->M,1787486284.5747643,59.68287318397779,461.83,-4.252280683476653,3.2363675971197536,3.1200836896598365
4,Y->M,1787486284.5878153,59.69592339597875,461.898,-4.271331531686281,3.236823681342451,3.1135814951708856
4,Y->M,1787486284.867637,59.97574561601505,462.068,-4.318950329608555,3.238531597109805,3.0957975730692566
4,Y->M,1787486285.1491992,60.257307890977245,462.238,-4.366542360269679,3.241129873003616,3.075925460129308
4,Y->M,1787486285.1625936,60.27070213499246,462.306,-4.385564485702637,3.242441485862198,3.067328854778382
4,Y->M,1787486285.1734228,60.28153147298144,462.374,-4.40457098227441,3.243919339747867,3.0583196591280184
4,Y->M,1787486286.1402347,61.248343507992104,462.884,-4.546525980090488,3.2604293727794547,2.996279519906875
4,Y->M,1787486286.151551,61.2596593539929,462.952,-4.565388615443894,3.2632314583526383,2.9898224647817364
4,Y->M,1787486286.1621277,61.27023576002102,463.02,-4.584201714001332,3.26615608441611,2.9838705133426644
4,Y->M,1787486286.1716735,61.27978179999627,463.088,-4.603018858130269,3.269171990875273,2.9800025584708965
4,Y->M,1787486286.180037,61.28814533498371,463.156,-4.621828504323399,3.272277620170248,2.9740525954440438
4,Y->M,1787486286.1877882,61.29589640599443,463.224,-4.640579804840761,3.2754645118250716,2.972170797580793
4,Y->M,1787486286.1950853,61.30319329001941,463.292,-4.65936523716961,3.278698122655517,2.9685174432560943
4,Y->M,1787486286.8977926,62.00590198102873,463.666,-4.762592535300931,3.29652402703736,2.968585590331877
4,Y->M,1787486286.9115207,62.019629541027825,463.734,-4.781359685185663,3.2998146788215332,2.9664733024067824
4,Y->M,1787486287.7489142,62.85702347703045,464.21,-4.912546831709618,3.3228291509279306,2.978732803892783
4,Y->M,1787486287.763071,62.87117944500642,464.278,-4.931341893556009,3.3258364973292958,2.98949380413545
4,Y->M,1787486287.7735436,62.88165217800997,464.346,-4.950190328624939,3.328672852297742,2.995624832775651
4,Y->M,1787486287.78322,62.891328154015355,464.414,-4.969046091116142,3.3314189057260584,2.998482783300424
4,Y->M,1787486287.7923987,62.90050677902764,464.482,-4.98788617300647,3.3341167805583765,3.0009059592929352
4,Y->M,1787486287.9342246,63.04233377799392,464.584,-5.016176070983832,3.3380594636070735,3.0057292871918664
4,Y->M,1787486288.2842014,63.39230999402935,464.788,-5.065357431947469,3.3444181706827973,3.0266323285549386
4,Y->M,1787486288.5657864,63.67389506299514,464.958,-5.101846045186122,3.3484352423444728,3.0369659498661417
4,Y->M,1787486288.5784607,63.68656938301865,465.026,-5.116450156404931,3.349951039913796,3.0401837386019275
4,Y->M,1787486288.5908394,63.69894776400179,465.094,-5.131060380293916,3.351418433660711,3.0436576088932887
4,Y->M,1787486289.4231455,64.53125415800605,465.536,-5.248747297708183,3.360357180818578,3.0954640487693057
4,Y->M,1787486289.4363554,64.54446382599417,465.604,-5.267744002235144,3.3611580291550016,3.10612929768052
4,Y->M,1787486289.4476042,64.55571283202153,465.672,-5.286748388050401,3.361750591971305,3.1176345727306405
4,Y->M,1787486289.4578347,64.56594319600845,465.74,-5.305760777809572,3.3621195132452524,3.1298728874694883
4,Y->M,1787486289.535736,64.6438447770197,465.842,-5.334280140305029,3.3622211355674856,-3.133337355675738
4,Y->M,1787486290.041873,65.14998203900177,466.148,-5.419739273095141,3.3587412358686763,-3.061780502415308
4,Y->M,1787486290.4028645,65.5109733690042,466.386,-5.485799802618071,3.35143097281888,-2.9948846093749353
4,Y->M,1787486290.4167607,65.52486896899063,466.454,-5.504563480770773,3.348506031892405,-2.9741197278869174
4,Y->M,1787486290.4283679,65.53647622198332,466.522,-5.522227271414502,3.3453796120019055,-2.9536463213361674
4,Y->M,1787486290.43889,65.54699829599122,466.59,-5.537056361584801,3.342451098703592,-2.9360861197158346
4,Y->M,1787486291.6174502,66.72555872198427,467.202,-5.674790609429611,3.303859058144857,-2.809670477889896
4,Y->M,1787486291.6306882,66.73879667202709,467.27,-5.692715641429667,3.2975233292820865,-2.7899325301350064
4,Y->M,1787486291.641217,66.74932523502503,467.338,-5.710534351701851,3.2908285046473886,-2.7709472378427793
4,Y->M,1787486291.6529534,66.76106166600948,467.406,-5.725214403553943,3.2850238063783106,-2.756429852921673
4,Y->M,1787486291.6653864,66.77349468402099,467.474,-5.738072539599086,3.279722414238159,-2.741367098711054
4,Y->M,1787486291.6760836,66.78419155202573,467.542,-5.751110336845107,3.2741174924917256,-2.727140418668225
4,Y->M,1787486291.8215806,66.92968928598566,467.678,-5.777145163549922,3.2622556214959406,-2.6991842674297843
4,Y->M,1787486292.2408333,67.34894185501616,467.916,-5.822575834425431,3.2399679260018504,-2.6668954454720315
4,Y->M,1787486292.251806,67.35991448001005,467.984,-5.834883003145659,3.233558419182503,-2.653736195313805
4,Y->M,1787486292.6730192,67.78112836100627,468.222,-5.877908337607813,3.2095122901504918,-2.6105060213495284
4,Y->M,1787486292.6867616,67.79487079300452,468.29,-5.890510556836928,3.2020278811471066,-2.598196550135514
4,Y->M,1787486292.9005961,68.00870551302796,468.426,-5.915083339962486,3.186871438433617,-2.582988157877448
4,Y->M,1787486292.9147615,68.02287073101616,468.494,-5.926933793167324,3.1794412642149,-2.578940409867033
4,Y->M,1787486293.0601466,68.16825584700564,468.596,-5.945268372979349,3.167735686327167,-2.5650034197610365
4,Y->M,1787486293.2048283,68.3129371899995,468.698,-5.963419095986264,3.1557292271716686,-2.5470657669385357
4,Y->M,1787486293.3477597,68.45586841797922,468.8,-5.985306024438993,3.1406742583973863,-2.5300984626098586
4,Y->M,1787486293.421796,68.52990459400462,468.868,-6.000831664948424,3.1296835706979413,-2.519041687092401
4,Y->M,1787486293.7027552,68.81086401402717,469.038,-6.033977250134256,3.105294561221412,-2.4961940082859626
4,Y->M,1787486293.9222486,69.03035755798919,469.208,-6.0717072300358925,3.076300905186279,-2.474623507954519
4,Y->M,1787486293.9356787,69.04378712299513,469.276,-6.086615764958182,3.064473673837126,-2.4659844557061774
4,Y->M,1787486294.3581192,69.4662276969757,469.514,-6.1380277793210185,3.0221718719101953,-2.4404393902178945
4,Y->M,1787486294.3717659,69.47987431002548,469.582,-6.152539947398971,3.009856773776273,-2.4346421936312783
4,Y->M,1787486294.7192764,69.82738515798701,469.786,-6.195718545536691,2.972439388615395,-2.4205562701160392
4,Y->M,1787486294.7323637,69.84047224797541,469.854,-6.21000719140564,2.9598390016459946,-2.416802748733385
4,Y->M,1787486295.295872,70.4039810919785,470.194,-6.280966951878126,2.8963715979323297,-2.412121869337607
4,Y->M,1787486295.3089318,70.41704022500198,470.262,-6.295163867766611,2.8836940365780337,-2.413545858776823
4,Y->M,1787486295.3202252,70.42833376402268,470.33,-6.309383480262974,2.871032111088626,-2.4149063145234595
4,Y->M,1787486295.330541,70.43864960200153,470.398,-6.323624828376507,2.8583835237411055,-2.4160756750253505
4,Y->M,1787486295.7497826,70.85789158201078,470.636,-6.37356457326383,2.8141969970592515,-2.4180305057212172
4,Y->M,1787486296.5227518,71.63086091598962,471.078,-6.466211490184018,2.732191709385073,-2.4154020445072755
4,Y->M,1787486296.5363548,71.64446336199762,471.146,-6.4804478649286015,2.719539886958798,-2.414689199098673
4,Y->M,1787486296.547787,71.65589528298005,471.214,-6.494678553115604,2.7068740671354585,-2.413916147019072
4,Y->M,1787486296.5599787,71.66808701498667,471.282,-6.508900601635931,2.6941959237460686,-2.4130903110458886
4,Y->M,1787486296.5689757,71.67708363098791,471.35,-6.523110726408518,2.6815064663710975,-2.412183433049061
4,Y->M,1787486296.7148488,71.82295755197993,471.486,-6.551484067616799,2.656096058762138,-2.4101852508640733
4,Y->M,1787486297.2707558,72.37886440998409,471.792,-6.615086698069771,2.598744617060715,-2.4054533104209392
4,Y->M,1787486297.283741,72.39184993802337,471.86,-6.629193159020393,2.5859513724278647,-2.4044821215027197
4,Y->M,1787486297.3643446,72.47245421202388,471.962,-6.650337273699207,2.566729306945151,-2.403044532862219
4,Y->M,1787486297.5166078,72.62471695599379,472.098,-6.678489994561253,2.5410499479361226,-2.4011475032502214
4,Y->M,1787486297.6587,72.76680852699792,472.2,-6.699564953145232,2.5217620377471204,-2.3997044277584716
4,Y->M,1787486298.5629804,73.6710889019887,472.676,-6.797493234061731,2.431384809903237,-2.39298966335985
4,Y->M,1787486298.5756905,73.68379886599723,472.744,-6.811446955373729,2.418410878508674,-2.3921555595402637
4,Y->M,1787486298.5863032,73.69441230100347,472.812,-6.825389988381398,2.4054253224286604,-2.391332370233593
4,Y->M,1787486298.5964656,73.70457422401523,472.88,-6.8393199888996135,2.3924302963147897,-2.39050875592788
4,Y->M,1787486298.605708,73.71381584799383,472.948,-6.85323481834067,2.3794279434570766,-2.389684267768482
4,Y->M,1787486298.681325,73.78943384601735,473.05,-6.874076674189559,2.359912539389737,-2.388442921366364
4,Y->M,1787486299.3125904,74.42069886199897,473.424,-6.950265859527474,2.2881264084400343,-2.3805165954531007
4,Y->M,1787486299.3272834,74.43539191602031,473.492,-6.963985788860026,2.274961671780372,-2.3711662362871664
4,Y->M,1787486299.4725027,74.58061139198253,473.594,-6.9843310240996,2.254908693861658,-2.3547699712741834
4,Y->M,1787486299.5477967,74.6559055839898,473.662,-6.997697338292157,2.2413908634678776,-2.3444386721042885
4,Y->M,1787486299.837728,74.94583720801165,473.866,-7.036934917997363,2.199977081185613,-2.312785061619147
4,Y->M,1787486299.919629,75.02773782802979,473.968,-7.056072767244561,2.1788363054072,-2.2987262648976756
4,Y->M,1787486300.2036593,75.31176784500713,474.138,-7.0870414909890185,2.14272396157832,-2.262061705008217
4,Y->M,1787486300.355765,75.46387357101776,474.274,-7.111195125573274,2.1132554608056986,-2.253976623021886
4,Y->M,1787486300.7074065,75.81551487703109,474.478,-7.1471270669141775,2.068933607923347,-2.2494107935184333
4,Y->M,1787486300.717079,75.82518733100733,474.546,-7.158987448112256,2.054168731536134,-2.243826803585903
4,Y->M,1787486300.7963252,75.9044340190012,474.648,-7.17663566901077,2.03172899215006,-2.2306089167317107
4,Y->M,1787486301.4346535,76.54276253201533,475.022,-7.240673396044093,1.9489740646199778,-2.228325326300231
4,Y->M,1787486301.4474735,76.55558173399186,475.09,-7.252269527807602,1.9339501421630172,-2.2277006051511794
4,Y->M,1787486301.4588997,76.56700858997647,475.158,-7.263817726875312,1.9188552235267191,-2.218085008118431
4,Y->M,1787486301.67509,76.78319882397773,475.328,-7.292273979259547,1.8806852203320754,-2.211087542519497
4,Y->M,1787486301.686522,76.79463047301397,475.396,-7.303650173356082,1.8654439251608932,-2.2137511858847474
4,Y->M,1787486302.036905,77.1450136200292,475.6,-7.337820719321628,1.819815212324847,-2.2078038584196977
4,Y->M,1787486302.5339305,77.64203919202555,475.872,-7.38290008622786,1.7584880757586558,-2.2060039413811383
4,Y->M,1787486302.5479445,77.6560532040312,475.94,-7.394207014140746,1.7431420270769256,-2.2071763277336767
4,Y->M,1787486302.5589495,77.66705758799799,476.008,-7.4054503608973805,1.727904983298841,-2.2044075634356606
4,Y->M,1787486302.5688615,77.67697013000725,476.076,-7.416666222737758,1.712530362404001,-2.1969526259613907
4,Y->M,1787486302.642222,77.75033068098128,476.144,-7.42780775753233,1.6970652662099788,-2.1944134402904547
4,Y->M,1787486302.9326317,78.04074056498939,476.348,-7.461347613757479,1.650905696393531,-2.2041013321746057
4,Y->M,1787486303.1519706,78.26007966202451,476.518,-7.489378100805569,1.6125387988362403,-2.1953033429846944
4,Y->M,1787486303.164302,78.2724110520212,476.586,-7.500525444982714,1.5970441007479879,-2.1954024943917503
4,Y->M,1787486303.7951381,78.90324693103321,476.926,-7.556264788497465,1.519984325140514,-2.1952100708632534
4,Y->M,1787486303.8074188,78.91552735702135,476.994,-7.567409326111971,1.5045518044236483,-2.198611673625316
4,Y->M,1787486303.818295,78.92640352301532,477.062,-7.578588703298971,1.489172260479375,-2.2010332220378146
4,Y->M,1787486304.7941103,79.90221942297649,477.606,-7.668036825694336,1.366094218969726,-2.2046312485127495
4,Y->M,1787486304.8077903,79.9158990290016,477.674,-7.679305936133894,1.3508036016309035,-2.207758701132067
4,Y->M,1787486304.820364,79.92847231798805,477.742,-7.690583097273245,1.335495281000686,-2.202352372327029
4,Y->M,1787486304.831142,79.9392502999981,477.81,-7.701783808791979,1.3201015799899185,-2.1974521055388436
4,Y->M,1787486304.8411481,79.94925615302054,477.878,-7.712972133065869,1.304646408516744,-2.1991848206577123
4,Y->M,1787486304.8497925,79.95790079998551,477.946,-7.7241840706014715,1.28926122043717,-2.203402173413266
4,Y->M,1787486305.2006288,80.30873728601728,478.184,-7.763713808683082,1.2358003932033754,-2.2086465688592365
4,Y->M,1787486305.4856477,80.59375644399552,478.354,-7.7918139453475,1.1973528153064572,-2.2001897094364207
4,Y->M,1787486305.6373975,80.7455064720125,478.49,-7.814292858395271,1.1666459325555063,-2.2059531239740866
4,Y->M,1787486306.1221945,81.2303032919881,478.762,-7.8590429074883446,1.1052842721004719,-2.1845582281337155
4,Y->M,1787486306.1344702,81.24257867399137,478.83,-7.869970151067875,1.0896694997790817,-2.178747247452682
4,Y->M,1787486306.1450202,81.25312859698897,478.898,-7.880837344965038,1.0740413354076765,-2.179051462177822
4,Y->M,1787486306.2871552,81.39526407798985,479.0,-7.897147692871822,1.0506378622307841,-2.1801264168517362
4,Y->M,1787486306.3609142,81.46902354399208,479.068,-7.908003189407475,1.035058380774963,-2.17868076989414
4,Y->M,1787486306.6454172,81.7535260390141,479.238,-7.934840696713614,0.9958414656256227,-2.1618894800539983
4,Y->M,1787486306.7931218,81.90123133303132,479.374,-7.956038037908744,0.9642409094233523,-2.162203896310054
4,Y->M,1787486306.9371135,82.045222218032,479.476,-7.971896786723727,0.940504418825867,-2.1574880169070445
4,Y->M,1787486307.0120873,82.12019604502711,479.544,-7.982471184412482,0.924612322101203,-2.1606138299325606
4,Y->M,1787486307.165004,82.273112897994,479.68,-8.003757665377266,0.8930950988898427,-2.1697725494046862
4,Y->M,1787486307.594376,82.70248511002865,479.918,-8.041319109859565,0.8382177679447896,-2.1646586459606896
4,Y->M,1787486307.607356,82.71546467998996,479.986,-8.051954883624823,0.8224015873477316,-2.1620885783645045
4,Y->M,1787486307.61854,82.72664833598537,480.054,-8.062586536545385,0.8066041467301379,-2.1657297023107462
4,Y->M,1787486308.0443296,83.15243834501598,480.326,-8.105533290259105,0.7438656292487807,-2.173215098408299
4,Y->M,1787486308.0560493,83.16415791900363,480.394,-8.116269374618767,0.7281553719378254,-2.1666206132317267
4,Y->M,1787486308.5477347,83.65584363101516,480.666,-8.159050559802866,0.6652032894347982,-2.172432429291592
4,Y->M,1787486308.5602863,83.66839457099559,480.734,-8.169724230978815,0.6496424309544039,-2.1713162503292516
4,Y->M,1787486309.052344,84.16045280301478,481.04,-8.214307504569303,0.583007387299314,-2.1594210515880667
4,Y->M,1787486309.0663116,84.17442011798266,481.108,-8.223594657042527,0.569100379928818,-2.159882766850136
4,Y->M,1787486309.0782065,84.18631493399153,481.176,-8.23258079468753,0.5556253447376185,-2.1577031765737145
4,Y->M,1787486309.3588135,84.46692224399885,481.346,-8.253743559893653,0.5231039523692159,-2.138359808230859
4,Y->M,1787486309.510887,84.6189958290197,481.482,-8.269612812088063,0.49818980980022254,-2.139208549242242
4,Y->M,1787486309.7270558,84.83516478003003,481.618,-8.284623617442616,0.47457841549981883,-2.133642429060964
4,Y->M,1787486309.7401242,84.84823258902179,481.686,-8.291806166135164,0.4631219980407447,-2.126963182218424
4,Y->M,1787486310.0221512,85.1302599789924,481.856,-8.308983416924866,0.43542149640078787,-2.126454870541375
4,Y->M,1787486310.1019528,85.21006084099645,481.958,-8.318664762866169,0.41970111108633523,-2.11763120798941
4,Y->M,1787486310.663175,85.77128386002732,482.298,-8.348211480544762,0.37096392174520076,-2.109959296815933
4,Y->M,1787486310.6758707,85.78397912997752,482.366,-8.353561754465142,0.36196352866614645,-2.104058170866439
4,Y->M,1787486310.687417,85.79552544298349,482.434,-8.35878095096957,0.3531168476465986,-2.1045559527940942
4,Y->M,1787486310.9725049,86.0806140070199,482.638,-8.373795069571786,0.3276528099789732,-2.099939686496802
4,Y->M,1787486311.3319092,86.44001811603084,482.876,-8.389595491400692,0.2998049740875871,-2.0818527163577225
4,Y->M,1787486311.3498914,86.45799982402241,482.978,-8.395891093739806,0.28857794507916573,-2.0815527500655375
4,Y->M,1787486311.5625563,86.67066510900622,483.114,-8.403822560146624,0.2743767392732333,-2.078139762680966
4,Y->M,1787486311.9274046,87.03551312501077,483.386,-8.418453090090333,0.24747837610902093,-2.056349541577139
4,Y->M,1787486312.2088022,87.31691175501328,483.556,-8.426716510800489,0.23183073920174357,-2.0578292973746906
4,Y->M,1787486312.228022,87.33613039401826,483.658,-8.431544265204577,0.22269141121645136,-2.05559741033412
4,Y->M,1787486312.586894,87.69500321801752,483.896,-8.442094920874919,0.2025190553513865,-2.0445101599466367
4,Y->M,1787486313.5754511,88.68355972802965,484.508,-8.4638173251163,0.1580047830708064,-2.020079150777786
4,Y->M,1787486313.602478,88.7105865579797,484.644,-8.468332987741215,0.14845001071677863,-1.9961694220407258
4,Y->M,1787486313.6255317,88.73364279797534,484.814,-8.473282981692321,0.13730672997799506,-1.98706051484659
4,Y->M,1787486314.258289,89.36639763298444,485.222,-8.48505509577689,0.11050955293157176,-1.9771562327373755
4,Y->M,1787486314.5542843,89.6623932159855,485.46,-8.49158765531374,0.09435962237640248,-1.94024811282518
4,Y->M,1787486314.8421676,89.95027654297883,485.664,-8.495784056770507,0.08347588133506464,-1.929172266806567
