sim_stamp_s,wall_monotonic_s,linear_x_mps,linear_y_mps,angular_z_rps
1787864692.218847275,55222.508447531,0.033142611,0.000000000,0.010393970
1787864692.317783833,55222.607360843,0.070684589,0.000000000,0.026864188
1787864692.418115377,55222.707699951,0.109493285,0.000000000,0.040816065
1787864692.517999411,55222.807600748,0.141394868,0.000000000,0.048949327
1787864692.618054390,55222.907660987,0.166323781,0.000000000,0.051100608
1787864692.717900038,55223.007477916,0.184986904,0.000000000,0.051662873
1787864692.818565845,55223.108172204,0.199151143,0.000000000,0.054012522
1787864692.917990685,55223.207580132,0.210191473,0.000000000,0.059180785
1787864693.018051624,55223.307643548,0.218826592,0.000000000,0.066540003
1787864693.118059635,55223.407643525,0.225789845,0.000000000,0.074597284
1787864693.217984915,55223.507592340,0.231410265,0.000000000,0.082394488
1787864693.318125248,55223.607712463,0.236725748,0.000000000,0.106323645
1787864693.418163776,55223.707754564,0.242217854,0.000000000,0.109996088
1787864693.518057585,55223.807656005,0.246632382,0.000000000,0.112591371
1787864693.618209839,55223.907813996,0.248908520,0.000000000,0.111881927
1787864693.718225002,55224.007813399,0.250199586,0.000000000,0.112784505
1787864693.818069696,55224.107666787,0.251217097,0.000000000,0.113467984
1787864693.918174982,55224.207756990,0.252016336,0.000000000,0.113222599
1787864694.017998219,55224.307587786,0.252741247,0.000000000,0.111554667
1787864694.118026257,55224.407603639,0.253799111,0.000000000,0.125968203
1787864694.217853069,55224.507436342,0.256081969,0.000000000,0.121399112
1787864694.318145752,55224.607724918,0.258197188,0.000000000,0.115830883
1787864694.417939901,55224.707529212,0.258780807,0.000000000,0.125531539
1787864694.517853975,55224.807441014,0.260000000,0.000000000,0.120243452
1787864694.618128538,55224.907703105,0.260000000,0.000000000,0.132369593
1787864694.718090057,55225.007675919,0.260000000,0.000000000,0.143028259
1787864694.817834377,55225.107419167,0.260000000,0.000000000,0.137256354
1787864694.917881966,55225.207459745,0.260000000,0.000000000,0.145961910
1787864695.017891884,55225.307486804,0.260000000,0.000000000,0.148507759
1787864695.117853165,55225.407427454,0.260000000,0.000000000,0.148507759
1787864695.218362808,55225.507951137,0.260000000,0.000000000,0.140930772
1787864695.317922831,55225.607492295,0.260000000,0.000000000,0.133294627
1787864695.418118238,55225.707699610,0.260000000,0.000000000,0.141353607
1787864695.518033743,55225.807602478,0.260000000,0.000000000,0.150893033
1787864695.617949247,55225.907540989,0.260000000,0.000000000,0.149162993
1787864695.718230963,55226.007830167,0.260000000,0.000000000,0.155902013
1787864695.817955732,55226.107558075,0.259232432,0.000000000,0.165556028
1787864695.918054104,55226.207652459,0.252634108,0.000000000,0.179245085
1787864696.017913580,55226.307506446,0.249434382,0.000000000,0.180332795
1787864696.117925644,55226.407512022,0.250147730,0.000000000,0.172008455
1787864696.217863798,55226.507441386,0.250441968,0.000000000,0.174506664
1787864696.318131447,55226.607707109,0.245002836,0.000000000,0.182266161
1787864696.418168545,55226.707778725,0.236644879,0.000000000,0.193791658
1787864696.518105745,55226.807718284,0.229796410,0.000000000,0.203980103
1787864696.618592024,55226.908206557,0.223297179,0.000000000,0.210965917
1787864696.718041897,55227.007648101,0.220310658,0.000000000,0.216884524
1787864696.818114519,55227.107706714,0.218382120,0.000000000,0.222892746
1787864696.918021679,55227.207625776,0.216631860,0.000000000,0.227469921
1787864697.018102884,55227.307708868,0.216817960,0.000000000,0.233214170
1787864697.118120193,55227.407712284,0.216596171,0.000000000,0.243579522
1787864697.218094349,55227.507686802,0.216923639,0.000000000,0.260906011
1787864697.318022251,55227.607633445,0.220591038,0.000000000,0.275275797
1787864697.418162584,55227.707748137,0.226346493,0.000000000,0.292689323
1787864697.518090248,55227.807683150,0.233873919,0.000000000,0.314058751
1787864697.618071318,55227.907676890,0.242547214,0.000000000,0.322495461
1787864697.718010426,55228.007612033,0.251067281,0.000000000,0.323966324
1787864697.818199396,55228.107791158,0.257696748,0.000000000,0.327957779
1787864697.918203831,55228.207795281,0.260000000,0.000000000,0.321834415
1787864698.018171549,55228.307765926,0.260000000,0.000000000,0.310219735
1787864698.118283033,55228.407878927,0.260000000,0.000000000,0.294943333
1787864698.218416452,55228.508043684,0.260000000,0.000000000,0.275138468
1787864698.318349600,55228.607959317,0.260000000,0.000000000,0.252027005
1787864698.418208599,55228.707825584,0.260000000,0.000000000,0.230824798
1787864698.518032312,55228.807621640,0.260000000,0.000000000,0.207367495
1787864698.618213415,55228.907812433,0.260000000,0.000000000,0.186065063
1787864698.718137741,55229.007745918,0.260000000,0.000000000,0.166629151
1787864698.818052769,55229.107653552,0.260000000,0.000000000,0.147585869
1787864698.918177605,55229.207776549,0.260000000,0.000000000,0.131160915
1787864699.018244267,55229.307836300,0.260000000,0.000000000,0.114143066
1787864699.118168116,55229.407758153,0.260000000,0.000000000,0.098181404
1787864699.218271255,55229.507856920,0.260000000,0.000000000,0.083570212
1787864699.317999125,55229.607583708,0.260000000,0.000000000,0.069963783
1787864699.417882204,55229.707459294,0.260000000,0.000000000,0.057811376
1787864699.517885208,55229.807459584,0.260000000,0.000000000,0.047094680
1787864699.618000031,55229.907588418,0.260000000,0.000000000,0.020171423
1787864699.717898130,55230.007484620,0.260000000,0.000000000,-0.020001387
1787864699.818051338,55230.107622811,0.256210417,0.000000000,-0.056780316
1787864699.918092728,55230.207674983,0.249972567,0.000000000,-0.086490959
1787864700.018085003,55230.307669431,0.244471118,0.000000000,-0.112657614
1787864700.118060112,55230.407658737,0.240384862,0.000000000,-0.135798141
1787864700.218222380,55230.507813295,0.238225207,0.000000000,-0.152857214
1787864700.317936420,55230.607510157,0.237604871,0.000000000,-0.166196212
1787864700.418156624,55230.707766801,0.237510666,0.000000000,-0.172387883
1787864700.518198252,55230.807800724,0.238367185,0.000000000,-0.179948911
1787864700.618065119,55230.907656019,0.239341199,0.000000000,-0.186894387
1787864700.718115330,55231.007697826,0.239664346,0.000000000,-0.192376330
1787864700.818094254,55231.107682445,0.241052389,0.000000000,-0.197826445
1787864700.918308496,55231.207893933,0.242489666,0.000000000,-0.207804605
1787864701.018151283,55231.307754265,0.243728727,0.000000000,-0.219437614
1787864701.118033171,55231.407621658,0.245990977,0.000000000,-0.230845869
1787864701.218261480,55231.507849768,0.248023644,0.000000000,-0.243184388
1787864701.318144083,55231.607734496,0.250320345,0.000000000,-0.255270213
1787864701.418188334,55231.707773934,0.253415674,0.000000000,-0.267542064
1787864701.518316031,55231.807921673,0.257113308,0.000000000,-0.277625620
1787864701.618180752,55231.907779892,0.259421676,0.000000000,-0.282644600
1787864701.718185425,55232.007773243,0.258943021,0.000000000,-0.283473253
1787864701.818192244,55232.107804045,0.258303195,0.000000000,-0.283427149
1787864701.918116570,55232.207706158,0.258089274,0.000000000,-0.281216890
1787864702.018275261,55232.307859662,0.259456843,0.000000000,-0.276957721
1787864702.118037224,55232.407618483,0.260000000,0.000000000,-0.271966785
1787864702.218019485,55232.507612596,0.260000000,0.000000000,-0.265528619
1787864702.317922354,55232.607510617,0.260000000,0.000000000,-0.258940011
1787864702.417952538,55232.707525843,0.260000000,0.000000000,-0.251556128
1787864702.518216848,55232.807817800,0.260000000,0.000000000,-0.244829878
1787864702.618331194,55232.907917532,0.260000000,0.000000000,-0.237640202
1787864702.718062162,55233.007652925,0.260000000,0.000000000,-0.230959564
1787864702.818068504,55233.107653824,0.260000000,0.000000000,-0.223616660
1787864702.918102980,55233.207708551,0.260000000,0.000000000,-0.209232748
1787864703.018309832,55233.307925769,0.260000000,0.000000000,-0.209232748
1787864703.118266582,55233.407867938,0.260000000,0.000000000,-0.202182025
1787864703.217999220,55233.507591755,0.260000000,0.000000000,-0.194262162
1787864703.318000555,55233.607583419,0.260000000,0.000000000,-0.186793223
1787864703.417960882,55233.707532978,0.260000000,0.000000000,-0.178267330
1787864703.518246889,55233.807827623,0.260000000,0.000000000,-0.170400843
1787864703.618960857,55233.908545008,0.260000000,0.000000000,-0.161165118
1787864703.718171120,55234.007771763,0.260000000,0.000000000,-0.152654141
1787864703.818228006,55234.107812011,0.260000000,0.000000000,-0.145013750
1787864703.918225765,55234.207820192,0.260000000,0.000000000,-0.136910528
1787864704.018201590,55234.307813903,0.260000000,0.000000000,-0.127508759
1787864704.118177891,55234.407760243,0.260000000,0.000000000,-0.117361411
1787864704.218023062,55234.507610229,0.260000000,0.000000000,-0.106261283
1787864704.317988873,55234.607569609,0.260000000,0.000000000,-0.094576851
1787864704.418092966,55234.707665773,0.260000000,0.000000000,-0.084413670
1787864704.518060684,55234.807630621,0.260000000,0.000000000,-0.073181473
1787864704.618139982,55234.907723614,0.260000000,0.000000000,-0.063060582
1787864704.718061209,55235.007649905,0.260000000,0.000000000,-0.092991397
1787864704.818003178,55235.107595427,0.260000000,0.000000000,-0.096027061
1787864704.918156862,55235.207738665,0.260000000,0.000000000,-0.092523433
1787864705.018075943,55235.307660380,0.260000000,0.000000000,-0.078886397
1787864705.118196726,55235.407794747,0.260000000,0.000000000,-0.063572809
1787864705.218080759,55235.507660961,0.260000000,0.000000000,-0.047886267
1787864705.318047047,55235.607621643,0.260000000,0.000000000,-0.033318833
1787864705.418313265,55235.707917338,0.260000000,0.000000000,-0.020559181
1787864705.518263817,55235.807863815,0.260000000,0.000000000,0.000644499
1787864705.618185520,55235.907789853,0.260000000,0.000000000,0.007366670
1787864705.718219995,55236.007824316,0.260000000,0.000000000,0.013294996
1787864705.818228722,55236.107834784,0.260000000,0.000000000,0.017467694
1787864705.918198109,55236.207798046,0.260000000,0.000000000,0.023432123
1787864706.018209457,55236.307787354,0.260000000,0.000000000,0.030154573
1787864706.118072510,55236.407676190,0.260000000,0.000000000,0.036229257
1787864706.218151331,55236.507723752,0.260000000,0.000000000,0.041211221
1787864706.318110704,55236.607701116,0.260000000,0.000000000,0.045559213
1787864706.418268442,55236.707844118,0.260000000,0.000000000,0.049021155
1787864706.518177032,55236.807754971,0.260000000,0.000000000,0.052154873
1787864706.618525982,55236.908119321,0.260000000,0.000000000,0.054721512
1787864706.718129635,55237.007721027,0.260000000,0.000000000,0.056802839
1787864706.818062782,55237.107645979,0.260000000,0.000000000,0.058371872
1787864706.917977810,55237.207542233,0.260000000,0.000000000,0.059452027
1787864707.018247366,55237.307855851,0.260000000,0.000000000,0.060393121
1787864707.118228912,55237.407830946,0.260000000,0.000000000,0.060983166
1787864707.218291044,55237.507881531,0.260000000,0.000000000,0.061297983
1787864707.318316698,55237.607918897,0.260000000,0.000000000,0.061610889
1787864707.418543339,55237.708169819,0.260000000,0.000000000,0.061776500
1787864707.518261433,55237.807865926,0.260000000,0.000000000,0.062011719
1787864707.618279457,55237.907871487,0.260000000,0.000000000,0.062148899
1787864707.718228340,55238.007820565,0.260000000,0.000000000,0.062224470
1787864707.818212271,55238.107804366,0.260000000,0.000000000,0.062213615
1787864707.918144226,55238.207733592,0.260000000,0.000000000,0.062138040
1787864708.018460989,55238.308087753,0.260000000,0.000000000,0.062106617
1787864708.118275881,55238.407885478,0.260000000,0.000000000,0.062032711
1787864708.218413115,55238.507999685,0.260000000,0.000000000,0.061924752
1787864708.318206549,55238.607835628,0.260000000,0.000000000,0.061802432
1787864708.418300152,55238.707910282,0.260000000,0.000000000,0.061644588
1787864708.518370152,55238.807959712,0.260000000,0.000000000,0.061419424
1787864708.618375063,55238.907960123,0.260000000,0.000000000,0.061154541
1787864708.718285799,55239.007898187,0.260000000,0.000000000,0.060765758
1787864708.818293095,55239.107898810,0.260000000,0.000000000,0.060358327
1787864708.918156147,55239.207762322,0.260000000,0.000000000,0.059774693
1787864709.018237352,55239.307821361,0.260000000,0.000000000,0.076150753
1787864709.118202448,55239.407804031,0.260000000,0.000000000,0.089212939
1787864709.218247175,55239.507836680,0.260000000,0.000000000,0.083848782
1787864709.318151474,55239.607741183,0.260000000,0.000000000,0.091968395
1787864709.418200493,55239.707804933,0.260000000,0.000000000,0.099253960
1787864709.518325090,55239.807915011,0.260000000,0.000000000,0.092040479
1787864709.618314028,55239.907922534,0.260000000,0.000000000,0.098334759
1787864709.718283176,55240.007866739,0.260000000,0.000000000,0.094969541
1787864709.818202019,55240.107789637,0.260000000,0.000000000,0.094969541
1787864709.918132067,55240.207700717,0.260000000,0.000000000,0.098178476
1787864710.018107414,55240.307687275,0.260000000,0.000000000,0.097802900
1787864710.118362665,55240.407945847,0.260000000,0.000000000,0.100994602
1787864710.218336582,55240.507921448,0.260000000,0.000000000,0.097522959
1787864710.318222284,55240.607822392,0.260000000,0.000000000,0.097014308
1787864710.418296576,55240.707884449,0.260000000,0.000000000,0.103832453
1787864710.518395901,55240.808030354,0.254073501,0.000000000,0.112492606
1787864710.618397236,55240.907988007,0.248093277,0.000000000,0.119417518
1787864710.718180180,55241.007777387,0.244175732,0.000000000,0.124884583
1787864710.818283319,55241.107860613,0.242342323,0.000000000,0.129096866
1787864710.918348312,55241.207960132,0.241077125,0.000000000,0.134837404
1787864711.018316507,55241.307903696,0.240857422,0.000000000,0.141012594
1787864711.118364334,55241.407970882,0.239675939,0.000000000,0.153044730
1787864711.218409777,55241.507998946,0.239554346,0.000000000,0.165236548
1787864711.318345785,55241.607942596,0.239429995,0.000000000,0.181169689
1787864711.418439627,55241.708076702,0.238504201,0.000000000,0.180581719
1787864711.518376350,55241.807966121,0.239954084,0.000000000,0.192889184
1787864711.618263960,55241.907858643,0.238788530,0.000000000,0.193368763
1787864711.718057156,55242.007629713,0.242850751,0.000000000,0.198834002
1787864711.818275928,55242.107857500,0.244369403,0.000000000,0.203965247
1787864711.918227196,55242.207811368,0.246348307,0.000000000,0.207580224
1787864712.018092632,55242.307686504,0.248013943,0.000000000,0.203730077
1787864712.118079185,55242.407655193,0.250346363,0.000000000,0.200654238
1787864712.218292952,55242.507875960,0.252040714,0.000000000,0.191968232
1787864712.318177700,55242.607763538,0.253408641,0.000000000,0.185575232
1787864712.418275118,55242.707872492,0.254290938,0.000000000,0.175854668
1787864712.518357992,55242.807944601,0.255831063,0.000000000,0.164017633
1787864712.618216038,55242.907806120,0.256234854,0.000000000,0.153100610
1787864712.718140602,55243.007716438,0.256638765,0.000000000,0.137539655
1787864712.818461657,55243.108095999,0.257458538,0.000000000,0.120312519
1787864712.918352842,55243.207939918,0.259805441,0.000000000,0.105493240
1787864713.018371582,55243.307977580,0.260000000,0.000000000,0.092459969
1787864713.118257523,55243.407860098,0.260000000,0.000000000,0.078316770
1787864713.218349457,55243.507951912,0.260000000,0.000000000,0.061560594
1787864713.318621635,55243.608231032,0.260000000,0.000000000,0.046472222
1787864713.418207169,55243.707786183,0.260000000,0.000000000,0.032582045
1787864713.518253803,55243.807841189,0.260000000,0.000000000,0.019474583
1787864713.618359566,55243.907957558,0.260000000,0.000000000,0.008025248
1787864713.718252897,55244.007827517,0.260000000,0.000000000,-0.003637140
1787864713.818301678,55244.107893712,0.260000000,0.000000000,-0.016490307
1787864713.918365240,55244.207949109,0.260000000,0.000000000,-0.029677421
1787864714.018136263,55244.307709658,0.260000000,0.000000000,-0.042676046
1787864714.118095398,55244.407667099,0.260000000,0.000000000,-0.055577539
1787864714.218147993,55244.507748409,0.260000000,0.000000000,-0.066457704
1787864714.318217516,55244.607800216,0.260000000,0.000000000,-0.080978043
1787864714.418428421,55244.708062582,0.260000000,0.000000000,-0.095185488
1787864714.518352270,55244.807937728,0.260000000,0.000000000,-0.112113625
1787864714.618337393,55244.907934957,0.260000000,0.000000000,-0.131696522
1787864714.718209743,55245.007788213,0.260000000,0.000000000,-0.150490984
1787864714.818202734,55245.107798838,0.260000000,0.000000000,-0.174419150
1787864714.918095589,55245.207669679,0.260000000,0.000000000,-0.223837495
1787864715.018360376,55245.307959158,0.260000000,0.000000000,-0.223837495
1787864715.118447304,55245.408064485,0.260000000,0.000000000,-0.239990696
1787864715.218166828,55245.507754454,0.260000000,0.000000000,-0.252601415
1787864715.318101645,55245.607673652,0.260000000,0.000000000,-0.256831706
1787864715.418238640,55245.707808376,0.260000000,0.000000000,-0.260807991
1787864715.518247366,55245.807819436,0.260000000,0.000000000,-0.262707442
1787864715.618231058,55245.907813973,0.260000000,0.000000000,-0.260816902
1787864715.718551159,55246.008158171,0.260000000,0.000000000,-0.253475428
1787864715.818232059,55246.107821860,0.260000000,0.000000000,-0.246631891
1787864715.918245316,55246.207819155,0.260000000,0.000000000,-0.239751860
1787864716.018527031,55246.308124389,0.260000000,0.000000000,-0.232887059
1787864716.118452549,55246.408068336,0.260000000,0.000000000,-0.226540297
1787864716.218419790,55246.508040522,0.260000000,0.000000000,-0.219479620
1787864716.318370342,55246.607957486,0.260000000,0.000000000,-0.213190764
1787864716.420261621,55246.710301494,0.260000000,0.000000000,-0.206129298
1787864716.518612146,55246.808206805,0.260000000,0.000000000,-0.199824408
1787864716.618345499,55246.907944658,0.260000000,0.000000000,-0.194230109
1787864716.718299866,55247.007899941,0.260000000,0.000000000,-0.187491074
1787864716.818250179,55247.107844490,0.260000000,0.000000000,-0.178852409
1787864716.918380737,55247.207965155,0.260000000,0.000000000,-0.170440689
1787864717.018610239,55247.308191834,0.260000000,0.000000000,-0.162798792
1787864717.118314981,55247.407913086,0.260000000,0.000000000,-0.153857484
1787864717.219794989,55247.509399615,0.260000000,0.000000000,-0.145546526
1787864717.318254232,55247.607855576,0.260000000,0.000000000,-0.135614216
1787864717.418366671,55247.707968489,0.260000000,0.000000000,-0.126279965
1787864717.518082619,55247.807652977,0.260000000,0.000000000,-0.115337186
1787864717.618333578,55247.907933005,0.260000000,0.000000000,-0.139519423
1787864717.718644619,55248.008251621,0.260000000,0.000000000,-0.131163925
1787864717.818447351,55248.108117384,0.260000000,0.000000000,-0.119679287
1787864717.918250561,55248.207827462,0.260000000,0.000000000,-0.137288198
1787864718.018220186,55248.307801740,0.260000000,0.000000000,-0.131658465
1787864718.118276596,55248.407859911,0.260000000,0.000000000,-0.124215648
1787864718.218191862,55248.507780931,0.260000000,0.000000000,-0.100102343
1787864718.318441868,55248.608067559,0.260000000,0.000000000,-0.083827741
1787864718.418243885,55248.707844361,0.260000000,0.000000000,-0.069008999
1787864718.518298149,55248.807877772,0.260000000,0.000000000,-0.046988726
1787864718.618196249,55248.907782305,0.260000000,0.000000000,-0.035897855
1787864718.718246698,55249.007818346,0.260000000,0.000000000,-0.026607648
1787864718.818344593,55249.107929953,0.260000000,0.000000000,-0.008567312
1787864718.918205261,55249.207787846,0.260000000,0.000000000,-0.002625154
1787864719.018284321,55249.307852858,0.260000000,0.000000000,0.015056542
1787864719.118428230,55249.408025651,0.260000000,0.000000000,0.027805429
1787864719.218290329,55249.507874650,0.260000000,0.000000000,0.028767612
1787864719.318146706,55249.607715372,0.260000000,0.000000000,0.026368774
1787864719.418372631,55249.707960673,0.260000000,0.000000000,0.024446595
1787864719.518447399,55249.808067239,0.260000000,0.000000000,0.025086332
1787864719.618233442,55249.907812991,0.260000000,0.000000000,0.027052753
1787864719.718256474,55250.007841362,0.260000000,0.000000000,0.029283784
1787864719.818247318,55250.107819146,0.260000000,0.000000000,0.031456407
1787864719.918191433,55250.207761626,0.260000000,0.000000000,0.033448976
1787864720.018137455,55250.307706727,0.260000000,0.000000000,0.035315581
1787864720.118400097,55250.407991309,0.260000000,0.000000000,0.037095580
1787864720.218348026,55250.507947512,0.260000000,0.000000000,0.038791809
1787864720.318290472,55250.607886810,0.260000000,0.000000000,0.040214300
1787864720.418352365,55250.707948803,0.260000000,0.000000000,0.041345909
1787864720.518209696,55250.807795945,0.260000000,0.000000000,0.041944504
1787864720.618140459,55250.907712686,0.260000000,0.000000000,0.042169508
1787864720.718337297,55251.007918415,0.260000000,0.000000000,0.042072445
1787864720.818177223,55251.107759550,0.260000000,0.000000000,0.041544028
1787864720.918216228,55251.207786544,0.260000000,0.000000000,0.040836792
1787864721.018276215,55251.307847498,0.260000000,0.000000000,0.039773673
1787864721.118388414,55251.407983529,0.260000000,0.000000000,0.038608991
1787864721.218371391,55251.507956027,0.260000000,0.000000000,0.037414204
1787864721.318600655,55251.608183778,0.260000000,0.000000000,0.035961583
1787864721.418695450,55251.708274266,0.260000000,0.000000000,0.034465462
1787864721.518455267,55251.808067861,0.260000000,0.000000000,0.032678753
1787864721.618525743,55251.908111643,0.260000000,0.000000000,0.030911714
1787864721.718424797,55252.008050674,0.260000000,0.000000000,0.028885553
1787864721.818331957,55252.107902147,0.260000000,0.000000000,0.026879866
1787864721.918578386,55252.208173262,0.260000000,0.000000000,0.043742616
1787864722.018379450,55252.307979804,0.260000000,0.000000000,0.057334635
1787864722.118555069,55252.408157762,0.260000000,0.000000000,0.066214800
1787864722.218270063,55252.507842417,0.260000000,0.000000000,0.078200370
1787864722.318293571,55252.607879461,0.260000000,0.000000000,0.086506069
1787864722.418262720,55252.707849807,0.260000000,0.000000000,0.100735009
1787864722.518172741,55252.807750399,0.260000000,0.000000000,0.110763565
1787864722.618335724,55252.907912239,0.260000000,0.000000000,0.119071744
1787864722.718319654,55253.007905722,0.260000000,0.000000000,0.128516719
1787864722.818515062,55253.108100696,0.260000000,0.000000000,0.132149726
1787864722.918365955,55253.207968717,0.260000000,0.000000000,0.133910403
1787864723.018419981,55253.308030794,0.260000000,0.000000000,0.131534398
1787864723.118755817,55253.408346929,0.260000000,0.000000000,0.125922203
1787864723.218378305,55253.507972437,0.260000000,0.000000000,0.119253956
1787864723.318510294,55253.608108896,0.260000000,0.000000000,0.110037506
1787864723.418287754,55253.707880909,0.260000000,0.000000000,0.098826863
1787864723.518260002,55253.807844380,0.260000000,0.000000000,0.087534055
1787864723.618384123,55253.907980947,0.260000000,0.000000000,0.074618928
1787864723.718584776,55254.008182116,0.260000000,0.000000000,0.059224065
1787864723.818826675,55254.108427907,0.260000000,0.000000000,0.043381412
1787864723.918395042,55254.207987123,0.260000000,0.000000000,0.027350539
1787864724.018655539,55254.308241313,0.260000000,0.000000000,0.013011547
1787864724.118505239,55254.408088491,0.260000000,0.000000000,-0.001241912
1787864724.218472719,55254.508083475,0.260000000,0.000000000,-0.014047893
1787864724.318442583,55254.608091584,0.260000000,0.000000000,-0.023172544
1787864724.418553829,55254.708128864,0.260000000,0.000000000,-0.033841193
1787864724.518457651,55254.808068978,0.260000000,0.000000000,-0.041844472
1787864724.618379831,55254.907973050,0.260000000,0.000000000,-0.051439397
1787864724.718452930,55255.008077018,0.260000000,0.000000000,-0.060645647
1787864724.818338394,55255.107921711,0.260000000,0.000000000,-0.075179055
1787864724.918368816,55255.207937412,0.260000000,0.000000000,-0.075179055
1787864725.018326044,55255.307905847,0.260000000,0.000000000,-0.086776182
1787864725.118640184,55255.408223514,0.260000000,0.000000000,-0.094577022
1787864725.218505621,55255.508108665,0.260000000,0.000000000,-0.104133502
1787864725.318314791,55255.607898739,0.260000000,0.000000000,-0.114293598
1787864725.418477774,55255.708104373,0.260000000,0.000000000,-0.123992793
1787864725.518459797,55255.808075235,0.260000000,0.000000000,-0.133488655
1787864725.618469715,55255.908119539,0.260000000,0.000000000,-0.144059271
1787864725.718657970,55256.008256244,0.260000000,0.000000000,-0.152397424
1787864725.818453550,55256.108059244,0.260000000,0.000000000,-0.158323705
1787864725.918447733,55256.208065444,0.260000000,0.000000000,-0.162591457
1787864726.018617868,55256.308209808,0.260000000,0.000000000,-0.164829537
1787864726.118555546,55256.408142527,0.260000000,0.000000000,-0.166519463
1787864726.218565464,55256.508164036,0.260000000,0.000000000,-0.166821584
1787864726.318523884,55256.608115408,0.260000000,0.000000000,-0.166511685
1787864726.418537378,55256.708124087,0.260000000,0.000000000,-0.165055498
1787864726.518435240,55256.808050315,0.260000000,0.000000000,-0.163401067
1787864726.618469954,55256.908108657,0.260000000,0.000000000,-0.161893845
1787864726.718633175,55257.008219820,0.260000000,0.000000000,-0.159599677
1787864726.818764687,55257.108367651,0.260000000,0.000000000,-0.157472596
1787864726.918303967,55257.207895772,0.260000000,0.000000000,-0.154881746
1787864727.018299818,55257.307881585,0.260000000,0.000000000,-0.152044892
1787864727.118428707,55257.408034787,0.260000000,0.000000000,-0.148638010
1787864727.218394518,55257.507980056,0.260000000,0.000000000,-0.145291761
1787864727.318366051,55257.607935884,0.260000000,0.000000000,-0.142141983
1787864727.418331861,55257.707910660,0.260000000,0.000000000,-0.138808578
1787864727.518510580,55257.808088483,0.260000000,0.000000000,-0.135786682
1787864727.618636370,55257.908235533,0.260000000,0.000000000,-0.132233351
1787864727.718365192,55258.007946254,0.260000000,0.000000000,-0.129127026
1787864727.818508863,55258.108111992,0.260000000,0.000000000,-0.126370504
1787864727.918761730,55258.208348957,0.260000000,0.000000000,-0.123234712
1787864728.018396616,55258.307986607,0.260000000,0.000000000,-0.120321028
1787864728.118452787,55258.408053869,0.260000000,0.000000000,-0.116925679
1787864728.218333960,55258.507903618,0.260000000,0.000000000,-0.114099368
1787864728.318590879,55258.608191527,0.260000000,0.000000000,-0.110412687
1787864728.418550491,55258.708130809,0.260000000,0.000000000,-0.107136384
1787864728.518576622,55258.808178157,0.260000000,0.000000000,-0.104110278
1787864728.618653297,55258.908261656,0.260000000,0.000000000,-0.100760095
1787864728.718435526,55259.008071358,0.260000000,0.000000000,-0.097848251
1787864728.818669796,55259.108255880,0.260000000,0.000000000,-0.094621591
1787864728.918857098,55259.208448352,0.260000000,0.000000000,-0.091777705
1787864729.018639565,55259.308221586,0.260000000,0.000000000,-0.088812552
1787864729.118560791,55259.408134395,0.260000000,0.000000000,-0.086003765
1787864729.218392372,55259.507965955,0.260000000,0.000000000,-0.083736695
1787864729.318523169,55259.608124716,0.260000000,0.000000000,-0.080637760
1787864729.418612957,55259.708213257,0.260000000,0.000000000,-0.075355940
1787864729.518518686,55259.808110037,0.260000000,0.000000000,-0.075355940
1787864729.618518114,55259.908098047,0.260000000,0.000000000,-0.072206445
1787864729.718247414,55260.007818542,0.260000000,0.000000000,-0.069363907
1787864729.818286657,55260.107854870,0.260000000,0.000000000,-0.066364728
1787864729.918599367,55260.208184760,0.260000000,0.000000000,-0.063990787
1787864730.018519640,55260.308112274,0.260000000,0.000000000,-0.061026409
1787864730.118747234,55260.408328961,0.260000000,0.000000000,-0.058507439
1787864730.218482256,55260.508094088,0.260000000,0.000000000,-0.056248881
1787864730.318423033,55260.608023502,0.260000000,0.000000000,-0.053836223
1787864730.418782234,55260.708369723,0.260000000,0.000000000,-0.042030703
1787864730.518519640,55260.808100483,0.260000000,0.000000000,-0.027106600
1787864730.618480206,55260.908107322,0.260000000,0.000000000,-0.012046870
1787864730.718454838,55261.008071852,0.260000000,0.000000000,0.002973862
1787864730.818517685,55261.108122996,0.260000000,0.000000000,0.016021062
1787864730.918715239,55261.208307541,0.260000000,0.000000000,0.028748365
1787864731.018471479,55261.308096718,0.260000000,0.000000000,0.039544985
1787864731.118717432,55261.408317614,0.260000000,0.000000000,0.022469614
1787864731.218847513,55261.508432694,0.260000000,0.000000000,0.018107448
1787864731.318368673,55261.607952572,0.260000000,0.000000000,0.012960796
1787864731.418920994,55261.708505516,0.260000000,0.000000000,0.023914307
1787864731.518480301,55261.808130406,0.260000000,0.000000000,0.028302874
1787864731.618461847,55261.908073737,0.260000000,0.000000000,0.043394588
1787864731.718468428,55262.008095902,0.260000000,0.000000000,0.057899803
1787864731.818378448,55262.107965249,0.260000000,0.000000000,0.060747165
1787864731.918354034,55262.207940616,0.260000000,0.000000000,0.070614673
1787864732.018289089,55262.307858449,0.260000000,0.000000000,0.082420215
1787864732.118550777,55262.408124168,0.260000000,0.000000000,0.082340926
1787864732.218778372,55262.508380109,0.260000000,0.000000000,0.078383371
1787864732.318619967,55262.608217280,0.260000000,0.000000000,0.074368112
1787864732.418619156,55262.708199295,0.260000000,0.000000000,0.072750472
1787864732.518631697,55262.808228735,0.260000000,0.000000000,0.072393388
1787864732.618516445,55262.908117331,0.260000000,0.000000000,0.072585076
1787864732.718519449,55263.008101147,0.260000000,0.000000000,0.073258623
1787864732.818699598,55263.108287006,0.260000000,0.000000000,0.074038327
1787864732.918576241,55263.208177430,0.260000000,0.000000000,0.074899912
1787864733.018899202,55263.308512269,0.260000000,0.000000000,0.075776279
1787864733.118766069,55263.408372451,0.260000000,0.000000000,0.076605573
1787864733.218528032,55263.508139832,0.260000000,0.000000000,0.077572443
1787864733.318734884,55263.608317389,0.260000000,0.000000000,0.078264125
1787864733.418431044,55263.708043126,0.260000000,0.000000000,0.078896433
1787864733.518723011,55263.808308978,0.260000000,0.000000000,0.079187118
1787864733.618645906,55263.908231893,0.260000000,0.000000000,0.079191312
1787864733.718535662,55264.008130512,0.260000000,0.000000000,0.094415672
1787864733.818580151,55264.108173757,0.260000000,0.000000000,0.091595046
1787864733.918677092,55264.208259643,0.260000000,0.000000000,0.088243179
1787864734.018422365,55264.307997139,0.260000000,0.000000000,0.082948104
1787864734.118633270,55264.408216719,0.260000000,0.000000000,0.080365263
1787864734.218664646,55264.508262963,0.260000000,0.000000000,0.079070173
1787864734.318435431,55264.608061538,0.260000000,0.000000000,0.078044280
1787864734.418573856,55264.708172486,0.260000000,0.000000000,0.076819330
1787864734.518598318,55264.808182240,0.260000000,0.000000000,0.075681597
1787864734.618803263,55264.908402001,0.260000000,0.000000000,0.074601591
1787864734.718686819,55265.008284711,0.260000000,0.000000000,0.073738299
1787864734.818677902,55265.108278944,0.260000000,0.000000000,0.073108375
1787864734.918617964,55265.208198249,0.260000000,0.000000000,0.072654173
1787864735.018708229,55265.308306843,0.260000000,0.000000000,0.072377600
1787864735.118598223,55265.408198933,0.260000000,0.000000000,0.072067581
1787864735.218835354,55265.508442949,0.260000000,0.000000000,0.071780130
1787864735.318794250,55265.608379791,0.260000000,0.000000000,0.071391612
1787864735.418354273,55265.707938244,0.260000000,0.000000000,0.087829977
1787864735.518403292,55265.807987041,0.260000000,0.000000000,0.101647675
1787864735.618431807,55265.908025306,0.260000000,0.000000000,0.097521521
1787864735.718595505,55266.008184020,0.260000000,0.000000000,0.089962222
1787864735.819017887,55266.108600593,0.260000000,0.000000000,0.099728666
1787864735.918856382,55266.208465220,0.260000000,0.000000000,0.111389101
1787864736.018586636,55266.308167965,0.260000000,0.000000000,0.122489333
1787864736.118663311,55266.408250094,0.260000000,0.000000000,0.129958540
1787864736.218550205,55266.508133742,0.260000000,0.000000000,0.135585874
1787864736.318650723,55266.608245725,0.260000000,0.000000000,0.140204400
1787864736.418687820,55266.708268846,0.260000000,0.000000000,0.143964902
1787864736.518555641,55266.808153404,0.260000000,0.000000000,0.146936744
1787864736.618574858,55266.908177932,0.260000000,0.000000000,0.149070024
1787864736.718762636,55267.008370105,0.260000000,0.000000000,0.150179103
1787864736.818578243,55267.108161538,0.260000000,0.000000000,0.150464088
1787864736.918654680,55267.208246539,0.260000000,0.000000000,0.149965897
1787864737.018549681,55267.308146072,0.260000000,0.000000000,0.148620233
1787864737.118591309,55267.408158850,0.260000000,0.000000000,0.146693960
1787864737.218594074,55267.508202654,0.260000000,0.000000000,0.144215316
1787864737.318645239,55267.608242752,0.260000000,0.000000000,0.141298667
1787864737.418682337,55267.708269083,0.260000000,0.000000000,0.137990743
1787864737.518395424,55267.807973224,0.260000000,0.000000000,0.134050459
1787864737.618545055,55267.908141222,0.260000000,0.000000000,0.129777268
1787864737.718688250,55268.008262809,0.260000000,0.000000000,0.125306264
1787864737.818650723,55268.108240236,0.260000000,0.000000000,0.120486058
1787864737.918565989,55268.208163657,0.260000000,0.000000000,0.115650482
1787864738.018311262,55268.307893182,0.260000000,0.000000000,0.110923409
1787864738.118418932,55268.407998949,0.260000000,0.000000000,0.106125399
1787864738.218464375,55268.508086397,0.260000000,0.000000000,0.101509422
1787864738.318385601,55268.607956708,0.260000000,0.000000000,0.097129114
1787864738.418750763,55268.708322114,0.260000000,0.000000000,0.093017220
1787864738.518364668,55268.807933235,0.260000000,0.000000000,0.088868417
1787864738.618373871,55268.907942182,0.260000000,0.000000000,0.084898673
1787864738.718344927,55269.007907607,0.260000000,0.000000000,0.077255428
1787864738.818547010,55269.108128566,0.260000000,0.000000000,0.077255428
1787864738.918862104,55269.208457545,0.260000000,0.000000000,0.073541164
1787864739.018625259,55269.308222000,0.260000000,0.000000000,0.070016861
1787864739.118593931,55269.408179881,0.260000000,0.000000000,0.066704527
1787864739.218583584,55269.508175928,0.260000000,0.000000000,0.063215077
1787864739.318704128,55269.608286233,0.260000000,0.000000000,0.059835851
1787864739.419043064,55269.708623906,0.260000000,0.000000000,0.056622673
1787864739.518558025,55269.808144402,0.260000000,0.000000000,0.053627182
1787864739.618649006,55269.908251414,0.260000000,0.000000000,0.050377235
1787864739.718632698,55270.008217913,0.260000000,0.000000000,0.047240339
1787864739.818599939,55270.108180349,0.260000000,0.000000000,0.044281568
1787864739.918848991,55270.208448466,0.260000000,0.000000000,0.040984549
1787864740.018620253,55270.308215026,0.260000000,0.000000000,0.037815548
1787864740.118772507,55270.408367793,0.260000000,0.000000000,0.034847789
1787864740.218579054,55270.508178093,0.260000000,0.000000000,0.032147154
1787864740.318531752,55270.608105292,0.260000000,0.000000000,0.029044993
1787864740.418806553,55270.708398153,0.260000000,0.000000000,0.026159484
1787864740.518603325,55270.808180691,0.260000000,0.000000000,0.023517383
1787864740.618635893,55270.908207940,0.260000000,0.000000000,0.020360133
1787864740.718602896,55271.008175469,0.260000000,0.000000000,0.017409820
1787864740.818663359,55271.108239518,0.260000000,0.000000000,0.014684961
1787864740.918574572,55271.208154165,0.260000000,0.000000000,0.008123464
1787864741.018632889,55271.308204798,0.260000000,0.000000000,0.008123464
1787864741.118557453,55271.408127477,0.260000000,0.000000000,0.004869983
1787864741.218635798,55271.508204975,0.260000000,0.000000000,0.003196400
1787864741.318697929,55271.608290470,0.260000000,0.000000000,-0.001688719
1787864741.418587685,55271.708176321,0.260000000,0.000000000,-0.001251931
1787864741.518643618,55271.808217319,0.260000000,0.000000000,0.002417441
1787864741.618601322,55271.908185280,0.260000000,0.000000000,0.002498459
1787864741.718700171,55272.008270225,0.260000000,0.000000000,0.006785475
1787864741.818536520,55272.108119189,0.260000000,0.000000000,0.006236336
1787864741.918449640,55272.208049744,0.260000000,0.000000000,0.003246129
1787864742.018467903,55272.308080167,0.260000000,0.000000000,-0.000505623
1787864742.118622065,55272.408196419,0.260000000,0.000000000,-0.003821166
1787864742.218652487,55272.508233640,0.260000000,0.000000000,-0.005912581
1787864742.318444252,55272.608040196,0.260000000,0.000000000,-0.004179933
1787864742.418626785,55272.708196126,0.257089823,0.000000000,-0.002250603
1787864742.518783569,55272.808355091,0.253592998,0.000000000,0.000558941
1787864742.618670702,55272.908237866,0.249599606,0.000000000,0.005028058
1787864742.718790054,55273.008374564,0.244200200,0.000000000,0.011306195
1787864742.818636179,55273.108192763,0.238729775,0.000000000,0.017767111
1787864742.918578148,55273.208178912,0.233038813,0.000000000,0.023704063
1787864743.018465042,55273.308077570,0.226986140,0.000000000,0.031446803
1787864743.118560791,55273.408148507,0.222049281,0.000000000,0.038892075
1787864743.218618870,55273.508187982,0.217260033,0.000000000,0.045419917
1787864743.318591833,55273.608190102,0.213885099,0.000000000,0.052013215
1787864743.418744564,55273.708321945,0.211586431,0.000000000,0.062016193
1787864743.518597126,55273.808169419,0.209916204,0.000000000,0.074096859
1787864743.618701458,55273.908273951,0.207284361,0.000000000,0.086507179
1787864743.718458176,55274.008069576,0.204836518,0.000000000,0.098210484
1787864743.818543673,55274.108114036,0.202325925,0.000000000,0.106848061
1787864743.918762207,55274.208337739,0.199950874,0.000000000,0.111680202
1787864744.018918753,55274.308500052,0.198344871,0.000000000,0.114327796
1787864744.118757963,55274.408344837,0.198034093,0.000000000,0.116643421
1787864744.218875170,55274.508454136,0.197691575,0.000000000,0.113537386
1787864744.318622351,55274.608199620,0.197356537,0.000000000,0.110723332
1787864744.418884039,55274.708476953,0.196181506,0.000000000,0.106130145
1787864744.518587112,55274.808159846,0.195744351,0.000000000,0.102824204
1787864744.618872404,55274.908455320,0.195813760,0.000000000,0.096020892
1787864744.718798399,55275.008376192,0.195545852,0.000000000,0.087522358
1787864744.818762779,55275.108342564,0.194373712,0.000000000,0.078812078
1787864744.918662548,55275.208256791,0.193768114,0.000000000,0.073204376
1787864745.018708229,55275.308306034,0.193036646,0.000000000,0.065709032
1787864745.118822336,55275.408404186,0.192348078,0.000000000,0.057886172
1787864745.218680859,55275.508272236,0.191662014,0.000000000,0.048210334
1787864745.318830967,55275.608408618,0.190221563,0.000000000,0.039645653
1787864745.418933392,55275.708518555,0.188998461,0.000000000,0.031819556
1787864745.518655777,55275.808240439,0.187626287,0.000000000,0.024918042
1787864745.618671179,55275.908251976,0.187197685,0.000000000,0.018484525
1787864745.718749046,55276.008329726,0.185482591,0.000000000,0.013034524
1787864745.819002867,55276.108598540,0.185040012,0.000000000,0.006170190
1787864745.918799400,55276.208396261,0.183398023,0.000000000,0.001131239
1787864746.018812895,55276.308399413,0.181984827,0.000000000,-0.004268670
1787864746.118673086,55276.408260154,0.180633858,0.000000000,-0.007335030
1787864746.218703032,55276.508299073,0.178837746,0.000000000,-0.011610664
1787864746.318757534,55276.608348716,0.177917302,0.000000000,-0.015256230
1787864746.418685198,55276.708279917,0.176274881,0.000000000,-0.018348970
1787864746.518672705,55276.808252511,0.175204232,0.000000000,-0.021786535
1787864746.618760109,55276.908346776,0.174689993,0.000000000,-0.024178943
1787864746.718900681,55277.008492182,0.174274817,0.000000000,-0.027255889
1787864746.818641663,55277.108225335,0.173048511,0.000000000,-0.030970784
1787864746.918705702,55277.208292827,0.171309114,0.000000000,-0.035294224
1787864747.018583298,55277.308155785,0.169671446,0.000000000,-0.040470485
1787864747.118709803,55277.408286601,0.168792084,0.000000000,-0.045380779
1787864747.219030380,55277.508693651,0.168052003,0.000000000,-0.049350481
1787864747.318783760,55277.608363865,0.167417645,0.000000000,-0.051843967
1787864747.418931484,55277.708532497,0.166517884,0.000000000,-0.054964729
1787864747.518716574,55277.808318459,0.165524229,0.000000000,-0.058240343
1787864747.618857145,55277.908438974,0.164230496,0.000000000,-0.061609719
1787864747.718965530,55278.008544989,0.163289577,0.000000000,-0.065584287
1787864747.818760157,55278.108343892,0.162299633,0.000000000,-0.069525734
1787864747.918849230,55278.208435565,0.158383057,0.000000000,-0.078828834
1787864748.018899918,55278.308483775,0.154290617,0.000000000,-0.089866906
1787864748.118830442,55278.408427048,0.150943428,0.000000000,-0.102416545
1787864748.218867540,55278.508469091,0.148251593,0.000000000,-0.115538932
1787864748.318845749,55278.608430857,0.146097019,0.000000000,-0.128736496
1787864748.418874741,55278.708477628,0.144067779,0.000000000,-0.141816020
1787864748.518853188,55278.808448895,0.142165542,0.000000000,-0.154509276
1787864748.618837595,55278.908419804,0.140417546,0.000000000,-0.166670248
1787864748.718925714,55279.008514848,0.139312640,0.000000000,-0.177906185
1787864748.818770170,55279.108365279,0.138527483,0.000000000,-0.188468799
1787864748.918932438,55279.208522164,0.138017505,0.000000000,-0.198348463
1787864749.018892527,55279.308473502,0.137669429,0.000000000,-0.207606405
1787864749.118863821,55279.408453013,0.137433112,0.000000000,-0.216237426
1787864749.218961716,55279.508546749,0.137921542,0.000000000,-0.223923087
1787864749.318693876,55279.608286781,0.138508275,0.000000000,-0.231162935
1787864749.418817520,55279.708402764,0.139138430,0.000000000,-0.238053799
1787864749.518908978,55279.808495153,0.139678895,0.000000000,-0.244659275
1787864749.618789911,55279.908374840,0.140949070,0.000000000,-0.250411004
1787864749.718785763,55280.008385509,0.142185286,0.000000000,-0.255784154
1787864749.818616867,55280.108198587,0.143349990,0.000000000,-0.260799050
1787864749.918743372,55280.208337305,0.144294769,0.000000000,-0.265492111
1787864750.018894196,55280.308501034,0.145038128,0.000000000,-0.269763261
1787864750.119010210,55280.408615539,0.146588504,0.000000000,-0.273006469
1787864750.218895197,55280.508498707,0.148064390,0.000000000,-0.275931388
1787864750.318841696,55280.608441635,0.149458602,0.000000000,-0.278684437
1787864750.418845654,55280.708429152,0.150579751,0.000000000,-0.281404644
1787864750.518802881,55280.808393932,0.152525589,0.000000000,-0.283346325
1787864750.618750095,55280.908337302,0.154331863,0.000000000,-0.285287857
1787864750.718932629,55281.008533126,0.155951530,0.000000000,-0.287347913
1787864750.818757057,55281.108358467,0.157233492,0.000000000,-0.289608866
1787864750.918770313,55281.208371700,0.159376845,0.000000000,-0.291116327
1787864751.019035816,55281.308617883,0.161356360,0.000000000,-0.292777717
1787864751.118859768,55281.408463378,0.164263815,0.000000000,-0.293745250
1787864751.218911648,55281.508498648,0.166848868,0.000000000,-0.295225769
1787864751.318675756,55281.608253549,0.170229375,0.000000000,-0.296173990
1787864751.418915272,55281.708512228,0.173180997,0.000000000,-0.297756076
1787864751.518929005,55281.808508580,0.176740870,0.000000000,-0.298845828
1787864751.618879318,55281.908464295,0.179831937,0.000000000,-0.300532848
1787864751.719021559,55282.008606015,0.183527455,0.000000000,-0.301593214
1787864751.818855524,55282.108433291,0.187610254,0.000000000,-0.302206069
1787864751.918885231,55282.208469236,0.191355079,0.000000000,-0.303221017
1787864752.018738985,55282.308314261,0.195489660,0.000000000,-0.303687513
1787864752.118983030,55282.408571805,0.199153140,0.000000000,-0.304616302
1787864752.218883753,55282.508464705,0.202407315,0.000000000,-0.305867344
1787864752.318734884,55282.608308105,0.205977440,0.000000000,-0.306492001
1787864752.418774843,55282.708360317,0.209385842,0.000000000,-0.307127446
1787864752.518629789,55282.808201175,0.213261023,0.000000000,-0.306842566
1787864752.618752003,55282.908341290,0.218612820,0.000000000,-0.304064125
1787864752.718736649,55283.008308840,0.223691314,0.000000000,-0.301660717
1787864752.818674803,55283.108243802,0.227823555,0.000000000,-0.300016135
1787864752.918741941,55283.208342119,0.232650876,0.000000000,-0.253061086
1787864753.018701553,55283.308287034,0.238771781,0.000000000,-0.188812196
1787864753.118709326,55283.408284816,0.247491047,0.000000000,-0.113219783
1787864753.218913555,55283.508483484,0.258696914,0.000000000,-0.051224746
1787864753.318642378,55283.608211894,0.260000000,0.000000000,-0.002738951
1787864753.418848276,55283.708418051,0.260000000,0.000000000,0.039487042
1787864753.518861771,55283.808432946,0.260000000,0.000000000,0.076726332
1787864753.618782759,55283.908369041,0.260000000,0.000000000,0.102857001
1787864753.718807459,55284.008384408,0.260000000,0.000000000,0.123954721
1787864753.818717003,55284.108286898,0.260000000,0.000000000,0.140107542
1787864753.918764591,55284.208346690,0.260000000,0.000000000,0.153455585
1787864754.018709660,55284.308293259,0.260000000,0.000000000,0.162425265
1787864754.118682861,55284.408264454,0.260000000,0.000000000,0.166070059
1787864754.218822241,55284.508406876,0.260000000,0.000000000,0.165755391
1787864754.318747282,55284.608334207,0.260000000,0.000000000,0.162414491
1787864754.418833256,55284.708414226,0.260000000,0.000000000,0.157303721
1787864754.518775225,55284.808345503,0.260000000,0.000000000,0.151053190
1787864754.618756533,55284.908327081,0.260000000,0.000000000,0.143632829
1787864754.718930721,55285.008519728,0.260000000,0.000000000,0.135759056
1787864754.819093466,55285.108684080,0.260000000,0.000000000,0.127957791
1787864754.918767691,55285.208339338,0.260000000,0.000000000,0.119039431
1787864755.018891335,55285.308466816,0.260000000,0.000000000,0.110384412
1787864755.118923187,55285.408499711,0.260000000,0.000000000,0.102252997
1787864755.218889952,55285.508486159,0.260000000,0.000000000,0.094735384
1787864755.318777323,55285.608360186,0.260000000,0.000000000,0.087296709
1787864755.419064283,55285.708652814,0.260000000,0.000000000,0.080356643
1787864755.518941402,55285.808530351,0.260000000,0.000000000,0.074019238
1787864755.618769407,55285.908361256,0.260000000,0.000000000,0.068282127
1787864755.718799829,55286.008381442,0.260000000,0.000000000,0.063413635
1787864755.818787575,55286.108361555,0.260000000,0.000000000,0.058883362
1787864755.918730736,55286.208303200,0.260000000,0.000000000,0.055226862
1787864756.018781662,55286.308387598,0.260000000,0.000000000,0.052219212
1787864756.118917942,55286.408518891,0.260000000,0.000000000,0.049658619
1787864756.219235659,55286.508828625,0.260000000,0.000000000,0.047945142
1787864756.318827152,55286.608422185,0.260000000,0.000000000,0.046438687
1787864756.418828726,55286.708419754,0.260000000,0.000000000,0.045856651
1787864756.518821478,55286.808406630,0.260000000,0.000000000,0.045284595
1787864756.618888378,55286.908472605,0.260000000,0.000000000,0.045806907
1787864756.718989372,55287.008583374,0.260000000,0.000000000,0.046236429
1787864756.818954229,55287.108533907,0.260000000,0.000000000,0.046300419
1787864756.918869495,55287.208474152,0.260000000,0.000000000,0.047285877
1787864757.018826962,55287.308429383,0.260000000,0.000000000,0.049666692
1787864757.118852615,55287.408452216,0.260000000,0.000000000,0.049666692
1787864757.218932629,55287.508528921,0.260000000,0.000000000,0.051093251
1787864757.319012642,55287.608593820,0.260000000,0.000000000,0.053063370
1787864757.418927670,55287.708514364,0.260000000,0.000000000,0.054610502
1787864757.518972397,55287.808563401,0.260000000,0.000000000,0.056407899
1787864757.619014263,55287.908604459,0.260000000,0.000000000,0.055342212
1787864757.718830347,55288.008422541,0.260000000,0.000000000,0.023653148
1787864757.819147825,55288.108749804,0.260000000,0.000000000,0.018020678
1787864757.919106007,55288.208709585,0.260000000,0.000000000,0.016025359
1787864758.018962860,55288.308564778,0.260000000,0.000000000,-0.007869467
1787864758.118834734,55288.408415473,0.260000000,0.000000000,-0.006884312
1787864758.218978882,55288.508585032,0.260000000,0.000000000,-0.030951556
1787864758.318936825,55288.608621200,0.260000000,0.000000000,-0.024174454
1787864758.418973923,55288.708565399,0.260000000,0.000000000,-0.013951221
1787864758.518989325,55288.808562439,0.260000000,0.000000000,-0.027951114
1787864758.618942022,55288.908528996,0.260000000,0.000000000,-0.017542737
1787864758.718960524,55289.008548780,0.260000000,0.000000000,-0.004282951
1787864758.818922758,55289.108497089,0.260000000,0.000000000,0.011403119
1787864758.918781519,55289.208364154,0.260000000,0.000000000,0.024750989
1787864759.018789530,55289.308372878,0.260000000,0.000000000,0.035746623
1787864759.118731737,55289.408310643,0.260000000,0.000000000,0.043970957
1787864759.218751907,55289.508332880,0.260000000,0.000000000,0.049388662
1787864759.318902016,55289.608495094,0.260000000,0.000000000,0.052112956
1787864759.419252157,55289.708855094,0.260000000,0.000000000,0.055119321
1787864759.518954992,55289.808534156,0.260000000,0.000000000,0.058653861
1787864759.618935108,55289.908519231,0.260000000,0.000000000,0.061888754
1787864759.718963861,55290.008546018,0.260000000,0.000000000,0.069645017
1787864759.818907738,55290.108490747,0.260000000,0.000000000,0.069645017
1787864759.919151545,55290.208740608,0.260000000,0.000000000,0.071326613
1787864760.018959284,55290.308554426,0.260000000,0.000000000,0.071611300
1787864760.118877649,55290.408473111,0.260000000,0.000000000,0.072277270
1787864760.218934298,55290.508521643,0.260000000,0.000000000,0.073682427
1787864760.318821430,55290.608395631,0.260000000,0.000000000,0.073194787
1787864760.419101477,55290.708700032,0.260000000,0.000000000,0.071044415
1787864760.519003153,55290.808599025,0.260000000,0.000000000,0.066856511
1787864760.618826151,55290.908386810,0.260000000,0.000000000,0.061755363
1787864760.718897581,55291.008491047,0.260000000,0.000000000,0.055873696
1787864760.818942070,55291.108539634,0.260000000,0.000000000,0.048352022
1787864760.918857813,55291.208450468,0.260000000,0.000000000,0.040490162
1787864761.018907309,55291.308502360,0.260000000,0.000000000,0.033697635
1787864761.118904591,55291.408498599,0.260000000,0.000000000,0.027519202
1787864761.219012976,55291.508594144,0.260000000,0.000000000,0.021352177
1787864761.318969011,55291.608582411,0.260000000,0.000000000,0.014855857
1787864761.419013977,55291.708595324,0.260000000,0.000000000,0.007410798
1787864761.518854141,55291.808440677,0.260000000,0.000000000,-0.000776562
1787864761.618833065,55291.908417313,0.260000000,0.000000000,-0.009762601
1787864761.718882322,55292.008469871,0.260000000,0.000000000,-0.017381877
1787864761.819013357,55292.108598412,0.260000000,0.000000000,-0.024792716
1787864761.919014454,55292.208607339,0.260000000,0.000000000,-0.031151442
1787864762.019082785,55292.308692021,0.260000000,0.000000000,-0.036436353
1787864762.118863106,55292.408435491,0.260000000,0.000000000,-0.041627519
1787864762.218950033,55292.508533937,0.260000000,0.000000000,-0.046279881
1787864762.318982840,55292.608569192,0.260000000,0.000000000,-0.050200593
1787864762.419134617,55292.708714594,0.260000000,0.000000000,-0.054537315
1787864762.518865585,55292.808454780,0.260000000,0.000000000,-0.059830129
1787864762.619036198,55292.908621830,0.260000000,0.000000000,-0.065103292
1787864762.718836069,55293.008422093,0.260000000,0.000000000,-0.071342304
1787864762.819005489,55293.108585835,0.260000000,0.000000000,-0.077656962
1787864762.919085264,55293.208662852,0.260000000,0.000000000,-0.084207974
1787864763.019132137,55293.308706651,0.260000000,0.000000000,-0.090368532
1787864763.118858099,55293.408431765,0.260000000,0.000000000,-0.095051646
1787864763.218927860,55293.508517697,0.260000000,0.000000000,-0.098957203
1787864763.319168806,55293.608754301,0.260000000,0.000000000,-0.101523384
1787864763.418942451,55293.708537669,0.260000000,0.000000000,-0.103476442
1787864763.519014120,55293.808593440,0.260000000,0.000000000,-0.105033644
1787864763.618928909,55293.908513153,0.260000000,0.000000000,-0.106009774
1787864763.718929291,55294.008512783,0.260000000,0.000000000,-0.106909245
1787864763.819019794,55294.108602637,0.260000000,0.000000000,-0.107723877
1787864763.919142485,55294.208744176,0.260000000,0.000000000,-0.108465284
1787864764.018943071,55294.308536052,0.260000000,0.000000000,-0.109068625
1787864764.119067669,55294.408669642,0.260000000,0.000000000,-0.109500125
1787864764.219126225,55294.508729154,0.260000000,0.000000000,-0.109878279
1787864764.319235325,55294.608820653,0.260000000,0.000000000,-0.110129751
1787864764.418894291,55294.708475933,0.260000000,0.000000000,-0.110397086
1787864764.519035578,55294.808622873,0.260000000,0.000000000,-0.110843882
1787864764.618832827,55294.908403999,0.260000000,0.000000000,-0.111031272
1787864764.718916178,55295.008501353,0.260000000,0.000000000,-0.111031272
1787864764.818819284,55295.108389059,0.260000000,0.000000000,-0.110829003
1787864764.918947220,55295.208525898,0.260000000,0.000000000,-0.111101307
1787864765.018887997,55295.308458799,0.260000000,0.000000000,-0.111521453
1787864765.119147778,55295.408730352,0.260000000,0.000000000,-0.111926749
1787864765.218933105,55295.508513394,0.260000000,0.000000000,-0.111991055
1787864765.319065571,55295.608648948,0.260000000,0.000000000,-0.111903422
1787864765.419394016,55295.708975096,0.260000000,0.000000000,-0.113414630
1787864765.519069433,55295.808670817,0.260000000,0.000000000,-0.112594642
1787864765.618971586,55295.908564620,0.260000000,0.000000000,-0.110467121
1787864765.719141006,55296.008806606,0.260000000,0.000000000,-0.108834282
1787864765.818897724,55296.108469701,0.260000000,0.000000000,-0.108462736
1787864765.918702126,55296.208254700,0.260000000,0.000000000,-0.109689176
1787864766.019218683,55296.308800189,0.260000000,0.000000000,-0.112000033
1787864766.118844748,55296.408428034,0.260000000,0.000000000,-0.114232615
1787864766.219004154,55296.508575057,0.260000000,0.000000000,-0.116091080
1787864766.318861723,55296.608438554,0.260000000,0.000000000,-0.117786899
1787864766.418974876,55296.708567340,0.260000000,0.000000000,-0.118288085
1787864766.519226074,55296.808812819,0.260000000,0.000000000,-0.116233222
1787864766.619020224,55296.908603996,0.260000000,0.000000000,-0.113758124
1787864766.719202042,55297.008788923,0.260000000,0.000000000,-0.108557574
1787864766.819074154,55297.108657735,0.260000000,0.000000000,-0.101403788
1787864766.919081450,55297.208665910,0.260000000,0.000000000,-0.084981009
1787864767.019066095,55297.308639366,0.260000000,0.000000000,-0.084981009
1787864767.119019032,55297.408591403,0.260000000,0.000000000,-0.078381263
1787864767.219084024,55297.508660357,0.260000000,0.000000000,-0.072825342
1787864767.319221735,55297.608819312,0.260000000,0.000000000,-0.068697281
1787864767.418917656,55297.708502657,0.260000000,0.000000000,-0.067157611
1787864767.519132137,55297.808705913,0.260000000,0.000000000,-0.060396902
1787864767.619053841,55297.908635128,0.260000000,0.000000000,-0.055176836
1787864767.719075680,55298.008746637,0.260000000,0.000000000,-0.050894104
1787864767.818943977,55298.108542645,0.260000000,0.000000000,-0.048189089
1787864767.919024706,55298.208807942,0.260000000,0.000000000,-0.047408599
1787864768.019139290,55298.308721821,0.260000000,0.000000000,-0.048857804
1787864768.119102716,55298.408679508,0.260000000,0.000000000,-0.050131083
1787864768.219271421,55298.508882067,0.260000000,0.000000000,-0.052021872
1787864768.319093466,55298.608701311,0.260000000,0.000000000,-0.053274296
1787864768.419022799,55298.708625103,0.260000000,0.000000000,-0.054971002
1787864768.519074678,55298.808670957,0.260000000,0.000000000,-0.056793153
1787864768.619081497,55298.908668885,0.260000000,0.000000000,-0.058716495
1787864768.719140530,55299.008744239,0.260000000,0.000000000,-0.059969544
1787864768.819052696,55299.108637398,0.260000000,0.000000000,-0.061234884
1787864768.919120073,55299.208711002,0.260000000,0.000000000,-0.062472221
1787864769.019073009,55299.308657716,0.260000000,0.000000000,-0.063145772
1787864769.119096279,55299.408695252,0.260000000,0.000000000,-0.064991839
1787864769.219185829,55299.508767810,0.260000000,0.000000000,-0.068594463
1787864769.319163561,55299.608754603,0.260000000,0.000000000,-0.072784349
1787864769.418849707,55299.708421524,0.260000000,0.000000000,-0.079199679
1787864769.519058228,55299.808634556,0.260000000,0.000000000,-0.087483145
1787864769.618875980,55299.908445913,0.260000000,0.000000000,-0.093592606
1787864769.718975067,55300.008570237,0.260000000,0.000000000,-0.102107190
1787864769.819037676,55300.108606238,0.260000000,0.000000000,-0.108992919
1787864769.918859959,55300.208428169,0.260000000,0.000000000,-0.116059132
1787864770.018891811,55300.308458989,0.260000000,0.000000000,-0.121432357
1787864770.118984938,55300.408559963,0.260000000,0.000000000,-0.124597289
1787864770.218989372,55300.508570483,0.260000000,0.000000000,-0.127358466
1787864770.319162369,55300.608764496,0.260000000,0.000000000,-0.130442336
1787864770.419057846,55300.708652751,0.260000000,0.000000000,-0.133338854
1787864770.519007683,55300.808586519,0.260000000,0.000000000,-0.135451734
1787864770.619186163,55300.908773610,0.260000000,0.000000000,-0.138752028
1787864770.719269514,55301.008855143,0.260000000,0.000000000,-0.143848941
1787864770.819277525,55301.108883076,0.260000000,0.000000000,-0.155181900
1787864770.919034481,55301.208616311,0.260000000,0.000000000,-0.165376335
1787864771.019249201,55301.308833322,0.260000000,0.000000000,-0.177202448
1787864771.119088888,55301.408683769,0.260000000,0.000000000,-0.187976211
1787864771.219080210,55301.508654506,0.260000000,0.000000000,-0.192005634
1787864771.318907022,55301.608481554,0.260000000,0.000000000,-0.196447194
1787864771.418917179,55301.708485917,0.260000000,0.000000000,-0.195278674
1787864771.518904686,55301.808475808,0.260000000,0.000000000,-0.191191882
1787864771.618921995,55301.908492422,0.260000000,0.000000000,-0.183490083
1787864771.718968391,55302.008553389,0.260000000,0.000000000,-0.172291055
1787864771.819044828,55302.108629213,0.260000000,0.000000000,-0.159976691
1787864771.918964386,55302.208532768,0.260000000,0.000000000,-0.147272900
1787864772.018981218,55302.308548327,0.260000000,0.000000000,-0.135875612
1787864772.119113207,55302.408681834,0.260000000,0.000000000,-0.138884932
1787864772.218994379,55302.508581597,0.260000000,0.000000000,-0.145291492
1787864772.319079638,55302.608662115,0.260000000,0.000000000,-0.153187752
1787864772.419298649,55302.708893215,0.260000000,0.000000000,-0.159356505
1787864772.519117355,55302.808691893,0.260000000,0.000000000,-0.164479628
1787864772.619135141,55302.908733786,0.260000000,0.000000000,-0.165656865
1787864772.719044685,55303.008623324,0.260000000,0.000000000,-0.165105090
1787864772.819037199,55303.108630451,0.260000000,0.000000000,-0.162892058
1787864772.919018269,55303.208601520,0.260000000,0.000000000,-0.160015717
1787864773.019053221,55303.308626309,0.260000000,0.000000000,-0.156645730
1787864773.119030952,55303.408601050,0.260000000,0.000000000,-0.152384564
1787864773.219167233,55303.508748320,0.260000000,0.000000000,-0.146036759
1787864773.319177866,55303.608749663,0.260000000,0.000000000,-0.139290750
1787864773.419053316,55303.708628715,0.260000000,0.000000000,-0.132876843
1787864773.519120693,55303.808703202,0.260000000,0.000000000,-0.127211362
1787864773.619249105,55303.908833539,0.260000000,0.000000000,-0.122327253
1787864773.719323874,55304.008925170,0.260000000,0.000000000,-0.117989905
1787864773.819148302,55304.108743511,0.260000000,0.000000000,-0.114205398
1787864773.919166327,55304.208772818,0.260000000,0.000000000,-0.110844694
1787864774.019172668,55304.308775271,0.260000000,0.000000000,-0.107870176
1787864774.119200468,55304.408793530,0.260000000,0.000000000,-0.105196580
1787864774.219403982,55304.508988185,0.260000000,0.000000000,-0.102971777
1787864774.319184542,55304.608776361,0.260000000,0.000000000,-0.100924194
1787864774.419278145,55304.708861878,0.260000000,0.000000000,-0.099056996
1787864774.519196987,55304.808782718,0.260000000,0.000000000,-0.097645529
1787864774.619193554,55304.908777846,0.260000000,0.000000000,-0.096465319
1787864774.719105482,55305.008690672,0.260000000,0.000000000,-0.095435157
1787864774.819228649,55305.108823254,0.260000000,0.000000000,-0.094920740
1787864774.919148207,55305.208731355,0.260000000,0.000000000,-0.094612919
1787864775.019275188,55305.308858527,0.260000000,0.000000000,-0.094446257
1787864775.119112730,55305.408696772,0.260000000,0.000000000,-0.094817162
1787864775.219115496,55305.508714797,0.260000000,0.000000000,-0.095334895
1787864775.319133520,55305.608734725,0.260000000,0.000000000,-0.095911786
1787864775.419213533,55305.708794783,0.260000000,0.000000000,-0.097008795
1787864775.519104481,55305.808694906,0.260000000,0.000000000,-0.098172590
1787864775.619242907,55305.908846856,0.260000000,0.000000000,-0.099358901
1787864775.719210386,55306.008808036,0.260000000,0.000000000,-0.100958303
1787864775.819110394,55306.108693634,0.260000000,0.000000000,-0.102555282
1787864775.919359922,55306.208942805,0.260000000,0.000000000,-0.104119278
1787864776.019098997,55306.308678583,0.260000000,0.000000000,-0.105998680
1787864776.119169474,55306.408756448,0.260000000,0.000000000,-0.107856520
1787864776.219265938,55306.508851467,0.260000000,0.000000000,-0.109617472
1787864776.319061041,55306.608642963,0.260000000,0.000000000,-0.111631863
1787864776.419135809,55306.708722302,0.260000000,0.000000000,-0.113680810
1787864776.519303322,55306.808898359,0.260000000,0.000000000,-0.115573473
1787864776.619072437,55306.908666662,0.260000000,0.000000000,-0.117605701
1787864776.719520569,55307.009118483,0.260000000,0.000000000,-0.119761281
1787864776.819064140,55307.108641923,0.260000000,0.000000000,-0.122348912
1787864776.919087172,55307.208662857,0.260000000,0.000000000,-0.124633312
1787864777.019292593,55307.308896246,0.260000000,0.000000000,-0.127100557
1787864777.119126320,55307.408727415,0.260000000,0.000000000,-0.129296258
1787864777.219303131,55307.508908032,0.260000000,0.000000000,-0.131480426
1787864777.319453716,55307.609033869,0.260000000,0.000000000,-0.133752555
1787864777.419219732,55307.708805153,0.260000000,0.000000000,-0.136170536
1787864777.519213915,55307.808818636,0.260000000,0.000000000,-0.138475060
1787864777.619334936,55307.908920291,0.260000000,0.000000000,-0.140592009
1787864777.719282150,55308.008872623,0.260000000,0.000000000,-0.143389434
1787864777.819150448,55308.108741910,0.260000000,0.000000000,-0.146546140
1787864777.919289589,55308.208886097,0.260000000,0.000000000,-0.149535149
1787864778.019346714,55308.308932967,0.260000000,0.000000000,-0.153427303
1787864778.119306564,55308.408909738,0.260000000,0.000000000,-0.157190099
1787864778.219256401,55308.508836018,0.260000000,0.000000000,-0.161300585
1787864778.319187164,55308.608767925,0.260000000,0.000000000,-0.168360531
1787864778.419325113,55308.708926771,0.260000000,0.000000000,-0.172638446
1787864778.519240618,55308.808842793,0.260000000,0.000000000,-0.176506415
1787864778.619179010,55308.908772536,0.260000000,0.000000000,-0.181882128
1787864778.719276428,55309.008866969,0.260000000,0.000000000,-0.186737612
1787864778.819166899,55309.108753613,0.260000000,0.000000000,-0.190641195
1787864778.919239998,55309.208844355,0.260000000,0.000000000,-0.193855524
1787864779.019226789,55309.308822469,0.260000000,0.000000000,-0.194686562
1787864779.119514465,55309.409100445,0.260000000,0.000000000,-0.196466237
1787864779.219331264,55309.508923275,0.260000000,0.000000000,-0.198728859
1787864779.319163799,55309.608743379,0.260000000,0.000000000,-0.201864824
1787864779.419248819,55309.708839413,0.260000000,0.000000000,-0.204626888
1787864779.519208431,55309.808801157,0.260000000,0.000000000,-0.205107152
1787864779.619321585,55309.908902706,0.260000000,0.000000000,-0.206673667
1787864779.719147444,55310.008733347,0.260000000,0.000000000,-0.208520293
1787864779.819133759,55310.108718175,0.260000000,0.000000000,-0.206820205
1787864779.919221878,55310.208821029,0.260000000,0.000000000,-0.206571311
1787864780.019370794,55310.308954935,0.260000000,0.000000000,-0.207975507
1787864780.119323969,55310.408909792,0.259907067,0.000000000,-0.209953293
1787864780.219168663,55310.508738179,0.260000000,0.000000000,-0.200909376
1787864780.318980932,55310.608561852,0.260000000,0.000000000,-0.198814899
1787864780.419119835,55310.708692683,0.260000000,0.000000000,-0.197658882
1787864780.519271135,55310.808850276,0.260000000,0.000000000,-0.197712258
1787864780.619038582,55310.908609831,0.260000000,0.000000000,-0.196607441
1787864780.719086170,55311.008664643,0.258664817,0.000000000,-0.197663262
1787864780.819160461,55311.108729536,0.259174854,0.000000000,-0.196685448
1787864780.919024944,55311.208599526,0.258705199,0.000000000,-0.197747126
1787864781.019168854,55311.308750663,0.255200684,0.000000000,-0.196463615
1787864781.119155407,55311.408737847,0.254116714,0.000000000,-0.193044797
1787864781.219062090,55311.508637728,0.251085252,0.000000000,-0.190867841
1787864781.319131851,55311.608714759,0.249094680,0.000000000,-0.190009296
1787864781.419435024,55311.709017838,0.249481395,0.000000000,-0.185585245
1787864781.519069195,55311.808656575,0.251236975,0.000000000,-0.177786380
1787864781.619145632,55311.908717011,0.252426088,0.000000000,-0.171356231
1787864781.719223261,55312.008799477,0.254120141,0.000000000,-0.165679500
1787864781.819107771,55312.108689690,0.254873604,0.000000000,-0.163784355
1787864781.919245481,55312.208819236,0.256516159,0.000000000,-0.158231422
1787864782.019142866,55312.308715310,0.257106483,0.000000000,-0.155680150
1787864782.119122982,55312.408693129,0.257161885,0.000000000,-0.152838185
1787864782.219073057,55312.508657108,0.257388681,0.000000000,-0.152231276
1787864782.319126606,55312.608697827,0.257093191,0.000000000,-0.151862159
1787864782.419124842,55312.708707290,0.257550985,0.000000000,-0.151261851
1787864782.519211769,55312.808782250,0.258178145,0.000000000,-0.149423704
1787864782.619153738,55312.908725106,0.259908974,0.000000000,-0.147627547
1787864782.719157934,55313.008727256,0.260000000,0.000000000,-0.143722147
1787864782.819288492,55313.108875353,0.260000000,0.000000000,-0.136317894
1787864782.919127464,55313.208697617,0.260000000,0.000000000,-0.123061121
1787864783.019183397,55313.308762854,0.260000000,0.000000000,-0.112646125
1787864783.119067907,55313.408646931,0.260000000,0.000000000,-0.103393503
1787864783.219149828,55313.508719567,0.260000000,0.000000000,-0.096258111
1787864783.319211721,55313.608792379,0.260000000,0.000000000,-0.090387985
1787864783.419295788,55313.708881240,0.260000000,0.000000000,-0.083552107
1787864783.519219875,55313.808821138,0.260000000,0.000000000,-0.076748572
1787864783.619155169,55313.908740665,0.260000000,0.000000000,-0.067892231
1787864783.719477654,55314.009063846,0.260000000,0.000000000,-0.058092222
1787864783.819324493,55314.108919706,0.260000000,0.000000000,-0.048792854
1787864783.919268131,55314.208851609,0.260000000,0.000000000,-0.039188683
1787864784.019231796,55314.308815102,0.260000000,0.000000000,-0.029119169
1787864784.119346380,55314.408949862,0.260000000,0.000000000,-0.016443338
1787864784.219434738,55314.509017238,0.260000000,0.000000000,-0.003167648
1787864784.319339037,55314.608925582,0.260000000,0.000000000,0.011158703
1787864784.419254541,55314.708837840,0.260000000,0.000000000,0.022085737
1787864784.519315243,55314.808913837,0.260000000,0.000000000,0.035408031
1787864784.619308710,55314.908891576,0.260000000,0.000000000,0.050238460
1787864784.719346523,55315.008948578,0.260000000,0.000000000,0.065062501
1787864784.819236755,55315.108813140,0.260000000,0.000000000,0.083526477
1787864784.919196606,55315.208779162,0.260000000,0.000000000,0.103078879
1787864785.019366980,55315.308958982,0.260000000,0.000000000,0.123950183
1787864785.119274855,55315.408855987,0.260000000,0.000000000,0.144137859
1787864785.219358921,55315.508944560,0.260000000,0.000000000,0.164196134
1787864785.319407940,55315.608994333,0.260000000,0.000000000,0.179903209
1787864785.419328213,55315.708912812,0.260000000,0.000000000,0.195531666
1787864785.519204855,55315.808775995,0.260000000,0.000000000,0.203711033
1787864785.619209528,55315.908793061,0.260000000,0.000000000,0.212314934
1787864785.719676256,55316.009266004,0.260000000,0.000000000,0.222186416
1787864785.819483042,55316.109066485,0.260000000,0.000000000,0.222005323
1787864785.919136047,55316.208720767,0.260000000,0.000000000,0.228421450
1787864786.019327402,55316.308923660,0.260000000,0.000000000,0.235353544
1787864786.119511366,55316.409103292,0.260000000,0.000000000,0.239099532
1787864786.219493389,55316.509076466,0.260000000,0.000000000,0.239724904
1787864786.319821358,55316.609418302,0.260000000,0.000000000,0.233972862
1787864786.419335127,55316.708929024,0.260000000,0.000000000,0.224923342
1787864786.519459248,55316.809040851,0.260000000,0.000000000,0.205072254
1787864786.619162798,55316.908735618,0.260000000,0.000000000,0.194737136
1787864786.719271660,55317.008856809,0.260000000,0.000000000,0.194737136
1787864786.819524765,55317.109122343,0.260000000,0.000000000,0.183767974
1787864786.919301987,55317.208886429,0.260000000,0.000000000,0.173535675
1787864787.019374609,55317.308965556,0.260000000,0.000000000,0.162851959
1787864787.119292974,55317.408879601,0.260000000,0.000000000,0.153633416
1787864787.219420671,55317.509026194,0.260000000,0.000000000,0.145003229
1787864787.319602966,55317.609188241,0.260000000,0.000000000,0.137858987
1787864787.419285297,55317.708866259,0.260000000,0.000000000,0.132170662
1787864787.519330025,55317.808915647,0.260000000,0.000000000,0.127127349
1787864787.619379282,55317.908980839,0.260000000,0.000000000,0.122371122
1787864787.719269276,55318.008884991,0.260000000,0.000000000,0.115481623
1787864787.819420338,55318.109007746,0.260000000,0.000000000,0.108631983
1787864787.919528484,55318.209123907,0.260000000,0.000000000,0.101669997
1787864788.019660711,55318.309260931,0.260000000,0.000000000,0.094484098
1787864788.119437218,55318.409032327,0.260000000,0.000000000,0.086483441
1787864788.219409227,55318.508994177,0.260000000,0.000000000,0.078570686
1787864788.319456577,55318.609042613,0.260000000,0.000000000,0.072108217
1787864788.419413090,55318.708997969,0.260000000,0.000000000,0.065903775
1787864788.519363403,55318.808958327,0.260000000,0.000000000,0.060084686
1787864788.619340658,55318.908923850,0.260000000,0.000000000,0.054473963
1787864788.719341755,55319.008923641,0.260000000,0.000000000,0.048684321
1787864788.819360971,55319.108956246,0.260000000,0.000000000,0.041091293
1787864788.919424534,55319.209014926,0.260000000,0.000000000,0.033432584
1787864789.019391775,55319.308973815,0.260000000,0.000000000,0.026050836
1787864789.119400978,55319.408994273,0.260000000,0.000000000,0.019061046
1787864789.219289064,55319.508870411,0.260000000,0.000000000,0.012732531
1787864789.319139004,55319.608706302,0.260000000,0.000000000,0.007054773
1787864789.419305325,55319.708904772,0.260000000,0.000000000,0.003782880
1787864789.519191027,55319.808774632,0.260000000,0.000000000,0.001355100
1787864789.619231462,55319.908818243,0.260000000,0.000000000,-0.000671070
1787864789.719238758,55320.008816864,0.260000000,0.000000000,-0.002968650
1787864789.819168568,55320.108747483,0.260000000,0.000000000,-0.005261978
1787864789.919223309,55320.208801426,0.260000000,0.000000000,-0.007696213
1787864790.019422293,55320.309006281,0.260000000,0.000000000,-0.010084907
1787864790.119461536,55320.409044217,0.260000000,0.000000000,-0.012943626
1787864790.219420671,55320.509002913,0.260000000,0.000000000,-0.015799889
1787864790.319454908,55320.609033609,0.260000000,0.000000000,-0.018684838
1787864790.419415712,55320.709001564,0.260000000,0.000000000,-0.022038810
1787864790.519166231,55320.808734415,0.260000000,0.000000000,-0.032521904
1787864790.619738340,55320.909348424,0.260000000,0.000000000,-0.043807976
1787864790.719538212,55321.009133552,0.260000000,0.000000000,-0.054177810
1787864790.819279671,55321.108879902,0.260000000,0.000000000,-0.062960677
1787864790.919440031,55321.209035543,0.260000000,0.000000000,-0.070347913
1787864791.019391060,55321.308969148,0.260000000,0.000000000,-0.076460540
1787864791.119509220,55321.409103402,0.260000000,0.000000000,-0.080775306
1787864791.219511747,55321.509096808,0.260000000,0.000000000,-0.084035546
1787864791.319478989,55321.609074581,0.260000000,0.000000000,-0.086472832
1787864791.419393778,55321.708992080,0.260000000,0.000000000,-0.087798230
1787864791.519380331,55321.808959765,0.260000000,0.000000000,-0.088633835
1787864791.619307756,55321.908895736,0.260000000,0.000000000,-0.089190856
1787864791.719337225,55322.008935816,0.260000000,0.000000000,-0.089143299
1787864791.819424868,55322.108995578,0.260000000,0.000000000,-0.089038081
1787864791.919400454,55322.208999697,0.260000000,0.000000000,-0.088987492
1787864792.019356012,55322.308951424,0.260000000,0.000000000,-0.089096509
1787864792.119302034,55322.408882442,0.260000000,0.000000000,-0.088747583
1787864792.219529390,55322.509110915,0.260000000,0.000000000,-0.088443957
1787864792.319535971,55322.609129339,0.260000000,0.000000000,-0.088271409
1787864792.419408083,55322.709004621,0.260000000,0.000000000,-0.087618165
1787864792.519593954,55322.809174775,0.260000000,0.000000000,-0.087023742
1787864792.619550943,55322.909131600,0.260000000,0.000000000,-0.086612523
1787864792.719811678,55323.009404801,0.260000000,0.000000000,-0.088113643
1787864792.819298029,55323.108881948,0.260000000,0.000000000,-0.090186127
1787864792.919452906,55323.209050843,0.260000000,0.000000000,-0.089292720
1787864793.019334316,55323.308929291,0.260000000,0.000000000,-0.085259140
1787864793.119412184,55323.409010607,0.260000000,0.000000000,-0.078953147
1787864793.219392538,55323.508994039,0.260000000,0.000000000,-0.071837395
1787864793.319451571,55323.609034412,0.260000000,0.000000000,-0.064684242
1787864793.419390440,55323.708969782,0.260000000,0.000000000,-0.057888728
1787864793.519282579,55323.808864196,0.260000000,0.000000000,-0.051478326
1787864793.619457722,55323.909059493,0.260000000,0.000000000,-0.045420416
1787864793.719348907,55324.008933374,0.260000000,0.000000000,-0.039640814
1787864793.819221497,55324.108793123,0.260000000,0.000000000,-0.034192592
1787864793.919439793,55324.209026006,0.260000000,0.000000000,-0.029194912
1787864794.019410372,55324.309006183,0.260000000,0.000000000,-0.024862014
1787864794.119471788,55324.409060755,0.260000000,0.000000000,-0.021231910
1787864794.219369888,55324.508956642,0.260000000,0.000000000,-0.018347619
1787864794.319423676,55324.609036131,0.260000000,0.000000000,-0.016208246
1787864794.419426441,55324.709021974,0.260000000,0.000000000,-0.014912631
1787864794.519726515,55324.809312016,0.260000000,0.000000000,-0.014350193
1787864794.619489431,55324.909072608,0.260000000,0.000000000,-0.014468381
1787864794.719492912,55325.009075963,0.260000000,0.000000000,-0.015185799
1787864794.819537640,55325.109118729,0.260000000,0.000000000,-0.016552627
1787864794.919406414,55325.208997903,0.260000000,0.000000000,-0.018372523
1787864795.019447565,55325.309041276,0.260000000,0.000000000,-0.020685030
1787864795.119463205,55325.409054829,0.260000000,0.000000000,-0.023265123
1787864795.219481707,55325.509079579,0.259321094,0.000000000,-0.026016323
1787864795.319424629,55325.609002577,0.258106112,0.000000000,-0.028847476
1787864795.419422388,55325.709000717,0.256894410,0.000000000,-0.031712271
1787864795.519772053,55325.809354636,0.255545557,0.000000000,-0.034749918
1787864795.619388103,55325.908981904,0.254151314,0.000000000,-0.037800919
1787864795.719484568,55326.009073304,0.252700984,0.000000000,-0.040829595
1787864795.819429398,55326.109024459,0.251051813,0.000000000,-0.043988544
1787864795.919415236,55326.208996740,0.249334455,0.000000000,-0.047112569
1787864796.019495726,55326.309091603,0.247532293,0.000000000,-0.050175462
1787864796.119399786,55326.408978612,0.245673418,0.000000000,-0.053133506
1787864796.219451189,55326.509029646,0.243541449,0.000000000,-0.056195352
1787864796.319461346,55326.609042114,0.241319403,0.000000000,-0.059186082
1787864796.419366360,55326.708960473,0.238989711,0.000000000,-0.062088586
1787864796.519604445,55326.809188437,0.236348242,0.000000000,-0.065064438
1787864796.619393110,55326.908986013,0.233616650,0.000000000,-0.067921236
1787864796.719799757,55327.009380440,0.230791122,0.000000000,-0.070614718
1787864796.819349527,55327.108932441,0.227598116,0.000000000,-0.073289014
1787864796.919507742,55327.209100710,0.224321902,0.000000000,-0.075776011
1787864797.019461632,55327.309061202,0.220752373,0.000000000,-0.078157015
1787864797.119684458,55327.409280227,0.217395216,0.000000000,-0.080196828
1787864797.219311953,55327.508896145,0.213628814,0.000000000,-0.082122132
1787864797.319328785,55327.608914748,0.209979653,0.000000000,-0.083751082
1787864797.419347286,55327.708924760,0.206294909,0.000000000,-0.085122772
1787864797.519326448,55327.808911541,0.198697060,0.000000000,-0.052445959
1787864797.619340181,55327.908914616,0.193257704,0.000000000,-0.012515017
1787864797.719479084,55328.009054236,0.186339363,0.000000000,0.034221604
1787864797.819558382,55328.109145742,0.179057881,0.000000000,0.080653980
1787864797.919283628,55328.208855084,0.172192663,0.000000000,0.125856459
1787864798.019395113,55328.308974689,0.165972859,0.000000000,0.168036059
1787864798.119259596,55328.408825098,0.160729215,0.000000000,0.207094610
1787864798.219362259,55328.508936487,0.156060711,0.000000000,0.243050292
1787864798.319357872,55328.608942351,0.151515976,0.000000000,0.276199013
1787864798.419360399,55328.708946038,0.146587625,0.000000000,0.306676447
1787864798.519778252,55328.809347822,0.140465751,0.000000000,0.334565818
1787864798.619358540,55328.908936764,0.133712694,0.000000000,0.359451830
1787864798.719277859,55329.008853776,0.126417086,0.000000000,0.380651951
1787864798.819537401,55329.109117058,0.118942842,0.000000000,0.397776723
1787864798.919363260,55329.208931184,0.111036785,0.000000000,0.410504907
1787864799.019659519,55329.309234314,0.103399560,0.000000000,0.419794947
1787864799.119579792,55329.409172909,0.095746659,0.000000000,0.425020814
1787864799.219429493,55329.509015955,0.088140585,0.000000000,0.426856756
1787864799.319422245,55329.608994556,0.080027573,0.000000000,0.424276620
1787864799.419539928,55329.709118469,0.072048210,0.000000000,0.417918056
1787864799.519495487,55329.809094106,0.064461119,0.000000000,0.409099400
1787864799.619564533,55329.909151619,0.057187278,0.000000000,0.398338169
1787864799.719583511,55330.009183640,0.050079908,0.000000000,0.385247588
1787864799.819340706,55330.108923477,0.036808476,0.000000000,0.352911472
1787864799.919443369,55330.209038712,0.036808476,0.000000000,0.352911472
1787864800.019962311,55330.309543684,0.031128014,0.000000000,0.334946752
1787864800.119487286,55330.409082304,0.025947670,0.000000000,0.316213757
1787864800.219595194,55330.509192651,0.021279244,0.000000000,0.296674132
1787864800.319381952,55330.608963383,0.017217658,0.000000000,0.277547091
1787864800.419337273,55330.708909369,0.013635129,0.000000000,0.258497030
1787864800.519658089,55330.809348339,0.010581790,0.000000000,0.240410253
1787864800.619610071,55330.909186570,0.008041959,0.000000000,0.223747313
1787864800.719466448,55331.009034442,0.005788289,0.000000000,0.207741901
1787864800.819361687,55331.108941932,0.003822126,0.000000000,0.192906916
1787864800.919609547,55331.209188214,0.002189632,0.000000000,0.179609388
1787864801.019537687,55331.309130838,0.000834250,0.000000000,0.167865470
1787864801.119670868,55331.409254273,-0.000380402,0.000000000,0.156711683
1787864801.219545364,55331.509129481,-0.001462304,0.000000000,0.146485448
1787864801.319432259,55331.609013491,-0.002400331,0.000000000,0.137307540
1787864801.419644356,55331.709223193,-0.003203333,0.000000000,0.129109740
1787864801.519479752,55331.809074019,-0.003958339,0.000000000,0.121050224
1787864801.619661331,55331.909258535,-0.004655468,0.000000000,0.113569289
1787864801.719573498,55332.009162173,-0.005287757,0.000000000,0.106689282
1787864801.819559097,55332.109139349,-0.005843197,0.000000000,0.100397348
1787864801.919526339,55332.209121100,-0.006321620,0.000000000,0.094603948
1787864802.019677639,55332.309273527,-0.006770993,0.000000000,0.088671662
1787864802.119455576,55332.409043252,-0.007175162,0.000000000,0.083055340
1787864802.219464779,55332.509039547,-0.007524498,0.000000000,0.077817060
1787864802.319373131,55332.608956939,-0.007834238,0.000000000,0.072549216
1787864802.419673204,55332.709265885,-0.008097977,0.000000000,0.067627102
1787864802.519679070,55332.809261255,-0.008324579,0.000000000,0.063047655
1787864802.619542837,55332.909132928,-0.008516674,0.000000000,0.058487102
1787864802.719501257,55333.009094451,-0.008669887,0.000000000,0.054315843
1787864802.819430590,55333.109023522,-0.008782190,0.000000000,0.050568331
1787864802.919498444,55333.209090100,-0.008858168,0.000000000,0.047194887
1787864803.019490242,55333.309071206,-0.008899035,0.000000000,0.043865841
1787864803.119650602,55333.409228538,-0.008914310,0.000000000,0.040843625
1787864803.219611168,55333.509208318,-0.008899934,0.000000000,0.038122762
1787864803.319590092,55333.609184826,-0.008857075,0.000000000,0.035424098
1787864803.419783831,55333.709362502,-0.008799382,0.000000000,0.032936074
1787864803.519573450,55333.809166139,-0.008731492,0.000000000,0.030905748
1787864803.619531870,55333.909130603,-0.008634955,0.000000000,0.028924430
1787864803.719519138,55334.009114978,-0.008529403,0.000000000,0.027100492
1787864803.819479227,55334.109055805,-0.008414596,0.000000000,0.025429897
1787864803.919494867,55334.209068192,-0.008293425,0.000000000,0.023910275
1787864804.019598484,55334.309195035,-0.008166314,0.000000000,0.022512669
1787864804.119549513,55334.409144446,-0.008035759,0.000000000,0.021201044
1787864804.219587564,55334.509187501,-0.007893275,0.000000000,0.019837061
1787864804.319504976,55334.609076335,-0.007750293,0.000000000,0.018557690
1787864804.419808865,55334.709407849,-0.007604574,0.000000000,0.017376509
1787864804.519846439,55334.809439075,-0.007457547,0.000000000,0.016287215
1787864804.619600296,55334.909178705,-0.007298226,0.000000000,0.015195788
1787864804.719677448,55335.009254784,-0.007140922,0.000000000,0.014189635
1787864804.819547176,55335.109116428,-0.006984920,0.000000000,0.013272243
1787864804.919681787,55335.209283643,-0.006831525,0.000000000,0.012431466
1787864805.019476414,55335.309061791,-0.006669894,0.000000000,0.011583396
1787864805.119556427,55335.409147376,-0.006512386,0.000000000,0.010805039
1787864805.219492912,55335.509064208,-0.006357295,0.000000000,0.010098713
1787864805.319448471,55335.609015153,-0.006194276,0.000000000,0.009395563
1787864805.419505119,55335.709084476,-0.006035793,0.000000000,0.008755835
1787864805.519301176,55335.808860630,-0.005880360,0.000000000,0.008180256
1787864805.619406939,55335.908997403,-0.005718356,0.000000000,0.007613234
1787864805.719630003,55336.009213770,-0.005561927,0.000000000,0.007100597
1787864805.819510460,55336.109089409,-0.005409291,0.000000000,0.006634075
1787864805.919590712,55336.209156519,-0.005264129,0.000000000,0.006222928
1787864806.019466162,55336.309056796,-0.005113583,0.000000000,0.005817183
1787864806.119488001,55336.409078483,-0.004969560,0.000000000,0.005450686
1787864806.219368458,55336.508938114,-0.004830377,0.000000000,0.005120841
1787864806.319563866,55336.609142807,-0.004696332,0.000000000,0.004822533
1787864806.419386864,55336.708970846,-0.004557844,0.000000000,0.004526972
1787864806.519615889,55336.809202849,-0.004425082,0.000000000,0.004259123
1787864806.619506121,55336.909090343,-0.004296817,0.000000000,0.004018020
1787864806.719425440,55337.009001899,-0.004164486,0.000000000,0.003780558
1787864806.819565535,55337.109134195,-0.004038098,0.000000000,0.003566046
1787864806.919455051,55337.209039785,-0.003916751,0.000000000,0.003373922
1787864807.019599915,55337.309183923,-0.003792616,0.000000000,0.003188467
1787864807.119466782,55337.409033799,-0.003674665,0.000000000,0.003021476
1787864807.219559193,55337.509143245,-0.003561918,0.000000000,0.002872097
1787864807.319521904,55337.609087250,-0.003455143,0.000000000,0.002739782
1787864807.419579029,55337.709146622,-0.003345376,0.000000000,0.002610775
1787864807.519589424,55337.809172805,-0.003241044,0.000000000,0.002494075
1787864807.619705439,55337.909288572,-0.003140075,0.000000000,0.002386900
1787864807.719520330,55338.009100309,-0.003035184,0.000000000,0.002307728
1787864807.819681883,55338.109261718,-0.002935726,0.000000000,0.002236173
1787864807.919845343,55338.209440985,-0.002841316,0.000000000,0.002168824
1787864808.019640207,55338.309220340,-0.002751901,0.000000000,0.002102633
1787864808.119578600,55338.409160543,-0.002661107,0.000000000,0.002030729
1787864808.219916344,55338.509502691,-0.002575343,0.000000000,0.001961281
1787864808.319632053,55338.609227614,-0.002493811,0.000000000,0.001895357
1787864808.419623137,55338.709225176,-0.002416927,0.000000000,0.001834404
1787864808.519585133,55338.809178473,-0.002344022,0.000000000,0.001778405
1787864808.619610786,55338.909191461,-0.002268813,0.000000000,0.001722513
1787864808.719643354,55339.009219313,-0.002197278,0.000000000,0.001671567
1787864808.819596767,55339.109193779,-0.002128651,0.000000000,0.001625250
1787864808.919635057,55339.209229704,-0.002058122,0.000000000,0.001580240
1787864809.019679546,55339.309262160,-0.001991095,0.000000000,0.001540013
1787864809.119744301,55339.409320150,-0.001926996,0.000000000,0.001504383
1787864809.219731569,55339.509324978,-0.001866407,0.000000000,0.001473398
1787864809.319630623,55339.609236593,-0.001803860,0.000000000,0.001444159
1787864809.419911861,55339.709514657,-0.001744531,0.000000000,0.001418737
1787864809.519491434,55339.809077338,-0.001687977,0.000000000,0.001396490
1787864809.619583130,55339.909151301,-0.001634567,0.000000000,0.001377196
1787864809.719514132,55340.009095441,-0.001583237,0.000000000,0.001360263
1787864809.819531441,55340.109115021,-0.001530589,0.000000000,0.001344434
1787864809.919615030,55340.209183685,-0.001480394,0.000000000,0.001330764
1787864810.019599199,55340.309165438,-0.001432356,0.000000000,0.001318832
1787864810.119622469,55340.409221544,-0.001386354,0.000000000,0.001308472
1787864810.219558001,55340.509141038,-0.001342957,0.000000000,0.001299555
1787864810.319490910,55340.609057312,-0.001297990,0.000000000,0.001291517
1787864810.419606686,55340.709173311,-0.001255205,0.000000000,0.001284836
1787864810.519629478,55340.809217342,-0.001214200,0.000000000,0.001279087
1787864810.619442463,55340.909014231,-0.001175622,0.000000000,0.001274197
1787864810.719697952,55341.009295800,-0.001135567,0.000000000,0.001269815
1787864810.819500446,55341.109089750,-0.001097752,0.000000000,0.001266264
1787864810.919574976,55341.209150265,-0.001061668,0.000000000,0.001263230
1787864811.019433737,55341.309020824,-0.001024527,0.000000000,0.001260626
1787864811.119595289,55341.409181423,-0.000989620,0.000000000,0.001258552
1787864811.219496727,55341.509067863,-0.000964053,0.000000000,0.001257459
1787864811.319524765,55341.609091455,-0.000936952,0.000000000,0.001256309
1787864811.419533253,55341.709104933,-0.000911246,0.000000000,0.001255614
1787864811.519448996,55341.809015420,-0.000885376,0.000000000,0.001255002
1787864811.619551897,55341.909141444,-0.000860020,0.000000000,0.001254450
1787864811.719578981,55342.009148478,-0.000835040,0.000000000,0.001253844
1787864811.819628239,55342.109195236,-0.000810485,0.000000000,0.001253309
1787864811.919548273,55342.209116110,-0.000786346,0.000000000,0.001252944
1787864812.019480944,55342.309047758,-0.000760585,0.000000000,0.001252880
1787864812.119719267,55342.409284508,-0.000735605,0.000000000,0.001253110
1787864812.219583273,55342.509151862,-0.000709350,0.000000000,0.001253487
1787864812.319453478,55342.609031440,-0.000684337,0.000000000,0.001253944
1787864812.419507504,55342.709075215,-0.000660436,0.000000000,0.001254252
1787864812.519662619,55342.809230083,-0.000636147,0.000000000,0.001254448
1787864812.619609833,55342.909192188,-0.000613284,0.000000000,0.001254524
1787864812.719585896,55343.009179117,-0.000591648,0.000000000,0.001254407
1787864812.819463253,55343.109047743,-0.000569835,0.000000000,0.001254217
1787864812.919673920,55343.209259550,-0.000549351,0.000000000,0.001253924
1787864813.019472122,55343.309047755,-0.000530005,0.000000000,0.001253474
1787864813.119487524,55343.409067107,-0.000510473,0.000000000,0.001252990
1787864813.219739914,55343.509296343,-0.000492120,0.000000000,0.001252563
1787864813.319561005,55343.609136755,-0.000474758,0.000000000,0.001252180
1787864813.419696331,55343.709288478,-0.000458500,0.000000000,0.001251800
1787864813.519614935,55343.809193819,-0.000441949,0.000000000,0.001251383
1787864813.619676352,55343.909269369,-0.000426363,0.000000000,0.001251100
1787864813.719619751,55344.009204432,-0.000411534,0.000000000,0.001250855
1787864813.819619656,55344.109186479,-0.000397637,0.000000000,0.001250593
1787864813.919760227,55344.209353556,-0.000383505,0.000000000,0.001250275
1787864814.019649744,55344.309230538,-0.000370205,0.000000000,0.001249991
1787864814.119519234,55344.409088213,-0.000357540,0.000000000,0.001249700
1787864814.219659567,55344.509232277,-0.000344719,0.000000000,0.001249343
1787864814.319686890,55344.609275028,-0.000332663,0.000000000,0.001248949
1787864814.419577599,55344.709149507,-0.000321265,0.000000000,0.001248484
1787864814.519589901,55344.809166096,-0.000310566,0.000000000,0.001247984
1787864814.619498968,55344.909065639,-0.000299672,0.000000000,0.001247378
1787864814.719665051,55345.009232979,-0.000289418,0.000000000,0.001246780
1787864814.819535017,55345.109113733,-0.000279683,0.000000000,0.001246121
1787864814.919755459,55345.209324014,-0.000270557,0.000000000,0.001245411
1787864815.019768000,55345.309366863,-0.000261957,0.000000000,0.001244640
1787864815.119717121,55345.409308562,-0.000253808,0.000000000,0.001243851
1787864815.219663143,55345.509255188,-0.000245404,0.000000000,0.001242983
1787864815.319601059,55345.609195725,-0.000237432,0.000000000,0.001242083
1787864815.419769287,55345.709348882,-0.000229822,0.000000000,0.001241114
1787864815.519685745,55345.809266893,-0.000222642,0.000000000,0.001240142
1787864815.619858027,55345.909438666,-0.000215269,0.000000000,0.001239112
1787864815.719835281,55346.009426386,-0.000208301,0.000000000,0.001238096
1787864815.819727182,55346.109323960,-0.000201648,0.000000000,0.001237018
1787864815.919904709,55346.209485197,-0.000195386,0.000000000,0.001235952
1787864816.019737959,55346.309335392,-0.000189445,0.000000000,0.001234880
1787864816.119696379,55346.409294977,-0.000183809,0.000000000,0.001233773
1787864816.219664812,55346.509255741,-0.000178018,0.000000000,0.001232493
1787864816.319715023,55346.609291775,-0.000172525,0.000000000,0.001231177
1787864816.419734001,55346.709325454,-0.000167269,0.000000000,0.001229875
1787864816.519709587,55346.809305191,-0.000161878,0.000000000,0.001228499
1787864816.619851112,55346.909434308,-0.000156771,0.000000000,0.001227074
1787864816.719774246,55347.009352944,-0.000151938,0.000000000,0.001225593
1787864816.819845438,55347.109444371,-0.000147390,0.000000000,0.001224197
1787864816.919778347,55347.209374989,-0.000142754,0.000000000,0.001222732
1787864817.019864798,55347.309446763,-0.000138390,0.000000000,0.001221202
1787864817.119683266,55347.409270791,-0.000134252,0.000000000,0.001219599
1787864817.219832897,55347.509411384,-0.000130023,0.000000000,0.001217951
1787864817.319813967,55347.609391605,-0.000126057,0.000000000,0.001216367
1787864817.419838428,55347.709422510,-0.000122323,0.000000000,0.001214760
1787864817.519924402,55347.809522176,-0.000118573,0.000000000,0.001212938
1787864817.620024204,55347.909607061,0.010397498,0.000000000,0.000937162
1787864817.719784021,55348.009364895,0.020021075,0.000000000,0.000735082
1787864817.819739103,55348.109329119,0.028270224,0.000000000,-0.006596642
1787864817.920052767,55348.209634576,0.034334958,0.000000000,-0.017736834
1787864818.019747019,55348.309326718,0.039480973,0.000000000,-0.023112005
1787864818.119668961,55348.409258209,0.043171536,0.000000000,-0.024053613
1787864818.219597816,55348.509165652,0.045765612,0.000000000,-0.023182569
1787864818.319821119,55348.609392627,0.047261219,0.000000000,-0.021673432
1787864818.419505358,55348.709073868,0.047903147,0.000000000,-0.020094458
1787864818.519645214,55348.809220719,0.047820684,0.000000000,-0.018601406
1787864818.619824171,55348.909391554,0.047397207,0.000000000,-0.017417297
1787864818.719840765,55349.009407173,0.046800394,0.000000000,-0.016399320
1787864818.819555521,55349.109121457,0.046055023,0.000000000,-0.015207575
1787864818.919654131,55349.209223831,0.045292661,0.000000000,-0.013852126
1787864819.019717932,55349.309314562,0.044516068,0.000000000,-0.012350217
1787864819.119975328,55349.409577659,0.043716110,0.000000000,-0.010785561
1787864819.219803095,55349.509382327,0.042867713,0.000000000,-0.009232264
1787864819.319695711,55349.609282932,0.041972708,0.000000000,-0.007806145
1787864819.419710398,55349.709296064,0.041024111,0.000000000,-0.006561118
1787864819.519676924,55349.809250400,0.039938278,0.000000000,-0.005429699
1787864819.619772911,55349.909353388,0.038825396,0.000000000,-0.004493949
1787864819.719740868,55350.009330350,0.037607413,0.000000000,-0.003675204
1787864819.819646120,55350.109234801,0.036411017,0.000000000,-0.003008239
1787864819.919668913,55350.209258817,0.035239901,0.000000000,-0.002459905
1787864820.019931555,55350.309524686,0.034118786,0.000000000,-0.002006955
1787864820.119858027,55350.409450315,0.032967191,0.000000000,-0.001578902
1787864820.219965935,55350.509567424,0.031876229,0.000000000,-0.001199519
1787864820.319900990,55350.609480916,0.030765194,0.000000000,-0.000817947
1787864820.419773102,55350.709349053,0.029726669,0.000000000,-0.000461704
1787864820.519895554,55350.809474589,0.028750619,0.000000000,-0.000125381
1787864820.619780302,55350.909362135,0.027835421,0.000000000,0.000190232
1787864820.719763041,55351.009346873,0.026985552,0.000000000,0.000479375
1787864820.819779873,55351.109373781,0.026185334,0.000000000,0.000743718
1787864820.919802666,55351.209398728,0.025364017,0.000000000,0.001004465
1787864821.019971609,55351.309551902,0.024576345,0.000000000,0.001245990
1787864821.119964361,55351.409545760,0.023826797,0.000000000,0.001464347
1787864821.219799757,55351.509377360,0.023112593,0.000000000,0.001632227
1787864821.319803715,55351.609396864,0.022425309,0.000000000,0.001780774
1787864821.419948816,55351.709518077,0.021767480,0.000000000,0.001913208
1787864821.519913197,55351.809482310,0.021134593,0.000000000,0.002034523
1787864821.619717836,55351.909303454,0.020480465,0.000000000,0.002151405
1787864821.719621658,55352.009202140,0.019854361,0.000000000,0.002255829
1787864821.819614172,55352.109182338,0.019252319,0.000000000,0.002351368
1787864821.919575214,55352.209143150,0.018631948,0.000000000,0.002442039
1787864822.019670010,55352.309250506,0.018041341,0.000000000,0.002521647
1787864822.119718552,55352.409295097,0.017476454,0.000000000,0.002592278
1787864822.219642162,55352.509208722,0.016899139,0.000000000,0.002655367
1787864822.319798708,55352.609364692,0.016352803,0.000000000,0.002709778
1787864822.419575214,55352.709140594,0.015833259,0.000000000,0.002758741
1787864822.519755840,55352.809333345,0.015344352,0.000000000,0.002801977
1787864822.619786978,55352.909363603,0.014843008,0.000000000,0.002837849
1787864822.719597340,55353.009174102,0.014368325,0.000000000,0.002865290
1787864822.819782257,55353.109348061,0.013915552,0.000000000,0.002886770
1787864822.919659376,55353.209224797,0.013453729,0.000000000,0.002899273
1787864823.019892454,55353.309458828,0.013017138,0.000000000,0.002904734
1787864823.119778633,55353.409364430,0.012597879,0.000000000,0.002905535
1787864823.219769239,55353.509357417,0.012175738,0.000000000,0.002896969
1787864823.319845438,55353.609434824,0.011777194,0.000000000,0.002883209
1787864823.419750929,55353.709323973,0.011399594,0.000000000,0.002866569
1787864823.520166874,55353.809745775,0.011015537,0.000000000,0.002842822
1787864823.619809389,55353.909385203,0.010650342,0.000000000,0.002816837
1787864823.719972372,55354.009540542,0.010306325,0.000000000,0.002790812
1787864823.819666862,55354.109233732,0.009983152,0.000000000,0.002765915
1787864823.919723272,55354.209301324,0.009652846,0.000000000,0.002736682
1787864824.019991398,55354.309591554,0.009340653,0.000000000,0.002706869
1787864824.119915724,55354.409509398,0.009043276,0.000000000,0.002678368
1787864824.219853640,55354.509441961,0.008740861,0.000000000,0.002646375
1787864824.319833279,55354.609401418,0.008455019,0.000000000,0.002614442
1787864824.419734716,55354.709313868,0.008183170,0.000000000,0.002584063
1787864824.519853592,55354.809441262,0.007924805,0.000000000,0.002555425
1787864824.619886875,55354.909468398,0.007682257,0.000000000,0.002527569
1787864824.719790697,55355.009372605,0.007432125,0.000000000,0.002495652
1787864824.819751263,55355.109335093,0.007194597,0.000000000,0.002463273
1787864824.920063972,55355.209662609,0.006964845,0.000000000,0.002432759
1787864825.019772053,55355.309353433,0.006749543,0.000000000,0.002404067
1787864825.119794130,55355.409369880,0.006527794,0.000000000,0.002372960
1787864825.219875336,55355.509457869,0.006317579,0.000000000,0.002342161
1787864825.319754839,55355.609335368,0.006114710,0.000000000,0.002313240
1787864825.419829607,55355.709407988,0.005909549,0.000000000,0.002282261
1787864825.519687414,55355.809257369,0.005715380,0.000000000,0.002252504
1787864825.619811296,55355.909380949,0.005530972,0.000000000,0.002224808
1787864825.719752073,55356.009319400,0.005343162,0.000000000,0.002195545
1787864825.819840193,55356.109420896,0.005164265,0.000000000,0.002167503
1787864825.919623613,55356.209201357,0.004995694,0.000000000,0.002141189
1787864826.019870520,55356.309450226,0.004824793,0.000000000,0.002113611
1787864826.119806290,55356.409400056,0.004664076,0.000000000,0.002087337
1787864826.219761610,55356.509343122,0.004511642,0.000000000,0.002063187
1787864826.319651127,55356.609216933,0.004368654,0.000000000,0.002040852
1787864826.419836044,55356.709419572,0.004233629,0.000000000,0.002019848
1787864826.519734859,55356.809301636,0.004105639,0.000000000,0.001999797
1787864826.619782686,55356.909369208,0.003973125,0.000000000,0.001977661
1787864826.719901085,55357.009476464,0.003846744,0.000000000,0.001955563
1787864826.819859266,55357.109429138,0.003725482,0.000000000,0.001934526
1787864826.919869184,55357.209466523,0.003610553,0.000000000,0.001914809
1787864827.019788265,55357.309379897,0.003499894,0.000000000,0.001896180
1787864827.120030642,55357.409622172,0.003386232,0.000000000,0.001875436
1787864827.219914198,55357.509507381,0.003277707,0.000000000,0.001854846
1787864827.319972038,55357.609567493,0.003173631,0.000000000,0.001835450
1787864827.419988632,55357.709566589,0.003074922,0.000000000,0.001817493
1787864827.519798756,55357.809378718,0.002973030,0.000000000,0.001798556
1787864827.620078325,55357.909669240,0.002876252,0.000000000,0.001780302
1787864827.719850063,55358.009441878,0.002783831,0.000000000,0.001763474
1787864827.819820881,55358.109411741,0.002689537,0.000000000,0.001746312
1787864827.920128107,55358.209737838,0.002599587,0.000000000,0.001730077
1787864828.020114899,55358.309695218,0.002514775,0.000000000,0.001715104
1787864828.119819880,55358.409397296,0.002434834,0.000000000,0.001701641
1787864828.219800472,55358.509380398,0.002359376,0.000000000,0.001689250
1787864828.319788694,55358.609366719,0.002281536,0.000000000,0.001675999
1787864828.419858932,55358.709450567,0.002207629,0.000000000,0.001663162
1787864828.520023346,55358.809604780,0.002137040,0.000000000,0.001651349
1787864828.619801044,55358.909377309,0.002070239,0.000000000,0.001640531
1787864828.720085144,55359.009660776,0.002006195,0.000000000,0.001630421
1787864828.819829464,55359.109412064,0.001945674,0.000000000,0.001620655
1787864828.919694424,55359.209263642,0.001887773,0.000000000,0.001611247
1787864829.020054340,55359.309634278,0.001827285,0.000000000,0.001600752
1787864829.119915009,55359.409505696,0.001769348,0.000000000,0.001590250
1787864829.219901085,55359.509490521,0.001713680,0.000000000,0.001580265
1787864829.319956064,55359.609530945,0.001656470,0.000000000,0.001569774
1787864829.419963598,55359.709551204,0.001602086,0.000000000,0.001559612
1787864829.520062447,55359.809642996,0.001549444,0.000000000,0.001550094
1787864829.619873285,55359.909450813,0.001496189,0.000000000,0.001540096
1787864829.719907284,55360.009499454,0.001445747,0.000000000,0.001530570
1787864829.820016384,55360.109598883,0.001397877,0.000000000,0.001521696
1787864829.919962168,55360.209554701,0.001352472,0.000000000,0.001513513
1787864830.020112753,55360.309715705,0.001309996,0.000000000,0.001505846
1787864830.120115280,55360.409720332,0.001269541,0.000000000,0.001498734
1787864830.220038176,55360.509622622,0.001227853,0.000000000,0.001491096
1787864830.320127249,55360.609708412,0.001187653,0.000000000,0.001483674
1787864830.420211792,55360.709802861,0.001149431,0.000000000,0.001476557
1787864830.519938707,55360.809516274,0.001113289,0.000000000,0.001469925
1787864830.619942665,55360.909517696,0.001075947,0.000000000,0.001462778
1787864830.720119238,55361.009708799,0.001040467,0.000000000,0.001455722
1787864830.820154428,55361.109735440,0.001006562,0.000000000,0.001449064
1787864830.919922352,55361.209499080,0.000974467,0.000000000,0.001442776
1787864831.020021677,55361.309620529,0.000943966,0.000000000,0.001436748
1787864831.119966269,55361.409565184,0.000912316,0.000000000,0.001430268
1787864831.220103264,55361.509712281,0.000888745,0.000000000,0.001423422
1787864831.320045710,55361.609625643,0.000865632,0.000000000,0.001417277
1787864831.419894457,55361.709489642,0.000843666,0.000000000,0.001411371
1787864831.519868135,55361.809448334,0.000821433,0.000000000,0.001405766
1787864831.619993687,55361.909571290,0.000799245,0.000000000,0.001400392
1787864831.719933033,55362.009511382,0.000774935,0.000000000,0.001394729
1787864831.819957495,55362.109536579,0.000750981,0.000000000,0.001389195
1787864831.919917583,55362.209497127,0.000727274,0.000000000,0.001383847
1787864832.020084620,55362.309664517,0.000702406,0.000000000,0.001378095
1787864832.120082617,55362.409660002,0.000678423,0.000000000,0.001372474
1787864832.220076323,55362.509656611,0.000655256,0.000000000,0.001367107
1787864832.320103407,55362.609696983,0.000633162,0.000000000,0.001362093
1787864832.419974566,55362.709567856,0.000610342,0.000000000,0.001356874
1787864832.519996166,55362.809589617,0.000588670,0.000000000,0.001351997
1787864832.620106220,55362.909700673,0.000567944,0.000000000,0.001347554
1787864832.720294237,55363.009889464,0.000548365,0.000000000,0.001343528
1787864832.819935083,55363.109536124,0.000528292,0.000000000,0.001339380
1787864832.919939041,55363.209527824,0.000509264,0.000000000,0.001335419
1787864833.020025969,55363.309602557,0.000491076,0.000000000,0.001331671
1787864833.119818449,55363.409393416,0.000472509,0.000000000,0.001327528
1787864833.220008850,55363.509589583,0.000454924,0.000000000,0.001323490
1787864833.319939613,55363.609518389,0.000438157,0.000000000,0.001319700
1787864833.420006514,55363.709584691,0.000422318,0.000000000,0.001316110
1787864833.520050287,55363.809636528,0.000406085,0.000000000,0.001312062
1787864833.620103836,55363.909699316,0.000390689,0.000000000,0.001308015
1787864833.720180035,55364.009769584,0.000374938,0.000000000,0.001303742
1787864833.820064545,55364.109647982,0.000360168,0.000000000,0.001299671
1787864833.920233011,55364.209819528,0.000346180,0.000000000,0.001295836
1787864834.020064592,55364.309644311,0.000333093,0.000000000,0.001292244
1787864834.120103359,55364.409682666,0.000319818,0.000000000,0.001288432
1787864834.220096350,55364.509693066,0.000307281,0.000000000,0.001284729
1787864834.320029974,55364.609618026,0.000295354,0.000000000,0.001281139
1787864834.419958591,55364.709545185,0.000283300,0.000000000,0.001277385
1787864834.519906759,55364.809490569,0.000271939,0.000000000,0.001273815
1787864834.619893312,55364.909487172,0.000260358,0.000000000,0.001269996
1787864834.720164776,55365.009744816,0.000249495,0.000000000,0.001266340
1787864834.820245504,55365.109839252,0.000239238,0.000000000,0.001262906
1787864834.920056343,55365.209652741,0.000228912,0.000000000,0.001259248
1787864835.020169258,55365.309760631,0.000219232,0.000000000,0.001255750
1787864835.120091438,55365.409675401,0.000209433,0.000000000,0.001252164
1787864835.220076561,55365.509673787,0.000200286,0.000000000,0.001248743
1787864835.320209503,55365.609805235,0.000191692,0.000000000,0.001245533
1787864835.420094013,55365.709671256,0.000183698,0.000000000,0.001242570
1787864835.520045757,55365.809629146,0.000175632,0.000000000,0.001239456
1787864835.619894505,55365.909467028,0.000168021,0.000000000,0.001236436
1787864835.720000744,55366.009585783,0.000160798,0.000000000,0.001233507
1787864835.819989681,55366.109566277,0.000154014,0.000000000,0.001230736
1787864835.919948816,55366.209516958,0.000147637,0.000000000,0.001228144
1787864836.020030737,55366.309600333,0.000141098,0.000000000,0.001225299
1787864836.120054722,55366.409623432,0.000134893,0.000000000,0.001222476
1787864836.220135212,55366.509704453,0.000128965,0.000000000,0.001219737
1787864836.319879770,55366.609450400,0.000122903,0.000000000,0.001216744
1787864836.419952154,55366.709519841,0.000117169,0.000000000,0.001213820
1787864836.520106792,55366.809676472,0.000111701,0.000000000,0.001211018
1787864836.619978666,55366.909557309,0.000106557,0.000000000,0.001208362
1787864836.720022440,55367.009602196,0.000101689,0.000000000,0.001205846
1787864836.820093632,55367.109684670,0.000097063,0.000000000,0.001203428
1787864836.920095921,55367.209695804,0.000092271,0.000000000,0.001200720
1787864837.020158291,55367.309738228,0.000087737,0.000000000,0.001198052
1787864837.120144606,55367.409736933,0.000083418,0.000000000,0.001195518
1787864837.220320702,55367.509901253,0.000078978,0.000000000,0.001192758
1787864837.320168495,55367.609750080,0.000074758,0.000000000,0.001190080
1787864837.420295477,55367.709893019,0.000070741,0.000000000,0.001187580
1787864837.520052195,55367.809639501,0.000066962,0.000000000,0.001185239
1787864837.620057821,55367.909637015,0.000063375,0.000000000,0.001182947
1787864837.720269203,55368.009864448,0.000059687,0.000000000,0.001180406
1787864837.819798231,55368.109368868,0.000056204,0.000000000,0.001177929
1787864837.920044661,55368.209615765,0.000052905,0.000000000,0.001175577
1787864838.019992828,55368.309582729,0.000049768,0.000000000,0.001173315
1787864838.119999170,55368.409587699,0.000046535,0.000000000,0.001170824
1787864838.220112801,55368.509681311,0.000043478,0.000000000,0.001168412
1787864838.319962978,55368.609539302,0.000040556,0.000000000,0.001166102
1787864838.419924498,55368.709495074,0.000037802,0.000000000,0.001163881
1787864838.520094633,55368.809667027,0.000035176,0.000000000,0.001161725
1787864838.620261431,55368.909848575,0.000032473,0.000000000,0.001159377
1787864838.720072746,55369.009653807,0.000030109,0.000000000,0.001157337
1787864838.819965363,55369.109518947,0.000027640,0.000000000,0.001155110
1787864838.920034409,55369.209604576,0.000025316,0.000000000,0.001152921
1787864839.020119190,55369.309708805,0.000022882,0.000000000,0.001150494
1787864839.120123386,55369.409697171,0.000020581,0.000000000,0.001148153
1787864839.220192194,55369.509776344,0.000018380,0.000000000,0.001145889
1787864839.320102692,55369.609682672,0.000016312,0.000000000,0.001143729
1787864839.420114994,55369.709688648,0.000014373,0.000000000,0.001141655
1787864839.520233631,55369.809806545,0.000012385,0.000000000,0.001139428
1787864839.620137453,55369.909732132,0.000010498,0.000000000,0.001137261
1787864839.720204592,55370.009784928,0.000008684,0.000000000,0.001135162
1787864839.820128918,55370.109701001,0.000006973,0.000000000,0.001133132
1787864839.920458555,55370.210041298,0.000005202,0.000000000,0.001130901
1787864840.020185709,55370.309767496,0.000003537,0.000000000,0.001128730
1787864840.120210648,55370.409794548,0.000001962,0.000000000,0.001126663
1787864840.220131874,55370.509698973,0.000000468,0.000000000,0.001124650
1787864840.320088387,55370.609664478,-0.000000942,0.000000000,0.001122727
1787864840.420085907,55370.709662057,-0.000002393,0.000000000,0.001120636
1787864840.520100117,55370.809682508,-0.000003778,0.000000000,0.001118582
1787864840.620148659,55370.909731280,-0.000005115,0.000000000,0.001116553
1787864840.720103741,55371.009685175,-0.000006460,0.000000000,0.001114395
1787864840.820160866,55371.109728247,-0.000007745,0.000000000,0.001112270
1787864840.919985056,55371.209564602,-0.000008981,0.000000000,0.001110188
1787864841.019988775,55371.309558448,-0.000010228,0.000000000,0.001108009
1787864841.120236397,55371.409807477,-0.000011414,0.000000000,0.001105889
1787864841.220043659,55371.509629644,-0.000012553,0.000000000,0.001103806
1787864841.319952965,55371.609526643,-0.000013688,0.000000000,0.001101604
1787864841.420160055,55371.709742113,-0.000014731,0.000000000,0.001099538
1787864841.520065546,55371.809634309,-0.000015727,0.000000000,0.001097539
1787864841.620185137,55371.909757826,-0.000016676,0.000000000,0.001095588
1787864841.720386744,55372.009965573,-0.000017638,0.000000000,0.001093545
1787864841.820144653,55372.109720815,-0.000018542,0.000000000,0.001091566
1787864841.920202732,55372.209779683,-0.000019379,0.000000000,0.001089665
1787864842.020090818,55372.309660281,-0.000020170,0.000000000,0.001087813
1787864842.120102882,55372.409699196,-0.000020992,0.000000000,0.001085772
1787864842.220010996,55372.509590498,-0.000021780,0.000000000,0.001083763
1787864842.320024490,55372.609603881,-0.000022530,0.000000000,0.001081824
1787864842.420075417,55372.709644030,-0.000023230,0.000000000,0.001079974
1787864842.520040512,55372.809610654,-0.000023939,0.000000000,0.001077977
1787864842.620115519,55372.909704336,-0.000024608,0.000000000,0.001076041
1787864842.720156431,55373.009740634,-0.000025253,0.000000000,0.001074145
1787864842.819979191,55373.109547436,-0.000025877,0.000000000,0.001072303
1787864842.920261383,55373.209820292,-0.000026488,0.000000000,0.001070323
1787864843.020118237,55373.309693519,-0.000027082,0.000000000,0.001068370
1787864843.120391846,55373.409974529,-0.000027642,0.000000000,0.001066502
1787864843.220132828,55373.509731869,-0.000028156,0.000000000,0.001064747
1787864843.320092201,55373.609668116,-0.000028648,0.000000000,0.001063030
1787864843.420185089,55373.709772886,-0.000029187,0.000000000,0.001061122
1787864843.520374298,55373.809952993,-0.000029695,0.000000000,0.001059231
1787864843.620269537,55373.909858283,-0.000030165,0.000000000,0.001057391
1787864843.720192194,55374.009772554,-0.000030641,0.000000000,0.001055421
1787864843.820218801,55374.109798782,-0.000031090,0.000000000,0.001053523
1787864843.920173168,55374.209749036,-0.000031517,0.000000000,0.001051695
1787864844.020452499,55374.310032093,-0.000031924,0.000000000,0.001049929
1787864844.120391607,55374.409977986,-0.000032336,0.000000000,0.001048000
1787864844.220260620,55374.509837004,-0.000032717,0.000000000,0.001046146
1787864844.320247412,55374.609840603,-0.000033048,0.000000000,0.001044399
1787864844.420347214,55374.709939912,-0.000033357,0.000000000,0.001042727
1787864844.520132780,55374.809704478,-0.000033713,0.000000000,0.001040835
1787864844.620270252,55374.909848716,-0.000034046,0.000000000,0.001038991
1787864844.720459461,55375.010049745,-0.000034352,0.000000000,0.001037229
1787864844.820245981,55375.109833229,-0.000034638,0.000000000,0.001035560
1787864844.920368671,55375.209949332,-0.000034911,0.000000000,0.001033931
1787864845.020258904,55375.309852480,-0.000035193,0.000000000,0.001032132
1787864845.120279551,55375.409877381,-0.000035477,0.000000000,0.001030350
1787864845.220286131,55375.509868358,-0.000035744,0.000000000,0.001028605
1787864845.320407391,55375.610015513,-0.000036001,0.000000000,0.001026918
1787864845.420243740,55375.709837880,-0.000036235,0.000000000,0.001025290
1787864845.520203829,55375.809796402,-0.000036439,0.000000000,0.001023720
1787864845.620287895,55375.909883239,-0.000036663,0.000000000,0.001021999
1787864845.720233202,55376.009831328,-0.000036896,0.000000000,0.001020255
1787864845.820206165,55376.109801651,-0.000037131,0.000000000,0.001018501
1787864845.920346260,55376.209935197,-0.000037324,0.000000000,0.001016809
1787864846.020301342,55376.309899801,-0.000037486,0.000000000,0.001015077
1787864846.120612144,55376.410196382,-0.000037615,0.000000000,0.001013573
1787864846.220298529,55376.509897883,0.000000000,0.000000000,0.000000000
1787864846.320147991,55376.609719447,0.000000000,0.000000000,0.000000000
1787864846.420122623,55376.709693325,-0.000037932,0.000000000,0.001012398
1787864846.520102262,55376.809669632,-0.000037009,0.000000000,0.001024255
1787864846.620189905,55376.909760389,-0.000034690,0.000000000,0.001051389
1787864846.719965935,55377.009518208,-0.000032391,0.000000000,0.001078414
1787864846.820116043,55377.109698144,-0.000030515,0.000000000,0.001100097
1787864846.920215368,55377.209799490,-0.000029375,0.000000000,0.001113919
1787864847.020058155,55377.309627537,-0.000028827,0.000000000,0.001120806
1787864847.120300055,55377.409872619,-0.000028677,0.000000000,0.001122166
1787864847.220328808,55377.509900039,-0.000028814,0.000000000,0.001119731
1787864847.320225954,55377.609825524,-0.000029354,0.000000000,0.001113752
1787864847.420201778,55377.709792244,-0.000030178,0.000000000,0.001106249
1787864847.520196438,55377.809783028,-0.000031263,0.000000000,0.001097932
1787864847.620287418,55377.909882152,-0.000032545,0.000000000,0.001089253
1787864847.720407963,55378.010001532,-0.000034053,0.000000000,0.001079395
1787864847.820201635,55378.109786533,-0.000035562,0.000000000,0.001069637
1787864847.920572996,55378.210161481,-0.000036993,0.000000000,0.001060253
1787864848.020255089,55378.309838676,-0.000038382,0.000000000,0.001050637
1787864848.120203257,55378.409783373,-0.000039593,0.000000000,0.001041692
1787864848.220406055,55378.509984760,-0.000040612,0.000000000,0.001033519
1787864848.320187330,55378.609765047,-0.000041496,0.000000000,0.001025497
1787864848.420284271,55378.709863607,-0.000042199,0.000000000,0.001018343
1787864848.520168304,55378.809730926,-0.000042683,0.000000000,0.001012612
1787864848.620281696,55378.909850569,-0.000043110,0.000000000,0.001007074
1787864848.720407963,55379.009983056,-0.000043439,0.000000000,0.001002088
1787864848.820285559,55379.109852854,-0.000043684,0.000000000,0.000997559
1787864848.920489550,55379.210069984,-0.000043863,0.000000000,0.000993465
1787864849.020373106,55379.309955249,-0.000043992,0.000000000,0.000989678
1787864849.120376110,55379.409960718,-0.000044122,0.000000000,0.000985753
1787864849.220369577,55379.509946813,-0.000044239,0.000000000,0.000982069
1787864849.320252657,55379.609830878,-0.000044347,0.000000000,0.000978604
1787864849.420398235,55379.709971945,-0.000044435,0.000000000,0.000975375
1787864849.520617008,55379.810200814,-0.000044506,0.000000000,0.000972358
1787864849.620547771,55379.910142470,-0.000044567,0.000000000,0.000969230
1787864849.720242262,55380.009822997,-0.000044604,0.000000000,0.000966268
1787864849.820558548,55380.110137584,-0.000044635,0.000000000,0.000963470
1787864849.920312405,55380.209889283,-0.000044695,0.000000000,0.000960557
1787864850.020525932,55380.310111021,-0.000044743,0.000000000,0.000957817
1787864850.120415926,55380.410008016,-0.000044770,0.000000000,0.000955237
1787864850.220477104,55380.510063105,-0.000044767,0.000000000,0.000952875
1787864850.320357800,55380.609950282,-0.000044762,0.000000000,0.000950429
1787864850.420356035,55380.709950878,-0.000044755,0.000000000,0.000948098
1787864850.520329952,55380.809912953,-0.000044745,0.000000000,0.000945885
1787864850.620486259,55380.910068376,-0.000044718,0.000000000,0.000943832
1787864850.720392704,55381.009972209,-0.000044674,0.000000000,0.000941911
1787864850.820455074,55381.110044238,-0.000044631,0.000000000,0.000939884
1787864850.920521021,55381.210099231,-0.000044599,0.000000000,0.000937924
1787864851.020502806,55381.310088010,-0.000044549,0.000000000,0.000935855
1787864851.120258331,55381.409829246,-0.000044487,0.000000000,0.000933892
1787864851.220273972,55381.509853239,-0.000044418,0.000000000,0.000932039
1787864851.320245266,55381.609828360,-0.000044366,0.000000000,0.000930288
1787864851.420186996,55381.709769122,-0.000044312,0.000000000,0.000928619
1787864851.520337820,55381.809905086,-0.000044263,0.000000000,0.000926817
1787864851.620207310,55381.909787562,-0.000044210,0.000000000,0.000925069
1787864851.720657110,55382.010245948,-0.000044146,0.000000000,0.000923405
1787864851.820318222,55382.109903163,-0.000044066,0.000000000,0.000921669
1787864851.920197487,55382.209766617,-0.000043993,0.000000000,0.000919982
1787864852.020319939,55382.309891436,-0.000043932,0.000000000,0.000918328
1787864852.120153904,55382.409720178,-0.000043887,0.000000000,0.000916732
1787864852.220147610,55382.509714289,-0.000043842,0.000000000,0.000915198
1787864852.320419788,55382.609988320,-0.000043778,0.000000000,0.000913571
1787864852.420593977,55382.710172076,-0.000043706,0.000000000,0.000911995
1787864852.520336390,55382.809922880,-0.000043638,0.000000000,0.000910469
1787864852.620282173,55382.909860814,-0.000043583,0.000000000,0.000908985
1787864852.720454693,55383.010026453,-0.000043532,0.000000000,0.000907513
1787864852.820191145,55383.109759700,-0.000043473,0.000000000,0.000905933
1787864852.920285940,55383.209860196,-0.000043412,0.000000000,0.000904407
1787864853.020330906,55383.309900785,-0.000043345,0.000000000,0.000902940
1787864853.120162249,55383.409739804,-0.000043287,0.000000000,0.000901506
1787864853.220253706,55383.509833233,-0.000043231,0.000000000,0.000899940
1787864853.320200443,55383.609768625,-0.000043162,0.000000000,0.000898441
1787864853.420181036,55383.709747854,-0.000043107,0.000000000,0.000896977
1787864853.520306587,55383.809883210,-0.000043064,0.000000000,0.000895550
1787864853.620415926,55383.909983625,-0.000043032,0.000000000,0.000893983
1787864853.720340729,55384.009918327,-0.000042985,0.000000000,0.000892471
1787864853.820249796,55384.109817192,-0.000042932,0.000000000,0.000891000
1787864853.920495510,55384.210078655,-0.000042889,0.000000000,0.000889557
1787864854.020233631,55384.309808943,-0.000042839,0.000000000,0.000887989
1787864854.120273113,55384.409856432,-0.000042795,0.000000000,0.000886472
1787864854.220421314,55384.509997507,-0.000042754,0.000000000,0.000885016
1787864854.320549488,55384.610117228,-0.000042719,0.000000000,0.000883602
1787864854.420219421,55384.709786830,-0.000042668,0.000000000,0.000882041
1787864854.520414829,55384.809983825,-0.000042611,0.000000000,0.000880524
1787864854.620501995,55384.910071309,-0.000042566,0.000000000,0.000879071
1787864854.720287800,55385.009868845,-0.000042538,0.000000000,0.000877672
1787864854.820471764,55385.110063011,-0.000042506,0.000000000,0.000876148
1787864854.920462608,55385.210053351,-0.000042475,0.000000000,0.000874665
1787864855.020495176,55385.310074834,-0.000042443,0.000000000,0.000873040
1787864855.120470047,55385.410048369,-0.000042386,0.000000000,0.000871513
1787864855.220515728,55385.510095635,-0.000042347,0.000000000,0.000870034
1787864855.320412159,55385.609993035,-0.000042326,0.000000000,0.000868440
1787864855.420520306,55385.710116205,-0.000042299,0.000000000,0.000866936
1787864855.520535469,55385.810131583,-0.000042261,0.000000000,0.000865515
1787864855.620460987,55385.910040594,-0.000042226,0.000000000,0.000863953
1787864855.720632792,55386.010215394,-0.000042188,0.000000000,0.000862427
1787864855.820444584,55386.110038718,-0.000042149,0.000000000,0.000861000
1787864855.920323372,55386.209913056,-0.000042108,0.000000000,0.000859658
1787864856.020480156,55386.310056561,-0.000042077,0.000000000,0.000858150
1787864856.120437622,55386.410016223,-0.000042054,0.000000000,0.000856672
1787864856.220489502,55386.510071462,-0.000042017,0.000000000,0.000855286
1787864856.320451260,55386.610030908,-0.000041971,0.000000000,0.000853799
1787864856.420433044,55386.710011664,-0.000041920,0.000000000,0.000852353
1787864856.520402908,55386.809984036,-0.000041884,0.000000000,0.000850942
1787864856.620532751,55386.910127901,-0.000041864,0.000000000,0.000849571
1787864856.720564127,55387.010150005,-0.000041853,0.000000000,0.000848243
1787864856.820572615,55387.110165371,-0.000041821,0.000000000,0.000846794
1787864856.920396805,55387.209975192,-0.000041779,0.000000000,0.000845379
1787864857.020466328,55387.310048978,-0.000041741,0.000000000,0.000844007
1787864857.120650291,55387.410234046,-0.000041710,0.000000000,0.000842535
1787864857.220587730,55387.510166318,-0.000041683,0.000000000,0.000841099
1787864857.320542812,55387.610131780,-0.000041672,0.000000000,0.000839698
1787864857.420494318,55387.710076326,-0.000041650,0.000000000,0.000838360
1787864857.520332813,55387.809919768,-0.000041610,0.000000000,0.000837066
1787864857.620494843,55387.910066119,-0.000041571,0.000000000,0.000835667
1787864857.720281363,55388.009860341,-0.000041552,0.000000000,0.000834276
1787864857.820451736,55388.110019183,-0.000041544,0.000000000,0.000832745
1787864857.920404196,55388.209979114,-0.000041525,0.000000000,0.000831292
1787864858.020435095,55388.310018696,-0.000041493,0.000000000,0.000829874
1787864858.120506048,55388.410088695,-0.000041455,0.000000000,0.000828517
1787864858.220309973,55388.509876431,-0.000041413,0.000000000,0.000827082
1787864858.320422411,55388.609991189,-0.000041380,0.000000000,0.000825688
1787864858.420339346,55388.709915850,-0.000041365,0.000000000,0.000824322
1787864858.520336390,55388.809918936,-0.000041356,0.000000000,0.000822988
1787864858.620537758,55388.910106085,-0.000041334,0.000000000,0.000821711
1787864858.720435858,55389.010004979,-0.000041308,0.000000000,0.000820325
1787864858.820641994,55389.110226732,-0.000041283,0.000000000,0.000818951
1787864858.920586824,55389.210164797,-0.000041256,0.000000000,0.000817601
1787864859.020839691,55389.310436459,-0.000041201,0.000000000,0.000816183
1787864859.120438576,55389.410011546,-0.000041170,0.000000000,0.000814793
1787864859.220512867,55389.510081014,-0.000041165,0.000000000,0.000813434
1787864859.320379019,55389.609955292,-0.000041142,0.000000000,0.000812000
1787864859.420527458,55389.710124190,-0.000041103,0.000000000,0.000810629
1787864859.520446301,55389.810029577,-0.000041056,0.000000000,0.000809320
1787864859.620658636,55389.910256315,-0.000041026,0.000000000,0.000808043
1787864859.720665693,55390.010247918,-0.000041020,0.000000000,0.000806760
1787864859.820634127,55390.110229476,-0.000040996,0.000000000,0.000805534
1787864859.920611143,55390.210188618,-0.000040970,0.000000000,0.000804228
1787864860.020677567,55390.310256732,-0.000040948,0.000000000,0.000802923
1787864860.120591640,55390.410183807,-0.000040929,0.000000000,0.000801616
1787864860.220555544,55390.510134867,-0.000040898,0.000000000,0.000800232
1787864860.320353508,55390.609926736,-0.000040876,0.000000000,0.000798891
1787864860.420654297,55390.710234903,-0.000040872,0.000000000,0.000797407
1787864860.520444632,55390.810038394,-0.000040875,0.000000000,0.000795944
1787864860.620599985,55390.910176121,-0.000040835,0.000000000,0.000794561
1787864860.720616817,55391.010226436,-0.000040791,0.000000000,0.000793154
1787864860.820434332,55391.110005790,-0.000040764,0.000000000,0.000791785
1787864860.920370579,55391.209941520,-0.000040755,0.000000000,0.000790434
1787864861.020720720,55391.310296845,-0.000040756,0.000000000,0.000789135
1787864861.120499849,55391.410070847,-0.000040752,0.000000000,0.000787898
1787864861.220385790,55391.509952424,-0.000040730,0.000000000,0.000786700
1787864861.320417881,55391.609983273,-0.000040684,0.000000000,0.000785535
1787864861.420412779,55391.710001502,-0.000040651,0.000000000,0.000784229
1787864861.520389795,55391.809958364,-0.000040628,0.000000000,0.000782966
1787864861.620489359,55391.910056974,-0.000040621,0.000000000,0.000781731
1787864861.720507383,55392.010082118,-0.000040610,0.000000000,0.000780379
1787864861.820439816,55392.110025205,-0.000040584,0.000000000,0.000779102
1787864861.920474529,55392.210055389,-0.000040555,0.000000000,0.000777863
1787864862.020515680,55392.310104405,-0.000040530,0.000000000,0.000776474
1787864862.120465755,55392.410043360,-0.000040502,0.000000000,0.000775162
1787864862.220477581,55392.510044490,-0.000040484,0.000000000,0.000773886
1787864862.320373058,55392.609938343,-0.000040461,0.000000000,0.000772494
1787864862.420368433,55392.709934005,-0.000040422,0.000000000,0.000771166
1787864862.520496130,55392.810064325,-0.000040377,0.000000000,0.000769916
1787864862.620573521,55392.910147551,-0.000040342,0.000000000,0.000768735
1787864862.720762014,55393.010342460,-0.000040338,0.000000000,0.000767380
1787864862.820811987,55393.110392836,-0.000040320,0.000000000,0.000766058
1787864862.920685768,55393.210276676,-0.000040313,0.000000000,0.000764779
1787864863.020521164,55393.310106935,-0.000040297,0.000000000,0.000763557
1787864863.120686293,55393.410264517,-0.000040276,0.000000000,0.000762384
1787864863.220669508,55393.510248031,-0.000040251,0.000000000,0.000761104
1787864863.320685863,55393.610265507,-0.000040237,0.000000000,0.000759846
1787864863.420624018,55393.710209364,-0.000040221,0.000000000,0.000758625
1787864863.520672798,55393.810263820,-0.000040201,0.000000000,0.000757453
1787864863.620775223,55393.910355646,-0.000040180,0.000000000,0.000756306
1787864863.720714569,55394.010296414,-0.000040150,0.000000000,0.000755045
1787864863.820633888,55394.110222154,-0.000040132,0.000000000,0.000753797
1787864863.920610666,55394.210182264,-0.000040128,0.000000000,0.000752570
1787864864.020586729,55394.310183764,-0.000040098,0.000000000,0.000751287
1787864864.120759010,55394.410355586,-0.000040073,0.000000000,0.000750024
1787864864.220752239,55394.510333305,-0.000040045,0.000000000,0.000748784
1787864864.320701599,55394.610291059,-0.000040029,0.000000000,0.000747444
1787864864.420679569,55394.710256258,-0.000040026,0.000000000,0.000746166
1787864864.520632982,55394.810241719,-0.000040033,0.000000000,0.000744912
1787864864.620793104,55394.910382008,-0.000040026,0.000000000,0.000743545
1787864864.720649004,55395.010222465,-0.000039991,0.000000000,0.000742268
1787864864.820543528,55395.110123441,-0.000039960,0.000000000,0.000741051
1787864864.920954943,55395.210547909,-0.000039959,0.000000000,0.000739738
1787864865.020733356,55395.310328938,-0.000039953,0.000000000,0.000738461
1787864865.120627880,55395.410235810,-0.000039933,0.000000000,0.000737227
1787864865.220759630,55395.510353373,-0.000039904,0.000000000,0.000736029
1787864865.320523024,55395.610103860,-0.000039885,0.000000000,0.000734744
1787864865.420921087,55395.710515594,-0.000039877,0.000000000,0.000733483
1787864865.520692110,55395.810273366,-0.000039860,0.000000000,0.000732272
1787864865.620695829,55395.910288375,-0.000039837,0.000000000,0.000731142
1787864865.720794916,55396.010376957,-0.000039802,0.000000000,0.000729903
1787864865.820728302,55396.110330073,-0.000039776,0.000000000,0.000728676
1787864865.920813560,55396.210398306,-0.000039765,0.000000000,0.000727469
1787864866.020682335,55396.310252838,-0.000039750,0.000000000,0.000726331
1787864866.120607376,55396.410183194,-0.000039727,0.000000000,0.000725094
1787864866.220759630,55396.510342104,-0.000039709,0.000000000,0.000723883
1787864866.320851088,55396.610446067,-0.000039688,0.000000000,0.000722704
1787864866.420709848,55396.710306469,-0.000039664,0.000000000,0.000721568
1787864866.520661592,55396.810246266,-0.000039662,0.000000000,0.000720347
1787864866.620567083,55396.910140038,-0.000039661,0.000000000,0.000719151
1787864866.720668316,55397.010269518,-0.000039643,0.000000000,0.000717994
1787864866.820840120,55397.110418305,-0.000039613,0.000000000,0.000716754
1787864866.920734644,55397.210313580,-0.000039577,0.000000000,0.000715560
1787864867.020636320,55397.310224815,-0.000039552,0.000000000,0.000714402
1787864867.120669365,55397.410247585,-0.000039556,0.000000000,0.000713156
1787864867.220638514,55397.510212861,-0.000039547,0.000000000,0.000711947
1787864867.320507288,55397.610078061,-0.000039519,0.000000000,0.000710740
1787864867.420602083,55397.710169621,-0.000039496,0.000000000,0.000709552
1787864867.520608664,55397.810204367,-0.000039470,0.000000000,0.000708448
1787864867.620609522,55397.910178208,-0.000039471,0.000000000,0.000707275
1787864867.720647097,55398.010224058,-0.000039455,0.000000000,0.000706097
1787864867.820651770,55398.110218284,-0.000039442,0.000000000,0.000704919
1787864867.920726061,55398.210301964,-0.000039413,0.000000000,0.000703818
1787864868.020786524,55398.310355363,-0.000039384,0.000000000,0.000702646
1787864868.120611906,55398.410178571,-0.000039370,0.000000000,0.000701473
1787864868.220627546,55398.510214743,-0.000039365,0.000000000,0.000700323
1787864868.320601940,55398.610198654,-0.000039349,0.000000000,0.000699219
1787864868.420653343,55398.710224065,-0.000039323,0.000000000,0.000698150
1787864868.520708799,55398.810277216,-0.000039303,0.000000000,0.000696984
1787864868.620774031,55398.910344594,-0.000039297,0.000000000,0.000695815
1787864868.720736265,55399.010323999,-0.000039296,0.000000000,0.000694665
1787864868.820732355,55399.110324351,-0.000039287,0.000000000,0.000693471
1787864868.920741796,55399.210317432,-0.000039276,0.000000000,0.000692278
1787864869.020561457,55399.310133259,-0.000039261,0.000000000,0.000691117
1787864869.120630980,55399.410210669,-0.000039245,0.000000000,0.000689887
1787864869.220584154,55399.510154431,-0.000039225,0.000000000,0.000688721
1787864869.320957184,55399.610536688,-0.000039203,0.000000000,0.000687578
1787864869.420865536,55399.710458616,-0.000039173,0.000000000,0.000686482
1787864869.520882368,55399.810459837,-0.000039112,0.000000000,0.000685455
1787864869.620627165,55399.910205422,-0.000039060,0.000000000,0.000684465
1787864869.720670462,55400.010241966,-0.000039058,0.000000000,0.000683314
1787864869.820632219,55400.110217635,-0.000039065,0.000000000,0.000682177
1787864869.920834780,55400.210402899,-0.000039058,0.000000000,0.000681086
1787864870.020923615,55400.310495334,-0.000039051,0.000000000,0.000679894
1787864870.120690107,55400.410273494,-0.000039036,0.000000000,0.000678721
1787864870.220644712,55400.510220172,-0.000039018,0.000000000,0.000677603
1787864870.320956945,55400.610532798,-0.000039001,0.000000000,0.000676528
1787864870.420727968,55400.710295986,-0.000038984,0.000000000,0.000675461
1787864870.520603418,55400.810173072,-0.000038962,0.000000000,0.000674435
1787864870.620595932,55400.910167700,-0.000038921,0.000000000,0.000673332
1787864870.720618486,55401.010194125,-0.000038894,0.000000000,0.000672251
1787864870.820719242,55401.110287317,-0.000038874,0.000000000,0.000671067
1787864870.920650482,55401.210217196,-0.000038870,0.000000000,0.000669877
1787864871.020817995,55401.310385934,-0.000038833,0.000000000,0.000668777
1787864871.120728016,55401.410309337,-0.000038791,0.000000000,0.000667772
1787864871.220648289,55401.510215876,-0.000038775,0.000000000,0.000666756
1787864871.320667982,55401.610234114,-0.000038791,0.000000000,0.000665712
1787864871.420639277,55401.710221884,-0.000038803,0.000000000,0.000664628
1787864871.520748854,55401.810314715,-0.000038807,0.000000000,0.000663570
1787864871.620710611,55401.910280212,-0.000038788,0.000000000,0.000662493
1787864871.720783710,55402.010360041,-0.000038773,0.000000000,0.000661280
1787864871.820814848,55402.110393704,-0.000038762,0.000000000,0.000660149
1787864871.920755148,55402.210322976,-0.000038761,0.000000000,0.000658939
1787864872.020722389,55402.310301544,-0.000038768,0.000000000,0.000657748
1787864872.120967865,55402.410547946,-0.000038747,0.000000000,0.000656603
1787864872.220748901,55402.510328749,-0.000038697,0.000000000,0.000655563
1787864872.320860863,55402.610446190,-0.000038663,0.000000000,0.000654446
1787864872.420704842,55402.710300067,-0.000038645,0.000000000,0.000653290
1787864872.520660162,55402.810229683,0.000000000,0.000000000,0.000000000
1787864872.620814085,55402.910381528,-0.000038607,0.000000000,0.000650713
1787864872.720602274,55403.010178025,-0.000037943,0.000000000,0.000658396
1787864872.820672512,55403.110249205,-0.000036822,0.000000000,0.000671145
1787864872.920826674,55403.210394340,-0.000035701,0.000000000,0.000683901
1787864873.020582199,55403.310147501,-0.000034817,0.000000000,0.000693907
1787864873.120589018,55403.410154319,-0.000034273,0.000000000,0.000700129
1787864873.220909357,55403.510505538,-0.000033995,0.000000000,0.000702951
1787864873.320776701,55403.610373233,-0.000033899,0.000000000,0.000703126
1787864873.420866728,55403.710464569,-0.000033979,0.000000000,0.000700978
1787864873.520730972,55403.810310305,-0.000034193,0.000000000,0.000697672
1787864873.620836973,55403.910413249,-0.000034544,0.000000000,0.000693713
1787864873.720652342,55404.010230143,-0.000035008,0.000000000,0.000689474
1787864873.820692539,55404.110261666,-0.000035609,0.000000000,0.000684568
1787864873.920708418,55404.210286603,-0.000036262,0.000000000,0.000679619
1787864874.020742893,55404.310329568,-0.000036908,0.000000000,0.000674800
1787864874.121262312,55404.410857327,-0.000037557,0.000000000,0.000669788
1787864874.223765850,55404.513435587,-0.000038141,0.000000000,0.000665021
1787864874.320818901,55404.610397581,-0.000038639,0.000000000,0.000660600
1787864874.421000242,55404.710576571,-0.000039006,0.000000000,0.000656649
1787864874.520792246,55404.810396608,-0.000039309,0.000000000,0.000652797
1787864874.621105909,55404.910688581,-0.000039547,0.000000000,0.000649282
1787864874.721042395,55405.010638551,-0.000039745,0.000000000,0.000646097
1787864874.821111202,55405.110714984,-0.000039875,0.000000000,0.000643294
1787864874.920854568,55405.210436162,-0.000039962,0.000000000,0.000640557
1787864875.020984650,55405.310585554,-0.000040013,0.000000000,0.000638060
1787864875.120886564,55405.410484172,-0.000040046,0.000000000,0.000635761
1787864875.220669270,55405.510251006,-0.000040056,0.000000000,0.000633656
1787864875.320721626,55405.610298113,-0.000040068,0.000000000,0.000631731
1787864875.420671940,55405.710238567,-0.000040076,0.000000000,0.000629769
1787864875.520634651,55405.810209579,-0.000040069,0.000000000,0.000627945
1787864875.620887995,55405.910455448,-0.000040053,0.000000000,0.000626217
1787864875.720693588,55406.010275578,-0.000040056,0.000000000,0.000624402
1787864875.820703506,55406.110288326,-0.000040044,0.000000000,0.000622740
1787864875.920858860,55406.210448242,-0.000040023,0.000000000,0.000621185
1787864876.020793676,55406.310377459,-0.000039991,0.000000000,0.000619691
1787864876.120856285,55406.410444955,-0.000039950,0.000000000,0.000618248
1787864876.220859766,55406.510444454,-0.000039921,0.000000000,0.000616781
1787864876.320721626,55406.610314344,-0.000039898,0.000000000,0.000615390
1787864876.420809507,55406.710387479,-0.000039855,0.000000000,0.000614049
1787864876.520868540,55406.810434608,-0.000039795,0.000000000,0.000612802
1787864876.620659828,55406.910227565,-0.000039744,0.000000000,0.000611505
1787864876.720738411,55407.010317404,-0.000039692,0.000000000,0.000610259
1787864876.820728302,55407.110296089,-0.000039641,0.000000000,0.000609053
1787864876.920804501,55407.210381507,-0.000039586,0.000000000,0.000607787
1787864877.020938396,55407.310505763,-0.000039529,0.000000000,0.000606491
1787864877.121047258,55407.410627631,-0.000039479,0.000000000,0.000605239
1787864877.220948696,55407.510526506,-0.000039441,0.000000000,0.000604040
1787864877.321107864,55407.610688944,-0.000039390,0.000000000,0.000602792
1787864877.420943499,55407.710534471,-0.000039321,0.000000000,0.000601613
1787864877.520883083,55407.810463322,-0.000039240,0.000000000,0.000600506
1787864877.620880365,55407.910466335,-0.000039159,0.000000000,0.000599361
1787864877.720973015,55408.010557786,-0.000039104,0.000000000,0.000598269
1787864877.820967913,55408.110549183,-0.000039072,0.000000000,0.000597227
1787864877.920913458,55408.210502880,-0.000039043,0.000000000,0.000596283
1787864878.020994186,55408.310564840,-0.000038993,0.000000000,0.000595217
1787864878.121039152,55408.410608879,-0.000038931,0.000000000,0.000594162
1787864878.220846891,55408.510433014,-0.000038866,0.000000000,0.000593150
1787864878.320712805,55408.610280639,-0.000038813,0.000000000,0.000592109
1787864878.420753956,55408.710334395,-0.000038783,0.000000000,0.000591077
1787864878.520928860,55408.810496029,-0.000038761,0.000000000,0.000590069
1787864878.620777130,55408.910345631,-0.000038725,0.000000000,0.000589130
1787864878.720921040,55409.010500322,-0.000038668,0.000000000,0.000588103
1787864878.820821524,55409.110399460,-0.000038618,0.000000000,0.000587089
1787864878.920727015,55409.210292845,-0.000038571,0.000000000,0.000586015
1787864879.020750523,55409.310324112,-0.000038516,0.000000000,0.000585038
1787864879.120791912,55409.410364610,-0.000038465,0.000000000,0.000584070
1787864879.220727921,55409.510298026,-0.000038423,0.000000000,0.000583100
1787864879.320820808,55409.610391166,-0.000038371,0.000000000,0.000582194
1787864879.420862675,55409.710431671,-0.000038328,0.000000000,0.000581229
1787864879.520717382,55409.810288272,-0.000038300,0.000000000,0.000580260
1787864879.621103048,55409.910680309,-0.000038258,0.000000000,0.000579326
1787864879.721029520,55410.010615646,-0.000038210,0.000000000,0.000578450
1787864879.821126938,55410.110704336,-0.000038161,0.000000000,0.000577598
1787864879.920929432,55410.210502575,-0.000038119,0.000000000,0.000576729
1787864880.020901442,55410.310497465,-0.000038082,0.000000000,0.000575801
1787864880.121245384,55410.410834842,-0.000038058,0.000000000,0.000574869
1787864880.220846415,55410.510431562,-0.000038033,0.000000000,0.000573926
1787864880.320843697,55410.610430005,-0.000038003,0.000000000,0.000573017
1787864880.420907021,55410.710475929,-0.000037960,0.000000000,0.000572042
1787864880.520894527,55410.810470971,-0.000037927,0.000000000,0.000571115
1787864880.621029139,55410.910628756,-0.000037899,0.000000000,0.000570216
1787864880.721049547,55411.010644857,-0.000037893,0.000000000,0.000569300
1787864880.821126461,55411.110705500,-0.000037870,0.000000000,0.000568333
1787864880.921200037,55411.210792854,-0.000037832,0.000000000,0.000567413
1787864881.021066427,55411.310647851,-0.000037802,0.000000000,0.000566487
1787864881.120949507,55411.410631279,-0.000037777,0.000000000,0.000565489
1787864881.221018314,55411.510616394,-0.000037728,0.000000000,0.000564557
1787864881.320964336,55411.610554901,-0.000037692,0.000000000,0.000563655
1787864881.420995235,55411.710572622,-0.000037678,0.000000000,0.000562627
1787864881.520960569,55411.810566798,-0.000037661,0.000000000,0.000561643
1787864881.621033669,55411.910614837,-0.000037636,0.000000000,0.000560725
1787864881.720893383,55412.010466291,-0.000037613,0.000000000,0.000559829
1787864881.821036816,55412.110631522,-0.000037594,0.000000000,0.000558823
1787864881.920776367,55412.210347220,-0.000037551,0.000000000,0.000557876
1787864882.020998478,55412.310569409,-0.000037513,0.000000000,0.000556992
1787864882.120975256,55412.410565022,-0.000037492,0.000000000,0.000556134
1787864882.220882416,55412.510462630,-0.000037490,0.000000000,0.000555277
1787864882.320957184,55412.610527543,-0.000037486,0.000000000,0.000554373
1787864882.420983553,55412.710559629,-0.000037455,0.000000000,0.000553470
1787864882.520874023,55412.810442354,-0.000037421,0.000000000,0.000552570
1787864882.621001244,55412.910580775,-0.000037387,0.000000000,0.000551702
1787864882.720949411,55413.010524579,-0.000037359,0.000000000,0.000550772
1787864882.820823908,55413.110390334,-0.000037351,0.000000000,0.000549845
1787864882.920906305,55413.210471704,-0.000037350,0.000000000,0.000548912
1787864883.020852566,55413.310419911,-0.000037331,0.000000000,0.000547977
1787864883.120910406,55413.410481486,-0.000037306,0.000000000,0.000547057
1787864883.220865011,55413.510433723,-0.000037289,0.000000000,0.000546157
1787864883.321175098,55413.610759243,-0.000037266,0.000000000,0.000545288
1787864883.421031237,55413.710624789,-0.000037223,0.000000000,0.000544355
1787864883.520960331,55413.810555026,-0.000037194,0.000000000,0.000543445
1787864883.621032476,55413.910621753,-0.000037194,0.000000000,0.000542534
1787864883.721037626,55414.010636900,-0.000037183,0.000000000,0.000541601
1787864883.820950508,55414.110529293,-0.000037163,0.000000000,0.000540701
1787864883.921101570,55414.210697263,-0.000037144,0.000000000,0.000539807
1787864884.021007538,55414.310602308,-0.000037128,0.000000000,0.000538849
1787864884.121050358,55414.410640379,-0.000037088,0.000000000,0.000537967
1787864884.221026897,55414.510628945,-0.000037064,0.000000000,0.000537104
1787864884.321138382,55414.610721668,-0.000037046,0.000000000,0.000536232
1787864884.421220541,55414.710815000,-0.000037036,0.000000000,0.000535298
1787864884.521080017,55414.810676052,-0.000037029,0.000000000,0.000534396
1787864884.621005297,55414.910588408,-0.000037020,0.000000000,0.000533522
1787864884.720888615,55415.010455847,-0.000037003,0.000000000,0.000532694
1787864884.821039200,55415.110608290,-0.000036965,0.000000000,0.000531802
1787864884.920899868,55415.210466374,-0.000036940,0.000000000,0.000530930
1787864885.020958662,55415.310527968,-0.000036929,0.000000000,0.000530071
1787864885.121006966,55415.410595538,-0.000036927,0.000000000,0.000529271
1787864885.220993757,55415.510561484,-0.000036918,0.000000000,0.000528384
1787864885.320950270,55415.610534605,-0.000036900,0.000000000,0.000527503
1787864885.421111107,55415.710679677,-0.000036874,0.000000000,0.000526637
1787864885.520887136,55415.810467582,-0.000036851,0.000000000,0.000525721
1787864885.620980740,55415.910548731,-0.000036836,0.000000000,0.000524822
1787864885.720904112,55416.010470983,-0.000036827,0.000000000,0.000523932
1787864885.820883036,55416.110474357,-0.000036812,0.000000000,0.000523102
1787864885.921061516,55416.210645467,-0.000036790,0.000000000,0.000522335
1787864886.020974398,55416.310542316,-0.000036761,0.000000000,0.000521486
1787864886.121170282,55416.410741420,-0.000036758,0.000000000,0.000520621
1787864886.220951080,55416.510532236,-0.000036759,0.000000000,0.000519769
1787864886.321021795,55416.610589117,-0.000036735,0.000000000,0.000518889
1787864886.421100140,55416.710666770,-0.000036715,0.000000000,0.000518017
1787864886.520755053,55416.810311716,-0.000036699,0.000000000,0.000517054
1787864886.621012211,55416.910588468,-0.000036682,0.000000000,0.000516130
1787864886.720988512,55417.010564064,-0.000036657,0.000000000,0.000515260
1787864886.820950985,55417.110512055,-0.000036644,0.000000000,0.000514446
1787864886.920837164,55417.210403127,-0.000036643,0.000000000,0.000513535
1787864887.021250248,55417.310834368,-0.000036635,0.000000000,0.000512646
1787864887.121128082,55417.410707558,-0.000036610,0.000000000,0.000511839
1787864887.221022129,55417.510597360,-0.000036586,0.000000000,0.000511068
1787864887.321035624,55417.610608148,-0.000036576,0.000000000,0.000510261
1787864887.420879602,55417.710457221,-0.000036557,0.000000000,0.000509401
1787864887.521048784,55417.810629424,-0.000036543,0.000000000,0.000508591
1787864887.621342421,55417.910926188,-0.000036541,0.000000000,0.000507761
1787864887.720988989,55418.010574200,-0.000036545,0.000000000,0.000506830
1787864887.820956230,55418.110537386,-0.000036530,0.000000000,0.000505957
1787864887.920963764,55418.210545703,-0.000036495,0.000000000,0.000505153
1787864888.020888329,55418.310456175,-0.000036461,0.000000000,0.000504285
1787864888.120975971,55418.410547893,-0.000036453,0.000000000,0.000503398
1787864888.221106291,55418.510694667,-0.000036446,0.000000000,0.000502567
1787864888.321012020,55418.610596270,-0.000036440,0.000000000,0.000501673
1787864888.421017170,55418.710600966,-0.000036438,0.000000000,0.000500792
1787864888.521025896,55418.810615817,-0.000036436,0.000000000,0.000499953
1787864888.621141672,55418.910717514,-0.000036426,0.000000000,0.000499157
1787864888.720985174,55419.010573610,-0.000036412,0.000000000,0.000498306
1787864888.820987940,55419.110565142,-0.000036404,0.000000000,0.000497482
1787864888.921056747,55419.210624671,-0.000036400,0.000000000,0.000496607
1787864889.020888329,55419.310455193,-0.000036378,0.000000000,0.000495750
1787864889.120993137,55419.410561438,-0.000036360,0.000000000,0.000494903
1787864889.221067667,55419.510645409,-0.000036342,0.000000000,0.000494114
1787864889.320876837,55419.610444966,-0.000036298,0.000000000,0.000493322
1787864889.421305656,55419.710895182,-0.000036273,0.000000000,0.000492521
1787864889.521204233,55419.810787021,-0.000036256,0.000000000,0.000491704
1787864889.621302605,55419.910907894,-0.000036247,0.000000000,0.000490866
1787864889.721307755,55420.010886445,-0.000036232,0.000000000,0.000490057
1787864889.821077108,55420.110653696,-0.000036231,0.000000000,0.000489233
1787864889.921193123,55420.210781746,-0.000036215,0.000000000,0.000488376
1787864890.021193504,55420.310779187,-0.000036195,0.000000000,0.000487558
1787864890.121402979,55420.411000456,-0.000036181,0.000000000,0.000486771
1787864890.221199989,55420.510800891,-0.000036203,0.000000000,0.000485868
1787864890.321275473,55420.610873118,-0.000036219,0.000000000,0.000484990
1787864890.421195030,55420.710790146,-0.000036198,0.000000000,0.000484115
1787864890.521194458,55420.810782683,-0.000036168,0.000000000,0.000483287
1787864890.621457100,55420.911052252,-0.000036143,0.000000000,0.000482481
1787864890.721250772,55421.010847592,-0.000036129,0.000000000,0.000481615
1787864890.821061373,55421.110635108,-0.000036113,0.000000000,0.000480796
1787864890.921060085,55421.210627123,-0.000036096,0.000000000,0.000480013
1787864891.021136045,55421.310708341,-0.000036079,0.000000000,0.000479160
1787864891.121304035,55421.410874066,-0.000036062,0.000000000,0.000478336
1787864891.220973969,55421.510540784,-0.000036049,0.000000000,0.000477538
1787864891.321357727,55421.610935406,-0.000036036,0.000000000,0.000476704
1787864891.421035767,55421.710615339,-0.000036023,0.000000000,0.000475864
1787864891.520996809,55421.810595164,-0.000036010,0.000000000,0.000475059
1787864891.621009350,55421.910576898,-0.000035979,0.000000000,0.000474323
1787864891.721038580,55422.010605281,-0.000035972,0.000000000,0.000473533
1787864891.821029902,55422.110598581,-0.000035972,0.000000000,0.000472751
1787864891.921046972,55422.210619769,-0.000035972,0.000000000,0.000472029
1787864892.021079302,55422.310664046,-0.000035974,0.000000000,0.000471189
1787864892.121136665,55422.410713118,-0.000035957,0.000000000,0.000470354
1787864892.221089602,55422.510670982,-0.000035922,0.000000000,0.000469563
1787864892.321044445,55422.610612105,-0.000035900,0.000000000,0.000468825
1787864892.421036243,55422.710603312,-0.000035915,0.000000000,0.000468004
1787864892.521183014,55422.810771339,-0.000035927,0.000000000,0.000467219
1787864892.621185064,55422.910759633,-0.000035927,0.000000000,0.000466506
1787864892.721323013,55423.010903002,-0.000035913,0.000000000,0.000465794
1787864892.821176291,55423.110773080,-0.000035878,0.000000000,0.000465005
1787864892.921474218,55423.211054020,-0.000035853,0.000000000,0.000464242
1787864893.021107912,55423.310691737,-0.000035845,0.000000000,0.000463514
1787864893.121247530,55423.410828078,-0.000035832,0.000000000,0.000462701
1787864893.221374273,55423.510954276,-0.000035821,0.000000000,0.000461919
1787864893.321158648,55423.610737630,-0.000035804,0.000000000,0.000461146
1787864893.421170950,55423.710751011,-0.000035777,0.000000000,0.000460332
1787864893.521044254,55423.810612014,-0.000035759,0.000000000,0.000459547
1787864893.621063948,55423.910631688,-0.000035739,0.000000000,0.000458804
1787864893.721146822,55424.010712731,-0.000035718,0.000000000,0.000458079
1787864893.821397305,55424.111088175,-0.000035718,0.000000000,0.000457297
1787864893.921179056,55424.210758936,-0.000035720,0.000000000,0.000456543
1787864894.021383762,55424.310965404,-0.000035720,0.000000000,0.000455786
1787864894.121217728,55424.410811045,-0.000035713,0.000000000,0.000454984
1787864894.221240282,55424.510815539,-0.000035692,0.000000000,0.000454232
1787864894.321194410,55424.610784327,-0.000035673,0.000000000,0.000453477
1787864894.421218634,55424.710813171,-0.000035663,0.000000000,0.000452650
1787864894.521199465,55424.810792366,-0.000035661,0.000000000,0.000451881
1787864894.621277094,55424.910855207,-0.000035663,0.000000000,0.000451127
1787864894.721226692,55425.010808371,-0.000035663,0.000000000,0.000450397
1787864894.821227789,55425.110824663,-0.000035647,0.000000000,0.000449676
1787864894.921220779,55425.210814050,-0.000035624,0.000000000,0.000449007
1787864895.021429300,55425.311013120,-0.000035608,0.000000000,0.000448272
1787864895.121378899,55425.410987281,-0.000035605,0.000000000,0.000447527
1787864895.221394539,55425.510978698,-0.000035600,0.000000000,0.000446800
1787864895.321460009,55425.611043028,-0.000035582,0.000000000,0.000446122
1787864895.421186924,55425.710765389,-0.000035563,0.000000000,0.000445364
1787864895.521350622,55425.810930871,-0.000035534,0.000000000,0.000444644
1787864895.621323824,55425.910929140,-0.000035508,0.000000000,0.000443873
1787864895.721638441,55426.011237740,-0.000035504,0.000000000,0.000443110
1787864895.821526051,55426.111108023,-0.000035511,0.000000000,0.000442373
1787864895.921252012,55426.210835194,-0.000035515,0.000000000,0.000441704
1787864896.021176577,55426.310748629,-0.000035505,0.000000000,0.000440903
1787864896.121188641,55426.410758974,-0.000035484,0.000000000,0.000440118
1787864896.221255064,55426.510831086,-0.000035442,0.000000000,0.000439401
1787864896.321269989,55426.610847774,-0.000035418,0.000000000,0.000438723
1787864896.421313047,55426.710880100,-0.000035413,0.000000000,0.000438033
1787864896.521154165,55426.810721016,-0.000035416,0.000000000,0.000437315
1787864896.621106148,55426.910681561,-0.000035414,0.000000000,0.000436639
1787864896.721056461,55427.010622947,-0.000035405,0.000000000,0.000435935
1787864896.821385145,55427.110981620,-0.000035378,0.000000000,0.000435150
1787864896.921369553,55427.210961497,-0.000035355,0.000000000,0.000434413
1787864897.021456957,55427.311050789,-0.000035353,0.000000000,0.000433690
1787864897.121228695,55427.410819727,-0.000035358,0.000000000,0.000433011
1787864897.221611500,55427.511190337,-0.000035358,0.000000000,0.000432259
1787864897.321317911,55427.610913536,-0.000035353,0.000000000,0.000431527
1787864897.421258450,55427.710841142,-0.000035344,0.000000000,0.000430812
1787864897.521301508,55427.810880980,-0.000035338,0.000000000,0.000430117
1787864897.621673584,55427.911258393,-0.000035334,0.000000000,0.000429362
1787864897.721348286,55428.010919511,-0.000035325,0.000000000,0.000428663
1787864897.821248770,55428.110830249,-0.000035313,0.000000000,0.000427989
1787864897.921305656,55428.210871566,-0.000035288,0.000000000,0.000427213
1787864898.021386385,55428.310955449,-0.000035258,0.000000000,0.000426477
1787864898.121207237,55428.410784231,-0.000035257,0.000000000,0.000425722
1787864898.221450567,55428.511043459,-0.000035273,0.000000000,0.000424965
1787864898.321328878,55428.610917457,-0.000035293,0.000000000,0.000424189
1787864898.421319485,55428.710886422,-0.000035272,0.000000000,0.000423486
1787864898.521250248,55428.810837472,-0.000035233,0.000000000,0.000422734
1787864898.621308327,55428.910891605,-0.000035198,0.000000000,0.000422051
1787864898.721186161,55429.010754783,-0.000035195,0.000000000,0.000421279
1787864898.821374655,55429.110954308,-0.000035194,0.000000000,0.000420592
1787864898.921604872,55429.211185666,-0.000035192,0.000000000,0.000419969
1787864899.021473169,55429.311044764,-0.000035182,0.000000000,0.000419227
1787864899.121349812,55429.410924743,-0.000035163,0.000000000,0.000418490
1787864899.221293449,55429.510863569,-0.000035141,0.000000000,0.000417732
1787864899.321291447,55429.610859300,-0.000035119,0.000000000,0.000417000
1787864899.421167850,55429.710733211,-0.000035096,0.000000000,0.000416225
1787864899.521345139,55429.810932434,-0.000035080,0.000000000,0.000415503
1787864899.621288300,55429.910855948,-0.000035084,0.000000000,0.000414682
1787864899.721165657,55430.010746798,-0.000035085,0.000000000,0.000413926
1787864899.821242809,55430.110824980,-0.000035077,0.000000000,0.000413245
1787864899.921216011,55430.210785761,-0.000035067,0.000000000,0.000412600
1787864900.021319389,55430.310892622,-0.000035064,0.000000000,0.000411858
1787864900.121312618,55430.410895188,-0.000035054,0.000000000,0.000411157
1787864900.221100092,55430.510683763,-0.000035030,0.000000000,0.000410438
1787864900.321304798,55430.610885457,-0.000035014,0.000000000,0.000409726
1787864900.421299458,55430.710868076,-0.000034997,0.000000000,0.000409015
1787864900.521368980,55430.810936162,-0.000034958,0.000000000,0.000408345
1787864900.621231794,55430.910807315,-0.000034938,0.000000000,0.000407685
1787864900.721260309,55431.010838445,-0.000034933,0.000000000,0.000406988
1787864900.821248293,55431.110825694,-0.000034931,0.000000000,0.000406218
1787864900.921399832,55431.210965803,-0.000034913,0.000000000,0.000405561
1787864901.021220207,55431.310785767,-0.000034884,0.000000000,0.000404937
1787864901.121375322,55431.410945281,-0.000034895,0.000000000,0.000404175
1787864901.221331120,55431.510906807,-0.000034894,0.000000000,0.000403440
1787864901.321299314,55431.610882255,-0.000034869,0.000000000,0.000402819
1787864901.421400547,55431.710980301,-0.000034865,0.000000000,0.000402112
1787864901.521384954,55431.810963967,-0.000034859,0.000000000,0.000401362
1787864901.621773720,55431.911353639,-0.000034850,0.000000000,0.000400678
1787864901.721356869,55432.010936612,-0.000034851,0.000000000,0.000400005
1787864901.821354389,55432.110949546,-0.000034856,0.000000000,0.000399329
1787864901.921630859,55432.211215616,-0.000034869,0.000000000,0.000398662
1787864902.021715164,55432.311303934,-0.000034867,0.000000000,0.000397973
1787864902.121253490,55432.410823207,-0.000034856,0.000000000,0.000397322
1787864902.221222162,55432.510790010,-0.000034845,0.000000000,0.000396681
1787864902.321224928,55432.610804322,-0.000034837,0.000000000,0.000396034
1787864902.421270370,55432.710849643,-0.000034820,0.000000000,0.000395328
1787864902.521408796,55432.810996222,-0.000034797,0.000000000,0.000394661
1787864902.621320963,55432.910903497,-0.000034770,0.000000000,0.000394039
1787864902.721381903,55433.010969203,-0.000034747,0.000000000,0.000393449
1787864902.821197033,55433.110763907,-0.000034737,0.000000000,0.000392842
1787864902.921533585,55433.211114135,-0.000034726,0.000000000,0.000392169
1787864903.021438837,55433.311018625,-0.000034703,0.000000000,0.000391569
1787864903.121400833,55433.410995938,-0.000034671,0.000000000,0.000390994
1787864903.221576214,55433.511152327,-0.000034663,0.000000000,0.000390372
1787864903.321483850,55433.611061704,-0.000034668,0.000000000,0.000389666
1787864903.421480417,55433.711060082,-0.000034670,0.000000000,0.000389008
1787864903.521533012,55433.811122035,-0.000034664,0.000000000,0.000388388
1787864903.621396065,55433.910954949,-0.000034669,0.000000000,0.000387681
1787864903.721508503,55434.011089317,-0.000034647,0.000000000,0.000387009
1787864903.821591377,55434.111171029,-0.000034628,0.000000000,0.000386390
1787864903.921646118,55434.211225479,-0.000034615,0.000000000,0.000385781
1787864904.021654129,55434.311253965,-0.000034619,0.000000000,0.000385117
1787864904.121657133,55434.411243420,-0.000034630,0.000000000,0.000384472
1787864904.221563578,55434.511152338,-0.000034636,0.000000000,0.000383825
1787864904.321315527,55434.610903319,-0.000034625,0.000000000,0.000383136
1787864904.421252489,55434.710825366,-0.000034616,0.000000000,0.000382484
1787864904.521380901,55434.810965302,-0.000034599,0.000000000,0.000381843
1787864904.621209860,55434.910778322,-0.000034587,0.000000000,0.000381203
1787864904.721293449,55435.010872028,-0.000034559,0.000000000,0.000380545
1787864904.821255922,55435.110824151,-0.000034544,0.000000000,0.000379919
1787864904.921390057,55435.210966213,-0.000034545,0.000000000,0.000379279
1787864905.021350145,55435.310929098,-0.000034548,0.000000000,0.000378680
1787864905.121339560,55435.410921450,-0.000034533,0.000000000,0.000378038
1787864905.221509695,55435.511084432,-0.000034520,0.000000000,0.000377391
1787864905.321364880,55435.610959434,-0.000034505,0.000000000,0.000376677
1787864905.421500921,55435.711072225,-0.000034490,0.000000000,0.000376029
1787864905.521251917,55435.810829481,-0.000034476,0.000000000,0.000375405
1787864905.621405125,55435.910991261,-0.000034469,0.000000000,0.000374736
1787864905.721239805,55436.010807006,-0.000034470,0.000000000,0.000374098
1787864905.821526766,55436.111096051,-0.000034478,0.000000000,0.000373383
1787864905.921457291,55436.211031307,-0.000034475,0.000000000,0.000372697
1787864906.021546125,55436.311136519,-0.000034465,0.000000000,0.000372050
1787864906.121303797,55436.410873499,-0.000034442,0.000000000,0.000371447
1787864906.221310377,55436.510879473,-0.000034450,0.000000000,0.000370800
1787864906.321620464,55436.611190970,-0.000034457,0.000000000,0.000370207
1787864906.421317101,55436.710895934,-0.000034462,0.000000000,0.000369613
1787864906.521274567,55436.810840206,-0.000034448,0.000000000,0.000368971
1787864906.621584654,55436.911174676,-0.000034428,0.000000000,0.000368334
1787864906.721522093,55437.011112036,-0.000034400,0.000000000,0.000367719
1787864906.821586847,55437.111177104,-0.000034377,0.000000000,0.000367136
1787864906.921414375,55437.210993650,-0.000034375,0.000000000,0.000366491
1787864907.021456718,55437.311045427,-0.000034378,0.000000000,0.000365868
1787864907.121455431,55437.411049458,-0.000034384,0.000000000,0.000365278
1787864907.221446991,55437.511043904,-0.000034376,0.000000000,0.000364728
1787864907.321482897,55437.611068887,-0.000034365,0.000000000,0.000364162
1787864907.421449661,55437.711027875,-0.000034337,0.000000000,0.000363533
1787864907.521436453,55437.811019693,-0.000034314,0.000000000,0.000362918
1787864907.621455669,55437.911054968,-0.000034288,0.000000000,0.000362344
1787864907.721460581,55438.011039764,-0.000034266,0.000000000,0.000361790
1787864907.821843624,55438.111437266,-0.000034257,0.000000000,0.000361235
1787864907.921539307,55438.211121581,-0.000034251,0.000000000,0.000360598
1787864908.021550894,55438.311147120,-0.000034251,0.000000000,0.000359988
1787864908.121552944,55438.411132139,-0.000034248,0.000000000,0.000359412
1787864908.221645355,55438.511235830,-0.000034240,0.000000000,0.000358867
1787864908.321519136,55438.611115717,-0.000034223,0.000000000,0.000358275
1787864908.421575308,55438.711173130,-0.000034205,0.000000000,0.000357662
1787864908.521413565,55438.810992590,-0.000034192,0.000000000,0.000357089
1787864908.621593952,55438.911186064,-0.000034188,0.000000000,0.000356516
1787864908.721443176,55439.011026519,-0.000034187,0.000000000,0.000355885
1787864908.821523428,55439.111094027,-0.000034186,0.000000000,0.000355299
1787864908.921457052,55439.211041203,-0.000034177,0.000000000,0.000354734
1787864909.021433830,55439.311012510,-0.000034172,0.000000000,0.000354092
1787864909.121414661,55439.411007922,-0.000034163,0.000000000,0.000353459
1787864909.221565962,55439.511147478,-0.000034142,0.000000000,0.000352902
1787864909.321571589,55439.611165896,-0.000034134,0.000000000,0.000352369
1787864909.421484709,55439.711066302,-0.000034140,0.000000000,0.000351817
1787864909.521373749,55439.810941699,-0.000034123,0.000000000,0.000351240
1787864909.621309757,55439.910876982,-0.000034102,0.000000000,0.000350659
1787864909.721396685,55440.010978566,-0.000034087,0.000000000,0.000350074
1787864909.821363449,55440.110939637,-0.000034080,0.000000000,0.000349481
1787864909.921871424,55440.211460318,-0.000034064,0.000000000,0.000348866
1787864910.021539688,55440.311108865,-0.000034067,0.000000000,0.000348294
1787864910.121819496,55440.411401413,-0.000034059,0.000000000,0.000347664
1787864910.221519709,55440.511097548,-0.000034059,0.000000000,0.000347025
1787864910.321510553,55440.611091466,-0.000034052,0.000000000,0.000346433
1787864910.421494722,55440.711088051,-0.000034048,0.000000000,0.000345808
1787864910.521611929,55440.811198903,-0.000034044,0.000000000,0.000345252
1787864910.621568680,55440.911141149,-0.000034040,0.000000000,0.000344690
1787864910.721414566,55441.010993703,-0.000034042,0.000000000,0.000344101
1787864910.821415663,55441.110984470,-0.000034035,0.000000000,0.000343523
1787864910.921403885,55441.210979351,-0.000033979,0.000000000,0.000343044
1787864911.021377087,55441.310954901,-0.000033974,0.000000000,0.000342484
1787864911.121651649,55441.411218631,-0.000033996,0.000000000,0.000341879
1787864911.221482754,55441.511070015,-0.000034028,0.000000000,0.000341291
1787864911.321763754,55441.611348207,-0.000034024,0.000000000,0.000340767
1787864911.421849012,55441.711449278,-0.000033989,0.000000000,0.000340207
1787864911.521721840,55441.811295083,-0.000033960,0.000000000,0.000339647
1787864911.621632338,55441.911203306,-0.000033931,0.000000000,0.000339071
1787864911.721386433,55442.010951627,-0.000033915,0.000000000,0.000338518
1787864911.821383238,55442.110949787,-0.000033894,0.000000000,0.000337973
1787864911.923035383,55442.212603549,-0.000033893,0.000000000,0.000337412
1787864912.021430016,55442.311032124,-0.000033894,0.000000000,0.000336835
1787864912.121361971,55442.410938086,-0.000033899,0.000000000,0.000336282
1787864912.221423149,55442.510989239,-0.000033876,0.000000000,0.000335720
1787864912.321461439,55442.611044453,-0.000033866,0.000000000,0.000335159
1787864912.421420813,55442.710997870,-0.000033875,0.000000000,0.000334565
1787864912.521420717,55442.811010884,-0.000033885,0.000000000,0.000334002
1787864912.621519804,55442.911084956,-0.000033894,0.000000000,0.000333518
1787864912.721463919,55443.011054437,-0.000033896,0.000000000,0.000333045
1787864912.821636915,55443.111218602,-0.000033886,0.000000000,0.000332478
1787864912.921773672,55443.211339211,-0.000033877,0.000000000,0.000331917
1787864913.021453142,55443.311031116,-0.000033864,0.000000000,0.000331376
1787864913.121458769,55443.411053579,-0.000033841,0.000000000,0.000330800
1787864913.221435547,55443.511012304,-0.000033826,0.000000000,0.000330229
1787864913.321509838,55443.611083850,-0.000033834,0.000000000,0.000329645
1787864913.421586514,55443.711153925,-0.000033849,0.000000000,0.000329050
1787864913.521978378,55443.811559876,-0.000033856,0.000000000,0.000328427
1787864913.621822834,55443.911423624,-0.000033843,0.000000000,0.000327872
1787864913.721552610,55444.011131152,-0.000033823,0.000000000,0.000327379
1787864913.821701050,55444.111271780,-0.000033800,0.000000000,0.000326877
1787864913.921477318,55444.211045884,-0.000033797,0.000000000,0.000326291
1787864914.021514893,55444.311097600,-0.000033789,0.000000000,0.000325758
1787864914.121849298,55444.411419345,-0.000033773,0.000000000,0.000325262
1787864914.221577406,55444.511150047,-0.000033757,0.000000000,0.000324750
1787864914.321637392,55444.611237520,-0.000033734,0.000000000,0.000324167
1787864914.421677113,55444.711299853,-0.000033708,0.000000000,0.000323634
1787864914.521636724,55444.811236471,-0.000033687,0.000000000,0.000323140
1787864914.621632338,55444.911221197,-0.000033702,0.000000000,0.000322549
1787864914.721596241,55445.011177600,-0.000033719,0.000000000,0.000321953
1787864914.821652889,55445.111247568,-0.000033712,0.000000000,0.000321417
1787864914.921743631,55445.211322883,-0.000033689,0.000000000,0.000320925
1787864915.021674156,55445.311251953,-0.000033687,0.000000000,0.000320344
1787864915.121813774,55445.411397076,-0.000033688,0.000000000,0.000319787
1787864915.221755028,55445.511348258,-0.000033684,0.000000000,0.000319302
1787864915.321388006,55445.610945105,-0.000033679,0.000000000,0.000318820
1787864915.421775579,55445.711358535,-0.000033644,0.000000000,0.000318268
1787864915.521723509,55445.811315538,-0.000033612,0.000000000,0.000317733
1787864915.621675968,55445.911258023,-0.000033586,0.000000000,0.000317210
1787864915.721589088,55446.011167541,-0.000033577,0.000000000,0.000316679
1787864915.821676970,55446.111268369,-0.000033589,0.000000000,0.000316089
1787864915.921788931,55446.211378422,-0.000033597,0.000000000,0.000315584
1787864916.021729469,55446.311324146,-0.000033586,0.000000000,0.000315105
1787864916.121739864,55446.411342196,-0.000033581,0.000000000,0.000314578
1787864916.221595049,55446.511186164,-0.000033559,0.000000000,0.000314013
1787864916.321715593,55446.611307643,-0.000033528,0.000000000,0.000313509
1787864916.421761513,55446.711363924,-0.000033519,0.000000000,0.000312969
1787864916.521673679,55446.811269922,-0.000033540,0.000000000,0.000312415
1787864916.621720791,55446.911320320,-0.000033550,0.000000000,0.000311874
1787864916.721808434,55447.011404861,-0.000033547,0.000000000,0.000311378
1787864916.821856737,55447.111434903,-0.000033538,0.000000000,0.000310874
1787864916.921820879,55447.211401411,-0.000033526,0.000000000,0.000310282
1787864917.021738529,55447.311317721,-0.000033518,0.000000000,0.000309716
1787864917.121769667,55447.411351689,-0.000033511,0.000000000,0.000309195
1787864917.221747398,55447.511341949,-0.000033506,0.000000000,0.000308694
1787864917.321836233,55447.611418505,-0.000033511,0.000000000,0.000308175
1787864917.421662092,55447.711236169,-0.000033488,0.000000000,0.000307655
1787864917.521500111,55447.811078038,-0.000033463,0.000000000,0.000307167
1787864917.621493340,55447.911064164,-0.000033450,0.000000000,0.000306667
1787864917.721540928,55448.011108504,-0.000033442,0.000000000,0.000306160
1787864917.821562767,55448.111148842,-0.000033438,0.000000000,0.000305617
1787864917.921712637,55448.211309838,-0.000033428,0.000000000,0.000305088
1787864918.021761894,55448.311355665,-0.000033415,0.000000000,0.000304582
1787864918.121710777,55448.411309843,-0.000033405,0.000000000,0.000304103
1787864918.221818924,55448.511404148,-0.000033404,0.000000000,0.000303586
1787864918.321793079,55448.611376924,-0.000033400,0.000000000,0.000303094
1787864918.421892405,55448.711470381,-0.000033399,0.000000000,0.000302599
1787864918.521871090,55448.811466026,-0.000033387,0.000000000,0.000302050
1787864918.621707201,55448.911304481,-0.000033377,0.000000000,0.000301535
1787864918.721645117,55449.011224242,-0.000033370,0.000000000,0.000301048
1787864918.821939945,55449.111518731,-0.000033384,0.000000000,0.000300467
1787864918.921701670,55449.211280408,-0.000033394,0.000000000,0.000299913
1787864919.021802664,55449.311381424,-0.000033398,0.000000000,0.000299436
1787864919.121644735,55449.411225685,-0.000033383,0.000000000,0.000298980
1787864919.221715927,55449.511310020,-0.000033372,0.000000000,0.000298427
1787864919.321925640,55449.611504751,-0.000033355,0.000000000,0.000297893
1787864919.421681166,55449.711267966,-0.000033345,0.000000000,0.000297393
1787864919.521913528,55449.811494640,-0.000033339,0.000000000,0.000296913
1787864919.621732712,55449.911316316,-0.000033339,0.000000000,0.000296398
1787864919.721894979,55450.011474570,-0.000033343,0.000000000,0.000295909
1787864919.821718216,55450.111306273,-0.000033341,0.000000000,0.000295428
1787864919.921852589,55450.211447616,-0.000033321,0.000000000,0.000294915
1787864920.021801949,55450.311399031,-0.000033299,0.000000000,0.000294410
1787864920.121759415,55450.411350517,-0.000033276,0.000000000,0.000293896
1787864920.221681595,55450.511277617,-0.000033260,0.000000000,0.000293334
1787864920.321883917,55450.611463557,-0.000033247,0.000000000,0.000292826
1787864920.421675682,55450.711268510,-0.000033236,0.000000000,0.000292359
1787864920.521833420,55450.811414791,-0.000033227,0.000000000,0.000291880
1787864920.621699095,55450.911275857,-0.000033221,0.000000000,0.000291358
1787864920.721938610,55451.011519543,-0.000033204,0.000000000,0.000290861
1787864920.821786880,55451.111357331,-0.000033208,0.000000000,0.000290306
1787864920.921606541,55451.211184119,-0.000033211,0.000000000,0.000289790
1787864921.021669149,55451.311250717,-0.000033197,0.000000000,0.000289325
1787864921.121752262,55451.411337109,-0.000033184,0.000000000,0.000288788
1787864921.221865654,55451.511444026,-0.000033176,0.000000000,0.000288232
1787864921.321620703,55451.611195381,-0.000033173,0.000000000,0.000287744
1787864921.421942949,55451.711525036,-0.000033168,0.000000000,0.000287300
1787864921.521762848,55451.811366257,-0.000033175,0.000000000,0.000286761
1787864921.621787310,55451.911373573,-0.000033167,0.000000000,0.000286254
1787864921.721734762,55452.011311036,-0.000033150,0.000000000,0.000285795
1787864921.821740389,55452.111323294,-0.000033127,0.000000000,0.000285361
1787864921.921813250,55452.211397092,-0.000033102,0.000000000,0.000284908
1787864922.021864176,55452.311443137,-0.000033100,0.000000000,0.000284428
1787864922.121748686,55452.411326865,-0.000033109,0.000000000,0.000283917
1787864922.221819878,55452.511416977,-0.000033122,0.000000000,0.000283399
1787864922.322025061,55452.611615295,-0.000033116,0.000000000,0.000282891
1787864922.421974421,55452.711566756,-0.000033105,0.000000000,0.000282413
1787864922.522198200,55452.811795185,-0.000033092,0.000000000,0.000281918
1787864922.621945620,55452.911538956,-0.000033083,0.000000000,0.000281405
1787864922.722104788,55453.011686669,-0.000033067,0.000000000,0.000280935
1787864922.821733475,55453.111301958,-0.000033072,0.000000000,0.000280486
1787864922.921704769,55453.211283593,-0.000033081,0.000000000,0.000280031
1787864923.021677971,55453.311244808,-0.000033068,0.000000000,0.000279572
1787864923.121578217,55453.411144943,-0.000033054,0.000000000,0.000279104
1787864923.221706390,55453.511272762,-0.000033040,0.000000000,0.000278595
1787864923.321718693,55453.611285390,-0.000033022,0.000000000,0.000278084
1787864923.421691895,55453.711275044,-0.000033007,0.000000000,0.000277599
1787864923.522083759,55453.811659330,-0.000033012,0.000000000,0.000277101
1787864923.621606112,55453.911189028,-0.000033018,0.000000000,0.000276637
1787864923.721817493,55454.011394673,-0.000033015,0.000000000,0.000276212
1787864923.821648121,55454.111235282,-0.000032999,0.000000000,0.000275775
1787864923.921999454,55454.211565896,-0.000032990,0.000000000,0.000275229
1787864924.021689415,55454.311265429,-0.000032971,0.000000000,0.000274728
1787864924.121639967,55454.411206415,-0.000032937,0.000000000,0.000274301
1787864924.222048044,55454.511617537,-0.000032923,0.000000000,0.000273885
1787864924.323136806,55454.612821905,-0.000032926,0.000000000,0.000273426
1787864924.421849966,55454.711428920,-0.000032914,0.000000000,0.000272930
1787864924.493218660,55454.782814007,0.000000000,0.000000000,1.000000000
1787864924.521760464,55454.811342053,0.000000000,0.000000000,0.000000000
1787864924.593349934,55454.882926006,0.000000000,0.000000000,1.000000000
1787864924.621958494,55454.911537844,0.000000000,0.000000000,0.000000000
1787864924.693276882,55454.982870458,0.000000000,0.000000000,1.000000000
1787864924.721626282,55455.011407614,0.000000000,0.000000000,0.000000000
1787864924.793256521,55455.082869791,0.000000000,0.000000000,1.000000000
1787864924.821789980,55455.111369102,0.000000000,0.000000000,0.000000000
1787864924.893233061,55455.182821089,0.000000000,0.000000000,1.000000000
1787864924.921734571,55455.211318012,0.000000000,0.000000000,0.000000000
1787864924.993168831,55455.282768893,0.000000000,0.000000000,1.000000000
1787864925.021885872,55455.311467575,0.000000000,0.000000000,0.000000000
1787864925.093027830,55455.382605610,0.000000000,0.000000000,1.000000000
1787864925.121855974,55455.411432761,0.000000000,0.000000000,0.000000000
1787864925.193140030,55455.482711873,0.000000000,0.000000000,1.000000000
1787864925.221691608,55455.511259123,0.000000000,0.000000000,0.000000000
1787864925.293219090,55455.582801798,0.000000000,0.000000000,1.000000000
1787864925.321941853,55455.611514174,0.000000000,0.000000000,0.000000000
1787864925.393118858,55455.682707913,0.000000000,0.000000000,1.000000000
1787864925.421830654,55455.711418596,0.000000000,0.000000000,0.000000000
1787864925.493125439,55455.782714707,0.000000000,0.000000000,1.000000000
1787864925.521748304,55455.811334618,0.000000000,0.000000000,0.000000000
1787864925.593245983,55455.882823104,0.000000000,0.000000000,1.000000000
1787864925.621989489,55455.911582921,0.000000000,0.000000000,0.000000000
1787864925.693081617,55455.982660565,0.000000000,0.000000000,1.000000000
1787864925.721702099,55456.011274468,0.000000000,0.000000000,0.000000000
1787864925.793298960,55456.082877247,0.000000000,0.000000000,1.000000000
1787864925.821782351,55456.111358376,0.000000000,0.000000000,0.000000000
1787864925.893134356,55456.182701523,0.000000000,0.000000000,1.000000000
1787864925.993295670,55456.282864718,0.000000000,0.000000000,1.000000000
1787864926.093425035,55456.383021622,0.000000000,0.000000000,1.000000000
1787864926.193324804,55456.482903644,0.000000000,0.000000000,1.000000000
1787864926.293253422,55456.582846513,0.000000000,0.000000000,1.000000000
1787864926.393212080,55456.682801422,0.000000000,0.000000000,1.000000000
1787864926.493240356,55456.782817029,0.000000000,0.000000000,1.000000000
1787864926.593204975,55456.882786181,0.000000000,0.000000000,1.000000000
1787864926.693057537,55456.982645801,0.000000000,0.000000000,1.000000000
1787864926.793301821,55457.082890290,0.000000000,0.000000000,1.000000000
1787864926.893097162,55457.182669436,0.000000000,0.000000000,1.000000000
1787864926.993352175,55457.282920145,0.000000000,0.000000000,1.000000000
1787864927.093160152,55457.382755445,0.000000000,0.000000000,1.000000000
1787864927.193131685,55457.482709716,0.000000000,0.000000000,1.000000000
1787864927.293155432,55457.582735443,0.000000000,0.000000000,1.000000000
1787864927.393037558,55457.682613334,0.000000000,0.000000000,1.000000000
1787864927.493059635,55457.782626095,0.000000000,0.000000000,1.000000000
1787864927.593136072,55457.882721072,0.000000000,0.000000000,1.000000000
1787864927.693108559,55457.982676796,0.000000000,0.000000000,1.000000000
1787864927.793083191,55458.082651159,0.000000000,0.000000000,0.839036162
1787864927.893347263,55458.182936012,0.000000000,0.000000000,0.400000000
1787864927.993326187,55458.282912566,0.000000000,0.000000000,0.000000000
1787864928.121788263,55458.411357468,-0.022994926,0.000000000,-0.047953349
1787864928.221697092,55458.511263123,-0.043624271,0.000000000,-0.088027157
1787864928.322015285,55458.611600411,-0.065359361,0.000000000,-0.128982738
1787864928.421925068,55458.711506881,-0.083668247,0.000000000,-0.166459322
1787864928.521705389,55458.811283082,-0.099423677,0.000000000,-0.202263325
1787864928.621726513,55458.911302166,-0.112225153,0.000000000,-0.235042855
1787864928.722117901,55459.011696660,-0.120000000,0.000000000,-0.264548451
1787864928.822054386,55459.111634800,-0.120000000,0.000000000,-0.290386558
1787864928.921912909,55459.211508487,-0.120000000,0.000000000,-0.312925756
1787864929.022103548,55459.311678363,-0.120000000,0.000000000,-0.332846582
1787864929.122120619,55459.411707396,-0.120000000,0.000000000,-0.351264834
1787864929.221726894,55459.511294040,-0.120000000,0.000000000,-0.368952960
1787864929.321835279,55459.611414269,-0.120000000,0.000000000,-0.386365622
1787864929.422097683,55459.711672309,-0.120000000,0.000000000,-0.403581262
1787864929.521818161,55459.811395627,-0.120000000,0.000000000,-0.420357287
1787864929.621964455,55459.911540531,-0.120000000,0.000000000,-0.436127365
1787864929.721708059,55460.011286944,-0.120000000,0.000000000,-0.450906277
1787864929.821737289,55460.111315694,-0.120000000,0.000000000,-0.464263588
1787864929.921860933,55460.211448701,-0.120000000,0.000000000,-0.475773454
1787864930.021905661,55460.311479871,-0.120000000,0.000000000,-0.485197365
1787864930.121870518,55460.411439476,-0.119683579,0.000000000,-0.493296981
1787864930.222020626,55460.511602811,-0.116532773,0.000000000,-0.499759376
1787864930.322084904,55460.611677640,-0.111916445,0.000000000,-0.504922330
1787864930.421934366,55460.711512955,-0.106063776,0.000000000,-0.508723259
1787864930.521933079,55460.811511339,-0.100007512,0.000000000,-0.511992157
1787864930.622014523,55460.911594316,-0.093664773,0.000000000,-0.514499426
1787864930.721774101,55461.011342572,-0.087478437,0.000000000,-0.516502142
1787864930.821783543,55461.111359433,-0.081136055,0.000000000,-0.517724514
1787864930.921993971,55461.211562958,-0.074969195,0.000000000,-0.518419564
1787864931.021766663,55461.311334149,-0.069074698,0.000000000,-0.518648922
1787864931.121878624,55461.411447150,-0.063056760,0.000000000,-0.517627358
1787864931.221739769,55461.511299801,-0.057815198,0.000000000,-0.516149104
1787864931.321957350,55461.611526275,-0.052814331,0.000000000,-0.513649940
1787864931.421953201,55461.711525933,-0.047876384,0.000000000,-0.509445965
1787864931.522162437,55461.811754296,-0.042050559,0.000000000,-0.501578450
1787864931.621851683,55461.911427842,-0.036473714,0.000000000,-0.492491931
1787864931.722116470,55462.011686086,-0.031172566,0.000000000,-0.482242286
1787864931.821974993,55462.111565244,-0.026504055,0.000000000,-0.471137106
1787864931.921904325,55462.211478779,-0.021713406,0.000000000,-0.458274305
1787864932.022089720,55462.311676298,-0.017149217,0.000000000,-0.442699224
1787864932.122144699,55462.411730476,-0.012783173,0.000000000,-0.424948901
1787864932.222044945,55462.511625302,-0.009599567,0.000000000,-0.407822847
1787864932.322124958,55462.611707867,-0.007099353,0.000000000,-0.391547799
1787864932.422039986,55462.711637893,-0.004053678,0.000000000,-0.373342872
1787864932.521978855,55462.811570853,-0.000264227,0.000000000,-0.351791292
1787864932.622188568,55462.911770087,0.002925283,0.000000000,-0.329920202
1787864932.722152472,55463.011729035,0.005330669,0.000000000,-0.308682054
1787864932.822036505,55463.111631468,0.006884120,0.000000000,-0.289530069
1787864932.922270298,55463.211856483,0.008186972,0.000000000,-0.271523416
1787864933.021974564,55463.311561388,0.008836246,0.000000000,-0.256098777
1787864933.122048855,55463.411641535,0.011571935,0.000000000,-0.234023318
1787864933.222155809,55463.511737652,0.013200685,0.000000000,-0.213732988
1787864933.321966171,55463.611558691,0.013896631,0.000000000,-0.195785254
1787864933.421944857,55463.711531868,0.013782771,0.000000000,-0.181274399
1787864933.522027731,55463.811617995,0.013976699,0.000000000,-0.167148963
1787864933.622015953,55463.911617788,0.014450970,0.000000000,-0.153096855
1787864933.722316265,55464.011910147,0.000000000,0.000000000,0.000000000
1787864933.822243690,55464.111820174,0.000000000,0.000000000,0.000000000
1787864933.922165394,55464.211744770,0.000000000,0.000000000,0.000000000
1787864934.022144079,55464.311722732,0.000000000,0.000000000,0.000000000
1787864934.122105360,55464.411688575,0.000000000,0.000000000,0.000000000
1787864934.222115517,55464.511693881,0.000000000,0.000000000,0.000000000
1787864934.322081566,55464.611681339,0.000000000,0.000000000,0.000000000
1787864934.422128439,55464.711707155,0.000000000,0.000000000,0.000000000
1787864934.522106886,55464.811690721,0.000000000,0.000000000,0.000000000
1787864934.622198343,55464.911791005,0.000000000,0.000000000,0.000000000
1787864934.722124577,55465.011706127,0.000000000,0.000000000,0.000000000
1787864934.822104931,55465.111684299,0.000000000,0.000000000,0.000000000
1787864934.922028065,55465.211620318,0.000000000,0.000000000,0.000000000
1787864935.022064686,55465.311657631,0.000000000,0.000000000,0.000000000
