segment,segment_name,wall_time,wall_elapsed_s,sim_time,x,y,yaw
1,M->N,1787463352.9991577,0.012070445984136313,70.0,-8.497902592741314,1.8580795035653927e-06,0.0019450717675538753
1,M->N,1787463355.251292,2.2642167389858514,71.8,-8.487234814272247,1.8354354368077556e-05,0.0010559328377037602
1,M->N,1787463355.3342156,2.347127865010407,71.9,-8.474994588643822,2.7564946945625004e-05,0.00030807492605424466
1,M->N,1787463355.473651,2.48656338598812,72.0,-8.458595485159462,2.576554809231347e-05,-0.001204451792589481
1,M->N,1787463355.4873927,2.500305101973936,72.0,-8.440915030091963,-4.263446949705508e-05,-0.00951400866660581
1,M->N,1787463355.4997668,2.512678940955084,72.0,-8.423194887779998,-0.00028558130630966955,-0.02119216596187979
1,M->N,1787463355.6357825,2.6486950920079835,72.1,-8.405474891833899,-0.0007453444808994613,-0.034235900177174934
1,M->N,1787463355.7729096,2.7858219769550487,72.2,-8.387760505627314,-0.0014426219498323812,-0.048179419753467644
1,M->N,1787463355.8467991,2.859711110999342,72.3,-8.370055920526553,-0.002391110909721614,-0.06274033741041032
1,M->N,1787463355.8564267,2.869338652002625,72.3,-8.352365062626676,-0.0036005305271566753,-0.0778011384544501
1,M->N,1787463355.9277146,2.9406270349863917,72.3,-8.33469280366666,-0.005078464661958744,-0.0932351303892155
1,M->N,1787463356.0042603,3.0171727069537155,72.5,-8.317044553152911,-0.006831231604834701,-0.1090101180899267
1,M->N,1787463356.1403282,3.1532405900070444,72.5,-8.299425697296735,-0.008864984739758271,-0.12518412260473608
1,M->N,1787463356.27714,3.290052591008134,72.6,-8.281842201059362,-0.011184579366426686,-0.1415797721656731
1,M->N,1787463356.3544915,3.367403903976083,72.7,-8.264299333282551,-0.013793455127836139,-0.1581988974205818
1,M->N,1787463356.3747346,3.3876468669623137,72.8,-8.246802530669846,-0.016694648841512016,-0.17495615758087255
1,M->N,1787463356.5122235,3.525136947981082,72.8,-8.229356810295073,-0.019889037537078463,-0.19182073943053626
1,M->N,1787463356.5898306,3.6027432039845735,72.9,-8.211967546916354,-0.02337780005124143,-0.20877341257212498
1,M->N,1787463356.7289462,3.7418590299785137,73.0,-8.194640276631317,-0.02716131222888219,-0.22578132515305155
1,M->N,1787463356.742794,3.7557060589897446,73.1,-8.177380502807837,-0.031239128690577177,-0.24280026313244937
1,M->N,1787463356.8164046,3.8293169839889742,73.1,-8.16019337891174,-0.03560986715425811,-0.2598111120712995
1,M->N,1787463356.8930101,3.9059224959928542,73.2,-8.143083670252201,-0.04027172881652185,-0.2767891738575012
1,M->N,1787463357.0326529,4.045565461972728,73.2,-8.12605632264886,-0.04522332988430161,-0.29370677693303365
1,M->N,1787463357.1088154,4.121728028985672,73.3,-8.10911593370541,-0.05046182835192258,-0.3105276907077116
1,M->N,1787463357.1848052,4.197717130999081,73.4,-8.092266969812592,-0.055983851526851335,-0.32724435843884886
1,M->N,1787463357.1965995,4.209511532972101,73.4,-8.07551343526073,-0.06178539404485654,-0.3438197491882238
1,M->N,1787463357.269497,4.282409089966677,73.4,-8.058859270216983,-0.06786216652017088,-0.3601847934709902
1,M->N,1787463357.4080243,4.420936745998915,73.6,-8.04230762071724,-0.07420926759903813,-0.37638161864197694
1,M->N,1787463357.5485632,4.561475623981096,73.7,-8.025862072010987,-0.08082267327057545,-0.392406683280763
1,M->N,1787463357.6231618,4.636074276000727,73.7,-8.0095252526689,-0.08769760229393142,-0.4082512185659235
1,M->N,1787463357.6371748,4.650086821988225,73.8,-7.993300045171629,-0.09482923805273902,-0.4239218193401645
1,M->N,1787463357.7726336,4.785545955994166,73.8,-7.977188801801167,-0.10221195395087777,-0.43930351556797226
1,M->N,1787463357.9077878,4.9207002589828335,74.0,-7.9611932839003146,-0.10983982997593701,-0.45438200324261946
1,M->N,1787463358.0450702,5.057982544996776,74.1,-7.945315813842139,-0.11772048003886608,-0.47192259577025936
1,M->N,1787463358.06059,5.073502280982211,74.1,-7.929581879605391,-0.12589950244774506,-0.4918565770874509
1,M->N,1787463358.0747569,5.087668847001623,74.1,-7.9140160836209565,-0.13439405492953618,-0.512141146743337
1,M->N,1787463358.086535,5.099446757987607,74.1,-7.8986267662648855,-0.14320187903018633,-0.5322642550686596
1,M->N,1787463358.2222526,5.235165037971456,74.2,-7.883418602713145,-0.15231634216272877,-0.5521307763845653
1,M->N,1787463358.3591745,5.372086812974885,74.3,-7.868394255890244,-0.161726412343292,-0.5712764674503725
1,M->N,1787463358.4983997,5.511312269954942,74.4,-7.853552442254243,-0.17141823896240646,-0.5898657469256462
1,M->N,1787463358.6358712,5.648783410957549,74.5,-7.838893007078088,-0.1813800255434387,-0.6077718590812644
1,M->N,1787463358.649979,5.662891135958489,74.6,-7.824413203189185,-0.1915977324543035,-0.6249907545908179
1,M->N,1787463358.6627953,5.675707354967017,74.6,-7.810110829434648,-0.20206029435555664,-0.6417527451334342
1,M->N,1787463358.6733763,5.686288176977541,74.6,-7.795984554690042,-0.21275679968652594,-0.6578576515901111
1,M->N,1787463358.8099365,5.822849071992096,74.7,-7.7820315255029575,-0.22367632792767408,-0.673526383435619
1,M->N,1787463358.8851352,5.8980474709533155,74.8,-7.768250611969026,-0.23481015346617765,-0.6886678903438581
1,M->N,1787463358.8991628,5.912075027998071,74.8,-7.754638042713551,-0.24614646253603067,-0.7031037723418438
1,M->N,1787463359.0357544,6.048666718008462,74.9,-7.7411890805681915,-0.2576738625709789,-0.7168899743854611
1,M->N,1787463359.1725242,6.1854372269590385,75.0,-7.7278986142508925,-0.2693815453638229,-0.7300428375931932
1,M->N,1787463359.2480817,6.260993851989042,75.1,-7.714761724308082,-0.2812593499796936,-0.7426412044500897
1,M->N,1787463359.3847027,6.3976149809896015,75.1,-7.701773598821008,-0.2932980354041417,-0.7547070326162681
1,M->N,1787463359.4598522,6.472764667996671,75.2,-7.688930329263431,-0.30548954519819294,-0.7662777287255482
1,M->N,1787463359.5368114,6.549723420990631,75.3,-7.676227513302524,-0.3178253804078362,-0.777308988517257
1,M->N,1787463359.5510962,6.5640085059567355,75.3,-7.663659915981055,-0.3302973129403075,-0.7878840632022821
1,M->N,1787463359.6253943,6.638307068962604,75.3,-7.651223131117665,-0.34289814640955435,-0.7979204225483946
1,M->N,1787463359.7621353,6.775047575007193,75.4,-7.638911914496754,-0.35562032836509744,-0.8075224161731543
1,M->N,1787463359.7759864,6.788898492988665,75.5,-7.626722602894967,-0.3684583403428185,-0.816835739098331
1,M->N,1787463359.8486686,6.861581178964116,75.5,-7.6146517828557725,-0.38140588068549064,-0.8256265011392068
1,M->N,1787463359.9859192,6.998831842967775,75.6,-7.602693461925413,-0.3944559730439783,-0.8340224815629907
1,M->N,1787463360.0613112,7.074223271978553,75.7,-7.5908435254847255,-0.40760368815232473,-0.8420068533308722
1,M->N,1787463360.1361,7.149013025977183,75.7,-7.5790974738046755,-0.4208439152576065,-0.8496595157560874
1,M->N,1787463360.2731988,7.286111267982051,75.8,-7.567451785335047,-0.4341719906103754,-0.8569313769440734
1,M->N,1787463360.408876,7.421787949977443,76.0,-7.555901313320691,-0.44758166400635935,-0.8638246831897348
1,M->N,1787463360.4167666,7.4296784029575065,76.0,-7.544442123965837,-0.4610681560517913,-0.8703574220763154
1,M->N,1787463360.485636,7.498548530973494,76.0,-7.533069706610073,-0.47462620239861447,-0.8764348246271526
1,M->N,1787463360.6248841,7.637796570954379,76.1,-7.521778927424683,-0.48825106269317875,-0.8821862172305263
1,M->N,1787463360.6386015,7.651513511955272,76.2,-7.510565428445713,-0.5019385781538308,-0.8875884576611329
1,M->N,1787463360.7131991,7.726111680967733,76.2,-7.499424385344379,-0.5156841350550632,-0.8926684933434199
1,M->N,1787463360.850572,7.863484314002562,76.3,-7.488351907174045,-0.5294837143847778,-0.8973881808109204
1,M->N,1787463360.9870086,7.999920934962574,76.4,-7.477343309790523,-0.543332648472165,-0.9016642000523711
1,M->N,1787463361.1236572,8.136569871974643,76.5,-7.4663925838785365,-0.5572263146942785,-0.9056014126977211
1,M->N,1787463361.1380553,8.150967391964514,76.6,-7.45549496466335,-0.5711612286391117,-0.9092153701281077
1,M->N,1787463361.1495707,8.162482974003069,76.6,-7.444645577838038,-0.5851332232920496,-0.9124241941462964
1,M->N,1787463361.220997,8.233909906994086,76.6,-7.433839309662087,-0.5991380123967543,-0.9152729136415976
1,M->N,1787463361.3589258,8.371838921972085,76.7,-7.423071783412996,-0.6131717747029357,-0.9178243950858795
1,M->N,1787463361.496878,8.509790778975002,76.9,-7.412339262993347,-0.6272312270516387,-0.9200922869640217
1,M->N,1787463361.5738413,8.586754102958366,76.9,-7.401636885281872,-0.6413121606543681,-0.9219770559725201
1,M->N,1787463361.5887566,8.60166870499961,77.0,-7.39095977391905,-0.6554113098643499,-0.9236044425683018
1,M->N,1787463361.6634462,8.676358661963604,77.0,-7.380304843233,-0.6695263175832952,-0.9249486749010749
1,M->N,1787463361.7385006,8.7514131719945,77.1,-7.369667784714438,-0.683653681352532,-0.9260111003067203
1,M->N,1787463361.8753953,8.88830827199854,77.2,-7.3590446691426195,-0.6977902287817747,-0.9267566060858927
1,M->N,1787463361.8884656,8.9013774979976,77.2,-7.3484302996238515,-0.7119320146689871,-0.9271431627863949
1,M->N,1787463361.9614165,8.974329054006375,77.2,-7.337820496591838,-0.7260767371920592,-0.9272967856049603
1,M->N,1787463362.0972376,9.110150071966927,77.3,-7.327211408945855,-0.7402217015974923,-0.9271539194669902
1,M->N,1787463362.2329433,9.245856169960462,77.4,-7.316598684110198,-0.7543639743788036,-0.92677876792032
1,M->N,1787463362.307867,9.320779333007522,77.5,-7.305979543139351,-0.7685011332356627,-0.9261808630158169
1,M->N,1787463362.4444246,9.457336905004922,77.6,-7.295350975716531,-0.7826303076065191,-0.9253325457318123
1,M->N,1787463362.5919425,9.604855648009107,77.7,-7.284709580569254,-0.7967487781063143,-0.9242516407971272
1,M->N,1787463362.6076047,9.6205168729648,77.8,-7.274052232621461,-0.8108542392983101,-0.9229425759675556
1,M->N,1787463362.6199398,9.63285208196612,77.8,-7.263375493510494,-0.8249443691355558,-0.9214350406111493
1,M->N,1787463362.6310441,9.643956374959089,77.8,-7.252676447138924,-0.8390168481770873,-0.9196930836813559
1,M->N,1787463362.767524,9.780437816982158,77.9,-7.2419522844078195,-0.8530693397058731,-0.9177633363476646
1,M->N,1787463362.905334,9.918247235997114,78.0,-7.231200778752885,-0.8670997173089589,-0.9156321977496565
1,M->N,1787463363.0433187,10.056231238006148,78.1,-7.220418235146986,-0.8811054372211274,-0.9132983065571576
1,M->N,1787463363.0570464,10.069959441956598,78.2,-7.209602260954579,-0.8950853595520014,-0.9108383838848776
1,M->N,1787463363.130799,10.143712054006755,78.2,-7.198750780982343,-0.9090380238418987,-0.9081755188166989
1,M->N,1787463363.206192,10.219104624993633,78.3,-7.187861365187932,-0.9229613310837866,-0.9053686574011426
1,M->N,1787463363.344467,10.357379357970785,78.3,-7.176932060461018,-0.9368531172481409,-0.9024043873204745
1,M->N,1787463363.4196556,10.432568568969145,78.4,-7.165961077341761,-0.9507113174007419,-0.8993019268123765
1,M->N,1787463363.434152,10.44706417695852,78.5,-7.1549469312046385,-0.9645344548176661,-0.8960720055947518
1,M->N,1787463363.5715764,10.584488849970512,78.5,-7.14388745674227,-0.9783205270886861,-0.892645769894835
1,M->N,1787463363.7081716,10.721084377961233,78.6,-7.132780297413121,-0.9920676391483598,-0.889067309480951
1,M->N,1787463363.845433,10.858346209977753,78.8,-7.121623573369981,-1.0057740711579475,-0.8853635063150241
1,M->N,1787463363.8592486,10.872161009989213,78.8,-7.110415649458445,-1.0194380416160047,-0.8815277511659279
1,M->N,1787463363.8713226,10.88423463999061,78.8,-7.099154995305533,-1.0330576370203894,-0.8775044239366244
1,M->N,1787463363.8827605,10.895673018996604,78.8,-7.087838857737058,-1.0466308108405415,-0.8733322037604807
1,M->N,1787463364.0194151,11.032327992958017,78.9,-7.076465476123031,-1.0601561839896922,-0.8690327851472259
1,M->N,1787463364.1608236,11.173735919990577,79.0,-7.065033131475879,-1.0736318169948418,-0.8645431633995577
1,M->N,1787463364.2390053,11.251917619956657,79.1,-7.053539441582551,-1.0870550787048252,-0.8598917319239013
1,M->N,1787463364.2511501,11.264062450965866,79.1,-7.041982745436853,-1.1004237487221986,-0.8550850279674083
1,M->N,1787463364.324856,11.33776892896276,79.1,-7.030361618899909,-1.113735882971977,-0.8501817945080573
1,M->N,1787463364.462275,11.475187590986025,79.3,-7.018675266775556,-1.126990091007679,-0.8451369873178382
1,M->N,1787463364.6005995,11.613512312003877,79.4,-7.006921403618873,-1.1401836269474124,-0.8398777325338118
1,M->N,1787463364.737873,11.750785509007983,79.5,-6.995097548663205,-1.1533140515424667,-0.8344689916582462
1,M->N,1787463364.8749757,11.887888375960756,79.6,-6.983202227940321,-1.1663790749913854,-0.8288422897054089
1,M->N,1787463364.9516397,11.964551729965024,79.7,-6.971233219248485,-1.179375919028442,-0.8230664037909511
1,M->N,1787463364.96353,11.976442429993767,79.7,-6.959188735116069,-1.1923021579848232,-0.8171308793940075
1,M->N,1787463364.9742513,11.987163507961668,79.7,-6.9470671769768115,-1.2051557802926456,-0.8110377769337372
1,M->N,1787463364.983651,11.996563313994557,79.7,-6.934866929636305,-1.21793445982766,-0.8047651160363843
1,M->N,1787463365.0580072,12.070919642981607,79.8,-6.922585637895127,-1.2306349535730416,-0.7982780539888481
1,M->N,1787463365.1330144,12.145927188976202,79.8,-6.910221615188568,-1.2432545824135859,-0.7916348396796639
1,M->N,1787463365.269939,12.282851795956958,79.9,-6.897773636149405,-1.2557911869153016,-0.784853413354542
1,M->N,1787463365.3466234,12.359535763971508,80.0,-6.8852404113803445,-1.268242009325478,-0.7779052495546476
1,M->N,1787463365.4207766,12.433689048979431,80.0,-6.8726205307473345,-1.280604461717888,-0.7708378244000169
1,M->N,1787463365.5561123,12.569025098986458,80.1,-6.859913270540235,-1.2928765469445584,-0.7636678662427546
1,M->N,1787463365.6964483,12.709361221990548,80.2,-6.847118315868458,-1.3050566281152187,-0.7563875606810044
1,M->N,1787463365.8334618,12.846374748973176,80.4,-6.834234764674566,-1.3171424491129815,-0.7489797891944693
1,M->N,1787463365.848086,12.860998400952667,80.4,-6.821261621508829,-1.3291316674072575,-0.7414829190637195
1,M->N,1787463365.8592548,12.872166996006854,80.4,-6.808198701869069,-1.341023023627036,-0.7339135351924825
1,M->N,1787463365.9314518,12.944364659953862,80.4,-6.7950460806072455,-1.3528151266214496,-0.726315251362191
1,M->N,1787463366.0686848,13.081597751006484,80.5,-6.7818041295384095,-1.3645067831395152,-0.7186942378372334
1,M->N,1787463366.082249,13.095161298988387,80.6,-6.768473500835685,-1.376096879652739,-0.711054387486236
1,M->N,1787463366.1562965,13.169208841980435,80.6,-6.7550550033670085,-1.3875850400747487,-0.7034257529711775
1,M->N,1787463366.292835,13.305747995967977,80.7,-6.74154958465299,-1.3989707700113374,-0.6958316850904417
1,M->N,1787463366.4307373,13.443650215980597,80.9,-6.727957924423616,-1.4102535980144437,-0.6882895240207517
1,M->N,1787463366.5682654,13.581178396998439,81.0,-6.714281750779891,-1.4214344706473097,-0.6808198035719698
1,M->N,1787463366.7080433,13.720956108008977,81.1,-6.70052283675099,-1.4325138238995163,-0.6734402748447554
1,M->N,1787463366.7830398,13.795952457992826,81.2,-6.686682587000162,-1.4434919858752537,-0.6661621891580911
1,M->N,1787463366.7966933,13.809606086986605,81.2,-6.672763185970483,-1.4543698844184,-0.6590429244891449
1,M->N,1787463366.8085504,13.821463125990704,81.2,-6.658767173165179,-1.4651495451600633,-0.6520690587234645
1,M->N,1787463366.818982,13.831893808965106,81.2,-6.644696787354507,-1.475832583877794,-0.6452411005805148
1,M->N,1787463366.9544194,13.967332191008609,81.3,-6.630554251295491,-1.4864202516159264,-0.638577353891363
1,M->N,1787463367.0296817,14.042594528989866,81.4,-6.616342046045489,-1.4969149401929085,-0.6321253850154476
1,M->N,1787463367.1672208,14.180134022957645,81.5,-6.602063084498648,-1.507319233945403,-0.6258993413834637
1,M->N,1787463367.1827502,14.195662320009433,81.6,-6.587720147559587,-1.5176354458056842,-0.619856265056575
1,M->N,1787463367.2563794,14.269292143988423,81.6,-6.5733158041815525,-1.5278665112218972,-0.6140729807269155
1,M->N,1787463367.393985,14.406897765991744,81.7,-6.558853191262007,-1.538015884437087,-0.6085058712438437
1,M->N,1787463367.531022,14.543934685003478,81.8,-6.544334480743203,-1.5480860695238574,-0.6031507533923559
1,M->N,1787463367.5454924,14.558404918992892,81.8,-6.529762337429002,-1.558080372471103,-0.5980486332050589
1,M->N,1787463367.5588546,14.57176681398414,81.9,-6.515139542324745,-1.568001782996019,-0.593166442170286
1,M->N,1787463367.6967232,14.709635870996863,81.9,-6.500468879367734,-1.5778534076807567,-0.5885002071385265
1,M->N,1787463367.7723804,14.785293275956064,82.0,-6.485752801882293,-1.5876377177481313,-0.5840159438172009
1,M->N,1787463367.7857862,14.798698662954848,82.0,-6.470993721998538,-1.5973572196799528,-0.5797095649459781
1,M->N,1787463367.9218004,14.93471383297583,82.1,-6.456193286103127,-1.607014317064056,-0.5756032413244042
1,M->N,1787463368.0593312,15.072244277980644,82.2,-6.441353720012747,-1.6166119217855226,-0.5717263646134227
1,M->N,1787463368.1964343,15.209346616989933,82.3,-6.426477572956992,-1.6261531158338,-0.5680197715976787
1,M->N,1787463368.2713892,15.284301890002098,82.4,-6.411566665597334,-1.6356399787321618,-0.5644209964044707
1,M->N,1787463368.2846746,15.297587164968718,82.5,-6.396622139525454,-1.6450742897992074,-0.561003995394831
1,M->N,1787463368.2975655,15.310477987979539,82.5,-6.381645567092131,-1.6544581959395341,-0.5576971868084034
1,M->N,1787463368.4335096,15.446423002984375,82.5,-6.366637889599742,-1.6637932247700793,-0.5544681267864278
1,M->N,1787463368.5699008,15.582813360961154,82.6,-6.351600088950304,-1.6730807432921133,-0.5513119969533061
1,M->N,1787463368.649732,15.662644816969987,82.7,-6.336532837935119,-1.682321201964091,-0.5481985078166788
1,M->N,1787463368.663104,15.676016412966419,82.8,-6.321436744636004,-1.6915147747132393,-0.5450997583056099
1,M->N,1787463368.7996423,15.81255529698683,82.8,-6.306312394688184,-1.7006615375560505,-0.541993247690666
1,M->N,1787463368.9367423,15.949655389005784,82.9,-6.291159869113568,-1.7097609409881378,-0.5388543825054813
1,M->N,1787463369.0740075,16.086920209985692,83.0,-6.275978940581115,-1.718812169147105,-0.5356464125652773
1,M->N,1787463369.0871441,16.100056208961178,83.1,-6.26076918690518,-1.7278141470802975,-0.5323802947847631
1,M->N,1787463369.0979571,16.110869080002885,83.1,-6.24553032532736,-1.7367656579962873,-0.5290047922437242
1,M->N,1787463369.1101336,16.123046141001396,83.1,-6.23026141346241,-1.7456647177886209,-0.525525376238631
1,M->N,1787463369.2461607,16.25907312700292,83.2,-6.214961570242983,-1.7545095149328307,-0.5219130505378774
1,M->N,1787463369.3822167,16.395130031974986,83.3,-6.199629625034038,-1.7632984180511813,-0.5182136088767081
1,M->N,1787463369.4583693,16.471282543963753,83.4,-6.184264808499919,-1.7720299091927743,-0.5143267384881197
1,M->N,1787463369.5340967,16.547009204979986,83.5,-6.168865456395418,-1.7806999731108706,-0.5101880142031119
1,M->N,1787463369.6083815,16.621293775970116,83.5,-6.153429869054828,-1.7893050148248428,-0.5058921725881171
1,M->N,1787463369.6212547,16.634166575968266,83.5,-6.137957325423329,-1.7978423826819894,-0.5013854832986278
1,M->N,1787463369.7590406,16.771953232993837,83.6,-6.122446499221456,-1.8063078595551447,-0.4966076599539715
1,M->N,1787463369.8346488,16.8475610629539,83.7,-6.106895542383669,-1.814697822787265,-0.4916500458374993
1,M->N,1787463369.8468697,16.859781879989896,83.7,-6.091303148937679,-1.8230087241087185,-0.4864517295818336
1,M->N,1787463369.9829917,16.995904246985447,83.8,-6.075667812346714,-1.83123702094933,-0.4810753319923282
1,M->N,1787463370.1208138,17.133726953004953,83.9,-6.0599884886314985,-1.8393787963391013,-0.4753782756229042
1,M->N,1787463370.260663,17.273575340979733,84.0,-6.044263252439939,-1.8474294855010296,-0.469452149098225
1,M->N,1787463370.3366811,17.349593655962963,84.1,-6.028490670085954,-1.8553852266644593,-0.4632812499124793
1,M->N,1787463370.3499343,17.362846630974673,84.1,-6.0126688141552425,-1.8632412139218058,-0.4568128685083175
1,M->N,1787463370.3606849,17.37359693698818,84.1,-5.9967960260528645,-1.8709933712488682,-0.4501178505096064
1,M->N,1787463370.4964979,17.509410198952537,84.2,-5.980871249223057,-1.878637627415353,-0.44318358017364684
1,M->N,1787463370.572386,17.58529845700832,84.3,-5.964893470977984,-1.8861698371717142,-0.43603036404448936
1,M->N,1787463370.585529,17.59844108298421,84.3,-5.948862491388347,-1.8935860142562229,-0.42862863625595904
1,M->N,1787463370.7212534,17.73416587797692,84.4,-5.9327772422893466,-1.900880542176178,-0.4208839659357065
1,M->N,1787463370.8604386,17.87335076200543,84.5,-5.916636386408327,-1.9080485905229354,-0.4129209421515348
1,M->N,1787463370.9974508,18.01036318799015,84.6,-5.900439396423573,-1.9150859392445396,-0.40467451486160055
1,M->N,1787463371.1417263,18.15463872096734,84.7,-5.884185286818814,-1.9219876777391927,-0.3961855753176605
1,M->N,1787463371.1548493,18.1677615600056,84.8,-5.8678735583326604,-1.9287487879451526,-0.38742838876842345
1,M->N,1787463371.1667745,18.179686511983164,84.8,-5.851503622693729,-1.9353657780157107,-0.37852078883523294
1,M->N,1787463371.177089,18.190000895003323,84.8,-5.835075657841079,-1.941835697701697,-0.36940892431369704
1,M->N,1787463371.3131425,18.326055276964325,84.9,-5.819492829847682,-1.947815333091201,-0.3631253594694832
1,M->N,1787463371.3877108,18.400623058958445,84.9,-5.806028463578973,-1.9529668204086181,-0.3698868632666655
1,M->N,1787463371.4646797,18.477592335955705,85.0,-5.791056668720538,-1.9587838353411364,-0.3696990466805787
1,M->N,1787463371.6015134,18.614426365995314,85.1,-5.775521223756056,-1.9647472506762074,-0.35899524623947876
1,M->N,1787463371.6792495,18.692161640967242,85.2,-5.761969628428971,-1.9697536020358715,-0.3448834849700526
1,M->N,1787463371.6923218,18.705233971006237,85.2,-5.748431269548862,-1.9745533680319918,-0.33376290516913026
1,M->N,1787463371.8310153,18.843928603979293,85.3,-5.734840041721901,-1.9792110047480302,-0.32404569730303123
1,M->N,1787463371.9686642,18.981576661986765,85.4,-5.7217069854757785,-1.9835741450734696,-0.31498493935716376
1,M->N,1787463372.044944,19.057856478961185,85.5,-5.708579180598282,-1.9878065237065254,-0.30627208050703497
1,M->N,1787463372.057525,19.070437152986415,85.5,-5.695415418330399,-1.9919247896803074,-0.2976712661651096
1,M->N,1787463372.1308525,19.14376512495801,85.5,-5.682216794237036,-1.9959293673120344,-0.2891035047879245
1,M->N,1787463372.2672837,19.280196023988537,85.6,-5.669476620038457,-1.9996769800627707,-0.2806833942323656
1,M->N,1787463372.4052122,19.418125299969688,85.7,-5.656748326671567,-2.003306232630428,-0.2724361658029551
1,M->N,1787463372.5429933,19.555906105961185,85.9,-5.643990651032728,-2.0068304228460043,-0.26424175076400847
1,M->N,1787463372.5565145,19.569426602975,85.9,-5.627732835666616,-2.0111658373239147,-0.253673591311072
1,M->N,1787463372.5680742,19.58098638500087,85.9,-5.610634341973997,-2.015515493459835,-0.24142240526374745
1,M->N,1787463372.640931,19.6538434799877,85.9,-5.593481667307519,-2.019663441635758,-0.23005951133044344
1,M->N,1787463372.7169423,19.729854700970463,86.1,-5.576282132062758,-2.0236186348946323,-0.21903168859020317
1,M->N,1787463372.8555434,19.868456150987186,86.1,-5.559986706461895,-2.0271805176598416,-0.20771436715001734
1,M->N,1787463372.9939756,20.006888440984767,86.2,-5.54574796025734,-2.0301144265117603,-0.19544530274807942
1,M->N,1787463373.1305614,20.14347423898289,86.3,-5.531551995076171,-2.03287120566453,-0.18562123211866774
1,M->N,1787463373.1453977,20.158309920981992,86.4,-5.516363063916553,-2.035670297358069,-0.17652826589983123
1,M->N,1787463373.1558454,20.16875769395847,86.4,-5.4991030957300415,-2.0386792819134345,-0.16568770458490406
1,M->N,1787463373.2273579,20.240270567999687,86.4,-5.481686317552474,-2.0415237764449996,-0.15540914339269052
1,M->N,1787463373.3629632,20.375875830999576,86.5,-5.464238830066424,-2.0441936031424666,-0.14563553989289899
1,M->N,1787463373.4999886,20.51290190097643,86.6,-5.446765861613159,-2.046694472175593,-0.13607107124974527
1,M->N,1787463373.6389995,20.651912241999526,86.7,-5.429270119936203,-2.049028563587157,-0.12667134430579557
1,M->N,1787463373.6516066,20.66451876895735,86.8,-5.411753403763691,-2.0511984216777885,-0.11741020551674748
1,M->N,1787463373.6626952,20.675607307988685,86.8,-5.394217106798336,-2.0532075052752714,-0.10828917760050469
1,M->N,1787463373.7346601,20.747573358006775,86.8,-5.3766626767008345,-2.055057491425587,-0.09923992560255045
1,M->N,1787463373.8733494,20.886261991981883,86.9,-5.359091548853688,-2.0567490240221242,-0.09028708246440109
1,M->N,1787463374.0118783,21.02479090198176,87.1,-5.341505741858848,-2.0582832284590165,-0.08139265454683127
1,M->N,1787463374.1491263,21.162038868991658,87.2,-5.323907486338778,-2.059661006403708,-0.07251678041193658
1,M->N,1787463374.1653266,21.178239208005834,87.2,-5.306297966017989,-2.060882682173678,-0.06364743992664276
1,M->N,1787463374.1818492,21.194761684979312,87.2,-5.288678596234419,-2.0619482463599312,-0.05476039670005234
1,M->N,1787463374.257254,21.270166597969364,87.2,-5.271050581268506,-2.062856303857808,-0.04581755797160077
1,M->N,1787463374.3943694,21.407282255007885,87.3,-5.25341526095569,-2.063606092739948,-0.03679174917471916
1,M->N,1787463374.5317469,21.544660085986834,87.5,-5.235774226686146,-2.0641961980230588,-0.0276428824028188
1,M->N,1787463374.5450258,21.557937879988458,87.5,-5.218129120569853,-2.0646237730127517,-0.01832705440932375
1,M->N,1787463374.5580623,21.570974347006995,87.5,-5.200481505619836,-2.0648855518843563,-0.008828572251359272
1,M->N,1787463374.6958928,21.708805412985384,87.6,-5.182833236989323,-2.0649776023607003,0.0009325818886812332
1,M->N,1787463374.8331378,21.846050171006937,87.7,-5.165185676523488,-2.0648959977654786,0.010871497278295002
1,M->N,1787463374.9725082,21.985421238001436,87.8,-5.147540743414057,-2.064637794402039,0.021081360179248266
1,M->N,1787463375.1092083,22.12212107598316,87.9,-5.1299005725962035,-2.0641969694848457,0.031618896622008
1,M->N,1787463375.2453282,22.2582416049554,88.0,-5.112266651809591,-2.0635686133171847,0.042364668772792095
1,M->N,1787463375.259601,22.27251357201021,88.1,-5.094641638928468,-2.062748346636359,0.053470517328901686
1,M->N,1787463375.2700555,22.282967379956972,88.1,-5.077027937667691,-2.061730414462018,0.06487198262920385
1,M->N,1787463375.2795596,22.292471819964703,88.1,-5.059427875727139,-2.0605098184088173,0.07655434895142306
1,M->N,1787463375.3502223,22.36313520296244,88.1,-5.041844274231419,-2.0590812438695822,0.0885258496252459
1,M->N,1787463375.4868717,22.499784810002893,88.2,-5.024279939369639,-2.0574404822290013,0.10074848055861307
1,M->N,1787463375.5006366,22.513549077964853,88.3,-5.00673810895116,-2.05558358955125,0.11324337747401012
1,M->N,1787463375.5744812,22.587394653004594,88.3,-4.989222382794567,-2.053505203368132,0.12605849871180236
1,M->N,1787463375.7111166,22.724029336008243,88.4,-4.971736234876452,-2.051200239386963,0.1391825204175536
1,M->N,1787463375.849129,22.86204152996652,88.5,-4.954282824165086,-2.0486640748978013,0.15254651388513624
1,M->N,1787463375.926936,22.939848345005885,88.6,-4.936865559115673,-2.0458932353262798,0.166148457428088
1,M->N,1787463376.0642269,23.077140047971625,88.7,-4.919488027979331,-2.0428840353540987,0.17994111562455928
1,M->N,1787463376.0791028,23.092014613968786,88.8,-4.902154041185039,-2.0396339749267454,0.19390754719546482
1,M->N,1787463376.0908237,23.103735590004362,88.8,-4.884867672100083,-2.0361403749183817,0.20805839353138694
1,M->N,1787463376.1013598,23.114272410981357,88.8,-4.867632635071251,-2.0324011581943604,0.22234135795082213
1,M->N,1787463376.237376,23.25028889195528,88.9,-4.850452573827059,-2.028414971373152,0.2367379085694538
1,M->N,1787463376.3750777,23.38799078995362,89.0,-4.8333314913552625,-2.024180872402528,0.2512250299971089
1,M->N,1787463376.3889909,23.40190304798307,89.0,-4.816273601625857,-2.0196983046462997,0.26578421874882396
1,M->N,1787463376.526238,23.53915143798804,89.1,-4.799283273153258,-2.0149669303607682,0.2803867280546521
1,M->N,1787463376.6652615,23.678174484986812,89.2,-4.782364197430855,-2.009987920214247,0.29500129312651624
1,M->N,1787463376.8028345,23.815747580956668,89.3,-4.765519872695801,-2.0047618450434963,0.30961836214160154
1,M->N,1787463376.880616,23.893528043990955,89.4,-4.748753565843401,-1.999289501045916,0.3242395097558887
1,M->N,1787463376.8932054,23.906117581005674,89.4,-4.732068114205194,-1.993572323884186,0.3387797378321509
1,M->N,1787463376.9044816,23.917393684969284,89.5,-4.7154665596875605,-1.987612953937625,0.3532609805346453
1,M->N,1787463377.0393016,24.05221449700184,89.5,-4.698951996465693,-1.9814135789336076,0.3676792916826671
1,M->N,1787463377.1119397,24.124851808010135,89.6,-4.682526877577939,-1.9749769010749216,0.3819450234996839
1,M->N,1787463377.1852546,24.198167474009097,89.6,-4.666193786026819,-1.968306622337115,0.39608336406506894
1,M->N,1787463377.3221247,24.335037535987794,89.7,-4.649954993679987,-1.9614065094136586,0.41002487624630357
1,M->N,1787463377.4592998,24.472212880966254,89.8,-4.633812839608638,-1.954281241767184,0.42382941854847844
1,M->N,1787463377.5350502,24.54796258598799,90.0,-4.61777004542636,-1.94693417140415,0.4374981754470952
1,M->N,1787463377.5468895,24.559802050993312,90.0,-4.601827942192143,-1.9393697323864383,0.45089222633101217
1,M->N,1787463377.6822963,24.695209124009125,90.0,-4.585987457278929,-1.931593472028293,0.4640790118350683
1,M->N,1787463377.7584646,24.771377593977377,90.1,-4.5702494487115475,-1.9236104032631323,0.4770252057654934
1,M->N,1787463377.836097,24.849009781959467,90.2,-4.554614968153578,-1.9154252516239128,0.48972110206118735
1,M->N,1787463377.977939,24.99085191998165,90.3,-4.539083751508869,-1.9070437210198175,0.5021116842249449
1,M->N,1787463378.0549266,25.067839327966794,90.4,-4.523655644055198,-1.8984712021390768,0.5142981595442019
1,M->N,1787463378.0672557,25.08016836695606,90.4,-4.508331326512189,-1.8897112567633816,0.526296050302574
1,M->N,1787463378.0790799,25.09199222800089,90.4,-4.493110591208445,-1.8807687634151755,0.5379966537371902
1,M->N,1787463378.1529148,25.16582783596823,90.4,-4.4779929338094515,-1.8716502464173965,0.5493580982960206
1,M->N,1787463378.290679,25.303591698000673,90.5,-4.462977653000242,-1.8623622436912053,0.5603536366455727
1,M->N,1787463378.4276285,25.44054146797862,90.6,-4.448063575363822,-1.8529115686401287,0.5710425103210759
1,M->N,1787463378.5649798,25.57789249497,90.8,-4.43324975657566,-1.8433034707200178,0.5814169675679406
1,M->N,1787463378.5784895,25.591402140969876,90.8,-4.4185348633637815,-1.8335436507846399,0.5914994729137614
1,M->N,1787463378.5893013,25.60221325996099,90.8,-4.403917092848494,-1.8236373215850137,0.6012671601766475
1,M->N,1787463378.66196,25.67487235995941,90.8,-4.389394498489789,-1.813590561966003,0.6106628042531148
1,M->N,1787463378.7991288,25.8120421859785,90.9,-4.3749649988726675,-1.8034093256484236,0.6197426951372469
1,M->N,1787463378.938182,25.95109504897846,91.1,-4.36062659629339,-1.7930986941229403,0.6285086775524875
1,M->N,1787463379.0779963,26.090909120975994,91.2,-4.346377346235291,-1.7826636684196906,0.6370521200031257
1,M->N,1787463379.215838,26.228751170972828,91.3,-4.332215556147831,-1.7721082976083955,0.6453013773716946
1,M->N,1787463379.2907262,26.30363886099076,91.4,-4.318138643654545,-1.7614380703200583,0.6532035703315174
1,M->N,1787463379.3029027,26.315814984962344,91.4,-4.304144842134092,-1.7506578995399456,0.660844725166376
1,M->N,1787463379.3143284,26.327241125982255,91.4,-4.29023188971349,-1.7397722787848775,0.6681489901623968
1,M->N,1787463379.3245194,26.337431596999522,91.4,-4.276396848346933,-1.728786738800102,0.6751782537763854
1,M->N,1787463379.3970602,26.409972249995917,91.5,-4.262637762225128,-1.7177054188994223,0.6819547208894617
1,M->N,1787463379.4689088,26.48182138300035,91.5,-4.248952406222398,-1.7065324487150264,0.688486354107401
1,M->N,1787463379.6057298,26.618642286979593,91.6,-4.235339074065881,-1.6952710386643284,0.6948005196031698
1,M->N,1787463379.6816647,26.69457751797745,91.7,-4.221795222675379,-1.683925174523082,0.7008062448722249
1,M->N,1787463379.7558494,26.768762709980365,91.7,-4.208317955943467,-1.6724993798659904,0.7065590474678977
1,M->N,1787463379.8924968,26.90541041700635,91.8,-4.194905038244236,-1.660997066421995,0.7120575315692879
1,M->N,1787463380.0320172,27.044929786003195,91.9,-4.181553820863447,-1.6494222126348168,0.7173146123361964
1,M->N,1787463380.1075203,27.12043305899715,92.0,-4.168261894903062,-1.6377783282645653,0.722296743235926
1,M->N,1787463380.2458365,27.258749464002904,92.1,-4.155026585384109,-1.6260694635591073,0.7270522015318195
1,M->N,1787463380.2599463,27.272858665965032,92.2,-4.141845726774062,-1.6142985309851383,0.7316044854074195
1,M->N,1787463380.332416,27.345328387978952,92.2,-4.128717007578759,-1.60246877189873,0.7359039712311929
1,M->N,1787463380.468323,27.481236049963627,92.3,-4.115637966102539,-1.5905834739075195,0.7400135164401074
1,M->N,1787463380.5431132,27.55602572800126,92.4,-4.102606463711496,-1.5786454066347093,0.7439241182941015
1,M->N,1787463380.554602,27.567514164955355,92.4,-4.089620450506914,-1.5666569815616496,0.7476533574921708
1,M->N,1787463380.5661817,27.57909384096274,92.4,-4.076678202183126,-1.5546205879131025,0.7512135997564023
1,M->N,1787463380.7015603,27.714472931984346,92.5,-4.063777466899735,-1.5425389615445344,0.7545907653356578
1,M->N,1787463380.777387,27.790299045969732,92.6,-4.050916167110313,-1.530414626831343,0.7577841349896237
1,M->N,1787463380.789394,27.802306126977783,92.6,-4.038092686048709,-1.5182499393452655,0.7608078223852324
1,M->N,1787463380.9244652,27.937377908965573,92.7,-4.02530489590922,-1.5060473568517019,0.7636438579951383
1,M->N,1787463381.0640337,28.076946424960624,92.8,-4.012550989221299,-1.4938091743646067,0.7663456092375591
1,M->N,1787463381.1399622,28.152875309984665,92.9,-3.999829341860042,-1.4815372592019567,0.7688981261582815
1,M->N,1787463381.1522305,28.165142662997823,92.9,-3.9871384048744614,-1.4692334357858399,0.7713381094364506
1,M->N,1787463381.2874942,28.300406711001415,93.0,-3.9744764185108523,-1.4568993739087408,0.7735966196751967
1,M->N,1787463381.426998,28.439913628972135,93.1,-3.9618410947932703,-1.4445371365318644,0.775712117748446
1,M->N,1787463381.508628,28.521540715999436,93.2,-3.9492307849237047,-1.4321485040116813,0.777678816238506
1,M->N,1787463381.521832,28.53474421298597,93.2,-3.9366439271254245,-1.4197353190171467,0.7795365579292997
1,M->N,1787463381.5941234,28.607035802968312,93.2,-3.9240791932059884,-1.4072991806685167,0.7812886471989379
1,M->N,1787463381.7300532,28.742965509009082,93.3,-3.9115355657659725,-1.3948414085242753,0.7829290070293661
1,M->N,1787463381.8664258,28.879339272971265,93.5,-3.8990119542283512,-1.3823633852890362,0.7844728966112817
1,M->N,1787463381.8797042,28.892616723955143,93.5,-3.8865070867415157,-1.3698665553268492,0.7859376488625398
1,M->N,1787463381.8908477,28.90375984896673,93.5,-3.874019807956232,-1.3573519068916013,0.7872971760474334
1,M->N,1787463382.0267105,29.039624035998713,93.6,-3.8622650543747232,-1.3455372717165657,0.7895086481906359
1,M->N,1787463382.1671438,29.180057336983737,93.7,-3.853335851731393,-1.3364860416218456,0.7966330160024728
1,M->N,1787463382.248401,29.261313577007968,93.8,-3.845378007707806,-1.3283348298469717,0.7962832280445323
1,M->N,1787463382.3920338,29.404946358001325,93.9,-3.8352399778674804,-1.3181855604939698,0.7667303526522016
1,M->N,1787463382.4108188,29.42373121198034,93.9,-3.8251055349465806,-1.3087358884594342,0.7300936964406644
1,M->N,1787463382.615107,29.62801938597113,94.0,-3.8145022342400443,-1.299543759679792,0.6944115288688796
1,M->N,1787463382.753852,29.766764123982284,94.2,-3.8030451221921164,-1.2903133638732769,0.6582081811328584
1,M->N,1787463382.7634864,29.77639833599096,94.2,-3.7943044891748112,-1.283721947432532,0.6294807455983228
1,M->N,1787463382.8348022,29.84771505597746,94.2,-3.785177215425646,-1.277225392867858,0.6041079388604068
1,M->N,1787463382.9715664,29.98447904299246,94.3,-3.775691878525116,-1.2708159006070494,0.5807410481119961
1,M->N,1787463383.1080084,30.120921114983503,94.4,-3.765894060835975,-1.2645205834936586,0.5580480805313602
1,M->N,1787463383.1832805,30.196192989009432,94.5,-3.7557794233903166,-1.2583386405376233,0.535705608154402
1,M->N,1787463383.3232636,30.336176256998442,94.6,-3.74537156658833,-1.2522907275440323,0.5135910035804467
1,M->N,1787463383.4610353,30.4739479359705,94.7,-3.7346237819917114,-1.2463581256046117,0.49165180748838594
1,M->N,1787463383.5981405,30.611053134955,94.8,-3.723603865584721,-1.2405860505197772,0.4698587437887425
1,M->N,1787463383.613478,30.626390782999806,94.9,-3.7122622193666084,-1.2349551464249195,0.44818978730046033
1,M->N,1787463383.6253858,30.638297767960466,94.9,-3.700604578420646,-1.2294780273456838,0.42662641329308637
1,M->N,1787463383.6359031,30.64881525799865,94.9,-3.6885669322097145,-1.2241356760644857,0.40515162574255004
1,M->N,1787463383.7081246,30.721037430979777,94.9,-3.6761137565745137,-1.2189246687261281,0.3837492874590904
1,M->N,1787463383.8531916,30.866104663000442,95.1,-3.663306000549149,-1.2138844241972204,0.3624030174481729
1,M->N,1787463383.9294057,30.942318273009732,95.2,-3.6496755532348266,-1.2088541111063003,0.3418674245731342
1,M->N,1787463384.0058205,31.018733277975116,95.2,-3.633077774331583,-1.2030959426681556,0.32280793336585256
1,M->N,1787463384.019343,31.03225534595549,95.2,-3.6162223969011476,-1.1975870366851178,0.3059369418347694
1,M->N,1787463384.1559508,31.168863375962246,95.3,-3.5992834804806946,-1.1923530289992474,0.29054765297133417
1,M->N,1787463384.2955399,31.3084526679595,95.4,-3.582270502855413,-1.1873749720085829,0.27596034805234043
1,M->N,1787463384.429009,31.441921218007337,95.5,-3.56519135796787,-1.182639865327821,0.2623421759312355
1,M->N,1787463384.4375947,31.45050691999495,95.6,-3.54805242342108,-1.1781328592970746,0.24943260608643228
1,M->N,1787463384.4460104,31.458922354970127,95.6,-3.530860221644738,-1.1738414034845663,0.2374321496695153
1,M->N,1787463384.45424,31.467151931952685,95.6,-3.51362005033006,-1.1697521610447155,0.22607759115283033
1,M->N,1787463384.5895836,31.602518786967266,95.7,-3.496337412877652,-1.1658537143711571,0.21552073033699254
1,M->N,1787463384.7288413,31.741753684007563,95.8,-3.479018748744736,-1.162130784859907,0.2059901847984788
1,M->N,1787463384.7434993,31.756411843001842,95.8,-3.461668275360298,-1.1585687363729371,0.1972346650937282
1,M->N,1787463384.882564,31.895477457961533,95.9,-3.444291194484315,-1.1551531750047483,0.18934887609501155
1,M->N,1787463385.0196273,32.03253985097399,96.0,-3.426892068770048,-1.1518691232736522,0.18232020765086435
1,M->N,1787463385.157806,32.17071902996395,96.1,-3.4094754013031614,-1.1487015503808067,0.1763269880481143
1,M->N,1787463385.236332,32.24924472998828,96.2,-3.392058327556698,-1.14563507683379,0.17066828947547005
1,M->N,1787463385.2492907,32.26220314798411,96.2,-3.3746208223184615,-1.1426768020893343,0.16542138408367127
1,M->N,1787463385.2613008,32.274213230004534,96.2,-3.357210769585738,-1.1397272815330781,0.1738668492356428
1,M->N,1787463385.3962693,32.40918233495904,96.3,-3.339852546482472,-1.1365903150141992,0.18691713592944523
1,M->N,1787463385.533797,32.54670983599499,96.4,-3.322543725635485,-1.1332161846361986,0.20153925686266355
1,M->N,1787463385.673441,32.686353708966635,96.5,-3.3052897624764435,-1.1295834554804152,0.21696930822999944
1,M->N,1787463385.6873176,32.70022998796776,96.6,-3.288094838506772,-1.1256820715137958,0.2327309619308377
1,M->N,1787463385.7627938,32.77570594497956,96.7,-3.2709635411754117,-1.121507832354917,0.24866180323598422
1,M->N,1787463385.838719,32.85163221595576,96.7,-3.253900386577472,-1.117059882956708,0.2646883795868047
1,M->N,1787463385.9147797,32.927691968972795,96.8,-3.2369104636268924,-1.1123383034789323,0.28074638919898254
1,M->N,1787463386.0531404,33.066053202957846,96.8,-3.2199987395022722,-1.1073444478441317,0.29679900739863085
1,M->N,1787463386.1282675,33.141180047008675,96.9,-3.2031699792685244,-1.1020798306045716,0.3128065337640841
1,M->N,1787463386.1416743,33.15458710899111,97.0,-3.186427993254121,-1.09654615705451,0.32875382335526454
1,M->N,1787463386.2160463,33.22895862598671,97.0,-3.16977578583537,-1.090746338433032,0.34459552772696106
1,M->N,1787463386.2904177,33.30333017196972,97.0,-3.1532161541103645,-1.0846839299716626,0.3602574454786179
1,M->N,1787463386.4265902,33.43950372398831,97.1,-3.136756890843654,-1.0783437487994492,0.37968828383764636
1,M->N,1787463386.4407365,33.45364882197464,97.2,-3.1204527158947313,-1.071667319456848,0.40206514034999496
1,M->N,1787463386.5124664,33.52537870098604,97.2,-3.1043063020226915,-1.0646193359460538,0.425396471024669
1,M->N,1787463386.5857072,33.59861962497234,97.3,-3.088327105644644,-1.057194126135005,0.448623481008803
1,M->N,1787463386.724853,33.73776568000903,97.4,-3.0725202751851484,-1.049401903254145,0.47131024678682826
1,M->N,1787463386.8609705,33.873882582003716,97.5,-3.056891222093266,-1.0412548567532836,0.4934901974335416
1,M->N,1787463386.9975288,34.01044212596025,97.6,-3.0414421381581414,-1.0327662917873581,0.5148289244057458
1,M->N,1787463387.1376636,34.15057614899706,97.7,-3.026172719214197,-1.0239541655985074,0.5354285251092685
1,M->N,1787463387.2159374,34.22885008796584,97.8,-3.011057059668602,-1.014813089857946,0.5555018120947117
1,M->N,1787463387.2273943,34.240306644991506,97.8,-2.9961379370736556,-1.0054004994086698,0.5726985997322461
1,M->N,1787463387.2406633,34.253575890965294,97.8,-2.981373073991214,-0.9957430014174586,0.5881428580825019
1,M->N,1787463387.3152502,34.32816327596083,97.9,-2.9667511958676753,-0.9858645958672693,0.602441518611432
1,M->N,1787463387.3315158,34.344428588985465,97.9,-2.9522663906470323,-0.9757814238585364,0.6158926798114901
1,M->N,1787463387.468939,34.481851768970955,98.0,-2.9379125881730945,-0.9655076705195748,0.6285312955829677
1,M->N,1787463387.6063917,34.61930460296571,98.1,-2.9236853077751843,-0.9550556362170612,0.6405994744165752
1,M->N,1787463387.7422564,34.75516863097437,98.2,-2.9095807319022975,-0.9444352706757402,0.652018617277975
1,M->N,1787463387.817327,34.83023968298221,98.3,-2.895594032319019,-0.9336573411410762,0.6627989009132637
1,M->N,1787463387.95386,34.96677296800772,98.4,-2.881721046222574,-0.922731529088539,0.6730679752779906
1,M->N,1787463388.0299532,35.042865759984124,98.5,-2.8679572540655554,-0.911666426709095,0.6827049899181445
1,M->N,1787463388.0432534,35.05616588698467,98.5,-2.854297769662736,-0.9004715481113387,0.6918776618265429
1,M->N,1787463388.0540073,35.066919885983225,98.5,-2.8407385975103683,-0.8891538782285303,0.7005867611873213
1,M->N,1787463388.1257193,35.13863218796905,98.5,-2.827275234579143,-0.8777207036305474,0.7088099681552706
1,M->N,1787463388.2636726,35.276585131010506,98.6,-2.8139033792478205,-0.8661789540234034,0.7166233103226337
1,M->N,1787463388.4023788,35.415291198005434,98.7,-2.800619378730391,-0.8545344972612842,0.7240039764702267
1,M->N,1787463388.4768472,35.489759452990256,98.9,-2.7874185272904275,-0.84279413422794,0.7309063900198606
1,M->N,1787463388.488259,35.50117106200196,98.9,-2.774295852870283,-0.8309648824624275,0.7373247567389904
1,M->N,1787463388.6248367,35.637749604007695,98.9,-2.761246721840654,-0.8190534533748388,0.7433574228347718
1,M->N,1787463388.6995795,35.71249241195619,99.0,-2.7482673284384322,-0.8070650664733892,0.7490068187346778
1,M->N,1787463388.7123036,35.725216155988164,99.0,-2.735353052411213,-0.7950055114646135,0.7542260709865415
1,M->N,1787463388.8471787,35.860091772978194,99.1,-2.722499999918302,-0.7828798649949945,0.7591321971812549
1,M->N,1787463388.9234173,35.93632986495504,99.2,-2.709704342860923,-0.7706925401654601,0.7637055362204677
1,M->N,1787463388.9361367,35.94904911797494,99.2,-2.6991796389024354,-0.7605664592343598,0.7707948177901802
1,M->N,1787463389.0726218,36.08553501195274,99.3,-2.6911143595648657,-0.7526813687303212,0.7784013815273888
1,M->N,1787463389.2784507,36.29136368795298,99.4,-2.6811832248790117,-0.742921357842218,0.7678512485837442
1,M->N,1787463389.4246898,36.437602085992694,99.6,-2.6724437118140707,-0.7347497346496525,0.7299852711343495
1,M->N,1787463389.4422472,36.45515922695631,99.6,-2.663373137060494,-0.7268967957733026,0.6932847758042733
1,M->N,1787463389.5213308,36.534242944966536,99.7,-2.653966260348645,-0.7193289710586765,0.6580120432853196
1,M->N,1787463389.7276554,36.74056768795708,99.8,-2.644221858233539,-0.7120339969377264,0.6236637328359351
1,M->N,1787463389.936025,36.948937254957855,100.0,-2.6341569246739787,-0.7050213451464699,0.590091104202573
1,M->N,1787463390.143252,37.156164882006124,100.1,-2.6237982910706075,-0.6983046017582624,0.5572081234691325
1,M->N,1787463390.1625311,37.17544315196574,100.2,-2.613140160566541,-0.6918768467096728,0.5249325851447543
1,M->N,1787463390.1777349,37.190646784962155,100.2,-2.6022318712405914,-0.6857661796594756,0.4931814695168931
1,M->N,1787463390.3831823,37.39609500596998,100.3,-2.591061080075021,-0.6799636544609297,0.46187085058331967
1,M->N,1787463390.5910866,37.60399939597119,100.5,-2.5796186793857823,-0.6744647225900935,0.43091786174500973
1,M->N,1787463390.610617,37.623528970987536,100.6,-2.5679464734164092,-0.6692913397017934,0.40023951521889445
1,M->N,1787463390.754171,37.767083073966205,100.7,-2.5560454492764766,-0.6644462368688898,0.3697505752550397
1,M->N,1787463390.8983586,37.91127158596646,100.8,-2.5439052864961993,-0.6599280211943337,0.3393657445041244
1,M->N,1787463391.0419507,38.05486297799507,100.9,-2.531562233064783,-0.6557555096978538,0.3090053539008557
1,M->N,1787463391.0607595,38.07367171696387,100.9,-2.5189897024206185,-0.6519260321144013,0.27859447522403796
1,M->N,1787463391.2666187,38.279531506996136,101.1,-2.5062265035330125,-0.648458027405236,0.24805873067271259
1,M->N,1787463391.2859228,38.29883553995751,101.1,-2.493275024275585,-0.645359975689054,0.21732256282334664
1,M->N,1787463391.4927404,38.50565388699761,101.2,-2.480108537153691,-0.6426360909261593,0.1863100484511319
1,M->N,1787463391.6966977,38.709610264981166,101.4,-2.4667548026452444,-0.6403027622784477,0.15494791616845888
1,M->N,1787463391.9006574,38.913570242002606,101.6,-2.453215970856987,-0.6383733190353047,0.12317159470849955
1,M->N,1787463392.107002,39.1199150919565,101.7,-2.4394336258769402,-0.6368560657471746,0.09092300013630651
1,M->N,1787463392.1854007,39.19831305695698,101.9,-2.425476110288918,-0.635774449150971,0.05814715157772115
1,M->N,1787463392.1988618,39.21177379100118,101.9,-2.4112831339250853,-0.6351439525650734,0.02479421876653309
1,M->N,1787463392.2105813,39.22349302499788,101.9,-2.396885351418918,-0.6349871536661218,-0.0091786174991335
1,M->N,1787463392.2840416,39.29695431399159,101.9,-2.3823285230959845,-0.6353250439322407,-0.04380410594494009
1,M->N,1787463392.3655484,39.378461035958026,102.0,-2.367510362761095,-0.6361865338878013,-0.07910534044297989
1,M->N,1787463392.5721412,39.58505426696502,102.1,-2.353126305230376,-0.637547502536891,-0.11923861043642667
1,M->N,1787463392.6479027,39.6608150099637,102.2,-2.3424027796255293,-0.6389434185232863,-0.14741068397441798
1,M->N,1787463392.7820482,39.79496127500897,102.3,-2.331509935421669,-0.6406590347386765,-0.172175175220594
1,M->N,1787463392.917844,39.930756312969606,102.4,-2.3204324822885445,-0.642686087830867,-0.197260353489945
1,M->N,1787463392.9919438,40.00485629000468,102.5,-2.309277164541139,-0.6450195423079241,-0.22264054802970878
1,M->N,1787463393.0049508,40.017863308952656,102.5,-2.297989161028959,-0.6476826250604342,-0.24829259695852218
1,M->N,1787463393.078627,40.09153991797939,102.5,-2.286554781786054,-0.6506926649672454,-0.2741940283828215
1,M->N,1787463393.1546319,40.16754440398654,102.7,-2.2749310167867627,-0.6540784668952428,-0.30031768422384897
1,M->N,1787463393.291181,40.30409367097309,102.7,-2.2629503647560103,-0.6579138432686849,-0.32617444479804014
1,M->N,1787463393.3676167,40.380528741981834,102.8,-2.249056594352524,-0.6627489919561287,-0.3497257663195765
1,M->N,1787463393.3805988,40.39351061900379,102.8,-2.234425524846591,-0.6682305750205564,-0.37311035789382296
1,M->N,1787463393.5169885,40.52990103396587,102.9,-2.219553596396381,-0.674209797520571,-0.398225129618973
1,M->N,1787463393.6543372,40.667249719961546,103.0,-2.2048289785444033,-0.680569278783631,-0.4234640221677996
1,M->N,1787463393.668002,40.68091413698858,103.1,-2.1896113832027324,-0.6875757812880622,-0.4449162564760103
1,M->N,1787463393.804408,40.81732051697327,103.1,-2.174154875363327,-0.6951159013985427,-0.46822332074405837
1,M->N,1787463393.9403076,40.95322013000259,103.2,-2.158400703802181,-0.703250716670624,-0.4910479699434091
1,M->N,1787463394.016174,41.0290863129776,103.3,-2.1428648356054247,-0.711742433529141,-0.5143915431612919
1,M->N,1787463394.1530993,41.16601180500584,103.4,-2.1274999664321688,-0.7205766015440084,-0.5341572638078198
1,M->N,1787463394.1750355,41.18794739397708,103.5,-2.1123091172094504,-0.7297240948827941,-0.5546256934155253
1,M->N,1787463394.185719,41.19863101799274,103.5,-2.097308302106952,-0.7391788438225008,-0.574713874985535
1,M->N,1787463394.1954024,41.2083143699565,103.5,-2.082500480815867,-0.748926834808226,-0.593850071315111
1,M->N,1787463394.3308136,41.34372586995596,103.6,-2.067881287434613,-0.7589485443630832,-0.6119233250493636
1,M->N,1787463394.4679482,41.48086071200669,103.7,-2.0534444955487525,-0.7692242661276231,-0.6287825401271424
1,M->N,1787463394.6041434,41.61705592699582,103.8,-2.0391812098258573,-0.7797341968486676,-0.6446209830339634
1,M->N,1787463394.6795115,41.692423676955514,103.9,-2.0250848190832174,-0.790462409592142,-0.6595404627938962
1,M->N,1787463394.692382,41.705294076004066,103.9,-2.013312908743281,-0.7996795061452934,-0.6712093931407227
1,M->N,1787463394.7037733,41.71668520895764,103.9,-2.0048242278326165,-0.806454870468257,-0.6773039764603581
1,M->N,1787463395.1530857,42.16599769797176,104.3,-2.013457218426137,-0.7993921141376656,-0.7076014183633293
1,M->N,1787463395.3560278,42.36894008895615,104.4,-2.0216154161742095,-0.7921839115851563,-0.7408326315998623
1,M->N,1787463395.4314477,42.44435997901019,104.5,-2.029536496412675,-0.7847098342760783,-0.7731547785709163
1,M->N,1787463395.5721092,42.58502130699344,104.6,-2.0372227260893094,-0.7769824302959224,-0.8043185967785982
1,M->N,1787463395.7168078,42.729719981958624,104.7,-2.0446773699072676,-0.7690149762554622,-0.8343093120206918
1,M->N,1787463395.9232652,42.93617763399379,104.9,-2.05190503712484,-0.760821427129722,-0.8631802864951872
1,M->N,1787463396.130624,43.1435372629785,105.0,-2.0588559288761084,-0.7524606760699921,-0.8949906354284292
1,M->N,1787463396.150426,43.16333804500755,105.1,-2.0655799461250446,-0.743823128290309,-0.9247977195974623
1,M->N,1787463396.229251,43.2421631909674,105.1,-2.0720058010911124,-0.7350159047560333,-0.9585345443562443
1,M->N,1787463396.434672,43.44758431095397,105.3,-2.0781539639288864,-0.725988450675022,-0.9942116986389814
1,M->N,1787463396.5806751,43.59358724497724,105.4,-2.083964619990078,-0.7166379358397068,-1.036428185254493
1,M->N,1787463396.7251704,43.73808334697969,105.5,-2.0894681067667458,-0.707050597009127,-1.0654667210935107
1,M->N,1787463396.8045888,43.8175012129941,105.6,-2.094707370471418,-0.6972847452774351,-1.094440664210886
1,M->N,1787463397.0085223,44.02143536799122,105.7,-2.0996589686515184,-0.6873492373658188,-1.1256137579995398
1,M->N,1787463397.21836,44.23127241799375,105.9,-2.1042992588461003,-0.6772324570683329,-1.1592264955463873
1,M->N,1787463397.3005083,44.31342044996563,106.0,-2.1085576536990365,-0.6669058813408433,-1.204607404272326
1,M->N,1787463397.317581,44.33049301896244,106.0,-2.1124146937109267,-0.6563827970568359,-1.2368016693359791
1,M->N,1787463397.394513,44.40742553095333,106.0,-2.1159743214260884,-0.6456839707517587,-1.2663000037834804
1,M->N,1787463397.5394416,44.55235392897157,106.2,-2.119218724632518,-0.6348359299062759,-1.2981160433008245
1,M->N,1787463397.6188257,44.63173859199742,106.2,-2.1221080647984145,-0.6238574301524035,-1.3304033588533173
1,M->N,1787463397.8227494,44.835662268975284,106.4,-2.1246382584135355,-0.6127192469742125,-1.3734763739029114
1,M->N,1787463398.0299308,45.04284271795768,106.6,-2.12669556757258,-0.6013883689120704,-1.411033996994388
1,M->N,1787463398.2363749,45.249287176993676,106.7,-2.128392921845969,-0.5899121445670226,-1.440382925219275
1,M->N,1787463398.2593632,45.27227535098791,106.8,-2.129766323537873,-0.5783186527976142,-1.4693088864134418
1,M->N,1787463398.279952,45.2928643769701,106.8,-2.130805481888825,-0.5666085504691951,-1.4991650922976816
1,M->N,1787463398.4218872,45.434799387003295,106.9,-2.131490792362066,-0.554829422218471,-1.5302265534356763
1,M->N,1787463398.6268072,45.63971971697174,107.0,-2.1318060911263568,-0.5429422036118776,-1.5626102960698123
1,M->N,1787463398.833736,45.84664885996608,107.2,-2.1317264392824833,-0.5309728935026382,-1.596413170958833
1,M->N,1787463398.91702,45.9299322089646,107.3,-2.131229836037631,-0.5189186333399094,-1.6317261734702675
1,M->N,1787463398.9351456,45.94805775000714,107.3,-2.130296314892829,-0.5068440712446947,-1.6686335228856275
1,M->N,1787463399.0757575,46.088670341996476,107.4,-2.128907494630637,-0.49481493774762725,-1.707203565294949
1,M->N,1787463399.2833338,46.29624627396697,107.6,-2.1270458543769752,-0.4828532334067963,-1.747475708225534
1,M->N,1787463399.309215,46.322127264982555,107.6,-2.1247264120569964,-0.47113625251823843,-1.7885565641040249
1,M->N,1787463399.454268,46.46718033897923,107.7,-2.1218820894169492,-0.4593212852153533,-1.8290326466721527
1,M->N,1787463399.659384,46.67229644698091,107.8,-2.1185583071211713,-0.4476031064544812,-1.8686838386177211
1,M->N,1787463399.8658872,46.87879983097082,108.0,-2.1147713213580075,-0.43599910135572784,-1.9070595837155246
1,M->N,1787463399.8876855,46.90059776697308,108.1,-2.110541980425126,-0.4245240412518282,-1.9439103081228157
1,M->N,1787463399.902001,46.91491299995687,108.1,-2.1059634406067995,-0.4132061135072922,-1.9693994929551426
1,M->N,1787463400.0412772,47.05419036297826,108.2,-2.101053822083342,-0.4020835241426366,-2.0078194755658694
1,M->N,1787463400.2506099,47.26352260296699,108.3,-2.095696618534049,-0.3911366008878845,-2.0464202388445707
1,M->N,1787463400.3959892,47.4089012479526,108.5,-2.0899031007609223,-0.3803876560178908,-2.084967641388863
1,M->N,1787463400.4778955,47.490807563008275,108.6,-2.08367898950337,-0.3698129545421505,-2.118996750640471
1,M->N,1787463400.6840115,47.69692403799854,108.7,-2.077229333557118,-0.35950421868024907,-2.1456427914322136
1,M->N,1787463400.7665057,47.77941781299887,108.8,-2.0704205221419025,-0.34941366932023926,-2.1864439839150767
1,M->N,1787463400.7827008,47.79561281995848,108.8,-2.0630908204399474,-0.33940629284503654,-2.2240802177265286
1,M->N,1787463400.9881058,48.001018875977024,108.9,-2.055435355016674,-0.3297530166726294,-2.2621081757151145
1,M->N,1787463401.0708091,48.08372116996907,109.1,-2.0473690761014676,-0.320356690176174,-2.299387995390444
1,M->N,1787463401.277321,48.29023425397463,109.2,-2.0390982838408327,-0.31140197914745865,-2.338036915854041
1,M->N,1787463401.2975004,48.31041227595415,109.2,-2.030527529881347,-0.3027559869349481,-2.3647705628199027
1,M->N,1787463401.499775,48.51268729096046,109.3,-2.021745890233515,-0.2943308147924894,-2.3942480801538775
1,M->N,1787463401.706715,48.71962752199033,109.5,-2.0126836381532875,-0.28620027635344003,-2.4302297481050767
1,M->N,1787463401.9129286,48.92584108596202,109.7,-2.003337672117342,-0.2784027507645122,-2.4661707723684994
1,M->N,1787463402.056482,49.06939419097034,109.8,-1.9935396924146584,-0.2708004862012421,-2.5004740107267307
1,M->N,1787463402.0754843,49.088396378967445,109.8,-1.9836387069370423,-0.2636293673123181,-2.5321317943895556
1,M->N,1787463402.0903525,49.10326449095737,109.9,-1.9734402477191537,-0.2566924965729268,-2.559391083122591
1,M->N,1787463402.1661603,49.179072997998446,109.9,-1.9631672527180992,-0.2500993184248815,-2.5845669386008367
1,M->N,1787463402.3736494,49.38656244101003,110.0,-1.952765957853835,-0.2437464341429326,-2.6037164108633193
1,M->N,1787463402.5778096,49.59072203899268,110.2,-1.94224698633657,-0.23757379146526678,-2.619851892667234
1,M->N,1787463402.784464,49.79737603897229,110.4,-1.9316295286487881,-0.23155612347472485,-2.6333683500439387
1,M->N,1787463402.8666868,49.87959868798498,110.5,-1.9209320884379115,-0.2256656902019954,-2.644257269239825
1,M->N,1787463402.8832963,49.89620819600532,110.5,-1.9101703450019005,-0.21988160805902623,-2.6535111319337745
1,M->N,1787463402.9605331,49.97344594198512,110.5,-1.899354510363187,-0.21418719126256283,-2.66118243725025
1,M->N,1787463403.1660702,50.178983321005944,110.7,-1.8883550058687184,-0.20849412646666193,-2.669304111319044
1,M->N,1787463403.2519624,50.26487512898166,110.7,-1.8774012597991507,-0.20303083803034092,-2.690645116444673
1,M->N,1787463403.456869,50.4697814679821,110.9,-1.866379066138326,-0.197759899964751,-2.6996688198599843
1,M->N,1787463403.6020389,50.61495139595354,111.1,-1.855316385008717,-0.19254241123653826,-2.701706154672481
1,M->N,1787463403.6199598,50.6328716329881,111.1,-1.8442433652567194,-0.1873317637003984,-2.7024312836329587
1,M->N,1787463403.6966798,50.7095922579756,111.1,-1.8331691384701732,-0.18215240383093945,-2.704828782637924
1,M->N,1787463403.8400118,50.85292427398963,111.2,-1.8220864368648382,-0.17697411187569936,-2.7035043222219355
1,M->N,1787463403.9835496,50.99646241997834,111.3,-1.8110020621461622,-0.17180357514011932,-2.7071710532802595
1,M->N,1787463404.1269176,51.13983025198104,111.4,-1.7999045754658523,-0.16664946871383832,-2.70548694909993
1,M->N,1787463404.3354366,51.34834891400533,111.6,-1.7888123442697712,-0.16147665347752327,-2.7094832991729016
1,M->N,1787463404.474148,51.48705999396043,111.8,-1.7776822917495725,-0.15642182021775067,-2.7198093200227547
1,M->N,1787463404.4848387,51.49775032000616,111.8,-1.766514951550455,-0.15140444020868826,-2.717256104256342
1,M->N,1787463404.6218994,51.634811667958274,111.8,-1.7553613954005867,-0.14633193658303387,-2.710980521173029
1,M->N,1787463404.765946,51.778858406993095,112.0,-1.7442368378410271,-0.14120167931392333,-2.707258546175917
1,M->N,1787463404.973537,51.98644934996264,112.1,-1.7331328604051441,-0.13601567548762988,-2.7006743313785577
1,M->N,1787463405.1187947,52.131706640007906,112.3,-1.7220626369149041,-0.13077943849875584,-2.6985135998369705
1,M->N,1787463405.1362052,52.14911726897117,112.3,-1.7110005690588461,-0.12549702443790303,-2.6921298106524127
1,M->N,1787463405.2786,52.29151306999847,112.4,-1.6999820478830232,-0.12015219020279974,-2.689552224923928
1,M->N,1787463405.487304,52.50021680799546,112.6,-1.6889657067880182,-0.11478430178083655,-2.685103332871698
1,M->N,1787463405.5694606,52.582373568962794,112.7,-1.6779771244170574,-0.10934492731096176,-2.677249883524493
1,M->N,1787463405.6500041,52.6629166220082,112.7,-1.667041612918908,-0.10388649582738245,-2.6840345440031457
1,M->N,1787463405.7942257,52.807138981006574,112.8,-1.6560540815195863,-0.0985058648822359,-2.685912951886386
1,M->N,1787463405.876963,52.88987505499972,112.9,-1.6450694695214911,-0.0930820020897666,-2.6781223878236435
1,M->N,1787463406.0220664,53.03497882996453,113.0,-1.634129828258946,-0.08755749089775576,-2.669011829211757
1,M->N,1787463406.229721,53.24263372295536,113.2,-1.6232383363424019,-0.08195299343843981,-2.6617155527616596
1,M->N,1787463406.2532992,53.26621119200718,113.2,-1.6123899668344306,-0.07625285514893843,-2.652369350417171
1,M->N,1787463406.3958411,53.40875414799666,113.3,-1.6015945067712725,-0.07044889816267205,-2.642887604386245
1,M->N,1787463406.6021643,53.61507680098293,113.5,-1.5908527782418127,-0.06454496366100315,-2.6337870831179497
1,M->N,1787463406.623018,53.63592981098918,113.5,-1.5801642994531115,-0.05854449025918201,-2.6251023330854637
1,M->N,1787463406.8270888,53.84000121598365,113.6,-1.5695270687233611,-0.05245371093754017,-2.6168955781430148
1,M->N,1787463407.0341914,54.04710369795794,113.8,-1.5589379422992333,-0.04627767681969557,-2.609104812460856
1,M->N,1787463407.0539253,54.06683757400606,113.9,-1.5483954070114796,-0.04001959495483247,-2.601638249860571
1,M->N,1787463407.0698962,54.08280804299284,113.9,-1.5378978203643108,-0.033683551125718914,-2.594521515504521
1,M->N,1787463407.274306,54.28721865999978,114.0,-1.527443715204883,-0.027274290517008058,-2.5877403210540275
1,M->N,1787463407.36265,54.375561964989174,114.1,-1.5170331274393332,-0.02079577516142119,-2.5812561763452395
1,M->N,1787463407.5672264,54.58013920899248,114.2,-1.5066657165991877,-0.014252409712173534,-2.5750479355891254
1,M->N,1787463407.7763755,54.78928847599309,114.4,-1.4963410897106872,-0.007648001062024566,-2.5691018206165204
1,M->N,1787463407.8597717,54.87268379400484,114.5,-1.4860593986205193,-0.0009853966381834912,-2.56339167196462
1,M->N,1787463407.877057,54.88996905199019,114.5,-1.4758190525984343,0.005732179502485118,-2.557868297848404
1,M->N,1787463408.0820718,55.094984519993886,114.6,-1.465618512141981,0.012503179015751535,-2.552521192040676
1,M->N,1787463408.2876322,55.3005457840045,114.8,-1.4554561814570113,0.01932718129374844,-2.5473294913225257
1,M->N,1787463408.3722668,55.385178993979935,114.9,-1.4453296820513213,0.02620212291658752,-2.5422890600826085
1,M->N,1787463408.3888776,55.40178960497724,114.9,-1.4352375069128502,0.03312779066486784,-2.5373865259748825
1,M->N,1787463408.594188,55.60710056399694,115.1,-1.425178083829506,0.040103221277838094,-2.5325646873020378
1,M->N,1787463408.7999244,55.812837061996106,115.2,-1.4151501033032012,0.04712816708069056,-2.527801219719071
1,M->N,1787463408.882427,55.89533897396177,115.3,-1.4051530084910175,0.05420249959606664,-2.523079052732912
1,M->N,1787463408.9612317,55.97414403199218,115.3,-1.3951867962728792,0.06132564603265499,-2.5184192516359407
1,M->N,1787463409.1047041,56.11761688196566,115.5,-1.385251207567699,0.06849679068295658,-2.5138162622529303
1,M->N,1787463409.1873407,56.2002534539788,115.5,-1.3753460906087036,0.07571544117934322,-2.5091820828291818
1,M->N,1787463409.3432837,56.356196101987734,115.7,-1.3654732833996706,0.08298134925396537,-2.50449093313189
1,M->N,1787463409.423143,56.43605576799018,115.7,-1.3556342594142343,0.09029400227112878,-2.499785450203011
1,M->N,1787463409.6295707,56.64248337899335,115.9,-1.3458300306768425,0.0976524738287785,-2.4950802080957857
1,M->N,1787463409.834577,56.84748960996512,116.0,-1.336062676239286,0.10505650622692811,-2.4902602360424875
1,M->N,1787463409.854792,56.86770419595996,116.1,-1.326333645759562,0.11250590420212993,-2.4853450378707
1,M->N,1787463409.932262,56.945174132008106,116.1,-1.3166443056045365,0.1200014275732211,-2.4803717402171244
1,M->N,1787463410.1355398,57.14845214795787,116.3,-1.3069954171865674,0.12754345648001392,-2.4752983502171193
1,M->N,1787463410.341171,57.35408322996227,116.4,-1.2973876392137818,0.1351327680269272,-2.4701243269215434
1,M->N,1787463410.4899614,57.50287366297562,116.6,-1.287821254648351,0.1427713894146274,-2.464759804142169
1,M->N,1787463410.5092843,57.52219631295884,116.6,-1.2782970886980032,0.15046146784892678,-2.4592510797547917
1,M->N,1787463410.5252051,57.53811710199807,116.6,-1.2688154927478852,0.1582049215516937,-2.4536135684141414
1,M->N,1787463410.6657627,57.67867525597103,116.7,-1.2593765329908895,0.1660039872008909,-2.447775961847826
1,M->N,1787463410.8729656,57.88587807898875,116.9,-1.249981371325117,0.1738610997315245,-2.44173226053466
1,M->N,1787463411.0780716,58.09098450600868,117.0,-1.2406319455051367,0.1817784618448239,-2.4354591819341525
1,M->N,1787463411.1597788,58.17269083496649,117.2,-1.2313301245143171,0.18975790262165296,-2.4290032992911494
1,M->N,1787463411.1777494,58.19066159700742,117.2,-1.2220776457318625,0.19780047975364773,-2.422306217564835
1,M->N,1787463411.318723,58.33163631695788,117.2,-1.212877873053751,0.2059079140360492,-2.4153960756583697
1,M->N,1787463411.5271177,58.540030188974924,117.4,-1.203733494555015,0.21408070343112098,-2.4083837735989446
1,M->N,1787463411.6097617,58.62267409899505,117.5,-1.194646268697457,0.2223181797884671,-2.401239142781605
1,M->N,1787463411.751723,58.764635671977885,117.6,-1.1856190165994915,0.23062197970203036,-2.3938264763435675
1,M->N,1787463411.9561505,58.96906279196264,117.7,-1.1766552620743398,0.23899204038955799,-2.386318011414618
1,M->N,1787463412.098972,59.11188432597555,117.9,-1.1677572013079527,0.24742797375489411,-2.378635455902075
1,M->N,1787463412.120049,59.132961244962644,117.9,-1.158927544151293,0.2559304999265854,-2.3707206697090615
1,M->N,1787463412.2620327,59.274945082957856,118.0,-1.150168598319476,0.2645009423304128,-2.3626894335627626
1,M->N,1787463412.468844,59.48175653698854,118.1,-1.1414812206227563,0.27314072614578655,-2.354469255674331
1,M->N,1787463412.6130204,59.62593230296625,118.3,-1.1328666649165944,0.28185081106231663,-2.3461562813025014
1,M->N,1787463412.6320555,59.644967617990915,118.3,-1.1243246134809468,0.29063338664965643,-2.33772197350381
1,M->N,1787463412.7738483,59.786760969960596,118.4,-1.1158560111811637,0.29949005540700957,-2.3291607582107323
1,M->N,1787463412.9799738,59.992886125983205,118.6,-1.1074465528743391,0.3084014903449121,-2.3248851063140172
1,M->N,1787463413.1869519,60.19986407295801,118.7,-1.0990971511966818,0.3173945197818418,-2.3122727261779845
1,M->N,1787463413.2077873,60.22069951496087,118.8,-1.0908581741497607,0.3264797566056017,-2.3019813735894132
1,M->N,1787463413.2245696,60.23748168995371,118.8,-1.0827183680184702,0.3356744625393619,-2.2876980294389218
1,M->N,1787463413.4281585,60.44107079796959,118.9,-1.074625130500149,0.34504201448355276,-2.275942975748331
1,M->N,1787463413.5740247,60.58693685900653,119.1,-1.066732875921366,0.35446836232549395,-2.2617835888444113
1,M->N,1787463413.593624,60.606536047998816,119.1,-1.0590146045066537,0.3639712062483426,-2.239120060202683
1,M->N,1787463413.7960465,60.808959326008335,119.2,-1.0515053415157385,0.37368796608670146,-2.21985366507366
1,M->N,1787463414.00213,61.01504239597125,119.4,-1.0441416273186865,0.3834928404295785,-2.2090111564156687
1,M->N,1787463414.208807,61.22171944397269,119.6,-1.0368749995403537,0.39338619227310057,-2.1976791150659127
1,M->N,1787463414.3545601,61.36747255397495,119.7,-1.029587970940059,0.40355945852453834,-2.1852351932211644
1,M->N,1787463414.3707623,61.383674193988554,119.7,-1.0224481084991142,0.41380373765433226,-2.169456720448599
1,M->N,1787463414.384772,61.39768382697366,119.7,-1.0157523003852176,0.4238763467312801,-2.1465035136841766
1,M->N,1787463414.590445,61.60335745499469,119.9,-1.009099326807782,0.4342199458056625,-2.1375700110045814
1,M->N,1787463414.6090982,61.62201039300999,119.9,-1.002521956419128,0.44468630139057247,-2.1254311956095653
1,M->N,1787463414.813653,61.82656567095546,120.0,-0.9960587895314079,0.4552309046921008,-2.113340501953298
1,M->N,1787463415.0190241,62.03193726099562,120.2,-0.9897026413966582,0.46589594422232344,-2.0970942033163857
1,M->N,1787463415.2250063,62.23791881900979,120.4,-0.9837308488420782,0.4764881146400596,-2.0733884234704782
1,M->N,1787463415.3069887,62.31990083196433,120.5,-0.9778821729732637,0.4872411448669839,-2.0649680355658426
1,M->N,1787463415.3233733,62.33628538198536,120.5,-0.972129367412975,0.49798423408808073,-2.0569296729283804
1,M->N,1787463415.3997588,62.41267145995516,120.5,-0.9664397669772197,0.5088555161585208,-2.048129580418172
1,M->N,1787463415.606448,62.61936050298391,120.7,-0.9608558688539001,0.5197942270238578,-2.0371923676569477
1,M->N,1787463415.8091526,62.82206505397335,120.8,-0.955597261158005,0.5306042557763834,-2.011377434678959
1,M->N,1787463415.8917007,62.904613161983434,120.9,-0.9504080526357339,0.5417646095392278,-2.0011855825283655
1,M->N,1787463416.0356154,63.04852781799855,121.0,-0.9453245500249046,0.5529829694295691,-1.9926204757767119
1,M->N,1787463416.1197703,63.13268271100242,121.1,-0.9403707648177911,0.5641831690138879,-1.9827909359913785
1,M->N,1787463416.3242855,63.33719802496489,121.2,-0.9355481115665659,0.5754341089857254,-1.9640679693482317
1,M->N,1787463416.530934,63.54384666698752,121.4,-0.9309464240621711,0.5867953094847098,-1.9494489777591024
1,M->N,1787463416.6156263,63.628538349003065,121.5,-0.9264141797866666,0.5982305861040443,-1.9463310269589482
1,M->N,1787463416.632148,63.64505989395548,121.5,-0.9219638433349909,0.6096082112562451,-1.9392052494925065
1,M->N,1787463416.7080295,63.72094167798059,121.6,-0.9176002927574453,0.6210496815380389,-1.9311510376883827
1,M->N,1787463416.789435,63.80234703596216,121.6,-0.9133421879907784,0.6325222662491682,-1.9211713650765967
1,M->N,1787463416.9331882,63.946100322005805,121.7,-0.9093090551971834,0.6439878417717526,-1.8973182989353456
1,M->N,1787463417.0782773,64.0911897229962,121.9,-0.9054177181823848,0.6556438207434815,-1.8909894134156509
1,M->N,1787463417.220012,64.23292473098263,122.0,-0.9015802517468278,0.6672689094487104,-1.8871602400384095
1,M->N,1787463417.425097,64.43800947797718,122.1,-0.8978015869905461,0.6789244735533684,-1.8819089592203613
1,M->N,1787463417.570566,64.58347840799252,122.3,-0.8940984949702734,0.6905744134044973,-1.8754155605648393
1,M->N,1787463417.6541862,64.66709831397748,122.4,-0.8905082085573933,0.7022464527468839,-1.858433931350727
1,M->N,1787463417.6707647,64.68367691599997,122.4,-0.8871027544684383,0.7140449339005523,-1.8476426535915957
1,M->N,1787463417.8108692,64.82378175895428,122.4,-0.8837563549063295,0.7258485962372493,-1.8456297041178966
1,M->N,1787463418.0159678,65.0288801699644,122.6,-0.8804362395788995,0.7376626421599539,-1.841860632194281
1,M->N,1787463418.0947,65.10761191498023,122.7,-0.8771791816636593,0.7494863304437847,-1.8331723340063608
1,M->N,1787463418.2342558,65.24716827896191,122.8,-0.8740921150227122,0.7613611247929735,-1.8185335824432334
1,M->N,1787463418.4394534,65.45236592099536,122.9,-0.8710992246942396,0.773215548395434,-1.8169471337100445
1,M->N,1787463418.6470659,65.65997831500135,123.1,-0.8681371387294524,0.7850623837199087,-1.814335124566913
1,M->N,1787463418.7923424,65.80525471898727,123.3,-0.8652182677136442,0.7969270069792718,-1.809100751370507
1,M->N,1787463418.8086247,65.82153648900567,123.3,-0.8623765969240382,0.8088506279631988,-1.8038990608775616
1,M->N,1787463418.8235166,65.83642861898988,123.3,-0.8596271647882516,0.8207440713321325,-1.7875927952436712
1,M->N,1787463418.9630013,65.97591409599409,123.4,-0.8570600317831739,0.83274005301415,-1.7778934043605767
1,M->N,1787463419.168077,66.18098962598015,123.5,-0.854551454582141,0.8447096453167533,-1.776467976345755
1,M->N,1787463419.3096373,66.32254931598436,123.7,-0.852056975757185,0.8566986663520196,-1.773948029689895
1,M->N,1787463419.513103,66.52601536997827,123.8,-0.8496132807698845,0.8686664633968935,-1.7691618613017108
1,M->N,1787463419.6600316,66.67294374096673,124.0,-0.8472177836996833,0.8806403627375884,-1.766152437333715
1,M->N,1787463419.6791797,66.69209155195858,124.0,-0.8449369597379398,0.8926598638954942,-1.7500271162255148
1,M->N,1787463419.6951191,66.70803097001044,124.0,-0.8427833392840708,0.9047196612158015,-1.7464926693509661
1,M->N,1787463419.899165,66.91207723499974,124.1,-0.8406433594194525,0.9167640180018313,-1.7459115374551284
1,M->N,1787463420.105092,67.11800444097025,124.3,-0.8385098264380484,0.9288075629246456,-1.745648386414723
1,M->N,1787463420.3089826,67.32189482898684,124.4,-0.836402168201509,0.9408690104160145,-1.7433087116032528
1,M->N,1787463420.327361,67.3402730349917,124.5,-0.8343311374621988,0.9529424311255494,-1.73779056782903
1,M->N,1787463420.343011,67.3559228410013,124.5,-0.8322965003153409,0.9650132846730443,-1.7357540020801645
1,M->N,1787463420.546889,67.55980150896357,124.6,-0.8303829266601968,0.977121646571884,-1.7195715881423406
1,M->N,1787463420.696006,67.70891850796761,124.8,-0.8285980867771819,0.9892441111648076,-1.7155026255088006
1,M->N,1787463420.7145925,67.7275044679991,124.8,-0.8268289313645479,1.0013533147068283,-1.7167222261433388
1,M->N,1787463420.9191391,67.93205169501016,124.9,-0.8250452978520876,1.0134579312677183,-1.7165007784870479
1,M->N,1787463420.940542,67.95345404697582,125.0,-0.8232681502372832,1.0255688967778704,-1.71699437683322
1,M->N,1787463421.1456888,68.15860154095571,125.1,-0.8214872202499515,1.037679853994915,-1.7149544151762406
1,M->N,1787463421.3513992,68.3643114779843,125.3,-0.819736022486096,1.0498016416722349,-1.7141544160512399
1,M->N,1787463421.558367,68.57127951597795,125.5,-0.8179840668221706,1.0619152023370968,-1.7134026900742967
1,M->N,1787463421.6402314,68.65314397396287,125.5,-0.8162780811345703,1.074054985202625,-1.7086361758687034
1,M->N,1787463421.7245061,68.73741893499391,125.6,-0.8145980653509937,1.0861831991147595,-1.70859390329053
1,M->N,1787463421.8691008,68.88201334798941,125.7,-0.8129140411748439,1.0983060802707905,-1.7092678408069133
1,M->N,1787463421.9484599,68.96137181896484,125.8,-0.8112793080059938,1.110450317164503,-1.6959658456521813
1,M->N,1787463422.0213125,69.03422522498295,125.8,-0.8098097934534924,1.1226171551946313,-1.6873666606029953
1,M->N,1787463422.227548,69.24046047200682,126.0,-0.8083946136300014,1.134775250040548,-1.6862849010074565
1,M->N,1787463422.433137,69.44604933599476,126.1,-0.8069828287092026,1.146929520696882,-1.6866745545957083
1,M->N,1787463422.6385896,69.65150216897018,126.3,-0.8055655262259566,1.1590839185104846,-1.687209879102316
1,M->N,1787463422.660318,69.67323005798971,126.4,-0.8041419719443688,1.1712394558918229,-1.6875715031118788
1,M->N,1787463422.6757588,69.68867074500304,126.4,-0.8027151136572137,1.1833961009538674,-1.6877320152892046
1,M->N,1787463422.751742,69.76465428300435,126.4,-0.8012878836862093,1.1955536995715692,-1.6876772522059704
1,M->N,1787463422.9551919,69.96810432098573,126.6,-0.7998619480528116,1.2077121764110805,-1.6874118874320596
1,M->N,1787463423.1628284,70.17574132297887,126.7,-0.7984402129735264,1.2198720385045794,-1.6869309255113087
1,M->N,1787463423.369468,70.38238019600976,126.9,-0.7970255187148019,1.2320339506443105,-1.6862651476729493
1,M->N,1787463423.5740147,70.58692713297205,127.1,-0.7956191657709487,1.244198564248651,-1.6854264343692418
1,M->N,1787463423.6565025,70.66941447695717,127.2,-0.7942237064368435,1.2563665361131036,-1.6844020172852374
1,M->N,1787463423.6734545,70.68636665696977,127.2,-0.7928420016154826,1.268537469041209,-1.6832013478853496
1,M->N,1787463423.6882124,70.7011243669549,127.2,-0.79147543561314,1.280710314821975,-1.6818489217332238
1,M->N,1787463423.766458,70.77937021997059,127.3,-0.7901266005054136,1.2928841585783528,-1.6803516175002382
1,M->N,1787463423.908888,70.92180157999974,127.3,-0.7887969910432755,1.3050584189699745,-1.6787060450752624
1,M->N,1787463424.1144493,71.1273619440035,127.5,-0.7874880297265919,1.3172331279242662,-1.6769332875236864
1,M->N,1787463424.2597728,71.27268559997901,127.6,-0.786201635511089,1.3294091732420463,-1.6750348367467065
1,M->N,1787463424.404581,71.41749348398298,127.7,-0.7849385473954078,1.3415876395287276,-1.6730148886452771
1,M->N,1787463424.4865086,71.49942071997793,127.9,-0.7837006934063803,1.3537696791909943,-1.6708802710960562
1,M->N,1787463424.567218,71.58013049699366,127.9,-0.7824895286173241,1.365955952012438,-1.6686381283928302
1,M->N,1787463424.7133448,71.72625714400783,128.0,-0.7813058320382061,1.378146371028812,-1.6662965877092069
1,M->N,1787463424.7968936,71.80980580596952,128.1,-0.7801512879569731,1.3903405166802385,-1.6638673702531386
1,M->N,1787463424.9377859,71.95069799898192,128.2,-0.7790269681795495,1.4025380052897336,-1.6613610071559402
1,M->N,1787463425.144054,72.15696640097303,128.3,-0.7779333737143079,1.414738422874932,-1.658796904163761
1,M->N,1787463425.2888706,72.30178286897717,128.5,-0.7768713693252939,1.4269421272166531,-1.6561586041252188
1,M->N,1787463425.4913342,72.50424649595516,128.6,-0.7758416865540921,1.4391494841938945,-1.6534818093859869
1,M->N,1787463425.6992252,72.7121374909766,128.8,-0.7748443305807297,1.4513607245749425,-1.6507574267872955
1,M->N,1787463425.9064226,72.91933479398722,128.9,-0.773880447766092,1.463575676537879,-1.648011406232328
1,M->N,1787463425.9264543,72.93936640099855,129.0,-0.7729506642351898,1.475793765311266,-1.6452305761325612
1,M->N,1787463425.9426932,72.95560518396087,129.0,-0.7720546772285595,1.4880140810391815,-1.642441277066743
1,M->N,1787463425.955875,72.96878653095337,129.0,-0.7711928901138494,1.5002355938251342,-1.639655834246634
1,M->N,1787463425.967094,72.98000573698664,129.0,-0.7703658071749885,1.5124577190861768,-1.6368749898766182
1,M->N,1787463426.1728227,73.18573526397813,129.1,-0.7695722846570112,1.5246804981017539,-1.6340858401715168
1,M->N,1787463426.3778453,73.39075777196558,129.3,-0.7688127952002074,1.53690434737617,-1.6313221466360774
1,M->N,1787463426.522272,73.53518386598444,129.5,-0.768087007292828,1.5491300684111702,-1.6285565407553828
1,M->N,1787463426.5392127,73.5521247430006,129.5,-0.7673947209257,1.5613579565105067,-1.6258063267583702
1,M->N,1787463426.7429345,73.75584747298853,129.6,-0.7667358296130139,1.5735880983529253,-1.6230986754091383
1,M->N,1787463426.9511898,73.96410248999018,129.8,-0.7661102514499489,1.585820630718805,-1.6204217554505642
1,M->N,1787463427.0333529,74.04626493697288,129.9,-0.765516836607063,1.5980549985960042,-1.6178051718848514
1,M->N,1787463427.0510194,74.06393139297143,129.9,-0.7649555851094407,1.6102909911056658,-1.615229276747988
1,M->N,1787463427.1940172,74.20692944695475,130.0,-0.7644255704958279,1.6225285499212307,-1.6127134530962821
1,M->N,1787463427.3994558,74.41236828098772,130.2,-0.7639252236436773,1.6347675712031287,-1.6103163239422404
1,M->N,1787463427.6015391,74.61445155000547,130.3,-0.76345405045913,1.6470081485787889,-1.6080018467697799
1,M->N,1787463427.8073802,74.82029223395512,130.5,-0.7630101784367888,1.6592500959810237,-1.6057681556235066
1,M->N,1787463427.8912032,74.90411519800546,130.6,-0.7625933089982452,1.6714929424715539,-1.6036395042977343
1,M->N,1787463427.9072583,74.92017039295752,130.6,-0.7622017236010815,1.683735944407569,-1.6016756261214422
1,M->N,1787463427.9869921,74.99990427697776,130.6,-0.7618337349290131,1.695978781454015,-1.5998376134879015
1,M->N,1787463428.1919177,75.20483015995706,130.8,-0.7614874770494868,1.70822078655831,-1.598137185027746
1,M->N,1787463428.2738805,75.28679288097192,130.9,-0.7611613654654095,1.7204618546858559,-1.5966095759415504
1,M->N,1787463428.4168775,75.42979000095511,131.0,-0.7608532272127886,1.7327019624555176,-1.5952539970516326
1,M->N,1787463428.5599885,75.57290105795255,131.1,-0.7605600637494275,1.7449412731872977,-1.5940756001111351
1,M->N,1787463428.6427197,75.65563185297651,131.2,-0.7602806027379754,1.757179961922518,-1.5930731582283482
1,M->N,1787463428.7196283,75.73254023195477,131.2,-0.76001209098188,1.7694180285482564,-1.592293841003576
1,M->N,1787463428.9237502,75.93666258198209,131.4,-0.7597520164888816,1.781655800246,-1.5916939804664065
1,M->N,1787463429.0709927,76.08390463795513,131.6,-0.7594986072957487,1.7938931611703828,-1.5913451205327942
1,M->N,1787463429.0884914,76.10140369395958,131.6,-0.7592476988585092,1.8061299704807494,-1.5912727674822191
1,M->N,1787463429.166236,76.17914883198682,131.6,-0.7589965268696129,1.8183665048305604,-1.5914356446438211
1,M->N,1787463429.372537,76.38544904196169,131.8,-0.7587418691820039,1.830602532395817,-1.59194485594641
1,M->N,1787463429.452781,76.46569345495664,131.8,-0.7584788541905714,1.8428376790635113,-1.59282293916019
1,M->N,1787463429.6581538,76.67106606799643,132.0,-0.7582027306545271,1.8550719951921855,-1.5940169536603483
1,M->N,1787463429.8009934,76.81390586099587,132.1,-0.7579106309872722,1.8673053992102833,-1.5955494520457683
1,M->N,1787463430.008657,77.02156955597457,132.3,-0.7575970272079984,1.8795366270827714,-1.5976244379568842
1,M->N,1787463430.215326,77.22823789296672,132.4,-0.7572555812043481,1.8917655501438548,-1.600107073489855
1,M->N,1787463430.3624406,77.3753529789974,132.6,-0.7568814938675574,1.9039913032269045,-1.6031002403097785
1,M->N,1787463430.3810015,77.39391342300223,132.6,-0.7564683061882242,1.9162131077909783,-1.6066462215916515
1,M->N,1787463430.3976731,77.41058497998165,132.6,-0.7560083516331685,1.9284300607132459,-1.6107920670459885
1,M->N,1787463430.4100857,77.42299731698586,132.6,-0.7554949667423172,1.9406418397545881,-1.6155403427850714
1,M->N,1787463430.5487092,77.56162145000417,132.7,-0.7549197158735438,1.9528476748499417,-1.6209570943734548
1,M->N,1787463430.7550375,77.76794991496718,132.9,-0.7542748005928501,1.965047298467745,-1.6270709627527131
1,M->N,1787463430.8997073,77.91261961398413,133.0,-0.7535510657244405,1.9772398503413076,-1.6340006966175333
1,M->N,1787463431.1067576,78.11967009300133,133.1,-0.7527388269543674,1.9894250965630542,-1.6416543306363671
1,M->N,1787463431.3113089,78.32422112999484,133.3,-0.751829138265819,2.001601146851737,-1.6502376572322484
1,M->N,1787463431.3318646,78.34477678796975,133.4,-0.7508094555060959,2.013765630152397,-1.659800607352631
1,M->N,1787463431.3482904,78.36120274401037,133.4,-0.749667848238546,2.0259157454139904,-1.6705336974425353
1,M->N,1787463431.4892497,78.50216223299503,133.4,-0.7483910040560892,2.038048856881999,-1.68233178905428
1,M->N,1787463431.695613,78.70852538000327,133.6,-0.7469639191345507,2.0501615023793587,-1.695358805558248
1,M->N,1787463431.8409684,78.85388080100529,133.8,-0.7453728378026984,2.062250274526047,-1.7097266856677997
1,M->N,1787463432.047845,79.06075783300912,133.9,-0.7436004632208008,2.0743107263442386,-1.725522788230503
1,M->N,1787463432.2534692,79.26638141897274,134.1,-0.7416310306956277,2.086337874451304,-1.7426257115814894
1,M->N,1787463432.4576926,79.47060518997023,134.2,-0.739449796784326,2.098324733403717,-1.7610831124423716
1,M->N,1787463432.4784646,79.49137684796005,134.3,-0.7370741787329186,2.110294359291337,-1.7738513620202068
1,M->N,1787463432.4950352,79.50794705195585,134.3,-0.7345171085880436,2.1222014213416407,-1.7934552298098305
1,M->N,1787463432.5086496,79.52156114100944,134.3,-0.7317630778334878,2.134118013946508,-1.8001411952323876
1,M->N,1787463432.5888536,79.60176541598048,134.4,-0.7289343365989344,2.1459814397317825,-1.813980329704763
1,M->N,1787463432.731645,79.7445573270088,134.5,-0.7258714355714473,2.157766119533454,-1.8381164211469705
1,M->N,1787463432.8762133,79.88912528497167,134.6,-0.7225246212246736,2.1694915188704518,-1.8616616821013594
1,M->N,1787463433.0835938,80.09650606900686,134.7,-0.718917195026868,2.1811115435442505,-1.8859008294514494
1,M->N,1787463433.229322,80.24223418795737,134.9,-0.7150163095889569,2.1926865926489576,-1.9080358286963568
1,M->N,1787463433.2465718,80.25948385696393,134.9,-0.7108334865703863,2.204191559444561,-1.9280885201510438
1,M->N,1787463433.453872,80.46678420400713,135.0,-0.7065145680054714,2.215607993000884,-1.9412611214099655
1,M->N,1787463433.6601932,80.6731056169956,135.2,-0.7019587622568161,2.2268977504175416,-1.969805571798451
1,M->N,1787463433.7377226,80.75063462898834,135.3,-0.6970795616210296,2.238084529650397,-1.9959563912916767
1,M->N,1787463433.7507193,80.76363101700554,135.4,-0.6918966705906212,2.2491481905702386,-2.022083142270778
1,M->N,1787463433.9533129,80.96622502495302,135.5,-0.6864246739116295,2.2600991830295873,-2.0442110778494076
1,M->N,1787463434.034418,81.04733052098891,135.5,-0.6807959460389549,2.270927975921486,-2.0602336607405944
1,M->N,1787463434.2411654,81.25407791300677,135.7,-0.6749211137411216,2.2815916683028297,-2.0910279003618415
1,M->N,1787463434.447492,81.46040505298879,135.8,-0.6687133284992295,2.292081881201867,-2.1213027329102263
1,M->N,1787463434.4677074,81.48061953799333,135.9,-0.6621951649254431,2.3024055998178707,-2.148682951591919
1,M->N,1787463434.546091,81.55900356295751,135.9,-0.6554285509690199,2.3125344744275815,-2.1756182169744887
1,M->N,1787463434.7536855,81.7665979549638,136.1,-0.6483682887977367,2.322551041352279,-2.1913044048015724
1,M->N,1787463434.8357227,81.84863464900991,136.2,-0.6411989595100764,2.3324223833725894,-2.2115736631208534
1,M->N,1787463434.9148445,81.92775695800083,136.2,-0.6337767826526551,2.342080034725655,-2.243197389058224
1,M->N,1787463435.1221986,82.13511099497555,136.4,-0.626044378597661,2.351509899863366,-2.2743157557890936
1,M->N,1787463435.2665322,82.27944438095437,136.5,-0.6180435083555179,2.3606977016963033,-2.303580837403244
1,M->N,1787463435.3482726,82.3611850659945,136.6,-0.6097700079792016,2.369633227609207,-2.334639108457926
1,M->N,1787463435.5545325,82.56744528096169,136.8,-0.601225220121997,2.3783126701182664,-2.3647096905529925
1,M->N,1787463435.699913,82.71282509999583,136.9,-0.5924294554331284,2.3867386146038823,-2.393196468522691
1,M->N,1787463435.7181625,82.73107439198066,136.9,-0.5834039774712135,2.3949170526634234,-2.4200701807968765
1,M->N,1787463435.7957017,82.8086142729735,137.0,-0.5741685550551309,2.402856259690925,-2.445427215546207
1,M->N,1787463436.000415,83.01332761300728,137.1,-0.5647405922000269,2.4105641932049093,-2.4694916652499423
1,M->N,1787463436.2104223,83.22333446500124,137.3,-0.555134629086729,2.418047605653764,-2.492485211717314
1,M->N,1787463436.2919984,83.30491062800866,137.4,-0.5453625312275657,2.4253122180759763,-2.5145757420948596
1,M->N,1787463436.3080835,83.32099529897096,137.4,-0.5354340448004634,2.4323634225949635,-2.535962965550951
1,M->N,1787463436.4492755,83.4621880199993,137.5,-0.5253571880065689,2.439205590027802,-2.5567370526383444
1,M->N,1787463436.5930576,83.60596988000907,137.6,-0.5151391671831849,2.44584006916028,-2.5771555200297525
1,M->N,1787463436.9544246,83.96733735996531,137.9,-0.5099386033031622,2.454505939729547,-2.6315398294040193
1,M->N,1787463438.217818,85.2307306349976,138.9,-0.5015152204160223,2.460110728309039,-2.7332812620986093
1,M->N,1787463438.7261655,85.73907773796236,139.4,-0.4931137059550567,2.4666404575857706,-2.8359887435387527
1,M->N,1787463438.881219,85.89413135999348,139.5,-0.48319931457499465,2.4711945162389326,-2.9198785514122325
1,M->N,1787463440.1332314,87.14614339597756,140.6,-0.4755368064793782,2.4645946175691447,3.0748093915048953
1,M->N,1787463441.7988532,88.81176533800317,142.0,-0.46598703747370473,2.4603308471389855,3.118629274833792
1,M->N,1787463448.1063087,95.1192211759626,147.2,-0.4775289871073227,2.458974213944555,-3.135327804182608
1,M->N,1787463448.3821428,95.39505483699031,147.5,-0.4898348598665809,2.4595268225580242,-3.1308866303870992
1,M->N,1787463448.4009154,95.41382747498574,147.5,-0.5007255975371024,2.459462628051166,-3.129949507562255
1,M->N,1787463448.4861915,95.49910392897436,147.6,-0.514717689230023,2.4587751171696146,-3.131474418028438
1,M->N,1787463449.6797192,96.69263170595514,148.5,-0.5076228513426295,2.466492830280775,-2.221088472735959
1,M->N,1787463451.4519148,98.46482666098746,150.1,-0.5085025162242967,2.47849661220374,-1.5383876063016817
1,M->N,1787463451.726239,98.73915124696214,150.2,-0.5088412778841525,2.490165770786202,-1.5415458791197942
1,M->N,1787463451.816178,98.82909017900238,150.4,-0.5091372942797415,2.5020987544823763,-1.5419738361900457
1,M->N,1787463452.027831,99.04074340400985,150.5,-0.5094509606633717,2.5140668946558744,-1.5421019262918763
1,M->N,1787463452.180485,99.19339719798882,150.7,-0.5097806583558413,2.5260719313171918,-1.5422327528038613
1,M->N,1787463452.2660544,99.27896656095982,150.7,-0.5101216219954008,2.5381147410170843,-1.542325350904629
1,M->N,1787463452.473968,99.48688049096381,150.8,-0.5104699239488486,2.550196288517638,-1.5423566913336202
1,M->N,1787463452.6880739,99.70098604698433,151.0,-0.5108226238545888,2.5623174123176593,-1.5423323798179425
1,M->N,1787463452.902332,99.91524437797489,151.2,-0.5111776718213825,2.574478764607637,-1.5422717096553664
1,M->N,1787463452.991439,100.00435132795246,151.3,-0.5115337585091998,2.5866807786741215,-1.5421963414199493
1,M->N,1787463453.1384962,100.15140852797776,151.4,-0.5118901506656468,2.598923653303581,-1.542124108777192
1,M->N,1787463453.3508372,100.3637493919814,151.6,-0.5122465329507037,2.6112073535727154,-1.5420666726808254
1,M->N,1787463453.5008018,100.5137141859741,151.7,-0.51260286940123,2.6235316282518206,-1.542029592655154
1,M->N,1787463453.648757,100.66166911297478,151.8,-0.512959291452976,2.6358960443543507,-1.5420136383442158
1,M->N,1787463453.8608632,100.87377537798602,152.0,-0.5133160142764323,2.648300039379604,-1.5420165024002885
1,M->N,1787463453.9488232,100.96173599798931,152.0,-0.5136732795938812,2.6607429913633442,-1.5420343969384835
1,M->N,1787463454.2295766,101.24248923297273,152.3,-0.514031320977053,2.673224305980499,-1.5420632767324405
1,M->N,1787463454.2539318,101.26684395095799,152.3,-0.5143903466099267,2.68574351869237,-1.5420996184496885
1,M->N,1787463454.524985,101.53789789695293,152.5,-0.5147459511659284,2.6982130656343544,-1.5421387824469437
1,M->N,1787463454.799167,101.81207930395612,152.7,-0.5150893205159794,2.7105063820784867,-1.542152006665436
1,M->N,1787463454.8848069,101.89771925198147,152.8,-0.5154317605503609,2.7226235316878977,-1.5421490451728166
1,M->N,1787463455.0349653,102.04787813697476,153.0,-0.5157744710347023,2.734650049241655,-1.5421496085462014
1,M->N,1787463455.187515,102.20042760600336,153.1,-0.5161197527092911,2.7466993048833737,-1.5421485394346068
1,M->N,1787463455.4018233,102.41473558795406,153.2,-0.516467158054815,2.758786250344891,-1.5421412831286232
1,M->N,1787463455.557335,102.57024687097874,153.4,-0.5168160680362972,2.770911357601049,-1.5421277626533327
1,M->N,1787463455.5796895,102.5926014839788,153.4,-0.5171660934602633,2.783075029139455,-1.5421109922832028
1,M->N,1787463455.8488796,102.86179237096803,153.6,-0.5175170238738515,2.7952775533979954,-1.542094748780923
1,M->N,1787463455.9965825,103.00949430698529,153.7,-0.5178687779667976,2.807519077514695,-1.5420821862968843
1,M->N,1787463456.20807,103.22098214796279,153.9,-0.5182213607798245,2.8197995975612513,-1.5420753099505569
1,M->N,1787463456.3596954,103.37260762299411,154.0,-0.5185748294338084,2.8321189665916613,-1.5420749835650915
1,M->N,1787463456.5077968,103.52070913399803,154.1,-0.5189292676864518,2.844476920562786,-1.5420811996874417
1,M->N,1787463456.7829504,103.79586293897592,154.3,-0.519284768712762,2.856873121752621,-1.5420934249402245
1,M->N,1787463456.9350553,103.94796754099661,154.5,-0.5196408343740051,2.869302828372829,-1.5421111058342027
1,M->N,1787463456.959686,103.97259831399424,154.5,-0.5199934416407509,2.881657044570879,-1.5421272396678132
1,M->N,1787463457.2357397,104.24865218799096,154.7,-0.520341931507568,2.8938729092441235,-1.542131058833016
1,M->N,1787463457.4472835,104.4601959619904,154.9,-0.520687549237665,2.9059776153184282,-1.5421264857044306
1,M->N,1787463457.6589074,104.67181953898398,155.1,-0.5210335437278053,2.918073913080341,-1.5421187596448207
1,M->N,1787463457.6826108,104.69552258797921,155.1,-0.5213814827711624,2.9302077345119897,-1.54211052356021
1,M->N,1787463457.828705,104.8416178280022,155.2,-0.5217309984943242,2.9423794377112076,-1.5421018387738885
1,M->N,1787463458.0410903,105.05400281096809,155.3,-0.5220818168914624,2.9545892569840264,-1.5420936809735757
1,M->N,1787463458.318613,105.33152531995438,155.6,-0.5224337743430534,2.966837309329969,-1.542087678829103
1,M->N,1787463458.4693236,105.48223550000694,155.7,-0.5227867923755597,2.979123587101371,-1.542085335879845
1,M->N,1787463458.4917727,105.50468490598723,155.7,-0.5231408536234536,2.9914479685649953,-1.542087654011118
1,M->N,1787463458.7667444,105.77965701295761,155.9,-0.5234959814302924,3.0038102456727915,-1.542095073049578
1,M->N,1787463459.0414243,106.05433749000076,156.1,-0.5238482142351726,3.016141060218065,-1.5421059584170311
1,M->N,1787463459.0687437,106.08165568299592,156.2,-0.5241972220024588,3.028363882528453,-1.542109182608414
1,M->N,1787463459.2143304,106.22724333999213,156.3,-0.524544120321422,3.0405022733731677,-1.5421060012532668
1,M->N,1787463459.4896603,106.5025724459556,156.5,-0.5248919823885425,3.0526522782495977,-1.5421003284336676
1,M->N,1787463459.6990924,106.71200459596002,156.7,-0.5252418323178688,3.0648398654674565,-1.542094620412532
1,M->N,1787463459.721949,106.73486162000336,156.7,-0.5255652063485959,3.0760879398821475,-1.5420911778905813
1,M->N,1787463460.2057178,107.2186306489748,157.1,-0.5252238583094448,3.065795672135519,-1.526470485731772
1,M->N,1787463460.234908,107.24782029696507,157.1,-0.5244541135565054,3.053008969805474,-1.490959625444054
1,M->N,1787463460.4424384,107.4553508379613,157.2,-0.5232084733614948,3.0400043007723463,-1.4559861615551182
1,M->N,1787463460.7206733,107.73358625895344,157.5,-0.5214900068043475,3.0268473380981855,-1.4209860058078758
1,M->N,1787463460.9248073,107.93772027496016,157.6,-0.5198838214409464,3.0169081000894757,-1.394672452929295
1,M->N,1787463461.1308088,108.14372137497412,157.8,-0.5180026133912672,3.0069426828024985,-1.3682901177632512
1,M->N,1787463461.1495056,108.16241776599782,157.9,-0.5158347914735962,2.996926871839365,-1.3418310899803925
1,M->N,1787463461.1655006,108.17841283098096,157.9,-0.513381538632999,2.986905256142653,-1.3152863222464883
1,M->N,1787463461.1791916,108.19210329896305,157.9,-0.5106045557594755,2.9767801659292026,-1.288641199595508
1,M->N,1787463461.320561,108.3334734759992,157.9,-0.5075160660197199,2.966569892566735,-1.2619029859259392
1,M->N,1787463461.4647574,108.47767054697033,158.1,-0.5041196759582234,2.95631813604334,-1.235065517617286
1,M->N,1787463461.7393162,108.75222877599299,158.3,-0.5003191311039766,2.9458548176524197,-1.1971438427806407
1,M->N,1787463476.360448,123.37336009199498,170.1,-0.48841685986430255,2.953647577162762,0.5038809355693663
1,M->N,1787463476.3793006,123.3922125629615,170.1,-0.4761259840537319,2.960193808029263,0.47246716541313105
1,M->N,1787463476.39424,123.40715189697221,170.1,-0.4636170960295617,2.9663827897616772,0.4427401181889822
1,M->N,1787463476.4703195,123.48323211498791,170.1,-0.4507515507049764,2.9722440258710643,0.41012464306662033
1,M->N,1787463476.5521863,123.56509918498341,170.2,-0.4376721209143555,2.9777132853372748,0.3751496492122359
1,M->N,1787463476.762919,123.77583175397012,170.4,-0.4240923636916502,2.982762450972647,0.33409553846393136
1,M->N,1787463476.9653962,123.97830844996497,170.6,-0.4101425401347188,2.9873923604416275,0.3042242201449357
1,M->N,1787463476.9858139,123.9987258919864,170.6,-0.39593955378172824,2.991641582444365,0.27375204307978324
1,M->N,1787463477.0648239,124.07773670298047,170.6,-0.38151010614889846,2.995490306087671,0.2421501770761661
1,M->N,1787463477.2027183,124.21563098300248,170.7,-0.3717468466594902,2.9978440547146294,0.22174092710565854
1,M->N,1787463477.478865,124.4917774819769,171.0,-0.360283342367177,3.0015723749663787,0.13202156579653176
1,M->N,1787463477.5123055,124.52521756198257,171.1,-0.3496568519671772,3.0023392914911207,-0.007800736673362278
1,M->N,1787463477.6576905,124.67060349800158,171.1,-0.3580949431747635,3.008302496236121,-0.11437225165566686
1,M->N,1787463478.419997,125.43290935596451,171.8,-0.34763038456816187,3.0098293943332175,0.016345633713021432
1,M->N,1787463478.4443443,125.45725692197448,171.8,-0.3582197605605561,3.0073654444189355,0.11481198498405921
1,M->N,1787463478.6784997,125.69141205295455,172.0,-0.36869533044346137,3.0048899673349005,0.1909361411259091
1,M->N,1787463478.9622061,125.97511865000706,172.2,-0.3568116676596689,3.0071847171765302,0.1041921994117091
1,M->N,1787463479.632311,126.64522309298627,172.8,-0.36625806899563607,3.010765908125756,-0.18205147116360565
1,M->N,1787463479.9883387,127.00125239696354,173.0,-0.3536644840108787,3.0089975694116133,-0.08475258867173409
1,M->N,1787463480.2304568,127.24337045900756,173.2,-0.36372510856349255,3.0043988173904053,0.15539497218734497
1,M->N,1787463480.5038903,127.51680273097008,173.5,-0.3719860501657773,3.0105711956435894,0.2193046504180938
1,M->N,1787463480.6736095,127.68652183096856,173.7,-0.38221914942184737,3.009027286101515,0.32370799082115725
1,M->N,1787463480.9036071,127.91651948500657,173.9,-0.3714523223509441,3.012270205846926,0.22354535237083634
1,M->N,1787463481.0478477,128.06076017895248,173.9,-0.3567032658509817,3.0158887479873533,0.09012438460596496
1,M->N,1787463481.1248806,128.13779283000622,174.0,-0.345429172016862,3.017122361902021,0.0014901722134887197
1,M->N,1787463481.212371,128.2252838150016,174.1,-0.35821173485431074,3.0207510845620837,-0.1126464917512789
1,M->N,1787463481.4205022,128.43341450899607,174.3,-0.3695650604976164,3.0177194337872986,-0.20202350280055947
1,M->N,1787463481.5581145,128.57102738600224,174.4,-0.37775619802054694,3.011453975765098,-0.24976408547367226
1,M->N,1787463481.6980062,128.71091921196785,174.5,-0.3865485230352877,3.0040800553005016,-0.29760288784233335
1,M->N,1787463481.8361413,128.84905389300548,174.6,-0.3954065900286249,2.996784806600207,-0.34632358328310947
1,M->N,1787463481.97626,128.98917264398187,174.7,-0.4088906862899586,2.986244647901344,-0.42020652832330463
1,M->N,1787463482.1817997,129.19471219700063,174.9,-0.40039233484045234,2.9753396397010894,-0.5222180831995062
1,M->N,1787463482.2582617,129.2711741399835,175.0,-0.39157557113887664,2.9681083343940893,-0.4187305010922796
1,M->N,1787463482.2782562,129.2911683319835,175.0,-0.38051331712297803,2.962423462239229,-0.28792291706944406
1,M->N,1787463482.2949405,129.30785275698872,175.1,-0.36857369204949714,2.956790228873375,-0.15821329719128496
1,M->N,1787463482.308766,129.32167821697658,175.1,-0.35772185958580155,2.953409347748397,-0.030905604008449467
1,M->N,1787463482.4021008,129.41501268197317,175.1,-0.3718950529246004,2.9541802538969306,0.17479525562578843
1,M->N,1787463482.4772716,129.49018449499272,175.2,-0.38247560613049164,2.9589358925818594,0.21283962267988948
1,M->N,1787463482.615867,129.6287799649872,175.3,-0.39320435287460115,2.963782695235009,0.25243669393286317
1,M->N,1787463482.7551782,129.76809130399488,175.4,-0.4038403074180563,2.96895206118096,0.29451447462526503
1,M->N,1787463482.893975,129.90688828297425,175.5,-0.4142380860026052,2.97460551849434,0.339715680468244
1,M->N,1787463483.0305583,130.04347149300156,175.6,-0.4243283262812354,2.980831804724105,0.3883752419607459
1,M->N,1787463483.0460458,130.05895789997885,175.7,-0.4341002874484965,2.987641675864914,0.44049126712823927
1,M->N,1787463483.1209643,130.13387694995617,175.7,-0.4435867363811166,2.9949594507810815,0.4957036845303576
1,M->N,1787463483.135057,130.14796950196614,175.8,-0.4528507349518167,3.0026107647322062,0.5532941569472517
1,M->N,1787463483.2710452,130.28395750600612,175.8,-0.46197356556836283,3.010306909695986,0.6122179592442687
1,M->N,1787463483.4071124,130.42002535797656,175.9,-0.47104091018981326,3.017635648417926,0.6710710603148149
1,M->N,1787463483.421039,130.43395129300188,176.0,-0.477423025038541,3.0256027141441546,0.7268363403123987
1,M->N,1787463483.5565965,130.56950863596285,176.0,-0.47832542507492204,3.0378563766759803,0.775804839722793
1,M->N,1787463483.6926072,130.7055199429742,176.1,-0.47920555389651326,3.0497175767481077,0.8198044451309746
1,M->N,1787463483.7067363,130.7196489709895,176.2,-0.4733575379574377,3.0596221821122085,0.858496611579463
1,M->N,1787463483.7859418,130.79885495099006,176.2,-0.465464212030648,3.0701798364933106,0.9132722449607197
1,M->N,1787463483.9958565,131.0087693670066,176.4,-0.457779164566707,3.0786025274242954,0.969347948634186
1,M->N,1787463484.0795872,131.0924999699928,176.5,-0.4482369559164634,3.085374894580266,1.0325364182813273
1,M->N,1787463484.2880793,131.3009920869954,176.7,-0.438660490850853,3.0920998853578254,1.1095222262421538
1,M->N,1787463484.3858082,131.39872063498478,176.8,-0.43806962474940386,3.0816403104550725,1.2818719727104904
1,M->N,1787463484.5423405,131.5552530019777,176.9,-0.4353923956378167,3.069991176447003,1.405154647601857
1,M->N,1787463484.821409,131.83432153397007,177.1,-0.4352416240930145,3.057840338060808,1.494913806613027
1,M->N,1787463485.1653812,132.17829389398685,177.4,-0.4346170366658487,3.046988964851451,1.547179936019638
1,M->N,1787463485.1945689,132.2074812129722,177.5,-0.4347429970347534,3.0357468674545176,1.5627420304595134
1,M->N,1787463485.629871,132.6427843059646,177.8,-0.4334748027806363,3.0463885442191856,1.6046500598320244
1,M->N,1787463485.9894478,133.00236028200015,178.1,-0.4288836065692781,3.0553781420904187,1.7072129769018975
1,M->N,1787463486.1468704,133.15978296095273,178.2,-0.4393470652641974,3.0567317842616055,1.7731796223143894
1,M->N,1787463487.0105617,134.02347426698543,178.9,-0.4479145333032823,3.049644396527365,1.832246757033274
1,M->N,1787463487.2466419,134.25955416599754,179.2,-0.4491345443383316,3.039434474324516,1.8663483403862475
1,M->N,1787463487.3316088,134.3445211930084,179.2,-0.45021845103722113,3.028030895227617,1.9139538774149134
1,M->N,1787463487.481911,134.49482372996863,179.4,-0.4523578386002816,3.015234938168353,1.99459888666037
1,M->N,1787463487.687381,134.70029327296652,179.5,-0.4525883427317096,3.002967028719549,2.066731118450416
1,M->N,1787463487.838936,134.8518482359941,179.7,-0.45703737471125067,2.9939279426364926,2.162307079356521
1,M->N,1787463488.1406844,135.15359726297902,179.9,-0.46441193444388507,2.986164370744526,2.361600891827149
1,M->N,1787463488.8809116,135.89382381696487,180.5,-0.46357644278038124,2.99716315888638,2.8926212052888225
1,M->N,1787463489.4695532,136.4824657419813,181.0,-0.46537634105459064,3.007423758787977,2.9441328675925877
1,M->N,1787463489.7646556,136.7775682020001,181.2,-0.45882076200289634,3.0167122549508845,2.936112509711233
1,M->N,1787463491.0090063,138.02191890100949,182.4,-0.45061839412913374,3.0225482086504094,2.8583552827538816
1,M->N,1787463491.275129,138.28804213000694,182.6,-0.4607691528465881,3.026374088754895,2.8376295483529725
1,M->N,1787463491.55157,138.5644828939694,182.8,-0.4717461269409899,3.027888074315831,2.7753338567298225
1,M->N,1787463491.703894,138.71680600196123,183.0,-0.48286312914590257,3.0280978887022636,2.6566404862731274
1,M->N,1787463492.060429,139.07334140798775,183.3,-0.48093924150195616,3.018121259939577,2.4447036889884766
1,M->N,1787463492.2955282,139.30844092799816,183.4,-0.47287978228180855,3.0105143343912384,2.4009882481567213
1,M->N,1787463492.6730707,139.68598320399178,183.8,-0.47987183176277753,3.019007046828302,2.4484013418241175
1,M->N,1787463492.9619088,139.97482146997936,184.1,-0.48967579487039437,3.022580552574659,2.2899963375234327
1,M->N,1787463493.1928086,140.20572102296865,184.3,-0.4899462682631233,3.0112559568178665,2.079191432166629
1,M->N,1787463493.4128234,140.42573614499997,184.4,-0.48557193696606343,3.002014715101539,2.0487927928506036
1,M->N,1787463494.2314847,141.24439681100193,185.1,-0.49300448514082496,2.9928725249159163,1.8371663423212325
1,M->N,1787463494.5065157,141.51942819100805,185.3,-0.49253474169505346,2.9825344923789645,1.797265588295387
1,M->N,1787463495.1765535,142.18946635298198,185.9,-0.49671335327746624,2.9722987876411238,1.6661864159919153
1,M->N,1787463495.1969323,142.2098447259632,186.0,-0.49603147988836316,2.960086487898967,1.6910658466041917
1,M->N,1787463495.4025502,142.4154625639785,186.1,-0.49538641983553405,2.9456201455026028,1.7225496648628509
1,M->N,1787463495.8867164,142.89962935895892,186.5,-0.5067319333666711,2.944371635014966,1.7831429182276315
1,M->N,1787463496.0603778,143.0732898779679,186.7,-0.5164769422387154,2.9493201794889297,1.8278136890030225
1,M->N,1787463496.1611462,143.17405816697283,186.8,-0.5257894571281769,2.945270913247973,1.881352872293202
1,M->N,1787463496.5817103,143.59462332498515,187.1,-0.5252482021761286,2.932687099768011,1.934879058745389
1,M->N,1787463497.6103506,144.62326385895722,188.0,-0.518626237709334,2.9404752257658378,2.118186798414186
1,M->N,1787463498.4352803,145.448193299002,188.7,-0.511652145239251,2.948572109656762,2.3043545046512977
1,M->N,1787463498.6459284,145.65884035400813,188.9,-0.5010480372288008,2.948225681479045,2.4270274392165114
1,M->N,1787463500.000621,147.01353334600572,190.0,-0.5043865604801913,2.937057477178573,2.5844821310286967
1,M->N,1787463500.1574285,147.170341258985,190.1,-0.49846459170623536,2.9277190910364164,2.659683808961169
1,M->N,1787463500.2394254,147.25233790499624,190.2,-0.4919796152268796,2.9200520564369588,2.728009223853794
1,M->N,1787463500.381489,147.39440149400616,190.3,-0.4836062298999553,2.9120836071602407,2.798589968144179
1,M->N,1787463500.6050293,147.61794132197974,190.5,-0.4791861494039135,2.903103215382932,2.9146577341453157
1,M->N,1787463500.981089,147.99400177696953,190.9,-0.479648704508453,2.8927969159374958,3.046972199250389
1,M->N,1787463502.701036,149.71394850697834,192.3,-0.4765125777150985,2.9026806804879515,3.042165425881692
1,M->N,1787463502.932399,149.94531096500577,192.5,-0.47053373829151673,2.91195867594795,3.044704348853544
1,M->N,1787463502.9561622,149.96907424298115,192.6,-0.46399311908396296,2.9195604185720856,3.0466759016654326
1,M->N,1787463503.6802344,150.69314709398896,193.1,-0.47479264162923146,2.922736084006051,3.0753907839497696
1,M->N,1787463504.1241996,151.13711213698843,193.5,-0.4852272422140662,2.92284769707485,3.014439916029102
1,M->N,1787463504.4962466,151.50915862398688,193.8,-0.49364186678983585,2.9160337661657203,2.89680709284952
1,M->N,1787463505.1532745,152.16618716000812,194.3,-0.49340645119919135,2.905022082876129,2.8800664312806914
1,M->N,1787463505.2624574,152.27536935999524,194.5,-0.4846851100551339,2.897158772688184,2.9635221914149197
1,M->N,1787463505.488288,152.50120030896505,194.7,-0.47598901798240817,2.8893167816682372,3.0527751933877805
1,M->N,1787463506.5064833,153.51939661696088,195.5,-0.48407374348396887,2.8957718148137697,3.140637351913686
1,M->N,1787463506.7379131,153.75082608498633,195.7,-0.48615335106032337,2.9071757382262873,-3.052243261734319
1,M->N,1787463507.102141,154.11505376797868,196.0,-0.4865873253611978,2.9180598040857286,-2.9087914977207876
1,M->N,1787463507.3323498,154.34526207396993,196.2,-0.48427476004632797,2.928093975828233,-2.8469869810035995
1,M->N,1787463507.6262224,154.6391351459897,196.4,-0.4767485778617056,2.9370320830885372,-2.8725302311253587
1,M->N,1787463507.9949486,155.00786074600182,196.8,-0.4691115326705387,2.9441125558701757,-3.0339269772711295
1,M->N,1787463509.2167337,156.2296472529997,197.8,-0.4649002959786473,2.9344047602046883,-3.0464413297408717
1,M->N,1787463509.9772048,156.990116965957,198.4,-0.47587922572936636,2.933857669796288,-3.03564651101587
1,M->N,1787463510.533181,157.54609303199686,198.9,-0.4857361671599062,2.9386942415217416,-2.9317850916195662
1,M->N,1787463510.8383975,157.85131009097677,199.2,-0.47962339695921663,2.948025672466339,-2.813693982415997
1,M->N,1787463512.2534776,159.26639120298205,200.4,-0.48987881631245533,2.948340227668764,-2.8323904492866823
1,M->N,1787463551.9447107,198.95762319199275,233.3,-0.4959141757949009,2.957434457039753,-2.862978540253437
1,M->N,1787463552.3275142,199.3404265900026,233.6,-0.49206652297053116,2.968208528003284,-2.911236956183589
1,M->N,1787463552.6335049,199.64641687000403,233.9,-0.4880158807429939,2.978474913513945,-2.955750324111229
1,M->N,1787463553.1238363,200.13674924097722,234.2,-0.4831118604967697,2.9882685415813057,-3.0049720257005856
1,M->N,1787463553.7236392,200.7365516310092,234.8,-0.478728149931944,2.9975328064433415,-3.0449704207369526
1,M->N,1787463555.8830209,202.89593301998684,236.4,-0.4755049547134586,3.007166365435194,-3.0726628770157274
1,M->N,1787463559.0217078,206.03462009096984,238.8,-0.47193374665955956,3.016572405946907,-3.1025965023165742
