wall_time,wall_elapsed_s,sim_time,x,y,yaw
1787886724.088205,0.07308386900695041,60.2,-8.49819392660098,1.063341220345092e-06,0.0016625466513980542
1787886726.28976,2.2746383160119876,61.9,-8.485175966075731,3.1474216281077016e-05,0.003288096337417167
1787886726.5035272,2.488405246011098,62.0,-8.472917307257502,7.835409470407058e-05,0.00457920392098815
1787886726.577847,2.5627248490054626,62.1,-8.46258422309137,0.0001288127393209503,0.005267148860006354
1787886726.655938,2.6408159120037453,62.2,-8.451084193474214,0.000190517828340709,0.005403341365348527
1787886726.7313104,2.7161887360125547,62.2,-8.439119790727663,0.0002539829527993725,0.0051236878455368255
1787886726.8707051,2.855583831013064,62.3,-8.426418444382065,0.0003150516072880652,0.004247934233889474
1787886726.9465942,2.9314722870039986,62.4,-8.41304451610804,0.0003654418234973402,0.002936771164412559
1787886727.0224774,3.0073553640104365,62.5,-8.399212415390402,0.0003985237475694086,0.0014790781651725907
1787886727.0989656,3.083844806009438,62.5,-8.385037217253881,0.00041085129922697073,-0.00010713773240542768
1787886727.173847,3.158724549008184,62.6,-8.37069163130856,0.00040068986372286555,-0.0017760540705208294
1787886727.31189,3.2967680020083208,62.7,-8.356347376601141,0.00036656618457818854,-0.0034849484069688326
1787886727.451054,3.4359321530064335,62.8,-8.34174761594755,0.00030567756707107306,-0.005336268669934904
1787886727.4607873,3.4456644890015014,62.8,-8.326914068060246,0.00021451473934805664,-0.007453204656845742
1787886727.5968678,3.5817462080012774,62.9,-8.312135697975986,9.131513811805279e-05,-0.009908407601959709
1787886727.6730723,3.6579511300078593,62.9,-8.297408394848791,-6.860461204693704e-05,-0.012667876503688584
1787886727.8119042,3.7967831950081745,63.0,-8.282658003163709,-0.0002728177111608434,-0.015939073754627463
1787886727.827563,3.8124410470045405,63.1,-8.267816980488009,-0.0005305873572806785,-0.019838809751694133
1787886727.9027402,3.887618148000911,63.1,-8.253047621259146,-0.0008485115241631798,-0.02451925184217233
1787886727.978453,3.963330508006038,63.2,-8.238328153790413,-0.0012384973322865545,-0.03002731801360429
1787886728.1158113,4.100689364000573,63.3,-8.223458857491854,-0.0017178290798382822,-0.036163485479646665
1787886728.192243,4.177121354005067,63.3,-8.208639888534389,-0.0022910777283842647,-0.04308664513212755
1787886728.2702866,4.25516411200806,63.4,-8.193912822107626,-0.002967635997514918,-0.050896589510109856
1787886728.3453858,4.330263857002137,63.5,-8.179239698844682,-0.0037612048231784687,-0.059649228994768023
1787886728.4196136,4.4044912600074895,63.5,-8.164473540351006,-0.004693466945923557,-0.0690749532211848
1787886728.5564606,4.541338414011989,63.6,-8.149574766618585,-0.005778288026768105,-0.07908700348197174
1787886728.6344714,4.619349739004974,63.7,-8.134702556534974,-0.007013902500377222,-0.08966870743753551
1787886728.7097147,4.694592327010469,63.7,-8.119869552550279,-0.008409037975279561,-0.1010300171476506
1787886728.7856345,4.7705120840109885,63.8,-8.105054623912153,-0.009974884055095761,-0.11293056841489411
1787886728.8616693,4.846547179011395,63.9,-8.09020973263383,-0.011726001641871235,-0.12547396376505274
1787886728.935605,4.920482792003895,63.9,-8.07533055561049,-0.013673989202529966,-0.13850836627443633
1787886729.0722332,5.05711113801226,64.0,-8.060286006199634,-0.01584702001506235,-0.15227678248054036
1787886729.1505685,5.135446195999975,64.1,-8.045190000393061,-0.018243509985958847,-0.1665846900157383
1787886729.287468,5.272345807010424,64.2,-8.029965529406317,-0.02088708709478196,-0.18140083779984714
1787886729.3661497,5.351027557000634,64.3,-8.014613154810702,-0.023790994655039796,-0.19673682522981065
1787886729.3795023,5.364380045008147,64.3,-7.999199336212805,-0.026954469273505467,-0.2125018155066946
1787886729.5158968,5.500774863001425,64.4,-7.983622145104572,-0.03041060742117498,-0.22862415789212268
1787886729.5914407,5.576318456005538,64.4,-7.968008623464846,-0.03414250198174634,-0.24518433871561565
1787886729.6679492,5.652827375000925,64.5,-7.952331897809657,-0.03816679388108404,-0.26204252403476713
1787886729.8045871,5.789465304012992,64.6,-7.936593805376893,-0.04249328604570349,-0.27923132698602454
1787886729.9446673,5.929545845006942,64.7,-7.92089415848453,-0.047102915696288945,-0.2966735768613429
1787886729.95918,5.9440576110064285,64.7,-7.905192412717159,-0.05201455778429871,-0.31450776315537793
1787886730.099602,6.084479889002978,64.8,-7.889577014394744,-0.05720868601440915,-0.33265068110824936
1787886730.1792521,6.164139796004747,64.8,-7.874051519625284,-0.06269012087114163,-0.3511234854027628
1787886730.3233235,6.308201491003274,65.0,-7.858620439346741,-0.0684634275868915,-0.36991201250909955
1787886730.337807,6.322684682003455,65.0,-7.847622182554387,-0.07279645705040029,-0.3831422523295462
1787886730.4121253,6.397003643010976,65.0,-7.836254401855358,-0.07742203348297143,-0.3929186569402896
1787886730.4891694,6.4740471390105085,65.1,-7.824918712598575,-0.08218061232030492,-0.40589926029644524
1787886730.6280003,6.6128783029998885,65.2,-7.813648442161044,-0.08709200412199614,-0.420169264734244
1787886730.703623,6.688501336000627,65.3,-7.8024321693657015,-0.09217484179356936,-0.43492231757124705
1787886730.7182405,6.703118550009094,65.3,-7.79121814972186,-0.09745883471478914,-0.449904857876254
1787886730.8554955,6.840374106002855,65.4,-7.780037243003733,-0.10293406482728913,-0.4649872858062025
1787886730.93077,6.9156477650103625,65.4,-7.7688238229651585,-0.10863727872340416,-0.4801085112546901
1787886731.0086992,6.993577247005305,65.5,-7.757618905405574,-0.1145515579450749,-0.49519444364656456
1787886731.0893886,7.074266180003178,65.6,-7.745729739214024,-0.12106274493433858,-0.5102908966684515
1787886731.1635327,7.14841082401108,65.6,-7.731094052385215,-0.12937219979223888,-0.5262779460249167
1787886731.3009462,7.285824784004944,65.7,-7.715945791623274,-0.13831194799781704,-0.5444591268736383
1787886731.3771746,7.362052387004951,65.8,-7.70085557306983,-0.1475980180363924,-0.5632477274950675
1787886731.4539351,7.438813261003816,65.9,-7.686714812375556,-0.1566713953603786,-0.5819259905423726
1787886731.5289047,7.513783145011985,65.9,-7.673241281385654,-0.16566587782034267,-0.5997940110097933
1787886731.6687403,7.653618775002542,66.0,-7.660963432978151,-0.1741758234538447,-0.6164076324229257
1787886731.8078754,7.792753710004035,66.1,-7.649564963274288,-0.1823484664699974,-0.6311071959311104
1787886731.8845377,7.869415916007711,66.2,-7.638823498897317,-0.19027857994985334,-0.6436473889713811
1787886731.898769,7.883646544010844,66.3,-7.628299038984714,-0.19824255616094302,-0.6541988000320367
1787886732.0359066,8.02078458800679,66.3,-7.618394891421786,-0.20589361066689177,-0.6630023205188488
1787886732.1159458,8.100824017004925,66.4,-7.60924304861535,-0.2130799785814216,-0.6695780619172145
1787886732.196199,8.18107728700852,66.4,-7.599045021702304,-0.22119899385192737,-0.675533673776788
1787886732.4029179,8.387796461000107,66.6,-7.589910671725687,-0.22852892581139103,-0.6766267372203811
1787886732.5487745,8.533652115002042,66.7,-7.581596742730965,-0.23519379099106916,-0.6735745965785469
1787886732.6968238,8.68170172101236,66.8,-7.571945405846714,-0.2428428577852899,-0.6646123198621914
1787886732.91053,8.895409236007254,67.0,-7.563018601936736,-0.249769481219509,-0.6521927407208263
1787886733.06801,9.052888691003318,67.1,-7.554258882441684,-0.2563543209017636,-0.6335411979776473
1787886733.3019285,9.286806171003263,67.3,-7.54521405447756,-0.2628873317575591,-0.6126395423211398
1787886735.0328877,11.017765552998753,68.7,-7.554548047560306,-0.2588887889329538,-0.4091796349226247
1787886735.9285865,11.913463986013085,69.5,-7.5612873868001955,-0.2505107959366426,-0.34218820931215643
1787886736.0635889,12.048467437998625,69.5,-7.5704533064882735,-0.24143441270979416,-0.27904431933476
1787886736.2022586,12.187136815002305,69.7,-7.584570132094196,-0.23300004945315553,-0.18156637520379285
1787886736.27705,12.261927854007808,69.8,-7.594348694065102,-0.22541591311937667,-0.11782962446091796
1787886736.2887511,12.273628901006305,69.8,-7.605498519706783,-0.21644964194161995,-0.05133211884865871
1787886736.3031733,12.288050831004512,69.8,-7.6106205014464345,-0.20195681710216282,-0.024408303374783644
1787886736.3077452,12.29262274800567,69.8,-7.611318138113936,-0.19142202302923983,-0.020759964709875088
1787886736.5098345,12.494712405008613,69.9,-7.612261451839353,-0.17736653404975444,-0.018901346279926123
1787886736.5907054,12.575582826000755,70.1,-7.612080970385486,-0.16413997193695248,-0.01650833092667904
1787886736.7262852,12.711163612009841,70.1,-7.613064968535274,-0.15193560507429604,-0.005128951422299502
1787886736.8624778,12.847355579011491,70.3,-7.613114591587665,-0.1407870114182554,0.0030005390673834265
1787886737.0048747,12.989752578010666,70.5,-7.613685286770437,-0.12434469322833766,0.018482290556666482
1787886737.0161347,13.001012467007968,70.5,-7.613188731401447,-0.10977962755739948,0.019130780617805564
1787886737.0268908,13.011768108000979,70.5,-7.615593725946933,-0.09850401347464588,0.03703147489602292
1787886737.0981705,13.08304849700653,70.5,-7.614960946331224,-0.08832314295620779,0.027626918043979935
1787886737.3038664,13.28874438701314,70.7,-7.6144274221255595,-0.07760390803911368,0.006842596578955562
1787886737.4402373,13.425115502002882,70.8,-7.612087443153216,-0.06010535609794881,-0.019635988376032837
1787886737.5821366,13.567020369999227,71.0,-7.613612811361996,-0.03809499479176842,-0.016273732801656376
1787886737.6590943,13.643971899000462,71.1,-7.614002437448073,-0.024877166074150355,-0.018021010859407893
1787886737.6709197,13.655797115003224,71.1,-7.612759200541667,-0.013320947015033238,-0.028928757054557296
1787886737.6811478,13.666025477010407,71.1,-7.611633560285549,-0.0022764137432870245,-0.04955930610325423
1787886737.6903589,13.67523616499966,71.1,-7.610565653047877,0.008272737581496787,-0.07999569183974033
1787886737.6987731,13.683650671999203,71.1,-7.610253621138313,0.019746460972294735,-0.08587115804724395
1787886737.7062018,13.691079055002774,71.1,-7.610345566693241,0.03180729930347193,-0.0953151632224206
1787886737.8406544,13.825532301008934,71.2,-7.609859757968218,0.04243314023284901,-0.10630797530185439
1787886737.9775116,13.962390713000786,71.3,-7.609624731164465,0.05363078065999139,-0.11243952188301691
1787886737.9904134,13.975291438007844,71.4,-7.609597044283021,0.06470623839924927,-0.11645704041038311
1787886738.1259427,14.110821028007194,71.5,-7.609555862817762,0.07572613716832644,-0.11957782404457801
1787886738.202136,14.187013826012844,71.5,-7.609378068641139,0.08671174459942241,-0.12303474305148408
1787886738.3380537,14.322931799004436,71.7,-7.609158619232131,0.09761060171715785,-0.12581437784544194
1787886738.4739594,14.458837402999052,71.8,-7.6089780412829935,0.1091419550063305,-0.1273768207156703
1787886738.6099987,14.594876379007474,71.9,-7.608848064218819,0.12080661313475877,-0.12829555565375994
1787886738.622842,14.607719735999126,72.0,-7.608784906056156,0.13202274170465325,-0.12881060694690263
1787886738.6343348,14.619212356003118,72.0,-7.608923820300386,0.14281683104885756,-0.12886923301587783
1787886738.6443052,14.629182700999081,72.0,-7.608932116774478,0.15362814729512272,-0.12882573860153979
1787886738.6537116,14.638588966001407,72.0,-7.608783148963061,0.16523629984894694,-0.12884522746962684
1787886738.662479,14.647356447007041,72.0,-7.60857689872499,0.17625251195548844,-0.12939400724543793
1787886738.7333379,14.718215904009412,72.0,-7.608483840128722,0.1873631174681818,-0.12995752955994325
1787886738.8695126,14.854390407010214,72.2,-7.608429043710612,0.19850429006789816,-0.13052369051027687
1787886739.0050342,14.989912264005397,72.3,-7.608487955884004,0.20956348218901413,-0.13093528690860698
1787886739.0797813,15.064659031006158,72.4,-7.608501808901936,0.22067152216917588,-0.13114057088015704
1787886739.092797,15.077674489002675,72.5,-7.608449491534291,0.2316848153159246,-0.13134356065903802
1787886739.102876,15.087753243002226,72.5,-7.608318346234685,0.24220413673727034,-0.13145990773111796
1787886739.174337,15.159215256004245,72.5,-7.608127917946167,0.2531919898711071,-0.13244680133750256
1787886739.3123484,15.29722671500349,72.6,-7.6079965849733275,0.26472628450111985,-0.1334890078716041
1787886739.9897034,15.974581244008732,73.3,-7.614644547750706,0.27236425664413433,-0.1350741985896088
1787886740.6482737,16.63315109400719,74.0,-7.626326422218308,0.27397295200151583,-0.14013628188154786
1787886740.6642463,16.64912338400609,74.0,-7.636525598568587,0.27580891681616343,-0.20628480597392068
1787886740.9345775,16.919455579001806,74.2,-7.648162221959057,0.27799380116760375,-0.26085538864229035
1787886741.0840125,17.068890005000867,74.4,-7.66061948098609,0.28020846457535464,-0.3155966850838323
1787886741.2331657,17.218043768007192,74.4,-7.661173370279903,0.2691663316451354,-0.3765986874343858
1787886741.3837516,17.36862916300015,74.7,-7.658954555534612,0.2590361888691519,-0.42098579049303214
1787886741.5301232,17.515001297011622,74.7,-7.656564224057908,0.24914914061388072,-0.4645877529995885
1787886742.058208,18.04308565100655,75.3,-7.662790507570432,0.2589221076499013,-0.6236673885428369
1787886742.286648,18.27152563200798,75.5,-7.652503400802583,0.2619690711686201,-0.7075848500079633
1787886742.5807135,18.565591725011473,75.8,-7.653274234656101,0.2721221454818859,-0.809991787107463
1787886742.9575303,18.94240840600105,76.1,-7.642463670925097,0.2715963482584425,-0.9347089155311517
1787886743.2434785,19.228356803010684,76.4,-7.6467255850987055,0.28130871490884607,-0.9967033434342999
1787886743.3256557,19.31053317199985,76.5,-7.652823297247894,0.2912144690416068,-1.058635224057734
1787886743.536214,19.521092036011396,76.7,-7.658080020972117,0.30101801154823393,-1.171056942103512
1787886743.711087,19.695964597005513,76.9,-7.665069930015777,0.2901677311997388,-1.431527119154574
1787886743.8461385,19.831016353011364,77.0,-7.674353970753693,0.28166973447231747,-1.4856503053587227
1787886743.9200952,19.9049731210107,77.1,-7.679518269024525,0.269368023629112,-1.538182139603036
1787886743.9262128,19.911090339999646,77.1,-7.679316090788511,0.25902200733280056,-1.5631508754389967
1787886743.932066,19.91694362500857,77.1,-7.6792262297787355,0.24853583268740906,-1.5879769933654986
1787886743.999982,19.98486071600928,77.1,-7.679414050018473,0.2374486453257292,-1.6126243795703037
1787886744.0069814,19.991859183006454,77.2,-7.679861857369919,0.22613208069022736,-1.637210839310117
1787886744.0131488,19.99802609901235,77.2,-7.680509433121197,0.21585849378442795,-1.660818783228704
1787886744.1488957,20.13377389300149,77.3,-7.682133574189416,0.19794691301695577,-1.686218233374535
1787886744.751047,20.735924412001623,77.9,-7.690609058568016,0.20357413854421713,-1.8023375526176892
1787886745.0522516,21.03713023700402,78.2,-7.701279726149968,0.20226524520553305,-1.8557542262191074
1787886745.5667884,21.55166611399909,78.7,-7.706227896288606,0.21176573992716843,-1.9206305779707409
1787886745.6547866,21.639670960008516,78.8,-7.700917554841478,0.22043061439006056,-1.9469390213415387
1787886746.2501514,22.235029231000226,79.4,-7.7053027746862215,0.2339217580384268,-1.5324444263793218
1787886746.3871388,22.372017642002902,79.4,-7.705466172940768,0.24509313092765408,-1.4914681052451035
1787886746.527772,22.512650069998926,79.6,-7.705971010474328,0.2569828455141262,-1.4531620051647454
1787886746.5413022,22.526179576001596,79.6,-7.706874154332026,0.2670839504332427,-1.41686324277258
1787886746.8956316,22.88050980400294,80.0,-7.707588943128721,0.27761879381002064,-1.3602894855262735
1787886747.552614,23.53749179901206,80.6,-7.706489292252271,0.2672040915937244,-1.2181785860948324
1787886747.7268264,23.7117049160006,80.7,-7.701957828245952,0.2575321172112762,-1.1495460497049208
1787886748.0012608,23.986140324006556,81.0,-7.7027704605638085,0.2688891212575585,-1.1754504787489835
1787886748.087623,24.07250065500557,81.1,-7.707771606849242,0.27782832653938977,-1.2822624345702338
1787886748.1640794,24.14895758900093,81.1,-7.717005645020734,0.28512399626524737,-1.348840695342865
1787886748.299568,24.284445712008164,81.2,-7.726141414041845,0.28924858869682085,-1.3917281774135681
1787886748.5038648,24.48874297000293,81.4,-7.732317848613878,0.29892488571982306,-1.4583893062890658
1787886748.7104058,24.69528417100082,81.6,-7.73379711295652,0.3106666713798402,-1.5428696936958206
1787886748.7786145,24.763492676007445,81.7,-7.7304815990705995,0.32674499390724077,-1.600636695802134
1787886748.8468454,24.83172348300286,81.8,-7.727844404841846,0.34549867426836883,-1.6577268049952116
1787886748.9144175,24.899295839000843,81.8,-7.7252788260414675,0.36396716999564,-1.714121974554336
1787886748.9266217,24.911499514011666,81.9,-7.723394713319561,0.38129557038447787,-1.7636211746663313
1787886748.936983,24.921860815011314,81.9,-7.720908128041353,0.3974605914457096,-1.8055986379839573
1787886748.946364,24.93124123600137,81.9,-7.717604621971632,0.4132864869900504,-1.848118237510878
1787886748.9550538,24.939931338012684,81.9,-7.7135877136919735,0.42940214345147915,-1.8918549867729302
1787886748.9630208,24.947898248006823,81.9,-7.709039641717261,0.44524887222632337,-1.935391586079061
1787886748.970398,24.95527539899922,81.9,-7.7053031716706375,0.45999274163411125,-1.9716855077846054
1787886749.0433855,25.0282638350036,82.0,-7.704457462041063,0.47034919447036133,-1.9028744650033145
1787886749.4641888,25.449066903005587,82.4,-7.708116750512661,0.48260272198804477,-1.5256757200111724
1787886749.4724321,25.457310149999103,82.4,-7.710461684494064,0.49287299832062703,-1.4801835949233266
1787886749.4840178,25.468895638012327,82.4,-7.712860993961332,0.5106691521675455,-1.4195208370079069
1787886749.619806,25.604683939003735,82.5,-7.716777997271424,0.5260111628307498,-1.377981239540823
1787886749.6959195,25.680797945999075,82.6,-7.7213926262805845,0.5412628697159466,-1.3365887977545494
1787886749.7077096,25.69258725400141,82.6,-7.72611451048697,0.5557052597817791,-1.2946476314410762
1787886749.7819486,25.766826935010613,82.7,-7.731200394268589,0.5702938178947362,-1.2511859315236393
1787886749.8556492,25.840527439999278,82.7,-7.736588353099753,0.5845931232794385,-1.2059678826969185
1787886749.929326,25.914204548011185,82.8,-7.742146614599324,0.598454795725049,-1.1584222884426365
1787886750.003802,25.98868009301077,82.9,-7.747947987503417,0.6123534666058649,-1.108394450847501
1787886750.0782783,26.063156488002278,83.0,-7.7539486855607835,0.6263169251967318,-1.0551951544959208
1787886750.1520567,26.13693452499865,83.0,-7.75897928043138,0.6403848796728321,-1.001416514753741
1787886750.2286139,26.213491914008046,83.1,-7.764140076289427,0.6543136845356021,-0.9464970089843756
1787886750.303111,26.28798889000609,83.2,-7.769048803809615,0.6680521200003394,-0.8934229597163895
1787886750.3771994,26.36207738300436,83.2,-7.774366681719844,0.6811442442125198,-0.8404239991214777
1787886750.5138788,26.498756859000423,83.4,-7.779998380446942,0.6941814392104844,-0.7847635059308211
1787886750.5265062,26.511384237004677,83.4,-7.785926634073638,0.7068241021104775,-0.730396892893383
1787886750.5374203,26.522297937000985,83.4,-7.79136427352693,0.7195003509632472,-0.6774587571490075
1787886750.8314884,26.816366065002512,83.7,-7.79389679648999,0.7305143095780537,-1.006153988661356
1787886750.978215,26.96309312300582,83.8,-7.795674077871647,0.7418032029336317,-1.242474179016662
1787886751.121851,27.106728908998775,83.9,-7.799642378122628,0.7552190530354874,-1.3900030515566377
1787886751.1339417,27.118819428011193,84.0,-7.797994345179261,0.7662891583048118,-1.4759711382077771
1787886751.2694285,27.25430669900379,84.1,-7.793196815372153,0.7801083606720113,-1.5575265470741722
1787886751.3455951,27.330473295005504,84.2,-7.789656741318725,0.7987082159011459,-1.6142437479062581
1787886751.4820268,27.46690479000972,84.3,-7.785905202619097,0.815677935145072,-1.6502760189210766
1787886751.555896,27.540773656000965,84.4,-7.783134219335956,0.8286089109313349,-1.6586206059482669
1787886751.5666585,27.551536155006033,84.4,-7.780192517316025,0.8407788060783534,-1.661663581930933
1787886751.5767996,27.561677575999056,84.5,-7.777632625643108,0.8530100491039202,-1.6652281952833639
1787886751.585935,27.57081234001089,84.5,-7.775487435008947,0.8650365946111217,-1.6695404408596104
1787886751.7202535,27.705131844006246,84.5,-7.773360598471249,0.8766124998778382,-1.67408653935589
1787886751.7956088,27.780487209005514,84.6,-7.771972561453586,0.8886435993335167,-1.6790640677212276
1787886751.8698113,27.854688972001895,84.7,-7.771133039175745,0.9006930015912191,-1.6847244702887607
1787886752.0072446,27.992122298004688,84.8,-7.770584879089601,0.9126684752291948,-1.6888855813373282
1787886752.0822632,28.067141037012334,84.9,-7.770401826575255,0.9244187798468998,-1.690439865477757
1787886752.094454,28.079331537010148,85.0,-7.7703622230351,0.9355586406348397,-1.6894266040906412
1787886752.2293842,28.214262257999508,85.0,-7.770573110850949,0.9462357013828606,-1.6858748936440706
1787886752.3660142,28.350892247006414,85.2,-7.77210019448726,0.9575657444317021,-1.6845919103140532
1787886752.3785496,28.363427017000504,85.2,-7.77418882974476,0.9693995012999628,-1.687120473348986
1787886752.3892753,28.37415272599901,85.2,-7.776600171814274,0.981389095284135,-1.691656760892366
1787886752.4611254,28.446003688004566,85.2,-7.779021079821712,0.9933688266005244,-1.6966125944962107
1787886752.4730055,28.45788288601034,85.3,-7.781399821851315,1.0051902171145315,-1.7010482448504909
1787886752.6084027,28.59328082400316,85.4,-7.7834029184457245,1.0170871564642956,-1.7072176383371924
1787886752.6836355,28.668513424010598,85.5,-7.784832457940345,1.0291619997831198,-1.7167546974656849
1787886752.819798,28.80467626301106,85.6,-7.785859427284417,1.0410010626904576,-1.7241488147676618
1787886752.8337882,28.818665893006255,85.7,-7.786050881535416,1.0523432749660688,-1.7302804602080242
1787886752.9203415,28.905219993001083,85.7,-7.789081897246103,1.0636521418876015,-1.548424499463696
1787886753.060968,29.045846294000512,85.8,-7.792562501958813,1.0765861538658872,-1.4239012859496996
1787886753.135123,29.120000601003994,85.9,-7.797805143415205,1.0892480830676095,-1.295275861666623
1787886753.2089546,29.193832599004963,86.0,-7.805922219515536,1.105241018273944,-1.1691521697744707
1787886753.215034,29.199911549003446,86.0,-7.811142361101296,1.1141380026148504,-1.1068749061318957
1787886753.287739,29.272617324008024,86.0,-7.819958406511684,1.1292763747132954,-0.9897809526284378
1787886753.299709,29.28458675800357,86.1,-7.828560218777987,1.144901214401964,-0.887270027432701
1787886753.4346542,29.41953210400243,86.2,-7.82923398163553,1.1558669512652178,-0.7972203744580056
1787886753.5706978,29.55557550500089,86.3,-7.825718521118381,1.1754198211846967,-0.7097429314040344
1787886753.6448896,29.629767646008986,86.4,-7.826566662073069,1.1857423120654091,-0.6265532911837484
1787886753.9165304,29.901408613004605,86.6,-7.836075929115807,1.1947949530807656,-0.48148180012732156
1787886753.9355686,29.92044625300332,86.7,-7.846847481767582,1.2033146962345131,-0.3537338119689369
1787886753.9508288,29.935705992000294,86.7,-7.85718294175515,1.211891657176953,-0.20521383482312316
1787886754.094061,30.078938656006358,86.8,-7.866979430142585,1.2154300399998896,-0.04054077241423673
1787886754.2302952,30.21517345700704,86.9,-7.877850765962593,1.2186745084469572,0.06866205118697509
1787886754.3659525,30.35083047200169,87.0,-7.892635646397322,1.21892693516508,0.19200669897758063
1787886754.440329,30.425206389001687,87.2,-7.908025929107161,1.2157627729654685,0.3340870623679175
1787886754.474625,30.459502299010637,87.2,-7.90291321518574,1.22564742913768,0.2923539141685168
1787886754.6208947,30.60577257401019,87.3,-7.900889501173791,1.2355015293931177,0.15477299916777412
1787886755.1100733,31.094951192004373,87.7,-7.900028289282563,1.2458606532460308,-0.01675842101944841
1787886755.1326413,31.11751855300099,87.8,-7.887520644562055,1.2477505440205825,-0.0707289393779606
1787886755.436323,31.42120049901132,88.1,-7.880792903542832,1.2555712867755142,-0.0509228339243138
1787886755.5845647,31.569442934007384,88.2,-7.86870047588949,1.2616884401568067,0.07136818554803366
1787886755.7397084,31.724586099007865,88.4,-7.872009351021088,1.2730848693953005,0.08324235006172795
1787886755.812189,31.79706684401026,88.4,-7.873165122065555,1.2864843221946474,0.005242398044624396
1787886755.8866894,31.87156731801224,88.6,-7.879036771892626,1.2983218035794166,-0.03242823059409006
1787886756.022089,32.00696682900889,88.6,-7.879925107971178,1.3134579415481697,-0.023423304728016514
1787886756.1620884,32.146966227010125,88.8,-7.878176972213834,1.3305759819470717,0.023317667501970406
1787886756.174315,32.15919257400674,88.8,-7.876036973788531,1.3501423990887622,0.11065020654966809
1787886756.1800518,32.16492936400755,88.8,-7.8752971126153914,1.3607877666742594,0.17234685365743407
1787886756.1905887,32.17546614599996,88.8,-7.874853699618372,1.3810277436264407,0.3080851749169351
1787886756.2575552,32.242432933009695,88.9,-7.874981338317411,1.3949487541684344,0.3714501387660622
1787886756.2636847,32.248562424007105,88.9,-7.874863039781443,1.4110772907947466,0.4321075673364315
1787886756.2694747,32.25435217800259,88.9,-7.875627063617123,1.4254304570764016,0.4907150914428273
1787886756.4048705,32.389748202011106,89.0,-7.883736421821102,1.4423055828579134,0.5989056422920352
1787886756.4114914,32.396369161011535,89.1,-7.885776718802047,1.4523840171286317,0.6482403760047584
1787886756.4788418,32.463720486004604,89.1,-7.884615303083348,1.4628942950045771,0.695221406978708
1787886756.4850938,32.46997166000074,89.1,-7.884134846657415,1.4735410282784862,0.740143854116215
1787886756.4911308,32.47600837200298,89.1,-7.884335471049589,1.484254561628249,0.7829830642704397
1787886756.5586166,32.543494440004,89.1,-7.885772678786644,1.494646612128339,0.8227776618465185
1787886756.570472,32.555349732007016,89.2,-7.890968839745736,1.5135510067407891,0.8890348610998268
1787886756.7055235,32.69040116600809,89.3,-7.896820694503228,1.5317074242481066,0.9430922587358035
1787886756.7792423,32.76412054100365,89.4,-7.904382262007648,1.5491725547792288,0.9877643063568192
1787886756.9154627,32.900340593012515,89.5,-7.91379574977128,1.5653980586516656,1.0212434682745675
1787886756.9917257,32.9766031629988,89.6,-7.9248754388301315,1.580001607729384,1.0401240542890282
1787886757.0038304,32.98870808799984,89.6,-7.937363812081312,1.5925505881233548,1.0389271178261468
1787886757.0142038,32.99908126900846,89.6,-7.950910819508197,1.6025576145573677,1.008836367497151
1787886757.023513,33.00839047699992,89.6,-7.9568743407165154,1.6224518006527922,0.9438157013896986
1787886757.0903718,33.07525006101059,89.6,-7.958187495632989,1.6358570695015338,0.9004507974754536
1787886757.1626978,33.14757582900347,89.7,-7.959929140910494,1.6493605520686978,0.8482536006415019
1787886757.2315776,33.21645554700808,89.8,-7.962074449313017,1.6628910222740594,0.7855719905446376
1787886757.3001912,33.28506931599986,89.8,-7.964602428104928,1.6763813285425428,0.7104886104407557
1787886757.3674996,33.352377283008536,89.9,-7.96749606575278,1.6897666977232042,0.6209741672745156
1787886757.4345505,33.419428350011,90.0,-7.970741971025952,1.7029829647201526,0.5152727592144632
1787886757.5022106,33.48708848400565,90.0,-7.9743301165868425,1.715964822560974,0.392619227722615
1787886757.5701833,33.555061263003154,90.1,-7.978253336941315,1.7286441508716959,0.2542615912633225
1787886757.6382587,33.62313664800604,90.2,-7.982506800933522,1.7409484012951366,0.10438272673384866
1787886757.7058716,33.69074951601215,90.2,-7.985187824622199,1.752900033479598,-0.04937655022095479
1787886757.7122695,33.697147256010794,90.3,-7.986310824768112,1.7647661272862143,-0.1961696766088775
1787886757.7181141,33.70299146500474,90.3,-7.987779597692848,1.776495621702979,-0.3292865048592678
1787886757.7237988,33.70867614400049,90.3,-7.989592310007141,1.7880251044585547,-0.4454690252299059
1787886757.7289813,33.71385872201063,90.3,-7.991749064377427,1.7992889372811776,-0.5441842295580954
1787886757.7341475,33.7190250249987,90.3,-7.994251515321725,1.8102179863810721,-0.6265926510108265
1787886757.7389498,33.72382723601186,90.3,-7.997102441940536,1.8207385705951662,-0.6945945435192181
1787886757.7434835,33.72836117001134,90.3,-8.00030520706718,1.8307715438792782,-0.75021757885834
1787886757.7477326,33.732610078004654,90.3,-8.003863088114606,1.840231541720881,-0.7953127674665779
1787886757.7560902,33.74096741199901,90.3,-8.012052232166774,1.8570580801826981,-0.8598817801420161
1787886758.1091266,34.094004580008914,90.6,-8.002019826779254,1.8604796045355494,-0.8353028851699854
1787886758.2543094,34.239187095008674,90.8,-7.988526094678479,1.863247977173556,-0.7543972926961201
1787886758.266316,34.251193724005134,90.8,-7.977949227289512,1.866671268631663,-0.6873676207236107
1787886758.402138,34.38701645701076,90.9,-7.969302157587981,1.871865499859387,-0.6100097369402627
1787886758.4766586,34.46153625501029,91.0,-7.962786082919317,1.8803115666661716,-0.5271476917595791
1787886758.482423,34.46730075700907,91.1,-7.958489924527449,1.891698465145317,-0.48585648817047766
1787886758.4879854,34.47286286200688,91.1,-7.954516582889949,1.903571381338782,-0.44276697690082945
1787886758.4928532,34.477730628001154,91.1,-7.950829843063374,1.9158378153649966,-0.3980400872606361
1787886758.4975946,34.48247205100779,91.1,-7.947396608361348,1.9284210453769168,-0.35185707443144215
1787886758.5024366,34.48731387600128,91.1,-7.9441863183349755,1.9412576748527892,-0.3044190775445656
1787886758.5690596,34.55393738200655,91.1,-7.941171793039681,1.954296283159061,-0.25594709011512223
1787886758.6368377,34.62171534600202,91.1,-7.938329452243369,1.9674957517797609,-0.20667944803418004
1787886758.6443799,34.629257397013134,91.2,-7.9356397821088835,1.980823692433477,-0.15686818444189335
1787886758.712303,34.69718080700841,91.2,-7.933087544832327,1.9942548655958725,-0.10677350293167122
1787886758.780593,34.765470568003366,91.3,-7.930662087927831,2.007769600204515,-0.05665773060359181
1787886758.848703,34.83358075701108,91.4,-7.928357557898644,2.021352079851297,-0.006779521441547021
1787886758.8547363,34.839613804011606,91.4,-7.926173144056375,2.0349888970674996,0.04261313618093838
1787886758.8601365,34.845014001009986,91.4,-7.924113306332524,2.0486674460203758,0.09128841701414359
1787886758.927393,34.91227084500133,91.4,-7.9221880146620585,2.062374284617992,0.13903497794616174
1787886758.995273,34.980151174007915,91.5,-7.9204129888418615,2.076093585493681,0.1856655460449616
1787886759.0634542,35.04833259001316,91.6,-7.915990784145535,2.090249829540538,0.23052264695822364
1787886759.1318223,35.11670039000455,91.6,-7.911405389472757,2.1044792725225787,0.27369860714096883
1787886759.1416981,35.12657568701252,91.7,-7.9069417290678,2.118719595701216,0.315213428845675
1787886759.1473475,35.132225050008856,91.7,-7.902625349779789,2.132948711274893,0.3550897354353863
1787886759.1527445,35.137622105001356,91.7,-7.898490888786517,2.147141333005114,0.3933812920085866
1787886759.1575384,35.14241568300349,91.7,-7.892857962510043,2.1594973899383896,0.42992713751587247
1787886759.296893,35.28177089600649,91.8,-7.87592821586566,2.1617711907285964,0.5286630233324383
1787886759.3706048,35.35548244800884,91.9,-7.860808884067727,2.1597387235530734,0.5945309616481189
1787886759.381971,35.36684826000419,91.9,-7.845845028310805,2.156429059461655,0.6610854418405296
1787886759.517896,35.50277378100145,92.0,-7.830995263626936,2.150537987296634,0.7281270739393082
1787886759.5917702,35.576647931011394,92.1,-7.819762974897434,2.1393336831021483,0.7953675269374136
1787886759.7274559,35.712333636009134,92.2,-7.8145560164053816,2.1244699845303314,0.8624740735548325
1787886759.7399864,35.72486394800944,92.3,-7.812160242319711,2.1106279726655717,0.9289936541687338
1787886759.7502759,35.73515319800936,92.3,-7.810222675634386,2.0981700231081004,0.9945639402678896
1787886759.759653,35.744530664000195,92.3,-7.8077560733903955,2.08712188065446,1.0588984776474724
1787886759.8946204,35.879498398004216,92.4,-7.804175203834666,2.0774758068131383,1.1172411513070848
1787886760.0365424,36.02142002200708,92.5,-7.797659579976331,2.0647502534017868,1.1939600403691388
1787886760.1171234,36.10200089700811,92.6,-7.788770509566824,2.056336339005104,1.2558506859447192
1787886760.200181,36.185058749004384,92.7,-7.777190118927404,2.0518338741351063,1.2977993791227194
1787886760.3419008,36.32677894500375,92.8,-7.764075786425782,2.049708159316277,1.3189555848585017
1787886760.4218981,36.4067757849989,92.9,-7.750639548729253,2.049065715887882,1.3297627218343995
1787886760.494451,36.47932889900403,92.9,-7.74054246999427,2.0523368677078686,1.3349477086825678
1787886760.630727,36.61560485600785,93.0,-7.729726389513712,2.060065443659388,1.3393507302833805
1787886760.6438043,36.628682341004605,93.1,-7.719921134006779,2.0668631195612774,1.3453811325580185
1787886760.7184176,36.70329531400057,93.2,-7.71111295986732,2.0724193586804738,1.3533495813824905
1787886760.8599212,36.844799106009305,93.3,-7.700088392602623,2.079804723552238,1.369041030042153
1787886761.0761569,37.061034634010866,93.5,-7.69062098607682,2.088353940065143,1.4088018813882142
1787886761.1560786,37.14095658900624,93.6,-7.683405502882093,2.1016288345697736,1.440674258184261
1787886761.2357054,37.220583163012634,93.6,-7.674262017303438,2.112586164925252,1.4715093997800879
1787886761.3829072,37.367784841000685,93.8,-7.664197805095373,2.1216278502585815,1.5005374586882623
1787886761.4002817,37.38515907200053,93.9,-7.653877274453258,2.130153348992912,1.5275693503704237
1787886761.476557,37.4614347480092,93.9,-7.643917255423231,2.1377679070515136,1.5524066383331099
1787886761.6193154,37.604193629013025,94.0,-7.6347329849347965,2.1428443859640973,1.574927021160277
1787886761.7683525,37.75323010601278,94.2,-7.6238699335151034,2.1492795536204063,1.6020748285339528
1787886761.9213831,37.90626110800076,94.3,-7.612285374803452,2.1482510051467076,1.631491358799865
1787886762.2676723,38.252550119999796,94.7,-7.602066800537568,2.1494216296754454,1.6647880391795427
1787886762.355969,38.340846559003694,94.8,-7.600308287791491,2.164374296896391,1.6893715160292804
1787886762.3661559,38.35103313199943,94.8,-7.601625232565009,2.179066973749934,1.703034358897338
1787886762.4376664,38.422544229004416,94.8,-7.604313047598076,2.1981785252394817,1.717666006060327
1787886762.4441493,38.42902693001088,94.9,-7.605842804924478,2.2083411260507284,1.7250618775086548
1787886762.8141143,38.79899175900209,95.3,-7.612426866364801,2.216651525621693,1.617599569901102
1787886763.1813953,39.16627326401067,95.6,-7.622437226270546,2.2169155458031415,1.609876923031887
1787886763.467443,39.452320808006334,95.8,-7.632872885806309,2.217328833249557,1.6108398681889278
1787886763.5581636,39.54304099600995,96.0,-7.644475374257572,2.2205780134807234,1.6208297307576884
1787886763.6383371,39.62321477200021,96.0,-7.654707570792246,2.22426849066909,1.5880810872503726
1787886763.8559358,39.84081321900885,96.3,-7.6646730404210945,2.226213321818593,1.5336708302423567
1787886764.0096185,39.994495907012606,96.4,-7.674402158404334,2.2304646649075712,1.5250594736035927
1787886764.6034732,40.58835057300166,97.0,-7.674937168926,2.215893562753103,1.5127075084914814
1787886764.6743689,40.659247342002345,97.0,-7.676912805932619,2.2029564415135563,1.5145291538122558
1787886764.8100045,40.794882286005304,97.1,-7.678966971033048,2.1900281973732936,1.5149298040437453
1787886764.8842509,40.86912846000632,97.2,-7.680842958555979,2.1783672840871864,1.5141536601210421
1787886764.956894,40.941771901008906,97.2,-7.682453775329431,2.1674610610576712,1.5127518696091893
1787886765.0930693,41.07794707501307,97.4,-7.68370672758282,2.1573866093510747,1.5111298992153495
1787886765.1735802,41.1584577520116,97.5,-7.6847102376061684,2.1459978150143835,1.5088197277287059
1787886765.2560713,41.24094924000383,97.5,-7.684510328848968,2.134565729565043,1.5089519737172117
1787886765.5356154,41.52049300300132,97.8,-7.682424449526591,2.122999661538771,1.5181601132926872
1787886765.5577931,41.54267040001287,97.9,-7.679939108637282,2.1133053870763274,1.535589347357198
1787886765.7012985,41.68617633800022,97.9,-7.677870865077411,2.102252009075787,1.5618496371076567
1787886766.4098577,42.394735723006306,98.6,-7.672111013287299,2.0940203527107726,1.6345946891863488
1787886766.8730876,42.857965141010936,99.1,-7.67810668210499,2.082894004937648,1.6809596250328636
1787886766.9503927,42.935270514004515,99.1,-7.6776812910449035,2.070705156242487,1.687778517610442
1787886767.1536462,43.13852412201231,99.3,-7.677068909036135,2.060627365805947,1.693138574519629
1787886767.2500923,43.23496965201048,99.5,-7.675301644687168,2.0501423462941175,1.705580956759057
1787886767.7667863,43.751663959003054,100.0,-7.6733320049957285,2.060496377948751,1.7645198880064676
1787886768.6264327,44.611310786000104,100.7,-7.672939809171796,2.0498765261386964,1.8619226917167848
1787886769.394327,45.37920438100991,101.5,-7.678673555505928,2.0584948862619763,2.3145973461072478
1787886770.4911802,46.476058726009796,102.5,-7.669591601356654,2.0542988189806075,2.6444776924396427
1787886771.009391,46.99426913600473,103.0,-7.659248589359637,2.050933597030898,2.873639675912339
1787886771.8273385,47.81221623600868,103.7,-7.667665932188199,2.0453728409825653,-2.8164200383271685
1787886772.0568743,48.04175197400036,104.0,-7.677706047809279,2.041210757866212,-2.6293586353818625
1787886772.359759,48.3446372620092,104.2,-7.686467095046844,2.0351372507654877,-2.4008992588001536
1787886773.0766277,49.061505426012445,105.0,-7.693210629338611,2.027623133851424,-2.1505490852583096
1787886773.4702957,49.45517285900132,105.3,-7.698357604989701,2.0184198887457647,-2.00608121664568
1787886773.984623,49.969500325008994,105.8,-7.694478005882688,2.028186189972939,-1.9484759665966827
1787886774.2917728,50.27665057100239,106.1,-7.690603228676518,2.0377844117443074,-1.9635044446267147
1787886774.892181,50.87705851200735,106.7,-7.686278513291222,2.0470021630391537,-2.062931040142947
1787886780.3519118,56.33679005700105,111.8,-7.696104815286833,2.049910262430876,-3.126215605433613
1787886780.801667,56.786544323011185,112.3,-7.706158305811165,2.0505104928476983,3.0039214739869613
1787886781.0157347,57.00061272300081,112.5,-7.717490104631774,2.0524280589471156,2.9413308610958833
1787886781.2283485,57.213225894010975,112.7,-7.728878545699469,2.0549511277810857,2.900400355997556
1787886781.2445972,57.229474821011536,112.8,-7.739034216434517,2.057565952990556,2.8722088728750754
1787886781.3203802,57.30525792000117,112.8,-7.749952909926265,2.060705124429268,2.8449970649027656
1787886781.5245094,57.50938731300994,113.0,-7.761411508949649,2.064333325875076,2.81923268079542
1787886781.6040075,57.588885377001134,113.0,-7.773294551677524,2.0684507539630905,2.7903314382115454
1787886781.7460775,57.73095536501205,113.2,-7.785097894126111,2.072899062851421,2.7695706557475863
1787886781.950135,57.93501279500197,113.4,-7.797354320789123,2.077797174577016,2.74730659922635
1787886782.0299895,58.01486686100543,113.5,-7.80876954969289,2.0826754835607306,2.7206936033625366
1787886782.1166902,58.10156850100611,113.5,-7.820903833452245,2.0883836660641313,2.685473742948382
1787886782.129913,58.11479051300557,113.6,-7.829995214003331,2.0928970419543607,2.6734452958310087
1787886782.266974,58.25185180200788,113.7,-7.840432176838078,2.098229648992582,2.661901975669631
1787886782.3405483,58.32542633599951,113.7,-7.850768111839372,2.103662789340971,2.650146657661622
1787886782.476751,58.461629146011546,113.9,-7.861394293784276,2.1093939826929837,2.6416896529689824
1787886782.4885876,58.47346511700016,113.9,-7.871823191990152,2.115137870883305,2.6317639860145903
1787886782.4990776,58.483955087009235,113.9,-7.882090164331019,2.120929459169522,2.6217858925498763
1787886782.5087519,58.49362916901009,114.0,-7.8920144679603315,2.1266495799463323,2.6132183797753243
1787886782.7118878,58.696766263004974,114.1,-7.902618917118625,2.1328941387575213,2.6043864828421244
1787886783.311418,59.29629556600412,114.7,-7.891094549277487,2.126730053888668,2.6551585096890564
1787886783.325671,59.3105482890096,114.8,-7.880817740419566,2.1214644573299135,2.6818558981519858
1787886783.464208,59.44908585300436,114.8,-7.869713374666491,2.116170025504018,2.71170827137542
1787886783.6069686,59.59184616000857,115.0,-7.858503395890597,2.1112180005232624,2.741893711545605
1787886783.7491717,59.73405013899901,115.1,-7.847069864234486,2.10662192092329,2.7774590390382836
1787886783.8301315,59.81500891200267,115.2,-7.83554757122505,2.1024558352033975,2.815633598819666
1787886784.0353227,60.02020064700628,115.4,-7.8237794091399575,2.098713389864812,2.853214927983395
1787886784.2403345,60.22521274200699,115.6,-7.8118822155309475,2.095402350952162,2.8893966632526604
1787886784.322441,60.307318710008985,115.7,-7.799869049509711,2.0925253096017284,2.9262400091328127
1787886784.3375058,60.3223832710064,115.7,-7.78775256686194,2.0900958376353236,2.9640777292286113
1787886784.3507595,60.33563679301005,115.8,-7.7755462731341884,2.088128564918758,3.003031754415224
1787886784.3623421,60.34721955700661,115.8,-7.76328675514131,2.086644331903771,3.0432474052724188
1787886784.5030446,60.48792247900565,115.9,-7.751096221356607,2.0856691236091076,3.084913101496724
1787886784.6441908,60.629068416004884,116.0,-7.739138918286562,2.085217842737213,3.1282357753558547
1787886784.8475475,60.83242544600216,116.2,-7.727557579814997,2.085288766150033,-3.109772517217193
1787886784.8654048,60.85028228801093,116.3,-7.7167552544648945,2.085853797612827,-3.0623267434496775
1787886784.9468222,60.93170049300534,116.3,-7.703888345415516,2.0872780591932107,-2.9884159398281493
1787886785.2181466,61.2030245950009,116.5,-7.693303120228857,2.0892463810549913,-2.9170403749226397
1787886785.5735347,61.558412240003236,116.9,-7.683381513100153,2.0919447426794697,-2.8097917935019883
1787886785.8204854,61.80536318800296,117.1,-7.6926781874811025,2.0871773162559935,-2.630172736663634
1787886785.9748855,61.95976294700813,117.3,-7.703190162170998,2.080910483834434,-2.5809882935994324
1787886786.18292,62.16779782800586,117.4,-7.712756094230053,2.0746545529401783,-2.539875833302361
1787886786.3339095,62.31878700800007,117.6,-7.72272402865192,2.0675165749359494,-2.497910755403841
1787886786.3534782,62.33835555599944,117.7,-7.732881061210735,2.059603280588247,-2.4594237643974997
1787886786.4920957,62.47697378200246,117.7,-7.740596941562614,2.053183380172427,-2.4333109829982416
1787886786.6954527,62.68033095600549,117.9,-7.748353133073057,2.0463935587668365,-2.4094124338013243
1787886786.898975,62.88385344701237,118.1,-7.7561777017701,2.0392192816875547,-2.387579462516606
1787886786.9175117,62.90238926500024,118.2,-7.764016173401167,2.031725461985484,-2.367729074051316
1787886786.9325857,62.91746308600705,118.2,-7.77184555424967,2.023949428369349,-2.3495490718773087
1787886786.9456298,62.93050738600141,118.2,-7.7796542524311425,2.015917540519237,-2.332871736582761
1787886787.0847554,63.069633410006645,118.3,-7.78742337575967,2.0076653435712677,-2.3175751775226474
1787886787.2899387,63.2748168399994,118.5,-7.795135012730306,1.9992296049883176,-2.3036447001040354
1787886787.4338527,63.41873016100726,118.7,-7.8022232099528885,1.9912276511848557,-2.2849605081946947
1787886787.450658,63.4355357989989,118.7,-7.809708279766011,1.9824720315069815,-2.2704363084374695
1787886787.6554208,63.640298772006645,118.8,-7.817087246441167,1.973575850819022,-2.253965693051556
1787886787.8588436,63.843721859011566,119.0,-7.824356572157796,1.9645311920543853,-2.237573542079416
1787886788.0625632,64.0474415380013,119.2,-7.8315019693134085,1.9553321636192549,-2.2226872581061747
1787886788.0801268,64.06500440000673,119.3,-7.838495871204228,1.9459380872149927,-2.1945013559109703
1787886788.0966158,64.08149306201085,119.3,-7.845311124747472,1.9363121449001668,-2.1794519007115047
1787886788.117655,64.10253245600325,119.3,-7.854381729877086,1.927760803899577,-2.123695077173506
1787886788.4619858,64.44686358900799,119.6,-7.858933870760582,1.917739125874114,-1.9881572176752027
1787886788.6191292,64.60400653000397,119.8,-7.862890481618607,1.9062733996631394,-1.8522572910355755
1787886788.7038946,64.68877222400624,119.9,-7.865687937413814,1.8955164929970354,-1.7788157413956176
1787886789.4454403,65.4303180600109,120.6,-7.864008222996493,1.906085061174928,-1.693890835672374
1787886790.1316361,66.11651408100442,121.2,-7.862641178411626,1.9162328933453832,-1.665148613793044
1787886790.1915143,66.17639141000109,121.4,-7.862763182460774,1.9266614495456738,-1.6130523902426672
1787886790.6150246,66.5999021630123,121.7,-7.862478445855552,1.9372083432555085,-1.5809983593596322
1787886790.9818656,66.96674304100452,122.1,-7.862647512873299,1.94732245485494,-1.5415036075335329
1787886791.204761,67.18963903600525,122.3,-7.863199906556721,1.959152077223695,-1.5080458703885793
1787886791.4210284,67.40590591200453,122.5,-7.863855236771145,1.970434224163136,-1.4818391670572997
1787886791.5140462,67.4989239610004,122.6,-7.865013358640455,1.9814127487855786,-1.4493291225048428
1787886791.7916393,67.77651718001289,122.8,-7.8664387159399265,1.9918040688360266,-1.419361225757441
1787886791.93886,67.92373737500748,123.0,-7.868247036671504,2.0025404761197807,-1.389858887341557
1787886792.0839763,68.06885455299926,123.1,-7.87060787788197,2.0142471556815043,-1.3570113983123142
1787886792.357162,68.34203990901005,123.4,-7.873431950821358,2.0260781149781217,-1.321288878408875
1787886792.5671945,68.55207218800206,123.6,-7.876717002404121,2.037828056621473,-1.2825722979652483
1787886792.5891733,68.57405062600446,123.6,-7.880486358171841,2.049428895307057,-1.2402940889889704
1787886792.6074655,68.59234298400406,123.7,-7.884735947710372,2.0607436795986507,-1.1942696647184523
1787886793.021608,69.00648670800729,124.0,-7.889217424670847,2.0698853364070384,-1.1572595600381892
1787886795.8577147,71.84259255000507,126.8,-7.898464262770231,2.076232775790937,-0.6809244797519663
1787886795.869494,71.85437152101076,126.8,-7.911481873481895,2.08451286169862,-0.5516974571155191
1787886796.0049129,71.98979053700168,126.9,-7.9254249821389005,2.0909971989544776,-0.4134722812560749
1787886796.07874,72.06361791401287,127.0,-7.940265045247482,2.0960872197712757,-0.2868146838020811
1787886796.1536057,72.13848304000567,127.1,-7.954558246459099,2.099196622913951,-0.1760322505868122
1787886796.164976,72.14985354500823,127.1,-7.967297618659527,2.1006284084614206,-0.07962581281075615
1787886796.3003056,72.28518345500925,127.2,-7.977972793698139,2.10090931591556,0.000918320727378537
1787886796.379908,72.36478556800284,127.3,-7.989729869911426,2.1002349307789783,0.09244624491643935
1787886796.528746,72.51362333400175,127.4,-8.001930043797492,2.098469840041561,0.18049651176463324
1787886796.8009646,72.7858426390012,127.6,-8.014536895227657,2.095569800644196,0.2707573375287185
1787886797.0725696,73.05744825600414,127.9,-8.026961164771215,2.0928668748019295,0.3627918050394508
1787886797.2088048,73.19368266600941,128.0,-8.037384991079177,2.088459665993755,0.45344482115707885
1787886797.2322555,73.21713308400649,128.1,-8.047437422708308,2.082969787621309,0.5428114386665123
1787886797.2514083,73.23628572800953,128.1,-8.05689804675729,2.0767564764950346,0.6297903075851384
1787886797.2710845,73.25596180401044,128.2,-8.065859738579686,2.0695316161859383,0.7269473780999942
1787886797.5538588,73.53873720300908,128.4,-8.073501820340185,2.061813691819566,0.8341567607282747
1787886797.8444967,73.82937414900516,128.7,-8.080490706528645,2.052809972489339,0.9482222053314013
1787886798.1897795,74.17465701700712,128.9,-8.086575680064096,2.0430803952473964,1.0371338027421035
1787886798.2755134,74.26039087800018,129.1,-8.091288198412274,2.0340960222311057,1.1065396785620343
1787886798.4852455,74.47012299000926,129.3,-8.09565441313153,2.0242562190274263,1.1719755745570415
1787886798.6350803,74.6199584640126,129.4,-8.099506268692071,2.0138737244802147,1.2343657690022662
1787886798.9060233,74.89090124500217,129.6,-8.102472369956358,2.0041231931281396,1.2955783789318327
1787886798.935964,74.92084158300713,129.7,-8.104805541090023,1.9940433656558565,1.3617783361756073
1787886798.9584062,74.94328337200568,129.7,-8.106528994860565,1.9841207212912482,1.4190476566861008
1787886799.1091545,75.09403220000968,129.9,-8.107752926028432,1.9734377993089929,1.4807593583550924
1787886799.448658,75.43353666301118,130.1,-8.108307055857301,1.962781950318751,1.5542766235006757
1787886799.5485895,75.53346722399874,130.3,-8.108169530650192,1.9523846924972041,1.6298836764522426
1787886800.3407235,76.32560131400533,131.0,-8.106285441963655,1.9421130035315703,1.8874718442459684
1787886800.734608,76.71948607701052,131.3,-8.10152370314931,1.9328760040203508,2.1598313048107953
1787886802.435705,78.42058245401131,133.0,-8.11227583730734,1.930419787830941,3.1237286457422897
1787886802.7075117,78.69238974200562,133.2,-8.123961058082424,1.9302387707004143,-3.079849399535174
1787886802.7881727,78.77305013600562,133.4,-8.135747991428643,1.9292560727535217,-3.02577651579658
1787886802.8036125,78.78848965500947,133.4,-8.149519387015513,1.92737557081338,-2.977759629339441
1787886802.812529,78.79740648300503,133.4,-8.15988456618528,1.9255399232421293,-2.9487962697459538
1787886802.9477618,78.93263953900896,133.5,-8.170696978006365,1.9232981071841357,-2.9210667424874956
1787886803.0837698,79.06864783000492,133.6,-8.182340571640028,1.9205599600916468,-2.8965317169178606
1787886803.1610978,79.14597549701284,133.7,-8.194269810394227,1.9174553494633395,-2.873344140448123
1787886803.1737003,79.15857784599939,133.7,-8.206805401684862,1.913885164182113,-2.8518534435957994
1787886803.2459836,79.23086163500557,133.7,-8.219771484789543,1.9099085038157695,-2.8335470901399966
1787886803.3844125,79.36929117100954,133.9,-8.2326337155065,1.9057134907573328,-2.8146424502436105
1787886803.5241866,79.50906466100423,134.0,-8.24556986491505,1.901201545191006,-2.792380065259522
1787886803.6620615,79.64694051700644,134.1,-8.258530160832265,1.8963668402774245,-2.7728858541988384
1787886803.7447605,79.72963812400121,134.3,-8.271509235995309,1.8912374608224367,-2.7533731895224913
1787886803.7556975,79.74057486800302,134.3,-8.284559281353228,1.8858034458374933,-2.735724365828857
1787886803.7659338,79.7508114650118,134.3,-8.29766069040349,1.8800768426625525,-2.721211260422983
1787886803.7765982,79.76147549500456,134.3,-8.31090009564534,1.8740882626882758,-2.7090042149336897
1787886803.7846088,79.7694861820055,134.3,-8.324222630497427,1.8678356476484494,-2.69230464677163
1787886803.7920578,79.77693513700797,134.3,-8.337484447563114,1.8613190798688188,-2.6733237106083347
1787886803.8616853,79.84656315400207,134.3,-8.350823850590976,1.8544478891334886,-2.6554087963686297
1787886803.9975839,79.9824617330014,134.4,-8.364183371632528,1.8472601207688852,-2.6378228276822164
1787886804.1376786,80.12255679200462,134.6,-8.377691590322202,1.839696597955828,-2.6216471707408737
1787886804.2784173,80.2632956370071,134.7,-8.391158246743744,1.831842796523517,-2.604213902082087
1787886804.41752,80.40239802500582,134.8,-8.404684727592935,1.8236784065175111,-2.590915939453294
1787886804.4300401,80.41491741999926,134.9,-8.4182408675363,1.8152674008009193,-2.5811876280935633
1787886804.4403102,80.42518754400953,134.9,-8.431931784100447,1.8065829141050977,-2.567867411641076
1787886804.4512868,80.43616453700815,134.9,-8.445663169692557,1.7975873433110077,-2.55235598031411
1787886804.4600945,80.4449717450043,134.9,-8.459276040664497,1.7883595024231056,-2.5362594150966653
1787886804.530782,80.51565992200631,134.9,-8.472762414419558,1.7788982411789391,-2.5203196150718714
1787886804.6662586,80.65113640201162,135.1,-8.486116150029163,1.7692110806624426,-2.50474051829992
1787886804.8039832,80.78886135401262,135.2,-8.49930216839375,1.759331149106032,-2.4896362592696093
1787886804.939393,80.92427098700136,135.3,-8.512317496666897,1.7492735432845807,-2.4752896880780373
1787886805.0751495,81.06002766200982,135.4,-8.525109416696342,1.7390962884070411,-2.461754086535423
1787886805.1519604,81.13683808001224,135.6,-8.537592915714644,1.7288578773215066,-2.449365970029034
1787886805.162816,81.14769359301135,135.6,-8.550120856788329,1.7184162639905787,-2.4401025626937884
1787886805.1739264,81.15880369400838,135.6,-8.562491646433278,1.7078842276319326,-2.4306430981328715
1787886805.1837397,81.16861709000659,135.6,-8.574774133796115,1.6972269244759721,-2.4212541461420454
1787886805.1912816,81.17615906801075,135.6,-8.586927999340112,1.6864821789800128,-2.412330595391375
1787886805.260942,81.24581986200064,135.6,-8.598950937460257,1.6756630139530357,-2.4039607750825827
1787886805.3981004,81.38297842000611,135.7,-8.610841969245234,1.664781413700125,-2.3961316855677794
1787886805.5386245,81.52350269100862,135.9,-8.622618468385154,1.6538364315967011,-2.388832289762647
1787886805.6748037,81.65968175200396,136.0,-8.634295457958016,1.6428357530714508,-2.382161900747536
1787886805.813663,81.79854152401094,136.1,-8.645902069285713,1.6317635068356129,-2.376000725717846
1787886805.9499607,81.93483854801161,136.2,-8.657439538440068,1.6206219834280025,-2.370205260074791
1787886806.0861862,82.07106434801244,136.4,-8.66884854717738,1.609475263988881,-2.3646904920954968
1787886806.0982816,82.0831593900075,136.4,-8.680177013125236,1.598284732634399,-2.359381682842904
1787886806.1085,82.09337741300988,136.4,-8.691430337450653,1.587054090239103,-2.3541580279728227
1787886806.118066,82.10294368800533,136.4,-8.702574050581742,1.5758196062930534,-2.349015299085705
1787886806.1268,82.11167747700529,136.5,-8.713573061299197,1.5646134920919639,-2.343934145230916
1787886806.1352313,82.12010854300752,136.5,-8.724748995229014,1.553108319968177,-2.338742023616861
1787886806.204479,82.18935687700287,136.5,-8.735555047453191,1.5418583833199675,-2.332023339838257
1787886806.216803,82.20168073401146,136.5,-8.746065444610629,1.5307754160764617,-2.326450268242236
1787886806.3519688,82.3368467320106,136.6,-8.756456472419725,1.519702141925506,-2.3218494777217327
1787886806.4946783,82.47955620101129,136.7,-8.766734838218863,1.5086531801285037,-2.3178600495772788
1787886806.631712,82.61658986299881,136.8,-8.776967394330118,1.497555972143219,-2.311897365681
1787886806.6470041,82.63188202900346,136.9,-8.786943723546472,1.486610114021005,-2.3074411338005416
1787886806.7198486,82.70472664300178,136.9,-8.796816785775176,1.4756929976925703,-2.304489893959099
1787886806.8585367,82.84341490600491,137.0,-8.806811374266639,1.4645822012325769,-2.3009928870889307
1787886806.9345813,82.91945925400069,137.2,-8.816533990335063,1.4536401189598607,-2.2909955276242018
1787886806.9466994,82.93157687700295,137.2,-8.82607381017293,1.4426883006547884,-2.2835714855396207
1787886807.020691,83.00556901200616,137.2,-8.835526307895826,1.4317189808147008,-2.2806072284096244
1787886807.034558,83.01943585400295,137.3,-8.84493276986154,1.4207553005647158,-2.2782188047761074
1787886807.1710055,83.15588329300226,137.3,-8.854230402996686,1.4098371413649033,-2.273998805003663
1787886807.3068998,83.2917775100068,137.5,-8.863451930652504,1.3989434242079686,-2.2727284236616763
1787886807.4426644,83.42754226100806,137.6,-8.872680349283236,1.3879920662383811,-2.267560218703667
1787886807.5781753,83.56305368500762,137.7,-8.881821944963837,1.3770357018236508,-2.264590727471843
1787886807.6531723,83.63804978900589,137.9,-8.890978691023152,1.3660081687549614,-2.2616238644522615
1787886807.6641345,83.64901186100906,137.9,-8.900169661246062,1.3548168247593642,-2.2549398194466517
1787886807.6738877,83.65876507801295,137.9,-8.909358101668342,1.3435169257271316,-2.250226353993571
1787886807.6835248,83.66840225600754,137.9,-8.918579982608243,1.331966057125133,-2.2354853108782318
1787886807.6917164,83.67659370601177,137.9,-8.927670707882138,1.320244898637466,-2.2248191858477093
1787886807.6993792,83.68425657199987,137.9,-8.93665618862374,1.3084757763246777,-2.2208789293529168
1787886807.7690063,83.75388497000677,137.9,-8.945551040721064,1.2967442877304403,-2.217270446530982
1787886807.9068437,83.89172152100946,138.0,-8.954384058934448,1.2850121367843388,-2.2141793032656456
1787886808.0426095,84.02748725100537,138.2,-8.963083788571137,1.273355580685899,-2.2096608823574195
1787886808.1791472,84.16402505000588,138.3,-8.971728060694748,1.2616622056875069,-2.203227414668367
1787886808.3150558,84.29993372999888,138.4,-8.9801535736359,1.2501241212605254,-2.199739044981274
1787886808.450985,84.43586272701214,138.5,-8.988575449519482,1.238481954579766,-2.1905967393672716
1787886808.5863733,84.57125123801234,138.7,-8.996661258972887,1.2270138948712557,-2.177145067375758
1787886808.6603997,84.64527717400051,138.8,-9.004420230624104,1.2157439536790418,-2.170069228328792
1787886808.6717112,84.65658873401117,138.8,-9.012028491165713,1.2045800646560938,-2.1677260289141063
1787886808.6815085,84.66638580001018,138.8,-9.019495373211189,1.1935702915407762,-2.165302442058036
1787886808.6904056,84.67528287500318,138.8,-9.026699638061118,1.1828848898216342,-2.1629726141253314
1787886808.6987872,84.68366452600458,138.8,-9.033884509246246,1.1721689378237659,-2.1575032211739718
1787886808.7063615,84.69123881700216,138.8,-9.040655594518459,1.1619207365546573,-2.1516392524453365
1787886808.7750783,84.75995692401193,138.8,-9.04729954592641,1.151782057540423,-2.1489629262269974
1787886808.7845185,84.76939558300364,138.9,-9.053741418557848,1.1418553142457746,-2.14385980425025
1787886808.918651,84.90352914101095,139.0,-9.059997779614653,1.1321000507680703,-2.1343953898228967
1787886809.0540292,85.0389072040125,139.1,-9.065948597312392,1.122570742735354,-2.1211542518146627
1787886809.1891177,85.17399557700264,139.2,-9.07169135285979,1.1131521226564316,-2.11566729234763
1787886809.2631369,85.24801426701015,139.4,-9.077229098513731,1.103989978269438,-2.1126025613703616
1787886809.2737656,85.25864311000623,139.4,-9.082514800695556,1.0951783988135566,-2.1085666733985975
1787886809.2834585,85.26833598600933,139.4,-9.08766491122561,1.0865269918462088,-2.1060755216986244
1787886809.48533,85.47020787200017,139.5,-9.094664508227806,1.074649290690594,-2.1001920875106275
1787886809.689372,85.67425002800883,139.7,-9.099916863140324,1.065551384768484,-2.0860231110389402
1787886809.7083948,85.69327205901209,139.8,-9.105741951074117,1.0551961021408842,-2.0807484100739795
1787886809.723491,85.7083683009987,139.8,-9.110978502909727,1.0457820131123419,-2.0732840662792036
1787886809.8669236,85.85180104699975,140.0,-9.116205995568704,1.0362358178139621,-2.0687157712262256
1787886810.070209,86.0550869150029,140.1,-9.12098020688316,1.0274218249929392,-2.063031472844112
1787886810.0929105,86.07778782800597,140.2,-9.126564912096468,1.016900380805068,-2.047492694472522
1787886810.1699874,86.15486501500709,140.2,-9.131275833391351,1.0076299159146662,-2.0343344934412655
1787886810.3790593,86.36393685200892,140.4,-9.137105693820924,0.9959116314580141,-2.029549937781778
1787886810.464707,86.4495842650067,140.5,-9.142505038161046,0.9848957645324472,-2.0197344426184536
1787886810.6732628,86.65814032799972,140.7,-9.147357892436963,0.9745889039792968,-2.002079921579337
1787886810.8841686,86.86904635401152,140.9,-9.15178956997487,0.9649209343728041,-1.998158954475607
1787886810.9739206,86.95879778701055,141.0,-9.156895262429085,0.9536078345947588,-1.9899154307061182
1787886811.126045,87.11092284100596,141.1,-9.161401086617255,0.9432180677530518,-1.9656070250085316
1787886811.2800899,87.26496740001312,141.3,-9.165348049483665,0.9336796792981438,-1.9608127042422718
1787886811.624255,87.60913277600775,141.6,-9.169650720631,0.9230766384687038,-1.9491107558114436
1787886811.6565137,87.6413911460113,141.7,-9.17344274489219,0.9131162962122751,-1.92431054056866
1787886812.0093684,87.99424581500352,142.0,-9.177248622768623,0.902665082590473,-1.9143733033151777
1787886812.3016524,88.28653085901169,142.2,-9.180813860726932,0.8922867127748438,-1.8920532881166434
1787886812.6005483,88.58542580500944,142.6,-9.184066486853109,0.8823575144278475,-1.8789959600415769
1787886813.0278609,89.01273895001214,142.9,-9.187044783666328,0.8725319771493187,-1.8536420125506445
1787886813.4057028,89.39058083501004,143.3,-9.189856461886945,0.8626305216325812,-1.8261743265647776
1787886813.8571055,89.84198361700692,143.7,-9.192342289182651,0.8528022572679566,-1.7995145750729287
1787886814.5213604,90.50623794201238,144.4,-9.194536398164189,0.8429867266086647,-1.7758383137122447
1787886815.415489,91.4003663980111,145.3,-9.196526060314389,0.8329083285071386,-1.7524293748464164
1787886817.10466,93.08953802700853,146.8,-9.198408185896596,0.8229987268995991,-1.7617087302524688
1787886819.3653586,95.35023600400018,149.1,-9.200324759986659,0.812770820218656,-1.7502846713554545
1787886820.1351814,96.12005959601083,149.8,-9.202079279145387,0.8023977403920691,-1.7323790707902529
1787886820.3987596,96.38363725000818,150.1,-9.203744531318378,0.7920388183095776,-1.7231450108568882
1787886821.2164667,97.20134431800398,150.9,-9.205209472984064,0.7818111845089727,-1.697870143971878
1787886832.155059,108.13993691701035,161.2,-9.205922983639235,0.7704532951943499,-1.5579290402663748
1787886832.3028464,108.28772450600809,161.3,-9.205705432355751,0.756639361557851,-1.5531070745854783
1787886832.5089006,108.49377865700808,161.5,-9.205463405111052,0.7437541344441772,-1.5505328097959905
1787886832.5263839,108.51126137599931,161.5,-9.205151682196663,0.7294740865234471,-1.5466623978059701
1787886832.6017275,108.58660509600304,161.6,-9.20489664855736,0.7194448772197781,-1.5430781881954234
1787886832.6742818,108.65915952400246,161.6,-9.20459434007492,0.7090837996262945,-1.538829868045189
1787886832.810068,108.79494580300525,161.8,-9.204231100668057,0.6983878917617483,-1.5332450063351135
1787886832.8221538,108.80703143100254,161.8,-9.203798602984424,0.6875459470939526,-1.526817338489962
1787886832.8950472,108.87992517200473,161.8,-9.203286203470244,0.6765420208491673,-1.5196358535238874
1787886832.9072595,108.8921369890013,161.9,-9.20268292142092,0.6653729680779291,-1.5118395827888147
1787886833.042822,109.0277000680071,162.0,-9.201984189854224,0.6541222951939611,-1.503505173177392
1787886833.1165776,109.10145542401006,162.1,-9.201182736126679,0.642778352040329,-1.4946510527040586
1787886833.129075,109.11395288399945,162.1,-9.200267313730196,0.6312910812554736,-1.4853645270634506
1787886833.2657344,109.2506124520005,162.2,-9.19923580312436,0.6197323658852051,-1.4756940523466167
1787886833.340962,109.32583985000383,162.3,-9.198081565633736,0.6080912406485122,-1.4656568651215172
1787886833.477429,109.46230707100767,162.4,-9.196797169261048,0.5963551715225694,-1.4552919636589932
1787886833.4912035,109.47608100700018,162.5,-9.195383639153519,0.58458096882335,-1.4446190569087434
1787886833.5021844,109.48706248099916,162.5,-9.19383576353695,0.5727640273429293,-1.4336414445533798
1787886833.5121515,109.4970288300101,162.5,-9.192144973688956,0.5608822453385953,-1.4223790309710824
1787886833.647347,109.63222498400137,162.6,-9.190314382127497,0.5489916956249173,-1.41084186150876
1787886833.7241766,109.70905419300834,162.7,-9.188332673164364,0.5370471516446828,-1.3990050541416215
1787886833.7973862,109.78226419500425,162.7,-9.186204575555442,0.5251057206074868,-1.3868944312009395
1787886833.8712394,109.8561169320019,162.8,-9.183925875644634,0.5131663518131584,-1.3745215679770526
1787886834.006546,109.99142377600947,162.9,-9.181494495004529,0.5012374370078944,-1.361894192367988
1787886834.080986,110.06586364100804,163.0,-9.178908799556835,0.4893291263573864,-1.3490184183835785
1787886834.0927854,110.07766303500102,163.1,-9.17616568437386,0.4774420389244404,-1.335894212589684
1787886834.1659777,110.15085525999893,163.1,-9.173264153119222,0.4655867171749481,-1.322522595086722
1787886834.2389948,110.22387300200353,163.1,-9.170409407270778,0.4545508018819023,-1.3099778656152434
1787886834.3746805,110.35955903099966,163.3,-9.167257023075567,0.4428824089610207,-1.30225017808421
1787886834.4495351,110.43441272999917,163.4,-9.16395802279546,0.43108663001420217,-1.2908255082895979
1787886834.460698,110.44557516201166,163.4,-9.160514599318399,0.41933814359773974,-1.2773143183642062
1787886834.4706545,110.45553193001251,163.4,-9.156918247468495,0.4076159312636498,-1.2673289229960967
1787886834.5439563,110.52883417300473,163.5,-9.153202063631703,0.39593553575844637,-1.2550724970029605
1787886834.6166549,110.60153291201277,163.5,-9.149330399878211,0.38428941254782684,-1.2427953805045846
1787886834.6935544,110.67843220400391,163.6,-9.145336925990582,0.37267493786563033,-1.2335599138512703
1787886834.7673469,110.75222456399933,163.7,-9.141213034997588,0.36110462633880486,-1.219994691375068
1787886834.8399556,110.82483340700855,163.7,-9.136935556725803,0.3495362773379021,-1.213743771524457
1787886834.9143045,110.89918205101276,163.9,-9.132615626171578,0.33798626849531294,-1.2108511727497822
1787886835.0491486,111.03402663599991,163.9,-9.128243140842402,0.32649200399592504,-1.2004814630458178
1787886835.1251678,111.11004556300759,164.1,-9.12373713656087,0.31507169152156334,-1.1860676290998189
1787886835.1367908,111.12166824399901,164.1,-9.119054053186991,0.3036851286701841,-1.172528654873552
1787886835.1461546,111.13103249500273,164.1,-9.114126053283327,0.2921558642945055,-1.1587149851992162
1787886835.2181306,111.20300856301037,164.1,-9.108936489002295,0.2804368765114987,-1.1460887336030028
1787886835.2924035,111.27728090299934,164.2,-9.103483537216194,0.2685280812772576,-1.134912252624228
1787886835.427811,111.4126893710054,164.3,-9.097930386501533,0.25677167646339155,-1.1205501606148787
1787886835.5024786,111.48735661100363,164.3,-9.0921832371647,0.2450734222645184,-1.1056865485884442
1787886835.638414,111.62329186400166,164.5,-9.086283275157081,0.23338942861486645,-1.09996753850659
1787886835.7759016,111.76077949799947,164.6,-9.080318692652488,0.22176562419629714,-1.0904488710958913
1787886835.9123003,111.89717808800924,164.7,-9.074215005874242,0.21022373801218253,-1.074251977174017
1787886836.0483055,112.03318358999968,164.9,-9.067914602037911,0.1987978455377805,-1.0551369771655765
1787886836.1222746,112.10715218500991,165.0,-9.061384434631837,0.18749038217443736,-1.0355351001169866
1787886836.1339934,112.11887101100001,165.0,-9.05463701851737,0.17629265842660052,-1.0173323970294053
1787886836.1446486,112.12952576600946,165.0,-9.047665387852136,0.16521688447783459,-0.9962573224239063
1787886836.154943,112.13982061500428,165.0,-9.040438767299438,0.15423325852136197,-0.9786828479667046
1787886836.1636362,112.14851358500891,165.0,-9.032999606473895,0.14335596789866167,-0.958703547578354
1787886836.1715987,112.15647613300825,165.0,-9.025312331364102,0.1326095481748107,-0.9363632497493565
1787886836.178792,112.1636691080057,165.0,-9.017333338301764,0.12192934249885447,-0.9207641531532449
1787886836.2509995,112.23587697801122,165.1,-9.0091461263378,0.11126164114777437,-0.9086875459444345
1787886836.3237567,112.30863478500396,165.1,-9.0007617221343,0.10065804250042291,-0.8901196882864342
1787886836.4592102,112.44408924000163,165.2,-8.992121860293903,0.09017596295027724,-0.8678648103893609
1787886836.595385,112.58026339100616,165.4,-8.983201041169435,0.07984458040314528,-0.8443562890491532
1787886836.732756,112.71763388300315,165.5,-8.973980781513337,0.06966326951272551,-0.8204658981861306
1787886836.7473853,112.73226287899888,165.6,-8.96439076018939,0.0595692581484283,-0.7965970992514051
1787886836.7577996,112.7426770900056,165.6,-8.954403205476186,0.0495460993262245,-0.7728438826758338
1787886836.8300035,112.81488185700437,165.6,-8.943999659908949,0.03958822580825261,-0.7493007507899941
1787886836.9052913,112.8901687470061,165.7,-8.93326013088501,0.029780047505804624,-0.7260989045002099
1787886837.0468006,113.0316839570005,165.8,-8.922170016891444,0.020109026850584247,-0.7032937438978976
1787886837.1845548,113.1694326220022,165.9,-8.910635207370863,0.01050070359143366,-0.6809381611455174
1787886837.1964211,113.1812986110017,166.0,-8.898650976319866,0.0009605622501849239,-0.6590329970229687
1787886837.2067037,113.19158106500981,166.0,-8.886332084429933,-0.008416177773504577,-0.6375886374037157
1787886837.215891,113.200768367009,166.0,-8.873663163695046,-0.01764287803507555,-0.6166230722833195
1787886837.2867703,113.27164847899985,166.0,-8.86054481512865,-0.026785690857591065,-0.596151195743766
1787886837.4220755,113.4069533610018,166.2,-8.847092749663739,-0.035760474680088944,-0.5761684180859378
1787886837.557466,113.54234400000132,166.3,-8.833288333065266,-0.044582381351803126,-0.556704943770225
1787886837.6944432,113.67932122800266,166.4,-8.819050962995766,-0.05329942643422072,-0.5377432256266876
1787886837.7069128,113.6917902460118,166.5,-8.805645194188346,-0.06117419794640952,-0.5194133370054379
1787886837.7175403,113.70241771300789,166.5,-8.791201264750393,-0.06930348344512334,-0.5022009823182287
1787886837.788816,113.77369397600705,166.5,-8.775823350338333,-0.07761460792678106,-0.48466725315223785
1787886837.9272704,113.91214834499988,166.6,-8.760177771306804,-0.08572435545438627,-0.4678167191373296
1787886837.9397974,113.92467503700755,166.7,-8.744386045947422,-0.09357971395306065,-0.451515939210509
1787886838.0129228,113.99780074101,166.7,-8.728469007020985,-0.10118136485372783,-0.4358091591138979
1787886838.025886,114.01076367900532,166.8,-8.712434940813694,-0.1085362488283169,-0.4206335351253124
1787886838.1627152,114.14759360700555,166.9,-8.696290862352523,-0.1156510173870253,-0.4059512196537418
1787886838.2365484,114.22142599600193,166.9,-8.680043664501914,-0.12253216246392871,-0.3918575611797253
1787886838.3721902,114.3570683959988,167.1,-8.663755389534765,-0.12914989102627622,-0.37536727450770346
1787886838.4463077,114.43118523700105,167.2,-8.647308029888542,-0.13551795018170876,-0.35974965137212284
1787886838.458142,114.44301944201288,167.2,-8.630765441684662,-0.1416392150442555,-0.34551876751615257
1787886838.4688313,114.45370876000379,167.2,-8.614137785698206,-0.147530223775609,-0.33216658732233123
1787886838.542059,114.5269365109998,167.3,-8.597432066501398,-0.15320615413604774,-0.31989757417303716
1787886838.615695,114.60057351901196,167.3,-8.580656600018024,-0.1586853434789349,-0.30881771209442477
1787886838.7513762,114.7362543700001,167.4,-8.563820853572063,-0.1639850361560464,-0.29858603075587203
1787886838.7641165,114.74899415099935,167.5,-8.54693128700964,-0.16911893190736124,-0.28923416946435154
1787886838.8372333,114.82211160899897,167.5,-8.530049958692977,-0.17405228173423004,-0.2746753590306498
1787886838.9139051,114.89878302600118,167.6,-8.513250968346183,-0.1786947178245938,-0.25972785270650384
1787886839.0495741,115.03445246200135,167.7,-8.496564459935968,-0.182980957983947,-0.23675099237732475
1787886839.0615566,115.0464342230116,167.8,-8.480451030421868,-0.18674109431787406,-0.21700126333820544
1787886839.1338155,115.11869381400174,167.8,-8.46409013199517,-0.1902448392794784,-0.20111960998883344
1787886839.2085524,115.19343013101025,167.9,-8.447481302003034,-0.19353826824808384,-0.18686418156859447
1787886839.2823067,115.2671840480034,168.0,-8.430590535127749,-0.19664801123537415,-0.17384303389781416
1787886839.355853,115.3407309030008,168.0,-8.413234709439012,-0.1996174340079289,-0.16224823104309039
1787886839.4273393,115.41221652900276,168.1,-8.395806486629937,-0.2024011820034823,-0.15207221709793883
1787886839.5623515,115.54722935899918,168.2,-8.378348465546942,-0.20501801248491786,-0.14334071927007785
1787886839.7044275,115.68930625700159,168.3,-8.360865536597784,-0.2074913770906822,-0.13607167788846553
1787886839.7188506,115.70372832501016,168.4,-8.34336130764967,-0.20985034899708938,-0.13057093350824872
1787886839.729463,115.71434041700559,168.4,-8.325841839503497,-0.21212097500828384,-0.12613386948858554
1787886839.8023303,115.78720882700873,168.4,-8.30831050330361,-0.21431985745845739,-0.12259076644751145
1787886839.8140588,115.79893639001239,168.5,-8.290770719177804,-0.21646061194794713,-0.11965743731559766
1787886839.9498749,115.93475326101179,168.6,-8.273224170249058,-0.21855346018485003,-0.11719359562471877
1787886840.024217,116.00909482401039,168.7,-8.255671030766331,-0.22060660541558375,-0.115184972501377
1787886840.036655,116.0215327390033,168.7,-8.238110606690377,-0.22262844647349306,-0.11385141511979831
1787886840.1103928,116.09527046501171,168.8,-8.220544328778885,-0.2246322759566375,-0.11319368426347595
1787886840.1836355,116.16851406900969,168.8,-8.202974640861223,-0.22662801481362937,-0.1130324406377202
1787886840.2581716,116.24304966200725,169.0,-8.185403979152216,-0.2286227928067931,-0.11319175588904665
1787886840.3313065,116.31618450301175,169.0,-8.167834022427039,-0.23062218293421072,-0.11356610392963269
1787886840.405073,116.3899506710004,169.0,-8.150265369287322,-0.2326290370616443,-0.11403116190808983
1787886840.4798138,116.46469208601047,169.2,-8.132697919293529,-0.23464441395424168,-0.11451966863564461
1787886840.553322,116.53819950700563,169.2,-8.115131586666674,-0.23666814724742977,-0.11500747289748324
1787886840.6271214,116.61199967900757,169.3,-8.097566764993058,-0.23869988976376247,-0.11545624452562565
1787886840.764902,116.7497809810011,169.4,-8.08000369459417,-0.24073910624509984,-0.11587667117449996
1787886840.840157,116.82503463100875,169.5,-8.06244200339165,-0.24278568649925697,-0.11626162724496635
1787886840.8517368,116.83661436100374,169.5,-8.044880573302041,-0.2448392424795977,-0.11660774959808454
1787886840.9244668,116.90934479300631,169.5,-8.02735067205661,-0.24689490684043944,-0.11691352987057027
1787886840.9993095,116.98418721900089,169.7,-8.009864153892355,-0.24895023382897113,-0.11717074618102025
1787886841.1368897,117.12176751000516,169.8,-7.992370271897028,-0.2510127012025872,-0.11788318909559851
1787886841.150272,117.13514975400176,169.8,-7.97500230255445,-0.2530772938453429,-0.11927415927746197
1787886841.1622016,117.14707905901014,169.8,-7.957808254390823,-0.2551522367285533,-0.121639996117927
1787886841.237265,117.22214288200485,169.9,-7.9410477313316665,-0.2572204614914256,-0.1250055285743666
1787886841.3104808,117.29535905900411,169.9,-7.924915453096444,-0.25927373014044713,-0.12963494520942712
1787886841.4467614,117.43163911100419,170.1,-7.9089723413598945,-0.2613782773984366,-0.13263803840281901
1787886841.4602957,117.4451736780029,170.1,-7.893543651469502,-0.2634048539585516,-0.12707508695910213
1787886841.5335774,117.51845588099968,170.1,-7.878597782003324,-0.26531722763714033,-0.1290714903351914
1787886841.547291,117.53216918100952,170.2,-7.863836886489218,-0.2672612864789353,-0.13471131839561218
1787886841.6861477,117.67102650200832,170.3,-7.84928473317267,-0.26926830172642985,-0.1413580412591374
1787886841.7617538,117.74663213900931,170.4,-7.837293436330932,-0.27100572235882275,-0.1492218950794869
1787886841.775947,117.76082506999956,170.4,-7.82674196660963,-0.2726180468012453,-0.15566224982348909
1787886841.850031,117.83490850700764,170.5,-7.816319383728413,-0.27427742976619685,-0.16203139618211834
1787886841.9243338,117.90921225000056,170.5,-7.8061120649944655,-0.2759700823969372,-0.1687565012287003
1787886841.9988787,117.98375683100312,170.6,-7.796052358240263,-0.2777084223541523,-0.1757400876764637
1787886842.0751193,118.0599968710012,170.7,-7.786167995627916,-0.2794890341487029,-0.1829802800627019
1787886842.1486695,118.133547800011,170.7,-7.776271689919452,-0.281340899198289,-0.18811667262612217
1787886842.2927885,118.27766627901292,170.9,-7.762248095574812,-0.2840519707548289,-0.19646019243769267
1787886842.437176,118.42205390500021,171.1,-7.748776746797176,-0.28679414316450735,-0.20780978255301905
1787886842.4556956,118.44057335000252,171.1,-7.735678007838769,-0.28962102817832636,-0.21997523586277254
1787886842.5330508,118.51792964500783,171.1,-7.722951015033635,-0.2925328169376323,-0.23270816857702672
1787886842.6790333,118.66391116300656,171.3,-7.710619529346289,-0.29552267572290797,-0.24607226959125714
1787886842.7630873,118.74796514400805,171.4,-7.698720625877219,-0.29858009822196935,-0.26020418743790813
1787886842.9077601,118.89263842900982,171.5,-7.687181680377416,-0.30172289371600436,-0.2751828829660745
1787886843.0561738,119.0410516920092,171.6,-7.6758980245599,-0.30498264198545294,-0.2909959970871393
1787886843.1384704,119.12334833400382,171.8,-7.664697887218373,-0.3084153777553594,-0.30764422616630605
1787886843.2790937,119.26397257500503,171.8,-7.653522347775186,-0.3120495971628813,-0.32538528495300884
1787886843.486828,119.47170596600336,172.0,-7.640738788719912,-0.3164799305713853,-0.343597916886245
1787886843.499737,119.48461521000718,172.1,-7.630614082915827,-0.32013720226602654,-0.35257118458803816
1787886843.5118816,119.49675953500264,172.1,-7.620280679810846,-0.32399283291127057,-0.3665854543898715
1787886843.5229306,119.5078080050007,172.1,-7.609892606385127,-0.32805596500927414,-0.38466499985319946
1787886843.5318139,119.51669140200829,172.1,-7.599482747836588,-0.3323560235113532,-0.4049420689470435
1787886843.5411298,119.52600693400018,172.2,-7.58885380777706,-0.3370030996070302,-0.4249303132236804
1787886843.6745296,119.65940748700814,172.2,-7.578080605265804,-0.34197566565508775,-0.44529918790393935
1787886843.8137736,119.79865140700713,172.3,-7.5670678020777435,-0.3473256979751118,-0.46470221558014535
1787886843.8277974,119.81267550600751,172.4,-7.555757460496804,-0.3530927469148694,-0.4826241352282317
1787886843.9638877,119.94876551700872,172.5,-7.544262594376091,-0.35921421472028064,-0.5003535200237831
1787886844.04017,120.02504798100563,172.6,-7.532469872091545,-0.3657493965433014,-0.5160836209579861
1787886844.177219,120.16209669600357,172.7,-7.520320707946117,-0.3727307577446044,-0.5298682239756615
1787886844.1914027,120.17628039700503,172.8,-7.507939311223584,-0.3800733202867336,-0.543519701301699
1787886844.2038019,120.18867952600704,172.8,-7.495203857172702,-0.38782688025927625,-0.552102769002133
1787886844.2134461,120.19832358400163,172.8,-7.481661662844957,-0.3962399960521718,-0.5624254058527446
1787886844.3496726,120.33455037800013,172.9,-7.467824339325573,-0.40505065406673313,-0.5745438623008221
1787886844.426605,120.41148256100132,173.0,-7.453693980119431,-0.41429025734056746,-0.5860973495857891
1787886844.5011559,120.486034268004,173.0,-7.439511057889294,-0.4237928803390991,-0.5965751761069749
1787886844.5145826,120.49946000000637,173.1,-7.425241557399595,-0.4335541741031329,-0.6052327788936372
1787886844.6520202,120.63689850900846,173.2,-7.410841066924658,-0.4435765755120221,-0.6118639276386645
1787886844.7256212,120.71049944301194,173.2,-7.396434370271908,-0.4537363791236238,-0.6177911256746448
1787886844.8639185,120.84879640200234,173.4,-7.38203621596314,-0.4640108992002674,-0.6227606354272515
1787886844.8774996,120.86237712200091,173.4,-7.367685450114191,-0.474350880686665,-0.6266137362917364
1787886844.9517834,120.93666150300123,173.5,-7.353369869577907,-0.484739706453823,-0.6293869880885621
1787886845.0903614,121.0752395150048,173.6,-7.3390787846882946,-0.49516179683166167,-0.6310507295326783
1787886845.1651065,121.14998412301065,173.7,-7.3248021893511135,-0.5056021312233765,-0.6317571336041882
1787886845.1777372,121.1626145199989,173.7,-7.310530391453307,-0.5160447740269736,-0.6313489365452873
1787886845.189103,121.173980476,173.7,-7.296253142332533,-0.5264749541884708,-0.630137123930346
1787886845.262134,121.24701177500538,173.8,-7.281962992350776,-0.5368809362340026,-0.6281514062229203
1787886845.3361378,121.32101592099934,173.8,-7.267652991596902,-0.5472525926532228,-0.6254734735176873
1787886845.411562,121.396439603006,174.0,-7.25331580177791,-0.5575799955730112,-0.6221499993176357
1787886845.5478268,121.53270459700434,174.0,-7.238943778992702,-0.5678534047791373,-0.6180637613762087
1787886845.6234844,121.60836198901234,174.2,-7.224528752276508,-0.5780631234774989,-0.6132425887997367
1787886845.6352909,121.62016843201127,174.2,-7.210061957689163,-0.5881987464722107,-0.6077298499571714
1787886845.645241,121.63011857800302,174.2,-7.1955362680148145,-0.5982500803389097,-0.6013356373989581
1787886845.7169638,121.70184218400391,174.2,-7.180942573103727,-0.6082022218691263,-0.5938614921178635
1787886845.8536828,121.83856056000513,174.3,-7.166271935927084,-0.6180397014339896,-0.5854300287324324
1787886845.930219,121.91509647801286,174.5,-7.151516163793278,-0.6277469989497622,-0.5761223092170817
1787886846.00375,121.98862812200969,174.5,-7.136669088903044,-0.6373094057462196,-0.5658270047870259
1787886846.0170274,122.00190480600577,174.6,-7.1217247719576235,-0.6467122099812926,-0.554614970597949
1787886846.0275288,122.01240619200689,174.6,-7.106676548200542,-0.6559391961904519,-0.5425867414985667
1787886846.1620412,122.14691878500162,174.6,-7.09151976555608,-0.6649772269437304,-0.5298176314615642
1787886846.2356873,122.22056514200813,174.7,-7.0762505184360265,-0.6738165095963827,-0.5164915515264893
1787886846.2479043,122.2327817230107,174.8,-7.060864964026732,-0.6824484181467244,-0.5027253326634362
1787886846.3829007,122.36777870300284,174.8,-7.0453609081014115,-0.6908654347007985,-0.48855738834655127
1787886846.518923,122.50380164501257,175.0,-7.029737560444723,-0.6990608546068618,-0.474219182752866
1787886846.5305219,122.51539942499949,175.0,-7.013997740161634,-0.7070314894139654,-0.4598842175912714
1787886846.665463,122.65034102700884,175.1,-6.998145484540524,-0.714776799536562,-0.4456341905791791
1787886846.801384,122.7862619630032,175.2,-6.982184406959754,-0.7222976463033582,-0.4315818816952941
1787886846.81334,122.79821728200477,175.3,-6.966118460813966,-0.7295955567608394,-0.4177688658865587
1787886846.8239586,122.8088360390102,175.3,-6.949953011368279,-0.7366726251632342,-0.4042128487988382
1787886846.8955925,122.8804702720081,175.3,-6.933694362160651,-0.7435319153452512,-0.39100600216526227
1787886846.9091935,122.8940710240131,175.4,-6.917348855842001,-0.7501773946309341,-0.3781290316737279
1787886847.0445006,123.0293785140093,175.5,-6.900921224334838,-0.7566135212960015,-0.36555519050787094
1787886847.1198783,123.10475633500027,175.6,-6.884414752228308,-0.7628452775106334,-0.35333191698223726
1787886847.1315453,123.11642286300776,175.6,-6.867832701208144,-0.7688771607709783,-0.34140427889217717
1787886847.2667627,123.25164060101088,175.7,-6.851179058597605,-0.7747130943136511,-0.32973487662205364
1787886847.3404686,123.3253465279995,175.8,-6.834458205033372,-0.780356454316052,-0.3183620166106599
1787886847.3533618,123.33823948600912,175.8,-6.817674467453631,-0.7858106512908088,-0.30722704000519396
1787886847.4895413,123.47441943100421,175.9,-6.800831297489866,-0.7910791659490216,-0.2962883361361747
1787886847.5639496,123.54882703399926,176.0,-6.783931514495748,-0.7961652130837308,-0.28556219394045385
1787886847.5775971,123.56247459600854,176.1,-6.7669779493769315,-0.8010708322191751,-0.2750064968503728
1787886847.5891302,123.57400772700203,176.1,-6.749973743046009,-0.8057980866786444,-0.2646013697018372
1787886847.6607814,123.64565908499935,176.1,-6.73292147269232,-0.8103492862966032,-0.25439184947857824
1787886847.7963464,123.78122427700146,176.2,-6.715823433923443,-0.8147275185134067,-0.24439702454810822
1787886847.8108733,123.79575096801273,176.3,-6.698681859917745,-0.8189377476826156,-0.2347425198690792
1787886847.9466724,123.93155041700811,176.4,-6.6814998745660805,-0.8229836256223587,-0.22529907210532035
1787886848.0203664,124.00524447100179,176.4,-6.664280520635025,-0.8268679505726805,-0.21601137259665099
1787886848.1566908,124.14156895500491,176.6,-6.647026190216397,-0.8305932550114442,-0.20689944981809869
1787886848.1690025,124.1538800230046,176.6,-6.62973851644326,-0.8341627571367055,-0.19803139515582335
1787886848.241359,124.22623718700197,176.6,-6.612419505847427,-0.8375811372637206,-0.1894279326367743
1787886848.3770678,124.36194549599895,176.8,-6.595071207541895,-0.8408527124898684,-0.18116543096516544
1787886848.452175,124.43705268600024,176.9,-6.5776963003111595,-0.8439821313725041,-0.17320794180980714
1787886848.464525,124.44940296500863,176.9,-6.560296992955161,-0.8469758633130345,-0.16567377858008783
1787886848.4756045,124.46048177601187,176.9,-6.54287544522983,-0.8498410264899187,-0.15842135123243822
1787886848.6102123,124.59509023900318,177.0,-6.52543233236926,-0.8525820536608065,-0.1514381051515409
1787886848.685096,124.66997348000586,177.1,-6.507968687653359,-0.8552025407498968,-0.1446704542477199
1787886848.6968527,124.68173014301283,177.1,-6.490486156623981,-0.8577060295504123,-0.1380812263909162
1787886848.7724426,124.75732033600798,177.2,-6.4729869387759615,-0.8600956675226068,-0.13169428884006087
1787886848.8453817,124.83025963100954,177.2,-6.455473101126139,-0.8623745775505078,-0.12548527118354164
1787886848.919924,124.90480164600012,177.4,-6.437945852751116,-0.8645458701269066,-0.11943481960732502
1787886849.0548744,125.03975234300015,177.4,-6.420405755082444,-0.8666126218797453,-0.11357642403078733
1787886849.1294854,125.11436277600296,177.6,-6.4028536601173816,-0.868577403672506,-0.10787092139228918
1787886849.1411664,125.12604364000435,177.6,-6.385290564670141,-0.8704431633696337,-0.1023788809963933
1787886849.1507175,125.13559484800498,177.6,-6.367717935769517,-0.8722132083206032,-0.0970190602547776
1787886849.2220669,125.2069449420087,177.6,-6.350136261261144,-0.8738900808353651,-0.09178946602200072
1787886849.2961032,125.28098065700033,177.7,-6.332545483036142,-0.8754756327783297,-0.0866523874922758
1787886849.4315197,125.41639767200104,177.8,-6.314945308060052,-0.8769709867696573,-0.0815850317284024
1787886849.505853,125.49073066501296,177.9,-6.297336138409679,-0.8783787283402688,-0.07660376271817483
1787886849.517808,125.50268562200654,177.9,-6.279718978999545,-0.8796990118348343,-0.07168918394083151
1787886849.6533847,125.63826331699966,178.0,-6.2620951021704085,-0.8809331742670333,-0.0668915471364616
1787886849.7300417,125.71491947599861,178.1,-6.244465863918003,-0.8820826836600858,-0.06216387455652743
1787886849.8036766,125.78855442900385,178.2,-6.226831936682579,-0.8831494232764632,-0.05751707379118197
1787886849.9398043,125.92468220400042,178.3,-6.209193600761151,-0.884135368819335,-0.05295866469995577
1787886850.0136397,125.99851729400689,178.4,-6.191551279348419,-0.8850417012778913,-0.04849276828570371
1787886850.025277,126.01015446901147,178.4,-6.173905424682513,-0.8858697151455077,-0.04416708698613027
1787886850.036235,126.02111237400095,178.4,-6.156256200936996,-0.886621901348558,-0.03998412500054173
1787886850.1092584,126.09413615200901,178.5,-6.138603491035909,-0.8873014970973498,-0.03593766823620084
1787886850.1819966,126.16687443001138,178.5,-6.120946903794989,-0.8879111067141958,-0.03206354415230539
1787886850.2565274,126.24140490801074,178.6,-6.10328628159469,-0.8884533042509974,-0.02834532601151983
1787886850.3302057,126.31508358501014,178.7,-6.085622219544287,-0.8889307261744231,-0.02476053506765261
1787886850.4036777,126.38855580201198,178.7,-6.067955412137467,-0.8893454681488637,-0.021302131224053018
1787886850.478189,126.46306671900675,178.9,-6.050286809077425,-0.8896996992953213,-0.01794616133769315
1787886850.612868,126.59774579900841,178.9,-6.032617175423592,-0.8899953462224462,-0.014672872053322098
1787886850.749416,126.73429437700543,179.1,-6.014947223273124,-0.890233830063075,-0.011479637359623898
1787886850.8889,126.8737779630028,179.2,-5.997277438905704,-0.8904164479799793,-0.00835318190219859
1787886850.962914,126.9477914480085,179.3,-5.979607919814204,-0.8905443836994582,-0.005332321827546555
1787886850.976141,126.96101861800707,179.3,-5.961938705351964,-0.8906191356159224,-0.0023802039205068734
1787886850.986263,126.97114026000781,179.3,-5.944269295663783,-0.8906421289258639,0.0004904238322953337
1787886850.995351,126.98022830000264,179.4,-5.926599102064278,-0.8906150166157669,0.0032915354353615133
1787886851.003555,126.98843250400387,179.4,-5.908927619767942,-0.8905394886764147,0.005977548527050711
1787886851.0113928,126.99626992900448,179.4,-5.891255011059135,-0.8904170738941708,0.008582873603852053
1787886851.083615,127.06849260001036,179.4,-5.873581536704512,-0.8902488316864715,0.011100237833592926
1787886851.1567073,127.14158526700339,179.4,-5.855907574802343,-0.8900362443312566,0.013541517674624266
1787886851.2925901,127.27746808700613,179.6,-5.838233710868529,-0.8897812799784467,0.01591457720426487
1787886851.4288144,127.4136924790073,179.7,-5.820560623821361,-0.8894852250753466,0.01819892923215803
1787886851.5644867,127.54936471101246,179.8,-5.802888832120322,-0.8891494569395122,0.020381619664475756
1787886851.5792143,127.56409172501299,179.9,-5.7852184236257775,-0.8887760685137193,0.022367981624994263
1787886851.5890074,127.57388486299897,179.9,-5.767549432059328,-0.8883685096298207,0.024189069138585543
1787886851.6619885,127.6468663370033,180.0,-5.749881064191363,-0.8879303659804424,0.02580357037011755
1787886851.7357438,127.72062163500232,180.0,-5.732212471355483,-0.8874649769743078,0.027230747675112996
1787886851.809989,127.79486635400099,180.1,-5.714543280656638,-0.8869755111444944,0.028482126362507788
1787886851.8835676,127.86844534501142,180.2,-5.696872961243205,-0.8864653089875647,0.02951251776570824
1787886851.9564667,127.94134460100031,180.2,-5.679201271032921,-0.8859381121926397,0.03032867058165991
1787886852.0311465,128.0160242330021,180.4,-5.661528372584008,-0.8853979230752032,0.03094819136706905
1787886852.1047344,128.0896121350088,180.4,-5.643854472774724,-0.8848480755727484,0.031359003585897945
1787886852.1781251,128.16300288900675,180.4,-5.62618031572625,-0.88429179283614,0.03164394719968758
1787886852.3171709,128.30204920700635,180.6,-5.608506847941502,-0.8837307452811639,0.031897415105283315
1787886852.3297083,128.31458587601082,180.6,-5.5908347278917905,-0.8831655967431686,0.03215550174978665
1787886852.4029825,128.3878602120094,180.7,-5.573164164303246,-0.8825958812175873,0.03243815739613197
1787886852.4151263,128.40000405600586,180.7,-5.555494938882787,-0.882020822368952,0.03273235357257235
1787886852.550696,128.53557381400606,180.8,-5.537826168722845,-0.8814402852199532,0.03301673915568025
1787886852.6266448,128.61152218200732,180.9,-5.520156951963464,-0.8808553239963796,0.033224055157687025
1787886852.6390793,128.62395673501305,180.9,-5.502486606162284,-0.8802675090419969,0.033338517425582144
1787886852.7124789,128.6973564370128,181.0,-5.484814921794225,-0.8796783071526108,0.033357499525665614
1787886852.7850811,128.7699590560078,181.0,-5.4671418731247785,-0.8790893765255706,0.03325588240694245
1787886852.8598108,128.84468841200578,181.2,-5.449467475964264,-0.8785027352761972,0.03304011992091247
1787886852.9964283,128.98130644300545,181.2,-5.431792029647056,-0.8779206950433848,0.032717629407660626
1787886853.070951,129.05582869901264,181.4,-5.414116068854966,-0.8773453322610378,0.03227580144031653
1787886853.08314,129.0680171920103,181.4,-5.3964402330130135,-0.8767783806765536,0.031734767762218584
1787886853.0935743,129.07845186600753,181.4,-5.378764927194945,-0.8762217836752441,0.031061559100635225
1787886853.2281234,129.2130015980074,181.5,-5.361090303339515,-0.875677857613383,0.030290020873407552
1787886853.302591,129.2874687480071,181.6,-5.343415822988951,-0.8751481164039792,0.029449870854971864
1787886853.3150592,129.29993685000227,181.6,-5.325740912460499,-0.8746333637523778,0.028578333607859004
1787886853.4502585,129.43513696599985,181.7,-5.308065125768328,-0.8741340723224029,0.027706097334712382
1787886853.523947,129.50882484400063,181.8,-5.290388064882472,-0.873650092029175,0.026843259533538066
1787886853.6001587,129.58503638900584,181.9,-5.272709743187672,-0.8731813233538279,0.026007506571536387
1787886853.6109688,129.59584624400304,181.9,-5.255030166634022,-0.8727271627527657,0.025197941813749448
1787886853.6825292,129.6674078040087,181.9,-5.237349451845644,-0.8722869927897988,0.024412309072213166
1787886853.7565017,129.74137947701092,182.0,-5.219668133522765,-0.8718603202291031,0.023655126905920667
1787886853.891601,129.8764791720023,182.1,-5.201986957198578,-0.8714470647017724,0.02291737258886774
1787886854.0282059,130.0130844689993,182.2,-5.184306501390013,-0.8710469294447521,0.022201568125073
1787886854.1646411,130.14951895900595,182.4,-5.166627042515508,-0.8706594370973358,0.021495981402754563
1787886854.2393317,130.22420948100626,182.5,-5.148948495739616,-0.8702841694880911,0.020793637373926324
1787886854.2508118,130.23568955001247,182.5,-5.13127032429001,-0.8699212741554301,0.020090279502149103
1787886854.2607925,130.24566993700864,182.5,-5.1135918753320375,-0.8695708983461963,0.019383259291648
1787886854.270133,130.255010347013,182.5,-5.095912648211104,-0.8692330495645413,0.018673383106418546
1787886854.2788796,130.26375708600972,182.6,-5.078232275037864,-0.8689077239649535,0.017963362246359207
1787886854.2868733,130.27175059300498,182.6,-5.0605506105672875,-0.8685950982642836,0.01725528801746237
1787886854.4208364,130.4057142780075,182.6,-5.042867786455604,-0.8682948959691181,0.016552927912391078
1787886854.5587938,130.54367161700793,182.8,-5.0251841557830135,-0.8680068767351552,0.01585904021129366
1787886854.5725415,130.55741889101046,182.8,-5.007500282875724,-0.8677309180475892,0.015174755738748918
1787886854.6460583,130.6309356640122,182.9,-4.98981676380241,-0.867467132291382,0.014505817076697219
1787886854.7195833,130.7044616980129,182.9,-4.97213415309637,-0.8672153453689538,0.013853346377943278
1787886854.7939694,130.77884696600086,183.1,-4.954452718151365,-0.8669750030369566,0.013228197333721096
1787886854.9286585,130.91353626800992,183.1,-4.936772133177579,-0.8667452828091774,0.012621595723181781
1787886855.0027778,130.9876558399992,183.3,-4.919092019651093,-0.8665259631581793,0.012037607087664822
1787886855.0151098,130.9999874480127,183.3,-4.901411784329353,-0.8663168651311495,0.011474177688493391
1787886855.025524,131.01040174601076,183.3,-4.883730836824018,-0.866117912435813,0.01093137865474944
1787886855.1609318,131.14581013700808,183.4,-4.866048902418475,-0.8659284952600894,0.010419330292303311
1787886855.2970684,131.2819466869987,183.5,-4.848365925695252,-0.865747756320633,0.009938648137073462
1787886855.3712518,131.35612951200164,183.6,-4.8306820868408265,-0.865575067828848,0.00948917914220748
1787886855.3830771,131.36795489600627,183.6,-4.812997832621316,-0.8654098851228027,0.00908036326554939
1787886855.455385,131.44026305100124,183.6,-4.795313816058249,-0.8652519592063013,0.008711918048575535
1787886855.470182,131.45505918700655,183.7,-4.777630509852861,-0.8651004865015343,0.008382225656870895
1787886855.6057115,131.5905892610026,183.8,-4.759948323275583,-0.8649544709414705,0.0080965864666392
1787886855.6797912,131.66466936501092,183.9,-4.742267405566222,-0.8648132407375965,0.00785241551742178
1787886855.8154478,131.80032553900674,184.0,-4.72458750349504,-0.8646759079350816,0.007663098290329507
1787886855.8276513,131.81252875100472,184.1,-4.706908018113496,-0.8645415113291437,0.007511826002483851
1787886855.838422,131.8232997340092,184.1,-4.689228403465629,-0.8644094900155072,0.007403437443774108
1787886855.8478107,131.83268862499972,184.1,-4.671548251499643,-0.8642793450045904,0.007335018545855777
1787886855.981993,131.9668706740049,184.2,-4.6538672213023995,-0.8641502221929294,0.007302768651907943
1787886856.1175222,132.1024000920006,184.3,-4.636185228463088,-0.8640214995175427,0.007303029854458922
1787886856.1924632,132.17734079400543,184.4,-4.618502512229708,-0.863892409293144,0.007332624674689589
1787886856.2035336,132.1884110079991,184.4,-4.600819562582114,-0.8637623093895483,0.007393678338620362
1787886856.2755935,132.26047143700998,184.4,-4.583137069755886,-0.8636309796702619,0.007508921132870447
1787886856.4115708,132.3964484600001,184.6,-4.5654555100728125,-0.8634975885443527,0.007652653470226078
1787886856.4878874,132.47276502900058,184.7,-4.547775123450327,-0.8633615959842171,0.007808543599054159
1787886856.4987974,132.483674875999,184.7,-4.530095848377355,-0.8632228775224089,0.007956498861431363
1787886856.5083518,132.4932291980076,184.7,-4.51241716078225,-0.8630813582868573,0.008085058083833738
1787886856.6438894,132.62876772000163,184.8,-4.494738468487325,-0.8629377670078981,0.008174383677885576
1787886856.7181659,132.7030431029998,184.9,-4.4770593255190505,-0.8627930587675195,0.008231077935631133
1787886856.7911577,132.77603601700685,184.9,-4.459379264919429,-0.862647584537096,0.008259923424655686
1787886856.9270124,132.9118901900074,185.1,-4.44169817281911,-0.8625017134436298,0.008270456404639094
1787886857.0047505,132.98962816600397,185.2,-4.424016017251107,-0.862355659303141,0.008266666994299763
1787886857.0159187,133.0007964940014,185.2,-4.406333172049569,-0.8622098364841018,0.008244562122101692
1787886857.0257714,133.01064862200292,185.2,-4.388650075526405,-0.8620643251053633,0.008211821450175875
1787886857.102598,133.08747550600674,185.3,-4.370967347734879,-0.8619194837609159,0.008175817371474397
1787886857.174987,133.1598651940003,185.3,-4.353285533691652,-0.8617753300156235,0.008150568619246625
1787886857.249116,133.23399356100708,185.4,-4.335604963678374,-0.8616317071891064,0.008138620316722365
1787886857.3230267,133.3079041870078,185.5,-4.317925450640034,-0.8614881155447758,0.00813844634421209
1787886857.3980613,133.38293968699872,185.5,-4.300246462011256,-0.8613441380289464,0.00815029934560254
1787886857.411255,133.39613243300118,185.6,-4.282567487707861,-0.8611998287911361,0.008166760520885065
1787886857.5485504,133.53342907900515,185.7,-4.264887994756541,-0.8610555217311305,0.008184231549124855
1787886857.623368,133.60824591800338,185.7,-4.24720767146202,-0.8609112863307952,0.00819833457194756
1787886857.6352174,133.62009486200986,185.8,-4.2295262831244065,-0.8607666127038552,0.008199899777274875
1787886857.7709394,133.75581786900875,185.9,-4.211843995595523,-0.8606217861877593,0.008188186619088635
1787886857.8447068,133.8295852970041,186.0,-4.1941609762449055,-0.8604771169012916,0.00816762373123295
1787886857.9804125,133.96529071500117,186.1,-4.176477881045381,-0.8603330310168301,0.00813675397658196
1787886857.996077,133.98095483300858,186.2,-4.15879533383442,-0.860189525703799,0.008102229364277711
1787886858.0061839,133.99106136200135,186.2,-4.141113946559428,-0.8600466744434252,0.008072772235064146
1787886858.0151324,134.00000959601311,186.2,-4.123433576544833,-0.8599045460728767,0.008043629852937186
1787886858.1509175,134.1357955860003,186.2,-4.105753944889334,-0.8597629894245771,0.007977785144528463
1787886858.224635,134.2095130689995,186.3,-4.088074577756379,-0.8596225847248022,0.007886531934057776
1787886858.2989397,134.28381712500413,186.5,-4.070394953893055,-0.8594837060998737,0.007771109184062166
1787886858.3724995,134.3573771930096,186.5,-4.052714515402935,-0.8593475129206537,0.007608000729042066
1787886858.5080998,134.49297815600585,186.6,-4.035033098964111,-0.8592147297159919,0.007423332404017274
1787886858.58616,134.57103807300155,186.7,-4.017350615781749,-0.8590852560701863,0.007225282565671524
1787886858.6624436,134.64732101401023,186.8,-3.999667224240072,-0.8589589526264959,0.0069954680521599685
1787886858.673667,134.6585446280078,186.8,-3.981983414249294,-0.8588365599435781,0.0067606785602582105
1787886858.7457387,134.73061774900998,186.8,-3.964299739804291,-0.8587186962530868,0.006534741849109753
1787886858.7580845,134.7429622290074,186.9,-3.9466165935602415,-0.858605097101506,0.006312292249376406
1787886858.8935661,134.8784444660123,187.0,-3.9289344126312464,-0.8584952298361646,0.006081422276882788
1787886858.967218,134.9520956480119,187.1,-3.911253150846801,-0.858389290594247,0.005826137800889957
1787886858.979097,134.96397437200358,187.1,-3.8935726145772707,-0.8582881822925861,0.005547269599591023
1787886859.0532286,135.03810606201296,187.2,-3.875892399253503,-0.8581921667885059,0.005273085066009111
1787886859.1266086,135.11148683200008,187.2,-3.858212011898185,-0.8581011808003447,0.005008116079817294
1787886859.2002063,135.18508389200724,187.3,-3.8405309057019204,-0.8580144802350568,0.0047507343240387094
1787886859.3378143,135.32269202799944,187.4,-3.8228486338985888,-0.8579321941399634,0.0044895404335680116
1787886859.4119718,135.39684937300626,187.5,-3.8051652293624834,-0.8578548363576485,0.004207082161857974
1787886859.4236512,135.4085288339993,187.5,-3.787481084715723,-0.8577826519028617,0.003925880741590684
1787886859.4339895,135.41886681799951,187.6,-3.7697968451908865,-0.8577152831781037,0.003653603414966937
1787886859.505698,135.49057615399943,187.6,-3.7521129886518634,-0.8576522191893649,0.003385320716991411
1787886859.6414611,135.6263401890028,187.7,-3.73442988425268,-0.857594089651001,0.003138599455089224
1787886859.7782352,135.7631130880036,187.8,-3.716747823921729,-0.8575406828373584,0.0029196524721622303
1787886859.7909443,135.77582180101308,187.9,-3.6990668183985487,-0.8574908114525989,0.0027326999839498577
1787886859.8017857,135.78666326100938,187.9,-3.681386509418866,-0.8574436097397953,0.002557886820912912
1787886859.9365375,135.92141547999927,188.0,-3.663706462704512,-0.857399227494534,0.0023852282684204613
1787886860.010525,135.99540338601219,188.1,-3.646026033769875,-0.8573582635625324,0.0022108862187795093
1787886860.0226316,136.00750918200356,188.1,-3.6283445931362253,-0.8573208937113006,0.0020265717864054477
1787886860.0966535,136.08153141100775,188.2,-3.610661978335577,-0.857286824407063,0.001815446613893973
1787886860.23193,136.2168082930002,188.3,-3.592978387338916,-0.8572564630971711,0.0015842326294412657
1787886860.3079457,136.29282356300973,188.4,-3.5752943508197856,-0.8572297753489652,0.0013592613902528524
1787886860.319939,136.30481633100135,188.4,-3.5576103005324278,-0.8572071753000007,0.0011398629641641111
1787886860.393391,136.37826834600128,188.5,-3.539926780023166,-0.8571887857344104,0.0009300549876127102
1787886860.466562,136.45144028200593,188.5,-3.5222440894182134,-0.8571738472686079,0.0007536582713921282
1787886860.6024656,136.58734381500108,188.6,-3.504562575314363,-0.8571617176966206,0.0006287951821825585
1787886860.6164274,136.60130524700799,188.7,-3.4868821282494435,-0.8571510975608383,0.0005618179794647605
1787886860.6893349,136.67421261301206,188.7,-3.4692024729723365,-0.8571412281388355,0.0005771072103081788
1787886860.7017775,136.68665485100064,188.8,-3.451523219097526,-0.8571307137031308,0.0006767459225674659
1787886860.8370118,136.82188997200865,188.9,-3.433843993470694,-0.857117828130841,0.000868233271152797
1787886860.9105654,136.89544324600138,188.9,-3.4161644525023456,-0.8571004597253779,0.0012425851790348645
1787886861.0462801,137.03115806300775,189.1,-3.3984845680903653,-0.8570749981705322,0.00186422503164332
1787886861.0578918,137.04276940900309,189.1,-3.380804664877434,-0.8570369487283143,0.0026964521843204415
1787886861.0683107,137.0531884630036,189.2,-3.363125082728914,-0.8569826757254535,0.0037239949471295384
1787886861.0773757,137.06225342700782,189.2,-3.345446564610161,-0.8569088892309085,0.004995134553714181
1787886861.2116265,137.1965049040009,189.2,-3.3277668849779527,-0.8568137397119208,0.0059403247845956925
1787886861.3512921,137.33617020100064,189.4,-3.310087382730743,-0.8567055307959385,0.0064871557169914225
1787886861.3631458,137.34802309299994,189.4,-3.2924094249605225,-0.856586537574306,0.0071965243787295305
1787886861.498101,137.482978799002,189.5,-3.274733473026821,-0.8564535334983258,0.008178555981748237
1787886861.5722435,137.5571210420021,189.6,-3.257060207298382,-0.856299758944378,0.009702770164321221
1787886861.5832229,137.56810018401302,189.6,-3.239388790086776,-0.856115654001843,0.011723653625693733
1787886861.6569176,137.64179494000564,189.7,-3.2217190974347365,-0.855892051856167,0.014308330614859
1787886861.7306805,137.7155584590073,189.7,-3.204050999859686,-0.855619995044596,0.017401753522685786
1787886861.805619,137.79049671300163,189.9,-3.1863842720023894,-0.855290065167592,0.020949711424599216
1787886861.87994,137.86481795100553,189.9,-3.1687194926347773,-0.854894301126522,0.024935211073188586
1787886862.01569,138.00056845400832,190.0,-3.151057415318216,-0.8544258094990373,0.02921269501759828
1787886862.0897152,138.0745935390005,190.1,-3.133398141253395,-0.853880141020216,0.03370418386170616
1787886862.1645815,138.14945931000693,190.2,-3.1157426514974085,-0.8532545911808768,0.03835889246793511
1787886862.175114,138.15999143999943,190.2,-3.09809164329957,-0.8525463577125227,0.04311361725911352
1787886862.2470362,138.23191440600203,190.2,-3.0804458084228683,-0.8517532715961964,0.04794810183452565
1787886862.260743,138.2456204199989,190.3,-3.062805127411794,-0.8508742322638202,0.05285353550543678
1787886862.3965025,138.38138116900518,190.4,-3.0451692821116216,-0.8499085595065415,0.057811586055555246
1787886862.4703593,138.45523695400334,190.5,-3.0275382412999545,-0.848855074028924,0.06284976309043269
1787886862.4824514,138.46732909799903,190.5,-3.0099122426341536,-0.8477120682212104,0.06798488357691791
1787886862.555965,138.54084269001032,190.6,-2.9922919045120513,-0.8464773464403937,0.07324854856647388
1787886862.6292443,138.61412267900596,190.6,-2.9746779386573654,-0.8451490910539337,0.07863399071986608
1787886862.7043018,138.6891797640128,190.7,-2.9570711241130616,-0.8437254108434441,0.08413934659620788
1787886862.8400104,138.82488888700027,190.8,-2.939472733771382,-0.8422037448843808,0.08978595953918991
1787886862.9152863,138.90016415600257,190.9,-2.9218838982908863,-0.8405817485411481,0.0955339233016229
1787886862.9265816,138.9114590800018,191.0,-2.9043057948644555,-0.8388583250979043,0.10137034005275652
1787886862.9362187,138.921096614009,191.0,-2.886739379371196,-0.8370320292942907,0.10728086164463231
1787886863.0072932,138.99217104700801,191.0,-2.8691851617244906,-0.8351018840339168,0.11321435402451832
1787886863.1432185,139.12809624199872,191.1,-2.85164332242863,-0.8330673539428876,0.11914818126699957
1787886863.2197285,139.2046063960006,191.2,-2.8341140125979107,-0.8309286169093323,0.12507001776810642
1787886863.2928169,139.27769462100696,191.2,-2.8165969436281872,-0.8286866005898116,0.1309333712488151
1787886863.3048372,139.28971500899934,191.3,-2.799091990081613,-0.8263422408825053,0.13673265023019346
1787886863.4403906,139.42526852800802,191.4,-2.781599403496112,-0.8238964953838536,0.14246547363345333
1787886863.514191,139.49906888901023,191.5,-2.7641196360728792,-0.8213507131383624,0.14808709329212216
1787886863.5255945,139.51047202700283,191.5,-2.746653308607222,-0.8187071937957053,0.15360264493438167
1787886863.6613672,139.64624518800701,191.6,-2.729201011549808,-0.8159687715857449,0.15892184377029958
1787886863.7354255,139.72030327600078,191.7,-2.7117634816807787,-0.8131385178127059,0.16408107772559158
1787886863.808883,139.79376142199908,191.8,-2.69434075041786,-0.810219448864628,0.16903419146935061
1787886863.8212004,139.80607785700704,191.8,-2.6769325691064054,-0.8072154062591334,0.17379259234671174
1787886863.9566724,139.94155081300414,191.9,-2.659538730162266,-0.8041303022846502,0.17836721500821767
1787886864.0314832,140.01636099700409,192.0,-2.6421588135811414,-0.8009672700005773,0.18270643815972765
1787886864.0427783,140.02765620400896,192.0,-2.624792465233827,-0.7977293825649725,0.18690178565312424
1787886864.1163182,140.10119559400482,192.1,-2.6074391204517533,-0.7944190379239726,0.19099767014900393
1787886864.1892757,140.17415397601144,192.1,-2.59009772497315,-0.7910382966936067,0.19498493695954122
1787886864.2654824,140.25036039600673,192.2,-2.5727683138844117,-0.7875884798076942,0.19894828005847298
1787886864.4005623,140.38544048600306,192.3,-2.5554516454784606,-0.7840695990340438,0.2029267717340917
1787886864.536104,140.52098229101102,192.4,-2.5381490392669828,-0.7804816926827366,0.20693165423157964
1787886864.5483065,140.53318400900753,192.5,-2.520861651898664,-0.7768246149163792,0.210974410990017
1787886864.5589225,140.54380029400636,192.5,-2.503590170791492,-0.773097391773747,0.21504184633490436
1787886864.6302555,140.6151333710004,192.5,-2.4863346892997416,-0.769299612873091,0.21911238413308262
1787886864.7660007,140.75087860300846,192.6,-2.469095146721086,-0.765432182188786,0.22313834142162112
1787886864.7778485,140.76272612401226,192.7,-2.4518708800075215,-0.7614965715844194,0.22700310489677245
1787886864.850572,140.8354501970025,192.7,-2.434660790200615,-0.7574966473728657,0.23048678409575948
1787886864.8629966,140.84787438000785,192.8,-2.4174636328740156,-0.7534385971287617,0.23363436163629475
1787886865.0003903,140.98526911500085,192.9,-2.4002770654934293,-0.749328558372334,0.2363876210307624
1787886865.075528,141.0604058910103,193.0,-2.3830985178973916,-0.7451732047567072,0.23878678650958832
1787886865.0892243,141.0741020340065,193.0,-2.36592681586871,-0.7409784964990254,0.24086415529219551
1787886865.2244637,141.20934166300867,193.1,-2.34876155605461,-0.7367498958429651,0.24259505116891253
1787886865.300577,141.28545568200934,193.2,-2.3316025651688332,-0.7324930193682564,0.24403669906832254
1787886865.3776152,141.36249274300644,193.3,-2.31444943933126,-0.7282133320510398,0.2452246996880709
1787886865.3898146,141.37469243801024,193.3,-2.2973006968936325,-0.7239153115564122,0.24612576166500394
1787886865.5245426,141.50942126000882,193.4,-2.2801552446604347,-0.7196034971016119,0.24681501430528158
1787886865.5987535,141.5836325840064,193.4,-2.2630123845530257,-0.7152807290166091,0.24737393036662556
1787886865.7380466,141.72292469600507,193.6,-2.245872253963999,-0.7109490150531713,0.24783656798115325
1787886865.8736913,141.858570315002,193.7,-2.228734450749781,-0.7066101527914871,0.2482020949989723
1787886866.0096958,141.99457360600354,193.8,-2.2115979990263503,-0.7022658061920221,0.24848051920827666
1787886866.0217075,142.00658544200996,193.9,-2.1944615557694473,-0.697917110139569,0.2486637003242448
1787886866.0319483,142.01682596601313,193.9,-2.1773240718745552,-0.6935648713230932,0.24877754026239948
1787886866.0413766,142.02625392501068,193.9,-2.1601850899265624,-0.6892109967349631,0.24877099948733783
1787886866.0498714,142.03474866200122,193.9,-2.143044822490855,-0.6848581597421469,0.24862987569830305
1787886866.0578072,142.04268438000872,193.9,-2.125903778398929,-0.6805090285825837,0.24835303351581348
1787886866.1278539,142.1127322530083,194.0,-2.1087617195102437,-0.6761655344631682,0.24792155868260188
1787886866.2661598,142.2510381690081,194.1,-2.0916177694843014,-0.6718297958493453,0.24736098325445735
1787886866.4016151,142.3864936230093,194.2,-2.074471199051664,-0.667504704503537,0.2466849427431378
1787886866.475893,142.46077111900377,194.3,-2.0573215127892794,-0.6631927753067334,0.24586894190137645
1787886866.4874344,142.4723123480071,194.3,-2.0401683687808547,-0.658895465886991,0.2449259103928008
1787886866.622014,142.60689160200127,194.4,-2.023011274526857,-0.6546151796792561,0.24386394037664208
1787886866.7582767,142.7431545020081,194.5,-2.0058489046657266,-0.6503540670158502,0.24265563330744
1787886866.8941429,142.87902142301027,194.7,-1.988679728628235,-0.6461137892959408,0.2413093117239578
1787886866.9682817,142.95315999801096,194.8,-1.971502358317595,-0.6418973625118078,0.2397647954861977
1787886866.978961,142.9638389370084,194.8,-1.9543160262626973,-0.6377090337766508,0.2379731773027622
1787886866.9886625,142.97353998600738,194.8,-1.93712100518244,-0.6335527663146397,0.23597168687279774
1787886866.9974685,142.9823459850013,194.8,-1.9199171420084182,-0.6294324082611449,0.23370737089292618
1787886867.0056438,142.99052118700638,194.8,-1.9027033619489921,-0.6253526496415925,0.23117835070436954
1787886867.0133858,142.99826293501246,194.8,-1.8854786443636034,-0.6213182866213148,0.22839617699586517
1787886867.1476207,143.1324993580056,194.9,-1.8682421186548734,-0.6173335593750812,0.22534720318578505
1787886867.2853196,143.27019794400258,195.0,-1.8509932388321781,-0.6134029715574296,0.22210955902710042
1787886867.4218688,143.40674731200852,195.2,-1.8337319052173957,-0.6095292189428224,0.21872979007273446
1787886867.557598,143.54247607500292,195.3,-1.8164574824636706,-0.605714327583635,0.21522722003956193
1787886867.569789,143.55466663300467,195.4,-1.7991686616627667,-0.6019605226329727,0.2116254988853982
1787886867.5802329,143.56511074501032,195.4,-1.7818648517284157,-0.5982691161191962,0.20799468986685327
1787886867.5897954,143.5746730480023,195.4,-1.7645462825588778,-0.5946403427830176,0.20436617999272433
1787886867.7242799,143.70915778500785,195.5,-1.7472141169549888,-0.5910739234957876,0.2007721212446584
1787886867.7982829,143.78316048400302,195.6,-1.7298696637940085,-0.5875695891296,0.19726336844241832
1787886867.8094094,143.7942867360107,195.6,-1.712514058631872,-0.5841250196717998,0.19392009094202914
1787886867.9444048,143.92928305501118,195.7,-1.6951481460675215,-0.5807378125685437,0.1907109810043735
1787886868.0819082,144.06678633500997,195.8,-1.6777730385324547,-0.5774051028277494,0.1877110691156747
1787886868.2183814,144.20325914300338,195.9,-1.6603896994626945,-0.5741231619993171,0.18490531621635384
1787886868.353948,144.33882612601155,196.0,-1.6429986467386282,-0.5708893601687202,0.18229255344649298
1787886868.4905605,144.47543915100687,196.2,-1.6256009616007085,-0.5676996370611739,0.17995669186171764
1787886868.6260383,144.61091608399875,196.3,-1.6081939875766573,-0.5645516389724216,0.1772007280567519
1787886868.6937864,144.6786647400004,196.4,-1.5907751804182158,-0.5614551268377524,0.17389243264391546
1787886868.7614224,144.74630015600997,196.4,-1.5733446843092342,-0.5584161798963554,0.1705870506333291
1787886868.773678,144.75855560300988,196.5,-1.5559037020354742,-0.5554342861656235,0.1674842967712316
1787886868.7844462,144.76932370899885,196.5,-1.538454280344303,-0.5525049652570858,0.16468469214951287
1787886868.794194,144.77907134100678,196.5,-1.5209992781113606,-0.5496205417603569,0.16246583720124202
1787886868.8031688,144.78804603900062,196.5,-1.5035402333952184,-0.5467713572380924,0.160689642454833
1787886868.8113236,144.79620108701056,196.5,-1.4860742572214967,-0.5439563656527947,0.15833446126424522
1787886868.8192668,144.80414405700867,196.6,-1.4685982935610828,-0.5411880646240634,0.154915892597395
1787886868.8260295,144.8109067260084,196.6,-1.4511085063373,-0.5384874901158881,0.1503119359599903
1787886868.83222,144.81709742700332,196.6,-1.4336008490675118,-0.5358773607623496,0.14424156966038165
1787886868.965721,144.9505988380115,196.6,-1.4160776459128144,-0.5333739476495807,0.13820347237038422
1787886869.1039188,145.0887968110037,196.8,-1.3985415683636186,-0.5309735335992921,0.13279418755000066
1787886869.1779487,145.162826314001,196.9,-1.3809954899079477,-0.528662603324232,0.1282413966479754
1787886869.3134494,145.29832741900464,197.0,-1.3634439610984144,-0.526422161145834,0.12512677422953203
1787886869.3871036,145.37198159600666,197.0,-1.3458896959141886,-0.5242290589529855,0.12329607636244323
1787886869.5238752,145.50875364900276,197.2,-1.3283359359448899,-0.5220598001543039,0.12264764620497227
1787886869.5360177,145.52089529301156,197.2,-1.310786759222255,-0.5198925818272119,0.12344075670251405
1787886869.5480497,145.53292716800934,197.3,-1.2932444561254843,-0.5177051693993987,0.12536655060404883
1787886869.5578492,145.54272651900828,197.3,-1.2757129323245064,-0.5154754240864582,0.12867457279974512
1787886869.6924999,145.6773782310047,197.3,-1.2581942611551136,-0.5131805032831687,0.1329655439708253
1787886869.7661338,145.75101170501148,197.4,-1.2406899052311895,-0.5108055485192884,0.13801537017898544
1787886869.901702,145.886579789003,197.5,-1.2232011257541648,-0.5083386046412474,0.14370817887048415
1787886869.91426,145.89913759101182,197.6,-1.2057290922980326,-0.5057684332323223,0.14993750367774972
1787886869.987264,145.9721417890105,197.6,-1.1882744944034396,-0.5030869861762375,0.15652702557449966
1787886870.0638397,146.0487173240108,197.8,-1.170838493260692,-0.5002880970949461,0.16346589298715147
1787886870.137251,146.12212824101152,197.8,-1.153422575327649,-0.4973659931967672,0.17070692948959154
1787886870.210649,146.19552742500673,197.8,-1.1360279950181729,-0.4943168526023649,0.17808629299790477
1787886870.3470247,146.33190328400815,198.0,-1.1186567868067014,-0.4911379763449638,0.1856509152381375
1787886870.358952,146.34382963900862,198.0,-1.1013116972529462,-0.48782675135898607,0.19338015226915833
1787886870.3695538,146.35443135700189,198.1,-1.0839933125196841,-0.4843816174486781,0.20109620277279847
1787886870.3788583,146.36373573100718,198.1,-1.0667029824362109,-0.4808025890448966,0.20888004707347035
1787886870.5139697,146.49884765400202,198.1,-1.0494414894649156,-0.4770887915329227,0.2166373697097997
1787886870.6508684,146.63574649501243,198.3,-1.0322097001386115,-0.47324177789928645,0.22433591961435817
1787886870.6628993,146.6477766320022,198.3,-1.015008593515695,-0.46926257974919494,0.23203399297701857
1787886870.7983055,146.78318366700842,198.4,-0.9978382931559177,-0.4651523304901986,0.23955611588244385
1787886870.8742013,146.85907909600064,198.5,-0.9806989815803328,-0.4609128533925954,0.24703336101927517
1787886870.9470007,146.9318788160017,198.6,-0.9635902313472439,-0.45654444471049854,0.25448476740012543
1787886871.0828607,147.06773900800908,198.7,-0.9465116720660716,-0.45204955107032235,0.2617044445496525
1787886871.1576064,147.14248376400792,198.8,-0.9294645757339859,-0.4474322938741264,0.2688351604765417
1787886871.16843,147.15330760300276,198.8,-0.9124505908503854,-0.44269413077995046,0.2758983736413751
1787886871.1783023,147.1631795860012,198.8,-0.8954699903307293,-0.43783745773199184,0.28265965819639854
1787886871.2514145,147.23629224700562,198.9,-0.8785226469248668,-0.4328667682120215,0.28927799566397694
1787886871.3249345,147.30981235700892,198.9,-0.8616074760004196,-0.42778483926072247,0.29564897334962653
1787886871.4607544,147.4456325120118,199.0,-0.8447237229377724,-0.4225974988777408,0.30176722902955977
1787886871.4732044,147.45808219900937,199.1,-0.8278718612099973,-0.4173081075349709,0.30779188775032196
1787886871.5458877,147.53076585600502,199.1,-0.8110514701292186,-0.41191820182548305,0.313561597905413
1787886871.620799,147.6056765920075,199.2,-0.7942616612138712,-0.40643291534629805,0.31905532728244934
1787886871.7562912,147.74116930500895,199.3,-0.7775011159832973,-0.4008560259135231,0.32444260236334904
1787886871.8309803,147.81585811200785,199.4,-0.760767793232829,-0.3951897098073292,0.32954440765976534
1787886871.8426046,147.82748223400267,199.4,-0.7440604084969977,-0.38943991899086006,0.33426689650932107
1787886871.979435,147.9643129590113,199.5,-0.72737751534196,-0.38361400292964265,0.33848385464081693
1787886872.1153088,148.10018736300117,199.6,-0.7107171343664472,-0.3777204047874014,0.3421923581645088
1787886872.1899714,148.17484894600057,199.8,-0.6940757343491003,-0.3717694437138265,0.3452066234465557
1787886872.2014878,148.18636519199936,199.8,-0.6774499196929353,-0.3657718815622168,0.34769675434708763
1787886872.212289,148.19716634500946,199.8,-0.6608364900177968,-0.35973587080594405,0.3496595866722496
1787886872.221973,148.20685041000252,199.8,-0.6442326355817355,-0.3536693807894252,0.3511666673734224
1787886872.230464,148.21534144401085,199.8,-0.6276363478573485,-0.3475806447049571,0.3522623052031938
1787886872.3005023,148.28538014901278,199.8,-0.6110448173683061,-0.3414774324034861,0.3529017805402589
1787886872.4363885,148.42126675001055,200.0,-0.5944554183562666,-0.3353655327161138,0.3531366884189176
1787886872.5720136,148.55689151700062,200.1,-0.5778642910441835,-0.32925165421413266,0.3528540164156626
1787886872.7084093,148.69328718200268,200.2,-0.5612681382415887,-0.3231445500413225,0.3521879133300851
1787886872.721099,148.7059764709993,200.3,-0.5446646961837041,-0.3170511163643866,0.35114619160919636
1787886872.7317977,148.71667542700015,200.3,-0.5280530980642429,-0.3109767325057958,0.349788547276836
1787886872.8666441,148.85152217600262,200.4,-0.5114328054567597,-0.3049263486284606,0.3481528479909297
1787886872.939932,148.92481003400462,200.4,-0.4948019552877067,-0.29890489882631316,0.34623340016877785
1787886873.0777469,149.06262483200408,200.6,-0.4781583837482826,-0.2929169869707336,0.3440790763602
1787886873.0897243,149.07460194799933,200.6,-0.46150040566302075,-0.28696672225551234,0.3416451308128618
1787886873.1005154,149.08539303900034,200.7,-0.4448270263599127,-0.2810583928108649,0.33900843287130367
1787886873.109658,149.09453545800352,200.7,-0.42813767244490236,-0.2751953163510872,0.33615649697867356
1787886873.2440417,149.2289197120117,200.7,-0.41143155732835385,-0.2693811928206872,0.33310502062634867
1787886873.3177264,149.3026042660058,200.8,-0.39470552931159697,-0.2636197079083784,0.329631881406167
1787886873.453182,149.43805999901087,200.9,-0.3779557955475232,-0.2579193009102681,0.32563660787554455
1787886873.465159,149.450036455004,201.0,-0.36117867135986226,-0.2522894451700675,0.3209858277598186
1787886873.5374072,149.52228509201086,201.0,-0.3443711895762098,-0.24674034310123513,0.3157076959859094
1787886873.6117246,149.59660216500924,201.2,-0.3275317253078324,-0.24128358929825608,0.3098480850296861
1787886873.6849594,149.66983698800323,201.2,-0.3106581858110188,-0.23592970490812432,0.30339751292966705
1787886873.7580056,149.74288367100235,201.2,-0.2937486298541919,-0.23068768466999884,0.29644759436486534
1787886873.8326776,149.81755531800445,201.4,-0.27680056344951515,-0.2255661184252154,0.2889423683046239
1787886873.9698977,149.95477569800278,201.4,-0.25981279688106756,-0.2205739821051165,0.28108696324143406
1787886874.1057045,150.0905829960102,201.6,-0.2427854176465364,-0.21571708557340297,0.27304107793001314
1787886874.1182942,150.10317155500525,201.6,-0.22571980990088178,-0.2109983499702948,0.2649351618306662
1787886874.1286783,150.1135558120004,201.6,-0.20861709178401977,-0.20641834887636662,0.25682638989654116
1787886874.1382644,150.1231417220115,201.7,-0.19147749719430712,-0.20197547416870693,0.24876997869501793
1787886874.1468177,150.13169506800477,201.7,-0.17430137559770545,-0.1976698475708761,0.24081496066939911
1787886874.280748,150.26562563500192,201.7,-0.15708990937478023,-0.19350021860985453,0.23297685414141853
1787886874.4166012,150.40147931101092,201.9,-0.13984646799414288,-0.18946465949718888,0.22529596375215533
1787886874.4899626,150.47484027899918,201.9,-0.12257358031283608,-0.1855602196524667,0.21779421943845928
1787886874.6258132,150.61069139400206,202.1,-0.10527364379906225,-0.18178350720952927,0.21058012169752577
1787886874.6375713,150.62244884500979,202.1,-0.08794843887985988,-0.17813051855123216,0.20358144342593656
1787886874.7097895,150.69466723200458,202.1,-0.07059972317986098,-0.1745974351139056,0.19685679882877277
1787886874.8466012,150.83147918300529,202.3,-0.05322942458214151,-0.17117948662691276,0.19041437082212326
1787886874.9230204,150.9078981240018,202.4,-0.03583959775164583,-0.1678714450699665,0.1842472016492182
1787886874.9346833,150.91956111100444,202.4,-0.018431697734613884,-0.16466870916263363,0.17840490321126626
1787886874.9449582,150.92983555300452,202.4,-0.0010064921677390155,-0.1615660450061935,0.17287034345575733
1787886875.0797114,151.0645895260095,202.5,0.016436301802705538,-0.1585586256509947,0.16732121744686648
1787886875.2160304,151.20090903701202,202.6,0.033902664958567065,-0.15565596018288153,0.16038367860813613
1787886875.3523757,151.33725394400244,202.7,0.05139244054449262,-0.1528781178613291,0.15294951734986367
1787886875.4880066,151.4728843269986,202.8,0.06890405541357504,-0.15023113768999924,0.14518429070992223
1787886875.5631378,151.54801575100282,203.0,0.08644209433992121,-0.14772991168797026,0.13588959209373747
1787886875.5744348,151.55931223100924,203.0,0.10400422074920626,-0.14539546207376428,0.12623635045129483
1787886875.5843375,151.5692149650131,203.0,0.12158930585656531,-0.1432324955735574,0.11602538258652148
1787886875.5932,151.57807724300073,203.0,0.13919772715785333,-0.1412547324590352,0.10514617552189554
1787886875.6013768,151.58625402000325,203.0,0.15682434363654488,-0.13946576344006148,0.09465047318432565
1787886875.609021,151.59389809200366,203.0,0.17447007271994086,-0.1378644277972242,0.08364248564303035
1787886875.6789923,151.66387038600806,203.0,0.19213151382765997,-0.13645674058863896,0.07300767045907645
1787886875.7557065,151.74058419201174,203.2,0.20980534996462438,-0.13523232964282222,0.06290512833243718
1787886875.8906329,151.87551082400023,203.2,0.22749263782212667,-0.13418819500538343,0.0524441800567477
1787886876.0272307,152.0121087430016,203.4,0.24518907081611468,-0.13332717488685525,0.04252416011062359
1787886876.1647506,152.14962878200458,203.5,0.26289106832133763,-0.13263525722522682,0.03330853075953642
1787886876.3001127,152.28499035700224,203.6,0.2805988349178755,-0.132106229394667,0.02423585560943916
1787886876.4362316,152.42110993100505,203.8,0.2983070497463569,-0.1317308886537326,0.01626968089055404
1787886876.4486883,152.43356614900404,203.8,0.31601317043659594,-0.13148954129499127,0.009480025159610177
1787886876.459804,152.4446817390126,203.8,0.33371545661634794,-0.1313608735050308,0.003846093429248464
1787886876.4694605,152.45433779600717,203.8,0.3514121808944589,-0.1313217671005769,-0.0003140359130676706
1787886876.47883,152.46370753900555,203.9,0.3691039079791548,-0.13134843008413594,-0.0032339827403706136
1787886876.487382,152.47225944801176,203.9,0.3867902105411673,-0.13141649901998562,-0.0046736298958298846
1787886876.6214204,152.60629792700638,203.9,0.4044728239961757,-0.1315034215569133,-0.005125693279802925
1787886876.6954815,152.68035964600858,204.0,0.4221530938558653,-0.13159255325528135,-0.00473298590804869
1787886876.8330846,152.81796265300363,204.1,0.4398347389423347,-0.13167454292413605,-0.004533547500936751
1787886876.8455288,152.83040640401305,204.2,0.45751888906415084,-0.13175616844386168,-0.004790994019257836
1787886876.9187438,152.90362175600603,204.2,0.47520353234569074,-0.13184203025941044,-0.004986141929694809
1787886877.0548306,153.039708272001,204.3,0.49288784475255765,-0.1319307536936121,-0.005009878842440923
1787886877.1917434,153.17662118701264,204.5,0.5105710224261862,-0.13201866298312265,-0.004744671331521285
1787886877.2659202,153.25079780899978,204.6,0.5282524772340962,-0.13209906984171446,-0.0041568138811164355
1787886877.2767532,153.26163076100056,204.6,0.5459319720594994,-0.1321664797919213,-0.0031673675117796746
1787886877.286687,153.27156436700898,204.6,0.563609366061448,-0.1322139110740561,-0.0017972132376448317
1787886877.357623,153.34250095600146,204.6,0.581285213446718,-0.13223574473531316,-0.00017411812857247362
1787886877.432217,153.41709453900694,204.7,0.598960008567237,-0.13222754012266355,0.0016370175849465235
1787886877.5678358,153.55271377701138,204.8,0.6166342924867201,-0.13218566118736322,0.003599656283137062
1787886877.7036421,153.68852019800397,204.9,0.6343089592975383,-0.13210849075001185,0.005656819923132356
1787886877.7185588,153.70343656500336,205.0,0.6519841508548343,-0.13199505922964958,0.007777503163414197
1787886877.7293665,153.71424399400712,205.0,0.6696597744744732,-0.13184402838085432,0.009928252971140564
1787886877.8011925,153.7860705750063,205.0,0.687335561348581,-0.13165442692525872,0.012078574527777193
1787886877.8136597,153.7985372539988,205.1,0.7050113157751507,-0.1314264632393866,0.014212165376330044
1787886877.9497943,153.93467225100903,205.2,0.7226863192700753,-0.13116131154508176,0.016323408084502302
1787886878.085721,154.07059904800553,205.3,0.7403600869904988,-0.13085973519600538,0.01839271091236561
1787886878.2220159,154.20689367700834,205.4,0.7580325107753951,-0.13052154577059072,0.020415410082867545
1787886878.234175,154.2190525670012,205.5,0.775703616424196,-0.13014777169565653,0.022355916687960203
1787886878.2443,154.22917723499995,205.5,0.7933735382180708,-0.12974030847123622,0.02423573483817559
1787886878.3158922,154.30077011800313,205.5,0.8110428779448375,-0.1293004269722295,0.026043030160421338
1787886878.4514897,154.43636760000663,205.6,0.8287119152707705,-0.12882873971074155,0.02778246370695546
1787886878.5876708,154.5725487160089,205.8,0.8463812013838529,-0.12832643259481458,0.029459426098635104
1787886878.7238839,154.7087618450023,205.9,0.8640508212113989,-0.12779526937371402,0.03106156169042578
1787886878.8652275,154.85011094700894,206.0,0.8817205480419542,-0.1272366449270591,0.032599339693177645
1787886878.8788898,154.86376736999955,206.1,0.8993901387645443,-0.1266508449155283,0.03407990773570991
1787886878.8887646,154.87364197301213,206.1,0.917059195380412,-0.12603876115299736,0.0354845169054462
1787886878.8977668,154.88264433501172,206.1,0.9347273656891691,-0.12540273330409693,0.036813181702051175
1787886878.9060283,154.89090553300048,206.1,0.9523940796638557,-0.1247440021302861,0.03808803223196923
1787886878.9137683,154.89864549100457,206.1,0.9700590485940972,-0.12406325121840324,0.039319018183264824
1787886878.9206996,154.905577018013,206.1,0.9877224715379659,-0.12336054524583678,0.04049372777750705
1787886878.9933386,154.97821618500166,206.2,1.0053848065867208,-0.12263720853367754,0.04161881520560999
1787886879.066605,155.05148303900205,206.2,1.0230465787184362,-0.12189454086759774,0.04270748449120158
1787886879.203457,155.1883347430121,206.3,1.0407082428513723,-0.12113323135773314,0.04376735940081308
1787886879.3395815,155.32445919900783,206.5,1.0583699006759608,-0.12035333622965033,0.04479874903837984
1787886879.4147182,155.39959594000538,206.6,1.0760315363251034,-0.11955510186303811,0.045804416840759
1787886879.4263885,155.4112660210085,206.6,1.093693159045292,-0.11873887197893991,0.046804400724097986
1787886879.5617,155.54657817100815,206.7,1.1113546146863287,-0.11790521397334189,0.04780682380683842
1787886879.7004418,155.68531991700002,206.8,1.1290152845695418,-0.1170538778238185,0.048809746904539826
1787886879.8369188,155.82179678601096,206.9,1.146674569444071,-0.1161847724623772,0.04983090220554952
1787886879.9732757,155.95815336600936,207.1,1.164331824677604,-0.11529739697719132,0.05088282420483245
1787886880.1088881,156.09376592100307,207.2,1.18198685167911,-0.11439130960467664,0.05196619856050564
1787886880.2460485,156.23092682000424,207.3,1.1996397902352838,-0.11346575976722799,0.05310595940102588
1787886880.3149257,156.29980383900693,207.4,1.2172913969256587,-0.11251992564615645,0.0542980458007166
1787886880.382523,156.36740111300605,207.4,1.234941995444498,-0.11155274146552781,0.0555447019379828
1787886880.4511511,156.4360292150086,207.5,1.252591595438114,-0.11056263497585464,0.056881274139894106
1787886880.4634895,156.44836705201305,207.6,1.270240239654709,-0.10954844665174569,0.058302520031183906
1787886880.473848,156.45872537000105,207.6,1.2878879909561338,-0.10850885381611998,0.059812372241553585
1787886880.4835045,156.46838210600254,207.6,1.3055342210945373,-0.10744151854876555,0.061476284643645844
1787886880.492227,156.47710424700927,207.6,1.3231783929087793,-0.10634361377766009,0.06329938482642582
1787886880.5003028,156.48518006200902,207.6,1.3408198915746727,-0.1052123400786991,0.06528916198441055
1787886880.50786,156.49273728100525,207.6,1.3584579180730467,-0.1040451568337954,0.06744463282847926
1787886880.5148802,156.4997574220033,207.6,1.3760917857007962,-0.1028391353063259,0.06973783047759277
1787886880.6510127,156.63589047000278,207.7,1.3937222274157708,-0.10159363562074701,0.07187911021455182
1787886880.724834,156.709712366006,207.8,1.4113493756769402,-0.1003106693337659,0.07393841823154482
1787886880.860798,156.84567650299869,207.9,1.428973821457707,-0.09899109054257323,0.07602722323998329
1787886880.9354808,156.9203586440126,208.0,1.4465956447282913,-0.0976346554523994,0.07823367719810491
1787886881.0089068,156.99378473500838,208.0,1.4642141257187122,-0.09623773908017279,0.0807243902914942
1787886881.0216744,157.0065520670032,208.1,1.4818303293795052,-0.09479679897527576,0.08299342031159586
1787886881.0955691,157.08044681900355,208.2,1.4994451605465895,-0.09331808963240659,0.08496242597081392
1787886881.1692393,157.15411717200186,208.2,1.5170572768554578,-0.09180414940250567,0.08711094225782966
1787886881.3051505,157.29002871700504,208.3,1.5346674645836615,-0.09025386253875115,0.08895614659090466
1787886881.382317,157.36719458800508,208.5,1.5522758683947346,-0.08867350697594496,0.09044938439422053
1787886881.4555995,157.44047749201127,208.5,1.5698801814273586,-0.08706496652739333,0.0922180957481023
1787886881.4674997,157.45237734699913,208.5,1.5874812680419974,-0.08542637104499066,0.0937679393936663
1787886881.4784694,157.46334689301148,208.6,1.6050793152093958,-0.08376245622858516,0.09526981367058276
1787886881.6136873,157.59856567801035,208.6,1.622673322285054,-0.08207002297270738,0.09694440954510077
1787886881.6901233,157.67500132300484,208.7,1.6402658125224574,-0.08034991720777393,0.09828023209032859
1787886881.7639356,157.7488132300059,208.8,1.6578555802697283,-0.07860502556113351,0.09990628834244121
1787886881.8996892,157.88456732200575,208.9,1.6754412038810202,-0.0768292392904107,0.10208808395239823
1787886881.9741285,157.95900589801022,209.0,1.6930210755183737,-0.07501060628577995,0.10489918497120117
1787886881.9859746,157.9708522130095,209.1,1.710593338238507,-0.07313655531807484,0.10851779684165115
1787886881.9958806,157.98075809000875,209.1,1.7281562386878007,-0.07119446226334507,0.11292445034200838
1787886882.0680676,158.0529457040102,209.1,1.7457073139645076,-0.06917066583717478,0.11808237649115308
1787886882.203726,158.18860407600005,209.2,1.7632436296487433,-0.06705077246243833,0.12408886197533321
1787886882.3400898,158.3249677700078,209.3,1.780762956275384,-0.06482083694200495,0.1308201695278349
1787886882.3531194,158.33799695900234,209.4,1.7982622626646152,-0.06246767552755223,0.13840373861650265
1787886882.3635936,158.34847084700596,209.4,1.8157399235284333,-0.059978141250334065,0.14658531379882617
1787886882.5007524,158.48563029601064,209.5,1.8331941191081846,-0.057342550248225876,0.1552683758226427
1787886882.574768,158.55964592901,209.6,1.850623247359174,-0.054552840321549126,0.16429967684573846
1787886882.5868833,158.571760892999,209.6,1.8680257485282294,-0.05160367457874231,0.17359168343968062
1787886882.7223227,158.70720061700558,209.7,1.8854002725182875,-0.048491394065674015,0.18306356027213033
1787886882.796624,158.78150185100094,209.8,1.902745518610291,-0.04521388836978889,0.19263036517030413
1787886882.9326496,158.91752781299874,209.9,1.9200593728538757,-0.041769813137761215,0.20224782108112865
1787886883.0681872,159.0530654680042,210.0,1.9373396692396248,-0.038159262600103466,0.21182968193109739
1787886883.204521,159.18939875400974,210.1,1.9545845680532528,-0.03438380984379255,0.22132355850691904
1787886883.216799,159.2016766630113,210.2,1.9717927498298304,-0.030445254289802756,0.23072149645861562
1787886883.227795,159.21267243700277,210.2,1.988963292162498,-0.026345414679260954,0.24001801279131216
1787886883.237703,159.22258039700682,210.2,2.0060953203187872,-0.022086902952856022,0.24916369455992912
1787886883.2467122,159.2315896210057,210.3,2.0231882043460745,-0.017672796753660253,0.25814087749020503
1787886883.2551217,159.23999902700598,210.3,2.040241175457066,-0.013107026227826644,0.26694251037063055
1787886883.3275404,159.3124180510058,210.3,2.0572541894552665,-0.00839283179596366,0.2755021850621801
1787886883.4013479,159.38622564901016,210.3,2.0742276593235567,-0.00353349991838597,0.2838285770594189
1787886883.539318,159.52419635700062,210.5,2.0911626093502256,0.0014664948780437215,0.29193846757569725
1787886883.613141,159.5980186550005,210.6,2.108059328320828,0.006602355642496885,0.299818919479938
1787886883.6861584,159.67103659600252,210.6,2.124916662124041,0.011870191651040394,0.30754851197482685
1787886883.6984499,159.6833275930112,210.7,2.141733203426348,0.017267259982077687,0.3150936690865749
1787886883.8334694,159.81834727400565,210.7,2.15850809794353,0.022790500439741058,0.32251501068937616
1787886883.9714656,159.9563434520096,210.9,2.175241550621225,0.028437823395833714,0.3298941961558477
1787886884.1071086,160.0919866059994,211.0,2.191933814509654,0.03420774893234644,0.33714488647228846
1787886884.1811438,160.16602141200565,211.1,2.2085847435893498,0.04009774328194156,0.34424734271628393
1787886884.1942232,160.17910039699927,211.1,2.2251932964858034,0.04610518876878365,0.3512618480431606
1787886884.2057285,160.19060604200058,211.2,2.2417595399645864,0.05222814715203757,0.3580977560605371
1787886884.2151837,160.2000609950046,211.2,2.258284574038258,0.05846277974452025,0.36474242679068486
1787886884.2868662,160.2717440109991,211.2,2.274769020737537,0.06480682624243918,0.3712368201037471
1787886884.4246378,160.40951585400035,211.3,2.2912140939919112,0.07125686323183676,0.37746192401089534
1787886884.561402,160.54628002901154,211.4,2.307620477601847,0.07780868012862667,0.38357596769740276
1787886884.5744793,160.55935691100603,211.5,2.3239870958578708,0.08446001801247781,0.38955400754532965
1787886884.585544,160.57042169600027,211.5,2.3403139328131597,0.09120762883203415,0.39539562532521055
1787886884.720533,160.70541122001305,211.6,2.356600708365196,0.09805003549765128,0.40121057848935554
1787886884.794291,160.77916899700358,211.7,2.3728470736273115,0.10498747798158849,0.4070249724568306
1787886884.9303117,160.91518960001122,211.8,2.3890527032994715,0.11201973858588456,0.4128624544435098
1787886884.9421844,160.92706202401314,211.9,2.4052164295586724,0.11914686554011715,0.41883598878569517
1787886884.9522405,160.9371176440036,211.9,2.4213362194090036,0.12637110805060195,0.42499432053779956
1787886884.9614007,160.94627800800663,211.9,2.4374102015708634,0.13369498977390143,0.4312596134876269
1787886885.0957835,161.08066132800013,211.9,2.4534375347544892,0.141119826622222,0.4375892429694895
1787886885.2314243,161.21630217799975,212.1,2.4694175224441257,0.14864680903487024,0.44395256480112694
1787886885.304963,161.28984085700358,212.1,2.4853497874112,0.15627534494972845,0.45029275209088465
1787886885.4424388,161.42731695801194,212.3,2.501233862447456,0.1640043600146601,0.4565689574494572
1787886885.5784,161.56327823801257,212.4,2.5170698106446237,0.17183237084958347,0.46269446155245475
1787886885.7150505,161.69992872800503,212.5,2.532858716855125,0.17975603454793837,0.46857383593388
1787886885.7270308,161.71190821900382,212.6,2.548602585456918,0.18777104839503972,0.4741675295161228
1787886885.7374637,161.72234123101225,212.6,2.5643034951284,0.19587250561538397,0.47944295921286323
1787886885.746685,161.73156233000918,212.6,2.5799642204729087,0.20405418512970522,0.48424666329944405
1787886885.7553074,161.7401848120062,212.6,2.595588142529731,0.21230890954156595,0.4886061483905432
1787886885.7630923,161.74796948200674,212.6,2.6111783584787593,0.22062992548058566,0.4925490152054037
1787886885.83316,161.8180378130055,212.6,2.62673855172681,0.22900982368753633,0.4960194753684517
1787886885.9697523,161.9546302430099,212.8,2.6422720656132404,0.23744121169008992,0.49908735094550033
1787886886.1055753,162.09045340900775,212.9,2.657781369957386,0.24591816102397848,0.5017966502661511
1787886886.2417877,162.22666564500832,213.0,2.673269410185182,0.25443482961530384,0.504122967029286
1787886886.2539277,162.23880501900567,213.1,2.68873903839402,0.26298594027475936,0.5061127179296955
1787886886.2645779,162.2494551770069,213.1,2.7041936417554004,0.2715660036235088,0.5077836214782513
1787886886.3364794,162.32135749000008,213.1,2.7196368788348786,0.2801697528932075,0.5090064162275578
1787886886.4742873,162.4591656600096,213.2,2.735072846412335,0.2887900638197312,0.5096919303922186
1787886886.4866781,162.4715556600131,213.3,2.750505967441223,0.2974182241630811,0.5098442539239546
1787886886.559056,162.54393388300377,213.3,2.765940726514879,0.30604646179130907,0.5095266402866255
1787886886.6334739,162.6183513240103,213.4,2.7813811777421367,0.3146672892334769,0.5087667241940101
1787886886.7075672,162.69244482700014,213.5,2.79683201518621,0.3232736103693076,0.5074081010907041
1787886886.7810152,162.7658930530015,213.5,2.8122983997419153,0.3318553969669995,0.5053701979377481
1787886886.9171097,162.90198776000761,213.6,2.8277849938167954,0.3404032019612314,0.5027979860090046
1787886886.9918172,162.97669469100947,213.8,2.8432958193188913,0.34890803467474507,0.4997666044944906
1787886887.0049949,162.98987271900114,213.8,2.858834757229593,0.3573626340610833,0.4962346744079997
1787886887.0770078,163.0618856860092,213.8,2.8744062389793767,0.36576015594267436,0.49222222641566277
1787886887.212683,163.19756080801017,213.9,2.890014168745421,0.374092856643703,0.487749151016536
1787886887.3504503,163.3353284550103,214.0,2.9056629755175925,0.38235316416114173,0.4826675078839574
1787886887.4289365,163.41381394601194,214.2,2.9213581435572076,0.39052955316203714,0.4768458042427953
1787886887.442158,163.42703551800514,214.2,2.9371042151644815,0.3986113070468907,0.470406115573131
1787886887.515747,163.50062483700458,214.3,2.952905089373799,0.4065883748283355,0.4634251547300595
1787886887.5278502,163.51272773100936,214.3,2.968764376857468,0.414452085751857,0.4558795040640134
1787886887.539399,163.52427636001084,214.3,2.9846837279556073,0.42219287865482275,0.4478372277755271
1787886887.6740077,163.65888532801182,214.4,3.0006509588177654,0.42979485031810494,0.43935674394455826
1787886887.8100119,163.79488993500127,214.5,3.0166620276956415,0.43724791779087024,0.4304402188699672
1787886887.94715,163.932028412004,214.6,3.0327173684460162,0.44454546601691486,0.4211818042617675
1787886887.9599788,163.94485622900538,214.7,3.048818478294253,0.451682250186409,0.4115487982552006
1787886887.9713955,163.95627288801188,214.7,3.064992314184431,0.45866404318697723,0.4016875737520782
1787886887.9819052,163.9667826740042,214.7,3.081247876791171,0.4654905589954109,0.39169227024486525
1787886888.1183474,164.1032259670028,214.8,3.097579371062319,0.47215688950013296,0.38164566167784564
1787886888.2541263,164.23900475101254,214.9,3.1140188997072276,0.4786756104163012,0.3716291625170872
1787886888.389485,164.37436282601266,215.0,3.130535090479162,0.4850352414135407,0.3616802692597081
1787886888.4034104,164.38828797099995,215.1,3.1471252264881335,0.4912358700329998,0.3518549749556205
1787886888.4156556,164.40053316000558,215.1,3.16377465589747,0.49727344473449375,0.3421587027993287
1787886888.426378,164.41125521500362,215.1,3.180480487175804,0.5031500613963065,0.332638571527033
1787886888.506022,164.49089941001148,215.2,3.19724087969355,0.5088683934278488,0.3232525794284032
1787886888.582528,164.5674061160098,215.2,3.2140544198823164,0.5144310225227936,0.3140129173937233
1787886888.718719,164.7035970720026,215.3,3.2309194905091343,0.5198395837453079,0.30490665327415045
1787886888.8546543,164.83953239300172,215.5,3.247833759111054,0.5250953032799959,0.29591658737253623
1787886888.930161,164.91503892700712,215.6,3.26479410957426,0.5301994458483645,0.28706820530119215
1787886888.9423306,164.92720797900984,215.6,3.281797626911525,0.5351543244497308,0.2783710579758658
1787886888.953689,164.9385666060116,215.6,3.29884248501507,0.5399621222257547,0.26978001346754515
1787886889.0883882,165.07326610700693,215.7,3.3159273411096835,0.5446239882719786,0.2612752812195621
1787886889.2253523,165.21023038899875,215.8,3.333050636300093,0.5491409550728772,0.2528841836149339
1787886889.364021,165.34889921500871,215.9,3.3502103208222263,0.5535143871715529,0.24458515857514507
1787886889.5034666,165.48834412600263,216.0,3.3674043812206977,0.5577458155392508,0.2363667677894975
1787886889.5778184,165.56269593200705,216.2,3.3846318646984743,0.5618365098893277,0.22825722750541244
1787886889.5910232,165.5759008120076,216.2,3.4018922317127878,0.5657884534653185,0.22023144948820575
1787886889.6025932,165.58747103500355,216.2,3.4191848669459235,0.56960293218453,0.21227368178080075
1787886889.6119177,165.5967956490058,216.2,3.4365082947028216,0.5732801888059861,0.2044306316976092
1787886889.621504,165.60638129900326,216.2,3.453860314751646,0.5768223515416457,0.1967171321970662
1787886889.6299481,165.61482593500114,216.2,3.4712386659312013,0.580231854509746,0.18912786641043594
1787886889.700707,165.685585558007,216.2,3.4886416419137967,0.5835100442758626,0.18161421541549147
1787886889.8365126,165.82139042900235,216.4,3.5060679321950143,0.5866573757029309,0.17415579423421482
1787886889.9724247,165.95730290601205,216.5,3.523516190351486,0.5896751325717945,0.16678048676313914
1787886890.048114,166.03299210801197,216.6,3.540985047087534,0.5925648222093188,0.15946863150709178
1787886890.059712,166.0445894410077,216.6,3.5584733874936707,0.5953274532559504,0.1522735137092867
1787886890.0703309,166.0552082050126,216.7,3.5759805258288564,0.5979644042184797,0.14515670624525853
1787886890.141612,166.12649031700857,216.7,3.5935060593413883,0.6004772455794406,0.13811768816468864
1787886890.2158036,166.20068127800187,216.8,3.611049369167175,0.6028675127263338,0.13115136808269576
1787886890.3525934,166.33747157901234,216.9,3.6286095824458906,0.6051365507245278,0.12424948332645792
1787886890.4901395,166.47501746901253,217.0,3.646185697526784,0.6072848921930282,0.11742683493836778
1787886890.625869,166.61074739100877,217.1,3.663776435749506,0.6093135908645166,0.11068550383462235
1787886890.6395965,166.62447412700567,217.2,3.6813800825495457,0.6112248668171804,0.10408076096336279
1787886890.6504161,166.63529367900628,217.2,3.6989953736912007,0.6130203207155517,0.09756079081745053
1787886890.7226377,166.70751559300697,217.2,3.7166209097469176,0.6147014763995018,0.09115120253692208
1787886890.7346232,166.71950068300066,217.3,3.7342553503088087,0.6162702532940713,0.08482994738586996
1787886890.8698628,166.85474112701195,217.4,3.751897939453366,0.6177284311176909,0.0786375501007637
1787886890.943194,166.92807183900732,217.4,3.769548211275553,0.6190779934179885,0.0725225103907859
1787886891.079675,167.06455277401255,217.6,3.7872061825998586,0.6203204369327749,0.06651026333978781
1787886891.1536422,167.1385197260097,217.7,3.8048715574425045,0.6214570421799799,0.06061048119634733
1787886891.1645725,167.1494497800013,217.7,3.8225433482680002,0.6224905975584861,0.05490061656349948
1787886891.174267,167.15914469500422,217.7,3.8402208892566514,0.623424562837817,0.049315306992581326
1787886891.2470255,167.23190297200927,217.8,3.857903657144131,0.624260732309774,0.043860515445916966
1787886891.319663,167.30454095501045,217.8,3.875590919106599,0.6250011468984438,0.038525175383212304
1787886891.3953657,167.38024312201014,217.9,3.893281750365448,0.6256479675425293,0.03330236265486592
1787886891.4687607,167.45363833400188,218.0,3.91097473394125,0.6262035161485688,0.02823350714940293
1787886891.5418406,167.52671829701285,218.0,3.9286688127570133,0.6266701395861481,0.023300430802690522
1787886891.6157012,167.60057935000805,218.1,3.946363528733812,0.6270502674517631,0.018489927872097873
1787886891.7502215,167.73509960500814,218.2,3.9640584698308037,0.6273463280806066,0.01386281333375856
1787886891.8855548,167.8704325130093,218.3,3.9817535540658096,0.6275621481430118,0.00941452076859867
1787886891.897136,167.8820136340073,218.4,3.999449016951805,0.6277003931748618,0.005113278338242491
1787886891.9074051,167.8922828680079,218.4,4.017144961660947,0.6277630411625272,0.0009419509342789015
1787886891.9788742,167.96375197501038,218.4,4.034841302820615,0.627752566912893,-0.0030846457952343536
1787886892.1154861,168.1003645860037,218.6,4.052537806833886,0.6276718743089514,-0.006974219412623435
1787886892.1282535,168.11313087701274,218.6,4.070234094537418,0.6275234674109185,-0.010737662999158903
1787886892.200806,168.1856844510039,218.6,4.087929582605694,0.6273095463136351,-0.014359124720781212
1787886892.2754047,168.26028230901284,218.8,4.105623695593193,0.6270325499722841,-0.017848791571427543
1787886892.4118373,168.39671512201312,218.8,4.123315526423629,0.6266947337196814,-0.02115186598034982
1787886892.4858644,168.47074206901016,219.0,4.141004896237433,0.6262991021643927,-0.024327585532151575
1787886892.5591512,168.54402910600766,219.0,4.1586916772134845,0.6258484731138291,-0.02736318134195953
1787886892.6332345,168.61818195000524,219.1,4.176375972701422,0.6253452271189737,-0.030288618874269074
1787886892.6448781,168.62975589600683,219.1,4.194058269593695,0.6247908518511786,-0.03312006571290452
1787886892.7169514,168.70182975000353,219.1,4.211738598765298,0.6241868848552408,-0.03583293449199585
1787886892.7292557,168.7141336210043,219.2,4.229417391536701,0.6235356039459418,-0.03844881919566425
1787886892.864481,168.8493587890116,219.3,4.247094936890365,0.6228390680027256,-0.04097800247146157
1787886892.937725,168.92260304299998,219.3,4.264771226189536,0.6220984825472919,-0.0433927915270767
1787886893.0732064,169.05808423800045,219.5,4.28244598738227,0.6213156428756209,-0.04570911335649243
1787886893.0856566,169.07053416701092,219.5,4.300118667413738,0.6204923377160529,-0.04793373395231704
1787886893.1586878,169.14356585600763,219.6,4.317788597814249,0.6196307151766384,-0.050032838135478784
1787886893.294173,169.2790508550097,219.7,4.335455680539165,0.6187329145395095,-0.05202082756363271
1787886893.43156,169.416437649008,219.8,4.353120133530593,0.6178004324946897,-0.0539054206325018
1787886893.4439824,169.42885985600878,219.9,4.370781876729632,0.6168355479873865,-0.055635283645055725
1787886893.4548848,169.43976225401275,219.9,4.388440838228203,0.6158417189250391,-0.05721456554303648
1787886893.4646378,169.44951531500556,219.9,4.406097586979873,0.6148211113438722,-0.058672413763629624
1787886893.5358038,169.52068220901128,219.9,4.423752554048907,0.6137752871585159,-0.05997269589402267
1787886893.6725268,169.65740471800382,220.0,4.441406337390807,0.6127069539526219,-0.06115898032649225
1787886893.8085625,169.7934400689992,220.2,4.459059301602623,0.6116186575676512,-0.06220133870714466
1787886893.9439156,169.92879328400886,220.3,4.476711412530444,0.6105130062617793,-0.06311411550857608
1787886894.0792408,170.06411862600362,220.4,4.494362584793605,0.6093925531972079,-0.06390431434692774
1787886894.0921285,170.07700617100636,220.5,4.512012269452375,0.6082590378838285,-0.06451564977015294
1787886894.1026294,170.08750673400937,220.5,4.529660337384579,0.6071155121593446,-0.06494739855213975
1787886894.1120725,170.09694981601206,220.5,4.5473068737439855,0.6059653131167446,-0.06523022590410435
1787886894.120693,170.10557023101137,220.5,4.564952203123555,0.604811593486854,-0.06538282670680207
1787886894.1281269,170.1130044310121,220.5,4.582596496488223,0.6036561044094366,-0.06540295346873654
1787886894.1978533,170.18273166600557,220.5,4.600239937409509,0.6025010118481736,-0.06530767962541316
1787886894.333781,170.318658684002,220.7,4.617882888609665,0.601348166022708,-0.06511120488638027
1787886894.4719121,170.45679027600272,220.8,4.635525890488696,0.6001996006611687,-0.06479784513854436
1787886894.5461695,170.53104717801034,220.9,4.653169523530539,0.5990572938380708,-0.06434789672017752
1787886894.5575643,170.54244161600946,220.9,4.670814345893614,0.5979234870697269,-0.06378597149764703
1787886894.633088,170.61796629001037,221.0,4.688460242960534,0.5968006959684385,-0.06312298714829316
1787886894.7066696,170.69154753600014,221.0,4.7061068116611295,0.5956905272003205,-0.06234135521694192
1787886894.8428948,170.827773025012,221.1,4.723753640532,0.5945946400388114,-0.06145982945934441
1787886894.9788485,170.9637263770128,221.2,4.741400680351452,0.5935144805853294,-0.060489943383135354
1787886895.0550702,171.03994830801093,221.4,4.759047949755801,0.5924520629773068,-0.05942898977501786
1787886895.0687563,171.053634048003,221.4,4.776695599648874,0.5914095218295115,-0.05829958157994907
1787886895.0793839,171.0642615990073,221.4,4.7943437607102695,0.5903874584978807,-0.05710646329476586
1787886895.152073,171.13695133100555,221.4,4.811992616784779,0.5893865021429375,-0.05587600702496908
1787886895.166827,171.15170523599954,221.5,4.8296424840397565,0.5884070926759716,-0.05462724379966765
1787886895.3024378,171.2873161650059,221.6,4.847293815093049,0.587449681237834,-0.05337734247385356
1787886895.3768275,171.36170553200645,221.7,4.864947177083885,0.586514425564675,-0.05213421293767963
1787886895.389506,171.37438375200145,221.7,4.882602723202955,0.5856009683526568,-0.05092439821439884
1787886895.5263274,171.51120548100153,221.8,4.900260081317289,0.5847087250649068,-0.04976651655281593
1787886895.6616282,171.64650696801255,221.9,4.917918872063818,0.5838364205638699,-0.04866289135133741
1787886895.7979453,171.78282379099983,222.0,4.935578509574602,0.5829830951682385,-0.047615239334216505
1787886895.9340897,171.9189674030058,222.1,4.953238739578925,0.5821478788466317,-0.046648959066282525
1787886896.008714,171.99359147500945,222.3,4.970899282138976,0.5813292818857817,-0.045755841312578815
1787886896.0203087,172.00518672900216,222.3,4.9885602961825155,0.5805257557300678,-0.04493146102082009
1787886896.0302687,172.0151465509989,222.3,5.00622179982782,0.5797362043717771,-0.044207184143055994
1787886896.0397124,172.0245900430018,222.3,5.023883931481392,0.5789592815951417,-0.0435890925987863
1787886896.0482512,172.03312868501234,222.3,5.041546790790682,0.5781926624399192,-0.043057905892273624
1787886896.056327,172.04120453100768,222.3,5.0592107134682776,0.5774345140951247,-0.04260261472390021
1787886896.1903257,172.17520414700266,222.4,5.076876173179368,0.5766834534479112,-0.04223942708990693
1787886896.325734,172.31061205500737,222.5,5.09454289869874,0.5759383607269961,-0.04196308278689534
1787886896.338898,172.32377536600688,222.6,5.112212512096801,0.5751952080810439,-0.04238113576520695
1787886896.474567,172.4594447910058,222.7,5.129884511247505,0.5744385727937535,-0.043667214572839966
1787886896.5514302,172.53630809500464,222.7,5.147557920290613,0.5736529885559628,-0.04585343450111597
1787886896.6885784,172.67345673800446,222.9,5.165231869116462,0.5728226016164153,-0.04887816369864377
1787886896.824191,172.8090692149999,223.0,5.182903558472237,0.5719363445460387,-0.052163742294120206
1787886896.960174,172.94505255301192,223.1,5.200571652864064,0.5709921611286832,-0.05546924737472493
1787886896.9740868,172.95896406201064,223.2,5.21823567574808,0.5699905665758593,-0.058676927339026665
1787886896.9860122,172.97089017600229,223.2,5.235894386586613,0.5689349616406137,-0.061263484816190254
1787886896.995662,172.9805394710129,223.2,5.253548314019329,0.5678390987854014,-0.06315009163150086
1787886897.0053465,172.99022386901197,223.2,5.2711999457242555,0.5667116874769331,-0.0647770522661407
1787886897.0133657,172.9982431360113,223.2,5.288849708082013,0.5655581020582298,-0.06607925495922135
1787886897.0854352,173.07031347999873,223.3,5.306498222593562,0.5643825871755668,-0.06721345923118743
1787886897.2211275,173.20600552701217,223.4,5.324145293161229,0.5631876803620242,-0.06823057823876397
1787886897.3567545,173.34163277500193,223.5,5.341790308892723,0.5619763208389545,-0.06902411473464885
1787886897.4935496,173.47842742501234,223.6,5.359433407671403,0.5607524632088398,-0.06967161324982074
1787886897.5093236,173.49420142800955,223.7,5.377074565443179,0.5595181323523507,-0.07007898217563724
1787886897.5210803,173.5059577780048,223.7,5.394714060425233,0.5582783051595841,-0.07024145573999456
1787886897.5307167,173.51559432101203,223.7,5.412352469389993,0.5570369075728376,-0.07026014505510426
1787886897.5400932,173.5249706790055,223.7,5.429989727401807,0.5557966350191322,-0.07005564192968129
1787886897.6744208,173.65929889499967,223.8,5.447626426984521,0.5545618245657135,-0.06962969351132374
1787886897.7486513,173.7335294860095,223.9,5.465263414200672,0.5533353550205099,-0.06904484537780355
1787886897.8218853,173.80676374000905,224.0,5.482901067322512,0.5521204945358371,-0.06820042137805249
1787886897.9574032,173.94228148800903,224.1,5.500539075115283,0.5509231566250554,-0.06686118796030364
1787886898.0935218,174.07840044000477,224.2,5.518177955281038,0.5497535306610565,-0.06503861270137265
1787886898.1066058,174.0914836340089,224.3,5.535818639858714,0.548617701200063,-0.0630551759032222
1787886898.1169443,174.10182207400794,224.3,5.553460328075581,0.5475184627785994,-0.0607302219958737
1787886898.2517414,174.2366198390082,224.4,5.571103099878655,0.5464624521392014,-0.058097624998550194
1787886898.325854,174.31073147700226,224.5,5.588748360916019,0.5454521392605753,-0.05560487451231586
1787886898.3369992,174.32187653399887,224.5,5.606395150838967,0.5444865091769243,-0.052951183721174966
1787886898.4726427,174.45752085000277,224.6,5.6240433795291,0.5435697967717122,-0.0501199956840945
1787886898.5526507,174.53752884401183,224.7,5.641694595038607,0.5427012469516188,-0.04759808846471012
1787886898.6901271,174.6750053040014,224.8,5.6593479627577326,0.5418766438953991,-0.04504784098140681
1787886898.825526,174.81040441100777,224.9,5.677004235812519,0.5410965634013994,-0.042670551006246206
1787886898.9613352,174.94621348701185,225.0,5.694663961600981,0.5403560894877013,-0.04057196575545309
1787886898.9747672,174.95964506300515,225.1,5.712325749915519,0.5396532307819488,-0.038368637142171924
1787886898.986097,174.97097495300113,225.1,5.72999046923376,0.5389882802854054,-0.03644966083236778
1787886898.9955857,174.98046323499875,225.1,5.7476572525848875,0.5383550671596959,-0.034751754476544904
1787886899.0049407,174.98981830201228,225.1,5.765324895335609,0.5377522005447535,-0.03306924539857964
1787886899.012198,174.99707507900894,225.1,5.782994520245447,0.5371757759830933,-0.031869954852601336
1787886899.0835938,175.0684727360058,225.2,5.800664294277471,0.5366197782662195,-0.03065706523926268
1787886899.2201867,175.20506468901294,225.3,5.81833373911388,0.5360865681454003,-0.029336923400550916
1787886899.3562896,175.34116738601006,225.4,5.836004529954722,0.5355743572155148,-0.028418764904914618
1787886899.494733,175.4796116570069,225.5,5.853675437687175,0.535078047929797,-0.027417275103261494
1787886899.6347632,175.61964105399966,225.7,5.871347028859546,0.5345999654063033,-0.026490308596293945
1787886899.7716157,175.75649376600632,225.8,5.889020411328002,0.5341360493623767,-0.025772857482580375
1787886899.8470535,175.83193161200325,225.9,5.906693855085445,0.5336868655994418,-0.024697026831072794
1787886899.8591828,175.84406039600435,225.9,5.924367005610968,0.5332594979245027,-0.023150536809011003
1787886899.8706126,175.85549004600034,225.9,5.942039583835046,0.5328629786142235,-0.02110644943230226
1787886899.8803706,175.86524837100296,226.0,5.959710858166111,0.5325070516288607,-0.01840812001038784
1787886899.8891346,175.8740118350106,226.0,5.9773811472502,0.5322016458739739,-0.015231614726909305
1787886899.8973236,175.88220104100765,226.0,5.995050171897419,0.531955511391303,-0.011615423538870163
1787886899.9044828,175.8893600670126,226.0,6.012718499698411,0.5317751381054644,-0.007763465838263277
1787886899.9734397,175.95831813200493,226.0,6.030386466362225,0.5316634029614984,-0.0038527992405443467
1787886900.1091046,176.09398265600612,226.1,6.048054430522276,0.5316206517231232,-1.8524398997476156e-05
1787886900.2445445,176.22942230300396,226.2,6.065722833775405,0.531644805801332,0.003662547810901802
1787886900.380406,176.36528468799952,226.4,6.083392529703928,0.5317317531809606,0.0070045642738759345
1787886900.5181425,176.5030202550115,226.5,6.10106375330632,0.5318755075991993,0.009975080624103067
1787886900.6537533,176.63863105401106,226.6,6.11873660408572,0.5320689505729062,0.012576338757602773
1787886900.666507,176.65138477001165,226.7,6.136411177156486,0.5323055014834276,0.01472707682635664
1787886900.677084,176.6619612610084,226.7,6.154086913165461,0.5325780661221391,0.016480486969861152
1787886900.6868768,176.67175409701304,226.7,6.171764013519298,0.532878132701957,0.017735012132331304
1787886900.6955583,176.68043589800072,226.7,6.189441696249066,0.5331978282245063,0.01864558848582377
1787886900.7041178,176.6889950850018,226.7,6.207119679287143,0.5335313861684366,0.019198865877588067
1787886900.8382764,176.8231543139991,226.8,6.2247976956876245,0.5338724736441574,0.019444677020903207
1787886900.973668,176.9585466110002,226.9,6.242475670907938,0.5342166476184624,0.019469362342175098
1787886901.1093557,177.09423368400894,227.1,6.2601539401965836,0.5345599191530206,0.019314598227081984
1787886901.2457955,177.2306732510042,227.2,6.277832993702187,0.5348992381457751,0.018973698614274687
1787886901.3205638,177.30544119499973,227.3,6.295513376782696,0.5352310713236146,0.018455774793674103
1787886901.3311107,177.31598808499984,227.3,6.3121603765485945,0.5355347917976637,0.017891686325126062
1787886901.3404567,177.32533393600897,227.3,6.324287104169503,0.5357511748767679,0.017728860543305785
1787886901.3532732,177.33815060601046,227.3,6.3366825994412865,0.5359895840467295,0.026197155954240235
1787886901.6995566,177.6844344810088,227.7,6.347511082389297,0.5365775929646482,0.1320282896052892
1787886904.8823473,180.86722513500717,230.7,6.3472552108660425,0.5468631869789587,1.4944852575680438
1787886905.6586726,181.6435506400012,231.4,6.350425319167063,0.5568773006080165,1.1261853715803551
1787886905.943204,181.92808177199913,231.6,6.355837979401311,0.5668968351807824,1.0213111322224127
1787886906.0927856,182.07766334401094,231.9,6.362445322662389,0.5769791070852025,0.9570808902131929
1787886906.1091266,182.0940041110007,231.9,6.369010491846083,0.585963976943506,0.9169081518242115
1787886906.248623,182.23350134200882,231.9,6.376721529662308,0.5955988453650155,0.8692568838536855
1787886906.3927047,182.377582910005,232.1,6.385866787470232,0.6059959767297325,0.8236722429014531
1787886906.4730456,182.45792295300635,232.2,6.3961220884199665,0.6166751176291857,0.7854796161069008
1787886906.5468948,182.53177305099962,232.2,6.403601162003525,0.6240150044476777,0.7623438539053761
1787886906.621862,182.60673955500533,232.4,6.411631382649795,0.6315189545782529,0.7360793499078127
1787886906.756615,182.74149291901267,232.4,6.420026280625915,0.6389477683201575,0.7084827058932556
1787886906.7692275,182.75410526200722,232.5,6.428828631462362,0.6463164639669251,0.6813126205520637
1787886906.8415375,182.8264156140067,232.5,6.438095320589093,0.6536592259828125,0.6550350479921961
1787886906.9154713,182.90034909101087,232.6,6.4476997196279475,0.6608726774561848,0.6300164119791232
1787886907.0509,183.03577801999927,232.7,6.457660896884983,0.6679810745509384,0.606387240616205
1787886907.127157,183.11203456101066,232.8,6.468030888647684,0.6750253604737492,0.5840920713496706
1787886907.1397986,183.12467615499918,232.8,6.478299499585287,0.6816807957058563,0.5628225669114189
1787886907.274437,183.25931493900134,232.9,6.489162173702306,0.6883926658259047,0.5411604976386728
1787886907.4123497,183.39722782700846,233.0,6.50050532253517,0.6950676188116124,0.5194864028671761
1787886907.5487072,183.53358549000404,233.2,6.512209127734612,0.7016261721201799,0.4996293326127495
1787886907.6232193,183.60809692600742,233.3,6.524075570650352,0.7079676549547174,0.47899508999941376
1787886907.6340334,183.61891097600164,233.3,6.536313201627916,0.7141945806603318,0.4599994629655828
1787886907.64364,183.62851739799953,233.3,6.548647201708019,0.7201723062981074,0.43926118377092127
1787886907.6526282,183.63750569800322,233.3,6.5612654941557516,0.7259679473131412,0.418893630234391
1787886907.660753,183.64563011001155,233.3,6.5743223913132605,0.7316118002065389,0.39251718983052236
1787886907.6682892,183.65316661300312,233.3,6.587792701088221,0.7370160431171352,0.3671359058041705
1787886907.8027434,183.787621527008,233.4,6.601526583980792,0.7421577579912367,0.3464701365972095
1787886907.9387157,183.92359362900606,233.5,6.615473217954613,0.7470576523590976,0.3259382921644925
1787886908.074836,184.05971435700485,233.7,6.629864608792682,0.751768317159843,0.30257429116394374
1787886908.150393,184.13527098100167,233.8,6.644510323874498,0.7562007546797934,0.28195643499141904
1787886908.1622417,184.14711907900346,233.8,6.659401308052665,0.7603727145700983,0.2610483466673134
1787886908.171926,184.1568035040109,233.8,6.674708499561657,0.7643184745254692,0.2389608550786814
1787886908.2453368,184.2302142680128,233.9,6.690236035949193,0.7679599882060937,0.21769237725569623
1787886908.3203995,184.30527746000735,233.9,6.706326361218785,0.771335153785574,0.19002789499302228
1787886908.4579566,184.44283434700628,234.0,6.722658434198867,0.7743002854107258,0.1647721939481336
1787886908.5339415,184.51881925600173,234.2,6.739260720283247,0.7769182246659235,0.14428048731899273
1787886908.668787,184.65366510101012,234.2,6.75624124972295,0.7792554057311379,0.12529186355023927
1787886908.6829822,184.66785973100923,234.3,6.77344680944789,0.7812955965779057,0.10676664251172717
1787886908.6929479,184.67782537901076,234.3,6.7909645115381725,0.7830399922457429,0.08765293663314559
1787886908.8285842,184.81346253301308,234.4,6.808615374764176,0.7844655504309386,0.06952303152176804
1787886908.9678204,184.95269830300822,234.5,6.826294939455013,0.7855744515867442,0.051612413216869456
1787886909.1039596,185.08883723900362,234.6,6.843994459149447,0.7863667822943908,0.03360161501351031
1787886909.2410257,185.22590417100582,234.8,6.861706040441028,0.7868396221756919,0.015418258224267394
1787886909.317225,185.3021026530041,234.9,6.879424789892325,0.7869895980719573,-0.0030001844565872575
1787886909.32856,185.31343765900237,234.9,6.897145477684502,0.7868132710862819,-0.02153314417063461
1787886909.3396766,185.3245540659991,234.9,6.91486170923427,0.786307936915526,-0.040265372573707305
1787886909.349805,185.33468253401225,234.9,6.932564267582871,0.7854698316741183,-0.059171771354370475
1787886909.3578348,185.3427121140121,234.9,6.950245912466915,0.784296229473467,-0.07825755769726529
1787886909.3662784,185.3511556940066,234.9,6.967902361670729,0.7827850716097079,-0.09753936127460536
1787886909.4360228,185.42090070500853,234.9,6.985526814917564,0.7809336200181204,-0.11698017952358411
1787886909.5736907,185.55856850500277,235.1,7.003110124203239,0.7787393824058386,-0.13659474385012926
1787886909.7093773,185.69425506801053,235.2,7.020594834144501,0.7762054645039284,-0.1570094757051925
1787886909.844835,185.8297130280116,235.3,7.0380547554419195,0.7732968285281983,-0.17862527647411403
1787886909.9802372,185.96511535601167,235.4,7.0554580914884895,0.7700377458798425,-0.19602819361364385
1787886909.99261,185.9774875639996,235.5,7.07280922321299,0.7664761145583362,-0.21328592882515182
1787886910.0036738,185.98855155600177,235.5,7.090106848734041,0.7626285445586207,-0.22914078299910826
1787886910.0135124,185.99838985600218,235.5,7.107313113059955,0.7585179172441612,-0.24335398991180945
1787886910.0228908,186.0077681219991,235.5,7.124489952779769,0.7541514253092619,-0.25916168947657925
1787886910.0938675,186.07874584800447,235.6,7.141551931014011,0.7495380731644609,-0.27192804852324787
1787886910.1690114,186.15388896000513,235.7,7.1585649045849,0.7447065151336784,-0.2846419455422124
1787886910.30442,186.28929805400549,235.8,7.175522365538085,0.7397062735855922,-0.289942801088901
1787886910.4408026,186.42568029700487,235.9,7.1924846033699215,0.7346070840817074,-0.29674493612224506
1787886910.5808125,186.5656905700016,236.0,7.2094172570252555,0.729351631017623,-0.30914002561884174
1787886910.5931795,186.57805689000816,236.1,7.226254195434445,0.723871531284357,-0.3242648422690181
1787886910.7287085,186.71358667701134,236.2,7.243015784477606,0.7181437382611979,-0.3386857337827935
1787886910.741045,186.72592263300612,236.2,7.259660550874698,0.7121899223993831,-0.35143300437438396
1787886910.7521393,186.73701696000353,236.2,7.276230854963766,0.7060235713149005,-0.36422611805740607
1787886910.762481,186.74735845900432,236.3,7.292745383462178,0.6996600362919387,-0.3746636440565284
1787886910.8339324,186.8188100640109,236.3,7.309144042150531,0.6931534471172998,-0.38119707753275317
1787886910.9078057,186.8926832319994,236.4,7.325558962045976,0.6865660436156986,-0.3828594630490735
1787886911.0429068,187.0277849670092,236.4,7.341982005663103,0.6799176022355161,-0.3890796584602177
1787886911.1788692,187.16374746699876,236.6,7.358334231764993,0.6731476021085698,-0.39871727171031884
1787886911.3157663,187.3006441960024,236.7,7.374627665669058,0.6662217981889198,-0.40808587304692145
1787886911.455423,187.44030092901085,236.8,7.390831469914657,0.6591562139740387,-0.4160856333829052
1787886911.5935152,187.57839283900103,237.0,7.40698270039361,0.6519594678760473,-0.4241655345235495
1787886911.669294,187.6541716040083,237.1,7.423101873700833,0.6446410194505455,-0.43050357855432964
1787886911.680271,187.6651484590111,237.1,7.439134715823766,0.6372176789608839,-0.4382645011827677
1787886911.6905046,187.67538199800765,237.1,7.4551272821699675,0.6297220760678843,-0.4380277757713336
1787886911.70005,187.68492770800367,237.1,7.47115314364879,0.6222208279759727,-0.4385240814700653
1787886911.708177,187.69305451901164,237.1,7.487169927266779,0.6146729505867038,-0.4445640451023374
1787886911.715419,187.70029631300713,237.1,7.503117891991103,0.6070158049324965,-0.4527022971901631
1787886911.7222443,187.70712144300342,237.2,7.51901353293133,0.5992351093668101,-0.4600773881609414
1787886911.8557785,187.8406567339989,237.2,7.534834155602673,0.5913493636917425,-0.4660257352794046
1787886911.9296882,187.9145664860116,237.3,7.55063276804518,0.5833515047662835,-0.4735878368887263
1787886912.0677705,188.05264844400517,237.4,7.566338433226234,0.5752612516282757,-0.478538666226456
1787886912.080177,188.06505463900976,237.5,7.582043145070871,0.5670699110429356,-0.4851443989739715
1787886912.2169702,188.20184799800336,237.6,7.597740051592597,0.5587674476160005,-0.4871764850931948
1787886912.3532264,188.33810451600584,237.7,7.613397825940991,0.5504969022786075,-0.48439945200049817
1787886912.4297147,188.41459228000895,237.8,7.629060626389782,0.5422532198687037,-0.4859531965142104
1787886912.4421356,188.42701289401157,237.8,7.644697665705449,0.5339545710219156,-0.49193551187326073
1787886912.4528174,188.43769508700643,237.8,7.660258476189113,0.5255589670082029,-0.499570100180872
1787886912.462517,188.44739425000444,237.9,7.675761051248791,0.5170455598237943,-0.5069992060684981
1787886912.597317,188.58219489800103,237.9,7.691188621684815,0.5084271730454104,-0.5132465109912301
1787886912.6715035,188.65638162600226,238.0,7.706583493404868,0.4996988234086134,-0.5203088507531233
1787886912.807467,188.7923448720103,238.1,7.721896198581506,0.4908833353167462,-0.5252668844492328
1787886912.9431427,188.9280206780095,238.3,7.73719405632676,0.4819745204428571,-0.531202433203714
1787886913.0823812,189.06725944600475,238.4,7.752410531508092,0.4729829819801757,-0.5371522002711169
1787886913.2177975,189.2026756730047,238.5,7.767604435558216,0.4639141326992897,-0.5405181118897163
1787886913.3537571,189.33863535001,238.6,7.782768912301626,0.45477136962734344,-0.5462948718235069
1787886913.42392,189.40879806299927,238.7,7.797871153689904,0.44553699979856765,-0.553086026729609
1787886913.5602574,189.5451360570005,238.8,7.820360790375269,0.4315469647226012,-0.5579337963235526
1787886913.5732534,189.55813102101092,238.9,7.835372020569036,0.4222082794775304,-0.5545305506902873
1787886913.584047,189.56892475001223,238.9,7.850414452506483,0.4128976787090138,-0.554828676157729
1787886913.5937533,189.57863065200218,238.9,7.865438937552878,0.40356040511090435,-0.5586508179181318
1787886913.6024742,189.5873517350119,238.9,7.880420735608491,0.3941546600422913,-0.5640859678279874
1787886913.6106045,189.59548191301292,238.9,7.895350083541356,0.3846619868351674,-0.5701584715784502
1787886913.6184332,189.60331087600207,239.0,7.9102229921319,0.3750761977149307,-0.5763789750220156
1787886913.688123,189.67300132699893,239.0,7.925038159764304,0.36539681218975123,-0.5825241533888736
1787886913.7623267,189.74720423700637,239.1,7.939795227137212,0.3556270752805575,-0.5884706867110706
1787886913.8976512,189.8825295800052,239.2,7.954494494235571,0.34577181823130615,-0.5941589295089535
1787886913.9716325,189.9565105070069,239.3,7.969135533108801,0.3358354434409911,-0.5995548924030026
1787886914.0443516,190.029230043001,239.3,7.983719680115261,0.32582551583107927,-0.6046057423475271
1787886914.1184719,190.10335011400457,239.4,7.998249241168088,0.3157478880583554,-0.6092785286013062
1787886914.2535005,190.2383791910106,239.5,8.012713425948501,0.30561847075372367,-0.6135867835649956
1787886914.3275285,190.3124065810116,239.6,8.027078646423094,0.29546930225262286,-0.6173960957888877
1787886914.339447,190.324325116002,239.6,8.041312381784282,0.2853381846552871,-0.6204767303452757
1787886914.4763393,190.46121737400244,239.7,8.055343077442485,0.2752868266727326,-0.6234562383199868
1787886914.6127024,190.597580267,239.8,8.069317337184742,0.2652153058643682,-0.625938896865987
1787886914.6265938,190.61147157700907,239.9,8.083179611692,0.2551838361769616,-0.6269109909000169
1787886914.7004614,190.68533889700484,240.0,8.097006329104437,0.24517471412798292,-0.6261745537113509
1787886914.7123232,190.69720051300828,240.0,8.11080530091815,0.23521328448709797,-0.623420012123796
1787886914.722824,190.70770145001006,240.0,8.12450447624994,0.2253930888831696,-0.6193694159987846
1787886914.8574839,190.84236174900434,240.0,8.138046210296752,0.21578914107997313,-0.6130837932676884
1787886914.9933956,190.97827328700805,240.2,8.151417693822426,0.20644214306701592,-0.6047548145683103
1787886915.1290872,191.1139652510028,240.3,8.164676107619957,0.19734520705815958,-0.5956311819813987
1787886915.2648056,191.24968340100895,240.4,8.1777524301316,0.18856697382216986,-0.5846617417531712
1787886915.2768357,191.26171307099867,240.5,8.19073267817958,0.1800642007653032,-0.5711966565599914
1787886915.287081,191.2719583290018,240.5,8.20350622423298,0.1719696335640155,-0.5547121460028309
1787886915.2962945,191.28117161300906,240.5,8.21623773699184,0.16418186950682712,-0.5404572681644032
1787886915.304605,191.28948226501234,240.5,8.228696257500605,0.15679166682152615,-0.5273063035036004
1787886915.3118327,191.29670976100897,240.5,8.241033323717325,0.14968476791900193,-0.5148324857691624
1787886915.4459803,191.43085855900426,240.6,8.25275420182431,0.1431473975386257,-0.4986247439381599
1787886915.5841765,191.56905455600645,240.7,8.264286239043521,0.13695145169909684,-0.4834840294867449
1787886915.7197216,191.70459933301026,240.8,8.275616217535523,0.1310917952745902,-0.4674963496185115
