segment,segment_name,wall_time,wall_elapsed_s,sim_time,x,y,yaw
1,M->N,1787466225.881986,0.0029469949658960104,35.4,-8.498916266545198,2.4492876732609036e-07,0.0009616285838208543
1,M->N,1787466228.4789267,2.599889163975604,37.4,-8.48412118613668,-1.66220224043817e-05,-0.004343532212455948
1,M->N,1787466228.547686,2.6686483999947086,37.5,-8.470448415262158,-9.72633293185848e-05,-0.008291489977936509
1,M->N,1787466228.6850724,2.806035323010292,37.6,-8.442848914769328,-0.00040350276961688566,-0.01524723976249446
1,M->N,1787466228.8217094,2.9426712779677473,37.7,-8.414256153922631,-0.0009527924654527808,-0.025445082589981592
1,M->N,1787466228.890211,3.011174237995874,37.8,-8.395192210787624,-0.001498820432336426,-0.03445382479441143
1,M->N,1787466228.9657385,3.0867008049972355,37.9,-8.376128738919611,-0.0022313461334989007,-0.04536545068309529
1,M->N,1787466228.9786773,3.099638976971619,37.9,-8.357070603800032,-0.003181016747884092,-0.057544835158913676
1,M->N,1787466228.9907115,3.1116734779789113,37.9,-8.33802060480414,-0.004373943728199399,-0.07128110703223307
1,M->N,1787466229.0022614,3.123223265982233,37.9,-8.318984946332993,-0.005836500388267336,-0.08613461766709665
1,M->N,1787466229.0130646,3.1340263030142523,37.9,-8.29997050721659,-0.007588732311220268,-0.10198942790646749
1,M->N,1787466229.0212493,3.142210773017723,37.9,-8.28098446913771,-0.00964966846512547,-0.11879298135048061
1,M->N,1787466229.0287035,3.14966471696971,37.9,-8.262035063863507,-0.012033497947274256,-0.1361254744264191
1,M->N,1787466229.035769,3.1567305349744856,38.0,-8.24312867800538,-0.014750466015744108,-0.15426161966007823
1,M->N,1787466229.0426774,3.1636388130136766,38.0,-8.224273866722768,-0.017814342977377336,-0.17301177616349758
1,M->N,1787466229.0484843,3.1694456989644095,38.0,-8.205479387604795,-0.02123498366620629,-0.19225245604229924
1,M->N,1787466229.18277,3.303733086970169,38.0,-8.186754084115083,-0.025020072281316197,-0.21190437195012263
1,M->N,1787466229.319392,3.4403541670180857,38.1,-8.16810704235501,-0.0291740449717405,-0.2317898683354458
1,M->N,1787466229.4582057,3.579167977964971,38.3,-8.14954695831106,-0.033699480864598744,-0.25188603765067885
1,M->N,1787466229.5949323,3.7158948939759284,38.4,-8.131082240954784,-0.0385976924998238,-0.27210389946664365
1,M->N,1787466229.6709538,3.791915824986063,38.4,-8.112721150670653,-0.043868809472387076,-0.292364751142738
1,M->N,1787466229.8081446,3.929106605006382,38.5,-8.094471736475109,-0.049511060000212236,-0.31263668895534996
1,M->N,1787466229.8836536,4.004615345969796,38.7,-8.076341691021208,-0.05552167696964299,-0.3328460389813994
1,M->N,1787466229.958255,4.079217232007068,38.7,-8.058708000533017,-0.06175900858451931,-0.35151973403928577
1,M->N,1787466230.095686,4.216648057976272,38.8,-8.041371113667951,-0.06824038282739106,-0.369018552337181
1,M->N,1787466230.109202,4.2301637990167364,38.8,-8.023975909426541,-0.07512643629438315,-0.39066999376284023
1,M->N,1787466230.1829162,4.303878472012002,38.9,-8.006488731225573,-0.08250585239489974,-0.41375355513992246
1,M->N,1787466230.3202276,4.441189936012961,39.0,-7.989065470645869,-0.09033980214377764,-0.43710893332221573
1,M->N,1787466230.3382623,4.459224183985498,39.0,-7.9718305822238005,-0.09857874610609031,-0.46038660434897843
1,M->N,1787466230.4757626,4.59672623797087,39.1,-7.954792927688841,-0.10721301307320345,-0.4830575275432521
1,M->N,1787466230.5508466,4.6718094169627875,39.2,-7.937955777801911,-0.11622563159440141,-0.5050432624636599
1,M->N,1787466230.6886013,4.8095639839884825,39.3,-7.921321348794502,-0.1256028625164616,-0.5266671576225951
1,M->N,1787466230.7645547,4.885516450973228,39.4,-7.904894442565804,-0.13533611335778956,-0.5480430919734876
1,M->N,1787466230.8398736,4.9608356970129535,39.4,-7.888679963960462,-0.14541648714737834,-0.5691420348002074
1,M->N,1787466230.9777405,5.098702461982612,39.5,-7.872681695045132,-0.15583334229920187,-0.5896792480464396
1,M->N,1787466231.053616,5.174578103993554,39.6,-7.856899883487567,-0.16657136578267853,-0.609528315091321
1,M->N,1787466231.0658534,5.186815029999707,39.6,-7.841333313953173,-0.17761551057566496,-0.6287138245158451
1,M->N,1787466231.0770094,5.197970883978996,39.6,-7.825980063246021,-0.18895066941257166,-0.6470942924980575
1,M->N,1787466231.2124782,5.3334407359943725,39.7,-7.810836651990802,-0.2005616363063837,-0.6647663989319043
1,M->N,1787466231.349106,5.47006857697852,39.8,-7.7958992267070535,-0.21243353137517618,-0.6817007314734669
1,M->N,1787466231.4879065,5.608868694980629,39.9,-7.781162867264253,-0.22455140937938634,-0.6979721529701999
1,M->N,1787466231.5021205,5.6230819880147465,40.0,-7.766623329819768,-0.23690226666927872,-0.7135574524876278
1,M->N,1787466231.5144167,5.635378152015619,40.0,-7.752276584481196,-0.2494744482252488,-0.7285413894078028
1,M->N,1787466231.5247452,5.645706743001938,40.0,-7.738118774103982,-0.262257255981639,-0.7430457794109715
1,M->N,1787466231.660723,5.781685146968812,40.1,-7.7241454140908035,-0.27523876364579175,-0.7568089085156358
1,M->N,1787466231.7974796,5.918441991962027,40.2,-7.7103495684794074,-0.2884072703408004,-0.7700717803752537
1,M->N,1787466231.8111398,5.932101721002255,40.2,-7.696727987777509,-0.30175473062824004,-0.7828573067448944
1,M->N,1787466231.9502103,6.0711724199936725,40.3,-7.683276598942434,-0.31527225451019913,-0.79516643776475
1,M->N,1787466232.0889342,6.2098963870084845,40.4,-7.669991523246714,-0.3289521335469231,-0.8071319730911034
1,M->N,1787466232.16607,6.287031993968412,40.5,-7.65686933711989,-0.34278705908957596,-0.8187334546748927
1,M->N,1787466232.2424674,6.3634294319781475,40.6,-7.643907585721987,-0.35677142171798243,-0.8300591715903528
1,M->N,1787466232.2559412,6.376902643998619,40.6,-7.631103812617751,-0.3708992107915228,-0.8409822273674851
1,M->N,1787466232.3302913,6.4512532979715616,40.6,-7.618453724633339,-0.3851632918613114,-0.8515352408368762
1,M->N,1787466232.4675763,6.58853830001317,40.7,-7.605953723757822,-0.3995583598985058,-0.8618358279001714
1,M->N,1787466232.543531,6.6644928099703975,40.8,-7.593600879792243,-0.4140796141092538,-0.8718689215768024
1,M->N,1787466232.6180484,6.7390107159735635,40.9,-7.581392962808958,-0.4287230628140378,-0.8816518367192607
1,M->N,1787466232.694235,6.81519680400379,41.0,-7.569327551721025,-0.443483924744734,-0.8911478247268168
1,M->N,1787466232.7691808,6.890142494987231,41.0,-7.5574019988340995,-0.45835756230153574,-0.9004511583116923
1,M->N,1787466232.8442347,6.96519650798291,41.0,-7.545614223409866,-0.47333954302686304,-0.9094954640401983
1,M->N,1787466232.9817114,7.102673763001803,41.2,-7.533961005629271,-0.48842530376697024,-0.9182610705091443
1,M->N,1787466233.119517,7.240479492989834,41.3,-7.522439718721781,-0.5036113614112133,-0.9268128056339041
1,M->N,1787466233.1946816,7.3156436199788,41.4,-7.5110474603521675,-0.5188935846925967,-0.935080846597464
1,M->N,1787466233.2084494,7.32941090897657,41.4,-7.499780577686421,-0.5342673912613576,-0.9430556660333829
1,M->N,1787466233.2855563,7.406518028990831,41.4,-7.488635327003646,-0.5497282635136208,-0.9506758762155364
1,M->N,1787466233.3613157,7.482280582014937,41.5,-7.47760636535889,-0.5652713411466601,-0.9579413828078406
1,M->N,1787466233.4403887,7.561350519012194,41.6,-7.466688148919059,-0.5808920684319698,-0.9648269756712502
1,M->N,1787466233.5155892,7.636550954019185,41.6,-7.455875310599813,-0.5965856542234735,-0.9712930572761752
1,M->N,1787466233.5894883,7.710451049963012,41.6,-7.445162037913137,-0.6123465899016955,-0.9772992873424439
1,M->N,1787466233.7276661,7.848627952975221,41.7,-7.434540804807964,-0.6281679944309625,-0.9827882814539963
1,M->N,1787466233.86429,7.985251961974427,41.8,-7.424004610076145,-0.6440449609266726,-0.9879612146120692
1,M->N,1787466234.0016618,8.12262372096302,42.0,-7.413549021994758,-0.6599738262745198,-0.9927211621137761
1,M->N,1787466234.138861,8.259823150001466,42.1,-7.403166822603704,-0.6759489251750824,-0.9969592870720517
1,M->N,1787466234.2755697,8.396531764999963,42.2,-7.392849700731185,-0.6919643288059674,-1.000688879433292
1,M->N,1787466234.3542602,8.47522222797852,42.3,-7.382590508330838,-0.7080150348195119,-1.003947975201805
1,M->N,1787466234.3667302,8.487692052964121,42.3,-7.3723811964134125,-0.7240955129222825,-1.0066530828679274
1,M->N,1787466234.3801167,8.501078663975932,42.3,-7.362211725684549,-0.740199371043296,-1.0086904689371823
1,M->N,1787466234.3900445,8.511006006971002,42.3,-7.352071576133521,-0.756320962036528,-1.010243506294691
1,M->N,1787466234.398949,8.51991095097037,42.3,-7.341953826451212,-0.7724564207166007,-1.0113121199556807
1,M->N,1787466234.407051,8.528012529015541,42.3,-7.331850154722953,-0.7885994530478018,-1.0117715318420557
1,M->N,1787466234.541357,8.662319226015825,42.4,-7.321751883469343,-0.8047441656869843,-1.011825926028982
1,M->N,1787466234.6797583,8.80072061996907,42.5,-7.3116517322013195,-0.8208855796138641,-1.0113319575182942
1,M->N,1787466234.755971,8.876932955987286,42.6,-7.301540935948757,-0.8370185454683771,-1.0103427215613
1,M->N,1787466234.8928406,9.013802986009978,42.6,-7.291412590142948,-0.8531393804343196,-1.0090063562284974
1,M->N,1787466234.968721,9.089683010999579,42.7,-7.281260477012656,-0.8692436678796897,-1.0072060423714015
1,M->N,1787466235.1063704,9.227332548995037,42.8,-7.271076948034223,-0.8853261878515182,-1.004909516054735
1,M->N,1787466235.2461376,9.36710024997592,42.9,-7.260853328130467,-0.9013811951094444,-1.0020087707722618
1,M->N,1787466235.3860152,9.506977597018704,43.1,-7.250581517791884,-0.9174044361738629,-0.9987548989660877
1,M->N,1787466235.4644835,9.585445503995288,43.2,-7.240255154528403,-0.9333920380878867,-0.9950836520213666
1,M->N,1787466235.4771352,9.598096543981228,43.2,-7.229867535491731,-0.949339703329274,-0.9910413221202793
1,M->N,1787466235.4881248,9.609086514974479,43.2,-7.219413254597042,-0.9652429427441206,-0.9865448554409534
1,M->N,1787466235.497972,9.618933696998283,43.2,-7.208885204109488,-0.9810960119331185,-0.9816000363525599
1,M->N,1787466235.6336982,9.754660481004976,43.2,-7.198277706544547,-0.9968947045139825,-0.9763634540427903
1,M->N,1787466235.7701828,9.891145180969033,43.4,-7.187585673281704,-1.0126349403951516,-0.9707640765107205
1,M->N,1787466235.784192,9.905153655970935,43.4,-7.17680401546437,-1.0283127660175453,-0.9648070631905058
1,M->N,1787466235.921233,10.04219504899811,43.5,-7.165927408617725,-1.043923383720793,-0.9584256847062568
1,M->N,1787466236.0584455,10.179408065974712,43.6,-7.154950192579454,-1.0594620788169238,-0.9517727153838815
1,M->N,1787466236.196312,10.317274607019499,43.7,-7.1438683815733635,-1.0749252759187853,-0.9448346108420285
1,M->N,1787466236.2724774,10.393439223000314,43.8,-7.132677747958557,-1.0903095558656815,-0.9376095535743252
1,M->N,1787466236.2884462,10.409409233019687,43.8,-7.121374888284124,-1.1056117319198295,-0.9301306585429631
1,M->N,1787466236.300967,10.421928493015002,43.8,-7.109956492442369,-1.1208282491056358,-0.9224480750795689
1,M->N,1787466236.4368424,10.557804759999271,43.9,-7.098420464015244,-1.135955674207732,-0.9146120800878582
1,M->N,1787466236.576117,10.697079791978467,44.0,-7.08676542536283,-1.1509906508973622,-0.906595657950501
1,M->N,1787466236.7152145,10.836176902987063,44.1,-7.0749898344179,-1.1659307368177525,-0.8984664662664981
1,M->N,1787466236.8524814,10.973444257979281,44.2,-7.063093081846642,-1.1807741842033672,-0.8902362832281788
1,M->N,1787466236.8662674,10.987229502003174,44.3,-7.051074193214954,-1.195518559897972,-0.8819155795111818
1,M->N,1787466236.8778875,10.998849019000772,44.3,-7.038932660931042,-1.2101617078612708,-0.8735247887545833
1,M->N,1787466236.888706,11.00966794101987,44.3,-7.026668455341595,-1.224701687939821,-0.8650535547130039
1,M->N,1787466237.0251288,11.146091272006743,44.4,-7.014281664474455,-1.2391370925906562,-0.8565520002874886
1,M->N,1787466237.1625597,11.28352202300448,44.5,-7.001772224475501,-1.253466672706967,-0.8480093071964212
1,M->N,1787466237.2391422,11.360104519990273,44.6,-6.989140255905631,-1.2676889106572178,-0.8394394978910577
1,M->N,1787466237.251811,11.372772669012193,44.6,-6.976386536360479,-1.2818027913255146,-0.8308413612750446
1,M->N,1787466237.3254979,11.446460239007138,44.6,-6.9635118951682,-1.295806641243752,-0.8222318546316546
1,M->N,1787466237.4626977,11.58365986001445,44.7,-6.95051723601033,-1.3096989318012344,-0.8136202112057282
1,M->N,1787466237.5407255,11.661687475978397,44.9,-6.937403314545757,-1.3234783597989963,-0.8049914907777679
1,M->N,1787466237.6159108,11.736873018962797,44.9,-6.924171140376911,-1.3371441817484233,-0.7963631596099824
1,M->N,1787466237.6306458,11.75160777696874,44.9,-6.910821756683815,-1.3506954800568387,-0.787714679901134
1,M->N,1787466237.7670326,11.887994656979572,45.0,-6.897355753177346,-1.364130752775433,-0.7790597257703239
1,M->N,1787466237.8437107,11.964673380018212,45.1,-6.883773998348949,-1.3774487951073557,-0.7703789702867259
1,M->N,1787466237.8558364,11.97679808497196,45.1,-6.870076808223063,-1.390647925102274,-0.761640516359353
1,M->N,1787466237.9914865,12.112449512002058,45.2,-6.8562646020904685,-1.4037265938601426,-0.752851462148709
1,M->N,1787466238.1284304,12.249392670986708,45.3,-6.842337822014951,-1.4166832720992035,-0.7439919858374153
1,M->N,1787466238.1434066,12.264368360978551,45.4,-6.828296592467634,-1.4295157168251647,-0.7350705255732928
1,M->N,1787466238.2798119,12.400774004985578,45.4,-6.81414117119547,-1.4422217256509804,-0.726069955645444
1,M->N,1787466238.3564043,12.477366519975476,45.5,-6.799871947612862,-1.45479935475226,-0.7170228813375314
1,M->N,1787466238.370691,12.491653291974217,45.5,-6.785489627863869,-1.4672475778811893,-0.7079644367534941
1,M->N,1787466238.5070012,12.627963369013742,45.6,-6.770995116345594,-1.4795647674296182,-0.6988405759636114
1,M->N,1787466238.5845942,12.705556250992231,45.7,-6.756388545149791,-1.4917486673666922,-0.6896963934959203
1,M->N,1787466238.65794,12.778902256977744,45.7,-6.741671190828858,-1.5037986252395525,-0.6805316819500932
1,M->N,1787466238.7950337,12.91599619196495,45.8,-6.726844061848376,-1.515713537409428,-0.6713599275976913
1,M->N,1787466238.8723934,12.993355490965769,46.0,-6.7119083359169185,-1.527492069241457,-0.6622113542846949
1,M->N,1787466238.946782,13.067744450992905,46.0,-6.696865724188193,-1.539133564451528,-0.6531035196141011
1,M->N,1787466239.0236115,13.144573658006266,46.1,-6.681718288699894,-1.5506380725333964,-0.6440671180403787
1,M->N,1787466239.1606488,13.281611142971087,46.1,-6.66646803669821,-1.5620057127724098,-0.6351155925319011
1,M->N,1787466239.2988021,13.41976409999188,46.3,-6.651117175116693,-1.5732373173600034,-0.6263044685209539
1,M->N,1787466239.3092878,13.430249453987926,46.3,-6.635668457852891,-1.5843343883199716,-0.61766063880521
1,M->N,1787466239.318847,13.439808966009878,46.3,-6.620124888967506,-1.5952991964229113,-0.6092355447355393
1,M->N,1787466239.3905349,13.51149801799329,46.3,-6.604489961332374,-1.606134643292902,-0.6010593162622587
1,M->N,1787466239.527414,13.648376221011858,46.4,-6.588767374785702,-1.6168446325865578,-0.5931741097616461
1,M->N,1787466239.6674552,13.788417349976953,46.5,-6.5729612249610065,-1.6274323169241613,-0.5855226150094605
1,M->N,1787466239.8058028,13.926764976989944,46.6,-6.55707501645617,-1.637900730262861,-0.5781995487567616
1,M->N,1787466239.8199024,13.9408642440103,46.7,-6.54111358877191,-1.648254808686995,-0.5711949123707346
1,M->N,1787466239.8318586,13.952821101003792,46.7,-6.525080932988572,-1.6584988765770974,-0.5644388733164722
1,M->N,1787466239.9047165,14.025678902980871,46.7,-6.508980627363233,-1.6686375315497257,-0.5580982829396527
1,M->N,1787466240.0407324,14.161695032962598,46.8,-6.492816978261588,-1.6786757681838413,-0.5520278156208217
1,M->N,1787466240.0552924,14.176254505000543,46.9,-6.4765934273650165,-1.6886174718138245,-0.5462720847165133
1,M->N,1787466240.1286604,14.249622598988935,46.9,-6.460313833575506,-1.698468114788585,-0.5408249291981595
1,M->N,1787466240.2657619,14.386723780015018,47.0,-6.443981432857477,-1.7082328496459298,-0.5357142482521982
1,M->N,1787466240.4022403,14.523202203970868,47.1,-6.427599348829121,-1.7179166556106373,-0.5309286865278714
1,M->N,1787466240.4770036,14.597965502005536,47.2,-6.411170753897714,-1.7275242570333684,-0.5264409209357596
1,M->N,1787466240.6183345,14.739297571999487,47.3,-6.394699497226439,-1.7370607544411047,-0.5222295997245755
1,M->N,1787466240.7626376,14.883600089990068,47.4,-6.378188673181637,-1.7465290549838621,-0.5181692554497228
1,M->N,1787466240.778479,14.899441551999189,47.5,-6.361640156050201,-1.7559311039774785,-0.5142966307092732
1,M->N,1787466240.7905374,14.911499353998806,47.5,-6.345056152248494,-1.7652701876763621,-0.5105754165909171
1,M->N,1787466240.80075,14.921712076989934,47.5,-6.32843791051277,-1.7745482370797407,-0.5069350129345809
1,M->N,1787466240.9364817,15.057444031001069,47.6,-6.3117861480760755,-1.7837658883695653,-0.5033507523320859
1,M->N,1787466241.0737355,15.1946978130145,47.7,-6.295101749885137,-1.7929237958583846,-0.49978771766616253
1,M->N,1787466241.1509194,15.271881213004235,47.8,-6.278385045571332,-1.8020219250239324,-0.49617518749486283
1,M->N,1787466241.2884037,15.409366114996374,47.9,-6.261635428916914,-1.8110593333330092,-0.4924895414474159
1,M->N,1787466241.3637736,15.484736420970876,48.0,-6.244851912104405,-1.820034198874908,-0.4886655969098294
1,M->N,1787466241.3759375,15.496899377962109,48.0,-6.228033322680418,-1.8289434371927387,-0.48463867622694695
1,M->N,1787466241.5107613,15.631724135018885,48.0,-6.2111785896680916,-1.8377837759035698,-0.48041383529726256
1,M->N,1787466241.5868738,15.707835789013188,48.1,-6.19428652982047,-1.84655106307401,-0.47594732882157087
1,M->N,1787466241.665946,15.786908309964929,48.2,-6.177355632043992,-1.8552406018734293,-0.4712229471185629
1,M->N,1787466241.6788037,15.799766173993703,48.2,-6.160383880322358,-1.8638474116837753,-0.46617805856444533
1,M->N,1787466241.7520087,15.872971163014881,48.2,-6.143368996716577,-1.87236554329171,-0.4607702267663738
1,M->N,1787466241.889053,16.01001610700041,48.4,-6.126308635762941,-1.8807891278906697,-0.4550188261429916
1,M->N,1787466241.902857,16.023818795976695,48.4,-6.109200103804479,-1.8891104243347756,-0.44873842130005154
1,M->N,1787466241.9756732,16.096635552006774,48.4,-6.092039419076942,-1.8973205107280038,-0.44205829468816427
1,M->N,1787466242.0516176,16.172579990990926,48.5,-6.074823768258764,-1.9054137555814186,-0.43505539231687457
1,M->N,1787466242.1880488,16.309011697012465,48.6,-6.057551030716056,-1.9133840934568285,-0.42770946505035284
1,M->N,1787466242.3248165,16.445778509019874,48.7,-6.040219607489573,-1.921224402882377,-0.41992209922765084
1,M->N,1787466242.399948,16.52090960298665,48.8,-6.0228274238558965,-1.9289258601018169,-0.41170570111865457
1,M->N,1787466242.412422,16.533383624977432,48.8,-6.005372813262944,-1.936482142883751,-0.40325636420815686
1,M->N,1787466242.4855394,16.606501328991726,48.8,-5.987855442854302,-1.9438879438894718,-0.39440401795994323
1,M->N,1787466242.6226554,16.743617449013982,49.0,-5.970273692905689,-1.9511356456597995,-0.38524212981497447
1,M->N,1787466242.7627487,16.88371125399135,49.1,-5.952626880692006,-1.9582197500190635,-0.3757843618501446
1,M->N,1787466242.838221,16.959183588973247,49.2,-5.9349143146038665,-1.9651344623461504,-0.3660733253051996
1,M->N,1787466242.8504546,16.971416225016583,49.2,-5.917135872585757,-1.9718747390125604,-0.3561019480084414
1,M->N,1787466242.8612475,16.9822091399692,49.2,-5.899291328596727,-1.9784355350889644,-0.34589866774220196
1,M->N,1787466242.9972408,17.118203232996166,49.3,-5.8813807727039835,-1.9848126145041414,-0.3355099499503399
1,M->N,1787466243.1345973,17.255559553974308,49.4,-5.864846969015705,-1.9905239985679068,-0.3301918033096425
1,M->N,1787466243.211538,17.33249994396465,49.5,-5.850262732214377,-1.9955632314482168,-0.33730447111603107
1,M->N,1787466243.2871165,17.408079140994232,49.5,-5.836320727141223,-2.000446034303219,-0.3333247019158062
1,M->N,1787466243.363309,17.484270773013122,49.5,-5.822482637736447,-2.005181766552763,-0.3232764611282346
1,M->N,1787466243.4391365,17.560098801972345,49.7,-5.808070919926842,-2.0099234365211385,-0.30858708366266396
1,M->N,1787466243.576113,17.697075761971064,49.7,-5.79016379720191,-2.01550198351809,-0.29036084602014495
1,M->N,1787466243.6509988,17.771961629972793,49.8,-5.772019578279949,-2.020812439428326,-0.2752352806472004
1,M->N,1787466243.7892277,17.91019004798727,49.9,-5.756912783434262,-2.0249947150544574,-0.26102122443573594
1,M->N,1787466243.8646693,17.985631280986127,50.0,-5.742938959094989,-2.0286617886804956,-0.24952236589135232
1,M->N,1787466243.8775256,17.998487184988335,50.0,-5.728933721898406,-2.0321805516111886,-0.24037288755731198
1,M->N,1787466243.8891766,18.01013868500013,50.0,-5.715179868294673,-2.0355086689461226,-0.23222673097237015
1,M->N,1787466244.024359,18.145321460964624,50.1,-5.701641498280597,-2.0386713116299666,-0.2246824195575034
1,M->N,1787466244.160482,18.281445566972252,50.2,-5.68807844588211,-2.041733856681484,-0.21740764421425696
1,M->N,1787466244.2984955,18.419457978976425,50.3,-5.674692211848344,-2.0446556160693032,-0.21030337721282724
1,M->N,1787466244.3748639,18.495826283004135,50.4,-5.6614563879592605,-2.047446734338022,-0.20341615565208385
1,M->N,1787466244.3886921,18.50965445296606,50.4,-5.648201771427454,-2.0501471112330827,-0.19667415426780488
1,M->N,1787466244.4001274,18.52108933601994,50.4,-5.634800343994587,-2.0527798039798966,-0.19000078542582896
1,M->N,1787466244.5362186,18.6571809379966,50.5,-5.6183293363350995,-2.055903364588595,-0.18231194150249713
1,M->N,1787466244.6731875,18.794149969005957,50.6,-5.599621467105404,-2.059294234616195,-0.17353224636674056
1,M->N,1787466244.8110807,18.932042914966587,50.7,-5.580882794746738,-2.0625150364657583,-0.16451340038245155
1,M->N,1787466244.8869686,19.007930819003377,50.8,-5.562207664777565,-2.0655551409000936,-0.15559767080413356
1,M->N,1787466244.8997936,19.020756162994076,50.8,-5.5467759089305035,-2.067924307513763,-0.1467659566470456
1,M->N,1787466244.9729784,19.093940643011592,50.8,-5.532171320549397,-2.070040184293017,-0.13937578634033967
1,M->N,1787466245.1092474,19.230209589004517,50.9,-5.51425874605999,-2.0725056871325203,-0.13201855179734104
1,M->N,1787466245.2462516,19.367214351019356,51.0,-5.495403643498112,-2.074955133558683,-0.12433532859777903
1,M->N,1787466245.322321,19.443282825988717,51.1,-5.4765266545478966,-2.0772617653507903,-0.11688587165444887
1,M->N,1787466245.3356836,19.456645847007167,51.2,-5.457631133518307,-2.0794301924449314,-0.1097506308907983
1,M->N,1787466245.3471239,19.468085941975005,51.2,-5.438720150125226,-2.081466037004003,-0.10292785033738065
1,M->N,1787466245.4196503,19.54061299696332,51.2,-5.419795749142278,-2.083374566356097,-0.09642425979130201
1,M->N,1787466245.5568993,19.67786154296482,51.3,-5.400858824939811,-2.0851629678682895,-0.09033520975029274
1,M->N,1787466245.6352444,19.75620624097064,51.4,-5.381910364580748,-2.086838875342463,-0.08459574034356332
1,M->N,1787466245.7092414,19.830203701974824,51.4,-5.362951531552448,-2.0884081537900365,-0.07918387388588555
1,M->N,1787466245.8460813,19.96704374498222,51.5,-5.343983235201813,-2.0898772936214014,-0.07414217508175067
1,M->N,1787466245.9832354,20.104197492997628,51.6,-5.325006756019609,-2.0912536781926416,-0.0694615506349399
1,M->N,1787466246.1219723,20.24293421197217,51.7,-5.306023317818211,-2.092543551107853,-0.06507573208736993
1,M->N,1787466246.2594316,20.38039474398829,51.8,-5.287033819704066,-2.093751873171844,-0.06093459012330207
1,M->N,1787466246.3982067,20.519169591018,52.0,-5.268038566529609,-2.0948835396562133,-0.05711106569513605
1,M->N,1787466246.5354564,20.656419213977642,52.1,-5.2490384754097,-2.0959440361206547,-0.05347693469088058
1,M->N,1787466246.672555,20.793518131016754,52.2,-5.2300341549503475,-2.0969366012564805,-0.049950787235605136
1,M->N,1787466246.81169,20.932652415998746,52.3,-5.211026202623266,-2.097862526696921,-0.04646933749762016
1,M->N,1787466246.948881,21.069843255972955,52.4,-5.192015171663689,-2.09872207187002,-0.04296190250699968
1,M->N,1787466247.0185673,21.13952960097231,52.5,-5.173001679219116,-2.099514181727413,-0.039361762766331417
1,M->N,1787466247.1546786,21.275640933017712,52.6,-5.144477082674229,-2.100572685375561,-0.03377529469287991
1,M->N,1787466247.2233298,21.344292021996807,52.6,-5.125458636018302,-2.101187228542621,-0.029748091707151106
1,M->N,1787466247.237769,21.358730692008976,52.7,-5.106439351447893,-2.1017221532540598,-0.025198995897970932
1,M->N,1787466247.2491584,21.37012004898861,52.7,-5.087419577741811,-2.1021663283055108,-0.020132742677256968
1,M->N,1787466247.2591379,21.38009922998026,52.7,-5.068399354977352,-2.1025110892345946,-0.014591609305389873
1,M->N,1787466247.268187,21.389148510002997,52.7,-5.049379971031474,-2.1027451177019363,-0.008294945132597232
1,M->N,1787466247.2763517,21.39731321699219,52.7,-5.030361729905692,-2.1028547851372124,-0.0014000178312735534
1,M->N,1787466247.284253,21.40521427098429,52.7,-5.0113454063030485,-2.102829158954301,0.006145121851937231
1,M->N,1787466247.2916825,21.412643912015483,52.7,-4.9923322820429386,-2.102655102324739,0.01437143664510948
1,M->N,1787466247.298299,21.419260606984608,52.7,-4.973324585014247,-2.1023179921073307,0.023577514141155387
1,M->N,1787466247.3040574,21.42501867201645,52.8,-4.954324042445132,-2.1017991721220497,0.033673884769674325
1,M->N,1787466247.3722575,21.49321962200338,52.8,-4.935331965835846,-2.101084103252553,0.0444168723501847
1,M->N,1787466247.5086536,21.629616262973286,52.9,-4.916351487568619,-2.1001592996903833,0.05593542755445457
1,M->N,1787466247.6442955,21.765257593011484,53.0,-4.897385765075482,-2.099010225087119,0.06818304939152224
1,M->N,1787466247.7806659,21.90162809396861,53.1,-4.87843876438312,-2.097623413424479,0.08127890026570515
1,M->N,1787466247.9194076,22.0403702739859,53.2,-4.85951463236651,-2.0959829543731123,0.09513835857678321
1,M->N,1787466247.9953055,22.11626795300981,53.3,-4.840618153362214,-2.094075238147065,0.10973324141943304
1,M->N,1787466248.0705137,22.19147612998495,53.3,-4.821754838719011,-2.0918862014104085,0.12504733980845834
1,M->N,1787466248.1465447,22.26750685501611,53.4,-4.8029297072413275,-2.0894042784194387,0.14092138123120473
1,M->N,1787466248.2842524,22.40521475498099,53.5,-4.784148369423839,-2.0866196224227536,0.15730101422608045
1,M->N,1787466248.3599489,22.48091069899965,53.6,-4.765416575736964,-2.083524176286955,0.17410707512905893
1,M->N,1787466248.372312,22.49327464401722,53.6,-4.746740862711668,-2.0801110649298087,0.1913885556141556
1,M->N,1787466248.5092897,22.6302519729943,53.7,-4.728128379017424,-2.0763720137324184,0.2090797578179356
1,M->N,1787466248.6465423,22.76750470197294,53.8,-4.709585417500426,-2.0723015345886515,0.22700146715510455
1,M->N,1787466248.787273,22.908234844973776,53.9,-4.691118850196786,-2.067896728398823,0.24519060830196682
1,M->N,1787466248.8630338,22.983996191993356,54.0,-4.6727357830087115,-2.0631549900253248,0.2635855611829749
1,M->N,1787466248.8746474,22.995608952012844,54.0,-4.654443528344008,-2.058074463550747,0.2821123606669579
1,M->N,1787466248.8856602,23.006622083019465,54.0,-4.636249268486348,-2.052654713571167,0.3007096772795851
1,M->N,1787466249.0218318,23.142794790968765,54.1,-4.618159312297354,-2.0468964694528102,0.3193232748314261
1,M->N,1787466249.159356,23.280318672012072,54.2,-4.600179102409049,-2.040801966983265,0.33789460845406505
1,M->N,1787466249.235097,23.35605876997579,54.3,-4.582314081985189,-2.0343742610734297,0.35638562101246524
1,M->N,1787466249.2484117,23.36937392601976,54.3,-4.564569463823834,-2.0276170237829967,0.3747523220852494
1,M->N,1787466249.3846245,23.50558669300517,54.4,-4.546949678291067,-2.0205351062216383,0.392931774792828
1,M->N,1787466249.5218754,23.642837980005424,54.5,-4.529458871516043,-2.0131344901608728,0.4108828319872874
1,M->N,1787466249.6614516,23.78241721901577,54.6,-4.512101153553854,-2.00542184707864,0.42858001391674605
1,M->N,1787466249.6829455,23.803907405992504,54.7,-4.4948806817626705,-1.9974039839323903,0.44600561254000914
1,M->N,1787466249.7564497,23.87741149100475,54.7,-4.477800556422246,-1.9890886241449486,0.46308555191925155
1,M->N,1787466249.8936796,24.014641599962488,54.8,-4.4608627486277825,-1.98048456451804,0.47975298845081205
1,M->N,1787466249.9083433,24.029305046016816,54.9,-4.444068009420535,-1.971601708380117,0.496017887657767
1,M->N,1787466249.9203835,24.04134501196677,54.9,-4.427417629178143,-1.9624489031831727,0.5119162974074519
1,M->N,1787466249.930588,24.05154945299728,54.9,-4.410912146202748,-1.9530347776047239,0.5272943935081921
1,M->N,1787466250.0661063,24.18706857901998,54.9,-4.3945499773754095,-1.9433708639841427,0.5421700160751796
1,M->N,1787466250.2049086,24.325870561995544,55.1,-4.378329917514335,-1.9334665574122338,0.5566006336955611
1,M->N,1787466250.2181327,24.33909434697125,55.1,-4.36225004788233,-1.923331070465635,0.5704640293081495
1,M->N,1787466250.3545203,24.47548302198993,55.2,-4.346308364204294,-1.9129754157881733,0.5838678467705216
1,M->N,1787466250.491916,24.612878268002532,55.3,-4.330502980590894,-1.9024094484902374,0.5967611727174102
1,M->N,1787466250.6293874,24.750349922978785,55.4,-4.314831843075451,-1.8916433219256708,0.6091701719604354
1,M->N,1787466250.7080424,24.829004897968844,55.5,-4.299292591871498,-1.8806859756201573,0.621102392289429
1,M->N,1787466250.72018,24.84114148898516,55.5,-4.283881336039492,-1.8695469549177754,0.6323842167093555
1,M->N,1787466250.7321312,24.853093179001007,55.5,-4.268593764134381,-1.8582371897520247,0.6432319506212866
1,M->N,1787466250.868015,24.988977171014994,55.6,-4.253426432556401,-1.8467647583035196,0.6535815319084841
1,M->N,1787466251.0050838,25.126045982993674,55.7,-4.238375480677732,-1.8351383858055075,0.6635023319206074
1,M->N,1787466251.0810804,25.202042215969414,55.8,-4.223437471721419,-1.8233651370888222,0.6728927933220907
1,M->N,1787466251.0932324,25.214194596977904,55.8,-4.2086071243518095,-1.8114544668786783,0.6818356011727772
1,M->N,1787466251.1663191,25.287281044991687,55.8,-4.19388047049594,-1.7994136849401996,0.6903026397956333
1,M->N,1787466251.3053842,25.426346441963688,55.9,-4.179252285656304,-1.7872511316759772,0.6982222736669539
1,M->N,1787466251.4420118,25.562974291970022,56.1,-4.164718279422522,-1.7749749483203947,0.7057789799368825
1,M->N,1787466251.5791705,25.700133688980713,56.2,-4.15027482382966,-1.7625908073580363,0.712936932916777
1,M->N,1787466251.7162952,25.837257567967754,56.3,-4.135917388107841,-1.7501055628306397,0.7196834644343114
1,M->N,1787466251.7923548,25.913317137979902,56.4,-4.121641945421729,-1.7375254724215143,0.7260528071352215
1,M->N,1787466251.8052707,25.926232508965768,56.4,-4.107443918711113,-1.7248565985269013,0.7319996678621357
1,M->N,1787466251.8161247,25.93708693300141,56.4,-4.093318895753152,-1.7121050784640224,0.7375899189758366
1,M->N,1787466251.8262777,25.94723927497398,56.4,-4.079262990227563,-1.6992760046991375,0.7428193706467006
1,M->N,1787466251.9616456,26.082607521966565,56.5,-4.0652716480377356,-1.686375194414006,0.7477259630029369
1,M->N,1787466252.0996177,26.22057990101166,56.6,-4.0513412516573775,-1.6734076322023215,0.752273212190286
1,M->N,1787466252.2383428,26.35930512199411,56.7,-4.03746785883602,-1.6603781729760634,0.7564890396121255
1,M->N,1787466252.314615,26.435577524011023,56.8,-4.023648008880478,-1.6472914997230927,0.760460729588297
1,M->N,1787466252.3273537,26.448315715009812,56.8,-4.009878327471658,-1.6341514703833455,0.7641585858757376
1,M->N,1787466252.3386052,26.45956720499089,56.8,-3.9961555073692154,-1.6209617787737678,0.7675776207069572
1,M->N,1787466252.4748673,26.595830055011902,56.9,-3.9824756524547573,-1.6077265431847603,0.7707064190643697
1,M->N,1787466252.5524235,26.673385949980002,57.0,-3.968835600122099,-1.5944491550808544,0.7736495096501038
1,M->N,1787466252.5658891,26.686850962985773,57.0,-3.955232926369659,-1.5811320231487938,0.7763621187305881
1,M->N,1787466252.702471,26.823433042969555,57.1,-3.941726270391298,-1.5678378617057382,0.7788379515866755
1,M->N,1787466252.84089,26.961852359992918,57.2,-3.9303786664150633,-1.5566031205977306,0.7827568554844496
1,M->N,1787466252.9796274,27.100589593988843,57.3,-3.9218042082201245,-1.5480573728825844,0.7848954210565015
1,M->N,1787466253.063119,27.18408047698904,57.4,-3.9119592852053264,-1.5382825205237163,0.7723186583715161
1,M->N,1787466253.079626,27.200587389001157,57.4,-3.903525199785297,-1.530313203862521,0.7366665645937884
1,M->N,1787466253.284754,27.405716278997716,57.6,-3.8947387071689734,-1.5225969729929114,0.7005483369614585
1,M->N,1787466253.4891272,27.61008968896931,57.7,-3.8848883025205176,-1.51457094650364,0.6636188138689055
1,M->N,1787466253.5100667,27.631028677977156,57.8,-3.873233463691383,-1.505805023283715,0.6226027618294677
1,M->N,1787466253.5211701,27.642131996981334,57.8,-3.865018264547374,-1.5000352797385803,0.5983267860260076
1,M->N,1787466253.656281,27.777243513963185,57.9,-3.8564768499288506,-1.4943340014479072,0.5751647821981137
1,M->N,1787466253.792904,27.913866590999532,58.0,-3.8477240106256883,-1.4887789344924993,0.5525259459726468
1,M->N,1787466253.929925,28.050887176999822,58.1,-3.838626379170549,-1.483287500890838,0.5301923801765538
1,M->N,1787466254.006055,28.127017193008214,58.2,-3.8293344506026235,-1.4779562605295842,0.5080787760519138
1,M->N,1787466254.019772,28.140734268992674,58.2,-3.8197415877338354,-1.472731810441575,0.4861369774124143
1,M->N,1787466254.0309052,28.15186739299679,58.2,-3.8088250112022104,-1.4671000504858946,0.4628132503538113
1,M->N,1787466254.1672566,28.2882193599944,58.3,-3.7969185644991703,-1.4613045443154797,0.43974421042884443
1,M->N,1787466254.2422762,28.363238293968607,58.3,-3.7845499207071627,-1.4556236836851066,0.41775684325668505
1,M->N,1787466254.380032,28.500994344998617,58.5,-3.7718290798068894,-1.4501137851844776,0.396182002834762
1,M->N,1787466254.5174751,28.638437994988635,58.6,-3.7587175688094963,-1.4447640192320552,0.3747851160541683
1,M->N,1787466254.596304,28.71726561296964,58.6,-3.745314438224048,-1.4396278534262652,0.3534745778456254
1,M->N,1787466254.6120052,28.732967315008864,58.7,-3.731247600872915,-1.4345754396218444,0.3322039569671127
1,M->N,1787466254.7479825,28.868944862973876,58.7,-3.7178145902524125,-1.430072894169023,0.310037884707476
1,M->N,1787466254.76203,28.882991892984137,58.8,-3.7028684549412474,-1.425448115260595,0.2848506975923992
1,M->N,1787466254.7743056,28.895267567015253,58.8,-3.6869706637426143,-1.4209592590328268,0.26126165607540314
1,M->N,1787466254.9101703,29.031132654985413,58.9,-3.670665139459875,-1.4167538784653197,0.23922734634470016
1,M->N,1787466254.990081,29.11104373098351,58.9,-3.653961143560842,-1.4128298468648115,0.21759448934731085
1,M->N,1787466255.1269522,29.247914830979425,59.0,-3.6367809843825136,-1.4092028853872913,0.19330347971358183
1,M->N,1787466255.2640116,29.384973858017474,59.2,-3.6185048702680227,-1.4058088172582734,0.16868391082109516
1,M->N,1787466255.2775114,29.3984740129672,59.2,-3.599629484993261,-1.4027715350054322,0.1454633538751205
1,M->N,1787466255.2892845,29.410246181010734,59.2,-3.5806965095536256,-1.4001573823728295,0.12437172992738361
1,M->N,1787466255.425364,29.546326278010383,59.3,-3.561719546503542,-1.3979294711743113,0.10508843568592595
1,M->N,1787466255.5629115,29.68387355399318,59.4,-3.5427079848875884,-1.3960568577043495,0.08704425419138659
1,M->N,1787466255.7020512,29.823013535002246,59.5,-3.5236689883130725,-1.3945214829951191,0.06991591589411636
1,M->N,1787466255.8386652,29.959627053991426,59.6,-3.5046093016075273,-1.3933059869254578,0.0535170250004443
1,M->N,1787466255.9744213,30.09538347198395,59.7,-3.485544899003736,-1.3923988504078366,0.037841347046397925
1,M->N,1787466255.9882855,30.109247331973165,59.8,-3.4666609585251402,-1.391801559507008,0.022043394092963103
1,M->N,1787466255.9998996,30.120861275994685,59.8,-3.4476538784204935,-1.3914163799359098,0.020258577154482874
1,M->N,1787466256.010689,30.131650605995674,59.8,-3.428632205724947,-1.3909968492474152,0.025171797995221387
1,M->N,1787466256.08205,30.203012056997977,59.8,-3.409614161291296,-1.3904821503962284,0.03032739327021272
1,M->N,1787466256.2194185,30.34038116998272,59.9,-3.3906004668554957,-1.3898667565298295,0.035842773363034805
1,M->N,1787466256.3563476,30.477310036018025,60.0,-3.371591909796115,-1.3891437249945933,0.041711185525453144
1,M->N,1787466256.4324334,30.553395805007312,60.1,-3.352588975845075,-1.3883073284564462,0.04783747289970791
1,M->N,1787466256.511456,30.63241773797199,60.2,-3.333593169837507,-1.3873519287304126,0.054379583263216555
1,M->N,1787466256.524599,30.645561281009577,60.2,-3.314605557917852,-1.3862691120221542,0.06135016365169154
1,M->N,1787466256.5985756,30.719537608965766,60.2,-3.2956269853499993,-1.3850516708191811,0.068657355967212
1,M->N,1787466256.734479,30.855441098974552,60.3,-3.27665940138656,-1.383691803296914,0.07645606119972499
1,M->N,1787466256.7446144,30.865576252981555,60.4,-3.2577043712771108,-1.3821813518524042,0.08466761659866563
1,M->N,1787466256.8164585,30.937421309005003,60.4,-3.2387649278190267,-1.3805103667871457,0.09356519146547335
1,M->N,1787466256.954055,31.075017680996098,60.5,-3.2198430979550974,-1.3786675977430005,0.10298461857648022
1,M->N,1787466257.0322733,31.15323533298215,60.6,-3.200942232858946,-1.3766426368309734,0.11300343609345018
1,M->N,1787466257.1043932,31.22535505797714,60.6,-3.1820660689415523,-1.3744232774292073,0.12366016038658784
1,M->N,1787466257.2442522,31.365214516001288,60.8,-3.1632171398059072,-1.3719997629492846,0.13479953417668042
1,M->N,1787466257.382079,31.50304151396267,60.9,-3.1443988355940724,-1.369362371206898,0.14652526202798616
1,M->N,1787466257.5202527,31.641214644012507,61.0,-3.1256149921812186,-1.3664998618604316,0.15884626508020164
1,M->N,1787466257.6574388,31.778400996001437,61.1,-3.106869708126947,-1.363401920327713,0.17173831284753266
1,M->N,1787466257.7946248,31.915588161966298,61.2,-3.0881678309702587,-1.3600589368309262,0.18514274300526742
1,M->N,1787466257.933384,32.05434597999556,61.3,-3.0695140296618337,-1.3564620897884576,0.19901852622703464
1,M->N,1787466257.9473314,32.06829354597721,61.3,-3.050913540535931,-1.352602402349736,0.2133983575105955
1,M->N,1787466257.9594846,32.08044636098202,61.4,-3.0323714609953503,-1.3484721352178,0.22820894520524274
1,M->N,1787466257.968799,32.08976053597871,61.4,-3.0138938961197717,-1.3440650695234746,0.24338489629020238
1,M->N,1787466257.9777372,32.0986989599769,61.4,-2.9954875962514365,-1.3393758368478048,0.2588912777000371
1,M->N,1787466257.9858778,32.106839297979604,61.4,-2.97716089664588,-1.3343981646335723,0.2752324856336676
1,M->N,1787466258.0594494,32.18041142798029,61.4,-2.9589298905257326,-1.329106544095967,0.2937352294045787
1,M->N,1787466258.1348834,32.25584566697944,61.4,-2.9408049350420207,-1.3234709779622813,0.31317808164782623
1,M->N,1787466258.2758274,32.39679012197303,61.6,-2.9227941180171677,-1.317480313360325,0.33299426194045106
1,M->N,1787466258.4144223,32.53538432699861,61.7,-2.9049051827338856,-1.3111316557283859,0.35294431593659775
1,M->N,1787466258.5515864,32.67254816298373,61.8,-2.8871442998850414,-1.3044259549622206,0.3727870696835058
1,M->N,1787466258.6278827,32.74884579196805,61.9,-2.869516957838121,-1.2973690938582174,0.39245056374641235
1,M->N,1787466258.6409237,32.76188542199088,61.9,-2.852028646027269,-1.289967506142239,0.41183611281362703
1,M->N,1787466258.7139103,32.83487259200774,61.9,-2.8346836445832757,-1.2822297513705427,0.4308289601671253
1,M->N,1787466258.8500834,32.971045829996,62.0,-2.8174468936543255,-1.2741820425484591,0.4433270257670873
1,M->N,1787466258.9873004,33.10826324200025,62.1,-2.800263789865557,-1.2659754885374963,0.44728502747654214
1,M->N,1787466259.124938,33.2459006709978,62.2,-2.783099506243036,-1.2577358708871067,0.4482182975887239
1,M->N,1787466259.139247,33.260209009982646,62.3,-2.7659535430027518,-1.2494705188406605,0.4508152694558294
1,M->N,1787466259.152113,33.273074508004356,62.3,-2.7488358192321143,-1.241154946329557,0.4543726020570624
1,M->N,1787466259.224164,33.34512602299219,62.3,-2.731752613030683,-1.2327739101991144,0.4587657083376898
1,M->N,1787466259.3614142,33.4823761919979,62.4,-2.714709797485181,-1.2243130275672676,0.4639283077863669
1,M->N,1787466259.4992325,33.620195234019775,62.6,-2.697792792372598,-1.2157956401409087,0.4696644540800066
1,M->N,1787466259.5153794,33.636341509991325,62.6,-2.683247036719871,-1.2084055143387484,0.4704809822668964
1,M->N,1787466259.52872,33.64968173799571,62.6,-2.6691898714018434,-1.2012088934569773,0.4796340166889145
1,M->N,1787466259.6650202,33.785982456989586,62.7,-2.6558320601495353,-1.1941000262511687,0.5040350995428006
1,M->N,1787466259.803137,33.92410020896932,62.8,-2.642523939301008,-1.1865735866641451,0.5297237431104094
1,M->N,1787466259.940439,34.06140212499304,62.9,-2.6289664745450927,-1.1784365856532315,0.5565551704417077
1,M->N,1787466260.0776238,34.198586601996794,63.0,-2.6151012297102487,-1.1695736744331666,0.5852451082553788
1,M->N,1787466260.096241,34.217202628962696,63.1,-2.6007110812394245,-1.1598190878910324,0.6090896518025617
1,M->N,1787466260.1065142,34.22747631097445,63.1,-2.585383811682648,-1.1489189757717009,0.6309196100967894
1,M->N,1787466260.115954,34.23691611998947,63.1,-2.570203654286761,-1.1376101540683847,0.6526672544941728
1,M->N,1787466260.2522273,34.373189984995406,63.2,-2.555150221279169,-1.1259588267191467,0.6649169483062967
1,M->N,1787466260.3952348,34.51619745400967,63.3,-2.540213296179926,-1.1141763365856407,0.6718298048955279
1,M->N,1787466260.5357673,34.65673044597497,63.4,-2.525353029716777,-1.1022940313004241,0.678149567261832
1,M->N,1787466260.61646,34.7374220819911,63.5,-2.5105647435799106,-1.090320280045185,0.6840316637112255
1,M->N,1787466260.6297467,34.75070833298378,63.5,-2.495844919080432,-1.0782609195466364,0.6896269867948044
1,M->N,1787466260.640927,34.76188831496984,63.5,-2.48119084012405,-1.066120646679413,0.6949366140012325
1,M->N,1787466260.7768588,34.89782129699597,63.6,-2.466599792269702,-1.053904037061234,0.6999910455149672
1,M->N,1787466260.9130836,35.03404647996649,63.7,-2.452068432659894,-1.0416146882469866,0.7047913723434052
1,M->N,1787466261.05068,35.17164188501192,63.8,-2.43758686384612,-1.0292537405654583,0.7092748619595897
1,M->N,1787466261.1285634,35.24952538200887,63.9,-2.4231850489341897,-1.0168246112315515,0.7162541030927053
1,M->N,1787466261.1440012,35.26496338599827,63.9,-2.4088792223445705,-1.0042874106478608,0.7244455401873796
1,M->N,1787466261.1574485,35.2784104970051,63.9,-2.394677960022279,-0.9916311628520189,0.73277900385004
1,M->N,1787466261.294032,35.41499440098414,64.0,-2.3805803464626067,-0.9788582876379244,0.7407783190537378
1,M->N,1787466261.369926,35.4908877289854,64.1,-2.3665827757914855,-0.9659750888064841,0.7484432291476335
1,M->N,1787466261.3835664,35.504528086981736,64.1,-2.3526807871193984,-0.9529868183010339,0.7555569843094052
1,M->N,1787466261.521783,35.642745869990904,64.2,-2.3388676438318923,-0.9399029853546258,0.762021685521045
1,M->N,1787466261.5973675,35.7183300210163,64.3,-2.325136372828637,-0.9267322158669229,0.7680630806993656
1,M->N,1787466261.6095226,35.730484972009435,64.3,-2.3114807550289553,-0.9134805452045113,0.7735768827367218
1,M->N,1787466261.7451236,35.866085538989864,64.4,-2.297893464831549,-0.9001558223203227,0.7784880748028342
1,M->N,1787466261.8824677,36.003430037002545,64.5,-2.2843669705924206,-0.8867665922929766,0.782801957792043
1,M->N,1787466262.0193288,36.14029195497278,64.6,-2.2708959833853766,-0.8733200544175845,0.7867633313061669
1,M->N,1787466262.0332634,36.15422511997167,64.7,-2.258385190566396,-0.8607354697979198,0.790801933098695
1,M->N,1787466262.1706767,36.2916396560031,64.7,-2.2485601231351047,-0.8507752427663584,0.7939024344202432
1,M->N,1787466262.3156736,36.43663544097217,64.8,-2.2399280309393137,-0.8419800411732403,0.7958343927469147
1,M->N,1787466264.0899384,38.21090003201971,66.3,-2.2277410503362725,-0.8390371131271082,0.004241853941722006
1,M->N,1787466264.2943938,38.41535686299903,66.4,-2.21757438831072,-0.8392047788149001,-0.03990851311875101
1,M->N,1787466264.5006006,38.62156304996461,66.6,-2.2066058195177303,-0.839801416497713,-0.07598694639313629
1,M->N,1787466264.5856788,38.70664130599471,66.7,-2.1954964029824953,-0.8408099150335794,-0.11282202782499709
1,M->N,1787466264.6032834,38.724245201970916,66.7,-2.1842886531834784,-0.842248132303644,-0.15063972980667892
1,M->N,1787466264.8085053,38.9294691819814,66.8,-2.1729506565514116,-0.8441453969561183,-0.18944719877289845
1,M->N,1787466264.8288682,38.949830227007624,66.9,-2.1614911605757614,-0.8465277083883959,-0.22919623667302133
1,M->N,1787466265.0352442,39.15620800800389,67.0,-2.149909875573691,-0.8494235744470353,-0.26979637122138106
1,M->N,1787466265.24535,39.366312320984434,67.2,-2.13823396196196,-0.8528553304299511,-0.31111062816431134
1,M->N,1787466265.3271706,39.448132492019795,67.3,-2.1270112070645366,-0.8566537628698403,-0.3469311941199747
1,M->N,1787466265.3440614,39.46502333396347,67.3,-2.1150224702929727,-0.8611739948655663,-0.38316701544552956
1,M->N,1787466265.5505037,39.671466182975564,67.4,-2.1029613969595347,-0.8662635086809317,-0.42437446240561705
1,M->N,1787466265.5712674,39.692229541018605,67.5,-2.09096065321632,-0.8719113675667548,-0.4592657973674301
1,M->N,1787466265.7148848,39.8358473390108,67.6,-2.0785843931929078,-0.8782109020838911,-0.4896730988118422
1,M->N,1787466265.9195,40.040462206990924,67.7,-2.0661330857980693,-0.8850929140065282,-0.5281868190216519
1,M->N,1787466266.1267984,40.24776139500318,67.9,-2.053578178142374,-0.8926951835396326,-0.568042320970991
1,M->N,1787466266.266595,40.38755745801609,68.0,-2.0451321378770984,-0.8982010198503432,-0.5942544498064519
1,M->N,1787466266.4037292,40.52469166496303,68.1,-2.036531692540215,-0.9041339543340726,-0.6199441725416021
1,M->N,1787466266.539784,40.66074657801073,68.2,-2.0277811966361523,-0.9105067406247549,-0.6450177262878174
1,M->N,1787466266.6783426,40.79930502199568,68.4,-2.0191103301066797,-0.9171572439808098,-0.6694179269360386
1,M->N,1787466266.691377,40.81233943498228,68.4,-2.0102664712569935,-0.9242875521104151,-0.693110747402561
1,M->N,1787466266.7040858,40.825048105965834,68.4,-2.001306990430088,-0.9318655220836559,-0.7160763242990112
1,M->N,1787466266.7183278,40.83928949199617,68.4,-1.9921935797124815,-0.9399378811078546,-0.7383067442764791
1,M->N,1787466266.7273135,40.848275340977125,68.4,-1.9827754452216317,-0.9486559089152211,-0.7597676314906656
1,M->N,1787466266.7350562,40.85601779498393,68.4,-1.9735413580649461,-0.9575763102701389,-0.7804404904966756
1,M->N,1787466268.7598374,42.88079999398906,70.0,-1.9653431345746197,-0.9637655625704938,-0.18638263741357383
1,M->N,1787466268.9113944,43.03235617198516,70.2,-1.9530712145235596,-0.9655041545676406,-0.10746896837137017
1,M->N,1787466268.9298325,43.05079414800275,70.2,-1.942806019964558,-0.9664693828721969,-0.07496898242403817
1,M->N,1787466269.1344323,43.25539442501031,70.3,-1.9321576474711242,-0.9671531421941615,-0.04597518751276198
1,M->N,1787466269.3444293,43.465391336008906,70.5,-1.9216238852074528,-0.9674952158451547,-0.014425379352597745
1,M->N,1787466269.4238672,43.54482884000754,70.6,-1.9109302753198887,-0.9675069546723316,0.017719740351435257
1,M->N,1787466269.4376125,43.558574026974384,70.6,-1.900071964787663,-0.9671667635119049,0.05103159972016995
1,M->N,1787466269.6409364,43.761898858007044,70.7,-1.8890711874062938,-0.9664443218552684,0.08570750346457329
1,M->N,1787466269.787379,43.90834113501478,70.9,-1.8779050026278628,-0.965314756757949,0.12182982585536412
1,M->N,1787466269.932009,44.05297065997729,71.0,-1.8665659903926222,-0.9637424382601826,0.15943422567585452
1,M->N,1787466269.948357,44.06931921001524,71.0,-1.8553027572889578,-0.9617412118737269,0.19855105227396383
1,M->N,1787466270.152878,44.27384080097545,71.1,-1.843572924214237,-0.959173918609195,0.2381046426889273
1,M->N,1787466270.361261,44.48222429899033,71.3,-1.8317770545384002,-0.9560897087271992,0.27727000955931524
1,M->N,1787466270.5053422,44.62630432198057,71.5,-1.819958513773665,-0.952508091550265,0.3142100894100141
1,M->N,1787466270.5843601,44.70532245701179,71.5,-1.8082095494768542,-0.9484974835595231,0.3450571094701204
1,M->N,1787466270.729065,44.85002767801052,71.7,-1.7959811549584608,-0.9438983951231529,0.37884366599906005
1,M->N,1787466270.8103466,44.93130867200671,71.7,-1.7835865805112223,-0.9386905348636243,0.4190566497635203
1,M->N,1787466271.0169766,45.13793923496269,71.8,-1.7710328928697625,-0.9328517064111904,0.45554571845685266
1,M->N,1787466271.0376534,45.15861603000667,71.9,-1.758448584613894,-0.9264130360092481,0.49311993790907527
1,M->N,1787466271.116214,45.2371760130045,71.9,-1.7452546464373997,-0.9193080261354011,0.5282193383273034
1,M->N,1787466271.321264,45.442226314975414,72.1,-1.7324360731568536,-0.9117795953112512,0.5547192119968216
1,M->N,1787466271.4603107,45.58127342397347,72.2,-1.7236510063950339,-0.9062544538572258,0.5730981225312504
1,M->N,1787466271.536343,45.65730560297379,72.3,-1.7148049172891875,-0.9004505143840356,0.5951132080081807
1,M->N,1787466271.5497825,45.670744796982035,72.3,-1.7059225292813054,-0.894312197395073,0.6184036909320025
1,M->N,1787466271.5609272,45.68188916600775,72.3,-1.6968909533999168,-0.8877482443689113,0.6418206407181128
1,M->N,1787466271.6968114,45.81777372100623,72.4,-1.6878052307929559,-0.8808106267886978,0.6648070979556997
1,M->N,1787466271.834151,45.95511354401242,72.5,-1.6786600327857597,-0.8735001183942434,0.6870770523506191
1,M->N,1787466271.9103754,46.03133711096598,72.6,-1.669146252415722,-0.8655488284803088,0.7084773047153937
1,M->N,1787466271.9231908,46.0441528329975,72.6,-1.659555297785306,-0.8571889609386967,0.7289151988402425
1,M->N,1787466271.9963672,46.11732955096522,72.6,-1.649874603817075,-0.8483986910015694,0.748362728910182
1,M->N,1787466272.1331491,46.254111304006074,72.7,-1.6412135533049466,-0.8402378042383507,0.7673175251376196
1,M->N,1787466272.2719393,46.392901860002894,72.9,-1.6315294066135282,-0.8307300321408793,0.7874318672548838
1,M->N,1787466272.411183,46.532145114964806,73.0,-1.6212268577183215,-0.8202201501155841,0.8062506425760168
1,M->N,1787466272.5481796,46.669141992984805,73.1,-1.6110568061605675,-0.8094405390128167,0.8261609150756689
1,M->N,1787466272.624713,46.745675201993436,73.2,-1.6003122426362721,-0.7975825853439913,0.8463602436498796
1,M->N,1787466272.642279,46.763240794010926,73.2,-1.5896257886372966,-0.7853033061942793,0.86640656627197
1,M->N,1787466272.6552138,46.77617581799859,73.2,-1.578280021483026,-0.7716905619150424,0.8895445258323292
1,M->N,1787466272.6649299,46.78589143400313,73.2,-1.5666277978719867,-0.7570738054666784,0.9072102485251292
1,M->N,1787466272.800973,46.921935227990616,73.3,-1.554974047752403,-0.7421082284685429,0.9084245145375117
1,M->N,1787466272.9382305,47.05919286899734,73.4,-1.5431775845689777,-0.7270974222639242,0.8973748578258088
1,M->N,1787466272.9509146,47.07187638001051,73.5,-1.5311977111181003,-0.712266687494882,0.8815406619671124
1,M->N,1787466273.0298522,47.150814634980634,73.6,-1.518965733237672,-0.6976298282513448,0.8649905809689176
1,M->N,1787466273.1080875,47.22904994699638,73.6,-1.5065208672531287,-0.6831749064891925,0.8522237391405237
1,M->N,1787466273.2457013,47.36666395998327,73.7,-1.4939297923271744,-0.6689357448664965,0.8399548509122369
1,M->N,1787466273.2612133,47.38217526796507,73.7,-1.4811550643118836,-0.6548028575889682,0.8294255379254468
1,M->N,1787466273.334576,47.455537381989416,73.8,-1.468262788563747,-0.6408101650728825,0.8219518523360542
1,M->N,1787466273.4734008,47.594363528012764,73.9,-1.4552363272424185,-0.6268928025676824,0.8126876706833991
1,M->N,1787466273.612187,47.73314925399609,74.0,-1.4421319574755533,-0.6131087888297753,0.8094190689024066
1,M->N,1787466273.6261947,47.747156797966454,74.0,-1.4289978968057906,-0.5993180032148129,0.8099721924249187
1,M->N,1787466273.638734,47.759695835004095,74.1,-1.415819713568902,-0.5854952676623947,0.807197182031863
1,M->N,1787466273.7750373,47.895999138010666,74.1,-1.402601316683204,-0.5717550344227685,0.8005535240643264
1,M->N,1787466273.9115589,48.0325212799944,74.2,-1.3892811462666357,-0.5581213553525342,0.7920893820370545
1,M->N,1787466274.0482385,48.16920166800264,74.3,-1.375848877828479,-0.544589075287824,0.7845397214626786
1,M->N,1787466274.1254964,48.246458949986845,74.5,-1.3623339965202659,-0.5311742073381643,0.7781166883005647
1,M->N,1787466274.1384206,48.259382389020175,74.5,-1.3488395319125894,-0.517885799252257,0.7776932031967921
1,M->N,1787466274.1494596,48.27042133099167,74.5,-1.3352632794037493,-0.5045276714352197,0.7764086692243941
1,M->N,1787466274.2264757,48.34743761597201,74.5,-1.3217766968235456,-0.49128889115638674,0.7760587918899986
1,M->N,1787466274.3021555,48.42311775096459,74.5,-1.3082106377259097,-0.4779193565734783,0.7813422493836725
1,M->N,1787466274.4402015,48.56116421200568,74.6,-1.2947472798322566,-0.4645115729222212,0.7856649217309359
1,M->N,1787466274.5797052,48.700668233970646,74.7,-1.281282164205639,-0.4510217452858851,0.7863375071045791
1,M->N,1787466274.71765,48.838612454012036,74.9,-1.267814063615929,-0.4375398602799865,0.7848791250729127
1,M->N,1787466274.8540828,48.97504473698791,75.0,-1.2543223779841368,-0.4240875072524974,0.78230495511735
1,M->N,1787466274.9914057,49.11236893601017,75.1,-1.2407984159243082,-0.4106790490345673,0.7792850685222095
1,M->N,1787466275.0671034,49.18806537397904,75.2,-1.228148460469935,-0.39818935792844495,0.7793261151038201
1,M->N,1787466275.0795343,49.20049676898634,75.2,-1.214759812325674,-0.3849272530350891,0.7818035712828709
1,M->N,1787466275.0905702,49.21153226599563,75.2,-1.2038498583981851,-0.3740728982305815,0.7847426361909832
1,M->N,1787466275.1005642,49.22152573300991,75.2,-1.1937446024785479,-0.3639641197181279,0.7863712436469675
1,M->N,1787466275.1714675,49.292430646019056,75.2,-1.1836518655903596,-0.3538512030378774,0.7855061830095971
1,M->N,1787466275.186435,49.3073976119631,75.3,-1.1735458919607644,-0.34375816538530224,0.7835882540186377
1,M->N,1787466275.324379,49.44534142798511,75.4,-1.1634682504518346,-0.3337159638616336,0.7842310158732051
1,M->N,1787466275.4000504,49.52101308997953,75.4,-1.1534970379362213,-0.3237358267463213,0.7876237842101522
1,M->N,1787466275.5393121,49.66027464700164,75.5,-1.1434205658237424,-0.3135965777753535,0.7891194351830586
1,M->N,1787466275.6781652,49.79912733001402,75.7,-1.1335267370579567,-0.3036182583999919,0.7911669638280487
1,M->N,1787466275.753503,49.874465355009306,75.7,-1.123541233657004,-0.29345376081354174,0.798882955826789
1,M->N,1787466275.7654035,49.88636498799315,75.8,-1.1135969349572155,-0.2831887806332154,0.8036621913372167
1,M->N,1787466275.904004,50.02496659499593,75.8,-1.1037540633286842,-0.2729444743807295,0.8085843731140521
1,M->N,1787466275.9784234,50.09938524896279,76.0,-1.0939278036431521,-0.2625927616382825,0.8151455092628842
1,M->N,1787466275.9908655,50.11182786797872,76.0,-1.0842683871203598,-0.2522604308814734,0.824670109814011
1,M->N,1787466276.1274493,50.24841135297902,76.0,-1.0747542988940662,-0.2418888301050537,0.8342791805564241
1,M->N,1787466276.2038994,50.32486123300623,76.1,-1.0651765043187178,-0.2311860553275704,0.8504235230095091
1,M->N,1787466276.2163656,50.337327639979776,76.1,-1.0557645875456112,-0.22032557340426454,0.864842682863999
1,M->N,1787466276.3524609,50.4734232010087,76.2,-1.0465363683574735,-0.20940970535524842,0.8733823813118543
1,M->N,1787466276.429063,50.550025879987516,76.3,-1.037325796498592,-0.1983300270871253,0.8833505793993167
1,M->N,1787466276.5038059,50.6247684279806,76.3,-1.028305599345646,-0.18725201238658323,0.8925905249690361
1,M->N,1787466276.6438558,50.76481799397152,76.4,-1.0194179336251121,-0.1761236809104253,0.9028690770860321
1,M->N,1787466276.7204225,50.84138422401156,76.6,-1.0106568368248305,-0.16488125076192706,0.9181353604643951
1,M->N,1787466276.7952409,50.91620368696749,76.6,-1.002105464498251,-0.1535166970956309,0.9354822996269536
1,M->N,1787466276.871383,50.992345185019076,76.7,-0.9936685684607985,-0.14196706659661595,0.9453425988092314
1,M->N,1787466277.00784,51.12880253297044,76.7,-0.98535670053265,-0.130337739206579,0.9581401916399364
1,M->N,1787466277.1453235,51.26628573797643,76.8,-0.9771910036596829,-0.11858799128735384,0.9696215372192747
1,M->N,1787466277.1617343,51.28269633796299,76.9,-0.9691401911589191,-0.10671833422092358,0.9822779589893667
1,M->N,1787466277.1734228,51.29438451497117,76.9,-0.9612148243108081,-0.09473449646487528,0.9935726993557241
1,M->N,1787466277.245888,51.36685024801409,76.9,-0.9534771063706915,-0.08270984894597742,1.0053074093393255
1,M->N,1787466277.3825321,51.503494395990856,77.0,-0.9457285091038979,-0.07031317247942884,1.0246353432827213
1,M->N,1787466277.396303,51.51726451801369,77.1,-0.9388008880175499,-0.0586632456024365,1.050825427824631
1,M->N,1787466277.4695263,51.59048874297878,77.1,-0.9334002568713661,-0.049030432935957574,1.0734530314187702
1,M->N,1787466277.6771588,51.79812105401652,77.3,-0.9264510887390225,-0.03590416302621936,1.0948567819465607
1,M->N,1787466277.8131883,51.93415044998983,77.4,-0.9218403010395673,-0.026847871185472102,1.1069586769524749
1,M->N,1787466277.9493706,52.0703328109812,77.5,-0.9172861089896098,-0.017637410262467512,1.1187031731769688
1,M->N,1787466278.0864465,52.207408874004614,77.6,-0.9128003537632767,-0.008272367649453815,1.1317763327557853
1,M->N,1787466278.1629953,52.28395724098664,77.7,-0.9083132635804388,0.001448868896930316,1.1500520555241986
1,M->N,1787466278.176095,52.29705665400252,77.7,-0.9040226251919704,0.011256666476578749,1.172347245399489
1,M->N,1787466278.1881413,52.309103495965246,77.7,-0.9000080552347681,0.02099310681844754,1.1897592009150317
1,M->N,1787466278.1988928,52.319854913977906,77.8,-0.8959710453810775,0.03122966455786901,1.2021747044069573
1,M->N,1787466278.3344662,52.45542816101806,77.8,-0.8919655815886209,0.04174071581169672,1.2139962926461816
1,M->N,1787466278.413357,52.534319305967074,77.9,-0.8880312508609555,0.05246426577803635,1.227168648919495
1,M->N,1787466278.4265141,52.547476325999014,77.9,-0.8841243501237268,0.06360362005882776,1.2456209398230116
1,M->N,1787466278.561999,52.6829610959976,78.0,-0.8804129901665471,0.07493447732362755,1.2677428477615587
1,M->N,1787466278.7023761,52.823338871996384,78.1,-0.8768828259502691,0.08650183287969701,1.2853329333597843
1,M->N,1787466278.839291,52.96025418298086,78.2,-0.8734525496998744,0.09841356209721576,1.297532082126367
1,M->N,1787466278.915314,53.03627622901695,78.3,-0.8698232662731972,0.11166213334995805,1.3123098301303564
1,M->N,1787466278.9271357,53.04809728998225,78.3,-0.865337706096531,0.12909313496598515,1.329502302288094
1,M->N,1787466278.999106,53.120068455988076,78.3,-0.860893359468755,0.14762035051146766,1.3435614531421143
1,M->N,1787466279.0126567,53.133618142979685,78.4,-0.856657987835845,0.1662045526632011,1.3498877022974067
1,M->N,1787466279.1488123,53.2697743360186,78.5,-0.8525427988348154,0.18478976234824765,1.357143989576156
1,M->N,1787466279.2858777,53.40684049896663,78.6,-0.8485802027644941,0.20338359065975428,1.366807272067439
1,M->N,1787466279.2988021,53.41976436297409,78.6,-0.8447918897889345,0.22195988350033852,1.375384556210729
1,M->N,1787466279.4357288,53.55669131700415,78.7,-0.8411560275117194,0.2409569868849112,1.3925934923772645
1,M->N,1787466279.5753813,53.69634382898221,78.8,-0.837897317792266,0.25972111002023107,1.4083826303321296
1,M->N,1787466279.713404,53.834366854978725,78.9,-0.8349070641126898,0.2785082659212522,1.4202904436903407
1,M->N,1787466279.850257,53.971219504019246,79.0,-0.8321376987468159,0.29731948309240913,1.431928863229901
1,M->N,1787466279.86389,53.98485179996351,79.1,-0.8295957972117469,0.31616215039490797,1.4450789511475375
1,M->N,1787466279.8759568,53.996918618970085,79.1,-0.8273027795129175,0.33530350423156957,1.4627234043029151
1,M->N,1787466279.950975,54.071936987980735,79.1,-0.8253583970290068,0.35423666225436096,1.4772666208799965
1,M->N,1787466280.0253816,54.14634425099939,79.1,-0.823663114955928,0.3731878825803815,1.4879333355978819
1,M->N,1787466280.161557,54.282519301981665,79.2,-0.8221544398665606,0.392151433521386,1.496818650165648
1,M->N,1787466280.23851,54.35947216296336,79.4,-0.8208071968357915,0.4111291191196876,1.5050031973035043
1,M->N,1787466280.3126233,54.433585837017745,79.4,-0.8196114392410571,0.4301176809991966,1.5128888035153427
1,M->N,1787466280.4501343,54.5710964279715,79.5,-0.8185686828857364,0.4491114006022392,1.5206957171319837
1,M->N,1787466280.5922585,54.7132208700059,79.6,-0.8176731901523621,0.4681103043970265,1.528465380971958
1,M->N,1787466280.7288058,54.84976806596387,79.7,-0.8169226521601023,0.4871139321010031,1.53623199238011
1,M->N,1787466280.865029,54.985991309979,79.8,-0.8163191446910526,0.506119761660389,1.544051891672807
1,M->N,1787466281.0033665,55.12432955496479,79.9,-0.8158673327875975,0.5251252448026178,1.551849872458117
1,M->N,1787466281.0170488,55.1380104959826,80.0,-0.8155704686086902,0.5442351416009971,1.5625864083907204
1,M->N,1787466281.0298378,55.150799944996834,80.0,-0.8155241658072788,0.5632424734840044,1.5782209995098533
1,M->N,1787466281.0412645,55.162226467975415,80.0,-0.8157739682449083,0.5822519584361354,1.593042748069445
1,M->N,1787466281.051469,55.17243055999279,80.0,-0.8162981117822153,0.6012536197885695,1.6076085460365503
1,M->N,1787466281.0604746,55.181436549988575,80.0,-0.817099665164477,0.6202446289861596,1.6220356013385544
1,M->N,1787466281.0682547,55.18921631097328,80.0,-0.8181760262779172,0.6392199216985173,1.6363192237645163
1,M->N,1787466281.2033794,55.32434202800505,80.1,-0.8195197802082029,0.6581918732860796,1.6502809398206983
1,M->N,1787466281.3415787,55.46254191896878,80.2,-0.8211763328620214,0.6772924896078085,1.6701152602520473
1,M->N,1787466281.420236,55.54119776497828,80.3,-0.8232078843507827,0.6961898800261784,1.690690608744493
1,M->N,1787466281.5566528,55.67761474096915,80.4,-0.8256096433720497,0.7150835705018406,1.7076758516265516
1,M->N,1787466281.697418,55.81838037900161,80.5,-0.8283222835444173,0.7340055458237219,1.7224549016219366
1,M->N,1787466281.8343513,55.955313561018556,80.6,-0.8313126375624762,0.7529616842709963,1.7351221801112695
1,M->N,1787466281.9162939,56.03725633700378,80.7,-0.8345335909226775,0.7719333565443146,1.7458178536766606
1,M->N,1787466281.9297082,56.05067018797854,80.7,-0.8379795500177387,0.790916036336988,1.7566661221895747
1,M->N,1787466281.9404478,56.06140951497946,80.7,-0.841523502416598,0.8095692510824408,1.7621337405969548
1,M->N,1787466282.076183,56.197145567974076,80.8,-0.8451913164949015,0.8282032105671877,1.769791360930409
1,M->N,1787466282.1517696,56.272732071985956,80.9,-0.8489938401088409,0.846816486251231,1.7775421953428185
1,M->N,1787466282.16441,56.285371995996684,80.9,-0.8529373938840483,0.8654532199262146,1.7824180635901166
1,M->N,1787466282.3004289,56.42139168799622,81.0,-0.8569890995542133,0.8840902655787324,1.7875148116469082
1,M->N,1787466282.4379542,56.5589169570012,81.1,-0.8610959528468247,0.9026562007415997,1.7914615445799564
1,M->N,1787466282.5131898,56.63415220496245,81.2,-0.8651989214058274,0.9210011609416402,1.7883034723003692
1,M->N,1787466282.6503794,56.7713415150065,81.3,-0.8692350564551858,0.9395494008631288,1.7806343317311262
1,M->N,1787466282.662609,56.7835714709945,81.3,-0.8731567095752474,0.9580931218132079,1.7788180984371214
1,M->N,1787466282.6758049,56.79676701000426,81.3,-0.8771074955838701,0.9766845874183484,1.783462766669667
1,M->N,1787466282.8119583,56.93292025697883,81.4,-0.8811411214718007,0.9952189782187048,1.7889499551186798
1,M->N,1787466282.9488068,57.06976905197371,81.5,-0.8853082673375812,1.0137346003820051,1.7969653029077237
1,M->N,1787466283.0886629,57.209624946000986,81.6,-0.8896188076155304,1.0322365896204213,1.8052517572039166
1,M->N,1787466283.2252958,57.346258173987735,81.7,-0.8940773790658753,1.0507288440267164,1.8106678695387406
1,M->N,1787466283.3635068,57.48446934396634,81.8,-0.898641691147369,1.0692067426338967,1.8161917590789334
1,M->N,1787466283.4397185,57.56068082601996,82.0,-0.9031855894555754,1.087483371742423,1.8108239848828909
1,M->N,1787466283.4512289,57.572190759005025,82.0,-0.9076355746919981,1.1058720313571717,1.8050596213379884
1,M->N,1787466283.4620275,57.582989746995736,82.0,-0.9120265692198338,1.124320436478222,1.8054200516325518
1,M->N,1787466283.4716926,57.592654081992805,82.0,-0.9164703025100148,1.1427694663783392,1.8103289010133687
1,M->N,1787466283.4808147,57.60177643800853,82.0,-0.9209908885606777,1.1612282724187644,1.8129958637032801
1,M->N,1787466283.616646,57.73760846396908,82.1,-0.925554489148273,1.1796673094574668,1.8144356681217144
1,M->N,1787466283.7533505,57.874312722007744,82.2,-0.9301281574100411,1.1981038671018778,1.8140036780793456
1,M->N,1787466283.8908327,58.011795344995335,82.3,-0.9347073081892197,1.2165155604736115,1.814521855571487
1,M->N,1787466283.9686508,58.08961286599515,82.4,-0.9392815976907147,1.2349641547988663,1.8143046096354223
1,M->N,1787466283.9814801,58.10244231997058,82.4,-0.9437764617344644,1.2532347511687678,1.8068825300835163
1,M->N,1787466283.9924796,58.11344135296531,82.4,-0.948119444477964,1.2717319505320885,1.7932294550716332
1,M->N,1787466284.128444,58.24940608401084,82.5,-0.952207362223658,1.2901480961728014,1.7844913526955606
1,M->N,1787466284.2648442,58.38580638897838,82.6,-0.95621513991315,1.3087300610678745,1.782920666937145
1,M->N,1787466284.2786171,58.39957863499876,82.6,-0.9602050482322008,1.3272795665161223,1.7831052067197446
1,M->N,1787466284.4152703,58.53623282298213,82.7,-0.9641918117691454,1.3458298447659853,1.782187413731957
1,M->N,1787466284.4913683,58.612329926982056,82.8,-0.9681481395694367,1.364379147689605,1.7791915733408972
1,M->N,1787466284.5043778,58.62533962196903,82.8,-0.9720514106861596,1.383060437387156,1.7735705703983515
1,M->N,1787466284.6404467,58.761409274011385,82.9,-0.9758627792634109,1.4017379541503459,1.768926965774259
1,M->N,1787466284.7778585,58.89882104296703,83.0,-0.9794576709169234,1.4201243494064861,1.755769753667797
1,M->N,1787466284.7923138,58.91327625798294,83.1,-0.9828667937065798,1.4388654685668991,1.7437320960085478
1,M->N,1787466284.9287653,59.049727773992345,83.1,-0.9860865215212865,1.457595644679071,1.738313266593337
1,M->N,1787466285.0681157,59.18907806900097,83.2,-0.9892498800074809,1.4763958689505137,1.7361571622694985
1,M->N,1787466285.206214,59.32717637298629,83.3,-0.9923615427695142,1.495171930988645,1.7346856958864776
1,M->N,1787466285.2230823,59.344044090015814,83.4,-0.9954497855502077,1.514004221461895,1.7312453116375262
1,M->N,1787466285.235437,59.35639861901291,83.4,-0.9984801903604852,1.532850256177573,1.7279895447481588
1,M->N,1787466285.307447,59.428408979962114,83.4,-1.0013663218836286,1.5515333488825764,1.7172379594733036
1,M->N,1787466285.4434178,59.56438071501907,83.5,-1.0040678143477826,1.5703577388800833,1.7072012407056771
1,M->N,1787466285.5807993,59.70176186499884,83.6,-1.0066079736346871,1.5891912315407457,1.7031846743580787
1,M->N,1787466285.719014,59.839976868010126,83.8,-1.009113297503335,1.6080374054712239,1.7034531822505143
1,M->N,1787466285.7328649,59.85382718400797,83.8,-1.0116297193103538,1.626949899915135,1.702792768772783
1,M->N,1787466285.7447345,59.865695968968794,83.8,-1.0141503492463784,1.6459026650174182,1.7025375218482253
1,M->N,1787466285.817978,59.938941058993805,83.8,-1.0166332715869417,1.6647351621815356,1.702013954038867
1,M->N,1787466285.9587092,60.079671253974084,83.9,-1.019149903960296,1.6837200484188444,1.701864199385769
1,M->N,1787466285.9701002,60.09106185298879,84.0,-1.0216188229368035,1.7025367254735857,1.7006698831772684
1,M->N,1787466286.0408561,60.16181808098918,84.0,-1.024093377054851,1.7215640603942308,1.6996899501134002
1,M->N,1787466286.1783314,60.299293488962576,84.1,-1.0264526166473296,1.7402171939300812,1.690259091223822
1,M->N,1787466286.315209,60.43617178197019,84.2,-1.0286672320896977,1.7591241341465456,1.682822111192048
1,M->N,1787466286.3908803,60.51184266799828,84.3,-1.0307603384768909,1.777966723064727,1.6811717831969413
1,M->N,1787466286.4676623,60.588624342984986,84.4,-1.032871766455863,1.797054430932642,1.6820241256350814
1,M->N,1787466286.480371,60.60133283800678,84.4,-1.0349863378985307,1.8159223761223313,1.681067759103321
1,M->N,1787466286.5535202,60.674482739996165,84.4,-1.0370680730512307,1.8347774509624302,1.6826955823702636
1,M->N,1787466286.6898685,60.81083055597264,84.5,-1.0391829609543515,1.853703920875188,1.6820575405197578
1,M->N,1787466286.8255289,60.94649085396668,84.7,-1.0413128964494034,1.8726563891324226,1.681303734984077
1,M->N,1787466286.8396358,60.96059824200347,84.7,-1.043388142271758,1.8914961857220378,1.6798658333062755
1,M->N,1787466286.8536587,60.97462060401449,84.7,-1.0454697373356243,1.910625569251202,1.6784971303169123
1,M->N,1787466286.9996998,61.12066199799301,84.8,-1.0474373543764057,1.9293310436230737,1.6696650483362854
1,M->N,1787466287.1380289,61.25899100996321,84.9,-1.049281765463681,1.9482105401810956,1.6627385804253831
1,M->N,1787466287.2762568,61.39721866301261,85.0,-1.0509839361786915,1.9670808023148632,1.6611425779247484
1,M->N,1787466287.4139066,61.534869993978646,85.1,-1.0526973061761185,1.9861936333289578,1.660502988905665
1,M->N,1787466287.4269347,61.547896733973175,85.2,-1.054393163497174,2.0049658998590965,1.6567944684849971
1,M->N,1787466287.5007255,61.62168801599182,85.2,-1.0559876976353244,2.0238668818161245,1.6561895509498494
1,M->N,1787466287.5776377,61.69859943800839,85.3,-1.057608629935756,2.0427411400424544,1.6554060575010936
1,M->N,1787466287.6546948,61.77565703401342,85.4,-1.059224873448931,2.0616281378085186,1.653622156369869
1,M->N,1787466287.7291322,61.850094978988636,85.4,-1.0607613030540506,2.08063850239365,1.651584272437073
1,M->N,1787466287.8015509,61.92251229501562,85.5,-1.062225461797275,2.099387420609533,1.6431462554941942
1,M->N,1787466287.9404833,62.06144611298805,85.6,-1.0635772686256522,2.118324719452714,1.6366905576608788
1,M->N,1787466287.9561255,62.07708716101479,85.6,-1.0647646917473812,2.1372622743667358,1.6344900821852824
1,M->N,1787466287.9677782,62.08873999398202,85.6,-1.0659767205271686,2.156208786813566,1.6342342188871908
1,M->N,1787466288.1041102,62.22507242299616,85.7,-1.0672315464310629,2.1751902961551255,1.6348893707467569
1,M->N,1787466288.2415805,62.362543102994096,85.8,-1.068395155305462,2.1942078923781607,1.6330216670898727
1,M->N,1787466288.3197322,62.44069371599471,85.9,-1.0696230541959422,2.213152469762027,1.6324177701049851
1,M->N,1787466288.4557428,62.57670497498475,86.0,-1.0707416486334456,2.2321324456731646,1.6325791928342497
1,M->N,1787466288.4703245,62.59128625696758,86.0,-1.0719378701694653,2.2512161560236574,1.6291479406300706
1,M->N,1787466288.482442,62.60340359096881,86.0,-1.073012199057729,2.270187874649655,1.6275710651540396
1,M->N,1787466288.6182919,62.73925424797926,86.1,-1.074082341013966,2.2891713879203333,1.6271980639321824
1,M->N,1787466288.7549627,62.8759246969712,86.2,-1.0752217754310842,2.30814424167121,1.6271452815407264
1,M->N,1787466288.8921988,63.013160945964046,86.3,-1.0762420311105034,2.3271245105016685,1.627059923952106
1,M->N,1787466288.9697154,63.09067727596266,86.4,-1.0772781800000892,2.346335190835643,1.6245987283522647
1,M->N,1787466288.9808898,63.10185149498284,86.4,-1.078272093613272,2.3652305708841013,1.614625095376022
1,M->N,1787466288.991454,63.1124155279831,86.4,-1.0790959303609555,2.3842157581542534,1.606979857507439
1,M->N,1787466289.1264381,63.24740043398924,86.5,-1.079713729229164,2.4032001992711582,1.6033222311125404
1,M->N,1787466289.264276,63.385237950016744,86.6,-1.0803043940208492,2.4222137879371326,1.6013092035606042
1,M->N,1787466289.4012644,63.52222697599791,86.7,-1.0809376745599841,2.4412440043452324,1.6000710638022224
1,M->N,1787466289.4146101,63.53557189297862,86.8,-1.0814486042789022,2.460275319276264,1.5990501517541593
1,M->N,1787466289.4261115,63.547073139983695,86.8,-1.08193763209919,2.479309292081711,1.5980814613229348
1,M->N,1787466289.498935,63.61989731597714,86.8,-1.0825409668326915,2.4983506766349213,1.5971364406651056
1,M->N,1787466289.6360865,63.75704857800156,86.9,-1.0830507487721608,2.51739930490678,1.5960670213238857
1,M->N,1787466289.7732286,63.89419074496254,87.0,-1.0834886452907924,2.5364463718182604,1.5949049204828905
1,M->N,1787466289.8489997,63.96996137901442,87.2,-1.0839643309442122,2.555493764128181,1.593690735732836
1,M->N,1787466289.8599937,63.98095503501827,87.2,-1.0843634001752624,2.5745453494722814,1.5924160280632635
1,M->N,1787466289.9343455,64.05530731996987,87.2,-1.0848441314587818,2.5936021951491406,1.5910677172870504
1,M->N,1787466290.0089386,64.12990082596662,87.2,-1.0851597042722865,2.612663831775356,1.5896286877448553
1,M->N,1787466290.148789,64.26975098100957,87.4,-1.0855544563297377,2.6317221799319475,1.5881442140114148
1,M->N,1787466290.285456,64.40641828201478,87.5,-1.0858923048039175,2.6507863148987467,1.5866281313091002
1,M->N,1787466290.298392,64.41935438499786,87.5,-1.0861473451049681,2.66985217534444,1.5850878627604594
1,M->N,1787466290.3098235,64.43078553501982,87.5,-1.0864518362849145,2.6889126741513203,1.5834997565450513
1,M->N,1787466290.444805,64.56576725299237,87.6,-1.086639974764744,2.707973194271454,1.5818532920792994
1,M->N,1787466290.5907671,64.71173016697867,87.7,-1.0868862333322449,2.7270351930455448,1.580157253288136
1,M->N,1787466290.7297008,64.85066352697322,87.8,-1.087077444269459,2.746102439679906,1.5784471735077712
1,M->N,1787466290.8054953,64.92645782401087,87.9,-1.0872411862594489,2.7651743771512884,1.5767313703168662
1,M->N,1787466290.8183246,64.93928667297587,87.9,-1.0872916530745107,2.784240206387793,1.5749611402412425
1,M->N,1787466290.8298576,64.95081900799414,87.9,-1.0873537346213829,2.8032982359952334,1.5731666107965363
1,M->N,1787466290.9663863,65.0873486759956,88.0,-1.0874184602136188,2.8223512467364174,1.5713052616838599
1,M->N,1787466291.0403938,65.16135516500799,88.1,-1.0874680797254905,2.841398975048026,1.569411580730943
1,M->N,1787466291.0476413,65.16860284097493,88.1,-1.0874284827648144,2.860443634864257,1.5675165151482209
1,M->N,1787466291.1825378,65.30349989497336,88.2,-1.0873433471369482,2.8794857096683844,1.5656326767329802
1,M->N,1787466291.3191943,65.44015648699133,88.3,-1.0872350766994574,2.898521733293401,1.5638081768083532
1,M->N,1787466291.4563768,65.57733901496977,88.4,-1.0871053424138584,2.9175529845977444,1.561978444959379
1,M->N,1787466291.4695008,65.59046230401145,88.5,-1.0869279170300492,2.9365776680155093,1.560187927133611
1,M->N,1787466291.6053343,65.72629661101382,88.5,-1.0867295190729007,2.9556025124547842,1.558470096551469
1,M->N,1787466291.7426505,65.86361302499427,88.6,-1.0864645070068881,2.9746268101023676,1.5567925765733055
1,M->N,1787466291.880891,66.00185380701441,88.7,-1.0862132076403697,2.9936471097682533,1.5551723737340692
1,M->N,1787466291.95674,66.07770161598455,88.9,-1.0858937699661773,3.012661215320449,1.5535660263264817
1,M->N,1787466291.9682584,66.08922012901166,88.9,-1.0855602019327533,3.0316687474132307,1.5520383007026126
1,M->N,1787466291.9804976,66.10145972296596,88.9,-1.0852011492728577,3.0506732765634816,1.550561198571224
1,M->N,1787466291.9898117,66.11077331699198,88.9,-1.0847912112548248,3.069676396258717,1.549153769795683
1,M->N,1787466292.061358,66.18232100701425,88.9,-1.0843883480816603,3.088675899144576,1.5478009867903957
1,M->N,1787466292.2006285,66.3215911819716,89.0,-1.0839391887653373,3.1076699246699726,1.5464731640347547
1,M->N,1787466292.3391836,66.46014680498047,89.1,-1.0834668378689953,3.1266576334156864,1.5451761464292437
1,M->N,1787466292.4768503,66.59781273599947,89.2,-1.082975925607055,3.145642693811999,1.5438829466672326
1,M->N,1787466292.490851,66.61181312700501,89.3,-1.0824547507924522,3.164627975307238,1.5425785864419594
1,M->N,1787466292.626947,66.74790890398435,89.3,-1.0819080791151796,3.183613895384709,1.541254242351985
1,M->N,1787466292.7638683,66.88483120599994,89.5,-1.0813351680128498,3.2025985311568115,1.5398765105217465
1,M->N,1787466292.776735,66.89769670198439,89.5,-1.0807419956884015,3.2215802166087797,1.5383787657630195
1,M->N,1787466292.788368,66.90932940796483,89.5,-1.0801171346536569,3.240558603792322,1.5367343814055505
1,M->N,1787466292.8609793,66.98194146697642,89.5,-1.0794540212426706,3.259541141987315,1.5347569140032231
1,M->N,1787466292.9977286,67.11869072099216,89.7,-1.0787559510990754,3.278520379319496,1.532509766060852
1,M->N,1787466293.1360862,67.25704840297112,89.8,-1.0780107973705317,3.2975022920570622,1.5298810298015026
1,M->N,1787466293.1501925,67.27115406596567,89.8,-1.0772132969716888,3.3164746328226227,1.5268737457211081
1,M->N,1787466293.1617877,67.28274929500185,89.8,-1.0763574209501297,3.3354464078837283,1.5234101104059772
1,M->N,1787466293.298274,67.4192367499927,89.9,-1.0754306538008247,3.3544070845028804,1.5194769514435948
1,M->N,1787466293.3748875,67.49584940896602,90.0,-1.0744269367296568,3.373361032966828,1.5152136928647073
1,M->N,1787466293.4500868,67.57104876998346,90.0,-1.0733422094160627,3.39230705635051,1.510672926058752
1,M->N,1787466293.588193,67.70915576501284,90.1,-1.072169375270613,3.411241950247736,1.5059062976977053
1,M->N,1787466293.7260876,67.84705010597827,90.2,-1.0709055258847053,3.430160621983929,1.5009581831194627
1,M->N,1787466293.8012674,67.92222954996396,90.4,-1.0695482776997776,3.449062534240011,1.495853457055716
1,M->N,1787466293.8135097,67.93447142397054,90.4,-1.0680946996235545,3.4679493464537985,1.4906008597698455
1,M->N,1787466293.9490983,68.07006017601816,90.4,-1.0665400585906784,3.486822374109102,1.4852311551246757
1,M->N,1787466294.024573,68.1455352199846,90.5,-1.0648838167595116,3.5056824609947896,1.479702754011388
1,M->N,1787466294.102078,68.22303996700794,90.6,-1.0631235002665438,3.5245273103469987,1.473933439317761
1,M->N,1787466294.2394493,68.36041196598671,90.7,-1.0612435505384004,3.5434436974537653,1.468119086063976
1,M->N,1787466294.3150508,68.43601258296985,90.8,-1.0592644373276812,3.5622678655965974,1.4622107769008694
1,M->N,1787466294.327714,68.44867562799482,90.8,-1.0571672513736152,3.5811848336298957,1.4572634235932649
1,M->N,1787466294.463494,68.58445686998311,90.9,-1.0549821049183414,3.5999882914052126,1.4512098458334353
1,M->N,1787466294.543473,68.66443617799086,91.0,-1.052679554249801,3.618906936180002,1.4469703417261535
1,M->N,1787466294.5577397,68.6787020539632,91.0,-1.0503045438894063,3.637687608326418,1.4410770134238344
1,M->N,1787466294.5676022,68.68856377498014,91.0,-1.0478116545570066,3.6566062412658966,1.4376915831267738
1,M->N,1787466294.6397026,68.76066426496254,91.0,-1.0452742007821398,3.6752752450566035,1.4319515915235856
1,M->N,1787466294.777021,68.89798369596247,91.1,-1.0427914477254183,3.6929126302664423,1.4300876889247205
1,M->N,1787466294.8532116,68.97417436499381,91.2,-1.0401427715263216,3.7115382563897823,1.4287995891606222
1,M->N,1787466294.9279432,69.04890536499443,91.2,-1.0374421013862698,3.730308326114896,1.4253938061298475
1,M->N,1787466295.064724,69.18568671698449,91.3,-1.034634264165274,3.7492029085289613,1.4206602671165727
1,M->N,1787466295.2053266,69.32628902298165,91.5,-1.0317746001339125,3.7679255181473033,1.4162695053311083
1,M->N,1787466295.3427246,69.46368705300847,91.6,-1.0287829537611992,3.7868351187342975,1.411415270734274
1,M->N,1787466295.480309,69.60127122001722,91.7,-1.0257586371724616,3.805529473565934,1.4076339186542832
1,M->N,1787466295.4945703,69.61553239397472,91.7,-1.022600837355413,3.8244707173853447,1.4035006931282124
1,M->N,1787466295.5065846,69.62754623801447,91.7,-1.0193942988676266,3.8436707841989257,1.4088210794712797
1,M->N,1787466295.5797362,69.700698532979,91.8,-1.0163251336231367,3.8625465984195064,1.4104988560216274
1,M->N,1787466295.7174866,69.83844885899452,91.9,-1.013272799816909,3.8812028630495656,1.4053391942078295
1,M->N,1787466295.8567307,69.9776942259632,92.0,-1.0100987735069926,3.9000009477599806,1.3981615202378415
1,M->N,1787466295.9958742,70.11683680396527,92.1,-1.0067720289332385,3.9187726878536684,1.3914664136345176
1,M->N,1787466296.0719037,70.19286651699804,92.2,-1.0033215427477953,3.9375817222879705,1.386082983527125
1,M->N,1787466296.0883508,70.20931272499729,92.2,-0.9997391011630038,3.9566617675239493,1.384285917186892
1,M->N,1787466296.0989203,70.21988250600407,92.2,-0.9964405358058682,3.9740369152061357,1.3820860704493203
1,M->N,1787466296.1076727,70.22863471601158,92.2,-0.993677570338608,3.988336236430121,1.3805813448892286
1,M->N,1787466296.2434702,70.36443289497402,92.3,-0.9908597272355408,4.003012275345046,1.3774138543182886
1,M->N,1787466296.3811889,70.50215111800935,92.4,-0.9878690381272278,4.018270230888997,1.3779224103101422
1,M->N,1787466296.5191002,70.64006284496281,92.5,-0.9850311694965135,4.032935155882343,1.3809656627409588
1,M->N,1787466296.5335698,70.6545319489669,92.6,-0.9823043586469828,4.047073747494108,1.3776211002531271
1,M->N,1787466296.5444567,70.6654187120148,92.6,-0.9794890145880472,4.061353051641063,1.37342504810994
1,M->N,1787466296.554844,70.6758055149694,92.6,-0.9765931334033252,4.075766147645302,1.3707807719099083
1,M->N,1787466296.691367,70.81232923700009,92.7,-0.973615710722478,4.090321718079018,1.3700388064269287
1,M->N,1787466296.828862,70.94982427399373,92.8,-0.970528114328193,4.105570300961097,1.3738331418736993
1,M->N,1787466296.8430343,70.96399683097843,92.8,-0.9676158501953563,4.120324309407157,1.3786393266049628
1,M->N,1787466296.9790306,71.09999297797913,92.9,-0.9647637584045788,4.134959446238333,1.3771621205109532
1,M->N,1787466297.1158323,71.23679530096706,93.0,-0.9619461891267284,4.149314616810232,1.3762877536949385
1,M->N,1787466297.2546186,71.37558148999233,93.1,-0.9590637967522542,4.163918545349769,1.3748127384314697
1,M->N,1787466297.330621,71.45158355298918,93.2,-0.9560302489021412,4.179207604226856,1.3773854874770954
1,M->N,1787466297.3436058,71.4645675959764,93.2,-0.9531825305241793,4.193870484559728,1.38168230138762
1,M->N,1787466297.3546903,71.47565236897208,93.2,-0.9503572787596269,4.208614435413707,1.380108011893026
1,M->N,1787466297.4910913,71.61205376096768,93.3,-0.9475708901076846,4.222933072272458,1.3793551337932621
1,M->N,1787466297.6276667,71.74862902797759,93.4,-0.9446827508825715,4.237999982270534,1.3805562166575551
1,M->N,1787466297.7641149,71.88507698796457,93.5,-0.9421896012124172,4.2508670126534565,1.382245442933446
1,M->N,1787466297.9006019,72.02156476996606,93.6,-0.9396186341131886,4.264453175652419,1.3834047393762092
1,M->N,1787466298.0378928,72.15885473496746,93.7,-0.9370814429775548,4.277758301753738,1.3827708406180472
1,M->N,1787466298.1746173,72.29558015696239,93.8,-0.9346230105357368,4.2906425071621195,1.3843027122946343
1,M->N,1787466298.1912158,72.31217753700912,93.9,-0.9320923422778981,4.304284086264159,1.3865013797836974
1,M->N,1787466298.2033846,72.32434678799473,93.9,-0.9296768114577852,4.317217738938002,1.3876198995440507
1,M->N,1787466298.2145,72.33546198299155,93.9,-0.9271343228647341,4.330910797091966,1.387513710912519
1,M->N,1787466298.2257257,72.34668757097097,93.9,-0.9246491741433676,4.344184386629283,1.3856590386637349
1,M->N,1787466298.299608,72.42056979198242,94.0,-0.9222371483557431,4.356998927267524,1.3855146335454631
1,M->N,1787466298.3739476,72.49491037201369,94.0,-0.9197470445274615,4.3704582267266945,1.3858541647914384
1,M->N,1787466298.5123773,72.633339907974,94.1,-0.9172621829152913,4.383671009920309,1.3868176433835293
1,M->N,1787466298.6495218,72.77048402297078,94.2,-0.9147711707163736,4.396918152802465,1.3828622118007274
1,M->N,1787466298.72474,72.84570253896527,94.3,-0.9123016814900923,4.409799041695038,1.3801947297695207
1,M->N,1787466298.8607323,72.98169433500152,94.4,-0.9096773758784567,4.4234577239685615,1.3793367245955397
1,M->N,1787466298.936343,73.05730559397489,94.5,-0.9070831125169858,4.436737101175493,1.3771144803221116
1,M->N,1787466299.0115232,73.13248575397301,94.5,-0.9045032656013662,4.449816187571907,1.3781698311017319
1,M->N,1787466299.1483076,73.26926958601689,94.6,-0.9019118672528141,4.462993879048949,1.3741374955563903
1,M->N,1787466299.2852015,73.40616426500492,94.7,-0.8993560412972725,4.475818516405337,1.3704698682626857
1,M->N,1787466299.4243968,73.54535932396539,94.8,-0.896581242194293,4.4893755876505885,1.3677536812684457
1,M->N,1787466299.4375694,73.55853164597647,94.9,-0.8941538899663392,4.501104429442971,1.366276439894976
1,M->N,1787466299.4490154,73.5699775450048,94.9,-0.8916866079674215,4.512861200955088,1.3592956743792735
1,M->N,1787466299.4593668,73.58032921596896,94.9,-0.8892511580742632,4.524168695303468,1.3526747762230544
1,M->N,1787466299.4690917,73.59005332301604,94.9,-0.8865470714676751,4.536173861206854,1.3477001408742462
1,M->N,1787466299.5432498,73.66421317897039,95.0,-0.8838880113143078,4.547795056885084,1.3412534756482342
1,M->N,1787466299.750876,73.87183928501327,95.1,-0.8811033508104432,4.5595013239058835,1.341595671735934
1,M->N,1787466300.023218,74.14418028300861,95.3,-0.8786256183677162,4.570322929234784,1.339251825298559
1,M->N,1787466300.0370002,74.1579620980192,95.4,-0.8761571645129915,4.580815566133765,1.335240261921256
1,M->N,1787466300.0490422,74.1700037799892,95.4,-0.8733640065009557,4.592508923530484,1.3407104786566764
1,M->N,1787466300.121919,74.24288085300941,95.4,-0.870627435860931,4.604313916725356,1.348778164808105
1,M->N,1787466300.1976566,74.31861892098095,95.5,-0.8679776974365101,4.616073925931911,1.3635322944854507
1,M->N,1787466300.3341956,74.45515896799043,95.6,-0.8656354766973765,4.627396756866071,1.3723611820441248
1,M->N,1787466300.473539,74.59450186300091,95.7,-0.8633382530396684,4.639015427619206,1.3758750570629084
1,M->N,1787466300.5492978,74.67025998298777,95.8,-0.8609840839864059,4.651231144363476,1.3813869970885138
1,M->N,1787466300.686173,74.80713551299414,95.9,-0.8587304241004746,4.6629792574496705,1.3859096542235838
1,M->N,1787466300.6993341,74.82029671501368,95.9,-0.8565658675329508,4.674658555214994,1.3933656606360745
1,M->N,1787466300.7112513,74.83221316401614,95.9,-0.8544572148279118,4.686502436797364,1.395789135776148
1,M->N,1787466300.8472712,74.96823395800311,96.0,-0.8524405758147744,4.6979454884739695,1.3979924639143908
1,M->N,1787466300.9844553,75.10541803698288,96.1,-0.8503545489674413,4.710002193187067,1.4002908522837012
1,M->N,1787466301.0600367,75.18099848896964,96.2,-0.8483198859326169,4.721792172511833,1.4025504334172707
1,M->N,1787466301.0725632,75.1935252379626,96.2,-0.8463345002073874,4.73350159442841,1.3993267501811468
1,M->N,1787466301.1452658,75.26622891996522,96.2,-0.8445693138154261,4.743590732958672,1.3959626771963327
1,M->N,1787466301.2829466,75.40390864596702,96.3,-0.8426487578938598,4.75425591321378,1.3936221175201295
1,M->N,1787466301.422389,75.54335123900091,96.5,-0.8408096578207487,4.764601285739342,1.389888118913751
1,M->N,1787466301.4978232,75.61878534400603,96.5,-0.8389456241525184,4.774617171698019,1.3866364763680818
1,M->N,1787466301.574034,75.6949962080107,96.6,-0.8369906555293377,4.785116245200381,1.3830114030007359
1,M->N,1787466301.5865648,75.70752664899919,96.6,-0.8349994818639959,4.795394375837542,1.3772601088594234
1,M->N,1787466301.661398,75.78236036497401,96.6,-0.8330076339670253,4.805567168930922,1.373323061334486
1,M->N,1787466301.80023,75.92119277501479,96.7,-0.8309014672403934,4.81579871010831,1.3649381096504671
1,M->N,1787466301.938084,76.05904656997882,96.9,-0.828798895108334,4.825721966915998,1.356632103103516
1,M->N,1787466302.075849,76.1968112839968,97.0,-0.8265705104116603,4.835923267272743,1.3466951522230137
1,M->N,1787466302.1528952,76.2738576720003,97.1,-0.8240484013802108,4.846719145992607,1.3395520554706584
1,M->N,1787466302.1660967,76.28705835400615,97.1,-0.8216397924401067,4.856906788566688,1.3333289929342358
1,M->N,1787466302.1772096,76.29817121301312,97.1,-0.8191133072854415,4.8671233372715506,1.3212650235228969
1,M->N,1787466302.2492566,76.37021933501819,97.1,-0.816415940125077,4.877560715964087,1.3076679977481598
1,M->N,1787466302.3863783,76.50734026898863,97.2,-0.8136767346555122,4.887444641535916,1.2966005242723173
1,M->N,1787466302.5252407,76.64620294701308,97.3,-0.8107146256517225,4.897942971058183,1.287044820454171
1,M->N,1787466302.6004965,76.72145857801661,97.4,-0.8076844173400758,4.908135335337084,1.2784927720600066
1,M->N,1787466302.6769204,76.79788240900962,97.5,-0.8045792752891031,4.9183093782117115,1.263225095601373
1,M->N,1787466302.8136697,76.93463176098885,97.6,-0.8011539492740353,4.928838333268656,1.24606397156691
1,M->N,1787466302.9504402,77.07140201400034,97.7,-0.7977083903550981,4.938904903870365,1.2327101532863112
1,M->N,1787466303.0256016,77.14656376896892,97.8,-0.7940600330810178,4.949101922862928,1.221759171923551
1,M->N,1787466303.0440943,77.1650557660032,97.8,-0.7889336004761424,4.962975265928647,1.2083185024161478
1,M->N,1787466303.054272,77.17523349501425,97.8,-0.7852748651511067,4.972411857407436,1.1913262376730716
1,M->N,1787466303.1928284,77.31379046401707,97.9,-0.779517451222965,4.986479418974803,1.1669056632700756
1,M->N,1787466303.3297122,77.45067462301813,98.0,-0.7755444609704427,4.995687364015542,1.1560538307799868
1,M->N,1787466303.4118648,77.53282717999537,98.1,-0.769244773755279,5.009604936859034,1.1329481382540558
1,M->N,1787466303.559658,77.68062026501866,98.2,-0.7627012851653594,5.023282115921786,1.1091164495522685
1,M->N,1787466303.5732503,77.69421220297227,98.2,-0.757760171219808,5.033065928882708,1.0922375294938946
1,M->N,1787466303.647484,77.76844584598439,98.3,-0.7524950043290143,5.0431016369884505,1.0835108165635357
1,M->N,1787466303.7221315,77.84309404500527,98.3,-0.7472269891976898,5.052844753705696,1.0711409721521623
1,M->N,1787466303.859604,77.9805661829887,98.4,-0.7419125756417737,5.062466096886761,1.050046808801983
1,M->N,1787466303.9351962,78.05615810700692,98.5,-0.7367324054364499,5.071289208805989,1.0293645157067772
1,M->N,1787466304.0719082,78.19287071301369,98.6,-0.7311340898945763,5.0804980710644205,1.0111011317409284
1,M->N,1787466304.1484945,78.26945673598675,98.7,-0.7255409441688001,5.089262040142044,0.9925222347969656
1,M->N,1787466304.2850912,78.40605318697635,98.8,-0.719589181014566,5.098271719997344,0.9794316439676409
1,M->N,1787466304.4222422,78.54320423898753,98.9,-0.7136725203702166,5.106958341255193,0.9654289051124462
1,M->N,1787466304.4377718,78.55873365100706,99.0,-0.7075760433516523,5.115654175454207,0.9455899770179201
1,M->N,1787466304.449065,78.57002639799612,99.0,-0.7006754418372805,5.125036356436601,0.9245969324524237
1,M->N,1787466304.5236888,78.64465029496932,99.0,-0.6933172050025793,5.134632842859687,0.9051343376910538
1,M->N,1787466304.5980556,78.71901757601881,99.0,-0.6857171427227114,5.144234871887443,0.8931044519489616
1,M->N,1787466304.67377,78.79473179701017,99.1,-0.6788677781441638,5.152649776767091,0.8811436874900868
1,M->N,1787466304.8104556,78.93141766899498,99.2,-0.671872839747609,5.160950041676621,0.8630833964209231
1,M->N,1787466304.9475043,79.0684662630083,99.3,-0.6641016599934533,5.169939468536863,0.845022611606954
1,M->N,1787466304.9609714,79.08193284098525,99.4,-0.6553364402741947,5.179730141945392,0.8290448839410369
1,M->N,1787466305.0371742,79.15813608298777,99.4,-0.6468644184098297,5.188860242084963,0.8140106420339367
1,M->N,1787466305.1116962,79.23265811300371,99.4,-0.6381224963280725,5.197942517757151,0.802688375515305
1,M->N,1787466305.2492387,79.37020076496992,99.6,-0.6297146059068472,5.206632060152393,0.7899336256998255
1,M->N,1787466305.2629209,79.3838828089647,99.6,-0.621510141244912,5.214777562921022,0.7731082393395035
1,M->N,1787466305.3367982,79.45776031300193,99.6,-0.6123679836868773,5.223607787055584,0.755602395042444
1,M->N,1787466305.476175,79.59713725798065,99.7,-0.6025295375874351,5.232741026138023,0.7400284745483743
1,M->N,1787466305.6179338,79.73889582400443,99.9,-0.5928251099607634,5.241578568863356,0.730750725111145
1,M->N,1787466305.694015,79.81497690599645,99.9,-0.5833215821940045,5.249998582292323,0.7195091885004835
1,M->N,1787466305.7074668,79.8284283989924,100.0,-0.5739410047092733,5.258057684012114,0.7037026272662699
1,M->N,1787466305.844018,79.96497984800953,100.1,-0.5638626796696269,5.266484705010453,0.6865102275136684
1,M->N,1787466305.9810047,80.10196698101936,100.2,-0.5534669085853136,5.274872729603203,0.6686927241993653
1,M->N,1787466306.0569417,80.1779038659879,100.3,-0.5422345691803092,5.2837554470746255,0.6533043260606458
1,M->N,1787466306.068875,80.18983664398547,100.3,-0.531432441767527,5.291868091419831,0.639256357989771
1,M->N,1787466306.0792255,80.20018708601128,100.3,-0.5207523565875949,5.299653738311084,0.6249577341122098
1,M->N,1787466306.1504955,80.27145747898612,100.3,-0.5100189370027233,5.307271634435239,0.6109285992783572
1,M->N,1787466306.2265007,80.34746283001732,100.4,-0.49794872136710167,5.315763177142918,0.5979161539003623
1,M->N,1787466306.3636084,80.4845709449728,100.5,-0.483324793815746,5.32559873206452,0.5855841998839988
1,M->N,1787466306.5011292,80.62209170497954,100.6,-0.4703226645320143,5.334110575181871,0.5722947256111268
1,M->N,1787466306.6406608,80.76162297400879,100.7,-0.4579031532527107,5.341967952983234,0.5600588329099309
1,M->N,1787466306.7169979,80.83795997098787,100.8,-0.4454955171156535,5.3496295246329115,0.5492557050447927
1,M->N,1787466306.7300758,80.85103760601487,100.8,-0.4328915752049728,5.357279600938834,0.5396591280603145
1,M->N,1787466306.7414699,80.8624315370107,100.9,-0.41725452634233046,5.366667240990683,0.5287779379559849
1,M->N,1787466306.815515,80.9364769749809,100.9,-0.40063004080749676,5.376279349687624,0.5181912458243401
1,M->N,1787466306.891224,81.01218619797146,100.9,-0.38402668737909557,5.3856098309848655,0.506698131136815
1,M->N,1787466306.9669828,81.08794459496858,101.0,-0.36726069590260696,5.394789096481726,0.497868705153754
1,M->N,1787466307.1039762,81.22493852197658,101.1,-0.35042981646570187,5.4038522048107405,0.4911991833904865
1,M->N,1787466307.2429216,81.36388336500386,101.2,-0.33356289585056875,5.412793858905327,0.48576068724176136
1,M->N,1787466307.3800914,81.50105331500527,101.3,-0.31665723041149346,5.421761471897001,0.48152257083295774
1,M->N,1787466307.3941853,81.5151469699922,101.4,-0.29975512818971856,5.430483907531806,0.473403560677521
1,M->N,1787466307.4060566,81.52701853698818,101.4,-0.28272176033198937,5.4391828356548295,0.4684816618838094
1,M->N,1787466307.416702,81.53766353300307,101.4,-0.266065929774878,5.44746642696807,0.457129229351453
1,M->N,1787466307.5525792,81.67354154697387,101.5,-0.24914272948461355,5.455665920195439,0.4443761154199147
1,M->N,1787466307.6912577,81.81221968500176,101.6,-0.2319314137561347,5.463856570250295,0.43978606000381354
1,M->N,1787466307.7047424,81.8257045049686,101.6,-0.21462796315041055,5.471947895771079,0.4401799185945565
1,M->N,1787466307.8411136,81.9620756629738,101.7,-0.19732860078729245,5.480141560386303,0.4427979918379279
1,M->N,1787466307.9171982,82.03816009196453,101.8,-0.1799890836371927,5.488394760524412,0.44461153981529766
1,M->N,1787466307.9916599,82.11262157896999,101.8,-0.1627370457612465,5.496673022542183,0.4469536525349713
1,M->N,1787466308.1285381,82.24950002599508,101.9,-0.14546676242739298,5.504915881211842,0.4497296806640342
1,M->N,1787466308.2034764,82.32443809200777,102.1,-0.12827636772538534,5.513214211388364,0.45193529341222766
1,M->N,1787466308.2770588,82.39802092901664,102.1,-0.11110882882789566,5.521592601667634,0.4543177270602045
1,M->N,1787466308.290233,82.41119470197009,102.1,-0.09396497171796334,5.529963897212956,0.45575075632128
1,M->N,1787466308.4257872,82.54674958001124,102.2,-0.07683199913416831,5.538441579494479,0.45989317046259826
1,M->N,1787466308.560618,82.68158072896767,102.3,-0.059756357186264084,5.546892323780332,0.45966272707025974
1,M->N,1787466308.6404486,82.76141032198211,102.4,-0.042650450500083995,5.5553871507703905,0.46228847075534146
1,M->N,1787466308.6524293,82.77339079801459,102.4,-0.025583803195185613,5.5638568144572105,0.46382507979068005
1,M->N,1787466308.7249818,82.84594369999832,102.4,-0.008894238797717903,5.572120402327723,0.4560192662105196
1,M->N,1787466308.8624291,82.98339129600208,102.5,0.008104522141267206,5.580470742898985,0.45130520368454075
1,M->N,1787466308.999292,83.12025474000257,102.6,0.025262513612258154,5.588783498022648,0.4527564650591326
1,M->N,1787466309.0742347,83.19519641500665,102.7,0.042440419649803544,5.597193851075746,0.45717153433719576
1,M->N,1787466309.1501637,83.27112548000878,102.8,0.05956252009035655,5.605642581052464,0.4604240765384044
1,M->N,1787466309.1625304,83.28349181701196,102.8,0.07649401279579245,5.614010180574098,0.461792851697913
1,M->N,1787466309.2351923,83.35615434398642,102.8,0.09320760641982169,5.622356438248778,0.46078159507133737
1,M->N,1787466309.3717117,83.49267369601876,103.0,0.11006861563341734,5.630641664626575,0.4546489948485087
1,M->N,1787466309.4479659,83.56892787001561,103.1,0.12715579752105668,5.638933259117474,0.450424703410662
1,M->N,1787466309.5232167,83.64417858899105,103.1,0.14433969148214068,5.647287187505414,0.45071769398770956
1,M->N,1787466309.5381448,83.65910632297164,103.1,0.16156312161999578,5.655643375815056,0.4517152838469607
1,M->N,1787466309.6772459,83.79820790799567,103.2,0.1787828865795194,5.663959396320811,0.4505038784534136
1,M->N,1787466309.7531838,83.87414563598577,103.3,0.19600815333054927,5.672210743513813,0.44898526680246464
1,M->N,1787466309.7664742,83.88743600901216,103.3,0.21323637243190782,5.680533811627601,0.44493133414075214
1,M->N,1787466309.9031088,84.02407095796661,103.4,0.2305277108734513,5.688724960342088,0.4428406605810241
1,M->N,1787466309.978856,84.09981841198169,103.5,0.24783137306472347,5.696921773670576,0.4368142984825615
1,M->N,1787466310.0547132,84.17567651200807,103.5,0.2652126031403558,5.704996526219958,0.43307495116944605
1,M->N,1787466310.1315782,84.25254004000453,103.6,0.28260044494502984,5.7129465927641,0.4246204033754095
1,M->N,1787466310.2692065,84.3901685649762,103.7,0.3000938409143077,5.720797350099238,0.4189413518155805
1,M->N,1787466310.344854,84.4658157940139,103.8,0.31730438593687815,5.728326325543812,0.4052592524386676
1,M->N,1787466310.3577926,84.4787545200088,103.8,0.3345519346739883,5.735534833844707,0.3877274188398505
1,M->N,1787466310.4946933,84.61565525596961,103.9,0.35220265203089984,5.742710285270933,0.3762130376448707
1,M->N,1787466310.6313872,84.75234928401187,104.0,0.36998554586849475,5.749644359826818,0.3690931782617064
1,M->N,1787466310.7092032,84.83016513899202,104.1,0.38779229473397137,5.75641324504379,0.362080953776293
1,M->N,1787466310.846636,84.96759809897048,104.2,0.4054955276621395,5.763087253670501,0.35364399730702706
1,M->N,1787466310.8611932,84.98215532198083,104.2,0.4231686416118878,5.769533042292512,0.34291813303034496
1,M->N,1787466310.8733351,84.99429678998422,104.2,0.44077190085303936,5.775657680884888,0.3300033859084415
1,M->N,1787466311.0093927,85.1303549229633,104.3,0.4586459999004826,5.781599222936372,0.3119420377334275
1,M->N,1787466311.1465726,85.26753453700803,104.4,0.47694399218235106,5.787464413201607,0.2965646689369667
1,M->N,1787466311.1598194,85.28078094898956,104.5,0.49534927824071484,5.792979045122115,0.2857104260218283
1,M->N,1787466311.2349317,85.35589373396942,104.5,0.5135502888232801,5.798229784282689,0.27363791938071136
1,M->N,1787466311.3092916,85.43025357101578,104.6,0.5321361183126508,5.803315141066121,0.26211404415548756
1,M->N,1787466311.446216,85.56717851298163,104.7,0.5499372079004721,5.807967308538688,0.2434630981134722
1,M->N,1787466311.4605367,85.58149851101916,104.7,0.5683423319729273,5.81241148531799,0.22210300522648868
1,M->N,1787466311.5349905,85.65595341299195,104.7,0.5868976856122217,5.816457774476283,0.20643479302205192
1,M->N,1787466311.6735125,85.79447483096737,104.8,0.6052307737101398,5.820194608166814,0.19166912017317142
1,M->N,1787466311.8139343,85.93489700596547,105.0,0.6239894912441654,5.823675420334423,0.17385008004788174
1,M->N,1787466311.951311,86.07227329700254,105.1,0.6426219461178259,5.826903043692535,0.15789795483074065
1,M->N,1787466311.9654634,86.08642514597159,105.1,0.661654981782772,5.829752290750637,0.14151931627229344
1,M->N,1787466311.9774113,86.09837303496897,105.2,0.6799894471848997,5.832202810096256,0.11898370637518689
1,M->N,1787466312.054969,86.17593136400683,105.2,0.6988779134588663,5.834302605058472,0.09485520137034041
1,M->N,1787466312.1929963,86.31395844597137,105.3,0.7180724602371883,5.83606898306704,0.07587686495608319
1,M->N,1787466312.3296943,86.45065644598799,105.4,0.7370438063833786,5.8373785766466915,0.057279039009970625
1,M->N,1787466312.4043612,86.52532322501065,105.5,0.7562339432480643,5.838275213762705,0.03935416008139814
1,M->N,1787466312.416653,86.53761451499304,105.5,0.7753836236525482,5.838841081421392,0.02094933475260146
1,M->N,1787466312.427791,86.54875291197095,105.5,0.7945190789243668,5.839195995903974,0.0014231145918266687
1,M->N,1787466312.5637484,86.68471150897676,105.6,0.8136218795186139,5.839133865721149,-0.019281232334999544
1,M->N,1787466312.700532,86.82149450201541,105.7,0.8326636465156164,5.838595521683824,-0.04134371648771308
1,M->N,1787466312.8402038,86.96116613596678,105.8,0.8516357465647333,5.8376529188452695,-0.06466690673325401
1,M->N,1787466312.8544288,86.9753902030061,105.9,0.8705439427055792,5.836246785745666,-0.08911762833623946
1,M->N,1787466312.8668325,86.98779409599956,105.9,0.8892956760292499,5.834383037195307,-0.11449098960627224
1,M->N,1787466312.8774574,86.99841909500537,105.9,0.9082301324379458,5.832106397636183,-0.13955424979687145
1,M->N,1787466313.0133348,87.13429671799531,105.9,0.9270618484908518,5.8293355825158715,-0.16489241306777042
1,M->N,1787466313.1509025,87.27186518796952,106.1,0.9458340598518349,5.826037661205222,-0.19002525515539886
1,M->N,1787466313.2894113,87.410373324994,106.2,0.9633787486826306,5.822493153786189,-0.21487430574899982
1,M->N,1787466313.3044596,87.42542139900615,106.2,0.9784697137150415,5.819071909388014,-0.2389044366494201
1,M->N,1787466313.378145,87.49910728598479,106.2,0.9935671801543936,5.8152457245136615,-0.26526821985011456
1,M->N,1787466313.5148244,87.6357867619954,106.3,1.0094245879962278,5.8107875653669065,-0.2903620976870222
1,M->N,1787466313.651769,87.77273108396912,106.4,1.0255242816775316,5.805809212479887,-0.31719823168923533
1,M->N,1787466313.7905118,87.91147393698338,106.6,1.0419290130905485,5.800262786718142,-0.34004823103808374
1,M->N,1787466313.927678,88.04864057700615,106.7,1.0593001296133548,5.793967424903499,-0.36016461568122
1,M->N,1787466313.9411118,88.06207348097814,106.7,1.0768746922335082,5.787170865725344,-0.38404893134687457
1,M->N,1787466313.9528894,88.07385130901821,106.8,1.0915213010479978,5.7811058885877875,-0.408286039576508
1,M->N,1787466313.9634962,88.08445794298314,106.8,1.105519260119463,5.774896903791847,-0.43371747677883526
1,M->N,1787466313.9719954,88.09295677900082,106.8,1.1195648303669994,5.768222552001538,-0.45982334062606733
1,M->N,1787466314.0426419,88.16360389697365,106.8,1.1339047033495953,5.760950913874093,-0.48528872110652693
1,M->N,1787466314.1798487,88.30081062897807,106.9,1.1490121748729762,5.752813284093059,-0.506750483830117
1,M->N,1787466314.3167357,88.4376979249646,107.0,1.1644749416384506,5.744097680292215,-0.5263343101497019
1,M->N,1787466314.453358,88.57431968598394,107.1,1.1802760454028618,5.734730144263546,-0.5476052212257047
1,M->N,1787466314.5900064,88.71096863999264,107.2,1.1965073927137877,5.724644958406797,-0.5701704779142376
1,M->N,1787466314.7234073,88.84436969400849,107.3,1.212443166391516,5.714216654744574,-0.5934853695057768
1,M->N,1787466314.8018115,88.92277314700186,107.5,1.2281826185180489,5.703426189442039,-0.6123085366876952
1,M->N,1787466314.8137996,88.93476115097292,107.5,1.2437129690549653,5.692354958632357,-0.6305656703874022
1,M->N,1787466314.8242407,88.94520240701968,107.5,1.2590488680753575,5.68101988437264,-0.6480537612908199
1,M->N,1787466314.833781,88.95474243996432,107.5,1.2741788244546204,5.669391314279176,-0.6642689310837224
1,M->N,1787466314.9056249,89.02658691600664,107.5,1.289151318790655,5.6575418232561345,-0.6791677560114456
1,M->N,1787466315.043039,89.16400153096765,107.6,1.3039416428702486,5.645457055555437,-0.6925854121617847
1,M->N,1787466315.1803656,89.30132743599825,107.7,1.3177129017998372,5.633926720585785,-0.7043844848441875
1,M->N,1787466315.2564125,89.37737457000185,107.8,1.3297721424960072,5.623567501886387,-0.7180167274994727
1,M->N,1787466315.3940256,89.51498738396913,107.9,1.338950584716257,5.615433532808829,-0.7375553425403618
1,M->N,1787466315.4694154,89.5903771109879,108.0,1.3475120701037087,5.607564080532447,-0.7558479644831899
1,M->N,1787466315.5440607,89.66502262401627,108.0,1.35668176163171,5.598785730572913,-0.7720580447207092
1,M->N,1787466315.6812797,89.80224212701432,108.1,1.365138822193735,5.590442453589802,-0.7888649236800254
1,M->N,1787466315.7600694,89.8810309569817,108.2,1.3742522797559693,5.581125317938278,-0.8030849979464386
1,M->N,1787466315.772811,89.89377273397986,108.2,1.3852243799930652,5.56954195914341,-0.8196255261098699
1,M->N,1787466315.7836337,89.9045951589942,108.2,1.3979997087905762,5.555675992488022,-0.8389885299404622
1,M->N,1787466315.918605,90.03956719301641,108.3,1.4104742309362328,5.541684253839244,-0.8522547925028595
1,M->N,1787466315.9941306,90.11509276099969,108.4,1.4227973408488421,5.527473181639461,-0.8585872820122421
1,M->N,1787466316.0064528,90.12741464399733,108.4,1.4349391579756494,5.513290309751938,-0.8640302157136824
1,M->N,1787466316.1428003,90.26376263599377,108.5,1.447211051720266,5.498882389465081,-0.8705400585238647
1,M->N,1787466316.280852,90.40181393700186,108.6,1.45737373839228,5.486730501605461,-0.8778875118795252
1,M->N,1787466316.4185998,90.53956220700638,108.7,1.468685603304108,5.472952134287,-0.8878397104254254
1,M->N,1787466316.5552082,90.67617047997192,108.8,1.4783145219173075,5.461034017937712,-0.8979796491057958
1,M->N,1787466316.5694342,90.69039593398338,108.9,1.4871415961568613,5.44990122602064,-0.9036256631720977
1,M->N,1787466316.58052,90.70148136897478,108.9,1.4960149963043643,5.4385024239466615,-0.9102670656110126
1,M->N,1787466316.5907164,90.71167809097096,108.9,1.504836273465733,5.427000479419523,-0.9177515587425664
1,M->N,1787466316.7283735,90.84933557600016,109.0,1.5134216394762052,5.415845054447283,-0.9281562401424778
1,M->N,1787466316.802739,90.92370098800166,109.0,1.5218911191505071,5.404323652596805,-0.9347143638994714
1,M->N,1787466316.9389648,91.05992712400621,109.1,1.5303476314683846,5.392728448604734,-0.9437549195759688
1,M->N,1787466317.0785067,91.19946884398814,109.2,1.5385059937513503,5.381367821282606,-0.959864946362987
1,M->N,1787466317.2171767,91.33813848998398,109.4,1.546793897914116,5.369433693145242,-0.9746755218806443
1,M->N,1787466317.2299647,91.35092664399417,109.4,1.554645309124923,5.357764961365351,-0.9812448322043035
1,M->N,1787466317.2435997,91.36456134996843,109.4,1.5625314360084517,5.345762719226169,-0.9882669001450711
1,M->N,1787466317.3179853,91.43894734297646,109.4,1.5703440249028042,5.333867077025671,-0.9952776329994475
1,M->N,1787466317.455505,91.57646752498113,109.5,1.5781029262242534,5.321835882001844,-1.0028241136323672
1,M->N,1787466317.5919774,91.71293958701426,109.7,1.5859375623482626,5.309392057804913,-1.0120745597607976
1,M->N,1787466317.6064584,91.7274199409876,109.7,1.5933439355230594,5.2974291325660445,-1.0293004628829527
1,M->N,1787466317.6196234,91.74058516096557,109.7,1.6007560159053955,5.285005410773711,-1.0455557210597148
1,M->N,1787466317.7545295,91.87549188401317,109.8,1.6079721852877618,5.272371278762384,-1.0544328305304125
1,M->N,1787466317.8931973,92.01415930199437,109.9,1.614935021636031,5.260037514200268,-1.0619416635453518
1,M->N,1787466317.9694684,92.09043014998315,110.0,1.6233287843404072,5.244678913498924,-1.068720409030017
1,M->N,1787466317.9825444,92.10350589797599,110.0,1.6319290305039884,5.228937793722497,-1.0801670857841075
1,M->N,1787466318.0554721,92.17643414798658,110.0,1.638807932928212,5.21599324877087,-1.0946841756024601
1,M->N,1787466318.1919944,92.3129567700089,110.1,1.6468800424435208,5.200109867551987,-1.1099198793010363
1,M->N,1787466318.3295274,92.45048925996525,110.3,1.6551864124434479,5.182920412898994,-1.1204259365930953
1,M->N,1787466318.404521,92.52548296598252,110.3,1.663539096167094,5.165421429442167,-1.1284389120526273
1,M->N,1787466318.5412867,92.6622490590089,110.4,1.6717739336386095,5.148234374071977,-1.141275484926714
1,M->N,1787466318.5545623,92.67552375601372,110.5,1.6797134986063396,5.130517357471472,-1.149998092300236
1,M->N,1787466318.5652862,92.68624793196796,110.5,1.6872968056442583,5.113311316769464,-1.1704375311781943
1,M->N,1787466318.637496,92.75845849298639,110.5,1.6944636003651408,5.09586063226171,-1.1888798107778065
1,M->N,1787466318.774754,92.89571642398369,110.6,1.7014750323392358,5.078163784878872,-1.19812045963249
1,M->N,1787466318.913189,93.03415067499736,110.7,1.7085140262014422,5.059860127088691,-1.204185867213388
1,M->N,1787466318.9884222,93.10938430699753,110.8,1.7154932381895933,5.041656868949325,-1.2095854935835086
1,M->N,1787466319.0639393,93.1849010619917,110.9,1.722214642669305,5.0239067552089125,-1.2194230300466962
1,M->N,1787466319.140502,93.26146379299462,111.0,1.7287225822853975,5.0058790031660765,-1.2287195197141172
1,M->N,1787466319.214307,93.33526901499135,111.0,1.734959224576931,4.987746687941061,-1.2419965177586911
1,M->N,1787466319.3515058,93.47246777301189,111.1,1.7411026426195626,4.969644463546917,-1.2579359776302665
1,M->N,1787466319.4270651,93.54802696499974,111.2,1.7469200878711888,4.951508341315222,-1.2684045947424953
1,M->N,1787466319.4405744,93.56153604498832,111.2,1.7525140469855947,4.933164211745637,-1.2721873911913046
1,M->N,1787466319.452288,93.57324966200395,111.2,1.758101775981369,4.914786907241272,-1.2739679960299233
1,M->N,1787466319.5881493,93.70911134500057,111.3,1.763643137659677,4.896728470017991,-1.2793103396702314
1,M->N,1787466319.726884,93.84784667700296,111.4,1.7690986601483212,4.8783867864512205,-1.287824923101177
1,M->N,1787466319.8662663,93.98722897801781,111.5,1.7743046352766765,4.860284038971429,-1.3000385203803393
1,M->N,1787466319.941415,94.06237751798471,111.6,1.779271944014699,4.841965715498336,-1.3072127264023305
1,M->N,1787466319.9537528,94.07471506600268,111.6,1.784203187364629,4.823486238687004,-1.3095451360005097
1,M->N,1787466319.9643333,94.08529562596232,111.6,1.7891793695593947,4.804777100566447,-1.3136928170730167
1,M->N,1787466320.0999324,94.22089499497088,111.7,1.7941351129121796,4.786131845918669,-1.3181757517420134
1,M->N,1787466320.2370942,94.35805694799637,111.8,1.798694300119093,4.768033730832613,-1.3280423458522435
1,M->N,1787466320.3735614,94.4945232779719,111.9,1.803207453824551,4.749590065369056,-1.3347942489082372
1,M->N,1787466320.5102239,94.63118607999058,112.0,1.8076435925000418,4.7309569182597055,-1.3353099652604978
1,M->N,1787466320.646036,94.76699858100619,112.1,1.8121676146047727,4.712247104657255,-1.3366800025090606
1,M->N,1787466320.7839649,94.90492756501772,112.2,1.8165099871000931,4.693978067902609,-1.3446999736322507
1,M->N,1787466320.9237995,95.04476160899503,112.3,1.8206818913373612,4.67547919288672,-1.3516479020715708
1,M->N,1787466320.9392252,95.06018689199118,112.4,1.8247509174937049,4.656891319747558,-1.3513043864499124
1,M->N,1787466320.9515023,95.07246401900193,112.4,1.828929401533109,4.638221979708169,-1.3492737359371187
1,M->N,1787466320.962208,95.08317036001245,112.4,1.833159306491578,4.619497586652112,-1.3508914744225704
1,M->N,1787466320.9722543,95.09321591001935,112.4,1.8373420155978946,4.600878228949776,-1.354795164372426
1,M->N,1787466320.980943,95.10190458397847,112.4,1.841419506316804,4.582178783329078,-1.3514249565065644
1,M->N,1787466320.9884071,95.10936851496808,112.4,1.8455223051153666,4.563585501498266,-1.3501255799208354
1,M->N,1787466321.1235251,95.24448734300677,112.5,1.849652929795787,4.544962984635296,-1.3542959904840166
1,M->N,1787466321.2609184,95.38188083097339,112.6,1.8537952830377962,4.526426420300047,-1.3608816658003577
1,M->N,1787466321.3361964,95.45715807401575,112.7,1.8577103731808517,4.507946405824205,-1.3613990929351059
1,M->N,1787466321.4727483,95.59371028700843,112.8,1.8609606283300093,4.492614923777333,-1.3579672794946889
1,M->N,1787466321.5481844,95.66914719599299,112.9,1.864129716859355,4.4779435601684,-1.3533759620960872
1,M->N,1787466321.5605328,95.68149432301288,112.9,1.8679078562070603,4.460870498748823,-1.350430167155821
1,M->N,1787466321.6988938,95.81985584599897,113.0,1.8720093886343503,4.44249125087072,-1.346379390827566
1,M->N,1787466321.8355436,95.95650562696392,113.1,1.8763863384972994,4.423872904837797,-1.3426939539691687
1,M->N,1787466321.9754436,96.09640612098156,113.2,1.880762916496132,4.405106316991575,-1.33726010766563
1,M->N,1787466322.0519114,96.17287346697412,113.3,1.8850625399648078,4.386953614242826,-1.3405347508991685
1,M->N,1787466322.065938,96.18689966399688,113.3,1.889340652123429,4.368481208910663,-1.3411387035295086
1,M->N,1787466322.076864,96.19782561296597,113.3,1.8936968976891715,4.350008552853302,-1.3334718241974226
1,M->N,1787466322.2132227,96.33418494201032,113.4,1.8982526240812627,4.331311585032219,-1.3255202547151212
1,M->N,1787466322.2900386,96.41100078000454,113.4,1.9030415949787742,4.3126801009881115,-1.3176157897372955
1,M->N,1787466322.4279718,96.54893419396831,113.6,1.9074903917237562,4.295733519302976,-1.3149355973827936
1,M->N,1787466322.5652134,96.68617586500477,113.7,1.9112074580842984,4.281554794654932,-1.313205325995841
1,M->N,1787466322.6403193,96.76128133398015,113.8,1.9149059740999368,4.267432294498788,-1.3049296988319175
1,M->N,1787466322.6519513,96.77291287097614,113.8,1.9187254782573806,4.253410556429564,-1.294816551909947
1,M->N,1787466322.6626742,96.78363583097234,113.8,1.9228573969407965,4.2392179995073995,-1.2853310897666275
1,M->N,1787466322.7984235,96.91938608296914,113.9,1.9270656820429461,4.224881289470231,-1.280514538050393
1,M->N,1787466322.9350288,97.05599084100686,114.0,1.9312991143971159,4.210896036505989,-1.2789683585125777
1,M->N,1787466323.0741863,97.19514834001893,114.1,1.9355353016363697,4.196905400635256,-1.2717189319315918
1,M->N,1787466323.149744,97.27070571196964,114.2,1.9398122825697766,4.182833832720255,-1.2579112244470043
1,M->N,1787466323.1612344,97.28219623601763,114.2,1.9444963225957859,4.168645993015807,-1.2438578063817403
1,M->N,1787466323.1718414,97.29280282801483,114.2,1.9493636221618533,4.154795387914908,-1.2341759659523155
1,M->N,1787466323.3074086,97.4283705399721,114.3,1.954302706119328,4.14063946053657,-1.2272694408065534
1,M->N,1787466323.4446468,97.565609311976,114.4,1.959269340166597,4.126866402783754,-1.2226881920346686
1,M->N,1787466323.581846,97.70280799700413,114.5,1.9637770511465702,4.11460206979785,-1.2125833390367586
1,M->N,1787466323.7187126,97.83967452001525,114.6,1.968572538072043,4.1019108315608,-1.2005974962467123
1,M->N,1787466323.8545644,97.97552649996942,114.7,1.973466000741724,4.089444431275189,-1.1874144932486141
1,M->N,1787466323.9300122,98.05097406997811,114.8,1.9784803435599765,4.0773776394617105,-1.1772237348104806
1,M->N,1787466323.9438016,98.06476347899297,114.8,1.9836120760361104,4.0650441861201845,-1.165754048715374
1,M->N,1787466323.9546363,98.07559776800917,114.8,1.9890108626299778,4.052380221498602,-1.1578733443633715
1,M->N,1787466323.9642756,98.08523733401671,114.8,1.9944131340107616,4.040209860590826,-1.1529215367618622
1,M->N,1787466324.042411,98.16337299597217,114.9,1.999936975332598,4.027947142335191,-1.1419508897737776
1,M->N,1787466324.1157,98.23666213999968,114.9,2.0057120875676056,4.015365849458261,-1.127333709466536
1,M->N,1787466324.2523324,98.3732944339863,115.0,2.011393361514926,4.003498195590125,-1.110817947810271
1,M->N,1787466324.3889394,98.50990132999141,115.1,2.0169129572011966,3.9927736796375672,-1.0982956726913937
1,M->N,1787466324.5252013,98.64616429200396,115.2,2.022572059718369,3.9816277941175606,-1.0889960106961296
1,M->N,1787466324.538995,98.65995657799067,115.3,2.0284748791327654,3.970444260026859,-1.0827717298176245
1,M->N,1787466324.676349,98.7973109500017,115.4,2.0344019195799605,3.959436459865455,-1.0710729700369912
1,M->N,1787466324.8144236,98.93538617301965,115.5,2.040721335930689,3.9478626167646347,-1.0562366755483736
1,M->N,1787466324.9514003,99.07236215297598,115.6,2.0471607411080495,3.936647448029877,-1.03974290668857
1,M->N,1787466325.0282114,99.1491732809809,115.7,2.0538631404499204,3.9254117507786783,-1.029686723981721
1,M->N,1787466325.040209,99.16117089701584,115.7,2.0607965886379076,3.9139707741321192,-1.0210238134493361
1,M->N,1787466325.0515847,99.17254638898885,115.7,2.0670394037598,3.903936639239095,-1.0076743210151662
1,M->N,1787466325.0616329,99.1825943759759,115.7,2.0737552437868785,3.8933211009471096,-0.9921636737725833
1,M->N,1787466325.196684,99.3176460179966,115.8,2.080515217523358,3.8831377417241604,-0.975606873804091
1,M->N,1787466325.3293996,99.45036165497731,115.9,2.0878570653530604,3.872370858622127,-0.9594635763883586
1,M->N,1787466325.4053352,99.52629704796709,116.0,2.0953330284231915,3.8619124412763974,-0.9510687023503148
1,M->N,1787466325.4184453,99.53940714697819,116.0,2.1026730032824803,3.851648920835331,-0.9432740169617749
1,M->N,1787466325.4917061,99.61266798101133,116.0,2.110223965360892,3.84140480184469,-0.931041720877159
1,M->N,1787466325.6283855,99.74934763100464,116.1,2.1176546992962693,3.831429759860525,-0.9155207236191616
1,M->N,1787466325.7651787,99.88614086498274,116.2,2.125306529594168,3.8217428382795866,-0.8992582948842499
1,M->N,1787466325.9031837,100.02414580801269,116.4,2.133590089475531,3.8113555358002364,-0.8849606330684292
1,M->N,1787466325.9178479,100.03880961897084,116.4,2.141756470325152,3.801479112284141,-0.8714349717908824
1,M->N,1787466325.9295554,100.05051716300659,116.4,2.149815630914395,3.791975275622863,-0.8625533185238708
1,M->N,1787466326.0028644,100.12382689199876,116.4,2.1580938848773394,3.782445824188292,-0.8521542794673229
1,M->N,1787466326.1423025,100.26326471299399,116.5,2.1668949502094472,3.77231242866838,-0.8373454480272394
1,M->N,1787466326.2793136,100.4002762119635,116.7,2.17606364489555,3.762089059907425,-0.8223661430872506
1,M->N,1787466326.4168656,100.53782836301252,116.8,2.184561628733261,3.7530835867877865,-0.8079143935020262
1,M->N,1787466326.429939,100.55090099701192,116.8,2.1934343520189046,3.744231114133702,-0.7947343496843599
1,M->N,1787466326.4413414,100.5623028909904,116.8,2.2028802293932914,3.734704508647647,-0.7825864180141759
1,M->N,1787466326.5142758,100.63523808401078,116.8,2.2127873165983547,3.724520308534106,-0.7732816428531533
1,M->N,1787466326.6517417,100.77270364697324,117.0,2.222166632963091,3.715424739153142,-0.7668144293670979
1,M->N,1787466326.6619108,100.78287232399452,117.0,2.231261306108432,3.706855625574606,-0.7572570977685809
1,M->N,1787466326.7324657,100.85342770197894,117.0,2.240762714234887,3.6982234344847127,-0.7448827455703564
1,M->N,1787466326.8700237,100.99098638800206,117.1,2.249866280169964,3.6898014599470623,-0.7334794646082545
1,M->N,1787466327.0080788,101.12904095597332,117.3,2.259932061991862,3.680499217528909,-0.7230137077193951
1,M->N,1787466327.1466866,101.26764848496532,117.4,2.2698066912369628,3.671842034799275,-0.7148131106316254
1,M->N,1787466327.2234063,101.3443681600038,117.5,2.279718348670997,3.6633021342944625,-0.7056387069827583
1,M->N,1787466327.2356303,101.35659204400145,117.5,2.289703916820502,3.6548598239335917,-0.6958075436499753
1,M->N,1787466327.3727546,101.4937167710159,117.6,2.2998610670921993,3.646805916672729,-0.6858807842903772
1,M->N,1787466327.4483984,101.56936016998952,117.6,2.3101825499107167,3.638432655597076,-0.6795135359977902
1,M->N,1787466327.462785,101.58374691597419,117.7,2.3211002043111963,3.6292605462330303,-0.6751426316349297
1,M->N,1787466327.5370104,101.65797228197334,117.7,2.3320030108567633,3.620565578835978,-0.6694849882895629
1,M->N,1787466327.6113033,101.73226537398295,117.7,2.3429644078957925,3.6120741947317083,-0.6627272702228002
1,M->N,1787466327.7484777,101.86944001098163,117.9,2.353931692783652,3.6038643970275417,-0.6550169766631757
1,M->N,1787466327.885173,102.00613584596431,118.0,2.3647894091250605,3.595564944339612,-0.6472823431949316
1,M->N,1787466327.8995116,102.0204732780112,118.0,2.375262930458837,3.587275238366036,-0.6396206728703525
1,M->N,1787466327.9120996,102.03306106396485,118.0,2.387365148700996,3.578326253845417,-0.632948667610149
1,M->N,1787466328.0479724,102.16893446596805,118.1,2.402521260431383,3.567280437320819,-0.626589132476161
1,M->N,1787466328.1882334,102.30919598601758,118.2,2.417947401785592,3.556145954874226,-0.6226889182009284
1,M->N,1787466328.2645125,102.38547430100152,118.3,2.4335208412558083,3.545423293428887,-0.620588844724922
1,M->N,1787466328.2763228,102.39728455996374,118.3,2.4489300457126064,3.5344154008946305,-0.6197090147724487
1,M->N,1787466328.3495443,102.47050626698183,118.3,2.464170824599605,3.5234810357427064,-0.6168478141658871
1,M->N,1787466328.4854214,102.60638275899692,118.4,2.479518068741173,3.5122791095254335,-0.6139318805207382
1,M->N,1787466328.6168542,102.73781656200299,118.5,2.4951072668179806,3.5013743890139364,-0.6129970538489246
1,M->N,1787466328.7549841,102.87594675598666,118.7,2.5107439615489358,3.490728063561855,-0.6127881707982996
1,M->N,1787466328.7679641,102.88892594596837,118.7,2.5262514975473205,3.4798373537217735,-0.613231788875645
1,M->N,1787466328.7788022,102.8997635539854,118.7,2.541968801301773,3.468766749530222,-0.6127254573895351
1,M->N,1787466328.8514912,102.9724542539916,118.8,2.55722659998664,3.4576301305066504,-0.6105713672180181
1,M->N,1787466328.9897234,103.110685585998,118.9,2.572828247338412,3.446714514446284,-0.6099183846176085
1,M->N,1787466329.128848,103.24981091200607,119.0,2.5884389948799122,3.4359198312527615,-0.6098888514152145
1,M->N,1787466329.2051077,103.32606952596689,119.1,2.6040565263578093,3.425332500256329,-0.6098130474660611
1,M->N,1787466329.2163522,103.33731401601108,119.1,2.61957752640061,3.414481569867093,-0.6101556209139335
1,M->N,1787466329.2271512,103.34811274998356,119.1,2.635481222883145,3.403353510913452,-0.6091571317396888
1,M->N,1787466329.3638995,103.48486165399663,119.2,2.650999491891558,3.392170954957661,-0.603728547359876
1,M->N,1787466329.500585,103.62154687201837,119.3,2.6667660326509695,3.381449619577827,-0.6007738772812672
1,M->N,1787466329.6379905,103.75895282300189,119.4,2.6830799934720235,3.370613632357467,-0.595569810878849
1,M->N,1787466329.7146425,103.83560451399535,119.5,2.6989600373519513,3.3599070288340855,-0.5901348935439718
1,M->N,1787466329.726861,103.84782273200108,119.5,2.714737310950749,3.349368639332795,-0.5880942636678692
1,M->N,1787466329.7373414,103.85830296698259,119.5,2.730370541650613,3.33892433347513,-0.5879491819488585
1,M->N,1787466329.873696,103.99465811700793,119.6,2.7461373707977943,3.328436782026162,-0.5875869688634775
1,M->N,1787466330.0110338,104.13199618697399,119.7,2.761847237478874,3.3179871386576387,-0.5871358556360383
1,M->N,1787466330.0881774,104.20913931296673,119.8,2.7776022890097516,3.3074987494450148,-0.588027311666724
1,M->N,1787466330.1008496,104.22181124601047,119.8,2.793340038466023,3.296993279727861,-0.5895611219310093
1,M->N,1787466330.173635,104.29459740797756,119.9,2.8090518431969898,3.2864594834689256,-0.5912914372292896
1,M->N,1787466330.3102293,104.43119121500058,120.0,2.8249638094456633,3.275777132413834,-0.5919794160277951
1,M->N,1787466330.4465425,104.56750477600144,120.1,2.840752598240615,3.2651667384256955,-0.5901006118619798
1,M->N,1787466330.4597979,104.58075944700977,120.1,2.8565323610771025,3.2546174683129876,-0.5877913430793328
1,M->N,1787466330.4720588,104.59302058198955,120.2,2.87230300722712,3.2441221074484923,-0.5875786128013516
1,M->N,1787466330.6101713,104.7311337729916,120.2,2.8880521806131685,3.233620401743664,-0.5883264410630732
1,M->N,1787466330.7474694,104.86843138397671,120.3,2.9037931390293417,3.22312074933779,-0.5894689503547482
1,M->N,1787466330.8235781,104.94454025500454,120.4,2.9195075424276484,3.2125935779556443,-0.5907131722158429
1,M->N,1787466330.837283,104.9582443810068,120.5,2.935303283863542,3.2020071471813893,-0.5900797918170496
1,M->N,1787466330.9103148,105.03127661097096,120.5,2.951081248144211,3.191461401518219,-0.5875993336608866
1,M->N,1787466330.9867413,105.10770376899745,120.5,2.9668401156549464,3.1809608033514425,-0.5871310710882511
1,M->N,1787466331.12514,105.24610264902003,120.6,2.9825990448313813,3.170487924198337,-0.5875325522092868
1,M->N,1787466331.2654142,105.38637653901242,120.8,2.9983381771939843,3.1599972528046165,-0.5882374198289864
1,M->N,1787466331.2791502,105.40011203597533,120.8,3.0141791116862566,3.1494100328375265,-0.586808953596729
1,M->N,1787466331.2906816,105.4116433429881,120.8,3.0300212176407992,3.138929763104621,-0.5831821914532509
1,M->N,1787466331.426239,105.54720112099312,120.9,3.0458396230714095,3.1285128639631585,-0.5818558230006602
1,M->N,1787466331.5006518,105.62161371600814,120.9,3.0616328815390648,3.1181059347562092,-0.5814785049610275
1,M->N,1787466331.6375518,105.75851381401299,121.1,3.0775967481874447,3.1076458187789426,-0.5789213302451052
1,M->N,1787466331.650613,105.77157458500005,121.1,3.0935154322433664,3.097287953353495,-0.5740382115667971
1,M->N,1787466331.723753,105.84471507597482,121.1,3.1094070268102296,3.0870135701623336,-0.571915460669794
1,M->N,1787466331.86088,105.9818417399656,121.2,3.1254987178048768,3.076687327537067,-0.5681108717622169
1,M->N,1787466331.9976246,106.11858683999162,121.3,3.1415320756592826,3.0665112543482707,-0.5620117034277505
1,M->N,1787466332.073844,106.19480644498253,121.4,3.157551724007055,3.056453854875268,-0.5592155931007379
1,M->N,1787466332.1527202,106.2736818639678,121.5,3.1738257985273757,3.0463017739239677,-0.5545251531673336
1,M->N,1787466332.1636672,106.28462885000044,121.5,3.19043239997203,3.0361173569387874,-0.5401175293617382
1,M->N,1787466332.2383375,106.35929946397664,121.5,3.206804648871504,3.0264306795987777,-0.5294500574540378
1,M->N,1787466332.3750803,106.4960426450125,121.6,3.2231438463481616,3.016890862342748,-0.5247430715560515
1,M->N,1787466332.5160732,106.63703530200291,121.8,3.239460716403509,3.007493879417806,-0.522255979416575
1,M->N,1787466332.5302086,106.65117032598937,121.8,3.255862943119491,2.9980560854633778,-0.5190194522425825
1,M->N,1787466332.541389,106.66235047898954,121.8,3.272317957716687,2.988695731852608,-0.5143621546549756
1,M->N,1787466332.6775727,106.79853446298512,121.9,3.2888186096672287,2.9794119573751807,-0.5095036419644156
1,M->N,1787466332.8139315,106.93489349499578,122.0,3.30531701731552,2.9702481266490546,-0.5039070644371323
1,M->N,1787466332.9505253,107.07148747198517,122.1,3.321950831495485,2.961148572356605,-0.4958329593405383
1,M->N,1787466333.0878882,107.20884998200927,122.2,3.338713000050893,2.952132007567475,-0.4874980044678604
1,M->N,1787466333.1015275,107.22248944896273,122.3,3.355448591069402,2.943345259250989,-0.4783629329791684
1,M->N,1787466333.1751726,107.29613453301135,122.3,3.3724479611197364,2.9346284556223736,-0.4665693619438976
1,M->N,1787466333.1899197,107.31088133499725,122.4,3.3893268767472033,2.9261986454529576,-0.458182609441334
1,M->N,1787466333.325644,107.44660699198721,122.4,3.4065124329252545,2.917820949143994,-0.4455411940612005
1,M->N,1787466333.4633305,107.5842926739715,122.5,3.4238740178872455,2.9096238361757014,-0.43312008135431923
1,M->N,1787466333.4772367,107.5981982210069,122.6,3.441532781872187,2.901621044048052,-0.41265947205471304
1,M->N,1787466333.4889007,107.6098622379941,122.6,3.4591164865866357,2.89406558652527,-0.39602928599803267
1,M->N,1787466333.5619547,107.68291713896906,122.6,3.4765363583487465,2.8868718837725877,-0.3859466510625148
1,M->N,1787466333.6993513,107.82031370798359,122.7,3.494102170406744,2.8798011495101554,-0.3775869818112552
1,M->N,1787466333.8380537,107.95901545096422,122.8,3.511768999390878,2.87286718254977,-0.3685080107881125
1,M->N,1787466333.914574,108.03553594299592,122.9,3.529553344596683,2.86608208266323,-0.35776921030828623
1,M->N,1787466333.991254,108.11221574997762,123.0,3.5474934091045007,2.8594491190278877,-0.3475286110982941
1,M->N,1787466334.0047073,108.12566922401311,123.0,3.565357764563562,2.853094302022559,-0.3326154092911945
1,M->N,1787466334.078732,108.19969433301594,123.0,3.5831797722119307,2.847019638711118,-0.32278838541327787
1,M->N,1787466334.22001,108.34097250597551,123.2,3.601173687874871,2.841092836276124,-0.31034850157707533
1,M->N,1787466334.3578238,108.47878589300672,123.3,3.619295763197923,2.8353638624451314,-0.2983739120062394
1,M->N,1787466334.3718112,108.49277281598188,123.3,3.6373474183426935,2.8299122831613803,-0.2859003695541723
1,M->N,1787466334.383608,108.50456966500496,123.3,3.6556891204225073,2.824599434501665,-0.2740309196476392
1,M->N,1787466334.5192366,108.64019881101558,123.4,3.674486287602286,2.8194742776633888,-0.2523090635719482
1,M->N,1787466334.5945852,108.71554686501622,123.5,3.693048408087847,2.8148300737721015,-0.23453065739808654
1,M->N,1787466334.6067162,108.72767778497655,123.5,3.7114256475883334,2.8105251511546645,-0.2239554160081828
1,M->N,1787466334.7428644,108.86382727400633,123.6,3.729883472191259,2.8063791184422024,-0.2159702110163969
1,M->N,1787466334.819761,108.94072375399992,123.6,3.7484553969655883,2.802364424193367,-0.20736522335361335
1,M->N,1787466334.9562278,109.07718997698976,123.7,3.7669344170273766,2.798539649671032,-0.1990774416590374
1,M->N,1787466335.0932496,109.21421142900363,123.8,3.7856390215235405,2.794838790408461,-0.18897078182897534
1,M->N,1787466335.2328568,109.35381892300211,123.9,3.8041862560604778,2.7913516339696427,-0.18129581708912407
1,M->N,1787466335.2460392,109.36700085096527,124.0,3.8230172978708157,2.787972246504508,-0.17023326707704073
1,M->N,1787466335.2575307,109.37849205097882,124.0,3.841615701241067,2.7848354001342455,-0.16202423393314908
1,M->N,1787466335.3936286,109.5145907989936,124.1,3.8605953821059344,2.7817975702251543,-0.1527274888397946
1,M->N,1787466335.5303552,109.65131747996202,124.2,3.87977905231886,2.7789676771250256,-0.13511322419120567
1,M->N,1787466335.5431383,109.66410018596798,124.2,3.8987443827732533,2.77649730780888,-0.12105336282354155
1,M->N,1787466335.6800706,109.80103281501215,124.3,3.9175329133716352,2.7742699271879103,-0.11242492056510993
1,M->N,1787466335.817471,109.93843340501189,124.4,3.9363137932249908,2.77220700019976,-0.10636626758649824
1,M->N,1787466335.8947213,110.01568293396849,124.5,3.955089057840487,2.770236227410924,-0.10132053598309927
1,M->N,1787466335.906528,110.02748954098206,124.5,3.9738744608619903,2.7683531613159387,-0.09665229677220262
1,M->N,1787466335.9798582,110.10082015901571,124.5,3.9927651215937936,2.766554001473754,-0.09076648626789985
1,M->N,1787466336.1176574,110.23861936898902,124.6,4.011787672089413,2.7648601325005577,-0.0845998032482729
1,M->N,1787466336.1949933,110.3159551610006,124.8,4.030633137595715,2.763328701493109,-0.07809474700654646
1,M->N,1787466336.2696307,110.39059322397225,124.8,4.049476432400793,2.761863667821569,-0.0729810718829861
1,M->N,1787466336.4068003,110.52776243898552,124.9,4.068833686767564,2.7605290406710283,-0.06409446336916325
1,M->N,1787466336.4206564,110.54161825100891,124.9,4.087744583640037,2.759376699709342,-0.05584794830092998
1,M->N,1787466336.494099,110.61506073997589,124.9,4.106620578733174,2.758346066199151,-0.0501811606194207
1,M->N,1787466336.6316018,110.75256380601786,125.0,4.125502949848781,2.7574319610554454,-0.0455091221974387
1,M->N,1787466336.7695634,110.89052539097611,125.2,4.144403767587137,2.7566214610935784,-0.041286703391377765
1,M->N,1787466336.7827973,110.90375913999742,125.2,4.163302391009462,2.755856906626798,-0.037278757263031016
1,M->N,1787466336.7947085,110.91567028098507,125.2,4.182207636330252,2.755169252055237,-0.033338580738478445
1,M->N,1787466336.9302294,111.05119159200694,125.3,4.201122998648052,2.7545438491867444,-0.02941247642141455
1,M->N,1787466337.066659,111.18762109498493,125.4,4.220049833273857,2.7540183812494634,-0.02547969832569264
1,M->N,1787466337.1440456,111.26500778499758,125.5,4.238997161928044,2.7535886290370883,-0.021499635992953618
1,M->N,1787466337.2804697,111.40143183001783,125.6,4.257955951983569,2.753195742498042,-0.017399117470309512
1,M->N,1787466337.4191024,111.54006480099633,125.7,4.276928146320756,2.7528929706326863,-0.013239774702810195
1,M->N,1787466337.5568812,111.67784344300162,125.8,4.295914143573728,2.75266787246763,-0.009016915677142539
1,M->N,1787466337.6335325,111.75449442997342,125.9,4.314916329576612,2.752507617706596,-0.004646827594618453
1,M->N,1787466337.6458592,111.7668209800031,125.9,4.333932137057461,2.7524119638658266,-0.00016861254346774678
1,M->N,1787466337.718843,111.83980480598984,125.9,4.352960461115067,2.752506062500714,0.004402276617063687
1,M->N,1787466337.8562472,111.97720906097675,126.0,4.372005097360522,2.752612131074699,0.009108624319426238
1,M->N,1787466337.8735673,111.99452929297695,126.1,4.39106478396521,2.752801953065577,0.01388671319617811
1,M->N,1787466337.8866067,112.00756847200682,126.1,4.410133834542715,2.753073903008458,0.01872216513323022
1,M->N,1787466337.8986716,112.01963319897186,126.1,4.429210648243072,2.7534751337451504,0.023617528199156468
1,M->N,1787466338.0346823,112.1556452899822,126.2,4.448306005451606,2.7539404484619245,0.028656239609226867
1,M->N,1787466338.1714494,112.2924114280031,126.3,4.467411888980274,2.7545404617954605,0.03382837677621734
1,M->N,1787466338.2491233,112.37008507800056,126.4,4.486521993453889,2.755261018015675,0.03909749898942721
1,M->N,1787466338.2650118,112.38597614696482,126.4,4.505644832004947,2.7559938496254257,0.04446175925414299
1,M->N,1787466338.3418744,112.46283632499399,126.4,4.524784170957049,2.7569071405021526,0.050014468070502235
1,M->N,1787466338.4796796,112.60064180096379,126.5,4.543918554065028,2.7578810441556003,0.05564222466240588
1,M->N,1787466338.495025,112.61598668596707,126.6,4.563044763772442,2.7589721783928294,0.06127044621398063
1,M->N,1787466338.5688438,112.68980606499827,126.6,4.582193266825609,2.760207053649286,0.0670104825148295
1,M->N,1787466338.7097707,112.83073312498163,126.7,4.601150012308281,2.7615396897795175,0.07616574615818827
1,M->N,1787466338.785575,112.90653677599039,126.8,4.620162193467113,2.7630138155985753,0.08200317364089939
1,M->N,1787466338.8599398,112.98090227198554,126.9,4.639056602441629,2.7646254852321612,0.08517279307475105
1,M->N,1787466338.9963431,113.11730535398237,127.0,4.658168276159937,2.7662226009345128,0.08978170540194007
1,M->N,1787466339.0105245,113.13148606201867,127.0,4.676957438799032,2.7679551090331342,0.09189453844886739
1,M->N,1787466339.0846233,113.20558551000431,127.0,4.696121057075832,2.769744009012707,0.09623275244535247
1,M->N,1787466339.2233243,113.34428681497229,127.2,4.714733047297777,2.7715338416107906,0.09955013510813669
1,M->N,1787466339.365012,113.48597442597384,127.3,4.733652321991677,2.773465976649236,0.09743776613466609
1,M->N,1787466339.439993,113.56095506198471,127.4,4.752791840764274,2.775303694545824,0.09920463931709445
1,M->N,1787466339.4528491,113.57381085801171,127.4,4.771611766844017,2.777222908789176,0.10266030123856697
1,M->N,1787466339.4641337,113.58509548497386,127.4,4.790713710401191,2.779167180489781,0.10611618182316859
1,M->N,1787466339.6002233,113.72118550597224,127.5,4.809320927507229,2.78117474149982,0.10942561618448582
1,M->N,1787466339.7374618,113.85842403996503,127.6,4.828308134565028,2.783309939482225,0.1088198760843143
1,M->N,1787466339.874068,113.99503041896969,127.7,4.847122801442921,2.7853773656123963,0.11067551057900502
1,M->N,1787466339.9508436,114.07180603797315,127.8,4.866230127838807,2.787454882558141,0.1129926271703084
1,M->N,1787466339.963987,114.08494885300752,127.8,4.885254287170364,2.789636066273753,0.11774696179278285
1,M->N,1787466339.9754274,114.09638940700097,127.8,4.903804035432424,2.791882285562167,0.11625478524432745
1,M->N,1787466340.1115332,114.2324956060038,127.9,4.92277309461253,2.7939935506030165,0.114414785256509
1,M->N,1787466340.2511127,114.37207556696376,128.0,4.9417888949873285,2.796227571661601,0.11726869362139715
1,M->N,1787466340.3301609,114.45112333301222,128.1,4.960824416029113,2.7984710447352557,0.12191631610146844
1,M->N,1787466340.3433046,114.46426695096307,128.1,4.979662607621474,2.8008332286202875,0.12371314198684404
1,M->N,1787466340.416199,114.537161396991,128.1,4.998339290982369,2.8030811582975583,0.12505678867794343
1,M->N,1787466340.5539331,114.67489564296557,128.3,5.017289389523065,2.805460654384013,0.12227652504872578
1,M->N,1787466340.6900322,114.81099427799927,128.4,5.0362633841945055,2.8078817594391996,0.12368342201784081
1,M->N,1787466340.7034187,114.82438072899822,128.4,5.055114681755226,2.8101287156376347,0.12278114501068238
1,M->N,1787466340.7157848,114.83674669999164,128.5,5.074059523605861,2.8124417734319214,0.12417938763645073
1,M->N,1787466340.853285,114.97424737201072,128.5,5.093027010911655,2.814879510733942,0.1265162829180829
1,M->N,1787466340.9918659,115.1128283989965,128.6,5.111723415384115,2.8172473717291378,0.12668996168681043
1,M->N,1787466341.0684314,115.18939309200505,128.7,5.130637507226906,2.819594436190795,0.1200585082103798
1,M->N,1787466341.080916,115.20187793998048,128.8,5.149582777744893,2.8219119376174215,0.11682093502015933
1,M->N,1787466341.1537197,115.27468200598378,128.8,5.16853686105498,2.824076492057053,0.116406479499725
1,M->N,1787466341.2907305,115.41169271699619,128.9,5.187532609893341,2.8263312805156584,0.11673739236360234
1,M->N,1787466341.3064172,115.42737897101324,128.9,5.206368645030386,2.8284731476341607,0.11373515000336587
1,M->N,1787466341.3795438,115.50050562497927,128.9,5.225132683529729,2.8305656792892697,0.1099576303987244
1,M->N,1787466341.5166638,115.63762593001593,129.0,5.244105158701074,2.8326258690080515,0.10217564566299876
1,M->N,1787466341.6541085,115.77507055201568,129.2,5.2631107599027445,2.8345284608613968,0.09819769442739593
1,M->N,1787466341.7915971,115.91255902097328,129.3,5.282088578984572,2.8363750132016525,0.09521568567660907
1,M->N,1787466341.8668182,115.98778023896739,129.4,5.301076323083514,2.838166836890625,0.09230596026160057
1,M->N,1787466341.8799508,116.00091264699586,129.4,5.31874724821266,2.8397858440711814,0.08764033658169147
1,M->N,1787466342.0179002,116.13886262301821,129.4,5.333396005112357,2.8410165692039047,0.07981316386150789
1,M->N,1787466342.0925653,116.21352772298269,129.5,5.348070066108549,2.842153254179752,0.07481199216505297
1,M->N,1787466342.1065576,116.22751945501659,129.6,5.36274174906978,2.8432709131453073,0.07068221958818395
1,M->N,1787466342.2424662,116.3634282569983,129.6,5.377442095535471,2.844255409008091,0.0667500997056549
1,M->N,1787466342.3184557,116.43941800901666,129.7,5.392117505848641,2.8452201600061957,0.062335958488542585
1,M->N,1787466342.4574676,116.57843021099688,129.8,5.40680252691595,2.8461032445949614,0.05746367581298686
1,M->N,1787466342.4715781,116.59253982000519,129.9,5.4214948701359305,2.8469535724438293,0.05209145267908207
1,M->N,1787466342.4834344,116.60439596598735,129.9,5.436185543190328,2.8476412763042904,0.04602892202407987
1,M->N,1787466342.4940312,116.61499302100856,129.9,5.4508856707246185,2.848296946496493,0.0393088124421281
1,M->N,1787466342.630263,116.75122550001834,130.0,5.4655898948638715,2.8488451887204613,0.03193372292844909
1,M->N,1787466342.7675416,116.88850376801565,130.1,5.480397656211822,2.84927288711577,0.0240979491284074
1,M->N,1787466342.782076,116.90303748199949,130.1,5.498453081812841,2.849656842449248,0.013669727156293535
1,M->N,1787466342.9188359,117.03979792597238,130.2,5.517539400666615,2.8498101467769907,0.0012110402458949546
1,M->N,1787466343.0552094,117.17617163801333,130.3,5.536625753352973,2.8497518408619076,-0.011724045041697547
1,M->N,1787466343.1929383,117.31390064599691,130.4,5.555711468698246,2.8493971503799895,-0.025684762100163433
1,M->N,1787466343.2688618,117.38982400798704,130.5,5.573426323828301,2.848861840126765,-0.04059678462916157
1,M->N,1787466343.281358,117.40231968596345,130.5,5.588717571772322,2.8481484467726554,-0.05525338101114968
1,M->N,1787466343.292885,117.41384665598162,130.5,5.603392589282803,2.847311872433349,-0.06928280471112015
1,M->N,1787466343.4307363,117.55169853498228,130.6,5.61931468412766,2.846070972356468,-0.08392184030156488
1,M->N,1787466343.5066516,117.62761386600323,130.7,5.637713239162773,2.844506192411474,-0.10089224832237369
1,M->N,1787466343.6434717,117.76443402701989,130.8,5.656649339234829,2.842341803783061,-0.12193489617622329
1,M->N,1787466343.7807405,117.90170294098789,130.9,5.675568451526189,2.839881442605014,-0.14497346114689622
1,M->N,1787466343.8564568,117.97741924697766,131.0,5.694429701618442,2.8369508453875896,-0.16953580937617238
1,M->N,1787466343.869662,117.99062393698841,131.0,5.712978931663186,2.8335826783090465,-0.19493338134096186
1,M->N,1787466343.8808856,118.00184741901467,131.0,5.729860958722697,2.8301802838545584,-0.22019573436389075
1,M->N,1787466344.017426,118.13838840200333,131.1,5.744246042800303,2.8268381469552093,-0.24277931576839906
1,M->N,1787466344.1535106,118.27447278797626,131.2,5.758710876673009,2.823105940153708,-0.2654930732363594
1,M->N,1787466344.2900915,118.41105366399279,131.3,5.772814479753333,2.819297000541499,-0.2881994060615794
1,M->N,1787466344.3042274,118.42518924298929,131.4,5.78703154575536,2.814936973964338,-0.311529678384872
1,M->N,1787466344.3777428,118.49870483000996,131.4,5.800970230904618,2.810328327588101,-0.33409121838599515
1,M->N,1787466344.3932989,118.51426101301331,131.5,5.814811216180701,2.8054073640684396,-0.3594249451911035
1,M->N,1787466344.5299456,118.65090790600516,131.5,5.829066413914874,2.799942092085494,-0.37656617025562406
1,M->N,1787466344.605958,118.72692012996413,131.6,5.8429098986816435,2.7944096084348646,-0.3899710684837779
1,M->N,1787466344.6201062,118.74106821999885,131.6,5.855207031590089,2.7892643419330048,-0.4083622495136892
1,M->N,1787466344.7570763,118.87803825299488,131.7,5.867314739872153,2.7839474573883565,-0.43066094564379265
1,M->N,1787466344.8962986,119.0172610610025,131.8,5.879263997767271,2.778321919848337,-0.45354646623282735
1,M->N,1787466345.0345995,119.15556162397843,132.0,5.891146142165916,2.7724514007561334,-0.4746698022146308
1,M->N,1787466345.1104934,119.23145530599868,132.1,5.902853248005244,2.7663107318434927,-0.4953715944221619
1,M->N,1787466345.1236076,119.24456967000151,132.1,5.914571595349204,2.759884291017651,-0.5139255998107201
1,M->N,1787466345.1344762,119.25543828000082,132.1,5.926138953443421,2.7532389450210393,-0.5343594377636798
1,M->N,1787466345.2702458,119.39120845898287,132.1,5.937541122710581,2.7463555938769657,-0.5558325285765177
1,M->N,1787466345.3458807,119.46684263297357,132.3,5.948757673868746,2.739282345925544,-0.577326671462727
1,M->N,1787466345.3588676,119.47982951096492,132.3,5.958651149083112,2.7327530697040983,-0.5934906090482882
1,M->N,1787466345.494441,119.61540322296787,132.3,5.968580100682245,2.7259615069858794,-0.6100032139072569
1,M->N,1787466345.5699465,119.69090887199854,132.4,5.978504021251004,2.718931501564631,-0.6270825807766978
1,M->N,1787466345.644067,119.76502921397332,132.5,5.98830612602006,2.711729944683869,-0.6438641408067969
1,M->N,1787466345.719653,119.84061530296458,132.6,5.998001948476437,2.7043612141398503,-0.6600429834439304
1,M->N,1787466345.7949016,119.9158633860061,132.6,6.007587158229316,2.696828854117486,-0.6754253475459234
1,M->N,1787466345.8689623,119.9899249660084,132.6,6.016579069795157,2.6895499148932465,-0.6880389711087067
1,M->N,1787466346.0076518,120.12861406500451,132.7,6.025416685415621,2.6822464499384067,-0.694236056412431
1,M->N,1787466346.1450863,120.26604818401393,132.9,6.033997806856589,2.6750521360962916,-0.703518134032129
1,M->N,1787466346.2208314,120.34179421397857,132.9,6.0425624450947035,2.667722250373397,-0.7149908728251559
1,M->N,1787466346.3579545,120.47891669598175,133.0,6.051052258308191,2.6602881305940196,-0.725845931386539
1,M->N,1787466346.3710089,120.49197037797421,133.1,6.059481656028368,2.6527447711983103,-0.7360708564337415
1,M->N,1787466346.444206,120.56516803201521,133.1,6.068212178977637,2.644760178649779,-0.7481916744732963
1,M->N,1787466346.582924,120.7038860199973,133.2,6.076914075923085,2.636610429805671,-0.759013326450034
1,M->N,1787466346.6593227,120.78028481500223,133.3,6.084551301537741,2.6293000984410937,-0.7706657680871412
1,M->N,1787466346.672131,120.79309293499682,133.3,6.092222640142809,2.621796108589317,-0.7797647142504983
1,M->N,1787466346.682804,120.80376605998026,133.3,6.099858292479114,2.6142035961825525,-0.7869345496948027
1,M->N,1787466346.818211,120.93917344097281,133.4,6.107320901556763,2.606678540333673,-0.7947595824434533
1,M->N,1787466346.9550097,121.0759725960088,133.5,6.11526231092079,2.598500875885389,-0.8074383506560135
1,M->N,1787466347.0932944,121.21425707399612,133.6,6.123224901667829,2.590115995060645,-0.8162192556127684
1,M->N,1787466347.169261,121.29022343101678,133.7,6.130239230627096,2.5825944891339003,-0.8262544574126242
1,M->N,1787466347.1823795,121.30334169697016,133.7,6.137334750590804,2.574851520945843,-0.8326281108264043
1,M->N,1787466347.1933382,121.31429972901242,133.7,6.14420603363899,2.5672438852360555,-0.841581572926715
1,M->N,1787466347.3295445,121.4505065230187,133.8,6.151209095459285,2.5593673434692,-0.8469446592430186
1,M->N,1787466347.4045448,121.5255071229767,133.9,6.1579893017233065,2.5516691458708904,-0.8526055330534664
1,M->N,1787466347.417005,121.53796654299367,133.9,6.165213406869067,2.543305668326031,-0.8680242583230565
1,M->N,1787466347.554763,121.67572499701055,134.0,6.172159174607431,2.5350090328617907,-0.8816335108691704
1,M->N,1787466347.6926703,121.81363273196621,134.1,6.17895351565534,2.5267098292016077,-0.8879582665778619
1,M->N,1787466347.829664,121.95062633196358,134.2,6.185738850978726,2.518357745805761,-0.8899739329399453
1,M->N,1787466347.9681585,122.08912094996776,134.3,6.192464971273429,2.5100264906616974,-0.8926909286770639
1,M->N,1787466348.1079128,122.22887489397544,134.4,6.199143633212799,2.5017118511523515,-0.8959869042138304
1,M->N,1787466348.2443235,122.36528586200438,134.5,6.205761784321896,2.49340689296761,-0.9005099387671046
1,M->N,1787466348.2582123,122.37917428399669,134.6,6.2123235522354765,2.4851100167245597,-0.9037655274269377
1,M->N,1787466348.269205,122.39016696100589,134.6,6.218996237589875,2.476567677644455,-0.9143691725920309
1,M->N,1787466348.2796648,122.40062625700375,134.6,6.225662045787055,2.4678355991276306,-0.9242802932090988
1,M->N,1787466348.2892754,122.41023735300405,134.6,6.232469231451509,2.4587803470978016,-0.9275710533740886
1,M->N,1787466348.3632984,122.48426030296832,134.7,6.239199167225176,2.4497871764597097,-0.9288747780781172
1,M->N,1787466348.4385152,122.55947727401508,134.7,6.245881870740891,2.440827997966659,-0.9308318961362044
1,M->N,1787466348.578463,122.69942623900715,134.8,6.2523646560859065,2.4320950633275977,-0.9339551561505641
1,M->N,1787466348.6541433,122.77510556200286,134.9,6.259278083717969,2.4227415824048575,-0.9354837254184436
1,M->N,1787466348.728419,122.8493821019656,134.9,6.266567036686055,2.412830504348913,-0.9371874185639891
1,M->N,1787466348.8650317,122.98599416197976,135.0,6.273575843844815,2.403240814649343,-0.945018726383663
1,M->N,1787466349.001342,123.1223038629978,135.1,6.280423295995254,2.393663977003736,-0.9568480840487844
1,M->N,1787466349.0154421,123.13640468701487,135.2,6.287330155797448,2.383809838479322,-0.961646448799792
1,M->N,1787466349.0273304,123.148292176018,135.2,6.294265781403273,2.3738875525205083,-0.9601164864568865
1,M->N,1787466349.1637144,123.2846766730072,135.3,6.301095009484816,2.3641170205637563,-0.9596622413377563
1,M->N,1787466349.3029637,123.42392594896955,135.4,6.307946267042847,2.354345830798994,-0.959430623179746
1,M->N,1787466349.4429357,123.56390087399632,135.5,6.315580998898894,2.343435058562398,-0.9604257986604514
1,M->N,1787466349.5247667,123.64572874701116,135.6,6.323170967095908,2.332593257480052,-0.9596257269686627
1,M->N,1787466349.537152,123.65811372798635,135.6,6.330839696261325,2.321660650979578,-0.9588539790776716
1,M->N,1787466349.54813,123.66909165197285,135.6,6.338364193965759,2.3109064143123392,-0.9612695706811994
1,M->N,1787466349.683594,123.8045563409687,135.7,6.345824795743469,2.300207335767849,-0.9623552751036655
1,M->N,1787466349.8223584,123.9433209549752,135.8,6.3530018657243446,2.289815826407664,-0.9742406484730658
1,M->N,1787466349.9594164,124.0803787559853,135.9,6.360552551415534,2.2785978711554504,-0.9817491715810427
1,M->N,1787466350.096288,124.2172506909701,136.0,6.3687847491411755,2.2662963257169775,-0.9800826766500779
1,M->N,1787466350.2341704,124.35513238800922,136.1,6.377040945184015,2.254014466081994,-0.9754280803142964
1,M->N,1787466350.3709676,124.49193021497922,136.2,6.385305137953699,2.2418533107010212,-0.9720964396519641
1,M->N,1787466350.3838887,124.50485060398933,136.3,6.393645324442274,2.2296603506997243,-0.9687749328896608
1,M->N,1787466350.3954806,124.51644225599011,136.3,6.40376245970124,2.214939574114551,-0.9679154128102274
1,M->N,1787466350.4060981,124.52706027397653,136.3,6.414618696264418,2.1992058850330696,-0.9642931058769979
1,M->N,1787466350.4156902,124.53665170399472,136.3,6.425458868171566,2.1836114366485058,-0.9610189851803375
1,M->N,1787466350.489649,124.61061112501193,136.4,6.436348711861215,2.1680712071776918,-0.9563520180920563
1,M->N,1787466350.564239,124.68520141596673,136.4,6.447047726540325,2.1528770507682853,-0.9613355521288479
1,M->N,1787466350.7039652,124.82492817298044,136.5,6.457775428070854,2.137454588693165,-0.9640117281009737
1,M->N,1787466350.8417633,124.96272564399987,136.6,6.468720324992397,2.121741849222983,-0.958385774182461
1,M->N,1787466350.9167447,125.03770690900274,136.7,6.479721308070853,2.1061643212201435,-0.95006438505062
1,M->N,1787466350.9933186,125.11428054701537,136.8,6.490937955962662,2.0905872921084083,-0.9423867287403027
1,M->N,1787466351.0057395,125.12670107797021,136.8,6.50218553103063,2.0751914661296977,-0.9363505330529722
1,M->N,1787466351.0786126,125.19957497098949,136.8,6.513503877988258,2.059867220655676,-0.9323439460026548
1,M->N,1787466351.2155478,125.33650997898076,136.9,6.524922165270462,2.044486621080484,-0.9267238665833872
1,M->N,1787466351.3528247,125.47378654801287,137.0,6.536431800061186,2.0292488908000696,-0.921267717003337
1,M->N,1787466351.489796,125.61075824301224,137.2,6.547892103966798,2.014153087574614,-0.9220650128861023
1,M->N,1787466351.5037055,125.62466790201142,137.2,6.559272205518964,1.9991137818468219,-0.9273199677624495
1,M->N,1787466351.5161095,125.6370712670032,137.2,6.570651285706926,1.9839369039751062,-0.9265521665673788
1,M->N,1787466351.589825,125.71078745299019,137.2,6.582129459719285,1.9687125000382184,-0.9183009523835006
1,M->N,1787466351.7289453,125.84990784199908,137.4,6.593707874166395,1.9536522270335495,-0.9066183528969908
1,M->N,1787466351.8660154,125.98697803600226,137.5,6.605541623868161,1.938650113068729,-0.899328641065499
1,M->N,1787466351.8810592,126.00202126201475,137.6,6.617456760708115,1.9237790298011326,-0.8912251341484677
1,M->N,1787466351.9566796,126.07764221401885,137.6,6.6295015666914985,1.9089699108564453,-0.8848281550438709
1,M->N,1787466351.9727435,126.09370520396624,137.6,6.641487287409429,1.8943235107085636,-0.8779312541803724
1,M->N,1787466352.1102057,126.23116841900628,137.7,6.653668907790795,1.879782348217593,-0.8716452970743636
1,M->N,1787466352.2501223,126.37108477699803,137.8,6.665876190013263,1.8652260994687546,-0.8649157343623464
1,M->N,1787466352.3259184,126.44688036100706,137.9,6.67798870962774,1.8511103793632608,-0.8682979238723868
1,M->N,1787466352.4010353,126.52199705701787,138.0,6.6900215916489145,1.836890528640051,-0.8709445337674655
1,M->N,1787466352.4757197,126.59668181400048,138.0,6.702248424143494,1.8223622651767397,-0.8667139945989091
1,M->N,1787466352.4894438,126.61040538898669,138.0,6.714695525061962,1.8077234909536233,-0.8607754136155704
1,M->N,1787466352.6257057,126.74666772899218,138.1,6.727083061419893,1.7934453567171107,-0.8527560768590158
1,M->N,1787466352.7031286,126.82409076701151,138.2,6.739575755336371,1.7791485461717351,-0.8477292800452759
1,M->N,1787466352.71556,126.83652236696798,138.2,6.75210103870272,1.7650800038641892,-0.8451704730745495
1,M->N,1787466352.8505135,126.97147577797296,138.3,6.764599500905641,1.7509330179026728,-0.8399205450250203
1,M->N,1787466352.9834685,127.10443134501111,138.4,6.777377167855549,1.7367902703538871,-0.837397273182728
1,M->N,1787466353.1211627,127.2421251059859,138.5,6.790039853398431,1.7227480390700134,-0.8305308101105475
1,M->N,1787466353.197315,127.3182769480045,138.6,6.8032521201390646,1.708300751403964,-0.8282744709118586
1,M->N,1787466353.2094898,127.33045144297648,138.6,6.815938682737945,1.6945482721581013,-0.8304389537782287
1,M->N,1787466353.220158,127.3411198160029,138.6,6.828728894991844,1.680527395519432,-0.8305245431923362
1,M->N,1787466353.3562355,127.47719776799204,138.7,6.841369404599603,1.666684175010402,-0.8262101868934966
1,M->N,1787466353.494358,127.61532065196661,138.8,6.854416293303931,1.6525681048065204,-0.8200988465189979
1,M->N,1787466353.5697877,127.69075016200077,138.9,6.867394077088758,1.6387492644377328,-0.8150977811648696
1,M->N,1787466353.582538,127.70349978096783,138.9,6.880623348742779,1.6247192686178091,-0.8121428971199877
1,M->N,1787466353.6567802,127.7777424849919,138.9,6.893786681556337,1.610907016132502,-0.8093508064313394
1,M->N,1787466353.7960448,127.91700709500583,139.1,6.90678072461608,1.5973219612381384,-0.8016973342791632
1,M->N,1787466353.8090794,127.93004140001722,139.1,6.919961049906507,1.5837999539662384,-0.7911810739049631
1,M->N,1787466353.882837,128.00379939796403,139.1,6.9334620670697555,1.5702217860415897,-0.7817232930920317
1,M->N,1787466354.020357,128.14131893700687,139.2,6.946917472455762,1.5569928537001116,-0.772760640064739
1,M->N,1787466354.1580737,128.27903560298728,139.4,6.960744249906921,1.5435788475739443,-0.7663347063738379
1,M->N,1787466354.1723366,128.29329847701592,139.4,6.974849582852106,1.529996893106278,-0.7640975994578484
1,M->N,1787466354.2465096,128.36747215298237,139.4,6.988757314028421,1.5167244708803649,-0.7648650718042921
1,M->N,1787466354.3242726,128.44523524696706,139.6,7.002389887456053,1.5036313278081905,-0.762568373745975
1,M->N,1787466354.4595027,128.58046477497555,139.6,7.016277428138233,1.490392693543943,-0.7597980077546413
1,M->N,1787466354.5976002,128.71856332599418,139.7,7.0299767219179365,1.4774370743538467,-0.7554921036467829
1,M->N,1787466354.6144967,128.73545867798384,139.8,7.04391938409505,1.4643055257496438,-0.7503972534178818
1,M->N,1787466354.7528033,128.87376589496853,139.8,7.057560367377355,1.4516719583843383,-0.747763866610213
1,M->N,1787466354.827589,128.94855243398342,139.9,7.071451412141466,1.4388279543674316,-0.7440844399698424
1,M->N,1787466354.9035861,129.0245477249846,140.0,7.085215064718378,1.426143761511168,-0.739928666588902
1,M->N,1787466355.0406015,129.1615638990188,140.1,7.099200452064559,1.4134615394363657,-0.7361016690943641
1,M->N,1787466355.117797,129.23875878198305,140.2,7.113209931317873,1.4008075745516075,-0.7317420948644929
1,M->N,1787466355.1303911,129.25135278096423,140.2,7.1273582362051995,1.3880850387305745,-0.7307222347040938
1,M->N,1787466355.1415188,129.26248082797974,140.2,7.14129469715922,1.3756299175758595,-0.731706971909228
1,M->N,1787466355.2132058,129.33416836196557,140.2,7.155359953691811,1.3629742261604538,-0.7306984258852375
1,M->N,1787466355.349971,129.4709330740152,140.3,7.169376097685375,1.3504392320418457,-0.7293021171738286
1,M->N,1787466355.487465,129.60842708399286,140.4,7.183466363257414,1.3378605251765376,-0.7282554429748772
1,M->N,1787466355.6251028,129.74606537696673,140.6,7.197589746181342,1.3252447056852734,-0.7274042565070777
1,M->N,1787466355.764452,129.88541523599997,140.7,7.211747956168373,1.3126813869150935,-0.7273714563670715
1,M->N,1787466355.7781715,129.8991339720087,140.7,7.226044076953839,1.2999074175529117,-0.7275370429382072
1,M->N,1787466355.7901688,129.91113086801488,140.7,7.24020010594964,1.2873350221513233,-0.7285289279497009
1,M->N,1787466355.8015594,129.92252128897235,140.7,7.254304986013656,1.2747253050606813,-0.7279484390229388
1,M->N,1787466355.9373124,130.05827471899102,140.8,7.268468613065141,1.2621440904221286,-0.7266552950312375
1,M->N,1787466356.074032,130.19499446899863,140.9,7.282794961221872,1.24933601543111,-0.7266856213564196
1,M->N,1787466356.210505,130.33146759599913,141.0,7.296974860887979,1.2367842298538299,-0.7282889993798127
1,M->N,1787466356.3470178,130.46798015997047,141.1,7.311108882817776,1.2241424820920452,-0.7284007575258602
1,M->N,1787466356.4834328,130.60439506499097,141.2,7.325617154981038,1.211160091402089,-0.7332833608441934
1,M->N,1787466356.620036,130.74099861900322,141.3,7.339404863171417,1.198708236864063,-0.7395426534261842
1,M->N,1787466356.6345062,130.7554679469904,141.4,7.353211422479375,1.186058015305862,-0.742125862101487
1,M->N,1787466356.6466117,130.76757324300706,141.4,7.36727090982219,1.1731643487468526,-0.7419068380415781
1,M->N,1787466356.6573946,130.77835685398895,141.4,7.381191696321579,1.160422720786651,-0.740315516070782
1,M->N,1787466356.6666443,130.78760589496233,141.4,7.3952884343675365,1.147540720381522,-0.7385763071982089
1,M->N,1787466356.6749034,130.79586482601007,141.4,7.409338058511398,1.134747447781475,-0.738885041115046
1,M->N,1787466356.7449124,130.8658752029878,141.5,7.4234090483208055,1.1219109180576077,-0.7412936344767314
1,M->N,1787466356.885109,131.00607112096623,141.6,7.437385433273824,1.1091053877569907,-0.7432256425509571
1,M->N,1787466357.0228417,131.14380417001667,141.7,7.451375946705335,1.0961895891334317,-0.7443208939374855
1,M->N,1787466357.1603162,131.28127903101267,141.8,7.4651830942260595,1.083449784203608,-0.7473727691308178
1,M->N,1787466357.29938,131.42034182796488,141.9,7.479061500665032,1.0706045526059398,-0.7486777882034371
1,M->N,1787466357.3761752,131.4971375350142,142.0,7.492904741905847,1.057725636877213,-0.7480185200923978
1,M->N,1787466357.3896139,131.5105758680147,142.0,7.507001761876228,1.0446199214364507,-0.747412790247181
1,M->N,1787466357.4007916,131.52175352396443,142.0,7.520676811793055,1.0319675268348378,-0.7485332305727145
1,M->N,1787466357.5362887,131.6572508229874,142.1,7.5346165528991635,1.0189907945777823,-0.7507559260396685
1,M->N,1787466357.6739821,131.79494446399622,142.2,7.5484394363541,1.0060879524250081,-0.752272529239749
1,M->N,1787466357.8122003,131.93316252797376,142.3,7.562248315433554,0.9931689880317914,-0.7517129779087685
1,M->N,1787466357.951339,132.07230243296362,142.4,7.576020995069598,0.980279484515177,-0.7500306016155249
1,M->N,1787466358.0276864,132.14864846796263,142.5,7.590151658949292,0.9670743639234427,-0.749228294003041
1,M->N,1787466358.039974,132.16093593399273,142.5,7.604105665567927,0.9541467905697071,-0.7524357742051109
1,M->N,1787466358.051501,132.17246273596538,142.5,7.617937179580348,0.9411843332106302,-0.7534634082995568
1,M->N,1787466358.123948,132.24491047800984,142.6,7.631738363409727,0.9281963696255803,-0.7530029802889906
1,M->N,1787466358.262002,132.38296468101908,142.7,7.645754358953515,0.915029915090743,-0.7567719284059955
1,M->N,1787466358.4000015,132.52096416300628,142.8,7.659387639827728,0.9020803538652822,-0.7633619008429429
1,M->N,1787466358.4767513,132.59771313797683,142.9,7.673226786740451,0.8888213929549005,-0.7679331666038507
1,M->N,1787466358.48843,132.6093915780075,142.9,7.686841402164134,0.8756097999482815,-0.7693020214409221
1,M->N,1787466358.4986198,132.61958154599415,142.9,7.700578364718739,0.8622989836576871,-0.7696121808816819
1,M->N,1787466358.635274,132.75623632897623,143.0,7.7142446404013585,0.8490812288480479,-0.7695656360377068
1,M->N,1787466358.7719908,132.8929532999755,143.1,7.727813014144141,0.8359457456548293,-0.767664130233879
1,M->N,1787466358.850086,132.9710485599935,143.2,7.741508428898591,0.8227032660771522,-0.7670166332392514
1,M->N,1787466358.8625503,132.98351241700584,143.2,7.7554678309107725,0.8092346482848944,-0.7695556002932282
1,M->N,1787466358.9355674,133.05653038201854,143.2,7.769027467347552,0.7960729379767244,-0.7717594111729414
1,M->N,1787466359.0733192,133.19428146100836,143.3,7.782789274427883,0.7826301111386472,-0.7729368913862043
1,M->N,1787466359.2117412,133.3327046149643,143.4,7.796150140341824,0.7695749227244331,-0.7784159900297172
1,M->N,1787466359.34992,133.47088238201104,143.5,7.809561382288081,0.7563203223966365,-0.7812623191017105
1,M->N,1787466359.3633099,133.4842713450198,143.6,7.823109621684949,0.7428012385875588,-0.7818976437566706
1,M->N,1787466359.3742576,133.49521919101244,143.6,7.836521673157684,0.7295470718264966,-0.7820278025169974
1,M->N,1787466359.4472044,133.56816691398853,143.6,7.850104388225674,0.7160232201447021,-0.7837160071043445
1,M->N,1787466359.5843961,133.7053588120034,143.7,7.863837498857681,0.7022722494964099,-0.7850810976168593
1,M->N,1787466359.7236023,133.84456493897596,143.9,7.8772415880152185,0.6888441311263528,-0.7931423260722438
1,M->N,1787466359.8638356,133.9847983730142,144.0,7.890287881934098,0.6755311297102233,-0.8006576417513106
1,M->N,1787466359.87817,133.9991322439746,144.0,7.90326623205473,0.6620798627979905,-0.801644792622044
1,M->N,1787466359.890153,134.0111149600125,144.0,7.916662852367631,0.64821324715754,-0.7992250500526725
1,M->N,1787466359.9633172,134.08427906996803,144.0,7.929994701994164,0.6345620772584496,-0.7973491236572632
1,M->N,1787466360.1017642,134.22272628801875,144.2,7.9432287928592995,0.6210678113056272,-0.7935978632735532
1,M->N,1787466360.1156003,134.2365624459926,144.2,7.956827361268753,0.6072079430790852,-0.7945691415860665
1,M->N,1787466360.1891923,134.31015485199168,144.2,7.970014871835936,0.5937091995347186,-0.8005932268521072
1,M->N,1787466360.3261154,134.44707785901846,144.3,7.983151556156593,0.5801547253306822,-0.8034575156567744
1,M->N,1787466360.4632568,134.58421924297,144.4,7.9963752118740175,0.5663363554307138,-0.8068041050843802
1,M->N,1787466360.4776914,134.59865377098322,144.5,8.009017345349125,0.553193649219641,-0.8082705747210931
1,M->N,1787466360.5517724,134.67273426800966,144.5,8.021210860376403,0.5403420597261632,-0.810826404448644
1,M->N,1787466360.6883798,134.80934153898852,144.6,8.033480563917784,0.5274330871728456,-0.8156875532178187
1,M->N,1787466360.7021823,134.82314394996502,144.7,8.045123362631875,0.5150325676233355,-0.8172358414860897
1,M->N,1787466360.7763798,134.89734255697113,144.7,8.056790932690564,0.5025094233003107,-0.8193006810407563
1,M->N,1787466360.9160297,135.0369920330122,144.8,8.067759756514597,0.490841990265707,-0.8193848944710102
1,M->N,1787466361.0544977,135.17546007299097,144.9,8.078819505347528,0.47892914561418515,-0.8181852402855648
1,M->N,1787466361.131271,135.2522329899948,145.0,8.089485481323658,0.46755725907347184,-0.8220755782713577
1,M->N,1787466361.1466005,135.26756250596372,145.1,8.10024889918323,0.4558840678737587,-0.8286637805246488
1,M->N,1787466361.221063,135.3420249230112,145.1,8.110082770821547,0.4451261419843812,-0.8369951939587422
1,M->N,1787466361.2954009,135.4163628339884,145.1,8.119566452872784,0.4345673381861252,-0.8401740130018356
1,M->N,1787466361.4319055,135.55286762298783,145.2,8.128849153173595,0.42419297412883256,-0.8378701470269532
1,M->N,1787466361.4445424,135.56550415296806,145.3,8.137995105565283,0.41400890992284495,-0.8356176529301719
1,M->N,1787466361.5181665,135.63912833400536,145.3,8.146880965353335,0.4042217090477646,-0.832472732391619
1,M->N,1787466361.6552565,135.77621932298644,145.4,8.155837683857095,0.3943573280072512,-0.8333986140013722
1,M->N,1787466361.7307773,135.8517394500086,145.5,8.164383583879433,0.38501106787987155,-0.8343168189575663
1,M->N,1787466361.806157,135.92711931897793,145.6,8.172737721382907,0.3756814017510924,-0.8337468498651279
1,M->N,1787466361.9450123,136.06597429898102,145.7,8.180854897670411,0.36674649129817477,-0.8403641747882851
1,M->N,1787466361.959081,136.08004298899323,145.7,8.18869183218745,0.35795322982543903,-0.8481762269725858
1,M->N,1787466362.0329084,136.15387136797654,145.7,8.196368689684581,0.34925099924509245,-0.8524804977488903
1,M->N,1787466362.1700509,136.2910135529819,145.8,8.203664594709538,0.3408633104062104,-0.8512671944753425
1,M->N,1787466362.308153,136.42911546799587,146.0,8.211235652849265,0.3321641821910372,-0.8502314170562907
1,M->N,1787466362.444423,136.56538535497384,146.1,8.218131363822252,0.3243891624325747,-0.8515029662984333
1,M->N,1787466362.5194151,136.64037753699813,146.2,8.225189240050314,0.3162637327925213,-0.8507317712518916
1,M->N,1787466362.531981,136.65294274000917,146.2,8.231875862974197,0.3086600085125809,-0.8542864309532904
1,M->N,1787466362.5434756,136.66443788498873,146.2,8.238497751679441,0.30105263852795283,-0.8576898045050924
1,M->N,1787466362.6857467,136.8067091180128,146.3,8.248163238633813,0.2897590368227297,-0.8566270673558369
1,M->N,1787466362.8913662,137.01232795696706,146.4,8.257541552482971,0.27891304413481993,-0.8697889085883085
1,M->N,1787466363.0371604,137.1581229880103,146.6,8.266182400620043,0.2686373405569458,-0.8789808137902191
1,M->N,1787466363.0573993,137.17836105497554,146.6,8.274296835328125,0.2587610336734085,-0.875550340861297
1,M->N,1787466363.2020123,137.32297817297513,146.7,8.282191203611964,0.2493638308514932,-0.8743271824984016
1,M->N,1787466363.35572,137.47668261901708,146.9,8.290189417875958,0.2396916573375568,-0.8756929742820355
1,M->N,1787466363.5030503,137.62401255901204,146.9,8.298127862863513,0.23014813715362378,-0.8829596834064233
1,M->N,1787466363.6501236,137.7710862630047,147.1,8.305204608363692,0.22146865570984356,-0.8960283926136726
1,M->N,1787466363.7945075,137.9154704239918,147.2,8.31206756447308,0.21284606505922268,-0.8977960772930719
1,M->N,1787466363.8767235,137.99768529599532,147.3,8.318821584949704,0.20434130515924567,-0.8971602739133478
1,M->N,1787466364.0224025,138.14336523297243,147.4,8.325223526296076,0.19630691674648626,-0.8959246524891413
1,M->N,1787466364.1123493,138.23331129201688,147.5,8.3331859546717,0.18631150398179175,-0.9126836069691264
1,M->N,1787466364.19614,138.3171021430171,147.5,8.340904246524039,0.17615504352024358,-0.9171127364162983
1,M->N,1787466364.4720395,138.59300191298826,147.7,8.348144319828535,0.16679346539213727,-0.9203414826827099
1,M->N,1787466364.6841774,138.80514004296856,147.9,8.35460675855215,0.15815314851359857,-0.9255221538840801
1,M->N,1787466364.836334,138.9572959879879,148.1,8.360995856344369,0.14971059189298005,-0.9296295370285644
1,M->N,1787466364.9949865,139.11594880500343,148.2,8.368224381330315,0.1400044736039933,-0.932352871597576
1,M->N,1787466365.2114081,139.33237109100446,148.3,8.37558788656408,0.1300106351171597,-0.932182675175525
1,M->N,1787466365.4923186,139.61328135197982,148.6,8.382499164174918,0.1207166227014865,-0.9407394048174654
1,M->N,1787466365.5839267,139.70488932798617,148.6,8.389480961922619,0.11102878032933199,-0.9460081274927185
1,M->N,1787466365.864876,139.9858382300008,148.9,8.39644247550815,0.1012022720098765,-0.9535910054607657
1,M->N,1787466366.0194957,140.14045799901942,149.0,8.403569647858015,0.0911436211640408,-0.9569859339402133
1,M->N,1787466366.244355,140.36531706701498,149.2,8.410478816166622,0.08125714947932645,-0.9772431685440496
1,M->N,1787466366.461728,140.5826903959969,149.3,8.416724186013683,0.07190829342091268,-0.974063783399852
2,N->X,1787466372.055289,0.006953977979719639,153.9,8.416919160407035,0.0707284347486857,-0.027236919687643548
2,N->X,1787466377.5350127,5.4866779440199025,158.2,8.42144736581681,0.05872498589585272,-1.3480224957018985
2,N->X,1787466377.6180506,5.569715175020974,158.4,8.423629994938413,0.048562794090873405,-1.3717578835806754
2,N->X,1787466377.634726,5.586390596989077,158.4,8.425605054773106,0.038236612687345524,-1.394814574309743
2,N->X,1787466377.6490278,5.600692000996787,158.4,8.427324864752505,0.027826680066223106,-1.421266749466428
2,N->X,1787466377.8537033,5.805368516012095,158.5,8.42876122020221,0.0172635778019028,-1.457570933961553
2,N->X,1787466378.003859,5.955523365002591,158.7,8.429805519463548,0.006622454935136965,-1.49134910204636
2,N->X,1787466378.2091875,6.1608526820200495,158.8,8.430535829249168,-0.004121729040555264,-1.5175671106911393
2,N->X,1787466378.4139714,6.365636550006457,158.9,8.431001725628052,-0.014998756263454077,-1.5432642320746977
2,N->X,1787466378.5645158,6.516180407023057,159.1,8.431178450912977,-0.025963686788203703,-1.5707046264693894
2,N->X,1787466378.5825114,6.534176238987129,159.1,8.431041451959162,-0.03700856772081088,-1.6006022201888255
2,N->X,1787466378.5983193,6.549983564997092,159.1,8.430562545429114,-0.04817128763972911,-1.6332970443332584
2,N->X,1787466378.6128201,6.564484703994822,159.1,8.429695615038828,-0.0594311186594338,-1.669034548837594
2,N->X,1787466378.8169231,6.768588398990687,159.3,8.428420997236625,-0.07057604076774601,-1.7077662004813
2,N->X,1787466379.0231647,6.9748386580031365,159.4,8.426659704725113,-0.08202832682003043,-1.7459992614266233
2,N->X,1787466379.2315357,7.18320077797398,159.6,8.424428926456676,-0.09360600676540079,-1.7835625570481402
2,N->X,1787466379.4365635,7.388228434021585,159.8,8.421713296083086,-0.10533449838596061,-1.8215005597750253
2,N->X,1787466379.6442754,7.595940575003624,159.9,8.418536333337991,-0.11707016825909515,-1.852237469346933
2,N->X,1787466379.6635191,7.615183982998133,160.0,8.41487161066581,-0.1291677852052933,-1.887317792388686
2,N->X,1787466379.6794705,7.631135342002381,160.0,8.410772884345034,-0.14102246329536042,-1.9277027369221165
2,N->X,1787466379.7551808,7.706846283981577,160.0,8.40606596088033,-0.15307070533155126,-1.9622833608736598
2,N->X,1787466379.836478,7.788143320998643,160.1,8.4008020121516,-0.1654308417164274,-1.9908470705552388
2,N->X,1787466380.042365,7.994030715024564,160.2,8.395010260251485,-0.1778468267296971,-2.032025449707115
2,N->X,1787466380.1860428,8.13770788902184,160.4,8.388634854580184,-0.19013472651627128,-2.0731231760834588
2,N->X,1787466380.3291147,8.280779919004999,160.5,8.381421177831763,-0.20289073491521595,-2.101549616266911
2,N->X,1787466380.466586,8.418251435970888,160.6,8.376246072845515,-0.21154402833141614,-2.1242380260261227
2,N->X,1787466380.6068375,8.558503558975644,160.7,8.370788763950108,-0.22018051068964553,-2.1511964292563475
2,N->X,1787466380.68489,8.636555165983737,160.8,8.364983504264357,-0.2288352167546225,-2.17809544552438
2,N->X,1787466380.6973732,8.649037371971644,160.8,8.358876055591956,-0.23745469836828326,-2.2000944634881345
2,N->X,1787466380.7079873,8.659651956986636,160.8,8.35230919625951,-0.24634345382049305,-2.2178490396099493
2,N->X,1787466380.7801285,8.731793340004515,160.8,8.345232681314616,-0.25554957234379627,-2.2394974112640806
2,N->X,1787466380.7929895,8.74465423997026,160.9,8.33794694754887,-0.26457130045917926,-2.2660207558205587
2,N->X,1787466380.9296887,8.881354041979648,161.0,8.33023572714228,-0.27361882846598345,-2.2914353365892457
2,N->X,1787466381.0050793,8.956744163995609,161.0,8.321681493425372,-0.2831912578939878,-2.3125479752597324
2,N->X,1787466381.0807626,9.032427367987111,161.1,8.312715133743417,-0.29278614654559226,-2.335491571524116
2,N->X,1787466381.217707,9.169372304982971,161.2,8.303007053460329,-0.3027582314651817,-2.3525932661725064
2,N->X,1787466381.3530998,9.304765238019172,161.3,8.292998830220375,-0.31269018807164606,-2.3707583957493132
2,N->X,1787466381.492727,9.444392505974974,161.4,8.282261383369805,-0.32293050511744154,-2.3923250903035402
2,N->X,1787466381.5059843,9.457648878975306,161.4,8.270724980443585,-0.3334534563048241,-2.4153313084304036
2,N->X,1787466381.5811152,9.532780141977128,161.5,8.258293122664584,-0.34428271158905843,-2.4376400023632807
2,N->X,1787466381.6556532,9.607318566006143,161.5,8.245060177141138,-0.3553043799414044,-2.4597842356842365
2,N->X,1787466381.7929807,9.744645775994286,161.6,8.230786240605877,-0.36668071444487343,-2.4795409512017033
2,N->X,1787466381.9300196,9.881684870983008,161.7,8.215660855410217,-0.378277507310624,-2.4978514879266838
2,N->X,1787466382.0670884,10.018753844022285,161.8,8.200338027345033,-0.3895925049619836,-2.5153776589506456
2,N->X,1787466382.2059262,10.157591418013908,162.0,8.184836016704963,-0.4006406786045899,-2.531208474271592
2,N->X,1787466382.28288,10.234544757986441,162.1,8.169173844678378,-0.41145199511204356,-2.5450296172271933
2,N->X,1787466382.2961154,10.247780238976702,162.1,8.153372819671928,-0.4220613037747687,-2.556600349853167
2,N->X,1787466382.3073332,10.258997606986668,162.1,8.137455321149673,-0.4325043190395252,-2.5661307613115025
2,N->X,1787466382.3168256,10.268490075017326,162.1,8.121444535779208,-0.442807926466547,-2.573950029015771
2,N->X,1787466382.3887293,10.340394761005882,162.1,8.105358621960693,-0.45299839062584546,-2.580189719328691
2,N->X,1787466382.529072,10.480737191974185,162.2,8.089213501669832,-0.4630994046399584,-2.585038790413625
2,N->X,1787466382.6662714,10.617936846974771,162.3,8.073026008071396,-0.4731304227378863,-2.5885044085102704
2,N->X,1787466382.7414656,10.69313075998798,162.4,8.056793235803472,-0.48310083852183533,-2.5934722948486595
2,N->X,1787466382.7549438,10.706609070999548,162.4,8.040535933101209,-0.49298981959145766,-2.596394313204393
2,N->X,1787466382.8922052,10.843870826007333,162.5,8.02424203096799,-0.5028478014766227,-2.599217528203271
2,N->X,1787466383.0303576,10.982022831973154,162.6,8.007935830168035,-0.5126336772925546,-2.6026573483380475
2,N->X,1787466383.0449636,10.996628593013156,162.7,7.991611869421401,-0.5223846488134652,-2.6029156215426985
2,N->X,1787466383.1816723,11.133337436011061,162.7,7.975249403553642,-0.5321600497552228,-2.6038708707205567
2,N->X,1787466383.257026,11.208691132022068,162.8,7.958845861172071,-0.5418632279699732,-2.6123609673038097
2,N->X,1787466383.3943872,11.3460525770206,162.9,7.942383662183493,-0.5514246125004482,-2.618143261192469
2,N->X,1787466383.410248,11.361912778986152,162.9,7.925906875144457,-0.5609234960783143,-2.6179971691969195
2,N->X,1787466383.484137,11.435802128980868,162.9,7.909441420267465,-0.5704576992838883,-2.614095045692375
2,N->X,1787466383.5595546,11.511219441017602,163.0,7.892996143906361,-0.580072427907997,-2.609938663320563
2,N->X,1787466383.6973784,11.649043702986091,163.1,7.876591973961842,-0.5897642909401962,-2.605208391899498
2,N->X,1787466383.8358655,11.787531190027948,163.2,7.860257042066864,-0.5995110840104152,-2.600656735086981
2,N->X,1787466383.975276,11.926941574027296,163.3,7.843945508191308,-0.6093581705978822,-2.595794447475098
2,N->X,1787466384.0507991,12.002463951008394,163.4,7.827709361981266,-0.6192488632691447,-2.5918483050482006
2,N->X,1787466384.0647142,12.01637883298099,163.5,7.811522803792638,-0.6292214627243887,-2.5853555294888753
2,N->X,1787466384.1381052,12.089769985002931,163.5,7.795315661791729,-0.639313923684795,-2.584681286871741
2,N->X,1787466384.2746117,12.226277528970968,163.6,7.7791391551911255,-0.6493590412982388,-2.5869339835351886
2,N->X,1787466384.4117799,12.363445325987414,163.7,7.762971127365509,-0.659384490686931,-2.5847673750868183
2,N->X,1787466384.550728,12.502393087022938,163.8,7.746845776117507,-0.6694741988159421,-2.5785031065569943
2,N->X,1787466384.687674,12.639339899003971,163.9,7.730788096503894,-0.6796843642737546,-2.570143999811467
2,N->X,1787466384.824389,12.776054185989778,164.0,7.714805809655286,-0.6900412047930832,-2.561640773590394
2,N->X,1787466384.838218,12.789882652985398,164.1,7.698920268010699,-0.7005189640359816,-2.553686022399825
2,N->X,1787466384.849883,12.80154788697837,164.1,7.683129339792269,-0.711123255911203,-2.545089423781075
2,N->X,1787466384.8601053,12.811769558989909,164.1,7.66743696626137,-0.7218612386859351,-2.5364242072534484
2,N->X,1787466384.871177,12.822841630026232,164.1,7.651840145962258,-0.7327324376723597,-2.528008981903714
2,N->X,1787466384.879602,12.831266644003335,164.1,7.636331983718436,-0.7437335522294622,-2.5200155540181313
2,N->X,1787466385.0149462,12.966611657000612,164.2,7.620904968303864,-0.754858949786275,-2.51254872002539
2,N->X,1787466385.0907066,13.042371620016638,164.2,7.6055529764577265,-0.7661006950963208,-2.505600585200277
2,N->X,1787466385.2280586,13.179723713023122,164.3,7.590271301681283,-0.7774499969106959,-2.499153623653784
2,N->X,1787466385.3652177,13.31688276398927,164.5,7.575056401227736,-0.7888975596515916,-2.4931740647158107
2,N->X,1787466385.378289,13.329953601001762,164.5,7.559905250430998,-0.8004347614983373,-2.487647262563969
2,N->X,1787466385.390043,13.341707493993454,164.5,7.544816249396466,-0.8120522060812111,-2.482546105899441
2,N->X,1787466385.528107,13.479772666003555,164.6,7.52978828974117,-0.8237412652989125,-2.477823619211052
2,N->X,1787466385.6648817,13.616546728997491,164.7,7.514819923714567,-0.8354941097988721,-2.4734513496394395
2,N->X,1787466385.80178,13.75344512599986,164.8,7.4999077085497206,-0.8473051206750755,-2.4693949150930883
2,N->X,1787466385.938249,13.889914427010808,164.9,7.485045580888133,-0.859171747989371,-2.465623695170405
2,N->X,1787466386.0752394,14.026904431986623,165.0,7.4702261407249075,-0.8710934819294258,-2.4621101840748296
2,N->X,1787466386.0884008,14.040065807988867,165.1,7.455442948339095,-0.883069797949065,-2.4588235434355488
2,N->X,1787466386.099347,14.051011977018788,165.1,7.440692055287491,-0.8950986943066643,-2.455740175111365
2,N->X,1787466386.1097376,14.061402103980072,165.1,7.425971956017526,-0.9071764454532897,-2.452842644466712
2,N->X,1787466386.1866796,14.138347771018744,165.1,7.4112824023904205,-0.9192987956695732,-2.450114124385672
2,N->X,1787466386.3275456,14.279210519976914,165.2,7.396623787118177,-0.9314615255634816,-2.4475364511155657
2,N->X,1787466386.4648743,14.416539504018147,165.3,7.381997143507314,-0.9436604698837636,-2.44508821485477
2,N->X,1787466386.5424273,14.49409230897436,165.4,7.367403945614861,-0.955891215008315,-2.4427676204162756
2,N->X,1787466386.6192791,14.570944171980955,165.5,7.352844964339761,-0.9681498068483609,-2.4405610057448928
2,N->X,1787466386.6318579,14.583522472996265,165.5,7.338318062974223,-0.980434727892915,-2.438451785721568
2,N->X,1787466386.7053473,14.65701252501458,165.5,7.323818689680711,-0.9927470399546038,-2.4364327154755365
2,N->X,1787466386.8423963,14.794061082007829,165.6,7.309341279414728,-1.0050898745954537,-2.4344937708429115
2,N->X,1787466386.978785,14.930449798994232,165.7,7.294881833173066,-1.0174654986647629,-2.4326221206908554
2,N->X,1787466387.1169188,15.06858372897841,165.8,7.280438746741711,-1.0298740888609597,-2.430801193244568
2,N->X,1787466387.1331277,15.084791973989923,165.9,7.266012749254633,-1.042314097582645,-2.4290330116263097
2,N->X,1787466387.1457484,15.097413339011837,165.9,7.251605062899865,-1.054782590824893,-2.427335603342786
2,N->X,1787466387.2220669,15.173731951974332,165.9,7.237217316869084,-1.0672765139329041,-2.425700855892473
2,N->X,1787466387.239705,15.19136969302781,166.0,7.2228514156020704,-1.0797924189313661,-2.424135277462216
2,N->X,1787466387.3757486,15.327414222992957,166.1,7.208509641602043,-1.0923265867077292,-2.422610692255472
2,N->X,1787466387.4499245,15.401590228022542,166.1,7.194193303204179,-1.1048764292455124,-2.4211377252992796
2,N->X,1787466387.5904448,15.542110353009775,166.2,7.1799011410143905,-1.117441501257949,-2.419709041322046
2,N->X,1787466387.7276149,15.679279937990941,166.3,7.1656292465627685,-1.130024251642217,-2.418312943090339
2,N->X,1787466387.8037863,15.75545122497715,166.4,7.15137294594967,-1.1426280763963714,-2.416948472820257
2,N->X,1787466387.9417725,15.89343724999344,166.5,7.137128898000438,-1.1552552732997492,-2.415611592831258
2,N->X,1787466388.0790744,16.0307390820235,166.6,7.122896213916593,-1.1679058881991893,-2.41429383971676
2,N->X,1787466388.0933375,16.045002555998508,166.7,7.108675526322686,-1.1805788719825814,-2.4129978361217765
2,N->X,1787466388.1040833,16.05574801302282,166.7,7.0944678682812885,-1.1932725012562997,-2.4117479118056595
2,N->X,1787466388.1145825,16.06624722701963,166.7,7.080274631855659,-1.2059846530823037,-2.4105414664205718
2,N->X,1787466388.2508364,16.20250178599963,166.8,7.066097785588813,-1.2187122374991795,-2.409387961759705
2,N->X,1787466388.3881032,16.339768418984022,166.9,7.05194005064085,-1.2314517299778573,-2.408263026540449
2,N->X,1787466388.463816,16.415480925003067,167.0,7.037802972878257,-1.2442011700030275,-2.4071545832982997
2,N->X,1787466388.6023006,16.55396574200131,167.0,7.023685292870589,-1.2569613167899085,-2.4060744257349462
2,N->X,1787466388.6161819,16.567846303980332,167.1,7.00958336531512,-1.2697353040983694,-2.4050188422160748
2,N->X,1787466388.6277905,16.57945501699578,167.1,6.995492509788509,-1.2825266047810668,-2.403978461433961
2,N->X,1787466388.7645566,16.71622198802652,167.2,6.981410544288857,-1.2953375023202216,-2.4029418580242523
2,N->X,1787466388.9031377,16.85480310098501,167.3,6.967336948541393,-1.308168076226218,-2.401915264149686
2,N->X,1787466388.9800253,16.93169019999914,167.4,6.953272143034977,-1.321016833197685,-2.4009093300109323
2,N->X,1787466388.9931505,16.944815333001316,167.4,6.939217133951443,-1.3338823465443936,-2.399927563202334
2,N->X,1787466389.0669637,17.018629283993505,167.4,6.9251733440015215,-1.3467625757599226,-2.398985866857567
2,N->X,1787466389.1436872,17.095352168020327,167.5,6.911143251990618,-1.3596542027936998,-2.3980779436395907
2,N->X,1787466389.2810476,17.232712899975013,167.6,6.897129653877272,-1.3725537283895175,-2.397194870874318
2,N->X,1787466389.357881,17.309546110976953,167.7,6.883133704192662,-1.3854591479715406,-2.3963439306102403
2,N->X,1787466389.3707314,17.322395771974698,167.7,6.869153614184825,-1.398371468163353,-2.3955067720262355
2,N->X,1787466389.5068285,17.458493484999053,167.8,6.855185309047447,-1.4112943059063676,-2.3946837621090267
2,N->X,1787466389.6461816,17.597846834978554,167.9,6.84122489235421,-1.4242311744558278,-2.393861347409229
2,N->X,1787466389.6607218,17.61238643398974,167.9,6.827270369482149,-1.4371839380169518,-2.3930398251994487
2,N->X,1787466389.797216,17.748880646016914,168.0,6.813321750879003,-1.45015240388458,-2.392222922886958
2,N->X,1787466389.9332545,17.884919592004735,168.1,6.799379723421372,-1.463135610177646,-2.391426492763045
2,N->X,1787466390.0708706,18.022535588999745,168.2,6.785445116892741,-1.4761320589054268,-2.3906738624404342
2,N->X,1787466390.145849,18.097513829998206,168.3,6.77152448880174,-1.4891263740028147,-2.3907541161114048
2,N->X,1787466390.1583602,18.1100253110053,168.3,6.757615259320295,-1.5021245853745189,-2.389135228721543
2,N->X,1787466390.2323334,18.183998467982747,168.3,6.743720530241874,-1.5151521954617495,-2.3877304602660945
2,N->X,1787466390.3706,18.32226567697944,168.4,6.729866188729184,-1.5281801755190232,-2.385615796662195
2,N->X,1787466390.4459927,18.397657605004497,168.5,6.716041314214159,-1.5412558837164125,-2.382312668093269
2,N->X,1787466390.5207317,18.472397684992757,168.5,6.702272856835438,-1.5543631531325353,-2.3784648603560674
2,N->X,1787466390.6596854,18.611350228020456,168.6,6.68855112398021,-1.5675511305172196,-2.3733348857596375
2,N->X,1787466390.672707,18.624371682992205,168.7,6.67492268729577,-1.580807880523425,-2.3656798368132597
2,N->X,1787466390.746007,18.697672339971177,168.7,6.661367478572722,-1.5941886723435967,-2.3594369156013757
2,N->X,1787466390.8837721,18.835437036992516,168.8,6.647933152562096,-1.6076409173122757,-2.350440173287048
2,N->X,1787466390.9592364,18.91090122400783,168.9,6.634578841529873,-1.6212395093897594,-2.3436054878774253
2,N->X,1787466391.0342743,18.985939340025652,168.9,6.6213052938925046,-1.634916103754619,-2.3388944352592036
2,N->X,1787466391.0483131,18.999977520026732,169.0,6.6081539228271895,-1.648630292326144,-2.3304741664694384
2,N->X,1787466391.1844592,19.13612436200492,169.1,6.595066870329784,-1.6624846192561624,-2.325195130164889
2,N->X,1787466391.3221085,19.273773922002874,169.2,6.582094545785874,-1.676339222047825,-2.320045211547266
2,N->X,1787466391.336729,19.288394160976168,169.2,6.5692240360497465,-1.6903351381198837,-2.306510364948953
2,N->X,1787466391.4735546,19.425220190023538,169.3,6.556517524902264,-1.7045165412989114,-2.2962053823704522
2,N->X,1787466391.610585,19.56225044000894,169.4,6.543895439310433,-1.7188095105854413,-2.293199549921757
2,N->X,1787466391.7494383,19.701102992985398,169.5,6.531306089501657,-1.7330913754498187,-2.2941118458029885
2,N->X,1787466391.7629232,19.714587882976048,169.6,6.518712423712859,-1.7473438428372297,-2.2952450331206777
2,N->X,1787466391.7744265,19.726090861018747,169.6,6.50607150517349,-1.7616154288362493,-2.297475490241766
2,N->X,1787466391.7842689,19.735933064017445,169.6,6.493440302077983,-1.775820301305383,-2.2982902917243013
2,N->X,1787466391.9206274,19.87229293002747,169.6,6.48079849124181,-1.7899977753484917,-2.299790421366467
2,N->X,1787466392.0590684,20.010733677016106,169.7,6.468157989589139,-1.8042137555464346,-2.2948014587138212
2,N->X,1787466392.1346123,20.086277258989867,169.8,6.455570586441291,-1.818503058957451,-2.291960204374994
2,N->X,1787466392.2714705,20.223135809996165,169.9,6.442966891811179,-1.8328162653604216,-2.295531118340578
2,N->X,1787466392.4094884,20.36115362000419,170.0,6.430308512150054,-1.8470326918738185,-2.302567151655058
2,N->X,1787466392.5470695,20.49873472598847,170.1,6.417528502039936,-1.8611744268304489,-2.310903637939008
2,N->X,1787466392.6891673,20.640833664976526,170.2,6.4046595195053255,-1.8751861303013946,-2.3179136094491746
2,N->X,1787466392.8262062,20.777871967991814,170.3,6.391692990500322,-1.8890971306757927,-2.325074056146116
2,N->X,1787466392.9010549,20.85271984199062,170.4,6.3786025405442714,-1.9029644145479438,-2.331484486622719
2,N->X,1787466392.9139526,20.865617240022402,170.5,6.365456020874091,-1.916689337975492,-2.338311655609485
2,N->X,1787466392.9256299,20.877294747973792,170.5,6.352243006012765,-1.9303898196489273,-2.3376124839423893
2,N->X,1787466392.935944,20.887608617020305,170.5,6.339018429326186,-1.9441095913939128,-2.339339755539357
2,N->X,1787466392.9457924,20.897456933977082,170.5,6.32661451030366,-1.9568763247087217,-2.346582236456129
2,N->X,1787466393.0812216,21.03288756898837,170.5,6.315449079017505,-1.9681689919361074,-2.355463804523344
2,N->X,1787466393.219163,21.17082807800034,170.7,6.301966434879312,-1.9815645898835637,-2.3656020250381684
2,N->X,1787466393.356147,21.307811909995507,170.8,6.288289372697855,-1.9948426118684248,-2.378880529177382
2,N->X,1787466393.496885,21.448550436005462,170.9,6.275390723615925,-2.0070311034997297,-2.392903248040988
2,N->X,1787466393.5731657,21.524831030983478,171.0,6.264664292589209,-2.01689546818375,-2.404557053664116
2,N->X,1787466393.586635,21.538300114974845,171.0,6.253728045214155,-2.02672302439618,-2.416418425574026
2,N->X,1787466393.5977306,21.549395489972085,171.0,6.2426743079551645,-2.036422089912596,-2.428117253897206
2,N->X,1787466393.6705189,21.62218429002678,171.0,6.23208281699529,-2.045506177197007,-2.4385071333841797
2,N->X,1787466393.8109133,21.76257879997138,171.2,6.221700339065408,-2.0542380145968515,-2.44717994684725
2,N->X,1787466393.824759,21.77642350899987,171.2,6.2112379603535866,-2.062880664505873,-2.455887958642053
2,N->X,1787466393.8978176,21.849483049998526,171.2,6.200436054400396,-2.0716507081120548,-2.4636018234284918
2,N->X,1787466393.9738314,21.925496827985626,171.3,6.1890844054960565,-2.0807471349320794,-2.4693404438500397
2,N->X,1787466394.1111307,22.062795963021927,171.4,6.17769510993827,-2.089762400622682,-2.4763076915949616
2,N->X,1787466394.2492394,22.200905104982667,171.5,6.167002235544986,-2.0981026760958437,-2.483024384209735
2,N->X,1787466394.3250947,22.276759920991026,171.6,6.15626012998252,-2.1063649184604465,-2.490172882024937
2,N->X,1787466394.3379714,22.289635803026613,171.6,6.1449939692619395,-2.1148978268173386,-2.497542848311542
2,N->X,1787466394.47366,22.425325325981248,171.7,6.133226199686797,-2.1236741971443958,-2.5051704358933433
2,N->X,1787466394.5489902,22.50065576302586,171.8,6.121413161423474,-2.132341759239345,-2.513248079262381
2,N->X,1787466394.562352,22.514016893983353,171.8,6.11016164506497,-2.140454715683079,-2.521251009146628
2,N->X,1787466394.6995344,22.651199674000964,171.9,6.098854972901469,-2.148471813748162,-2.52922715777326
2,N->X,1787466394.8400648,22.791730404016562,172.0,6.08748070197644,-2.1564009032116167,-2.5371763463232417
2,N->X,1787466394.9174786,22.869143465999514,172.1,6.076308025492693,-2.164054869264781,-2.5452343792425216
2,N->X,1787466394.930615,22.8822799519985,172.1,6.064301697500356,-2.172132550520354,-2.55469853510472
2,N->X,1787466395.0034134,22.95507903897669,172.1,6.052209098918641,-2.180100705675473,-2.5637671703917095
2,N->X,1787466395.1399465,23.091611412994098,172.3,6.040045648597849,-2.1879506519082494,-2.5742534681919382
2,N->X,1787466395.278119,23.229784663999453,172.4,6.028232745503928,-2.195388262382741,-2.586161089976953
2,N->X,1787466395.356536,23.308201193984132,172.5,6.016357895464016,-2.2026834437688967,-2.5960093628671435
2,N->X,1787466395.3704965,23.322161159012467,172.5,6.004333939387927,-2.209895121714417,-2.607765329871932
2,N->X,1787466395.5075428,23.459208814019803,172.6,5.989999700133122,-2.218242211349356,-2.6231544819974784
2,N->X,1787466395.6455631,23.59722855000291,172.7,5.973392634332424,-2.227538204516987,-2.642190444697865
2,N->X,1787466395.7853017,23.736967296979856,172.8,5.956622638910241,-2.236536568690515,-2.6573907775815258
2,N->X,1787466395.8614135,23.813078097009566,172.9,5.939679514277791,-2.2452915587390407,-2.674150086745657
2,N->X,1787466395.8801918,23.83185614401009,172.9,5.922582771124817,-2.2537748870004575,-2.6904046676915025
2,N->X,1787466395.8904917,23.84215609601233,172.9,5.905383330012637,-2.261949011621794,-2.7070224050175944
2,N->X,1787466395.8999078,23.851572907995433,172.9,5.888108889383509,-2.2697818534563767,-2.728851069604144
2,N->X,1787466395.9715877,23.923252929002047,172.9,5.871045433390796,-2.2770325568388015,-2.753894461430391
2,N->X,1787466396.1091983,24.060862999991514,173.0,5.8540517747951215,-2.283793690199418,-2.774070169024287
2,N->X,1787466396.1852758,24.136940696975216,173.2,5.836969925148744,-2.290236037992471,-2.789905692534821
2,N->X,1787466396.2597785,24.211443841981236,173.2,5.820186312703398,-2.2962525476811537,-2.8071268020935185
2,N->X,1787466396.3990328,24.350698166002985,173.3,5.803320189960422,-2.301972208301077,-2.824705636029317
2,N->X,1787466396.5377505,24.489416213997174,173.4,5.786331872987753,-2.307415154997205,-2.8411708663094495
2,N->X,1787466396.6144462,24.5661107780179,173.5,5.769357434586692,-2.312535009532958,-2.8579715687977565
2,N->X,1787466396.6894855,24.641151141026057,173.5,5.751979158930792,-2.31743807469231,-2.88023725158
2,N->X,1787466396.7064798,24.65814492397476,173.6,5.7344670987724955,-2.321923516622329,-2.9055410535093227
2,N->X,1787466396.7175775,24.669242257019505,173.6,5.716095232053893,-2.3261702037676484,-2.926248071158346
2,N->X,1787466396.7907236,24.742388923012186,173.6,5.697458503062117,-2.330110907577111,-2.942472709008707
2,N->X,1787466396.9271932,24.87885847099824,173.7,5.678729303876308,-2.3337738716573413,-2.9570852366324885
2,N->X,1787466397.0649493,25.016614830994513,173.8,5.659976623758149,-2.3371580420206652,-2.971305379947687
2,N->X,1787466397.1417854,25.093450888991356,173.9,5.641184775226248,-2.3402893679176295,-2.9836381288354437
2,N->X,1787466397.278796,25.2304612880107,174.0,5.62230836416758,-2.3431822791648966,-2.9983779733948537
2,N->X,1787466397.3551326,25.30679776199395,174.1,5.6034396706795215,-2.345802264039036,-3.0109270932906367
2,N->X,1787466397.368437,25.320101691002492,174.1,5.584537420423163,-2.3482010209081894,-3.021582038730456
2,N->X,1787466397.3791306,25.330795572022907,174.1,5.565611051786852,-2.3504129463484813,-3.0306020668508884
2,N->X,1787466397.515019,25.466684269020334,174.2,5.5466656997783605,-2.352460938531021,-3.0385896066997313
2,N->X,1787466397.6555424,25.607208716974128,174.3,5.527705045724363,-2.354362610100538,-3.0458610372230033
2,N->X,1787466397.7329547,25.68461977801053,174.4,5.508731619372314,-2.3561304487681833,-3.052712289880474
2,N->X,1787466397.808005,25.759669647028204,174.5,5.489750117114969,-2.3577725145549815,-3.0592875522363125
2,N->X,1787466397.8813734,25.83303832099773,174.5,5.47076324031702,-2.3592909113250156,-3.0657065207479826
2,N->X,1787466397.9562583,25.9079232129734,174.6,5.451769474728668,-2.360686017564119,-3.072012922416458
2,N->X,1787466398.0927565,26.044421357975807,174.6,5.432765892138325,-2.3619615536263567,-3.0781728663790004
2,N->X,1787466398.2297075,26.181372458988335,174.7,5.41375040787401,-2.363121971543422,-3.0842711824406677
2,N->X,1787466398.243211,26.194875772984233,174.8,5.394725193325561,-2.364169498804592,-3.0903517730014705
2,N->X,1787466398.3795915,26.33125635399483,174.9,5.375693047856961,-2.3651010394692698,-3.096520215040893
2,N->X,1787466398.51712,26.46878508501686,175.0,5.3566555370680895,-2.3659124376663687,-3.1026819789319804
2,N->X,1787466398.658741,26.610406238003634,175.1,5.337610064386585,-2.3666066996431696,-3.1087732751372497
2,N->X,1787466398.7965877,26.7482529199915,175.2,5.318557082891337,-2.367186534470266,-3.11488723050505
2,N->X,1787466398.9332864,26.884951620013453,175.3,5.299501907299077,-2.3676522299735687,-3.1209793461897246
2,N->X,1787466399.0720344,27.023699466022663,175.4,5.270927695035314,-2.368131510219898,-3.130041640681673
2,N->X,1787466399.085844,27.037509254994802,175.5,5.251883473460556,-2.3683060337754136,-3.1360050531429082
2,N->X,1787466399.0975103,27.049174736021087,175.5,5.232836993027834,-2.3683691624685386,3.1412741636257384
2,N->X,1787466399.1107907,27.062455355015118,175.5,5.213785347058943,-2.3683219243546487,3.1354858362063553
2,N->X,1787466399.1197805,27.07144547702046,175.5,5.1947303153760505,-2.368164976104902,3.1298029097592823
2,N->X,1787466399.1273031,27.078967514971737,175.5,5.175677025892794,-2.3678989778324344,3.1242522001970214
2,N->X,1787466399.134161,27.085824927024078,175.5,5.15662663064474,-2.3675282376821514,3.118810506476508
2,N->X,1787466399.140846,27.092510347021744,175.5,5.137576216640219,-2.3670564444951907,3.113475961272909
2,N->X,1787466399.275454,27.227119092014618,175.6,5.118524052672639,-2.366485029990419,3.108331394480323
2,N->X,1787466399.4125056,27.364170962013304,175.7,5.099474342153548,-2.3658156206730494,3.103429379029294
2,N->X,1787466399.5508714,27.502537127991673,175.8,5.080436953673997,-2.3650559973727763,3.0992236102125625
2,N->X,1787466399.629193,27.58085819100961,175.9,5.061409669418345,-2.36422444061968,3.095901422823547
2,N->X,1787466399.7044208,27.656086199975107,175.9,5.0422701755574195,-2.3632843664151726,3.0851223456255696
2,N->X,1787466399.841848,27.79351307300385,176.0,5.023242923169147,-2.362142838262966,3.077686977884994
2,N->X,1787466399.9837759,27.93544103601016,176.2,5.004264747731649,-2.3609455978291796,3.081142392534585
2,N->X,1787466400.1224508,28.074116029019933,176.3,4.985274407456424,-2.3598568969183233,3.0903326024719124
2,N->X,1787466400.1378694,28.089534145023208,176.3,4.9662677460535765,-2.358949656509487,3.0995354038013923
2,N->X,1787466400.149423,28.101087537012063,176.3,4.947259922045624,-2.3582207609286407,3.109280549046932
2,N->X,1787466400.222303,28.17396801302675,176.4,4.928245391948245,-2.3576808611268953,3.1198616777808725
2,N->X,1787466400.359548,28.311213098990265,176.5,4.909229920038971,-2.3573502298998723,3.1319834545730307
2,N->X,1787466400.3727033,28.324367920984514,176.5,4.8902138838247255,-2.357266540603189,-3.1371765606399507
2,N->X,1787466400.445826,28.397491199022625,176.5,4.871206366182696,-2.357461829590429,-3.1217714169169373
2,N->X,1787466400.585244,28.5369092199835,176.6,4.8522184788819,-2.3579596308976467,-3.104603481170054
2,N->X,1787466400.7225564,28.674221895984374,176.8,4.833248653326494,-2.3587932170613173,-3.085732368923818
2,N->X,1787466400.8598819,28.811547715973575,176.9,4.814300228431016,-2.3599968025647873,-3.065366080674196
2,N->X,1787466400.9299889,28.881653500022367,177.0,4.795382197022416,-2.3615997979371,-3.043546177119203
2,N->X,1787466400.9383388,28.89000319998013,177.0,4.776505219281184,-2.3636258204906793,-3.020438123000608
2,N->X,1787466401.0730965,29.02476227201987,177.0,4.757682812040795,-2.3660937871286873,-2.9961413600417006
2,N->X,1787466401.1494198,29.10108489502454,177.2,4.738960677203292,-2.369020897367719,-2.97072210327288
2,N->X,1787466401.1634457,29.1151106809848,177.2,4.720257138717098,-2.3724412581664365,-2.945157742971249
2,N->X,1787466401.2994254,29.251091203012038,177.2,4.701657422165497,-2.376335258975672,-2.9203112926230146
2,N->X,1787466401.3746283,29.326293836988043,177.3,4.683146845444286,-2.380686529135261,-2.8966298464606504
2,N->X,1787466401.4507952,29.402460289013106,177.4,4.664778880910855,-2.385459436171114,-2.872414981905584
2,N->X,1787466401.5899506,29.541616528003942,177.5,4.6464754628344975,-2.3906853918080464,-2.8497668904286826
2,N->X,1787466401.6049914,29.55665611801669,177.5,4.628286216376642,-2.3963394330765038,-2.8265652297255057
2,N->X,1787466401.616704,29.568368514999747,177.5,4.6102891938811,-2.4023810481147443,-2.8037909405742503
2,N->X,1787466401.7532754,29.704940685012843,177.6,4.592326876143282,-2.408847958217826,-2.786173285262849
2,N->X,1787466401.890948,29.842613475979306,177.7,4.574540244787818,-2.415566226877719,-2.7715689915294206
2,N->X,1787466401.966962,29.918627239007037,177.8,4.5569083028587185,-2.422563202281701,-2.751069732496153
2,N->X,1787466401.9793065,29.930971227993723,177.8,4.539400517915502,-2.429970821385737,-2.7274190098943536
2,N->X,1787466402.0529206,30.004586298018694,177.8,4.522046460267971,-2.4377919751267925,-2.7054620490146566
2,N->X,1787466402.189728,30.141393499972764,177.9,4.5049065158118236,-2.445962610596661,-2.6835710321980737
2,N->X,1787466402.3275192,30.279184172977693,178.0,4.487881832094765,-2.454526685841355,-2.66421982310113
2,N->X,1787466402.4654424,30.417108257010113,178.2,4.471016720052704,-2.4634290041747473,-2.645019025444327
2,N->X,1787466402.4812467,30.4329114179709,178.2,4.454327044864781,-2.47258150705573,-2.6336149431423928
2,N->X,1787466402.495113,30.44677777698962,178.2,4.437768165787187,-2.4819095616637052,-2.620547607965273
2,N->X,1787466402.5695498,30.52121478598565,178.2,4.4213601783144885,-2.4914874591651404,-2.6023149591614794
2,N->X,1787466402.7066617,30.658326462027617,178.3,4.405117965597148,-2.501391246964125,-2.5830471688130645
2,N->X,1787466402.8454063,30.797071700973902,178.5,4.38907748137435,-2.511586800077652,-2.5647875416418633
2,N->X,1787466402.9827323,30.934397507982794,178.6,4.373211749656521,-2.5220859188798292,-2.5472244647356295
2,N->X,1787466403.0588987,31.010563530027866,178.7,4.357542873786543,-2.5328265552933984,-2.531778742356443
2,N->X,1787466403.071838,31.023502280993853,178.7,4.3420479409356485,-2.543810573810335,-2.5156804445125336
2,N->X,1787466403.0828345,31.03449891397031,178.7,4.32672580775715,-2.555045824382562,-2.4999160665524993
2,N->X,1787466403.1551812,31.106846211012453,178.7,4.311569642309175,-2.5665213061007717,-2.485277128020598
2,N->X,1787466403.2945983,31.246264667017385,178.8,4.296569866626225,-2.5782153465570388,-2.4718900499457943
2,N->X,1787466403.4325435,31.384208382980432,178.9,4.281714969546599,-2.590106417684272,-2.4598199571963693
2,N->X,1787466403.5714445,31.52311018301407,179.0,4.266976785493564,-2.6022646447836086,-2.4487326713497297
2,N->X,1787466403.5841162,31.53578130097594,179.1,4.252400596925912,-2.61451588407263,-2.4388817269431224
2,N->X,1787466403.5948656,31.546529981016647,179.1,4.23790181177742,-2.6268823458663877,-2.430427195419395
2,N->X,1787466403.6670077,31.618673168006353,179.1,4.223508683439944,-2.639361906725055,-2.4231372734702847
2,N->X,1787466403.804165,31.75583080400247,179.2,4.209209238123251,-2.6519362973601863,-2.4169082684287564
2,N->X,1787466403.9416475,31.89331262599444,179.3,4.194990577779874,-2.6645911448732438,-2.4115230703410586
2,N->X,1787466404.0794284,32.03109407197917,179.4,4.180838349152617,-2.6773186491805623,-2.406871667264851
2,N->X,1787466404.2166934,32.16835874598473,179.5,4.166741442398605,-2.690111458090477,-2.4028409975270253
2,N->X,1787466404.2313929,32.18305731099099,179.6,4.152690459763514,-2.702962348886284,-2.3993305319575584
2,N->X,1787466404.2433255,32.194989967974834,179.6,4.138676498657749,-2.715860914801278,-2.3962772593938997
2,N->X,1787466404.2540727,32.20573686802527,179.6,4.1246948198921425,-2.728799284342188,-2.3936195112341787
2,N->X,1787466404.3901432,32.341808720026165,179.7,4.110742523499771,-2.741770937970092,-2.391305799193968
2,N->X,1787466404.5307455,32.48241087398492,179.8,4.096817497410566,-2.7547714459120614,-2.389286754819311
2,N->X,1787466404.670976,32.622641020978335,179.9,4.082919952443793,-2.7677965841903203,-2.3875225756922314
2,N->X,1787466404.8093562,32.76102121302392,180.0,4.069049725524852,-2.7808403788149936,-2.385973799119765
2,N->X,1787466404.946802,32.89846725598909,180.1,4.055193992389703,-2.7939085053710144,-2.384965400661681
2,N->X,1787466404.9619975,32.91366213798756,180.2,4.04137043212937,-2.8069722948858034,-2.3834746131823663
2,N->X,1787466404.9736533,32.925318325986154,180.2,4.0275700345207195,-2.820069291795906,-2.3811842765887286
2,N->X,1787466404.9836774,32.93534180097049,180.2,4.01379171928634,-2.8331986797307316,-2.3796212081452346
2,N->X,1787466405.0557365,33.007401946990285,180.2,4.000036475388439,-2.846348148010783,-2.3774607684633486
2,N->X,1787466405.0697885,33.02145355800167,180.3,3.986306742855486,-2.859547760554842,-2.3744925505250425
2,N->X,1787466405.206196,33.15786143002333,180.3,3.9726029771619937,-2.872784579010866,-2.3729334244801388
2,N->X,1787466405.3439355,33.295600469980855,180.4,3.9589883617655053,-2.885976533804821,-2.3706810249197736
2,N->X,1787466405.4810853,33.4327503030072,180.6,3.9479328782574843,-2.8967851457582396,-2.362605171491877
2,N->X,1787466405.4951422,33.44680692302063,180.6,3.939393583155162,-2.9052897820838703,-2.35293475874037
2,N->X,1787466405.5698848,33.5215495559969,180.6,3.931687476474123,-2.913069974786374,-2.351691898260911
2,N->X,1787466405.7762535,33.727918562013656,180.8,3.9223107047895756,-2.92238024479568,-2.375114321224529
2,N->X,1787466405.9844553,33.93612046801718,180.9,3.913326861745224,-2.9307434069471814,-2.4121001939646916
2,N->X,1787466406.1950157,34.146681489015464,181.1,3.9038911850239093,-2.9388953934101947,-2.4483977455948467
2,N->X,1787466406.219815,34.171479577024,181.2,3.8940544302348528,-2.946805540335681,-2.482087011274972
2,N->X,1787466406.2368517,34.18851642101072,181.2,3.8837506209978256,-2.954557428761521,-2.51277941000939
2,N->X,1787466406.3152163,34.266882091003936,181.2,3.8730695991708872,-2.962111844007787,-2.540656022576872
2,N->X,1787466406.459579,34.41124377498636,181.3,3.8619921211615185,-2.9695071744086707,-2.5660983462547478
2,N->X,1787466406.5959678,34.54763363202801,181.4,3.8527445506819844,-2.9753974972736033,-2.5851311242567694
2,N->X,1787466406.7332194,34.684884323971346,181.6,3.842803465561937,-2.981465004194026,-2.6036142426659286
2,N->X,1787466406.8709428,34.82260779797798,181.7,3.8327007735935177,-2.987388226567235,-2.6208394117663754
2,N->X,1787466407.008004,34.95966888702242,181.8,3.822291888994685,-2.993250919989141,-2.6380246365921827
2,N->X,1787466407.0855286,35.037193029013,181.9,3.811796373868649,-2.998910654523205,-2.6584771060474237
2,N->X,1787466407.0971508,35.048815572983585,181.9,3.8009243983664596,-3.004476393705843,-2.6805072478712324
2,N->X,1787466407.107339,35.05900325201219,181.9,3.789723436747167,-3.0099276815011504,-2.698685664305771
2,N->X,1787466407.116508,35.068172145984136,181.9,3.7782405299923525,-3.0152678181085286,-2.7153803896005586
2,N->X,1787466407.2522638,35.20392894098768,182.0,3.7665339629370527,-3.0204705991443292,-2.7333945868095
2,N->X,1787466407.3895054,35.341171416977886,182.1,3.754598052290881,-3.025527002634889,-2.750643298796952
2,N->X,1787466407.5331783,35.48484713601647,182.2,3.7422127609370257,-3.0304830148305006,-2.775163022086602
2,N->X,1787466407.6149137,35.56657875800738,182.3,3.7295178484065574,-3.0352059542293106,-2.7979966216281387
2,N->X,1787466407.629244,35.58090904302662,182.3,3.7163372423385397,-3.0398023750054666,-2.81492643925681
2,N->X,1787466407.6401858,35.59185027802596,182.3,3.7000004350911024,-3.045215930574341,-2.830083892999308
2,N->X,1787466407.7759469,35.727611991984304,182.4,3.6818192221071806,-3.050932766521265,-2.8460377886214876
2,N->X,1787466407.9139788,35.86564407800324,182.5,3.6635299549517835,-3.05636040884852,-2.8625576074368153
2,N->X,1787466408.0513244,36.0029906409909,182.6,3.6451424496627145,-3.0615032334551397,-2.87803272842054
2,N->X,1787466408.1309586,36.08262352598831,182.7,3.626716576824487,-3.066341962118717,-2.8934772850869157
2,N->X,1787466408.143745,36.09540994197596,182.7,3.6081610540048503,-3.070928819099096,-2.908177688423779
2,N->X,1787466408.1554155,36.10708028799854,182.7,3.5895505242682195,-3.0751728290242912,-2.931057693251084
2,N->X,1787466408.291295,36.2429606160149,182.8,3.5708712240044007,-3.078996050091657,-2.951087588812841
2,N->X,1787466408.42941,36.381075063021854,182.9,3.5521612022370848,-3.0824894799105715,-2.9644103976279315
2,N->X,1787466408.5668628,36.51852795097511,183.0,3.5334003999957573,-3.0857684620988857,-2.974023260610196
2,N->X,1787466408.7040515,36.655716290988494,183.1,3.514606198980414,-3.0888844878597053,-2.981670459416692
2,N->X,1787466408.8413663,36.7930326340138,183.2,3.495761200316673,-3.091866378131879,-2.9892986202346523
2,N->X,1787466408.9809337,36.93259911099449,183.4,3.4769286236220727,-3.094691657116744,-2.996733807821609
2,N->X,1787466409.1222363,37.07390152098378,183.5,3.4580914041879143,-3.0974061230595256,-3.0001686038232185
2,N->X,1787466409.262814,37.214478980982676,183.6,3.4298231391909546,-3.1014022961290224,-3.0015797346160453
2,N->X,1787466409.3997488,37.35141381598078,183.7,3.401480861113232,-3.105353799832593,-3.0083697724146456
2,N->X,1787466409.4758825,37.42754784098361,183.8,3.3825908298125236,-3.107813203094815,-3.016918955622735
2,N->X,1787466409.4883192,37.439983976015355,183.8,3.363706449942944,-3.1101484043630725,-3.019759714958953
2,N->X,1787466409.4987507,37.45041588402819,183.8,3.3448260532665937,-3.11246149151693,-3.0186740743076426
2,N->X,1787466409.5082865,37.459951144992374,183.8,3.3259481956414607,-3.1148178238564963,-3.014859774937728
2,N->X,1787466409.516719,37.468383240979165,183.8,3.307078003274608,-3.1172585859403115,-3.0095220040674793
2,N->X,1787466409.524252,37.47591639100574,183.8,3.2882224685992574,-3.1198064064055844,-3.0031766952424035
2,N->X,1787466409.5309045,37.48256879602559,183.8,3.2693859150580464,-3.122478672677163,-2.996096209894332
2,N->X,1787466409.5372388,37.488902928016614,183.8,3.2505448782936446,-3.1252802223435436,-2.9904730432056073
2,N->X,1787466409.60607,37.55773528601276,183.8,3.231753338482376,-3.128191954175005,-2.98338291772206
2,N->X,1787466409.6193967,37.57106175099034,183.9,3.2129451584709185,-3.131247690112317,-2.9765512026223298
2,N->X,1787466409.7555034,37.70716922299471,184.0,3.194197047299302,-3.134411867241698,-2.9700914242547998
2,N->X,1787466409.8944616,37.84612681198632,184.1,3.175423894852246,-3.1377185595029218,-2.9631294171606095
2,N->X,1787466410.0307481,37.9824135020026,184.2,3.156726782293679,-3.141132644411573,-2.956650365623334
2,N->X,1787466410.1684391,38.120105064997915,184.3,3.138056715079363,-3.144694748073668,-2.946814194840424
2,N->X,1787466410.3071413,38.25880682299612,184.4,3.1193248435033945,-3.148428271434365,-2.943122539981421
2,N->X,1787466410.3839614,38.3356260569999,184.5,3.1006674822173395,-3.15218652797886,-2.941369280629163
2,N->X,1787466410.3973603,38.34902577102184,184.5,3.0820447363462806,-3.156008869383966,-2.9340851298239503
2,N->X,1787466410.4713433,38.42300905799493,184.5,3.0634718315095495,-3.160004039444238,-2.921851144644211
2,N->X,1787466410.5477145,38.49937982199481,184.6,3.044927585659756,-3.1642433279488182,-2.908806213220112
2,N->X,1787466410.6853878,38.63705375598511,184.7,3.026428097578912,-3.168738500878302,-2.894927268561461
2,N->X,1787466410.8235064,38.77517194498796,184.8,3.0080245634920892,-3.1734744311719894,-2.880881261287033
2,N->X,1787466410.9637594,38.91542469797423,184.9,2.989636993902107,-3.1784743056857203,-2.8686361991465
2,N->X,1787466411.1036599,39.05532477598172,185.0,2.9713062556559344,-3.183711830563816,-2.855744449136603
2,N->X,1787466411.1179285,39.06959327298682,185.1,2.953066036290745,-3.189133198393945,-2.847906113985134
2,N->X,1787466411.1293144,39.080979018006474,185.1,2.9349108258934993,-3.194711926544972,-2.8351602547173163
2,N->X,1787466411.1402135,39.09187820501393,185.1,2.9168547566266407,-3.200567118034992,-2.8160771690740205
2,N->X,1787466411.2761998,39.22786528902361,185.2,2.8988757027814795,-3.2067914451375765,-2.7964307148224283
2,N->X,1787466411.413507,39.365172839025036,185.3,2.8810088005672934,-3.213364739629504,-2.7780483019991413
2,N->X,1787466411.4902916,39.44195663899882,185.4,2.8632991148191036,-3.2202679479814846,-2.7589844011303706
2,N->X,1787466411.6274333,39.57909848401323,185.4,2.8470105469941025,-3.2269290466252105,-2.744806414313552
2,N->X,1787466411.6423318,39.59399650699925,185.5,2.8308065841215346,-3.2338571258490414,-2.725603897328269
2,N->X,1787466411.6544566,39.60612111299997,185.5,2.8146751430838632,-3.2411763004815484,-2.70105898298213
2,N->X,1787466411.7974913,39.749156627978664,185.6,2.7984071881837362,-3.2490560613711255,-2.6760733864313457
2,N->X,1787466411.9356768,39.887341947993264,185.7,2.7817929775293875,-3.257614204470084,-2.6522791303310216
2,N->X,1787466412.0775006,40.02916614001151,185.8,2.7651272010550265,-3.2666991177741376,-2.62838180375818
2,N->X,1787466412.215907,40.16757242399035,185.9,2.7487405851340854,-3.2761212733689824,-2.6085121639028674
2,N->X,1787466412.3534403,40.30510568199679,186.0,2.7325419450239554,-3.2858517737366513,-2.5907441409125904
2,N->X,1787466412.4907143,40.44237951200921,186.1,2.71637238010059,-3.295880025640757,-2.581504423235622
2,N->X,1787466412.626987,40.57865245902212,186.2,2.7003062446235395,-3.306042775689306,-2.571530339959062
2,N->X,1787466412.640518,40.592182923981454,186.3,2.684384412076997,-3.3163789820526133,-2.5572937945677814
2,N->X,1787466412.65209,40.60375449102139,186.3,2.668615216547067,-3.326965633535372,-2.540787234788188
2,N->X,1787466412.6629689,40.61463343602372,186.3,2.653017551930853,-3.337822928525351,-2.5237664133629676
2,N->X,1787466412.6723235,40.62398805801058,186.3,2.63863820766435,-3.35155998471404,-2.510257245493699
2,N->X,1787466412.6812637,40.63292803399963,186.3,2.62244146799463,-3.3602579755332225,-2.502417289535219
2,N->X,1787466412.6895206,40.64118504297221,186.3,2.6071721018012584,-3.371654544320231,-2.496201181653772
2,N->X,1787466412.7595084,40.71117390599102,186.3,2.5919878824711007,-3.383156174335998,-2.488830392351673
2,N->X,1787466412.896834,40.84849932801444,186.5,2.576895542625371,-3.39477267706484,-2.48110978223228
2,N->X,1787466413.0373294,40.98899460298708,186.6,2.561899576659016,-3.406502921404588,-2.473526402675013
2,N->X,1787466413.174953,41.12661839998327,186.7,2.54699703194762,-3.4183418598581747,-2.4663513124601906
2,N->X,1787466413.1880176,41.13968257897068,186.7,2.5321813353513396,-3.4302835791751076,-2.4597102477450368
2,N->X,1787466413.3237877,41.27545349299908,186.8,2.517443366602555,-3.442321432870383,-2.4536581457985807
2,N->X,1787466413.4610295,41.412694613973144,186.9,2.5027726254449165,-3.454447277737751,-2.4481571020315833
2,N->X,1787466413.5987787,41.550443365005776,187.0,2.488159661871724,-3.4666509243032366,-2.4431816163531503
2,N->X,1787466413.7376735,41.689338136988226,187.1,2.4735994899688514,-3.4789240814377034,-2.438700312377062
2,N->X,1787466413.8769717,41.828636693011504,187.2,2.4590885602900268,-3.4912580888867963,-2.434643615584596
2,N->X,1787466414.014041,41.96570613398217,187.3,2.4446246809803736,-3.5036480487448896,-2.430987201318685
2,N->X,1787466414.1528823,42.104548147006426,187.4,2.43020618054062,-3.5160880605902127,-2.42770033540805
2,N->X,1787466414.29315,42.24481512798229,187.5,2.415831539693309,-3.5285707732799096,-2.4247406723719864
2,N->X,1787466414.4306939,42.382359286013525,187.7,2.401499211274518,-3.541090308081665,-2.4220606767198283
2,N->X,1787466414.443962,42.39562709501479,187.7,2.387204763760658,-3.553643547474115,-2.4196231074578325
2,N->X,1787466414.4612534,42.41291821899358,187.7,2.3729417167213436,-3.566230220359278,-2.417391429258141
2,N->X,1787466414.4712489,42.42291323101381,187.7,2.358703225771423,-3.578851374353443,-2.415330757926202
2,N->X,1787466414.4799967,42.43166146898875,187.7,2.344484649393448,-3.5915065703942948,-2.413414108267704
2,N->X,1787466414.488228,42.439892505004536,187.8,2.330283681982434,-3.604193896915564,-2.411622734093705
2,N->X,1787466414.495291,42.4469551310176,187.8,2.316099629887579,-3.6169102638866253,-2.4099527401691767
2,N->X,1787466414.5018997,42.453563915973064,187.8,2.3019323844729667,-3.6296523807174945,-2.4084014615815357
2,N->X,1787466414.5073981,42.45906229899265,187.8,2.2877825901943076,-3.6424167733842743,-2.4069488697066745
2,N->X,1787466414.5755904,42.527255975990556,187.8,2.273651941813658,-3.655199444758956,-2.4055882302573304
2,N->X,1787466414.7136893,42.66535451897653,187.9,2.259542472031487,-3.6679962085119997,-2.404308540915403
2,N->X,1787466414.8506615,42.802327001991216,188.0,2.2454546862615694,-3.6808045816890615,-2.403098919986201
2,N->X,1787466414.991018,42.94268337497488,188.1,2.2313863271840844,-3.6936250965164876,-2.4019440117279087
2,N->X,1787466415.1280816,43.07974703598302,188.2,2.217333014440325,-3.7064608005224366,-2.4008350346017475
2,N->X,1787466415.2680142,43.219680253008846,188.3,2.2032906661834195,-3.719314525684383,-2.3997609666169866
2,N->X,1787466415.343037,43.29470309097087,188.4,2.189257369096146,-3.732186591341084,-2.3987058602709577
2,N->X,1787466415.480963,43.43262838100782,188.5,2.1752332502828047,-3.7450762941739573,-2.3976797336993307
2,N->X,1787466415.493885,43.445549560012296,188.5,2.161219752180017,-3.757982584967477,-2.396688893929098
2,N->X,1787466415.631071,43.58273671497591,188.6,2.1472192369844074,-3.770905819362726,-2.3957373247183846
2,N->X,1787466415.7696888,43.72135479497956,188.7,2.1332319045676598,-3.7838435687171392,-2.3948367360045713
2,N->X,1787466415.9067862,43.85845161002362,188.8,2.119258564004269,-3.796791441956152,-2.3939788007550975
2,N->X,1787466415.9220212,43.873685615020804,188.9,2.10530090181056,-3.809745548999106,-2.3931497641644786
2,N->X,1787466415.9330864,43.88475153798936,188.9,2.0913597551097705,-3.8227052083578004,-2.3923490094666606
2,N->X,1787466415.942988,43.89465256599942,188.9,2.0774322751614,-3.8356718500954656,-2.3915707409863236
2,N->X,1787466416.0792065,44.03087165899342,189.0,2.063514635102784,-3.848649709905973,-2.3908006160036646
2,N->X,1787466416.2168334,44.168498101003934,189.1,2.049602951747971,-3.8616416862975784,-2.39003606141527
2,N->X,1787466416.3541477,44.30581330897985,189.2,2.035696006936168,-3.8746489479120214,-2.3892707455378464
2,N->X,1787466416.4908202,44.442485763982404,189.3,2.0217942598432703,-3.887671001139237,-2.388509318945689
2,N->X,1787466416.567387,44.51905177300796,189.4,2.007928443170303,-3.9006749201321416,-2.388360402460537
2,N->X,1787466416.5803497,44.532014170021284,189.4,1.994045446804204,-3.9136898187480242,-2.388270248522231
2,N->X,1787466416.5916781,44.543343077995814,189.4,1.9801539414303404,-3.926732754524278,-2.386970825083994
2,N->X,1787466416.6635766,44.61524123401614,189.4,1.9662752233751566,-3.939792371904014,-2.386404967770605
2,N->X,1787466416.676703,44.62836845201673,189.5,1.952396589377052,-3.952846362945146,-2.3878365645856015
2,N->X,1787466416.8140454,44.765710391977336,189.6,1.9385016743824162,-3.965866257882195,-2.3903491176432445
2,N->X,1787466416.8897784,44.841444209974725,189.6,1.9245768090566784,-3.9788434077410915,-2.3932428891933295
2,N->X,1787466417.0288923,44.98055740399286,189.7,1.910615752460658,-3.9917784896564243,-2.3960729227202484
2,N->X,1787466417.1672044,45.11887010600185,189.8,1.896644828987474,-4.00467915045459,-2.395773209481402
2,N->X,1787466417.246457,45.19812259799801,189.9,1.8826544743946303,-4.017603553995259,-2.396175055592656
2,N->X,1787466417.3229694,45.274634719011374,190.0,1.8686505915761966,-4.030520045267449,-2.397341843481404
2,N->X,1787466417.336111,45.28777557099238,190.0,1.8546266115075805,-4.043420683560732,-2.398825206304679
2,N->X,1787466417.409385,45.36105030402541,190.0,1.8405812896581635,-4.056301111377503,-2.4003261306547645
2,N->X,1787466417.547166,45.49883206700906,190.2,1.8265182136246043,-4.069161452195776,-2.401671753690612
2,N->X,1787466417.684524,45.63618927402422,190.3,1.8124426221827097,-4.0820009299689595,-2.4028179206837468
2,N->X,1787466417.6978984,45.64956327097025,190.3,1.7983604693287545,-4.094820540284968,-2.4036956233683324
2,N->X,1787466417.7714725,45.72313794598449,190.3,1.7842741153961077,-4.107622755633739,-2.404365217555664
2,N->X,1787466417.9087305,45.860395651019644,190.4,1.770184289923216,-4.120412592023065,-2.40481627795352
2,N->X,1787466417.9874732,45.939137651992496,190.6,1.7560897894661647,-4.133197445437874,-2.4050582236391276
2,N->X,1787466418.061365,46.01303058501799,190.6,1.7419901224257008,-4.14598359089797,-2.4051001457043077
2,N->X,1787466418.1999245,46.15158958500251,190.7,1.72788646035097,-4.158775539440059,-2.404954323345072
2,N->X,1787466418.3371758,46.288840668974444,190.8,1.7137801905308852,-4.171573995868956,-2.404682096577269
2,N->X,1787466418.41423,46.36589484201977,190.9,1.6996748830937922,-4.184379635425103,-2.404234266093628
2,N->X,1787466418.4267714,46.37843659200007,190.9,1.6855768807157556,-4.197194307361222,-2.4034054348609386
2,N->X,1787466418.437658,46.389322660979815,190.9,1.6715288283573244,-4.2100188844370345,-2.3990925391896787
2,N->X,1787466418.5096858,46.46135101898108,190.9,1.6575523287940654,-4.222900938016798,-2.393289324964235
2,N->X,1787466418.6486082,46.60027352202451,191.0,1.64365849403384,-4.235903055168713,-2.384252488203879
2,N->X,1787466418.6614914,46.6131557149929,191.1,1.629882832566981,-4.249024124643573,-2.3758286575807546
2,N->X,1787466418.7343917,46.68605739402119,191.1,1.6162664824899677,-4.262248438720143,-2.3638114310854323
2,N->X,1787466418.8094184,46.7610841349815,191.2,1.6027695793765044,-4.275665347070617,-2.3535577391344535
2,N->X,1787466418.9467103,46.89837582898326,191.3,1.5894360983233735,-4.289184779720552,-2.342787222987515
2,N->X,1787466419.0866528,47.03831838798942,191.4,1.5762336371113281,-4.302900419465513,-2.3303149935275242
2,N->X,1787466419.2247598,47.17642488802085,191.5,1.5632288792443585,-4.316732880161537,-2.3179576714521115
2,N->X,1787466419.3635566,47.3152217810275,191.6,1.5504285814638263,-4.33078256602296,-2.2981240951077266
2,N->X,1787466419.501386,47.45305167097831,191.7,1.5378842095626557,-4.345110703363286,-2.2800544503823152
2,N->X,1787466419.5785997,47.5302643069881,191.8,1.5255785771742125,-4.359620656096835,-2.2667459490399047
2,N->X,1787466419.5915494,47.543214126024395,191.8,1.5134826920358548,-4.374265632749351,-2.2536648677071565
2,N->X,1787466419.6035016,47.555166032980196,191.8,1.5016011124859228,-4.38905162996879,-2.239462701896756
2,N->X,1787466419.6136308,47.565295748994686,191.9,1.489952163529211,-4.403997549978713,-2.2235462017807723
2,N->X,1787466419.6227908,47.57445550500415,191.9,1.4785622592848766,-4.419125563956667,-2.2056879285194246
2,N->X,1787466419.758314,47.709979920997284,191.9,1.467480334377944,-4.434487607888262,-2.1818170632659264
2,N->X,1787466419.8960812,47.84774691401981,192.0,1.4567666593770296,-4.45009597611369,-2.1611163001730995
2,N->X,1787466420.0349786,47.986644287011586,192.1,1.4463364119190802,-4.465872892057153,-2.1470630062027096
2,N->X,1787466420.1116748,48.0633404449909,192.3,1.436228074366505,-4.481631550384818,-2.1328695777555224
2,N->X,1787466420.1866279,48.13829321897356,192.3,1.4265038854186691,-4.49729500022698,-2.117002743966379
2,N->X,1787466420.3244264,48.27609197801212,192.4,1.417164729479909,-4.512913951065459,-2.098995889772005
2,N->X,1787466420.463805,48.41547086299397,192.5,1.4082498237854972,-4.528564166117786,-2.073618596334809
2,N->X,1787466420.6034331,48.5550985650043,192.6,1.3996304793548864,-4.544608843379427,-2.0513909883777375
2,N->X,1787466420.617287,48.5689520459855,192.7,1.391184801996769,-4.561072986874726,-2.0365716081366894
2,N->X,1787466420.629143,48.58080787298968,192.7,1.3829146982995189,-4.577744870764093,-2.02400258466282
2,N->X,1787466420.6399484,48.59161333402153,192.7,1.3749085099350666,-4.594419017455095,-2.0101792408142467
2,N->X,1787466420.6495752,48.6012401250191,192.7,1.367204244228503,-4.611091359523045,-1.9936740378672444
2,N->X,1787466420.785576,48.73724203999154,192.7,1.359850246739152,-4.6278810374183745,-1.9683985282713716
2,N->X,1787466420.9237309,48.87539675901644,192.9,1.352882172920786,-4.644934850599887,-1.9456478695158554
2,N->X,1787466420.9373388,48.88900391198695,192.9,1.3466967559941383,-4.660945023996535,-1.9308059756115725
2,N->X,1787466421.0744157,49.02608090097783,193.0,1.342350076941755,-4.672685259131799,-1.9171048890669573
2,N->X,1787466421.221452,49.173117408005055,193.1,1.3383383229738144,-4.684122284261377,-1.8965508977952463
2,N->X,1787466421.4289384,49.38060377398506,193.2,1.3348396376905014,-4.694800348383129,-1.874547476188919
2,N->X,1787466421.636335,49.587999620998744,193.4,1.3315951390918992,-4.705567663344576,-1.8442992243614968
2,N->X,1787466421.6571486,49.60881317302119,193.5,1.3286827330022426,-4.716637318873974,-1.8081495629576716
2,N->X,1787466421.6738482,49.6255129170022,193.5,1.3256201819746654,-4.729933689734712,-1.7836011983550817
2,N->X,1787466421.8146925,49.7663579559885,193.5,1.3228377406488425,-4.743419609041934,-1.7609107089633942
2,N->X,1787466421.9594462,49.911111071007326,193.7,1.3204123183573373,-4.756962672155924,-1.7282160911194433
2,N->X,1787466422.1652436,50.116908751020674,193.8,1.3183910342167713,-4.770981275832577,-1.696193796964531
2,N->X,1787466422.2494433,50.20110801997362,193.9,1.3166722036821037,-4.785920456279703,-1.6706515549694805
2,N->X,1787466422.386545,50.33820979902521,194.0,1.3157169906855386,-4.796112835953523,-1.6533233422139402
2,N->X,1787466422.4693599,50.42102533800062,194.0,1.3149304569480993,-4.806516326995291,-1.6348902866825925
2,N->X,1787466422.6077595,50.5594244619715,194.2,1.3143249748256838,-4.817002896050016,-1.617868065223377
2,N->X,1787466422.6225753,50.57424044201616,194.2,1.313895789722466,-4.82756967020963,-1.6007732952816658
2,N->X,1787466422.6964526,50.64811861497583,194.2,1.3136480400406327,-4.838273595859501,-1.5829990573367927
2,N->X,1787466422.8348668,50.786532350990456,194.3,1.3135930052266238,-4.84905322676924,-1.5642632836888575
2,N->X,1787466422.9721553,50.923821074014995,194.4,1.3137453015216687,-4.859979443244305,-1.5443969762473295
2,N->X,1787466423.0518522,51.003516700002365,194.6,1.3141214776628447,-4.870966494185416,-1.523271212093962
2,N->X,1787466423.0632508,51.0149151100195,194.6,1.3147468955284585,-4.88213080765895,-1.5007803176178294
2,N->X,1787466423.0731885,51.02485315297963,194.6,1.315647671373512,-4.893502467448839,-1.476837871710688
2,N->X,1787466423.1447854,51.09645052201813,194.6,1.3167795148610888,-4.904407102072627,-1.45013675117895
2,N->X,1787466423.284021,51.23568667698419,194.7,1.3183243424518414,-4.916034812532341,-1.420540804007482
2,N->X,1787466423.4227166,51.37438197701704,194.8,1.320233877438252,-4.927843079522284,-1.3944327398303513
2,N->X,1787466423.4983418,51.450007714971434,194.9,1.3226664389008713,-4.940773433211272,-1.369724873674647
2,N->X,1787466423.635649,51.58731433597859,195.0,1.3254463054476329,-4.953823415480043,-1.3481957438760113
2,N->X,1787466423.7745616,51.72622692899313,195.1,1.328620392892518,-4.967301742082742,-1.3259261507944002
2,N->X,1787466423.8505886,51.80225349002285,195.2,1.3321892934304485,-4.9810225073209375,-1.2998722774026892
2,N->X,1787466423.862608,51.81427294499008,195.2,1.3362288900614594,-4.995054247800942,-1.2777784481663652
2,N->X,1787466423.8730612,51.824725470971316,195.2,1.3408360789425844,-5.009940902881388,-1.2594684651283723
2,N->X,1787466423.8826053,51.83426997001516,195.2,1.3457844827425296,-5.024849264620762,-1.2353714056796994
2,N->X,1787466423.9539988,51.90566443599528,195.2,1.3507661314558455,-5.038684897045048,-1.2080838907940046
2,N->X,1787466424.0917385,52.043403975025285,195.4,1.3545458152547971,-5.048367025107635,-1.1835195238577751
2,N->X,1787466424.2979763,52.249641116999555,195.5,1.360241551718332,-5.061657617711172,-1.1429145268773406
2,N->X,1787466424.4461539,52.39781945198774,195.7,1.3699527851597029,-5.075174527900217,-1.1042700344086207
2,N->X,1787466424.5853992,52.53706483502174,195.8,1.372268540739656,-5.085654832140336,-1.08217518034125
2,N->X,1787466424.6608782,52.61254363600165,195.9,1.377237193559114,-5.094814948499673,-1.059164718775924
2,N->X,1787466424.6741436,52.625808604992926,195.9,1.3830380579175945,-5.10490862121021,-1.0354675113143899
2,N->X,1787466424.8102791,52.761944684025366,195.9,1.389692207665163,-5.11587736608193,-1.010722885494779
2,N->X,1787466424.8862307,52.83789662097115,196.0,1.3969308023632996,-5.127162895722146,-0.9861896023788885
2,N->X,1787466425.0255523,52.97721736499807,196.1,1.4045982770839798,-5.13855819866515,-0.9682368338894063
2,N->X,1787466425.1626883,53.114353627024684,196.2,1.4126239843176707,-5.15003366577803,-0.9489846628104631
2,N->X,1787466425.1765518,53.12821737199556,196.3,1.4213628081526275,-5.161981194090834,-0.9247643558382846
2,N->X,1787466425.1888936,53.140558180981316,196.3,1.4306206883900903,-5.173987098941144,-0.899373706726319
2,N->X,1787466425.1994946,53.15115926397266,196.3,1.4404534907764677,-5.186103192981736,-0.8742757138899157
2,N->X,1787466425.272111,53.223776846018154,196.3,1.4512059842577847,-5.198735833565704,-0.8524456272638092
2,N->X,1787466425.4089205,53.360586208989844,196.4,1.4625538882012328,-5.211459358843925,-0.8283956059113622
2,N->X,1787466425.4849343,53.43659941497026,196.5,1.47463743505979,-5.224435997495316,-0.8107059482635953
2,N->X,1787466425.5592778,53.51094272598857,196.5,1.487388144675236,-5.237661912856069,-0.7925470137303724
2,N->X,1787466425.699089,53.65075419499772,196.7,1.5003800803313714,-5.250614143951442,-0.7702500901740852
2,N->X,1787466425.7131035,53.664768679998815,196.7,1.513656652274423,-5.263240765520765,-0.7456110308279863
2,N->X,1787466425.7890854,53.74075153697049,196.7,1.5273941667818949,-5.275685384587896,-0.7225198453279694
2,N->X,1787466425.9302032,53.88186869502533,196.8,1.5432884694291111,-5.285770390141283,-0.699368081778783
2,N->X,1787466425.9993637,53.951028281997424,196.9,1.5489246749026309,-5.29422831932007,-0.6887410932902723
2,N->X,1787466426.1367984,54.08846469497075,197.0,1.5638729406250031,-5.306052429612717,-0.6691120805076234
2,N->X,1787466426.2743664,54.22603141202126,197.1,1.5788896546024764,-5.3177546715818735,-0.6514174299019829
2,N->X,1787466426.4109504,54.362615721009206,197.2,1.5941075673319096,-5.329199801356736,-0.635412610817689
2,N->X,1787466426.5486069,54.500271897995844,197.3,1.6095004231263652,-5.3404092255863755,-0.6211609168903452
2,N->X,1787466426.5621529,54.51381753699388,197.4,1.6250446175479536,-5.351406959458221,-0.6085887047799275
2,N->X,1787466426.573326,54.52499054197688,197.4,1.6407204625283693,-5.362216677567983,-0.5974735839556924
2,N->X,1787466426.5835721,54.53523760201642,197.4,1.6565100200407061,-5.372857241499584,-0.5875268795293578
2,N->X,1787466426.5933263,54.54499076498905,197.4,1.6724017381810035,-5.383356557585598,-0.5800954265914992
2,N->X,1787466426.6017969,54.55346103198826,197.4,1.688355671906437,-5.393752893938683,-0.575196532047982
2,N->X,1787466426.6722643,54.6239306560019,197.4,1.7043503088528444,-5.404084429057914,-0.5718325598991972
2,N->X,1787466426.8098445,54.76150994200725,197.6,1.720335176019637,-5.414345270311784,-0.5688310362354476
2,N->X,1787466426.9505115,54.90217646298697,197.7,1.7363955601975423,-5.424584888738591,-0.5657691239087133
2,N->X,1787466427.0250223,54.97668761201203,197.7,1.7524333696745984,-5.434749357688525,-0.5626786900712882
2,N->X,1787466427.162221,55.113886345003266,197.8,1.7685540793908936,-5.444882692114675,-0.5589025757378819
2,N->X,1787466427.3042219,55.25588696700288,198.0,1.7846578031047426,-5.454899985972002,-0.5523841441509498
2,N->X,1787466427.318291,55.26995619002264,198.0,1.8008870558575067,-5.4648497803667535,-0.5467272898146728
2,N->X,1787466427.3308353,55.282500180997886,198.0,1.8171155866113002,-5.474648362125362,-0.5379740189259284
2,N->X,1787466427.4726713,55.42433615901973,198.1,1.8334933981388577,-5.484354926501876,-0.53152614235973
2,N->X,1787466427.5521462,55.50381141301477,198.2,1.8498613342544963,-5.4938832446043095,-0.5197419984284688
2,N->X,1787466427.5649323,55.51659703097539,198.2,1.8664358727259938,-5.50323140848792,-0.5050170000426112
2,N->X,1787466427.702358,55.65402313199593,198.3,1.8831526335413658,-5.5123732073677765,-0.4951112330473005
2,N->X,1787466427.8385322,55.790197072026785,198.4,1.899933206599052,-5.521371009472931,-0.4880643059558179
2,N->X,1787466427.9771163,55.92878152400954,198.5,1.9167742726190673,-5.5302475269127065,-0.4810383580853787
2,N->X,1787466428.0538638,56.00552859698655,198.6,1.9336801788607105,-5.539021647894554,-0.47618890329959046
2,N->X,1787466428.0661967,56.017976366973016,198.6,1.9506396146591616,-5.547765380328967,-0.4768332888430805
2,N->X,1787466428.0774558,56.02912034699693,198.6,1.9675420989108268,-5.556521726854965,-0.4800022092933547
2,N->X,1787466428.213509,56.16517420602031,198.7,1.984401835528861,-5.565313332752688,-0.48184997984922573
2,N->X,1787466428.35157,56.30323502601823,198.8,2.0012405562655164,-5.574116685782937,-0.48160709476997043
2,N->X,1787466428.4882786,56.43994355300674,198.9,2.0180766275401196,-5.58289624378202,-0.4790412888328132
2,N->X,1787466428.628306,56.57997089397395,199.0,2.034990657373991,-5.591653802236188,-0.47689424973333144
2,N->X,1787466428.6424325,56.59409763698932,199.1,2.0518559264886638,-5.600364778586206,-0.4757010285049376
2,N->X,1787466428.7160866,56.6677527819993,199.1,2.0687966770630424,-5.609023855856738,-0.4672218838640163
2,N->X,1787466428.8541596,56.80582502298057,199.2,2.085839373091845,-5.617556565679926,-0.4610330442301614
2,N->X,1787466428.8686304,56.82029505097307,199.3,2.1029295224396605,-5.626030433744858,-0.4606766760530627
2,N->X,1787466428.8799338,56.83159879798768,199.3,2.1199897605590934,-5.634490106895899,-0.4603959773222358
2,N->X,1787466428.8915586,56.84322366502602,199.3,2.13703000491374,-5.642945485223032,-0.46046532388323264
2,N->X,1787466429.0278494,56.979514352977276,199.3,2.1540589453518715,-5.651369123773357,-0.45716717600792406
2,N->X,1787466429.1651814,57.11684658500599,199.5,2.1711805670056075,-5.659754751508337,-0.4543658406806159
2,N->X,1787466429.1799095,57.1315740160062,199.5,2.188312756533579,-5.668139530193596,-0.4580599370793016
2,N->X,1787466429.3161657,57.267831125995144,199.6,2.2053247460613115,-5.676574974716858,-0.4624956710632316
2,N->X,1787466429.4546776,57.40634325699648,199.7,2.222371563742486,-5.685032276439832,-0.4574266445363027
2,N->X,1787466429.5926764,57.54434136097552,199.8,2.2394797903381867,-5.693429490588785,-0.4563952216074855
2,N->X,1787466429.6715152,57.62318013102049,199.9,2.2565883883431344,-5.7018652589768895,-0.4622778733891635
2,N->X,1787466429.6857712,57.63743595202686,199.9,2.2736158695712048,-5.710418440508187,-0.47106999742276096
2,N->X,1787466429.6986823,57.650346698996145,199.9,2.290547971105944,-5.719109483209826,-0.4787400557451293
2,N->X,1787466429.8341928,57.78585766698234,200.0,2.307439371246566,-5.727879148401103,-0.4789851348786977
2,N->X,1787466429.9116595,57.863324197998736,200.1,2.3243380222915597,-5.736619085146824,-0.4750392028940869
2,N->X,1787466429.924054,57.87571836600546,200.1,2.341297350252173,-5.745322529077784,-0.47383500924909416
2,N->X,1787466430.0600126,58.011677581991535,200.2,2.3582150296202977,-5.753948139469039,-0.4664450231023003
2,N->X,1787466430.1353254,58.08699083002284,200.2,2.3752526838572536,-5.762433036730727,-0.45588841501234556
2,N->X,1787466430.2721949,58.22386022302089,200.3,2.392380459401253,-5.7707727804529405,-0.45034646094419795
2,N->X,1787466430.4097488,58.36141388100805,200.5,2.4095390196791246,-5.7790564016815065,-0.45007914843038266
2,N->X,1787466430.547211,58.49887662800029,200.6,2.4266763816919243,-5.787332132783079,-0.4502806078197287
2,N->X,1787466430.6857567,58.637422023981344,200.7,2.4438135417667763,-5.795604262953097,-0.4493448538648483
2,N->X,1787466430.762592,58.71425724797882,200.8,2.460948888776102,-5.803869030425279,-0.44901316736898456
2,N->X,1787466430.7762163,58.72788128897082,200.8,2.4781281311755863,-5.812132407872815,-0.44838392962782186
2,N->X,1787466430.7871687,58.73883375298465,200.8,2.4952687927795503,-5.8203501313290475,-0.4454350660702525
2,N->X,1787466430.79675,58.74841462599579,200.8,2.5124152079635405,-5.828520720806361,-0.4427546193295983
2,N->X,1787466430.9318933,58.883558307017665,200.9,2.529651853409773,-5.836648055352111,-0.43826314129096294
2,N->X,1787466431.0710618,59.02272747299867,201.0,2.5468388854609025,-5.844678356749142,-0.4339747069628619
2,N->X,1787466431.208476,59.160141743021086,201.1,2.564131997657966,-5.852584161313846,-0.4203175412645468
2,N->X,1787466431.28514,59.23680506198434,201.2,2.5815507129701767,-5.8602737366871755,-0.4100107826009942
2,N->X,1787466431.297759,59.249423562025186,201.2,2.5990429149849574,-5.867835866844621,-0.40642912173098067
2,N->X,1787466431.3088589,59.26052338100271,201.2,2.616530819992739,-5.875353795562021,-0.40580679630775435
2,N->X,1787466431.4453745,59.39703973301221,201.3,2.6340133976924283,-5.882854526825128,-0.4043652727665298
2,N->X,1787466431.5823631,59.53402896999614,201.4,2.651501528085649,-5.890313903699009,-0.4008075113919216
2,N->X,1787466431.7203,59.671965149987955,201.5,2.6690233473834577,-5.897697480196971,-0.39618235254871953
2,N->X,1787466431.860074,59.81173932197271,201.6,2.686615158643153,-5.905034491294033,-0.3954244041711249
2,N->X,1787466431.9369388,59.888603438972495,201.7,2.704221553162764,-5.912429060059062,-0.40281147802527933
2,N->X,1787466431.94858,59.900244648975786,201.7,2.7217179961806908,-5.919967759183841,-0.41390724035543636
2,N->X,1787466431.9594195,59.91108375397744,201.7,2.739107779874806,-5.9276920499103145,-0.42462309995003944
2,N->X,1787466432.0370111,59.988676630018745,201.7,2.7564037376721346,-5.935582756424557,-0.43331091081977063
2,N->X,1787466432.174438,60.12610299902735,201.9,2.7736751379474267,-5.9436318705775495,-0.4415735093556688
2,N->X,1787466432.188358,60.14002338598948,201.9,2.7908300265419475,-5.951782376695113,-0.44698417906303406
2,N->X,1787466432.262632,60.21429768198868,201.9,2.807947422662096,-5.959993721213616,-0.44774296629703475
2,N->X,1787466432.399763,60.35142886801623,202.0,2.8250591792309345,-5.9682194460965095,-0.44764632251101294
2,N->X,1787466432.5408974,60.4925625139731,202.2,2.8422353354762477,-5.976400641882001,-0.43929429552901256
2,N->X,1787466432.6782615,60.62992714199936,202.3,2.8594966668588637,-5.984448087046492,-0.432712599750864
2,N->X,1787466432.7532578,60.70492290897528,202.4,2.8768203784884143,-5.992430356381498,-0.431711405054991
2,N->X,1787466432.7658007,60.717465842026286,202.4,2.8941075301948938,-6.000393327028616,-0.4322788645062926
2,N->X,1787466432.7777045,60.729368779982906,202.4,2.9113674364628923,-6.008346860698887,-0.43099876090061445
2,N->X,1787466432.8499112,60.80157688300824,202.4,2.928681222737568,-6.016300425704754,-0.43128825063467946
2,N->X,1787466432.9873457,60.93901131500024,202.5,2.945993851887212,-6.024305381572073,-0.43741780958234056
2,N->X,1787466433.1244252,61.076090744987596,202.6,2.9632191400974994,-6.032429438444951,-0.4463847571520028
2,N->X,1787466433.2650938,61.21675938699627,202.8,2.9803606360735877,-6.040700187764665,-0.4545917040327787
2,N->X,1787466433.2786894,61.23035450500902,202.8,2.997459324615236,-6.04911757394539,-0.4629113480332067
2,N->X,1787466433.2905247,61.24218974402174,202.8,3.014466900822403,-6.057654623348474,-0.4690970170805581
2,N->X,1787466433.363304,61.31496857700404,202.8,3.0314160035502615,-6.0662996744575395,-0.4751085079439314
2,N->X,1787466433.5002635,61.451929031987675,202.9,3.048308225649883,-6.075011602494769,-0.47706218542165396
2,N->X,1787466433.6395593,61.59122405597009,203.1,3.065244885012737,-6.083757810220792,-0.4770666239490952
2,N->X,1787466433.6502297,61.60189421498217,203.1,3.082111676288591,-6.0924827347313775,-0.4767551352343291
2,N->X,1787466433.6593323,61.61099661199842,203.1,3.099040496178041,-6.101154289833322,-0.4677193504255417
2,N->X,1787466433.7945335,61.746198426000774,203.2,3.116066555135948,-6.1096867469564,-0.46087132148737586
2,N->X,1787466433.9315143,61.88318010198418,203.3,3.13314688634674,-6.118148468861696,-0.4598288804089339
2,N->X,1787466434.0073326,61.95899769902462,203.4,3.150200499714017,-6.126603473202553,-0.4614162883520132
2,N->X,1787466434.1443126,62.09597781300545,203.5,3.167230664321499,-6.1350777700078964,-0.4621843617813856
2,N->X,1787466434.157636,62.10930055298377,203.5,3.1842534136843064,-6.1435498835380224,-0.46069391041366475
2,N->X,1787466434.1679852,62.119649778003804,203.5,3.201293683787756,-6.151972228583231,-0.45574869796928
2,N->X,1787466434.304019,62.2556840290199,203.6,3.2183527025297685,-6.1602872764685275,-0.4504415810916224
2,N->X,1787466434.4443345,62.39600009302376,203.7,3.2324492525560373,-6.167050737590111,-0.44177870260392216
2,N->X,1787466434.5845673,62.53623298800085,203.8,3.245380718824178,-6.173097556879978,-0.43119081044813523
2,N->X,1787466434.7233253,62.67499091499485,203.9,3.259407699595177,-6.179508910333738,-0.425207587898858
2,N->X,1787466434.8607728,62.812437769025564,204.0,3.272468658652812,-6.18538696436915,-0.4208986618680174
2,N->X,1787466434.8746474,62.82631189702079,204.1,3.2855097132422615,-6.191211032251011,-0.41859710876318507
2,N->X,1787466434.8859477,62.83761206298368,204.1,3.298549476586518,-6.196991909733317,-0.4150074040140584
2,N->X,1787466434.896953,62.84861742297653,204.1,3.3116333582288653,-6.202731426131137,-0.4116687531890709
2,N->X,1787466434.969399,62.921064711990766,204.1,3.324701488756213,-6.208404042030287,-0.4062549188737421
2,N->X,1787466434.9831762,62.93484097998589,204.2,3.3377940569130224,-6.214009107538354,-0.4010324991546373
2,N->X,1787466435.1200485,63.071713600016665,204.2,3.350958635453949,-6.219549361225109,-0.3950792382347745
2,N->X,1787466435.258718,63.21038365899585,204.4,3.364105697489393,-6.225005825940326,-0.3895226788083658
2,N->X,1787466435.2729282,63.22459274099674,204.4,3.377320408401839,-6.230350220451119,-0.3749207416590062
2,N->X,1787466435.4100935,63.361758333980106,204.5,3.390633361859845,-6.235511264262412,-0.3626396057353584
2,N->X,1787466435.5484114,63.50007693399675,204.6,3.40402005443401,-6.240547518771688,-0.35636605535082033
2,N->X,1787466435.6265845,63.57824994099792,204.7,3.41740314550494,-6.245507133199832,-0.35276419959224486
2,N->X,1787466435.7025843,63.654248944018036,204.8,3.4307890251641457,-6.250410465192074,-0.34832022634773296
2,N->X,1787466435.7767062,63.728372356970794,204.8,3.444185600741757,-6.255242001465755,-0.3421288145715854
2,N->X,1787466435.9134274,63.865092729975004,204.9,3.4576649591580906,-6.260002998414791,-0.33623147502003387
2,N->X,1787466436.0509865,64.00265143101569,205.0,3.4711071808166887,-6.264655193994351,-0.3281624595294367
2,N->X,1787466436.1887503,64.14041554398136,205.1,3.4845707748825414,-6.2692005886054085,-0.32047732819743874
2,N->X,1787466436.2657948,64.21745972399367,205.2,3.498122665268306,-6.273618049944863,-0.305747521915814
2,N->X,1787466436.278586,64.23025022901129,205.2,3.511839963254359,-6.277867906911228,-0.2937840736216349
2,N->X,1787466436.2899315,64.24159617099212,205.2,3.5288008821389902,-6.282937114324498,-0.2849080433623809
2,N->X,1787466436.3004036,64.25206783000613,205.3,3.5470775537648636,-6.288217593222485,-0.2756849773997761
2,N->X,1787466436.4385478,64.39021364902146,205.3,3.5654001280986263,-6.293340960491817,-0.26746287849191475
2,N->X,1787466436.5135574,64.46522407897282,205.4,3.5837827137982887,-6.298309862313287,-0.25907503375950675
2,N->X,1787466436.5271375,64.47880268801237,205.4,3.60217775317582,-6.30310604518708,-0.2485003862016127
2,N->X,1787466436.6637928,64.61545791901881,205.5,3.6206534652626594,-6.307728082688918,-0.2403206090950606
2,N->X,1787466436.8016615,64.75332621898269,205.6,3.63912629511294,-6.3121679828537065,-0.22838129249288916
2,N->X,1787466436.9392626,64.89092769299168,205.7,3.657697226400186,-6.316411764273378,-0.2192115581467672
2,N->X,1787466437.0771935,65.0288593340083,205.8,3.6762323804605463,-6.320437117376716,-0.20325160018995178
2,N->X,1787466437.092167,65.04383157502161,205.9,3.694887531835203,-6.324142490703572,-0.18491492565915296
2,N->X,1787466437.1031783,65.05484274897026,205.9,3.7136173332549167,-6.327544161368486,-0.17221020732059092
2,N->X,1787466437.1137676,65.06543200201122,205.9,3.732385104019213,-6.33074059071097,-0.16348211609955576
2,N->X,1787466437.2493315,65.2009965730249,206.0,3.751177067918626,-6.333788193451032,-0.1565980144633641
2,N->X,1787466437.386599,65.33826403599232,206.1,3.769973616425487,-6.3367077336335225,-0.14977893073527743
2,N->X,1787466437.525097,65.4767620729981,206.2,3.7888043642526528,-6.339494059510573,-0.14252025862574721
2,N->X,1787466437.6012692,65.55293382302625,206.3,3.8076556369370462,-6.342150934836551,-0.13613404430486392
2,N->X,1787466437.6146443,65.5663086649729,206.3,3.8265233821447984,-6.34469066425556,-0.13003287417499068
2,N->X,1787466437.6258516,65.57751599501353,206.3,3.845405885195197,-6.347115811712982,-0.1239758969930976
2,N->X,1787466437.7612207,65.71288540301612,206.4,3.8643010090733263,-6.349425705976746,-0.11787533647560262
2,N->X,1787466437.8979437,65.84960863098968,206.5,3.883207972230962,-6.351619181033174,-0.11171507200539718
2,N->X,1787466438.0353088,65.98697386798449,206.6,3.900846133686411,-6.353556121157578,-0.10464871286170246
2,N->X,1787466438.1722445,66.12390979699558,206.7,3.9157355137226793,-6.3550659233813045,-0.09502346984512568
2,N->X,1787466438.3108203,66.2624854859896,206.8,3.9303593795692273,-6.356414427490306,-0.08731000422855353
2,N->X,1787466438.4496765,66.40134193497943,206.9,3.944988069818642,-6.35766244239577,-0.0815567005637096
2,N->X,1787466438.5251114,66.47677674598526,207.0,3.959620060896318,-6.3588306939692405,-0.076662528299179
2,N->X,1787466438.5366514,66.48831594502553,207.0,3.9742558247119897,-6.359929136136257,-0.07213527804901962
2,N->X,1787466438.547639,66.49930314597441,207.0,3.988897479562207,-6.360962302347938,-0.06775431086507631
2,N->X,1787466438.557554,66.50921833497705,207.0,4.003546093760101,-6.361932050501299,-0.06342588454126048
2,N->X,1787466438.5662293,66.51789354300126,207.1,4.018201119796617,-6.362838874136892,-0.05908147913922746
2,N->X,1787466438.5737178,66.52538187499158,207.1,4.032860265459021,-6.3636819503211095,-0.05469126039201977
2,N->X,1787466438.7084906,66.66015556099592,207.1,4.047521210167579,-6.364460283137495,-0.05027862302654694
2,N->X,1787466438.845008,66.79667249001795,207.2,4.062182375359132,-6.365173786527472,-0.04588196414272231
2,N->X,1787466438.9817543,66.93341915198835,207.3,4.076844200647155,-6.365822540218208,-0.041447649089288253
2,N->X,1787466439.1192532,67.07091828197008,207.4,4.091509146106952,-6.366406280063632,-0.03700291182975514
2,N->X,1787466439.1955955,67.14726029802114,207.5,4.106178732065588,-6.366924762304562,-0.032541668630671865
2,N->X,1787466439.271228,67.22289380000439,207.5,4.12085262349161,-6.367377697884848,-0.028056223648950596
2,N->X,1787466439.4110546,67.36271972599206,207.7,4.1355288805556905,-6.3677650335253295,-0.023605591174443257
2,N->X,1787466439.425201,67.3768655959866,207.7,4.150204289352825,-6.368087047789628,-0.019117813661292168
2,N->X,1787466439.4988768,67.45054179197177,207.7,4.164878336391868,-6.368343187791083,-0.014625708433727984
2,N->X,1787466439.6367705,67.58843532099854,207.8,4.179551629414035,-6.3685333684834555,-0.010135908642600625
2,N->X,1787466439.7805655,67.7322305419948,208.0,4.194226792492198,-6.368657757962707,-0.005693057566498478
2,N->X,1787466439.917658,67.8693231579964,208.1,4.208904907352045,-6.368717113005268,-0.0012871203562797042
2,N->X,1787466440.0552487,68.00691353098955,208.2,4.2235856072253934,-6.3687118554060085,0.0031270982974896384
2,N->X,1787466440.1918402,68.14350552100223,208.3,4.238266872054237,-6.368642371079021,0.007445999505689071
2,N->X,1787466440.3295336,68.28119928902015,208.4,4.252945218830367,-6.368509972430285,0.011715555759074372
2,N->X,1787466440.469778,68.42144316300983,208.5,4.267619886969213,-6.368314903147647,0.015943528804433494
2,N->X,1787466440.6075065,68.55917133600451,208.6,4.282292011448102,-6.368058071724611,0.02010982318621262
2,N->X,1787466440.6842086,68.63587342598476,208.7,4.296964247641119,-6.367740736496722,0.024180402781082067
2,N->X,1787466440.6963015,68.64796599798137,208.7,4.311638011257549,-6.367364189711585,0.028139925777489843
2,N->X,1787466440.7071197,68.65878391702427,208.7,4.326312815160584,-6.366930251934491,0.032053870913295625
2,N->X,1787466440.7173758,68.66904000198701,208.8,4.340986751194008,-6.366439124662654,0.035887211290771284
2,N->X,1787466440.7260377,68.67770216497593,208.8,4.355656961413088,-6.365891709455779,0.03969290302537058
2,N->X,1787466440.7332797,68.68494379497133,208.8,4.370322999239907,-6.365289154644024,0.043335568397738694
2,N->X,1787466440.739644,68.69130829797359,208.8,4.384984921902419,-6.364633939672458,0.04686075991015492
2,N->X,1787466440.745599,68.69726317201275,208.8,4.3996447253748565,-6.363927975749582,0.05028330259084099
2,N->X,1787466440.7511845,68.70284846698632,208.8,4.414303809967007,-6.36317272428478,0.053654978410986966
2,N->X,1787466440.8854241,68.83708885899978,208.8,4.428962537524934,-6.362368351191976,0.056897609608146396
2,N->X,1787466441.0239925,68.97565803100588,209.0,4.443618707581871,-6.361516797589552,0.060005613022358247
2,N->X,1787466441.161894,69.11355948098935,209.1,4.458270848049429,-6.360619840862014,0.06299616862240905
2,N->X,1787466441.2995737,69.25123877899023,209.2,4.472918503692054,-6.359680275289338,0.06580206291657681
2,N->X,1787466441.43995,69.39161529997364,209.3,4.487562260537677,-6.358700950858437,0.06848911573844953
2,N->X,1787466441.4530716,69.40473613498034,209.4,4.502204490486296,-6.357683155161056,0.07107820956703557
2,N->X,1787466441.5910425,69.54270799597725,209.4,4.5168466617750935,-6.356627916348398,0.07353946327931996
2,N->X,1787466441.7325864,69.68425184598891,209.5,4.531488388856398,-6.355536850402153,0.07590036486350259
2,N->X,1787466441.7470074,69.69867299299221,209.6,4.546129377905461,-6.354411443923934,0.0781352145030781
2,N->X,1787466441.7590873,69.71075187000679,209.6,4.560767706610682,-6.3532543107225345,0.08020534043096844
2,N->X,1787466441.831719,69.78338493098272,209.6,4.575402302968036,-6.352067894108485,0.08211143624607087
2,N->X,1787466441.969483,69.92114794999361,209.7,4.590033193458873,-6.3508548568215035,0.0838820850282552
2,N->X,1787466442.1082861,70.0599510659813,209.8,4.604661660802473,-6.34961676732123,0.0855168797406631
2,N->X,1787466442.2460814,70.1977464859956,210.0,4.619288937334125,-6.348355510716602,0.08702254646037863
2,N->X,1787466442.2606902,70.21235451998655,210.0,4.635162069525777,-6.346959460793941,0.09015610917842075
2,N->X,1787466442.273334,70.22499864100246,210.0,4.653855442389575,-6.345216432909501,0.09731023466395458
2,N->X,1787466442.3464882,70.29815309797414,210.0,4.672803517728955,-6.343348999298018,0.09910708047027286
2,N->X,1787466442.4844244,70.43608946097083,210.2,4.691734731650125,-6.341468523069126,0.09826028312384304
2,N->X,1787466442.497606,70.44927085400559,210.2,4.71068621747322,-6.339621228957171,0.09573257001259258
2,N->X,1787466442.571605,70.5232699260232,210.2,4.729642648100438,-6.337814575150388,0.0942229626032631
2,N->X,1787466442.710933,70.66259868000634,210.3,4.748604989491168,-6.336033075329697,0.09300583537592036
2,N->X,1787466442.7867875,70.73845229699509,210.5,4.767570009238786,-6.334273590145574,0.09182970405837632
2,N->X,1787466442.8602042,70.8118690730189,210.5,4.786536226279208,-6.332537091010747,0.09054254604152659
2,N->X,1787466442.9967031,70.94836808997206,210.6,4.805502894440022,-6.330826892448213,0.08913811964029461
2,N->X,1787466443.0723314,71.0239965589717,210.7,4.824472351091064,-6.329144194584548,0.0875793592311214
2,N->X,1787466443.2091932,71.16085908998502,210.8,4.843446019632094,-6.32749265848703,0.08585794072544631
2,N->X,1787466443.2242205,71.17588491900824,210.8,4.86242340475522,-6.325873409101656,0.08396824356454098
2,N->X,1787466443.2355888,71.1872532159905,210.8,4.88140311780672,-6.324291366675766,0.08187647736949262
2,N->X,1787466443.3743434,71.32600871101022,210.9,4.9003853023897825,-6.322751499131273,0.07961886691164889
2,N->X,1787466443.4492233,71.40088835300412,211.0,4.919371878145364,-6.321255514414605,0.07722212740070793
2,N->X,1787466443.4623091,71.41397412499646,211.0,4.938365048258616,-6.319805791417491,0.07470048311575503
2,N->X,1787466443.599535,71.55120056099258,211.1,4.957364693034366,-6.318403685631852,0.07205126758853879
2,N->X,1787466443.7399745,71.69164021097822,211.2,4.976367829917204,-6.3170518111158485,0.06927991048493332
2,N->X,1787466443.8234475,71.7751122440095,211.3,4.995372242478541,-6.3157550271242675,0.06640242070090119
2,N->X,1787466443.8365784,71.78824307501782,211.3,5.01437910893298,-6.3145131058632105,0.06344611445783441
2,N->X,1787466443.9097607,71.8614259599708,211.3,5.033390819253016,-6.313329328948412,0.06042163508509634
2,N->X,1787466444.0480266,71.99969145201612,211.5,5.052408100261348,-6.312201971216487,0.057322858735362546
2,N->X,1787466444.1858594,72.13752425601706,211.6,5.071429131632107,-6.311133382616434,0.054143636226880586
2,N->X,1787466444.1987329,72.15039722900838,211.6,5.0904511490815505,-6.310126503105258,0.05088105716899233
2,N->X,1787466444.2132843,72.16494888701709,211.6,5.109474327234721,-6.309183292364055,0.04755894868621307
2,N->X,1787466444.3488698,72.30053483997472,211.7,5.12850177743491,-6.308302966973678,0.04418864767593144
2,N->X,1787466444.485985,72.43764966598246,211.8,5.14753549066536,-6.307486494280595,0.040797988431103605
2,N->X,1787466444.6251478,72.57681330002379,211.9,5.166574286765089,-6.306733129327676,0.03740231240931624
2,N->X,1787466444.7027926,72.65445736702532,212.1,5.185614496073208,-6.306047593433709,0.03400909831554117
2,N->X,1787466444.7145321,72.6661965349922,212.1,5.204654109529573,-6.305423732815815,0.03060506515172825
2,N->X,1787466444.724946,72.67661038402002,212.1,5.223693773697171,-6.304867269107107,0.027185561002186175
2,N->X,1787466444.860742,72.81240747199627,212.1,5.242737184387204,-6.3043740906205326,0.02382455386556442
2,N->X,1787466444.9981995,72.94986477697967,212.2,5.261785100291215,-6.3039431033468185,0.02047678983380424
2,N->X,1787466445.0125265,72.96419108298142,212.3,5.280834333492649,-6.3035788959247885,0.01714139723533721
2,N->X,1787466445.0248065,72.97647089802194,212.3,5.299881784228131,-6.303276383521066,0.013832810420275473
2,N->X,1787466445.161636,73.11330095498124,212.4,5.31892818556618,-6.303036443512545,0.010502227692904292
2,N->X,1787466445.3005528,73.2522172399913,212.5,5.337976549340986,-6.30286163543717,0.0072346305344110065
2,N->X,1787466445.4351053,73.386770572979,212.6,5.357028433456479,-6.302746276506878,0.004022942586729707
2,N->X,1787466445.5104773,73.46214195498032,212.7,5.376077631638352,-6.30269212923314,0.0008542031298497737
2,N->X,1787466445.5236194,73.47528394102119,212.7,5.395124842512091,-6.302699427601657,-0.0022393124502199744
2,N->X,1787466445.535221,73.48688552202657,212.7,5.414168478459208,-6.30276350794817,-0.005246348723069535
2,N->X,1787466445.6712446,73.6229095350136,212.8,5.4332109135167865,-6.302881359973786,-0.008164115630338966
2,N->X,1787466445.8085103,73.76017502899049,212.9,5.452255659510858,-6.303059346397689,-0.010990431870904765
2,N->X,1787466445.8844454,73.83611000701785,213.0,5.471302538735123,-6.30328827368765,-0.013707763768891917
2,N->X,1787466445.9598784,73.91154324298259,213.1,5.490348644525535,-6.303567200972146,-0.016387430537252196
2,N->X,1787466446.0357702,73.98743521200959,213.1,5.509390099047949,-6.3038987822002435,-0.01894034388360243
2,N->X,1787466446.1723769,74.12404181598686,213.2,5.528428512352546,-6.304276546698931,-0.02138440031015512
2,N->X,1787466446.3115668,74.2632320310222,213.3,5.547467149770287,-6.304701772589769,-0.023735943416248524
2,N->X,1787466446.386494,74.33815886598313,213.4,5.566507168386816,-6.305166776434483,-0.02594695293964026
2,N->X,1787466446.3994458,74.35111030202825,213.4,5.585547237615899,-6.305676522213501,-0.02799083558645791
2,N->X,1787466446.411441,74.36310586699983,213.4,5.604584029082756,-6.3062247019806055,-0.029920592327541715
2,N->X,1787466446.4840546,74.43571906798752,213.4,5.623616449582068,-6.306807326421742,-0.031708791881180115
2,N->X,1787466446.6217005,74.57336600200506,213.5,5.642648219873621,-6.3074231890337105,-0.033397082385889475
2,N->X,1787466446.7605252,74.7121910660062,213.6,5.661681457473302,-6.308070278946602,-0.03488429314264277
2,N->X,1787466446.9003563,74.8520218419726,213.8,5.6807167697701555,-6.308742411868499,-0.036262314750420604
2,N->X,1787466446.9180417,74.8697063010186,213.8,5.699750086908065,-6.3094421739445865,-0.03751599955437666
2,N->X,1787466446.9309156,74.8825802860083,213.8,5.718778880998776,-6.310164531735917,-0.03863026672228544
2,N->X,1787466447.003478,74.95514286198886,213.8,5.737805285347436,-6.310907822755482,-0.039658758694897205
2,N->X,1787466447.140305,75.09197005297756,214.0,5.756832367784731,-6.311667342487853,-0.0405859600877697
2,N->X,1787466447.2779,75.22956514597172,214.1,5.775861494813836,-6.31244596843689,-0.04137579016799929
2,N->X,1787466447.4143844,75.36604963598074,214.2,5.794891600258441,-6.3132388575988765,-0.04200965818297815
2,N->X,1787466447.5512085,75.5028731119819,214.3,5.813918264561716,-6.31404320210991,-0.04252194599246592
2,N->X,1787466447.6266472,75.57831221498782,214.4,5.83294447042318,-6.314853092913843,-0.04290401073641991
2,N->X,1787466447.6396718,75.59133603901137,214.4,5.8519697751463715,-6.315673538840189,-0.043176638133079114
2,N->X,1787466447.6509998,75.60266414302168,214.4,5.87099804972151,-6.316492491754408,-0.04334021388209817
2,N->X,1787466447.6611042,75.6127686239779,214.4,5.890031254410404,-6.3173193175300355,-0.04339113048320553
2,N->X,1787466447.7984307,75.75009574298747,214.5,5.909066247998744,-6.3181478039014705,-0.043349411047591914
2,N->X,1787466447.93671,75.8883751439862,214.6,5.928106248182497,-6.318964245644791,-0.043224820850345624
2,N->X,1787466448.0152078,75.96687258797465,214.7,5.947144321273342,-6.319781583902999,-0.04302412907616643
2,N->X,1787466448.0294654,75.9811297939741,214.7,5.9661790691608845,-6.320607553306828,-0.04275087875525526
2,N->X,1787466448.1035595,76.05522413400467,214.7,5.985218744267725,-6.321416311654257,-0.04239100452391102
2,N->X,1787466448.241095,76.19276027497835,214.8,6.0042573071002465,-6.32222125344936,-0.04192769327440869
2,N->X,1787466448.2585702,76.21023471397348,214.9,6.0232984536691605,-6.322992960713124,-0.0413325964181385
2,N->X,1787466448.3323338,76.28399859700585,214.9,6.0423361064594845,-6.3237821769742055,-0.04064488115225849
2,N->X,1787466448.4711394,76.42280393600231,215.0,6.061375511033557,-6.324565268308646,-0.039892490270442026
2,N->X,1787466448.6079648,76.55962953099515,215.1,6.080425626218366,-6.325283670386785,-0.039090304175847176
2,N->X,1787466448.6835458,76.63521073001903,215.2,6.099474045583259,-6.326007995020143,-0.03821693814037486
2,N->X,1787466448.759487,76.71115205000388,215.3,6.11851728972539,-6.32677308166682,-0.03727380538087368
2,N->X,1787466448.7726774,76.72434188402258,215.3,6.137566591596058,-6.327435612378211,-0.036272868967909926
2,N->X,1787466448.846518,76.79818277101731,215.3,6.156606353192595,-6.328152781354786,-0.03521848312232476
2,N->X,1787466448.9828966,76.93456170102581,215.4,6.175651896754092,-6.328823972295069,-0.034123149430556644
2,N->X,1787466449.1205654,77.0722309530247,215.6,6.19470676372672,-6.329389285794858,-0.03297793751201613
2,N->X,1787466449.1955688,77.14723386999685,215.6,6.213759598737538,-6.329929768478615,-0.03178811087406688
2,N->X,1787466449.335706,77.28737101797014,215.7,6.232744150794984,-6.3302928437629715,-0.03038998839178938
2,N->X,1787466449.349483,77.30114756402327,215.8,6.251723603265702,-6.330923298066102,-0.028795587056010742
2,N->X,1787466449.4852648,77.43693030299619,215.8,6.270746294196455,-6.331786307028942,-0.02722615384919848
2,N->X,1787466449.6212764,77.57294099201681,216.0,6.289786836452999,-6.332282743803751,-0.02563756710345285
2,N->X,1787466449.6303341,77.58199847798096,216.0,6.308804765264019,-6.332405966470252,-0.024043668719017173
2,N->X,1787466449.6358504,77.58751442999346,216.0,6.327792819579263,-6.332832757497438,-0.022323335583300637
2,N->X,1787466449.7044446,77.65610954002477,216.0,6.346783813260699,-6.33328568161118,-0.020579918745236223
2,N->X,1787466449.841647,77.79331188398646,216.2,6.365724292688092,-6.334007216661371,-0.01895245691853828
2,N->X,1787466449.978723,77.9303882200038,216.3,6.381173925062868,-6.334274966172647,-0.02372357804840623
2,N->X,1787466450.0546956,78.00636031397153,216.4,6.392112435607266,-6.334250382278157,-0.03556429224564092
2,N->X,1787466461.8569212,89.80858603201341,225.8,6.397977078726974,-6.342779497898534,-2.1014750729169425
2,N->X,1787466462.1316407,90.08330556500005,226.0,6.3927360086974225,-6.351531093366511,-2.1292240276034424
2,N->X,1787466462.4086864,90.36035151599208,226.2,6.386957635099477,-6.360398631463778,-2.173267751103274
2,N->X,1787466462.6236851,90.57534962700447,226.5,6.3806890735900135,-6.369170493428877,-2.2145776468050564
2,N->X,1787466462.645024,90.59668820397928,226.5,6.374065447732486,-6.377762860248635,-2.2406545941314158
2,N->X,1787466462.6646926,90.61635697999736,226.5,6.367077665188583,-6.386330759711818,-2.2761663016294866
2,N->X,1787466462.6802096,90.63187368802028,226.5,6.359707633420483,-6.394676125112331,-2.3163453548343
2,N->X,1787466462.8210175,90.77268227597233,226.6,6.351936757822557,-6.402814020312581,-2.3540064429399252
2,N->X,1787466463.042537,90.99420162697788,226.8,6.343812965872209,-6.4107223525888735,-2.3831244549992876
2,N->X,1787466463.3191173,91.27078237698879,227.0,6.335251074424088,-6.418650756948852,-2.410434288690395
2,N->X,1787466463.5959172,91.5475822740118,227.2,6.326382117564988,-6.42635549794004,-2.4448901341622626
2,N->X,1787466463.685799,91.63746352301678,227.3,6.31712550043963,-6.433855089344093,-2.478213864808296
2,N->X,1787466463.767735,91.71939991397085,227.3,6.307517681667243,-6.441141359691319,-2.5085262187623387
2,N->X,1787466464.0427518,91.99441663600737,227.6,6.297538168818457,-6.448265420686482,-2.5357833028199335
2,N->X,1787466464.3175516,92.26921639899956,227.8,6.287260984769314,-6.455205546326836,-2.5603754741072464
2,N->X,1787466464.5315385,92.48320338898338,228.0,6.276893895467691,-6.461856665460497,-2.5831316491478375
2,N->X,1787466464.5567594,92.50842360797105,228.0,6.266100681264477,-6.468425217688698,-2.607185927386637
2,N->X,1787466464.6378553,92.58951987099135,228.0,6.2550480893344425,-6.474793183643129,-2.6307677240434844
2,N->X,1787466464.7906215,92.74228656897321,228.2,6.244432419625675,-6.480576737582592,-2.6548447794141916
2,N->X,1787466464.9418552,92.89351992501179,228.3,6.2335685333490805,-6.4861185376154005,-2.6891392903177973
2,N->X,1787466465.1589868,93.11065214400878,228.5,6.222601476017709,-6.491271720039951,-2.7148994195434053
2,N->X,1787466465.3698997,93.32156491500791,228.6,6.211361784112143,-6.49623510045928,-2.7384667112963124
2,N->X,1787466465.5222423,93.47390717198141,228.8,6.19985361435422,-6.500984481463563,-2.763426957979972
2,N->X,1787466465.6730855,93.62475036701653,228.9,6.188016874237808,-6.505457056695688,-2.800867455367354
2,N->X,1787466465.827091,93.77875634498196,229.0,6.175813425252946,-6.509606202754795,-2.8262152213808216
2,N->X,1787466465.9166002,93.8682648279937,229.1,6.162874006400542,-6.51365472423832,-2.85261227315517
2,N->X,1787466466.1224575,94.07412251399364,229.3,6.152053590123945,-6.516767336384648,-2.870950450735638
2,N->X,1787466466.2061584,94.15782331500668,229.3,6.14095055661717,-6.5197144518369194,-2.897954803431876
2,N->X,1787466466.4139662,94.36563115700847,229.5,6.129638923017157,-6.5223857892047885,-2.9222617601855787
2,N->X,1787466466.49649,94.44815479498357,229.6,6.117955003720869,-6.52489664947768,-2.9394327998259033
2,N->X,1787466466.6416469,94.59331196197309,229.7,6.105881140193165,-6.527273246936239,-2.9565160980723406
2,N->X,1787466466.7861335,94.73779937502695,229.8,6.093636055839252,-6.529451320896774,-2.9765658798023034
2,N->X,1787466466.875273,94.82693826401373,229.9,6.081012305555612,-6.5314581419200755,-2.9931202846276173
2,N->X,1787466466.9577057,94.90937130799284,229.9,6.06826871556507,-6.5332172437530165,-3.0209678145440826
2,N->X,1787466467.162372,95.11403736600187,230.1,6.055119922407796,-6.53465622798353,-3.04663852059173
2,N->X,1787466467.2459776,95.19764225801919,230.2,6.041947221682103,-6.5357979374451745,-3.0659655416486413
2,N->X,1787466467.3254817,95.2771467010025,230.2,6.028751445743669,-6.536696940600892,-3.0837007706480253
2,N->X,1787466467.5309892,95.48265411297325,230.4,6.015537574453386,-6.537365371138139,-3.10110309040254
2,N->X,1787466467.6072934,95.55895816802513,230.5,6.005541025294529,-6.537720398450517,-3.113677108754674
2,N->X,1787466467.744509,95.69617380399723,230.6,5.993767968585437,-6.537978470038093,-3.1301329515425795
2,N->X,1787466467.8240976,95.77576253801817,230.7,5.981998389698574,-6.538039652499516,3.1363554054664555
2,N->X,1787466467.8383079,95.78997228801018,230.7,5.970228652430115,-6.537905471249314,3.119782134889901
2,N->X,1787466467.8496037,95.80126837897114,230.7,5.958461642442774,-6.5375761688120955,3.1030498288235178
2,N->X,1787466467.9218404,95.87350535899168,230.7,5.946702868571924,-6.537050285662146,3.0863475891180334
2,N->X,1787466468.0594783,96.01114325498929,230.8,5.934952015795462,-6.536328314616504,3.069634864066915
2,N->X,1787466468.1349032,96.08656765701016,230.9,5.923212657345714,-6.535410592449413,3.05295280616805
2,N->X,1787466468.2094276,96.1610935460194,230.9,5.911489270752422,-6.534298132031101,3.036398244546426
2,N->X,1787466468.3462605,96.29792532097781,231.0,5.899784881088183,-6.5329921629476155,3.019862821237199
2,N->X,1787466468.4842064,96.43587117898278,231.2,5.888105372687673,-6.531493241647352,3.0034286388473594
2,N->X,1787466468.561286,96.51295037200907,231.3,5.8764528393394055,-6.5297963265456085,2.985366859305331
2,N->X,1787466468.5735626,96.52522706799209,231.3,5.864848193009565,-6.52790060714525,2.9695915602343375
2,N->X,1787466468.5837646,96.5354287889786,231.3,5.853280345139001,-6.525834590894936,2.956423256801805
2,N->X,1787466468.7192416,96.67090678500244,231.4,5.841744657872978,-6.523619190954942,2.943879186084667
2,N->X,1787466468.7957084,96.7473742790171,231.4,5.830218739711206,-6.521262177321756,2.932229334884105
2,N->X,1787466468.9347763,96.88644189899787,231.5,5.818748410128868,-6.518773060220152,2.9207303094276833
2,N->X,1787466468.9485824,96.9002473509754,231.6,5.807283186827728,-6.516158469583185,2.910653143428139
2,N->X,1787466469.0223887,96.97405577800237,231.6,5.7958759544875385,-6.513431008506352,2.9007455804131856
2,N->X,1787466469.1589608,97.11062572000083,231.7,5.784464581013649,-6.5105948661650865,2.89239524607019
2,N->X,1787466469.2351055,97.1867703429889,231.8,5.773123082800675,-6.507689965724257,2.889275283933152
2,N->X,1787466469.3098683,97.26153296697885,231.8,5.761747397482276,-6.504756621192521,2.8886677881813196
2,N->X,1787466469.4475665,97.39923153602285,232.0,5.750347573555185,-6.501791272461797,2.8830311212525372
2,N->X,1787466469.4607558,97.41242010600399,232.0,5.738995827837195,-6.498754669230799,2.8748953269559676
2,N->X,1787466469.5341132,97.48577861499507,232.0,5.726951095130027,-6.495430033503435,2.86799400622655
2,N->X,1787466469.6708856,97.62255065201316,232.1,5.714234009786386,-6.491830139066052,2.860812375715258
2,N->X,1787466469.811189,97.76285402401118,232.3,5.701590679955479,-6.488158918245773,2.855608634402294
2,N->X,1787466469.9486716,97.90033656201558,232.4,5.688976314918266,-6.4844213915525195,2.850402403779971
2,N->X,1787466469.96151,97.91317433299264,232.4,5.676326195835435,-6.480612636462087,2.84611817797432
2,N->X,1787466469.9740648,97.92572941200342,232.4,5.663758959704133,-6.476760958509818,2.8418662388635445
2,N->X,1787466470.0472004,97.99886539002182,232.4,5.651160759090053,-6.472886035880292,2.8456492767673938
2,N->X,1787466470.1844275,98.13609294197522,232.6,5.638523557119668,-6.469037607249879,2.8448129824621984
2,N->X,1787466470.1979237,98.14958793699043,232.6,5.6258862129951535,-6.465143379961609,2.8376877645078142
2,N->X,1787466470.2712939,98.2229589120252,232.6,5.613316956357355,-6.461161284939232,2.829495611705066
2,N->X,1787466470.4078271,98.35949199902825,232.7,5.600773156017257,-6.457077309719716,2.8221953979030157
2,N->X,1787466470.4835968,98.43526151002152,232.8,5.5882652187766855,-6.4529095788533395,2.81641346054791
2,N->X,1787466470.6203413,98.57200620800722,232.9,5.575756099773895,-6.448668106149054,2.8107814270225275
2,N->X,1787466470.759878,98.71154334198218,233.0,5.563250271728865,-6.444360041191178,2.8074511108441973
2,N->X,1787466470.7732995,98.72496391099412,233.1,5.549410156820383,-6.439550263208046,2.8066518076173
2,N->X,1787466470.9168456,98.86851093301084,233.1,5.535518349739964,-6.4346973670344925,2.8024830279571034
2,N->X,1787466470.9944766,98.94614150800044,233.2,5.521719039285445,-6.429833992600099,2.804665693536556
2,N->X,1787466471.007291,98.95895570900757,233.3,5.507850081888556,-6.425012652277493,2.8104504988804595
2,N->X,1787466471.1436987,99.09536337200552,233.3,5.493932985714097,-6.42023913264927,2.8109925336201034
2,N->X,1787466471.2803955,99.23206038598437,233.4,5.480027977975049,-6.4154549830687975,2.808753759807913
2,N->X,1787466471.4180717,99.36973677697824,233.5,5.466127052486889,-6.410642817704306,2.8079084583749543
2,N->X,1787466471.4327557,99.38442015397595,233.6,5.452232121968295,-6.40582687995614,2.806904168171603
2,N->X,1787466471.4448187,99.39648317400133,233.6,5.438354022525544,-6.4010103211324,2.808715696453118
2,N->X,1787466471.455705,99.40736935898894,233.6,5.424350896220063,-6.396210141825208,2.8149914692840476
2,N->X,1787466471.591636,99.54330074298196,233.7,5.407850287672013,-6.390685904252918,2.825766083015308
2,N->X,1787466471.7288315,99.68049689999316,233.8,5.389745897095355,-6.384874020151721,2.8389981456248545
2,N->X,1787466471.7455618,99.69722630601609,233.9,5.371542256425135,-6.379261044805332,2.847325917408277
2,N->X,1787466471.8815403,99.83320567698684,233.9,5.353313741455186,-6.373810838687271,2.857118964536777
2,N->X,1787466471.9568164,99.90848132298561,234.0,5.334994529183463,-6.368519890609548,2.8665836327667584
2,N->X,1787466472.0946805,100.04634612100199,234.1,5.3166408730458565,-6.363423116183129,2.8766471900646264
2,N->X,1787466472.1095128,100.06117711699335,234.2,5.298178366622205,-6.3584778201515295,2.8864124389715906
2,N->X,1787466472.120845,100.07250955997733,234.2,5.2795853578038265,-6.353756578842257,2.9044722233929243
2,N->X,1787466472.1317086,100.08337299397681,234.2,5.260967416083835,-6.349381549100456,2.9203245346609297
2,N->X,1787466472.2673464,100.21901133598294,234.3,5.24236542086679,-6.345280830105401,2.930555045762207
2,N->X,1787466472.4044611,100.3561261909781,234.4,5.223727832593693,-6.341344369758722,2.937469473886189
2,N->X,1787466472.5419931,100.49365815101191,234.5,5.2049741261484055,-6.337517907159113,2.944927802033686
2,N->X,1787466472.6794558,100.63112071499927,234.6,5.18628119685148,-6.333841704126138,2.9510706810447154
2,N->X,1787466472.8171723,100.76883814000757,234.7,5.167423578218399,-6.330265461501267,2.9596740516935025
2,N->X,1787466472.8927543,100.84441896702629,234.8,5.148512691062979,-6.326847247534882,2.968716445839552
2,N->X,1787466472.9050086,100.85667321801884,234.8,5.129738319916823,-6.323645072981452,2.978555120373769
2,N->X,1787466472.9160173,100.86768209398724,234.8,5.110928703825213,-6.320608849704612,2.985792875441236
2,N->X,1787466472.9882405,100.9399055140093,234.9,5.092014924410925,-6.317717262108987,2.9973312281842754
2,N->X,1787466473.0016422,100.95330732600996,234.9,5.073159871710494,-6.315046890865494,3.0062418398363655
2,N->X,1787466473.1386437,101.09030930302106,235.0,5.0542916850548,-6.312529301126349,3.0131472545878966
2,N->X,1787466473.213701,101.16536694898969,235.0,5.035410944929221,-6.310133373249567,3.0188387081691723
2,N->X,1787466473.3519828,101.30364791001193,235.1,5.01651611322318,-6.307839123374764,3.0234216881152367
2,N->X,1787466473.4899735,101.44163827301236,235.3,4.9976078322401465,-6.305622069633782,3.0268691036387563
2,N->X,1787466473.5032618,101.45492711500265,235.3,4.978567968469618,-6.303459161690663,3.0333814301462896
2,N->X,1787466473.5149212,101.46658623300027,235.3,4.959429336245342,-6.301500834111371,3.0513403164315616
2,N->X,1787466473.6525893,101.60425422299886,235.4,4.940296424364004,-6.299879528769483,3.0651014490085724
2,N->X,1787466473.7927954,101.74446121801157,235.5,4.921284790248635,-6.298468448440575,3.0701305919553104
2,N->X,1787466473.8679135,101.81957867497113,235.6,4.902282998248311,-6.2971276636692295,3.0726367904661562
2,N->X,1787466474.0041065,101.95577113400213,235.7,4.883278125015231,-6.29582695543867,3.0739592298113867
2,N->X,1787466474.016656,101.96832100499887,235.7,4.8642760241577365,-6.294545856952365,3.074552944696093
2,N->X,1787466474.0277596,101.97942456102464,235.7,4.845279988579839,-6.29327129717424,3.074745109138074
2,N->X,1787466474.1639748,102.11564059800003,235.8,4.826288116280276,-6.292001030471628,3.074760683000706
2,N->X,1787466474.3010068,102.25267205398995,235.9,4.8072953151123,-6.290730858474594,3.0746782789920055
2,N->X,1787466474.378158,102.32982339698356,236.0,4.788298640469467,-6.28945856378858,3.0745141262385687
2,N->X,1787466474.3916135,102.34327861299971,236.0,4.769300319334081,-6.288178935029661,3.074415215529034
2,N->X,1787466474.4630613,102.41472616302781,236.0,4.750302306625787,-6.286903183446002,3.074428184327755
2,N->X,1787466474.5995746,102.55123971099965,236.1,4.731304792534812,-6.285625652350183,3.074615812890912
2,N->X,1787466474.7399511,102.69161653600167,236.2,4.712304985506923,-6.284353323955042,3.0749403494840455
2,N->X,1787466474.8777268,102.82939187000738,236.4,4.693299428869221,-6.283087186734839,3.0750812880171683
2,N->X,1787466475.0150576,102.96672309498535,236.5,4.674293191584911,-6.281819664881505,3.074718914229788
2,N->X,1787466475.1517625,103.1034284249763,236.6,4.655293644856297,-6.2805429172628,3.0742320455725234
2,N->X,1787466475.2285419,103.1802071959828,236.7,4.636303960515727,-6.279267098909607,3.0746007703063625
2,N->X,1787466475.241289,103.19295332900947,236.7,4.617316445537458,-6.27799899601919,3.0754876154089734
2,N->X,1787466475.2529488,103.20461312198313,236.7,4.598324550194595,-6.2767466632698365,3.0764658863929344
2,N->X,1787466475.2636256,103.2152906319825,236.7,4.5793246491529365,-6.275513755023818,3.0769739532319114
2,N->X,1787466475.3349586,103.28662320401054,236.7,4.560321010560262,-6.27428514630751,3.077013701968866
2,N->X,1787466475.3488774,103.30054182902677,236.8,4.541316205155122,-6.2730540909070776,3.0763962016284565
2,N->X,1787466475.4845152,103.43617973499931,236.9,4.522310281941319,-6.27180400538632,3.0751020203558217
2,N->X,1787466475.6204112,103.5720766169834,237.0,4.50329534679707,-6.270527900298835,3.0736364628382247
2,N->X,1787466475.6338205,103.58548552397406,237.0,4.484304553105592,-6.269239847646159,3.074482243944633
2,N->X,1787466475.7722116,103.72387708997121,237.1,4.46530039492487,-6.267969068728505,3.0752978038842276
2,N->X,1787466475.9095685,103.86123333999421,237.2,4.446298280098509,-6.266710429597925,3.0756308828767005
2,N->X,1787466476.0473273,103.99899261398241,237.3,4.427299920542811,-6.265458243949545,3.0755084538088044
2,N->X,1787466476.0609632,104.01262744597625,237.4,4.408302425766118,-6.264194717116076,3.074522030510696
2,N->X,1787466476.0722857,104.02395071298815,237.4,4.3893043437660175,-6.262908953865291,3.073046451949846
2,N->X,1787466476.0826828,104.03434776997892,237.4,4.3703079907755,-6.261597030693811,3.0726617156209195
2,N->X,1787466476.2177238,104.1693892920157,237.5,4.351313583359087,-6.260300000949113,3.0744531853276635
2,N->X,1787466476.3539622,104.30562722700415,237.6,4.332311730395091,-6.259028974516175,3.0754284737467334
2,N->X,1787466476.3670177,104.31868276000023,237.6,4.3133076923389835,-6.257773600284216,3.075692004273293
2,N->X,1787466476.5035503,104.4552153890254,237.7,4.29430038048981,-6.256517693451832,3.075299628653021
2,N->X,1787466476.640786,104.59245130699128,237.8,4.27529114600844,-6.255251237650047,3.0744862595145004
2,N->X,1787466476.7806232,104.73228850500891,237.9,4.256280847406346,-6.2539671843844395,3.0733284141528765
2,N->X,1787466476.9178169,104.86948254000163,238.0,4.2372768999717945,-6.252657346506106,3.071745359846683
2,N->X,1787466477.056028,105.0076933010132,238.1,4.2182757188096245,-6.251312413331808,3.0694358452475345
2,N->X,1787466477.069965,105.0216292910045,238.2,4.1992827081711885,-6.249929553338111,3.068737486836418
2,N->X,1787466477.081921,105.03358620597282,238.2,4.1802919884662675,-6.248564481662668,3.071627545456658
2,N->X,1787466477.0926864,105.04435119999107,238.2,4.161285779603447,-6.247244683897549,3.0734322179934934
2,N->X,1787466477.1650844,105.1167499559815,238.2,4.142271086935695,-6.245968357402783,3.0744259911962284
2,N->X,1787466477.179617,105.13128204701934,238.3,4.1232574198303436,-6.244687021235406,3.074876105300328
2,N->X,1787466477.3148327,105.26649757800624,238.3,4.104242117187602,-6.243411685293836,3.0749153257946125
2,N->X,1787466477.4516122,105.40327766502742,238.4,4.085210807892494,-6.2421515551381574,3.074432894878932
2,N->X,1787466477.589086,105.54075111699058,238.6,4.066177348449519,-6.240862053128825,3.073136076141504
2,N->X,1787466477.6670651,105.61872971401317,238.7,4.047153966146989,-6.239541257608899,3.072047741424746
2,N->X,1787466477.741297,105.69296218198724,238.7,4.028128722270596,-6.238228851959402,3.071451977441805
2,N->X,1787466477.878682,105.83034686499741,238.8,4.00910432276805,-6.2369171800873895,3.071110035094427
2,N->X,1787466477.954241,105.905906014028,238.9,3.9900805551081584,-6.235571716148402,3.070675408719009
2,N->X,1787466477.9669862,105.91865123301977,238.9,3.971052240845128,-6.234178779393063,3.069728529080647
2,N->X,1787466477.9783957,105.93006015202263,238.9,3.9520055072308207,-6.232838528856199,3.0680473821399055
2,N->X,1787466478.1139574,106.06562240800122,239.0,3.9329717549810237,-6.231393167411534,3.065804197595648
2,N->X,1787466478.2526922,106.20435814600205,239.1,3.91393050715376,-6.229919898920039,3.06286451091902
2,N->X,1787466478.3914583,106.34312397101894,239.2,3.8948731923868936,-6.2284283820780235,3.05937549287577
2,N->X,1787466478.4685314,106.42019639600767,239.3,3.8758128844369018,-6.226885959550435,3.065401032960687
2,N->X,1787466478.4809756,106.4326404479798,239.3,3.8566863977350927,-6.225471175396564,3.076098011047104
2,N->X,1787466478.4921677,106.44383264798671,239.3,3.8377719205675973,-6.224276990049343,3.080220095263401
2,N->X,1787466478.6283464,106.58001128799515,239.4,3.818672688288797,-6.223183903034427,3.0795361204708183
2,N->X,1787466478.768054,106.71971932402812,239.5,3.799589209032313,-6.22226873187637,3.077252235935576
2,N->X,1787466478.906208,106.85787318699295,239.6,3.7806423727516743,-6.2210380594820105,3.07431704066694
2,N->X,1787466479.0438316,106.99549684399972,239.7,3.7616917557485836,-6.219628686228268,3.0711233666311553
2,N->X,1787466479.0577605,107.00942606001627,239.8,3.7426985676525537,-6.217982243957667,3.0678248492540514
2,N->X,1787466479.0698235,107.0214885409805,239.8,3.723651738131754,-6.216675691711338,3.0650223968985717
2,N->X,1787466479.0806494,107.03231384197716,239.8,3.7046748459739134,-6.215455799872466,3.061424121167004
2,N->X,1787466479.2164497,107.16811523999786,239.9,3.6857072552653154,-6.21390473418391,3.0564230569226747
2,N->X,1787466479.3528972,107.30456275801407,240.0,3.66674417391578,-6.212196177681073,3.05003304817528
2,N->X,1787466479.4904604,107.44212560501182,240.1,3.6477697534800986,-6.210061429084953,3.042187859490564
2,N->X,1787466479.5684528,107.52011721598683,240.2,3.6287684954307604,-6.2081534033257775,3.03309394258113
2,N->X,1787466479.582002,107.53366639500018,240.2,3.609802660939887,-6.206337443842333,3.0221551587612043
2,N->X,1787466479.593467,107.5451320069842,240.2,3.5911995932895993,-6.204053721985856,3.016237727607827
2,N->X,1787466479.7296689,107.6813338570064,240.3,3.572382772423799,-6.201681907564144,3.01323659651567
2,N->X,1787466479.8046243,107.75628886697814,240.4,3.553545954203449,-6.198853848795084,3.0082090009882854
2,N->X,1787466479.8171363,107.76880157302367,240.4,3.534659704149379,-6.196256560653102,3.0015477680227343
2,N->X,1787466479.9552102,107.90687535598408,240.5,3.5158443307706113,-6.19391242363106,2.9959707241155753
2,N->X,1787466480.092242,108.04390717501519,240.6,3.4966741199251463,-6.191098988918117,2.996016349828254
2,N->X,1787466480.2289786,108.18064411298838,240.7,3.477760442578319,-6.188316118507878,2.991571389633621
2,N->X,1787466480.3044956,108.25616075500147,240.8,3.4589242902351813,-6.185420697717181,2.981228464248091
2,N->X,1787466480.316429,108.26809359097388,240.8,3.4402385671479805,-6.182310351583039,2.9690124390522206
2,N->X,1787466480.3270047,108.27866953902412,240.8,3.4215227143877938,-6.178989055399323,2.9595573200251897
2,N->X,1787466480.467172,108.41883961402345,240.9,3.4028784454076964,-6.1754692889170055,2.9485025533400306
2,N->X,1787466480.5484188,108.50008344801608,241.0,3.3842771590305265,-6.171756432626844,2.9360351993263567
2,N->X,1787466480.5595582,108.51122259697877,241.0,3.365697139503636,-6.167793801362604,2.926005686651103
2,N->X,1787466480.6961792,108.64784484700067,241.1,3.3471689999677836,-6.163658956682075,2.913135069971794
2,N->X,1787466480.8342893,108.78595467301784,241.2,3.3287134143057977,-6.15927990839946,2.8980863800434205
2,N->X,1787466480.9110587,108.8627239500056,241.3,3.3101358344671756,-6.154581335464722,2.889098085961977
2,N->X,1787466480.923501,108.87516599998344,241.3,3.291427435370888,-6.149713328687596,2.8816768758224147
2,N->X,1787466481.0592458,109.01091102598002,241.4,3.273096986585677,-6.144731653817556,2.864110476088076
2,N->X,1787466481.134145,109.08581049198983,241.5,3.2548658270599864,-6.139360955971391,2.8389202632070285
2,N->X,1787466481.2717748,109.22343999997247,241.6,3.236824407379871,-6.133516731746145,2.811386142021028
2,N->X,1787466481.2869284,109.23859320802148,241.6,3.2189454825553807,-6.127201805734339,2.7842896769184002
2,N->X,1787466481.3604918,109.3121569880168,241.6,3.2013177050039583,-6.120418743363354,2.7575991459016542
2,N->X,1787466481.4982946,109.4499598830007,241.8,3.1836750102943774,-6.11312225020525,2.7359056493903493
2,N->X,1787466481.63866,109.5903249810217,241.9,3.1662189632391913,-6.105468774799749,2.716373929613738
2,N->X,1787466481.6526632,109.60432787600439,242.0,3.1490864181866924,-6.097604868521156,2.704305128923575
2,N->X,1787466481.6644568,109.61612169898581,242.0,3.1319055226000376,-6.089495801002322,2.6938017486198893
2,N->X,1787466481.800839,109.75250457401853,242.0,3.114645493966696,-6.081109386985329,2.6824237254096066
2,N->X,1787466481.93856,109.89022601098986,242.1,3.097404138203888,-6.072548660133874,2.678531177385479
2,N->X,1787466482.0219944,109.97365961998003,242.3,3.0803504172051035,-6.063984551519719,2.6715408232659694
2,N->X,1787466482.034076,109.98574076697696,242.3,3.0636695260373266,-6.055425760622619,2.6599532853203876
2,N->X,1787466482.1075737,110.05923863797216,242.3,3.046923446544103,-6.046558569910373,2.6452987746294783
2,N->X,1787466482.2478142,110.19947910902556,242.4,3.030612361924151,-6.037608069391237,2.6304694078683006
2,N->X,1787466482.2615798,110.21324410301168,242.4,3.014055548446775,-6.0282237520483095,2.6189645211113763
2,N->X,1787466482.3358078,110.28747332602507,242.5,2.9976745604577837,-6.018664486502857,2.6040889882634937
2,N->X,1787466482.472764,110.4244297160185,242.6,2.981477709471873,-6.008861926876008,2.586756044429676
2,N->X,1787466482.610802,110.56246723997174,242.7,2.965480564569836,-5.998782548596795,2.5689050606723316
2,N->X,1787466482.628145,110.57980955898529,242.8,2.949470626948153,-5.9883392506834285,2.5556314930013944
2,N->X,1787466482.6396165,110.59128135297215,242.8,2.93382209403451,-5.977825225078366,2.541834249489942
2,N->X,1787466482.7750518,110.72671713301679,242.8,2.9178038779389146,-5.966805843405544,2.5339301610259968
2,N->X,1787466482.9130201,110.86468526098179,242.9,2.902369669871437,-5.956000637148772,2.528196256998317
2,N->X,1787466483.0518346,111.0035005119862,243.0,2.8868413170761684,-5.944974695862052,2.5183266056790843
2,N->X,1787466483.0651886,111.01685347902821,243.1,2.8717271203181602,-5.933954125650649,2.5035039196763753
2,N->X,1787466483.0762916,111.02795586700086,243.1,2.8566589149763115,-5.922663546944062,2.487153985977807
2,N->X,1787466483.149145,111.10080967302201,243.1,2.8414596216028265,-5.910776641117894,2.4712030449358324
2,N->X,1787466483.287544,111.23920966498554,243.2,2.8268605134302724,-5.899105287332739,2.456304728066061
2,N->X,1787466483.427266,111.37893167702714,243.4,2.812261819489772,-5.88702328183998,2.4429659449430554
2,N->X,1787466483.4437592,111.39542348502437,243.4,2.797905861465454,-5.874836339163847,2.431582412969795
2,N->X,1787466483.4535367,111.40520156000275,243.4,2.7835001689940584,-5.862296792159072,2.4210988950406516
2,N->X,1787466483.5222611,111.47392733301967,243.5,2.7758660110222215,-5.855534161816777,2.4157848833071656
2,N->X,1787466483.6614726,111.61313773802249,243.6,2.7615036328042857,-5.842754531850485,2.405327608705743
2,N->X,1787466483.7405012,111.69216646300629,243.7,2.747672099971544,-5.830125742037904,2.3983888504804236
2,N->X,1787466483.8144622,111.76612711901544,243.7,2.733636401518223,-5.817117001154046,2.3944708370398633
2,N->X,1787466483.8215683,111.77323318598792,243.7,2.7261517107076663,-5.8100543992610865,2.392784036504496
2,N->X,1787466483.896272,111.84793735097628,243.7,2.712290700013357,-5.796935545279614,2.3878354993178874
2,N->X,1787466484.034529,111.9861951060011,243.9,2.6984118774664,-5.784209276842238,2.3847109307838843
2,N->X,1787466484.1720014,112.12366698798724,244.0,2.6842671337550814,-5.770792116893144,2.379880211639003
2,N->X,1787466484.1868677,112.1385330799967,244.0,2.670467917236656,-5.7572364520821955,2.374626869433125
2,N->X,1787466484.1992893,112.15095366101013,244.0,2.656695805283966,-5.743825512226597,2.3663873276353526
2,N->X,1787466484.335836,112.28750089998357,244.1,2.6431344793886646,-5.73048862710373,2.3593966486023157
2,N->X,1787466484.474475,112.42614034400322,244.2,2.629664486503008,-5.717124700255291,2.3565293370738085
2,N->X,1787466484.5515244,112.50318913697265,244.3,2.616110558494153,-5.7039075090354165,2.3553711024422714
2,N->X,1787466484.5644207,112.51608563499758,244.4,2.6027557476367744,-5.69031858064078,2.355942242156479
2,N->X,1787466484.6373322,112.58899689797545,244.4,2.589457307135188,-5.676794842637762,2.3564288095349
2,N->X,1787466484.7763975,112.72806325502461,244.5,2.5756472715973526,-5.662990526970906,2.356019071220049
2,N->X,1787466484.8526378,112.804302974022,244.6,2.5619040113388754,-5.649621990235694,2.350367649656703
2,N->X,1787466484.8651628,112.81682771799387,244.6,2.5487018216350976,-5.6361694045526445,2.345542387948842
2,N->X,1787466484.9382408,112.88990628201282,244.6,2.5353435615981956,-5.622059620460836,2.3440861266913893
2,N->X,1787466485.0738797,113.02554530999623,244.7,2.5220312449444457,-5.608434342923748,2.344696610911921
2,N->X,1787466485.2108283,113.16249441599939,244.8,2.508717659221058,-5.594852059886854,2.3486726628677927
2,N->X,1787466485.347837,113.29950176697457,244.9,2.495349205473689,-5.58133673333857,2.3545109208747808
2,N->X,1787466485.4850898,113.43675550102489,245.0,2.481701889793537,-5.568116106637392,2.36089349801336
2,N->X,1787466485.5000143,113.45167925301939,245.1,2.4684289709769436,-5.555009248446493,2.367499912388768
2,N->X,1787466485.5064929,113.45815803500591,245.1,2.461405815046199,-5.5477571791146945,2.3700030752254047
2,N->X,1787466485.5181453,113.4698102910188,245.1,2.4477158501143053,-5.534468312778211,2.370584083293446
2,N->X,1787466485.590262,113.54192722198786,245.1,2.4340816089691906,-5.521248425529235,2.3728779462021783
2,N->X,1787466485.728444,113.68010917998618,245.2,2.420196210637522,-5.508241196257449,2.375396862483945
2,N->X,1787466485.8673592,113.81902478198754,245.3,2.406760434292308,-5.495317449398455,2.3778999046138884
2,N->X,1787466485.8759515,113.82761665101862,245.4,2.3996671911529743,-5.488191037515893,2.3781217256283105
2,N->X,1787466485.951072,113.90273662499385,245.5,2.3858289824990018,-5.474834093363369,2.3729580183477377
2,N->X,1787466486.0259807,113.97764591500163,245.5,2.3720614998255902,-5.461462956351867,2.3685766544389373
2,N->X,1787466486.1625023,114.11416755599203,245.6,2.3584442694613865,-5.44820508168677,2.368285852306612
2,N->X,1787466486.2995367,114.2512022589799,245.7,2.344809879792931,-5.435069524543324,2.3708328520425233
2,N->X,1787466486.375701,114.32736548298271,245.8,2.330894411248057,-5.421818411541264,2.3736159329017488
2,N->X,1787466486.3890102,114.34067522798432,245.8,2.317505767114928,-5.408473887225786,2.3749968444237872
2,N->X,1787466486.4011252,114.35278998099966,245.8,2.3037880364088044,-5.395295570090024,2.377842173001403
2,N->X,1787466486.473416,114.42508140200516,245.8,2.290010821754307,-5.382170439252795,2.381143705983029
2,N->X,1787466486.611098,114.56276345299557,246.0,2.2759926728995503,-5.368972127050101,2.382107585268956
2,N->X,1787466486.6245737,114.57623847102514,246.0,2.2620091867264667,-5.355939602777636,2.382321294342275
2,N->X,1787466486.6303768,114.58204154099803,246.0,2.254672404170952,-5.348936111633785,2.3818680634427833
2,N->X,1787466486.766543,114.71820860198932,246.1,2.2408375958617035,-5.335368373134822,2.378259780877746
2,N->X,1787466486.8441002,114.79576581902802,246.1,2.2270252032761837,-5.322110856846148,2.3741615441386483
2,N->X,1787466486.9811153,114.93278067198116,246.3,2.21332781796828,-5.3088996112161775,2.373077937029741
2,N->X,1787466487.113024,115.06468859000597,246.4,2.19953543852741,-5.295582105607438,2.3741133403297447
2,N->X,1787466487.1207829,115.07244723499753,246.4,2.1858626999136144,-5.2825028898914255,2.376057456735924
2,N->X,1787466487.1890101,115.14067456801422,246.4,2.1722591663136996,-5.269675577764178,2.377763048326755
2,N->X,1787466487.325304,115.27696868299972,246.5,2.1584152543336503,-5.256063346038561,2.378018317027346
2,N->X,1787466487.4625182,115.41418300598161,246.7,2.144673482137537,-5.2429048935056235,2.3783969495863535
2,N->X,1787466487.5373874,115.48905223800102,246.7,2.1309235303509872,-5.229781515774409,2.3800986817860235
2,N->X,1787466487.5505085,115.5021740369848,246.8,2.117205673038668,-5.216715041004876,2.3827233930890466
2,N->X,1787466487.6869502,115.63861587201245,246.8,2.103232693555782,-5.203507657800863,2.3845031903488425
2,N->X,1787466487.8240125,115.7756780689815,246.9,2.0894337801751575,-5.190471069327456,2.385137988688371
2,N->X,1787466487.9642777,115.91594287997577,247.1,2.0756154401156577,-5.177432061086118,2.3868561196265228
2,N->X,1787466487.9769177,115.92858224199153,247.1,2.061562848450636,-5.164198604336235,2.3845855445264315
2,N->X,1787466487.9882352,115.93990017101169,247.1,2.047758937600121,-5.151111762016836,2.382102220442927
2,N->X,1787466487.9984381,115.95010270201601,247.1,2.033965957892806,-5.1380226985213815,2.3819160336530647
2,N->X,1787466488.13493,116.08659467101097,247.2,2.020161375947939,-5.1250738349474085,2.3831177952620286
2,N->X,1787466488.2721717,116.22383699502097,247.3,2.006308318200159,-5.111775874411888,2.382169364976472
2,N->X,1787466488.3522432,116.30390801501926,247.4,1.992525419573256,-5.098694850208775,2.38216682099329
2,N->X,1787466488.3668892,116.31855381501373,247.4,1.978739592021094,-5.085606339178418,2.383145612761037
2,N->X,1787466488.4406528,116.39231824997114,247.4,1.9649289454339178,-5.072525076035336,2.384517248456085
2,N->X,1787466488.5770965,116.52876237698365,247.6,1.951070199557196,-5.059517045713621,2.386078056558192
2,N->X,1787466488.7181153,116.66978050401667,247.7,1.9369766913396214,-5.046142243549739,2.3821205767673344
2,N->X,1787466488.7317243,116.68338904902339,247.7,1.9231407958593794,-5.032974742898343,2.3747076044489894
2,N->X,1787466488.7484417,116.7001064089709,247.8,1.9095096690772464,-5.019757658135803,2.371024308070373
2,N->X,1787466488.8853285,116.83699356100988,247.8,1.8958996063881846,-5.0065214728030405,2.3705717443133225
2,N->X,1787466488.9606273,116.91229175101034,247.9,1.8822611950179162,-4.9932801264679165,2.371867818260779
2,N->X,1787466488.9730856,116.92475019401172,247.9,1.8686006902063514,-4.9800466426842425,2.3738534541001277
2,N->X,1787466489.1118336,117.06349942501402,248.0,1.854899426741462,-4.966855439294478,2.376064078227532
2,N->X,1787466489.2498481,117.20151382498443,248.1,1.841190690627969,-4.953702163505497,2.3773781417574695
2,N->X,1787466489.3866577,117.33832319802605,248.2,1.827464503772709,-4.940542061276624,2.3788939585523656
2,N->X,1787466489.5238845,117.47555006097537,248.3,1.813698294163987,-4.927419563438749,2.3804941972475517
2,N->X,1787466489.5377567,117.4894213990192,248.4,1.7998711543082149,-4.914231134075107,2.380380927961984
2,N->X,1787466489.6108267,117.56249258999014,248.4,1.7860958320509637,-4.9011151839687725,2.3807662865046435
2,N->X,1787466489.7505853,117.70225040597143,248.5,1.7723061998898673,-4.88798165229587,2.381596368220468
2,N->X,1787466489.7657723,117.71743680397049,248.6,1.758500492629671,-4.874869773774746,2.382568891112003
2,N->X,1787466489.8394086,117.79107361799106,248.6,1.7446591603991315,-4.861743481604883,2.3824610039322343
2,N->X,1787466489.9773855,117.92905058898032,248.7,1.7308664618882583,-4.848638830729028,2.381141009809086
2,N->X,1787466490.0539675,118.00563238898758,248.8,1.7170798595075125,-4.835527842511566,2.380922959049436
2,N->X,1787466490.0668297,118.01849457202479,248.8,1.7033003316509718,-4.82240339642261,2.381235364992214
2,N->X,1787466490.0777557,118.0294204360107,248.8,1.6894396436917989,-4.809219545120165,2.3787141347949508
2,N->X,1787466490.213535,118.16519988997607,248.9,1.6757147867831863,-4.7960574913121565,2.3774357648644355
2,N->X,1787466490.3512273,118.30289265798638,249.0,1.661980204713302,-4.782894746655346,2.3773262303395426
2,N->X,1787466490.4269457,118.37861074798275,249.1,1.648242375313305,-4.769719922189709,2.3778143209721074
2,N->X,1787466490.50209,118.45375500497175,249.2,1.634488559930823,-4.75656516192023,2.378535054806676
2,N->X,1787466490.5754683,118.52713386202231,249.2,1.6207454120702678,-4.743383639195647,2.375719896017588
2,N->X,1787466490.5901165,118.54178201197647,249.2,1.6070384679405845,-4.730177170439431,2.37417415920918
2,N->X,1787466490.7292016,118.68086719798157,249.3,1.5933398927503144,-4.7169560345502735,2.3739637883031683
2,N->X,1787466490.8054216,118.75708653801121,249.4,1.5796474489289258,-4.703746554573676,2.3744708237175267
2,N->X,1787466490.8176892,118.76935391500592,249.4,1.565941367538278,-4.690544315514331,2.3752710050857875
2,N->X,1787466490.9520957,118.9037604550249,249.5,1.5523044915099993,-4.677368727667463,2.369924470415112
2,N->X,1787466491.0242066,118.97587212797953,249.5,1.538686642035608,-4.66403875736818,2.361578679097962
2,N->X,1787466491.161163,119.11282792198472,249.7,1.5252080339992056,-4.650635584571312,2.357334960217895
2,N->X,1787466491.2983744,119.25003992498387,249.8,1.5117512730829537,-4.63719152976292,2.3566018187340787
2,N->X,1787466491.4350824,119.38674800301669,249.9,1.4982857984159859,-4.623742543237609,2.3576738964740014
2,N->X,1787466491.5121088,119.46377392800059,250.0,1.4847902031792175,-4.610311608963911,2.3596500475854247
2,N->X,1787466491.524858,119.47652276302688,250.0,1.4712214877579772,-4.596832860517421,2.3599541618363373
2,N->X,1787466491.5357776,119.48744197597262,250.0,1.4577054298470238,-4.58342420395534,2.361117338495171
2,N->X,1787466491.607937,119.55960201798007,250.0,1.4441671391329725,-4.570039878906943,2.36297930823059
2,N->X,1787466491.750229,119.70189392700559,250.1,1.4305698022233473,-4.556638916547248,2.363786056747201
2,N->X,1787466491.8962529,119.84791863901773,250.2,1.417017871643709,-4.543279424961111,2.3631770532753547
2,N->X,1787466491.9099963,119.86166114697699,250.3,1.4034757013414463,-4.529926374309891,2.363958454374068
2,N->X,1787466491.9211066,119.87277149502188,250.3,1.3898625702344949,-4.51652708889527,2.363615870008961
2,N->X,1787466492.0578177,120.00948282401077,250.4,1.3763720010270841,-4.5032077664973205,2.3613324424469377
2,N->X,1787466492.1963518,120.14801699097734,250.5,1.3652412035796548,-4.492149657679709,2.355564988482357
2,N->X,1787466492.2719784,120.22364360798383,250.6,1.3551184000959313,-4.481967262021468,2.347387485720608
2,N->X,1787466492.347195,120.2988600860117,250.7,1.3451527571725188,-4.471768620518873,2.343049176080791
2,N->X,1787466492.4223473,120.3740129150101,250.7,1.3352015749497805,-4.461523676149397,2.3415659276571232
2,N->X,1787466492.4362772,120.3879422500031,250.7,1.325172557193219,-4.4511709871347795,2.3381496203908956
2,N->X,1787466492.5729961,120.5246614519856,250.8,1.3152717933104605,-4.440874038027678,2.3341396732702404
2,N->X,1787466492.6523647,120.60402960598003,250.9,1.305391542102049,-4.430502547708246,2.328739698806999
2,N->X,1787466492.6660593,120.61772407899844,250.9,1.2955545980909733,-4.420060914673665,2.323124150987845
2,N->X,1787466492.8026788,120.75434431899339,251.0,1.2858261947089065,-4.409607838595292,2.3164244330359116
2,N->X,1787466492.9401371,120.89180256001418,251.1,1.2761275892831339,-4.399028161606976,2.3071806357758926
2,N->X,1787466493.016209,120.96787394600688,251.2,1.2665741310777139,-4.3884245967566535,2.3003822064410238
2,N->X,1787466493.1549578,121.10662345698802,251.3,1.2569571611369896,-4.377570358301969,2.2897235972319403
2,N->X,1787466493.1703331,121.12199858599342,251.3,1.24759078301628,-4.366791459969326,2.2818124683869754
2,N->X,1787466493.1811903,121.13285469799303,251.3,1.2381183503403193,-4.355679955229261,2.267171608605755
2,N->X,1787466493.3176153,121.26928024797235,251.4,1.229023698308193,-4.3446167482966604,2.2473833939891716
2,N->X,1787466493.455128,121.40679337497568,251.5,1.220156765631686,-4.333420614181426,2.2322698136700634
2,N->X,1787466493.5925965,121.54426151799271,251.6,1.2114135239661787,-4.322087944789417,2.2224720809508436
2,N->X,1787466493.7321413,121.68380661698757,251.7,1.2028541649296662,-4.310760390637528,2.211900572751852
2,N->X,1787466493.870656,121.82232144899899,251.8,1.1944365166776065,-4.299372710381385,2.20123514023457
2,N->X,1787466493.8853588,121.83702344901394,251.9,1.1861668014900733,-4.287915092144192,2.1893838634084823
2,N->X,1787466493.8971467,121.84881115198368,251.9,1.1780424383102936,-4.276360342743402,2.1759543035133375
2,N->X,1787466493.906969,121.85863377799978,251.9,1.1700536691149075,-4.264695449356613,2.164367369045671
2,N->X,1787466493.9789226,121.93058824300533,251.9,1.1622030867360333,-4.25290881640573,2.1489644842153854
2,N->X,1787466493.9928396,121.9445048070047,252.0,1.1546379450502695,-4.2410714105064224,2.125135340424625
2,N->X,1787466494.1303267,122.08199222298572,252.0,1.1472630347670731,-4.228899554112777,2.1032032305523467
2,N->X,1787466494.2694585,122.22112362197367,252.2,1.1401059018489956,-4.21657717217304,2.090449738149504
2,N->X,1787466494.282772,122.23443684098311,252.2,1.133077628019378,-4.204172938097012,2.08080292429088
2,N->X,1787466494.4193575,122.37102256302023,252.3,1.126190100889796,-4.191721475505569,2.070606445779178
2,N->X,1787466494.556508,122.50817376497434,252.4,1.1194621603607244,-4.179246487487523,2.0586852273606033
2,N->X,1787466494.6363447,122.58800946199335,252.5,1.1128961383777454,-4.166695356432893,2.0447391627979097
2,N->X,1787466494.772789,122.72445412300294,252.6,1.106504839679088,-4.154091249616418,2.0331565463707126
2,N->X,1787466494.7855062,122.73717101401417,252.6,1.1002159241790734,-4.141297201987143,2.02147335592739
2,N->X,1787466494.797096,122.7487605100032,252.6,1.0942643378919794,-4.128760771512825,2.0010658057598967
2,N->X,1787466494.9329233,122.884588557994,252.7,1.0884755962485004,-4.115762728017532,1.9737593444600547
2,N->X,1787466495.0083706,122.9600356129813,252.8,1.0830414540901765,-4.102698496020385,1.9543903591837448
2,N->X,1787466495.0213513,122.97301620297367,252.8,1.0777666446411613,-4.08945888774033,1.9452436053981066
2,N->X,1787466495.1579332,123.10959855397232,252.9,1.0725817298563574,-4.07612568747509,1.9368236118865636
2,N->X,1787466495.2941058,123.24577092699474,253.0,1.0675333823456659,-4.06281091606881,1.927438310675572
2,N->X,1787466495.3694565,123.32112112699542,253.1,1.06260194625747,-4.0493915040363735,1.9162929659182701
2,N->X,1787466495.5067127,123.45837743300945,253.2,1.0578281849048656,-4.035942181158506,1.9066150175327214
2,N->X,1787466495.6436472,123.59531278698705,253.3,1.0531900769990898,-4.022418892086465,1.8937526485259946
2,N->X,1787466495.782974,123.73463879397605,253.4,1.0487127195531567,-4.00884605323081,1.8820162276781243
2,N->X,1787466495.8600016,123.81166634702822,253.5,1.0446089226378268,-3.9956616747281584,1.857606616135685
2,N->X,1787466495.8740444,123.82570907002082,253.5,1.0407286311146149,-3.982028149615972,1.836492311875803
2,N->X,1787466495.885319,123.83698345301673,253.5,1.036180878302767,-3.9649148154432385,1.8227607838311224
2,N->X,1787466495.8948522,123.8465168600087,253.5,1.0315284762590613,-3.9464405603969968,1.809866170884138
2,N->X,1787466496.0298934,123.98155825800495,253.6,1.0271122387812972,-3.9279214794581825,1.7973811580294043
2,N->X,1787466496.1668642,124.11852902802639,253.7,1.0229272460444228,-3.9093377616204226,1.7839563850634672
2,N->X,1787466496.3046014,124.25626621197443,253.8,1.0190619110070838,-3.8908544770001026,1.7644798421248997
2,N->X,1787466496.317711,124.26937649899628,253.9,1.0155495260924208,-3.8721314915708667,1.7450492449485113
2,N->X,1787466496.3913493,124.34301445097663,253.9,1.0123598036085626,-3.853375939432261,1.731967965864791
2,N->X,1787466496.5287356,124.48040138999932,254.0,1.0093820955575497,-3.834619947301969,1.722259353912877
2,N->X,1787466496.6042483,124.55591345200082,254.1,1.0065853915705532,-3.8157946224075636,1.7129193003783585
2,N->X,1787466496.6173189,124.56898367399117,254.1,1.0040280438509075,-3.7972769468283483,1.6993152918996461
2,N->X,1787466496.63061,124.58227443799842,254.1,1.0017249419120233,-3.778505927801118,1.682334778087515
2,N->X,1787466496.7666366,124.71830200101249,254.2,0.9997132653401646,-3.759574163327553,1.6689473451441796
2,N->X,1787466496.9031296,124.85479464399396,254.3,0.9979162023585049,-3.740634368129326,1.6603617791737093
2,N->X,1787466497.0405352,124.99220041697845,254.4,0.9962607285856953,-3.721674303902245,1.6540202779219968
2,N->X,1787466497.118039,125.0697037440259,254.5,0.994724451150653,-3.7026634722402387,1.647342254532969
2,N->X,1787466497.130461,125.08212546200957,254.5,0.9933247041362158,-3.6836670627187442,1.6397324734974497
2,N->X,1787466497.1416352,125.09329969802639,254.5,0.9920580641386622,-3.664664640084137,1.633699260739903
2,N->X,1787466497.2809079,125.23257341998396,254.6,0.9909006207985432,-3.6456554399416095,1.6283349122659254
2,N->X,1787466497.3567016,125.30836680601351,254.7,0.9898437707939445,-3.6266424932654586,1.6231783925998078
2,N->X,1787466497.3698266,125.32149126700824,254.7,0.9888859554529194,-3.607622491405068,1.618086059459243
2,N->X,1787466497.5060506,125.45771570102079,254.8,0.9880153226020989,-3.5885933069562843,1.6129920252635441
2,N->X,1787466497.5823152,125.53398034302518,254.9,0.9872541805861076,-3.5695592042118176,1.6078849718413863
2,N->X,1787466497.6571186,125.6087835910148,254.9,0.9865877748654432,-3.550522977203087,1.602776102767781
2,N->X,1787466497.7960181,125.74768359499285,255.0,0.9860071937140779,-3.531487220389747,1.5976501464689854
2,N->X,1787466497.9338264,125.88549175101798,255.1,0.9855422485412745,-3.5124414421708896,1.5923907768292183
2,N->X,1787466497.9483793,125.9000439060037,255.2,0.9851594548131498,-3.4933890990143386,1.5870607372010463
2,N->X,1787466497.95982,125.91148466500454,255.2,0.9848897541912562,-3.4743266858034083,1.581699689183522
2,N->X,1787466498.0968843,126.04855046799639,255.3,0.9847301142687911,-3.4552714930017494,1.5762045873112394
2,N->X,1787466498.2335427,126.18520743399858,255.4,0.984653092998189,-3.4362132748287917,1.5706940199879778
2,N->X,1787466498.3102,126.26186463201884,255.5,0.9846904383257421,-3.4171536353281913,1.5652098912316221
2,N->X,1787466498.4467819,126.39844695199281,255.6,0.9848432588752071,-3.398090181791516,1.559721633015837
2,N->X,1787466498.4632285,126.41489311197074,255.6,0.9851010703415835,-3.3790237864865342,1.5541736061312224
2,N->X,1787466498.4749954,126.4266599320108,255.6,0.9854356566596439,-3.359951235062803,1.5486196478202425
2,N->X,1787466498.610979,126.56264444801491,255.7,0.9859174591876125,-3.340889904541493,1.5431829869820235
2,N->X,1787466498.6897213,126.64138596400153,255.8,0.9864843177952465,-3.32182811992694,1.5378921995397494
2,N->X,1787466498.7022195,126.65388420200907,255.8,0.9871202137973509,-3.302762049072098,1.5326098067021716
2,N->X,1787466498.8385665,126.7902316779946,255.9,0.9878878809909443,-3.2837014570036787,1.527382727443405
2,N->X,1787466498.9755495,126.92721507599344,256.0,0.9887720362760372,-3.2646447315656815,1.522272559815863
2,N->X,1787466498.9884024,126.94006716401782,256.0,0.9897152831725675,-3.245579439374223,1.5173457880135086
2,N->X,1787466499.1243453,127.07601027097553,256.1,0.990765073182061,-3.2265268735681567,1.5124724348755585
2,N->X,1787466499.2015605,127.15322655398631,256.1,0.9919299080396435,-3.2074720859742514,1.5056743935864747
2,N->X,1787466499.2156236,127.16728887701174,256.2,0.9932337034903559,-3.188678873949286,1.4957363894790598
2,N->X,1787466499.3553214,127.30698672600556,256.3,0.9946588873181891,-3.1696719179279107,1.4917068664019792
2,N->X,1787466499.4926627,127.44432790402789,256.4,0.9961941045344798,-3.1507389391262106,1.4913013987010335
2,N->X,1787466499.631116,127.58278154599248,256.5,0.9976888556727331,-3.1316919874307345,1.489448772081016
2,N->X,1787466499.7703698,127.72203527198872,256.6,0.9992447667413087,-3.1127098777285385,1.49104862899139
2,N->X,1787466499.908224,127.85988993698265,256.7,1.0007398716652103,-3.0936528958986904,1.4904419181091195
2,N->X,1787466500.0453825,127.99704742099857,256.8,1.0022557360323698,-3.074765642642157,1.4959216544479914
2,N->X,1787466500.1839473,128.13561268500052,256.9,1.0036336151312104,-3.0556025006346745,1.503400182945722
2,N->X,1787466500.3221076,128.27377331402386,257.0,1.0048631733157696,-3.036635001018878,1.506049579958748
2,N->X,1787466500.3985584,128.35022330400534,257.1,1.0061281351341063,-3.017583727759317,1.5056106711315898
2,N->X,1787466500.4118834,128.36354834301164,257.1,1.0073309675731128,-2.9987698802398723,1.5044859565089574
2,N->X,1787466500.4228811,128.37454556301236,257.2,1.0085785626855002,-2.979749093862753,1.5059604615049489
2,N->X,1787466500.4327376,128.38440180802718,257.2,1.0098106177426895,-2.9607157983335926,1.5069600927000373
2,N->X,1787466500.442037,128.39370148599846,257.2,1.010992482221322,-2.941772523879497,1.5105005052809786
2,N->X,1787466500.4499774,128.40164172800723,257.2,1.0121481646496264,-2.9228054300214072,1.5151219364459363
2,N->X,1787466500.4571393,128.40880357497372,257.2,1.0131189997652983,-2.903777880668374,1.5210074724017242
2,N->X,1787466500.4635482,128.4152125719702,257.2,1.0140580261880099,-2.8847738984378433,1.5255993751006443
2,N->X,1787466500.5983136,128.54997864598408,257.2,1.0148288349555228,-2.8657740006541537,1.5300490157071966
2,N->X,1787466500.7371564,128.68882150598802,257.4,1.0156048756191511,-2.8467783535621094,1.5347158136417363
2,N->X,1787466500.8782265,128.8298925620038,257.5,1.0162544948576329,-2.8277870155411557,1.539587691016245
2,N->X,1787466501.0158885,128.96755369502353,257.6,1.016798864870215,-2.8087974062010437,1.5447856169564147
2,N->X,1787466501.1540813,129.10574637900572,257.7,1.0172110560229184,-2.789823316044664,1.5505397268054264
2,N->X,1787466501.2304554,129.18211999698542,257.8,1.0176161259704484,-2.770852800877276,1.557211694925521
2,N->X,1787466501.243443,129.19510733801872,257.8,1.0177780780999444,-2.751885660999651,1.5651119749764326
2,N->X,1787466501.3168333,129.26849851000588,257.8,1.0178250686959762,-2.7329384478666263,1.5740827929242045
2,N->X,1787466501.4541097,129.40577541897073,257.9,1.0176965706977366,-2.7140021883426484,1.5838997777451889
2,N->X,1787466501.591372,129.54303760401672,258.1,1.017408758898777,-2.695063258695355,1.594606520189509
2,N->X,1787466501.7290435,129.68070836598054,258.2,1.0168134524353025,-2.6761636726484443,1.606344590146028
2,N->X,1787466501.8692756,129.82094080001116,258.3,1.0160809772933925,-2.657292396494616,1.6191809378314033
2,N->X,1787466501.94472,129.89638535800623,258.4,1.0150787672910442,-2.63846109459636,1.6331960046408143
2,N->X,1787466501.9569678,129.908632355975,258.4,1.0138363765793823,-2.6196274975660443,1.6483227565351775
2,N->X,1787466501.9683125,129.91997673397418,258.4,1.0122004738163282,-2.600765432440186,1.6645596143205312
2,N->X,1787466501.9782097,129.92987421998987,258.4,1.0103424158468857,-2.5816459516559953,1.6797829845254544
2,N->X,1787466502.1139889,130.06565426499583,258.5,1.008183602546432,-2.5625556850543303,1.69337897034414
2,N->X,1787466502.2525582,130.2042235690169,258.6,1.0057295583800154,-2.543823824756719,1.7041136507154533
2,N->X,1787466502.3920925,130.3437576640281,258.7,1.0031283717897201,-2.524849422986353,1.7143604225154814
2,N->X,1787466502.399047,130.35071191599127,258.8,1.0017223700750508,-2.5149201873302904,1.7188232305513984
2,N->X,1787466502.4115975,130.36326211801497,258.8,0.9988383303987062,-2.4962620380481546,1.7256874966381932
2,N->X,1787466502.4862738,130.4379387529916,258.8,0.9958424252271784,-2.4772088167346884,1.7313275929987424
2,N->X,1787466502.561179,130.51284415001282,258.8,0.9929536329280068,-2.4599122198281567,1.7380204242668773
2,N->X,1787466502.6976502,130.6493149130256,258.9,0.9904536335642314,-2.445282282669185,1.7430444674931873
2,N->X,1787466502.8344185,130.78608361200895,259.1,0.9878417193043719,-2.4302494241123687,1.7455102360345598
2,N->X,1787466502.910709,130.8623737610178,259.2,0.9850960152445727,-2.4147104728892437,1.7479452970410245
2,N->X,1787466502.9231985,130.87486340699252,259.2,0.9819214222292784,-2.3966139406303677,1.7473972247858212
2,N->X,1787466502.93344,130.8851043509785,259.2,0.978544952819927,-2.378137979404247,1.7519303529374124
2,N->X,1787466503.0048938,130.956558373,259.2,0.9750167399057589,-2.3589831458534847,1.7550803157688262
2,N->X,1787466503.1426456,131.09431058599148,259.3,0.9713916799699827,-2.3399803543588003,1.7587926629033048
2,N->X,1787466503.2180076,131.16967276198557,259.4,0.967782933365523,-2.3213838681482097,1.7592567548983393
2,N->X,1787466503.292797,131.24446252197959,259.4,0.9642762656670978,-2.302656872239033,1.7611465540644713
2,N->X,1787466503.4325092,131.3841743959929,259.5,0.9606260582189701,-2.2837157480564536,1.7649407091062594
2,N->X,1787466503.4464622,131.39812741801143,259.6,0.9569351165070591,-2.2651357512363073,1.7659176685727636
2,N->X,1787466503.5192297,131.47089450899512,259.6,0.9532163667672504,-2.2461294437366863,1.7634382103774002
2,N->X,1787466503.656261,131.6079256570083,259.7,0.9494886157241587,-2.2272250811026004,1.7601837321494056
2,N->X,1787466503.7322755,131.68394018802792,259.8,0.9460031946556745,-2.2085937633539734,1.7525620904919497
2,N->X,1787466503.8062582,131.75792315398576,259.8,0.9425927939020836,-2.1899401168343076,1.7481768958269057
2,N->X,1787466503.9437766,131.89544142602244,260.0,0.9391990803171958,-2.170908036478965,1.74549305301464
2,N->X,1787466504.0802686,132.03193346702028,260.1,0.9358924503338532,-2.1519973336273805,1.7436366607874396
2,N->X,1787466504.1567175,132.10838267498184,260.2,0.932700729905071,-2.133314118568361,1.7410583272812254
2,N->X,1787466504.1701472,132.1218123799772,260.2,0.9294086467111288,-2.1145554593999805,1.7439717557561702
2,N->X,1787466504.181576,132.13324065797497,260.2,0.9260560558159077,-2.0954104825535436,1.7488335660747016
2,N->X,1787466504.3178596,132.2695248479722,260.3,0.9225645753428514,-2.07646034586274,1.7537945578708165
2,N->X,1787466504.3954916,132.34715654101456,260.3,0.9190871876275799,-2.057848627116371,1.7553137984334495
2,N->X,1787466504.5320942,132.48375964997103,260.4,0.9155989469276579,-2.0390336836373066,1.7566753332433844
2,N->X,1787466504.6702862,132.6219514789991,260.6,0.9120573275985344,-2.0200549742324783,1.7542737418222112
2,N->X,1787466504.748374,132.7000387830194,260.7,0.9085931848615365,-2.001435971705506,1.7495298953128677
2,N->X,1787466504.7613666,132.7130311880028,260.7,0.9052529705121881,-1.982598855745375,1.745082296159608
2,N->X,1787466504.7719622,132.7236267339904,260.7,0.9019670102515366,-1.963732117237768,1.7366040356257264
2,N->X,1787466504.843996,132.79566150601022,260.7,0.8988849140823401,-1.9449758406880995,1.7299114029173202
2,N->X,1787466504.9805915,132.9322566249757,260.8,0.89591573492116,-1.9261860063237377,1.7217823630180658
2,N->X,1787466505.0565147,133.00817965297028,260.9,0.8930726340275503,-1.9072573293924617,1.7145297352899702
2,N->X,1787466505.1307309,133.0823958410183,260.9,0.8904624253870561,-1.8888283412562135,1.6987383042966098
2,N->X,1787466505.266482,133.2181465459871,261.0,0.8881794808960435,-1.8700117188651868,1.6880770061632793
2,N->X,1787466505.4031062,133.35477169498336,261.1,0.886010246251214,-1.8511479823313606,1.6852035398328
2,N->X,1787466505.4779491,133.42961415997706,261.2,0.8838268556615896,-1.8323094271838578,1.6874127506895338
2,N->X,1787466505.5528944,133.5045591740054,261.3,0.8815465780170901,-1.813220642799872,1.691061258536512
2,N->X,1787466505.5653741,133.51703861297574,261.3,0.8792112696158604,-1.7943235771261825,1.6912538035895297
2,N->X,1787466505.644164,133.59582903701812,261.3,0.8769655675614374,-1.775392914302971,1.6943716210135205
2,N->X,1787466505.7817078,133.7333731590188,261.4,0.8746440974618286,-1.7565106353108715,1.694852227968724
2,N->X,1787466505.919277,133.87094226601766,261.6,0.8722605195918604,-1.737499619672796,1.695143898222051
2,N->X,1787466505.9329028,133.88456764700823,261.6,0.869812837385441,-1.7185892109579564,1.6945787173175362
2,N->X,1787466506.0069704,133.958635656978,261.6,0.8674966586823601,-1.6995218328832549,1.693811614669659
2,N->X,1787466506.1470811,134.09874674398452,261.7,0.8652798629104769,-1.680921212920873,1.68428724552817
2,N->X,1787466506.161449,134.11311376898084,261.8,0.8631175903492234,-1.6620511126918072,1.677375322165054
2,N->X,1787466506.235481,134.18714621901745,261.8,0.86109994586534,-1.6430703202908712,1.6759639931988588
2,N->X,1787466506.3724406,134.32410576200346,261.9,0.8591220585962029,-1.6240447429782556,1.677315189332234
2,N->X,1787466506.5123723,134.46403719700174,262.0,0.8570792048411191,-1.6050356155266556,1.6766230939184683
2,N->X,1787466506.6486313,134.60029605100863,262.1,0.8550304848269784,-1.5860336374403436,1.6759966468834826
2,N->X,1787466506.7865317,134.73819694499252,262.2,0.8530580945081996,-1.5670883134079985,1.673756541354993
2,N->X,1787466506.9236243,134.87528957799077,262.3,0.8511122051038255,-1.5480312727024357,1.6736052360200775
2,N->X,1787466506.9393573,134.89102196198655,262.4,0.8491338769635297,-1.529099665806899,1.672499972952911
2,N->X,1787466506.9533496,134.90501464600675,262.4,0.8472270700166817,-1.5100654028586553,1.6698194185909159
2,N->X,1787466506.9635377,134.91520223097177,262.4,0.8453544962640582,-1.4911516182491786,1.6669365421312923
2,N->X,1787466507.035095,134.98675991297932,262.4,0.8435374471137341,-1.4721290187931395,1.6626401874515948
2,N->X,1787466507.1729534,135.12461827200605,262.5,0.8418231220161833,-1.4530534273642688,1.6614305231639543
2,N->X,1787466507.1865423,135.13820714800386,262.6,0.8400836233997635,-1.4341636180347273,1.658248106513765
2,N->X,1787466507.2603595,135.21202489401912,262.6,0.8384746465023096,-1.4151414376320908,1.652796065827274
2,N->X,1787466507.3978572,135.34952227701433,262.7,0.8369185868142313,-1.396054834036033,1.6508492309567062
2,N->X,1787466507.537218,135.4888834930025,262.8,0.8353907749493702,-1.3769723392448474,1.6501074470746913
2,N->X,1787466507.674493,135.62615858600475,263.0,0.833978459458916,-1.3584471190148146,1.6393893699550859
2,N->X,1787466507.6878428,135.63950715598185,263.0,0.8328015180138362,-1.3397440872266715,1.6263830889616344
2,N->X,1787466507.6999946,135.6516590989777,263.0,0.8317765939835039,-1.3206885796601937,1.6208700287998292
2,N->X,1787466507.773023,135.72468800499337,263.0,0.8308386412922604,-1.301610259764364,1.6185983651283522
2,N->X,1787466507.9106717,135.86233669001376,263.1,0.8299389469144441,-1.2825112987665712,1.617667547008536
2,N->X,1787466508.0469995,135.99866479699267,263.2,0.8290527445286605,-1.2634079746121947,1.6172062171032735
2,N->X,1787466508.1852386,136.1369033359806,263.4,0.8281698154498051,-1.244302108889797,1.616859614437422
2,N->X,1787466508.321938,136.27360330201918,263.5,0.8272782787393899,-1.2251935694174085,1.6165047872919138
2,N->X,1787466508.3974497,136.3491151810158,263.6,0.8264091470500292,-1.2060785463268713,1.6160898872714766
2,N->X,1787466508.4115615,136.36322643299354,263.6,0.8255502201487968,-1.1869606409778692,1.6155884245983125
2,N->X,1787466508.4221456,136.3738102740026,263.6,0.8246975945987675,-1.1678419861805223,1.6149638363245573
2,N->X,1787466508.4313905,136.38305494299857,263.6,0.823848319819753,-1.1487258062662695,1.614214499150089
2,N->X,1787466508.5659382,136.51760292501422,263.7,0.8230324161689624,-1.1296071820227522,1.6133671863260075
2,N->X,1787466508.7037554,136.65542044397444,263.8,0.8222151056648211,-1.1104860745711873,1.612417949688226
2,N->X,1787466508.8405366,136.79220170201734,263.9,0.8214328100825206,-1.0913641409937427,1.6113837523759096
2,N->X,1787466508.920241,136.87190637399908,264.0,0.8206595916978447,-1.0722456538128313,1.6102533731275381
2,N->X,1787466508.9318879,136.8835526179755,264.0,0.8199176501614861,-1.0531310676519259,1.6090270515922427
2,N->X,1787466508.9427476,136.89441198302666,264.0,0.8191946278602488,-1.0340182012274954,1.607698624707796
2,N->X,1787466509.0785985,137.0302634430118,264.1,0.818498085756036,-1.014904125916005,1.6062834864404822
2,N->X,1787466509.2162986,137.16796351398807,264.2,0.8178356957841617,-0.9957884294904046,1.6047994628067843
2,N->X,1787466509.352862,137.30452728597447,264.3,0.8171911949060148,-0.9766731483144411,1.603254359543336
2,N->X,1787466509.4315627,137.38322793797124,264.4,0.8165842309637692,-0.9575597087480834,1.6016368366572675
2,N->X,1787466509.507443,137.45910787797766,264.4,0.8160074556560054,-0.938448442074528,1.5999483019389755
2,N->X,1787466509.5217416,137.47340640897164,264.5,0.8154604640406358,-0.9193378549977133,1.5982006280332952
2,N->X,1787466509.6597567,137.61142185499193,264.6,0.8149505805490481,-0.9002277205127333,1.5964176757119743
2,N->X,1787466509.735678,137.68734380201204,264.6,0.8144736775696784,-0.88111930252905,1.5946036248770012
2,N->X,1787466509.749747,137.70141214801697,264.7,0.814032778932936,-0.8620162071356907,1.5927568595006487
2,N->X,1787466509.8250923,137.77675768797053,264.7,0.8136273492665397,-0.8429185236959502,1.5908838729476464
2,N->X,1787466509.9005513,137.85221728298347,264.8,0.81325625036999,-0.8238239206290254,1.5889603644626562
2,N->X,1787466510.0387847,137.99044987699017,264.9,0.8129243171116612,-0.8047304337465111,1.586977730806907
2,N->X,1787466510.052133,138.00379756401526,264.9,0.812629980703035,-0.7856383282310018,1.5849914224151491
2,N->X,1787466510.1265366,138.0782021090272,265.0,0.8123744968596671,-0.7665481934813236,1.5830055122844489
2,N->X,1787466510.2643642,138.21602942899335,265.1,0.8121556002336653,-0.7474612742427028,1.58102864049671
2,N->X,1787466510.2785578,138.23022258799756,265.1,0.8119740183004202,-0.7283780367118305,1.5790376468117866
2,N->X,1787466510.414814,138.36647950898623,265.2,0.811830768266728,-0.7092976717948075,1.5770214016250181
2,N->X,1787466510.5552804,138.50694574898807,265.3,0.8117266837219973,-0.6902242687784704,1.5750183579839208
2,N->X,1787466510.6942348,138.64590032200795,265.4,0.8116603973090711,-0.6711600035322327,1.5730229774592697
2,N->X,1787466510.7075422,138.6592068899772,265.5,0.8116335048881405,-0.652104968297115,1.5709693458290752
2,N->X,1787466510.7809992,138.73266445600893,265.5,0.8116443153107187,-0.6330598216950623,1.5689269465049234
2,N->X,1787466510.9187949,138.87045992398635,265.6,0.8116939335440891,-0.6140209378563815,1.5669269935065038
2,N->X,1787466510.9947267,138.94639189401641,265.7,0.81178226882885,-0.5949833602579188,1.5649451837594115
2,N->X,1787466511.0089357,138.9606003370136,265.7,0.8119074875742051,-0.5759491901620168,1.5630176469208676
2,N->X,1787466511.019862,138.9715266149724,265.7,0.8120694852335093,-0.5569162592023669,1.5611742939559823
2,N->X,1787466511.1568367,139.1085026449873,265.8,0.8122652354267244,-0.5378881724424814,1.559402548913288
2,N->X,1787466511.2967978,139.24846303701634,265.9,0.8124936755593972,-0.5188633407317873,1.557657995473539
2,N->X,1787466511.4338403,139.38550559297437,266.0,0.8127557080011624,-0.49984204504375046,1.5559044747869846
2,N->X,1787466511.5124571,139.46412212500582,266.1,0.813051978776598,-0.4808254513914403,1.5542065628443806
2,N->X,1787466511.524183,139.47584750701208,266.1,0.8133792390293095,-0.4618129635632136,1.5526274712549355
2,N->X,1787466511.5345795,139.486244204978,266.1,0.8137350697459671,-0.4428064387615962,1.5511613265428208
2,N->X,1787466511.670571,139.622235791001,266.2,0.814116913612445,-0.42380451701636157,1.549791744867231
2,N->X,1787466511.8087122,139.76037797500612,266.3,0.814524923906293,-0.4048085920965406,1.5484825836611686
2,N->X,1787466511.886433,139.83809772098903,266.4,0.814957388665445,-0.3858148351362955,1.547240329911935
2,N->X,1787466511.9619112,139.91357607301325,266.5,0.8154142817672118,-0.3668206441562764,1.5460682727277775
2,N->X,1787466512.0376601,139.98932654800592,266.5,0.8158934369400204,-0.347832087017067,1.5450081851683963
2,N->X,1787466512.1749198,140.1265851840144,266.6,0.816388653001622,-0.3288433840408915,1.5440622849083507
2,N->X,1787466512.250536,140.20220160402823,266.7,0.8169022187539231,-0.3098620556241995,1.5431679819255268
2,N->X,1787466512.2639067,140.2155717270216,266.7,0.8174333468376057,-0.29088706079886406,1.5423570880022524
2,N->X,1787466512.3370934,140.28875873499783,266.7,0.8179782867511445,-0.27191326903579993,1.541621887076963
2,N->X,1787466512.4740558,140.4257205100148,266.8,0.8185381064282025,-0.2529442506002601,1.5409802708528224
2,N->X,1787466512.6134,140.56506563699804,267.0,0.8191065956089957,-0.23398034361816195,1.5404051369156668
2,N->X,1787466512.6284847,140.58014954300597,267.0,0.8196883588752761,-0.21502713207549398,1.539898499068315
2,N->X,1787466512.6404214,140.59208634402603,267.0,0.8202788392151558,-0.19607531191728142,1.539456068551153
2,N->X,1787466512.7759948,140.72765973798232,267.1,0.8208718292819084,-0.17712331145745291,1.5390739811476826
2,N->X,1787466512.8513014,140.80296637798892,267.2,0.8214812200686112,-0.15817635067253735,1.5387701030582739
2,N->X,1787466512.8634033,140.81506764900405,267.2,0.8220858000077987,-0.13922722752409808,1.53853306795018
2,N->X,1787466512.9991457,140.95081066398416,267.3,0.8227009560437367,-0.12028555963208476,1.5383725661374383
2,N->X,1787466513.1359603,141.08762583101634,267.4,0.8233125204000852,-0.10134589817944228,1.5382850667373684
2,N->X,1787466513.273058,141.22472307598218,267.5,0.823938341430352,-0.0824150747042646,1.5382348194348585
2,N->X,1787466513.349161,141.3008263829979,267.6,0.824550741210076,-0.0634803249947668,1.5382714462485947
2,N->X,1787466513.3612928,141.31295759498607,267.6,0.825163281355232,-0.044546910712978546,1.5383878318484963
2,N->X,1787466513.3723407,141.3240057270159,267.6,0.8257839124879794,-0.02562138829112425,1.5385719558818658
2,N->X,1787466513.508888,141.46055324102053,267.7,0.8263948981391804,-0.00669766959248517,1.5388163467982008
2,N->X,1787466513.6482894,141.59995504800463,267.8,0.8269887548513268,0.012227867142641752,1.5391197799432283
2,N->X,1787466513.785859,141.7375246079755,267.9,0.8275979526145671,0.03114833564870249,1.5394986281540433
2,N->X,1787466513.799533,141.751197355974,268.0,0.828186609123452,0.05007317119765619,1.5399618479733188
2,N->X,1787466513.8115559,141.7632205300033,268.0,0.8287621761848075,0.06899967865604774,1.54048803293364
2,N->X,1787466513.8217478,141.77341282600537,268.0,0.8293289130865209,0.08792565864936808,1.541052539754395
2,N->X,1787466513.9573765,141.9090413969825,268.1,0.8299041579516289,0.1068502224734808,1.541685469532316
2,N->X,1787466514.0938513,142.04551629297202,268.2,0.8304410625424805,0.12577791642815966,1.5423802150655979
2,N->X,1787466514.1075299,142.05919459898723,268.2,0.8309670175235734,0.14471185541198198,1.5431456708203715
2,N->X,1787466514.2439752,142.19564033101778,268.3,0.8314905297323042,0.16364533324233246,1.5440162019548627
2,N->X,1787466514.3799517,142.33161632000702,268.4,0.8319994377174744,0.1825780620259417,1.544962919974766
2,N->X,1787466514.5173912,142.46905656100716,268.5,0.8324835309040292,0.2015123616573504,1.5459582024382155
2,N->X,1787466514.6579862,142.6096516919788,268.6,0.8329577180401807,0.2204481466325345,1.5469959884340003
2,N->X,1787466514.7311695,142.6828346149996,268.7,0.8333839157650504,0.23938849949782548,1.5480880494266738
2,N->X,1787466514.804026,142.75569295400055,268.7,0.8338157226820465,0.2584584896412152,1.547924230726092
2,N->X,1787466514.9430149,142.8946805340238,268.8,0.8342706271210998,0.2774324063223301,1.543793441602963
2,N->X,1787466514.9578671,142.9095317950123,268.9,0.8348355298641096,0.29639262755725543,1.5384929054720013
2,N->X,1787466514.9697578,142.92142237199005,268.9,0.8354876985793339,0.31531865227086253,1.532764785488869
2,N->X,1787466514.979805,142.93146961199818,268.9,0.8362522049030962,0.33421567765544863,1.5268704231420975
2,N->X,1787466515.1159434,143.06760862201918,269.0,0.8371343152105581,0.3533365119297872,1.5210125249220838
2,N->X,1787466515.1920483,143.14371343899984,269.1,0.838110557847325,0.3723126077204289,1.5163819431394379
2,N->X,1787466515.2038507,143.15551529097138,269.1,0.839188436578816,0.3913746435456594,1.5131487033799962
2,N->X,1787466515.3421707,143.29383586900076,269.2,0.8403054909631676,0.410597530400614,1.5099871015833484
2,N->X,1787466515.48066,143.43232476402773,269.3,0.8414832715668432,0.4294582425519486,1.5073178163570362
2,N->X,1787466515.6197808,143.57144588901429,269.4,0.8427177343072954,0.4489232824958971,1.5078249635917302
2,N->X,1787466515.6959033,143.64756828302052,269.5,0.843923335961557,0.46769923837415833,1.5070859496896658
2,N->X,1787466515.7082407,143.65990533999866,269.5,0.8451482924543176,0.4867979771622777,1.5057218053026058
2,N->X,1787466515.7191303,143.67079493700294,269.5,0.8463669739212463,0.5056164208014159,1.5049037399451988
2,N->X,1787466515.8543174,143.80598273599753,269.6,0.8476463657183386,0.5250373975017143,1.5081412466909865
2,N->X,1787466515.9916918,143.94335705298,269.7,0.8488018572584317,0.5441779971111291,1.5108914543777776
2,N->X,1787466516.1294985,144.08116330002667,269.8,0.8499873944002119,0.563112534701352,1.5047766234518396
2,N->X,1787466516.205355,144.1570199810085,269.9,0.8513281209677456,0.5822297801859682,1.4955093804748825
2,N->X,1787466516.2176974,144.1693616679986,269.9,0.852832820590792,0.6011676752970698,1.4868040787658796
2,N->X,1787466516.2286596,144.1803240670124,269.9,0.8544630638514852,0.6202264882662197,1.4793693659502478
2,N->X,1787466516.3643582,144.31602294597542,270.0,0.8562686320568335,0.639614049560579,1.4752028914757132
2,N->X,1787466516.439306,144.3909710199805,270.1,0.8581409481956465,0.6587193491331773,1.4715441239172105
2,N->X,1787466516.5760808,144.52774605102604,270.2,0.8600940704994364,0.6780613551778691,1.4684912302530762
2,N->X,1787466516.590972,144.542636786995,270.2,0.8620270438903275,0.6969665438877914,1.4680811657374175
2,N->X,1787466516.7266169,144.67828213301254,270.3,0.8640512979769638,0.7163074975093833,1.468307333619656
2,N->X,1787466516.8623548,144.8140201739734,270.4,0.8659681488923407,0.7349552309993028,1.4655129983520856
2,N->X,1787466516.9994416,144.95110654301243,270.5,0.8680097739979968,0.7542533695170579,1.4657379894304934
2,N->X,1787466517.016625,144.96828975097742,270.6,0.8699940438569141,0.7728919900654514,1.4636669722449311
2,N->X,1787466517.030211,144.98187604901614,270.6,0.8720446805544582,0.7922051967406224,1.4652732873895375
2,N->X,1787466517.039916,144.99158041697228,270.6,0.8740800578447752,0.81130610897119,1.467250154769916
2,N->X,1787466517.1766367,145.1283019229886,270.7,0.8760772945481091,0.8301792203857078,1.46031542629756
2,N->X,1787466517.3141394,145.26580466300948,270.8,0.8782831651220884,0.8494706055143172,1.4507594246622184
2,N->X,1787466517.4513116,145.40297683898825,270.9,0.8806727972269492,0.8685668113909735,1.441615085262819
2,N->X,1787466517.5889275,145.54059254797176,271.0,0.8831330717969255,0.8873597231856822,1.4359153261623832
2,N->X,1787466517.6678786,145.61954434600193,271.1,0.8857900227881156,0.9066691704942696,1.433000501102639
2,N->X,1787466517.6806302,145.63229514297564,271.1,0.8884687657716063,0.9257113203923261,1.4300589237380326
2,N->X,1787466517.6918168,145.6434814480017,271.1,0.8911077623293586,0.9444604360827341,1.4291581582203645
2,N->X,1787466517.7635136,145.7151790370117,271.1,0.8938925969635936,0.9638301280554644,1.4291316247304888
2,N->X,1787466517.9001873,145.8518517150078,271.2,0.8965546018495749,0.982543931546269,1.4286969336101583
2,N->X,1787466518.0362816,145.9879466749844,271.4,0.8992933865557892,1.0015561379587063,1.4258981308664325
2,N->X,1787466518.0431364,145.99480094201863,271.4,0.9007489881293085,1.011599116768601,1.4251005453261445
2,N->X,1787466518.0549023,146.00656687800074,271.4,0.9035156590294645,1.030338347096808,1.4254126911207985
2,N->X,1787466518.1274395,146.07910450099735,271.4,0.906266946569711,1.049308083708803,1.4249721038782732
2,N->X,1787466518.1964395,146.14810426702024,271.5,0.9077365088924187,1.0593016642902369,1.425534846979491
2,N->X,1787466518.333252,146.28491698001744,271.6,0.9104814809191455,1.0780738494647164,1.4285526851550776
2,N->X,1787466518.4702187,146.421883721021,271.7,0.9132095905932145,1.0973321053968177,1.4311706988520245
2,N->X,1787466518.606085,146.557749916974,271.8,0.9158694164327266,1.1160751886947187,1.4278626918280721
2,N->X,1787466518.6851861,146.63685053697554,271.9,0.9186688725216204,1.1351270705909584,1.4190277488303673
2,N->X,1787466518.698143,146.6498074469855,271.9,0.9215764089638606,1.1538404079394338,1.4130401545579925
2,N->X,1787466518.7097697,146.66143403202295,271.9,0.9246336274917062,1.1727859839517385,1.407379092109579
2,N->X,1787466518.7778656,146.7295307960012,271.9,0.9262641821709698,1.1827170400011557,1.4055095039446004
2,N->X,1787466518.9158285,146.86749382998096,272.1,0.9294186245004383,1.2016895667894942,1.4062365577405662
2,N->X,1787466519.052819,147.00448416202562,272.2,0.9326112151276597,1.2207862689789142,1.4039973717045078
2,N->X,1787466519.1294692,147.08113383001182,272.3,0.9357976816084972,1.2394782970559994,1.4029696740068922
2,N->X,1787466519.141669,147.09333358699223,272.3,0.9389695090102925,1.258376021921872,1.4007958368482887
2,N->X,1787466519.1473067,147.0989712079754,272.3,0.9407161224392148,1.2683732776407854,1.400559003331889
2,N->X,1787466519.1580453,147.1097100439947,272.3,0.9439137468505316,1.2872409577268518,1.4040711488419635
2,N->X,1787466519.2944105,147.2460758590023,272.4,0.9471443970267551,1.306307080210943,1.4041967151304255
2,N->X,1787466519.431624,147.38328900700435,272.5,0.9502743934581351,1.3249628832709244,1.4053060370532213
2,N->X,1787466519.5690985,147.52076349500567,272.6,0.9534355278527296,1.3441158490200809,1.407412925748992
2,N->X,1787466519.7085958,147.66026127699297,272.7,0.9565658208353028,1.3630574771611228,1.4085746137167534
2,N->X,1787466519.7867177,147.73838250600966,272.8,0.9595983509351218,1.381762111437316,1.411784616856459
2,N->X,1787466519.799143,147.75080819398863,272.8,0.962642011443174,1.4009833511922611,1.4159959085778016
2,N->X,1787466519.8111427,147.76280736998888,272.8,0.9655378599637998,1.4194884136597767,1.4165342231335236
2,N->X,1787466519.8844275,147.83609333599452,272.8,0.9685095549580699,1.4387739880850061,1.4209934277325897
2,N->X,1787466520.022812,147.9744773710263,272.9,0.9713324272716154,1.4576821664018276,1.4275348899568312
2,N->X,1787466520.160095,148.11175992601784,273.1,0.974034491707212,1.4766328559673578,1.4293924574068044
2,N->X,1787466520.17413,148.12579442799324,273.1,0.9767471136364964,1.4958104944189905,1.430551268412185
2,N->X,1787466520.1858532,148.13751780998427,273.1,0.9794355364885386,1.514821765161813,1.4350362515631634
2,N->X,1787466520.32205,148.27371506701456,273.2,0.9820179924035378,1.5336142092429388,1.4327723368896035
2,N->X,1787466520.3974786,148.34914380102418,273.3,0.9846931321830072,1.5526639839163567,1.4260204919960566
2,N->X,1787466520.409663,148.3613274950185,273.3,0.9874588369003375,1.57144962126242,1.4215928710773014
2,N->X,1787466520.5466063,148.4982718040119,273.4,0.9903435792937243,1.590409329046319,1.4179277144931486
2,N->X,1787466520.6863124,148.6379772350192,273.5,0.9933341141346004,1.6097089591440032,1.417879031416807
2,N->X,1787466520.8231568,148.77482239698293,273.6,0.9962328566726122,1.628671645868439,1.4175602934361125
2,N->X,1787466520.9614065,148.91307121299906,273.7,0.9992330842661763,1.6478826071967392,1.4174288995593207
2,N->X,1787466521.0981145,149.04977972101187,273.8,1.0021257666431163,1.6666233321376893,1.419927445780897
2,N->X,1787466521.1114957,149.06316045002313,273.9,1.0049907066296477,1.6855843978070946,1.4188655139465904
2,N->X,1787466521.1228888,149.07455341197783,273.9,1.0078489410119906,1.7041801361058826,1.4172816929331704
2,N->X,1787466521.1337655,149.08543011697475,273.9,1.0108271254151169,1.7234530112770161,1.4216213001515936
2,N->X,1787466521.2047246,149.15639011602616,273.9,1.0136274488861543,1.7423455034529756,1.4277273670354784
2,N->X,1787466521.2806268,149.23229208600242,274.0,1.0162923619947313,1.7609751260124178,1.4274814352636456
2,N->X,1787466521.4170496,149.36871461302508,274.1,1.0190230535071991,1.7799265688210242,1.4270204594902987
2,N->X,1787466521.5526936,149.50435888097854,274.2,1.0218243639885274,1.7991993557621389,1.4301273347936507
2,N->X,1787466521.6931171,149.64478219300508,274.3,1.0244551341574206,1.8178526928520509,1.431229787646104
2,N->X,1787466521.7091684,149.66083319898462,274.4,1.0270798997689607,1.8369624029114682,1.4360214648270313
2,N->X,1787466521.7239795,149.675644226023,274.4,1.0296157906490564,1.8557603841952284,1.4412603191266882
2,N->X,1787466521.7332015,149.68486586300423,274.4,1.0320665573175887,1.874790363943865,1.4427595243606817
2,N->X,1787466521.8682098,149.81987486901926,274.5,1.0344776239173943,1.8935178040702416,1.4435361181046613
2,N->X,1787466522.0052226,149.95688764902297,274.6,1.0369485689068054,1.912874644753386,1.4489086483530769
2,N->X,1787466522.019506,149.97117051202804,274.6,1.039185501600255,1.9317004142186958,1.4553037089268488
2,N->X,1787466522.1563964,150.10806169098942,274.7,1.0413534750985225,1.9504778895583812,1.456212244633212
2,N->X,1787466522.2379882,150.18965295801172,274.8,1.0435391224779726,1.9694621234331289,1.4593091083197367
2,N->X,1787466522.2490358,150.20070075197145,274.8,1.0456383646413083,1.9886013652502874,1.4621317506819855
2,N->X,1787466522.3853993,150.33706450700993,274.9,1.04766904289723,2.007617542933368,1.4707300819500848
2,N->X,1787466522.5223732,150.47403837100137,275.0,1.0495196339198025,2.0264220091201732,1.4746313329898513
2,N->X,1787466522.537482,150.48914667998906,275.1,1.0513657982694957,2.0452462054101566,1.4751324982159968
2,N->X,1787466522.6737525,150.6254179389798,275.1,1.0531686521111574,2.0642930343418815,1.4763987093938185
2,N->X,1787466522.8141217,150.7657872720156,275.2,1.0549597113417588,2.0831262343795895,1.4787083548756303
2,N->X,1787466522.9555554,150.90722006099531,275.3,1.0566788059393075,2.1019954294396217,1.4791569190897589
2,N->X,1787466522.970455,150.92212088999804,275.4,1.0584041032562357,2.1211760792160588,1.4856646486129883
2,N->X,1787466522.983086,150.93475078901974,275.4,1.059966301868322,2.1401798301286394,1.493211504341344
2,N->X,1787466523.0565474,151.00821272400208,275.4,1.0614346250290316,2.159074239828467,1.4963686015740656
2,N->X,1787466523.1958125,151.1474780680146,275.5,1.0628161097506654,2.1779791036320546,1.4975024625680327
2,N->X,1787466523.3331954,151.2848606929765,275.6,1.0642056689216348,2.1968860178110856,1.4980162888755029
2,N->X,1787466523.408254,151.35991853801534,275.8,1.0656123912404283,2.21580244014486,1.4984548721435638
2,N->X,1787466523.4198756,151.3715401350055,275.8,1.0669368942297237,2.2347218199421484,1.4990066294811637
2,N->X,1787466523.555877,151.5075425680261,275.8,1.0683289484575529,2.2536360558108823,1.499652768238958
2,N->X,1787466523.6314263,151.5830914140097,275.9,1.0696596345012055,2.2725624378466014,1.5004564117248174
2,N->X,1787466523.7099652,151.6616301329923,276.0,1.0709944479116547,2.29149320297599,1.5014675680412548
2,N->X,1787466523.7216597,151.67332453798736,276.0,1.0723029193642952,2.3104219354316204,1.5026740771862444
2,N->X,1787466523.794049,151.74571389501216,276.0,1.073580431379565,2.3293580591236163,1.5040750329617085
2,N->X,1787466523.9300876,151.88175284699537,276.1,1.0748551244952957,2.348304514368901,1.505665429058771
2,N->X,1787466524.0672145,152.0188798569725,276.2,1.0760398037399996,2.367256722004081,1.5074488318326713
2,N->X,1787466524.1426458,152.09431153099285,276.3,1.0772578229793055,2.386206777366147,1.5093521960000649
2,N->X,1787466524.2190435,152.170708390011,276.4,1.0784077230669067,2.405169334609387,1.5114208300186363
2,N->X,1787466524.231305,152.18296996800927,276.4,1.079538127241618,2.424134860862344,1.513639891474165
2,N->X,1787466524.3046746,152.25633968500188,276.4,1.08060559649404,2.443098923599835,1.515966241589097
2,N->X,1787466524.440918,152.39258326601703,276.5,1.0816230988947075,2.462073460547865,1.518396264763175
2,N->X,1787466524.5772681,152.5289331949898,276.6,1.0826102224957785,2.481053330424494,1.5209327363621299
2,N->X,1787466524.715736,152.6674011190189,276.8,1.0835274987016812,2.500032632604258,1.523528320132212
2,N->X,1787466524.7305331,152.6821982510155,276.8,1.0844279523668379,2.519019565433676,1.5261853193982058
2,N->X,1787466524.7417953,152.69345973298186,276.8,1.0852399545980689,2.538015104540967,1.5289389231552868
2,N->X,1787466524.8138733,152.76553910202347,276.8,1.0860218387930507,2.5570163904072225,1.5317350943840262
2,N->X,1787466524.9515562,152.90322142699733,277.0,1.0867576286541067,2.576017444297332,1.5345646183817878
2,N->X,1787466525.0894203,153.04108526802156,277.1,1.0874308823795091,2.595026001819593,1.5374361911365504
2,N->X,1787466525.2274432,153.17910862300778,277.2,1.0880363375945636,2.6140369531964995,1.5403444975158285
2,N->X,1787466525.3040538,153.2557188809733,277.3,1.0886024268603152,2.633047947602139,1.543289432761953
2,N->X,1787466525.3160033,153.26766812201822,277.3,1.0891081897290589,2.6520629480434237,1.54624230495721
2,N->X,1787466525.3266644,153.27832886198303,277.3,1.0895352765472512,2.6710806252832233,1.5491839090253918
2,N->X,1787466525.3987134,153.3503787869704,277.3,1.0899216295755736,2.6900996261696455,1.5520902686456115
2,N->X,1787466525.5352328,153.48689825902693,277.4,1.090272934839491,2.709119885956823,1.5549648890235093
2,N->X,1787466525.67362,153.62528501002816,277.5,1.0905566072091784,2.728144108660945,1.5577620244231487
2,N->X,1787466525.7491245,153.70079004002037,277.6,1.0907985252335917,2.7471709073719124,1.5604945434221178
2,N->X,1787466525.827268,153.7789323250181,277.7,1.090946952672564,2.766199369000008,1.5632078618676655
2,N->X,1787466525.901813,153.8534774580039,277.8,1.091098848742058,2.7852306454356306,1.56582334350184
2,N->X,1787466525.9753442,153.92700905702077,277.8,1.0911622935930259,2.804262606258812,1.5683968760274536
2,N->X,1787466526.1133523,154.0650171440211,277.9,1.0911742181090207,2.8232948062312095,1.5709163217070392
2,N->X,1787466526.1924746,154.14413968799636,278.0,1.0911866017862268,2.842326488722193,1.5733791583229053
2,N->X,1787466526.2061324,154.15779747097986,278.0,1.0911133335151812,2.8613573813701647,1.57576177717113
2,N->X,1787466526.2185774,154.17024216399295,278.0,1.0910082722293224,2.88038766746418,1.5780322908794098
2,N->X,1787466526.3552577,154.3069230869878,278.1,1.0908530609162723,2.899418599801522,1.5802291355415647
2,N->X,1787466526.4922621,154.44392717600567,278.2,1.0906433742443082,2.9184498799545637,1.582293477666568
2,N->X,1787466526.5684812,154.5201465730206,278.3,1.090426746336058,2.937482592058864,1.5842822611781788
2,N->X,1787466526.581105,154.53277008602163,278.3,1.0901510118582516,2.9565159172727347,1.5861693138339703
2,N->X,1787466526.654691,154.60635719198035,278.3,1.0898421166662902,2.9755506735971036,1.5879564943034978
2,N->X,1787466526.7300189,154.6816834579804,278.4,1.089518591001689,2.9945856162952285,1.5896460560008925
2,N->X,1787466526.8680236,154.81968913500896,278.5,1.0891374741758861,3.0136210549580817,1.5912211503527949
2,N->X,1787466527.0061352,154.95780104398727,278.6,1.0887432248964075,3.032655600434141,1.5926858916793818
2,N->X,1787466527.1441593,155.09582466300344,278.7,1.0883177176980974,3.0516883952158964,1.5940032572048808
2,N->X,1787466527.1576855,155.1093500609859,278.8,1.0878721808093974,3.0707194516151297,1.5952458778212715
2,N->X,1787466527.169167,155.12083148997044,278.8,1.0873901691973709,3.089749730774037,1.596356118643071
2,N->X,1787466527.2420087,155.19367439998314,278.8,1.0868970504080162,3.1087804695138086,1.597336681234659
2,N->X,1787466527.3188915,155.27055679500336,278.9,1.0863957683307677,3.1278117289848644,1.5981933069104088
2,N->X,1787466527.4563692,155.40803401899757,279.0,1.0858565818078694,3.1468430775084837,1.598987653707765
2,N->X,1787466527.5937223,155.54538772802334,279.1,1.0853268598975045,3.165875529000598,1.5996678718216433
2,N->X,1787466527.670902,155.62256640999112,279.2,1.084767646006119,3.184908249799417,1.6002205953669848
2,N->X,1787466527.749112,155.70077651698375,279.3,1.0842067287900379,3.2039423905241327,1.6006947359675336
2,N->X,1787466527.8241687,155.77583346702158,279.3,1.0836399411803013,3.2229764678794606,1.601050710598448
2,N->X,1787466527.9013565,155.85302110901102,279.4,1.0830552427738684,3.2420099230761994,1.6013065868396226
2,N->X,1787466528.037511,155.98917643999448,279.5,1.0824818576840207,3.261041444646483,1.6014807420255834
2,N->X,1787466528.05021,156.0018746900023,279.5,1.0818835156859385,3.2800724301364204,1.6015715444843381
2,N->X,1787466528.060864,156.01252833200851,279.5,1.0813103643313757,3.2991022720087906,1.6015658458371862
2,N->X,1787466528.1960194,156.14768451702548,279.6,1.0807238411734195,3.318132749991196,1.6014477870721684
2,N->X,1787466528.333362,156.28502698498778,279.7,1.0801444753370963,3.337163840084626,1.6012517417756529
2,N->X,1787466528.4692974,156.42096231499454,279.8,1.0795623115562407,3.3561972684700363,1.60097412498816
2,N->X,1787466528.60667,156.5583351139794,279.9,1.078995616072385,3.375230914598367,1.600611606204265
2,N->X,1787466528.6826165,156.6342810249771,280.0,1.0784282043359366,3.3942661513244583,1.600179763421845
2,N->X,1787466528.694818,156.6464826670126,280.0,1.0778752824255413,3.4133025229955383,1.599680761749783
2,N->X,1787466528.7053874,156.6570516169886,280.0,1.0773265492927933,3.432339548946471,1.5991248007896441
2,N->X,1787466528.7771676,156.7288325720001,280.0,1.0767925458936878,3.4513763732490417,1.5985055658908458
2,N->X,1787466528.9171221,156.8687867759727,280.1,1.0762730946501955,3.4704118502537775,1.5978227158563647
2,N->X,1787466529.054258,157.00592346297344,280.3,1.0757609631864309,3.4894466040591654,1.5970901320779012
2,N->X,1787466529.192,157.14366507600062,280.4,1.075266363698952,3.5084813633211995,1.5963015366750513
2,N->X,1787466529.2683415,157.22000617400045,280.5,1.0747877371073098,3.5275169010112455,1.5954623016850515
2,N->X,1787466529.2813976,157.23306204401888,280.5,1.074326505733008,3.5465535394400294,1.5945828992820303
2,N->X,1787466529.2930133,157.24467833101517,280.5,1.073879297076666,3.565591361603439,1.5936660236546025
2,N->X,1787466529.3650806,157.31674550601747,280.5,1.0734516769809423,3.584630711178005,1.592717918176289
2,N->X,1787466529.5027707,157.45443549798802,280.6,1.073042215001164,3.6036711363580194,1.59174396189702
2,N->X,1787466529.6436765,157.5953438539873,280.8,1.0726506341375182,3.622712768624618,1.5907503423536464
2,N->X,1787466529.6594186,157.61108292202698,280.8,1.0722766580261778,3.6417547555503473,1.5897372973024346
2,N->X,1787466529.6722593,157.62392391898902,280.8,1.071924732097281,3.6607962593824164,1.5887175827375337
2,N->X,1787466529.8093252,157.7609904439887,280.9,1.07159175923304,3.6798364994604444,1.5877077167481097
2,N->X,1787466529.9464953,157.89815990801435,281.0,1.0712769629085785,3.6988761786650866,1.5867122526222623
2,N->X,1787466530.0846841,158.0363487949944,281.1,1.0709812912836123,3.7179153694232703,1.585718964479919
2,N->X,1787466530.0987372,158.0504016149789,281.2,1.070704110782263,3.7369548230614775,1.584737824440725
2,N->X,1787466530.1107244,158.0623888290138,281.2,1.0704456439272012,3.7559952167798083,1.583766529971549
2,N->X,1787466530.1213295,158.07299398601754,281.2,1.070206693194165,3.7750366386333023,1.5828070981359963
2,N->X,1787466530.2577322,158.2093971070135,281.3,1.0699849092166653,3.7940791426186116,1.5818889145938542
2,N->X,1787466530.3948855,158.34655079297954,281.4,1.069780006045506,3.8131225370872412,1.5810400375440332
2,N->X,1787466530.5322945,158.4839595219819,281.5,1.0695903377017104,3.832166241361957,1.5802684246157248
2,N->X,1787466530.60747,158.55913502298063,281.6,1.069415344703286,3.8512098020809256,1.5795291523458748
2,N->X,1787466530.6211605,158.57282509101788,281.6,1.0692545953767214,3.8702521407718664,1.5788658038887806
2,N->X,1787466530.6323087,158.58397314499598,281.6,1.0691058396396669,3.8892928781334963,1.578291697703297
2,N->X,1787466530.7742376,158.72590287897037,281.7,1.0689662598972365,3.9083322188434337,1.5778920678731614
2,N->X,1787466530.9133844,158.86504995299038,281.8,1.068833415810579,3.927370922939627,1.5775763426180365
2,N->X,1787466530.9280636,158.87972814199748,281.9,1.0687061282917674,3.9464093663835005,1.5773825971235877
2,N->X,1787466531.064279,159.01594424201176,281.9,1.0685815584224316,3.9654478527246235,1.5773533061110454
2,N->X,1787466531.2021449,159.15381026099203,282.0,1.068456612865374,3.9844867298803237,1.5774745759999373
2,N->X,1787466531.2769709,159.2286356780096,282.1,1.0683274698242595,4.003525757133299,1.577830651791023
2,N->X,1787466531.2915673,159.24323202000232,282.2,1.0681901223786952,4.022564968767241,1.5783514514199024
2,N->X,1787466531.3678954,159.31956030701986,282.2,1.0680412198191285,4.041603534721194,1.5791250098144922
2,N->X,1787466531.4432192,159.394884807989,282.2,1.0678757465329254,4.0606409021443595,1.5801577937345377
2,N->X,1787466531.5806549,159.53231954498915,282.3,1.0676895416161114,4.079676391445077,1.5814009197795418
2,N->X,1787466531.5945077,159.5461723569897,282.4,1.0674771020169291,4.098708856820624,1.583030827834877
2,N->X,1787466531.6704295,159.62209432502277,282.4,1.0672307766680877,4.117738488602052,1.5850288610408598
2,N->X,1787466531.8080175,159.75968259002548,282.5,1.066943955523869,4.136766347574918,1.587310393995221
2,N->X,1787466531.884141,159.83580583601724,282.6,1.066611681152949,4.15579276770964,1.5899319325031585
2,N->X,1787466531.9578865,159.9095512580243,282.7,1.0662274067368211,4.174817793584008,1.5928803549043744
2,N->X,1787466532.0944893,160.0461546939914,282.8,1.0657841793075307,4.193840579645125,1.5963156549702007
2,N->X,1787466532.109748,160.0614123539999,282.8,1.0652716450340578,4.212860834943659,1.6002311397695363
2,N->X,1787466532.184085,160.1357500589802,282.8,1.0646812085697286,4.2318779460812985,1.6046175885012948
2,N->X,1787466532.3215728,160.27323787397472,283.0,1.0640040104805861,4.250891132638791,1.6094797476994709
2,N->X,1787466532.4587796,160.41044452198548,283.1,1.0632303812648172,4.269898367009479,1.6149951934425784
2,N->X,1787466532.5348744,160.48653941997327,283.1,1.0623482809909928,4.288897894078687,1.621022425709853
2,N->X,1787466532.547877,160.49954171199352,283.2,1.0613479774506682,4.307887795535065,1.6276048554826374
2,N->X,1787466532.685456,160.63712101697456,283.2,1.0602176545972626,4.326866840192659,1.6348864593691856
2,N->X,1787466532.8229651,160.7746307249763,283.4,1.0589455527193912,4.345834962829697,1.6426996453148224
2,N->X,1787466532.8981593,160.84982409200165,283.5,1.057521299907957,4.364790814058777,1.65114858248124
2,N->X,1787466532.9108346,160.8624993429985,283.5,1.055931553042325,4.383732137285751,1.6603075412787305
2,N->X,1787466532.9219193,160.87358358397614,283.5,1.0541641779620319,4.402656666863273,1.6700525766909586
2,N->X,1787466532.931927,160.88359167100862,283.5,1.05220763514496,4.421560931576386,1.6805265038898638
2,N->X,1787466533.0683799,161.02004481398035,283.6,1.050047958407811,4.440441328418461,1.6917643512983649
2,N->X,1787466533.2075377,161.15920388599625,283.7,1.0476710124379305,4.459293689691293,1.703761909657852
2,N->X,1787466533.3448646,161.2965302959783,283.8,1.0452387590099728,4.476867290752583,1.7160748501646859
2,N->X,1787466533.420669,161.37233445397578,283.9,1.0430420634012372,4.491476503000745,1.7267992393024318
2,N->X,1787466533.5583916,161.5100568680209,284.0,1.0407039888622158,4.50593442992924,1.7384618830235647
2,N->X,1787466533.6994176,161.6510828040191,284.1,1.0381713071043104,4.520501524509369,1.7496498901948963
2,N->X,1787466533.8372557,161.78892047097906,284.2,1.035508679085395,4.534903709764289,1.7606002575738244
2,N->X,1787466533.9123008,161.8639657840249,284.3,1.0326505377984194,4.54942415454862,1.7715020842570417
2,N->X,1787466533.92436,161.87602482101647,284.3,1.029676872321597,4.563766404698962,1.7821129085038738
2,N->X,1787466533.9355924,161.88725726201665,284.3,1.026501650971933,4.578235512388363,1.7928945964322358
2,N->X,1787466533.9455097,161.89717409899458,284.3,1.0232490342723808,4.592549279170543,1.7963964768659328
2,N->X,1787466533.95492,161.90658474998781,284.3,1.0199337128205477,4.6068330908976955,1.8041017382204112
2,N->X,1787466533.962865,161.91452952299733,284.3,1.0164781124042552,4.621064755013176,1.8177400460022681
2,N->X,1787466534.098633,162.0502982279868,284.4,1.0128261586908751,4.635262226846323,1.830521722463007
2,N->X,1787466534.2349377,162.18660297698807,284.5,1.0089799069256167,4.649418227874197,1.8439846584052373
2,N->X,1787466534.3103313,162.26199642702704,284.6,1.0049597890801243,4.6635027847225015,1.8575391656952303
2,N->X,1787466534.446954,162.39861877897056,284.7,1.000749254420922,4.677570240267505,1.8682450932626182
2,N->X,1787466534.5833988,162.535064583004,284.8,0.9963780483333403,4.691542611693364,1.8840700725219055
2,N->X,1787466534.661882,162.61354673997266,284.9,0.9920481477256634,4.704760411630876,1.8905043924747937
2,N->X,1787466534.7379808,162.6896459669806,285.0,0.9878917500718081,4.717264371013412,1.894471681216917
2,N->X,1787466534.8126392,162.7643041749834,285.0,0.9836538906417369,4.7297143780522966,1.9074826292468028
2,N->X,1787466534.8256853,162.7773504779907,285.0,0.9792366348215557,4.742074278039915,1.9237066726584542
2,N->X,1787466534.9631155,162.91478057100903,285.1,0.9746165883207348,4.7543834172193975,1.9376091358078167
2,N->X,1787466535.0370939,162.98875850602053,285.2,0.9698411753509573,4.766628279626513,1.952773961194848
2,N->X,1787466535.0482905,162.9999551330111,285.2,0.9648706534964754,4.77882880459107,1.9649790159676228
2,N->X,1787466535.1849391,163.13660446699942,285.3,0.9597257207977556,4.790977875732377,1.978381014812336
2,N->X,1787466535.3228583,163.27452335500857,285.4,0.9544700614450546,4.803112464571336,1.9825197724843435
2,N->X,1787466535.3988092,163.35047360998578,285.5,0.949158657548695,4.815162794670264,1.993340321423566
2,N->X,1787466535.5358992,163.4875642270199,285.6,0.9436874575899906,4.827109419309575,2.010585167977337
2,N->X,1787466535.6730642,163.62472935102414,285.7,0.938636105218626,4.837690978562457,2.0247911841122956
2,N->X,1787466535.7523124,163.703977475001,285.8,0.9334105327914788,4.848205305473187,2.040875992839125
2,N->X,1787466535.7645721,163.7162369809812,285.8,0.9280530953039958,4.85861502223564,2.0569230684327198
2,N->X,1787466535.7752721,163.7269366349792,285.8,0.92256134206774,4.868896776717328,2.0659582619387686
2,N->X,1787466535.8478916,163.79955697897822,285.8,0.916915565553996,4.879297062158048,2.0717241079732927
2,N->X,1787466535.985284,163.9369493399863,285.9,0.9112076560517863,4.889618027009455,2.084793968445063
2,N->X,1787466535.999673,163.95133771101246,286.0,0.9053360974118603,4.899833173193418,2.102735531332025
2,N->X,1787466536.074104,164.02576939598657,286.0,0.8992640929804803,4.909971134601016,2.119518032696574
2,N->X,1787466536.2126195,164.16428584902314,286.1,0.8930764419869293,4.9199716597083345,2.136967262617922
2,N->X,1787466536.349549,164.30121434899047,286.2,0.8872813656937897,4.928972216128739,2.1508395143010115
2,N->X,1787466536.4254506,164.37711563601624,286.3,0.8813335921670741,4.937904851631923,2.1646971663225316
2,N->X,1787466536.5023232,164.45398833602667,286.4,0.8754610825216895,4.946598038753777,2.168747937328351
2,N->X,1787466536.5145006,164.46616522601107,286.4,0.8694281203277131,4.955394911872134,2.177058911312625
2,N->X,1787466536.5875134,164.5391783369705,286.4,0.8630279471713755,4.964511719270873,2.1929862558699624
2,N->X,1787466536.725294,164.6769591619959,286.6,0.8566432139087458,4.973298896877794,2.2084808486181724
2,N->X,1787466536.865142,164.8168073639972,286.7,0.8499431477589132,4.982220969249164,2.2251394785273613
2,N->X,1787466536.9408057,164.89247084100498,286.7,0.8431061369569662,4.991021652614065,2.2399856902325257
2,N->X,1787466536.9550383,164.9067034359905,286.8,0.8365427620320766,4.999212122532306,2.2549194691955647
2,N->X,1787466537.0408432,164.99250797001878,286.9,0.8271179844165369,5.010582182064902,2.27634077136132
2,N->X,1787466537.2465994,165.19826475402806,287.0,0.8173291149041608,5.021955878236044,2.2852825893235758
2,N->X,1787466537.2593756,165.21104102599202,287.0,0.8103805892494149,5.0299161511900135,2.293589598569218
2,N->X,1787466537.3333364,165.28500136599177,287.1,0.803324922087714,5.037831725786527,2.3084303922253606
2,N->X,1787466537.471363,165.4230284660007,287.2,0.7961521277036397,5.045628234675415,2.325650428588398
2,N->X,1787466537.4843853,165.43604992702603,287.2,0.7888286873110002,5.053291893638658,2.3433832884610997
2,N->X,1787466537.6901271,165.64179267798318,287.3,0.778564388325299,5.063628427823785,2.3648322861958766
2,N->X,1787466537.8308163,165.7824814270134,287.4,0.7712048414636694,5.070805416234024,2.3767217154414433
2,N->X,1787466537.9073389,165.8590033929795,287.6,0.7636800801342705,5.077953928330578,2.3907012775962415
2,N->X,1787466537.9205348,165.8721994169755,287.6,0.7560227799645443,5.085004969964943,2.405588788838075
2,N->X,1787466538.056529,166.00819415098522,287.6,0.7481274355342941,5.092092149589646,2.4189971283495098
2,N->X,1787466538.1953182,166.14698345802026,287.7,0.7399381250172002,5.099243061740424,2.432494367703352
2,N->X,1787466538.215497,166.16716179001378,287.8,0.7287107734185752,5.108719081370644,2.450630474341185
2,N->X,1787466538.226984,166.17864861502312,287.8,0.7205269170587856,5.115420363171301,2.4629904544811825
2,N->X,1787466538.3634658,166.31513083400205,287.9,0.7122599229951224,5.122022065874531,2.4759001837833003
2,N->X,1787466538.500025,166.45169027597876,288.0,0.7039089770017029,5.128515199411254,2.4887985219187723
2,N->X,1787466538.637312,166.5889772690134,288.1,0.695486863509995,5.13489107712802,2.501436121423854
2,N->X,1787466538.7165568,166.6682219650247,288.2,0.686988168522429,5.1411592465918075,2.5137582784783272
2,N->X,1787466538.7300959,166.68176064,288.2,0.67875795501994,5.147078490885605,2.5254074936027333
2,N->X,1787466538.8087866,166.76045146601973,288.2,0.6666785437170769,5.15551312043702,2.5413702502925926
2,N->X,1787466538.9469383,166.89860364299966,288.3,0.6579922555096743,5.161407079007863,2.5520865000927335
2,N->X,1787466539.0839422,167.03560753597412,288.4,0.6485111941165937,5.167688472993367,2.5646127980501556
2,N->X,1787466539.2214203,167.17308556300122,288.6,0.6391561331668211,5.173708473165242,2.578000882083844
2,N->X,1787466539.2346456,167.1863104290096,288.6,0.629731029626945,5.17960387844004,2.5913528421760152
2,N->X,1787466539.245307,167.19697118800832,288.6,0.6206369120288407,5.185116398865139,2.6048686265395684
2,N->X,1787466539.3170614,167.26872725301655,288.6,0.6114718735078611,5.190516681276282,2.6162814572081983
2,N->X,1787466539.4553971,167.4070625230088,288.7,0.6022456757305972,5.195816117153268,2.6268692744941693
2,N->X,1787466539.5934358,167.54510097799357,288.8,0.5929562785862859,5.2010229070219545,2.6371365958094697
2,N->X,1787466539.7323513,167.68401765899034,289.0,0.5836249226444546,5.2061090838633435,2.6530123131062235
2,N->X,1787466539.8699298,167.8215946650016,289.1,0.5731792239436542,5.21157321038244,2.6711326179155837
2,N->X,1787466540.0088894,167.96055418002652,289.2,0.5626376944836969,5.2168639530634024,2.6849322830643647
2,N->X,1787466540.0231025,167.97476729698246,289.3,0.5520238701193074,5.2220198650420615,2.696798353518765
2,N->X,1787466540.035678,167.98734261398204,289.3,0.5413425353796386,5.227039680930748,2.7119868452254616
2,N->X,1787466540.0469468,167.99861137499101,289.3,0.5306425468093378,5.231879670644412,2.7247080570350666
2,N->X,1787466540.0561714,168.0078361670021,289.3,0.5198651060317027,5.236595653271161,2.7386490402903125
2,N->X,1787466540.1284304,168.08009537600446,289.3,0.5090815008495787,5.241116530233568,2.7539962347236675
2,N->X,1787466540.2661898,168.21785476600053,289.4,0.49822257347249643,5.245492287476143,2.766066428146896
2,N->X,1787466540.4027524,168.35441752301995,289.5,0.48725107498837444,5.249734143202104,2.786964895703765
2,N->X,1787466540.4785104,168.43017539498396,289.6,0.4761943940317001,5.253722251831588,2.8093007112760735
2,N->X,1787466540.6181767,168.56984161300352,289.7,0.4649737933995567,5.257516086833385,2.8246730255777632
2,N->X,1787466540.6943142,168.64597907301504,289.8,0.45233408221718185,5.2615897529031495,2.8394377134688025
2,N->X,1787466540.706042,168.65770730702206,289.8,0.43962281293381683,5.265481626786972,2.85427968184564
2,N->X,1787466540.7172577,168.66892252198886,289.8,0.4267608846717979,5.269200764287247,2.869567432141727
2,N->X,1787466540.8547535,168.8064196340274,289.9,0.4138146743680776,5.272740161592053,2.8852196617867207
2,N->X,1787466540.9938009,168.945466035977,290.0,0.4007410286589718,5.276079252220931,2.901902608944802
2,N->X,1787466541.068729,169.02039337099995,290.1,0.3876103971343832,5.279217121224663,2.9156840798678907
2,N->X,1787466541.209401,169.16106947197113,290.2,0.37449353616675596,5.282161114239005,2.9317874038149467
2,N->X,1787466541.226082,169.1777465820196,290.2,0.36088418880461404,5.284934523346466,2.9563433349952586
2,N->X,1787466541.2369127,169.188576799992,290.2,0.347224953372458,5.287387689461558,2.976074155909148
2,N->X,1787466541.3749719,169.32663758902345,290.3,0.3335009246766568,5.289599841885607,2.9910450781708273
2,N->X,1787466541.4505885,169.40225320099853,290.4,0.3192061295909954,5.291686236848267,3.0066817569789928
2,N->X,1787466541.4634788,169.41514342400478,290.4,0.30490307031516245,5.2935496361419405,3.021116370063939
2,N->X,1787466541.5993452,169.55101021402515,290.5,0.2905725119787208,5.295210881912037,3.0348400746743507
2,N->X,1787466541.737366,169.68903136602603,290.6,0.2749560740615161,5.296797777529143,3.049718454150736
2,N->X,1787466541.8747976,169.8264633039944,290.7,0.25619151495869424,5.298392645908547,3.0692031158889126
2,N->X,1787466542.0149028,169.9665675769793,290.8,0.23725554834933113,5.299631134233371,3.0882296468797783
2,N->X,1787466542.0298882,169.98155273200246,290.9,0.21829968592425225,5.300511262218945,3.1068503178805638
2,N->X,1787466542.0414295,169.99309402302606,290.9,0.19933242387657082,5.301040271786286,3.1252263140013685
2,N->X,1787466542.0513456,170.00301037501777,290.9,0.18035917189416936,5.301222489242238,-3.1397664948312025
2,N->X,1787466542.1869445,170.13860926398775,291.0,0.16138374015654444,5.3010609917423155,-3.1219964408353045
2,N->X,1787466542.324381,170.27604638802586,291.1,0.14241080369165518,5.300565521110458,-3.10469934663078
2,N->X,1787466542.3380647,170.2897295890143,291.1,0.12344590463572093,5.299742601798267,-3.087654208526717
2,N->X,1787466542.4756358,170.42730054497952,291.2,0.10449394539150965,5.2986000672100975,-3.07102241822084
2,N->X,1787466542.6147525,170.56641808501445,291.3,0.08556102885117406,5.297144587621044,-3.054713956945949
2,N->X,1787466542.755227,170.7068925779895,291.4,0.0666519696232978,5.29538398543026,-3.039003667242622
2,N->X,1787466542.7698545,170.72152006300166,291.5,0.04777313903712787,5.293327431860642,-3.0234874613057463
2,N->X,1787466542.8439674,170.79563231597422,291.5,0.029077990390079533,5.290997917281419,-3.0077219063810694
2,N->X,1787466542.9837103,170.93537512497278,291.6,0.010510777930713226,5.288417578530182,-2.9994183222683555
2,N->X,1787466542.9967935,170.94845842698123,291.7,-0.00833557951503541,5.2857819662029115,-3.009273918972816
2,N->X,1787466543.0077069,170.9593714000075,291.7,-0.027258870589113693,5.28335091416973,-3.0210569887539642
2,N->X,1787466543.0172396,170.96890412998619,291.7,-0.04620883695874849,5.28114333008009,-3.032679506739861
2,N->X,1787466543.153285,171.10495048202574,291.8,-0.06518024597234551,5.279147477709373,-3.043173239033552
2,N->X,1787466543.2900383,171.24170368601335,291.9,-0.08417069806461928,5.277345129547884,-3.0528721139810435
2,N->X,1787466543.3038313,171.25549613201292,291.9,-0.1031755399673428,5.275719798766458,-3.061559360479353
2,N->X,1787466543.4401255,171.3917904139962,292.0,-0.12218971129330367,5.2742506358021295,-3.0689597672382227
2,N->X,1787466543.5770013,171.52866649301723,292.1,-0.14120872700399167,5.272913941826438,-3.074972007212692
2,N->X,1787466543.7150328,171.6666986849741,292.2,-0.1602285139391876,5.271678952661482,-3.079427200914312
2,N->X,1787466543.8537154,171.8053805960226,292.3,-0.1792479279290237,5.270521549860993,-3.0828438898596087
2,N->X,1787466543.992799,171.94446426001377,292.4,-0.19826259857925974,5.269418973122083,-3.0846137572983867
2,N->X,1787466544.0069637,171.95862860098714,292.5,-0.21727159410913804,5.268338229019206,-3.084885577237995
2,N->X,1787466544.0188596,171.97052404400893,292.5,-0.23627521080513536,5.267254768686029,-3.0838246886278453
2,N->X,1787466544.0291731,171.9808376780129,292.5,-0.25527091639684146,5.26613771215039,-3.0808466483216597
2,N->X,1787466544.1012619,172.0529271279811,292.5,-0.2742596755008574,5.26495300372962,-3.076522530860869
2,N->X,1787466544.2389774,172.19064248900395,292.6,-0.2932398416331273,5.2636769781652255,-3.0708049290358335
2,N->X,1787466544.3755462,172.3272110230173,292.7,-0.31220786665988887,5.26228182233029,-3.063500317886961
2,N->X,1787466544.4512813,172.4029462269973,292.8,-0.331159764052133,5.2607381412951595,-3.054654719505046
2,N->X,1787466544.5260448,172.47770979598863,292.9,-0.3500891921761446,5.2590128083708665,-3.043870901534453
2,N->X,1787466544.5384133,172.4900783339981,292.9,-0.368990845118748,5.257071768919043,-3.031429406764476
2,N->X,1787466544.6114354,172.56310073501663,292.9,-0.38785710590094535,5.254882230273078,-3.016966831687489
2,N->X,1787466544.748221,172.69988694397034,293.0,-0.4066822211696778,5.252408942703945,-3.0009666802392796
2,N->X,1787466544.8859317,172.8375969780027,293.2,-0.42545714416439534,5.249623199652822,-2.983258545006518
2,N->X,1787466544.964582,172.91624680400128,293.3,-0.4441717480685553,5.246495034773654,-2.9639283077817216
2,N->X,1787466544.9755616,172.9272261270089,293.3,-0.46281561084937745,5.24299399645944,-2.943059307046995
2,N->X,1787466545.1121776,173.06384247000096,293.3,-0.48137678469592754,5.239092039565996,-2.9205985314924545
2,N->X,1787466545.2504506,173.20211570197716,293.5,-0.4998416459880335,5.234763698964931,-2.8966128551328216
2,N->X,1787466545.2658603,173.21752501797164,293.5,-0.5181908582795635,5.229976472606358,-2.8711360526941867
2,N->X,1787466545.2790055,173.23067038698355,293.5,-0.5364195238239862,5.224746258800639,-2.8530788353862513
2,N->X,1787466545.3526082,173.3042730310117,293.5,-0.5546373630057398,5.219362145993662,-2.855760393007688
2,N->X,1787466545.4890041,173.44066885497887,293.7,-0.5726645171483734,5.214005409438207,-2.845876712993321
2,N->X,1787466545.6249392,173.57660408801166,293.8,-0.5887268328495547,5.20894609643163,-2.8190307605341056
2,N->X,1787466545.76298,173.71464581397595,293.9,-0.6034208026736619,5.20382538027952,-2.79092467687258
2,N->X,1787466545.901685,173.85335106402636,294.0,-0.617897947517402,5.19834550894303,-2.76359349583824
2,N->X,1787466546.0427065,173.99437176302308,294.1,-0.6322355789973028,5.192496347174057,-2.73834929300299
2,N->X,1787466546.1204576,174.07212317700032,294.2,-0.6463223491329531,5.186273205349202,-2.7134616745707847
2,N->X,1787466546.1347384,174.0864032789832,294.2,-0.6599932944978086,5.179846356263017,-2.6896777701685237
2,N->X,1787466546.1465526,174.09821732499404,294.2,-0.6737734307120599,5.172932020916124,-2.6659031438932272
2,N->X,1787466546.157017,174.10868192499038,294.2,-0.6869704960574792,5.1659561985010045,-2.6489661673012286
2,N->X,1787466546.2282283,174.17989336297614,294.2,-0.7001440036526944,5.158754311869165,-2.6293277126485393
2,N->X,1787466546.2416813,174.19334598700516,294.3,-0.7126768233358244,5.151572982302191,-2.606016089978218
2,N->X,1787466546.3777902,174.32945521897636,294.4,-0.7248737161013019,5.1440532636224585,-2.5815899944602805
2,N->X,1787466546.5150003,174.46666573599214,294.5,-0.7369564256555828,5.136314416129605,-2.5568758669050395
2,N->X,1787466546.589728,174.54139273799956,294.6,-0.7488658093539832,5.128192706551395,-2.5322686728652233
2,N->X,1787466546.725159,174.6768235709751,294.6,-0.7606491341543514,5.119795181547997,-2.5079961689675616
2,N->X,1787466546.8001037,174.75176929699956,294.7,-0.772247979318001,5.1111053517341505,-2.484298560701636
2,N->X,1787466546.8139315,174.76559613499558,294.8,-0.7836547336218641,5.102094210010606,-2.4612951917970722
2,N->X,1787466546.9499812,174.9016461360152,294.8,-0.794888887693693,5.092832520790607,-2.439016021213128
2,N->X,1787466547.0890958,175.04076074599288,294.9,-0.8059385531227938,5.083305285843686,-2.4175492233382836
2,N->X,1787466547.1045387,175.05620330298552,295.0,-0.8167757627685456,5.0735448712619675,-2.3969252459785304
2,N->X,1787466547.1157901,175.06745479500387,295.0,-0.827689520238363,5.063312095316662,-2.3766104152797025
2,N->X,1787466547.1893287,175.1409940319718,295.0,-0.8381240789185628,5.053115877138935,-2.355361680555292
2,N->X,1787466547.3267317,175.2783967810101,295.1,-0.8483796651151265,5.042666104237702,-2.3350756957957235
2,N->X,1787466547.4637973,175.41546257201117,295.2,-0.858494135327679,5.0319308499494575,-2.314034791590152
2,N->X,1787466547.602995,175.55466014501872,295.4,-0.8682822383757324,5.0210938240028495,-2.293929243682707
2,N->X,1787466547.7409813,175.6926465620054,295.5,-0.8780409111530075,5.009839670560624,-2.272768294930666
2,N->X,1787466547.755299,175.7069638040266,295.5,-0.8876011848717628,4.998318549994622,-2.250199117232483
2,N->X,1787466547.767553,175.71921772498172,295.5,-0.8969992264939102,4.986483849964405,-2.2294158540222204
2,N->X,1787466547.778329,175.729993519024,295.6,-0.9062816575722422,4.9742519452248946,-2.2060221398725637
2,N->X,1787466547.7873418,175.7390064499923,295.6,-0.915423163869329,4.961534483157466,-2.1766726211181346
2,N->X,1787466547.9227567,175.87442135601304,295.6,-0.9243048501500567,4.94839894912023,-2.1499539951913635
2,N->X,1787466548.0611763,176.01284131297143,295.7,-0.9328650575248173,4.935054786562715,-2.129536165349193
2,N->X,1787466548.199338,176.15100345900282,295.8,-0.9412984598418905,4.921309257532357,-2.109535253163103
2,N->X,1787466548.213806,176.16547105502104,295.9,-0.949585885757057,4.907191043365042,-2.090086177467532
2,N->X,1787466548.28783,176.23949482600437,295.9,-0.957684977310912,4.892739976065885,-2.0694121001626327
2,N->X,1787466548.4248629,176.3765284299734,296.0,-0.9655742870848626,4.877929934199742,-2.046968656544631
2,N->X,1787466548.5622404,176.5139054679894,296.1,-0.973513417884034,4.86214257982659,-2.0194044842232306
2,N->X,1787466548.6376991,176.58936376898782,296.2,-0.980949254724164,4.846195217694614,-1.989195210921479
2,N->X,1787466548.7152581,176.66692317498382,296.3,-0.988037982156229,4.829813110043743,-1.9659531677898179
2,N->X,1787466548.7275252,176.67919040098786,296.3,-0.9950913097529211,4.812538137159862,-1.9475513468894874
2,N->X,1787466548.8003876,176.75205312902108,296.3,-1.0019677585527074,4.794777875560817,-1.9292394680539175
2,N->X,1787466548.9373872,176.88905196200358,296.4,-1.0085608103208434,4.776747342690684,-1.909042329076986
2,N->X,1787466549.075538,177.02720337797655,296.5,-1.0149361833696655,4.758079426955179,-1.8833238324183965
2,N->X,1787466549.1503587,177.10202438902343,296.6,-1.0206830763883694,4.73957134941002,-1.8545060868057655
2,N->X,1787466549.164171,177.1158358369721,296.7,-1.0258215761795988,4.721332037584192,-1.8327302002438313
2,N->X,1787466549.3002353,177.25190048699733,296.7,-1.0306218436543124,4.70299322939584,-1.8175010982627335
2,N->X,1787466549.3753667,177.32703192700865,296.8,-1.0351725261220108,4.684466714378259,-1.801819996748676
2,N->X,1787466549.4508884,177.40255299798446,296.9,-1.0394533359324023,4.665731065088771,-1.7844828949177096
2,N->X,1787466549.462874,177.41453852702398,296.9,-1.043363087760053,4.646936158478695,-1.761889270571201
2,N->X,1787466549.5365512,177.4882163659786,296.9,-1.0468476893340855,4.628126913969863,-1.7422046828720352
2,N->X,1787466549.6722097,177.6238748219912,297.0,-1.0499523598543457,4.609574509139158,-1.7287332029119784
2,N->X,1787466549.8092852,177.76095012098085,297.1,-1.0528535323923782,4.590780732639894,-1.7163323400060533
2,N->X,1787466549.94609,177.89775523002027,297.3,-1.0555278864220727,4.571875452926167,-1.7031718517744219
2,N->X,1787466550.0851533,178.0368187109707,297.4,-1.0579796387342177,4.552833561221582,-1.6908457353753392
2,N->X,1787466550.1614556,178.11312027199892,297.5,-1.0601424993255748,4.534101706960718,-1.6784182907229137
2,N->X,1787466550.173253,178.12491828697966,297.5,-1.0621403459463596,4.514878104368054,-1.6664036742429726
2,N->X,1787466550.1835215,178.13518574100453,297.5,-1.0638555650345576,4.4955293197756685,-1.646803798840026
2,N->X,1787466550.1931756,178.1448399819783,297.5,-1.0651863047729553,4.476423980579206,-1.6308348109477495
2,N->X,1787466550.3284695,178.28013452602318,297.6,-1.0662412976801614,4.457519141002236,-1.620229472822834
2,N->X,1787466550.4033008,178.3549662649748,297.6,-1.0671159615447356,4.438625165238928,-1.6120276484610898
2,N->X,1787466550.5407777,178.4924428469967,297.7,-1.0678438717441094,4.41972262318917,-1.6046952303801991
2,N->X,1787466550.6779275,178.62959225999657,297.9,-1.0684362829972252,4.400802315666386,-1.597840708079302
2,N->X,1787466550.752676,178.7043414519867,297.9,-1.0689004965733824,4.381876198963559,-1.5912283545943953
2,N->X,1787466550.768601,178.7202681080089,298.0,-1.0692408106387832,4.362935482828547,-1.5847252415726383
2,N->X,1787466550.9082682,178.8599342799862,298.0,-1.0694598489837883,4.343973958274519,-1.5783781184268681
2,N->X,1787466550.9843628,178.93602814298356,298.1,-1.069559020531364,4.324996781877755,-1.571936659536842
2,N->X,1787466551.0640159,179.01568093698006,298.2,-1.0695355893501157,4.306002580424753,-1.56550516035322
2,N->X,1787466551.07646,179.02812450699275,298.2,-1.0693894228785845,4.28699693818168,-1.5591675797050897
2,N->X,1787466551.1491687,179.10083376598777,298.2,-1.069122653467399,4.267979589164895,-1.552938827870022
2,N->X,1787466551.2855446,179.23721015098272,298.3,-1.0687401328022117,4.248947041653777,-1.5470079695290888
2,N->X,1787466551.423671,179.37533680797787,298.4,-1.0682467574854653,4.229907538440194,-1.5412165005979561
2,N->X,1787466551.4991522,179.45081720297458,298.5,-1.0676438271284208,4.210853510291814,-1.5356265076355793
2,N->X,1787466551.5131464,179.4648112540017,298.6,-1.0669345793685718,4.191798039039015,-1.5301759010227478
2,N->X,1787466551.6490002,179.60066534898942,298.6,-1.0661222321891926,4.172737147133165,-1.5249427194705525
2,N->X,1787466551.7873745,179.73904004099313,298.8,-1.0652107569830505,4.1536667020377696,-1.5199340380451971
2,N->X,1787466551.8014357,179.7531001989846,298.8,-1.0642058222829525,4.1345908653861745,-1.5151265932915334
2,N->X,1787466551.8133795,179.7650440299767,298.8,-1.0631103672341071,4.115505365582396,-1.5106458938942804
2,N->X,1787466551.885636,179.83730112400372,298.8,-1.061932420714385,4.096421970694552,-1.5063695481546102
2,N->X,1787466552.0263076,179.97797235002508,299.0,-1.0606711208013417,4.077335939864868,-1.5021994596493875
2,N->X,1787466552.0392382,179.99090334697394,299.0,-1.0593314272309684,4.058247058703198,-1.4983095308407821
2,N->X,1787466552.1777604,180.1294256930123,299.1,-1.0579125149469064,4.0392370657175585,-1.4928379470266129
2,N->X,1787466552.309778,180.2614430069807,299.2,-1.0564010426722914,4.020160838799033,-1.489803951730632
2,N->X,1787466552.324199,180.27586365200114,299.3,-1.0548507841416563,4.001129507310201,-1.4892364830328764
2,N->X,1787466552.4605024,180.4121675459901,299.3,-1.053282341203286,3.9820375830774952,-1.4878690265364014
2,N->X,1787466552.5361154,180.4877807740122,299.4,-1.0516830558631103,3.962946129276631,-1.4860444941185527
2,N->X,1787466552.6747956,180.62646028300514,299.5,-1.050076453265626,3.9439524620003397,-1.4870611513364778
2,N->X,1787466552.7505467,180.70221180602675,299.6,-1.0484748515097924,3.9248595460369584,-1.4868505692125134
2,N->X,1787466552.7630727,180.7147371780011,299.6,-1.0468780229710337,3.90590154888835,-1.487635879721516
2,N->X,1787466552.7736096,180.7252741039847,299.6,-1.0453102505888432,3.8868396296242063,-1.4897194297233358
2,N->X,1787466552.9096267,180.8612916910206,299.7,-1.0437607581402373,3.867739528979335,-1.4898691788593421
2,N->X,1787466553.0466,180.99826501397183,299.8,-1.0422305830049183,3.8488242813573503,-1.4916306277432156
2,N->X,1787466553.1869204,181.13858545798576,299.9,-1.0407839896275872,3.829920649094423,-1.499121040076561
2,N->X,1787466553.2007065,181.15237129101297,300.0,-1.0394665314001033,3.810939696512598,-1.5044801657458808
2,N->X,1787466553.274556,181.22622082399903,300.0,-1.0382148153102768,3.7918405593170346,-1.5064032253613715
2,N->X,1787466553.2885354,181.24020000197925,300.1,-1.0369877868238844,3.772719841099909,-1.5068137649435471
2,N->X,1787466553.426848,181.37851330300327,300.1,-1.0357650789007917,3.7536012072243867,-1.506700678219215
2,N->X,1787466553.5042534,181.4559182730154,300.2,-1.034558195355818,3.7346581095288305,-1.5084220195744817
2,N->X,1787466553.516505,181.4681697220076,300.2,-1.0333725923282613,3.7155248134221273,-1.5091838606123935
2,N->X,1787466553.6528559,181.60452069801977,300.3,-1.0321985630031605,3.6964100699457085,-1.5094283993826672
2,N->X,1787466553.7922683,181.74393345898716,300.4,-1.0310625547090153,3.677570481198015,-1.5122892179137608
2,N->X,1787466553.8688316,181.82049666601233,300.5,-1.0299509114232122,3.6584340285880197,-1.5137765462682817
2,N->X,1787466553.9443443,181.89600925397826,300.6,-1.0288714293406056,3.6393151076911914,-1.5144497963253845
2,N->X,1787466554.01889,181.97055517800618,300.6,-1.0278389589965957,3.6206107678754766,-1.5197110575900201
2,N->X,1787466554.0331125,181.9847772520152,300.7,-1.0269009580820616,3.6015015005456994,-1.5241489045624135
2,N->X,1787466554.1713972,182.12306215101853,300.7,-1.0260287642730863,3.582362090983506,-1.5261165796741203
2,N->X,1787466554.3092878,182.26095274300314,300.8,-1.0251837642138142,3.5632142861511937,-1.527111363509997
2,N->X,1787466554.4466305,182.39829535398167,300.9,-1.0243463549803278,3.544064433187708,-1.5277642154878308
2,N->X,1787466554.461386,182.4130508049857,301.0,-1.0235342754394132,3.5249061014542185,-1.5283376353340645
2,N->X,1787466554.6005511,182.5522159250104,301.1,-1.0227175253452965,3.5057524806018554,-1.5289345004795063
2,N->X,1787466554.6767104,182.62837507599033,301.2,-1.0219218630834284,3.4865961274661688,-1.529565699028723
2,N->X,1787466554.6893752,182.6410399460001,301.2,-1.0211372019503036,3.467438054111179,-1.5302843182301025
2,N->X,1787466554.7000854,182.65175005997298,301.2,-1.0203806739801105,3.448275764467838,-1.5310887250819303
2,N->X,1787466554.771934,182.72359884501202,301.2,-1.019610449894686,3.429119410869865,-1.5319845061714434
2,N->X,1787466554.908315,182.85998080199352,301.3,-1.0188791116754423,3.409955894827762,-1.5329568168672822
2,N->X,1787466554.9847257,182.9363904930069,301.4,-1.0181763610172667,3.3907904383052956,-1.534008870144922
2,N->X,1787466555.0589557,183.01062124001328,301.4,-1.0174711459980965,3.3716338304613505,-1.5351390839476609
2,N->X,1787466555.1993446,183.15100945398444,301.5,-1.0167910488121903,3.3524824263573105,-1.5363361338498271
2,N->X,1787466555.3359098,183.28757520002546,301.6,-1.0161424114556477,3.3333269395690697,-1.5376577784979617
2,N->X,1787466555.47302,183.42468522698618,301.7,-1.0155333912379738,3.3141719120828856,-1.5390621653678775
2,N->X,1787466555.4874809,183.4391454840079,301.8,-1.014934184365674,3.295018571247543,-1.540516744927291
2,N->X,1787466555.4991734,183.4508381439955,301.8,-1.0143677754126348,3.275870475908579,-1.5420317660042335
2,N->X,1787466555.571563,183.52322860300774,301.8,-1.0138275377725243,3.256728789587612,-1.5436059500608037
2,N->X,1787466555.7090926,183.66075746098068,301.9,-1.0133128760392958,3.237597411710878,-1.5452718223681263
2,N->X,1787466555.8463151,183.79798032797407,302.0,-1.0128474301422081,3.2184634104797896,-1.5470455582744234
2,N->X,1787466555.984097,183.93576215801295,302.2,-1.0123951492263332,3.199332308720602,-1.548868219597554
2,N->X,1787466556.0601635,184.01182889100164,302.3,-1.0120004860628824,3.1802073275560234,-1.5507554217350383
2,N->X,1787466556.0740142,184.02567941899179,302.3,-1.0116448503392577,3.161090587845019,-1.5527108539116548
2,N->X,1787466556.084658,184.03632255800767,302.3,-1.011318291011861,3.1419821812091056,-1.5547367674427184
2,N->X,1787466556.0959923,184.04765680799028,302.3,-1.0109986404120292,3.1228827098214857,-1.5568322241731705
2,N->X,1787466556.231551,184.18321639299393,302.4,-1.0107619602719087,3.1037876994192786,-1.5589709552272102
2,N->X,1787466556.36955,184.32121511601144,302.5,-1.0105593076596415,3.084700358129935,-1.5611269017343736
2,N->X,1787466556.5068038,184.45846871397225,302.6,-1.01039718347223,3.065621609890593,-1.5632992224293183
2,N->X,1787466556.5828154,184.5344805800123,302.7,-1.01027109771467,3.0465510534716858,-1.5655298498112833
2,N->X,1787466556.6586473,184.61031241499586,302.8,-1.0101831173494311,3.027487647443395,-1.5677537409726234
2,N->X,1787466556.734306,184.6859714090242,302.8,-1.010134048849926,3.0084311688263847,-1.5699754026312474
2,N->X,1787466556.8097956,184.76146047801012,302.9,-1.0101291750286883,2.9893813212252063,-1.5722322894054674
2,N->X,1787466556.9463089,184.89797395502683,303.0,-1.010202161452184,2.9703388787062095,-1.5744481943346587
2,N->X,1787466556.9617145,184.91337949602166,303.0,-1.0102739752723933,2.951304594856441,-1.576648343453269
2,N->X,1787466556.9732122,184.92487739399076,303.0,-1.0104182327753914,2.932279316928002,-1.5788393886108034
2,N->X,1787466557.1110356,185.06270049599698,303.1,-1.010558468675889,2.9132635315561894,-1.5810598918070327
2,N->X,1787466557.2504315,185.2020966829732,303.2,-1.0107929359984231,2.894256462031849,-1.5832278599940945
2,N->X,1787466557.3874328,185.3390981000266,303.3,-1.0110356502017928,2.8752564583497198,-1.5853279464465613
2,N->X,1787466557.4018226,185.3534871559823,303.4,-1.0113227548634005,2.856263156333257,-1.5873517525310417
2,N->X,1787466557.476196,185.42786119197262,303.4,-1.0116444773777995,2.837278088308911,-1.589376785936761
2,N->X,1787466557.489288,185.4409525229712,303.4,-1.0120326003687614,2.8183005074329666,-1.5913590521328767
2,N->X,1787466557.6255634,185.57722808100516,303.5,-1.0124259548607133,2.7993283298537732,-1.5933443099346523
2,N->X,1787466557.7015352,185.6531996660051,303.6,-1.0128941887342284,2.7803608164063602,-1.5952280451748815
2,N->X,1787466557.714202,185.6658667770098,303.6,-1.013365044357794,2.761398494180746,-1.5969965308628182
2,N->X,1787466557.850114,185.80177902197465,303.7,-1.013865279321886,2.742444629978868,-1.5986616513850047
2,N->X,1787466557.9873455,185.93901044200175,303.8,-1.0144121583937975,2.723498962899585,-1.6002702748897684
2,N->X,1787466558.1297748,186.081440688984,303.9,-1.0149786591259946,2.7045589617402976,-1.601806931103048
2,N->X,1787466558.1423097,186.09397485101363,304.0,-1.015571406274006,2.685624412553686,-1.6031866919690287
2,N->X,1787466558.153725,186.1053899070248,304.0,-1.0161948135989252,2.666695644120561,-1.6044497794695014
2,N->X,1787466558.1637752,186.11543990997598,304.0,-1.016842790246599,2.647769756794897,-1.6055908603761788
2,N->X,1787466558.2990863,186.25075131998165,304.1,-1.0175221119565736,2.6288454430647867,-1.6066017383237592
2,N->X,1787466558.4352422,186.38690747501096,304.2,-1.0182005604828182,2.609924203942753,-1.6075298495775756
2,N->X,1787466558.571979,186.52364397997735,304.3,-1.018897666470458,2.5910086395378187,-1.6083673225999848
2,N->X,1787466558.6490867,186.60075196897378,304.4,-1.0196149185829362,2.572094009069244,-1.6090784241893479
2,N->X,1787466558.7860909,186.73775625502458,304.5,-1.0203732933184169,2.55317744086702,-1.609696320476933
2,N->X,1787466558.8003612,186.7520254739793,304.5,-1.0210893810000332,2.5342611590273507,-1.6101603580569235
2,N->X,1787466558.8113637,186.7630283460021,304.5,-1.0218618370493993,2.5153487002339965,-1.610515724224704
2,N->X,1787466558.9467728,186.8984380919719,304.6,-1.0226007168511393,2.496439547539828,-1.6107736864994369
2,N->X,1787466559.083663,187.03532783401897,304.7,-1.0233712741891312,2.4775304615973335,-1.6109105332727878
2,N->X,1787466559.2237084,187.17537336499663,304.8,-1.0241123626928859,2.4586232106766337,-1.6109645970300432
2,N->X,1787466559.3600333,187.31169832701562,304.9,-1.0248855260227274,2.4397135344125576,-1.6108788017504185
2,N->X,1787466559.436128,187.3877923709806,305.0,-1.0256365225297246,2.420800217728262,-1.610659554732684
2,N->X,1787466559.4478385,187.39950334001333,305.0,-1.0264031370716238,2.401882684194842,-1.610338839029328
2,N->X,1787466559.458525,187.41018931299914,305.0,-1.0271244359851577,2.382967332843189,-1.6099209002193673
2,N->X,1787466559.5305672,187.48223190498538,305.0,-1.0278871458333763,2.364048487837123,-1.609423026417402
2,N->X,1787466559.6671793,187.61884428898338,305.1,-1.0286137697622089,2.3451235014092457,-1.6088391867489693
2,N->X,1787466559.8046486,187.75631356798112,305.2,-1.0293312109680706,2.3261959575481597,-1.6081744709742096
2,N->X,1787466559.941524,187.8931891649845,305.3,-1.0300164918758201,2.3072686754836296,-1.6074645569123347
2,N->X,1787466560.0798595,188.03152457397664,305.5,-1.0307305292064382,2.288338806275533,-1.6066982538524026
2,N->X,1787466560.095641,188.04730568197556,305.5,-1.0314108800123496,2.2694048080986406,-1.6058688625737612
2,N->X,1787466560.107102,188.0587665340281,305.5,-1.0320836796722956,2.2504674111872207,-1.6049925051497653
2,N->X,1787466560.1175811,188.06924570602132,305.5,-1.0326722308952223,2.2315286407829285,-1.6040971340863404
2,N->X,1787466560.2538073,188.20547247602371,305.6,-1.033334691599048,2.212585557142608,-1.6032052209326209
2,N->X,1787466560.3912277,188.34289270301815,305.7,-1.0339592164561024,2.193635405151532,-1.6023140472862654
2,N->X,1787466560.404745,188.35640990000684,305.8,-1.0345380072722392,2.174680514856127,-1.6014320534159852
2,N->X,1787466560.4161398,188.3678043570253,305.8,-1.035100750158558,2.1557242077422525,-1.6006454372502679
2,N->X,1787466560.5520067,188.50367169699166,305.9,-1.0356776081539143,2.1367635663306253,-1.5999451550645147
2,N->X,1787466560.6893222,188.64098734600702,306.0,-1.0362459112551463,2.1177980717822837,-1.5993237211485856
2,N->X,1787466560.8266332,188.7782983270008,306.1,-1.0367658727937106,2.0988317849119507,-1.5987758782275285
2,N->X,1787466560.9624856,188.91415032901568,306.2,-1.0372867036406095,2.079864736822452,-1.5984129872653712
2,N->X,1787466561.1007671,189.0524325540173,306.3,-1.0378209385400254,2.0608956229530953,-1.5981925094879836
2,N->X,1787466561.1773894,189.12905386299826,306.4,-1.0383543247159952,2.0419239891644807,-1.5982172102272216
2,N->X,1787466561.1911197,189.14278417802416,306.4,-1.0388524922651783,2.0229522417216597,-1.5984004236441862
2,N->X,1787466561.2020147,189.15367965598125,306.4,-1.039409340390786,2.003977975518981,-1.5988316124215112
2,N->X,1787466561.2113152,189.16297972697066,306.4,-1.039934182136422,1.9850012099985712,-1.599620470185753
2,N->X,1787466561.2862763,189.2379410470021,306.5,-1.0404650157969744,1.9660269647003592,-1.6006897744789295
2,N->X,1787466561.3609695,189.3126350439852,306.5,-1.0410589213001076,1.9470525323944283,-1.602075469229144
2,N->X,1787466561.4989765,189.45064187102253,306.6,-1.0416814905836422,1.928076869023737,-1.6037921139441158
2,N->X,1787466561.5747058,189.52637069299817,306.7,-1.0423422743524002,1.9091029830637305,-1.6059674399050405
2,N->X,1787466561.6500227,189.60168732400052,306.7,-1.0429888136190477,1.8901370436619291,-1.608535546468905
2,N->X,1787466561.786843,189.73850839101942,306.8,-1.043752443664725,1.8711787751687197,-1.6115266040594622
2,N->X,1787466561.8011003,189.75276488100644,306.9,-1.044554949633413,1.8522242567520626,-1.615021646113742
2,N->X,1787466561.873964,189.8256292049773,306.9,-1.0454027344853931,1.8332744551401214,-1.6189067697165003
2,N->X,1787466562.0108786,189.96254336397396,307.0,-1.0463426704395093,1.8143367873686571,-1.623206184459497
2,N->X,1787466562.1499975,190.10166246100562,307.2,-1.04739919513171,1.7954052326446301,-1.6279596229625968
2,N->X,1787466562.1654482,190.11711310700048,307.2,-1.0485261842605547,1.7764808685018256,-1.633140202697681
2,N->X,1787466562.1778414,190.1295062529971,307.2,-1.049714210539072,1.7575708593429382,-1.6387923765101913
2,N->X,1787466562.313982,190.26564757700544,307.3,-1.0510733675138815,1.7386792810389313,-1.6449479397176832
2,N->X,1787466562.38869,190.34035486000357,307.3,-1.0525058075370748,1.719799745752978,-1.651569326150486
2,N->X,1787466562.5258076,190.47747243597405,307.4,-1.0541108140107678,1.700933259685546,-1.6586139481367872
2,N->X,1787466562.5388985,190.4905635829782,307.5,-1.0558273819592536,1.681950375098379,-1.6677126175736094
2,N->X,1787466562.676443,190.62810830102535,307.6,-1.057696810068692,1.6630314828219566,-1.6742455393391
2,N->X,1787466562.8141541,190.76581989700207,307.7,-1.0597365568951582,1.6440344954532906,-1.678880734312052
2,N->X,1787466562.8279018,190.7795669750194,307.8,-1.0618364142895613,1.6249294880939458,-1.6839738724980629
2,N->X,1787466562.9637125,190.91537800402148,307.8,-1.0640173576869234,1.6061743280439196,-1.689180038605114
2,N->X,1787466563.1030366,191.05470155202784,307.9,-1.0663187693793008,1.5869850664925411,-1.6946214416118617
2,N->X,1787466563.1166756,191.06834036501823,308.0,-1.0687116011494107,1.5680143473877832,-1.693746302746965
2,N->X,1787466563.1279886,191.0796532619861,308.0,-1.071034166965586,1.5491636905880035,-1.6968696210470975
2,N->X,1787466563.200455,191.1521199059789,308.0,-1.073498222588527,1.5304121108475828,-1.704902776905258
2,N->X,1787466563.3362691,191.28793382801814,308.1,-1.0760800953725038,1.5114706798250794,-1.7122020623300191
2,N->X,1787466563.473653,191.42531827097991,308.2,-1.0788513307888985,1.4924337625866662,-1.7181676021365184
2,N->X,1787466563.5493484,191.5010132699972,308.3,-1.0817212101124043,1.4732924356255777,-1.7249494730955892
2,N->X,1787466563.6866167,191.63828166900203,308.4,-1.0847046069205082,1.4543979322024119,-1.726088120011577
2,N->X,1787466563.762301,191.7139659029781,308.5,-1.0876508001846898,1.435736577062845,-1.7321141340433148
2,N->X,1787466563.7753222,191.7269869609736,308.5,-1.0907553213006838,1.4168364580931136,-1.738232351801515
2,N->X,1787466563.786865,191.7385295240092,308.5,-1.0940401088848646,1.3978671763769461,-1.7455437162931737
2,N->X,1787466563.9235187,191.87518345401622,308.6,-1.0973537132200624,1.3790982303659676,-1.7467466552667703
2,N->X,1787466564.0026634,191.95432883902686,308.7,-1.1007245366461067,1.3604963244195136,-1.7532056063441284
2,N->X,1787466564.0145752,191.96624039602466,308.7,-1.1042065550784694,1.3417090850242948,-1.7596821465613797
2,N->X,1787466564.1494865,192.10115132597275,308.8,-1.1078659046086365,1.322755531855954,-1.7627694315694153
2,N->X,1787466564.2243042,192.17596971901366,308.8,-1.1115347659755828,1.3042080637660591,-1.7692955392671936
2,N->X,1787466564.3604705,192.3121354560135,309.0,-1.115338803502575,1.2855350463961948,-1.7748371173628883
2,N->X,1787466564.4983635,192.45002813701285,309.1,-1.1192412925993522,1.266734153181987,-1.7815668692142448
2,N->X,1787466564.512765,192.46442957397085,309.1,-1.1232929016418618,1.2479796311725317,-1.7807208200244244
2,N->X,1787466564.52478,192.4764445219771,309.1,-1.1272667598724089,1.229432316901107,-1.7846621734695738
2,N->X,1787466564.661398,192.61306294699898,309.2,-1.1313917076334317,1.2107598525614338,-1.7934090701791345
2,N->X,1787466564.7984164,192.75008168298518,309.3,-1.1356408218961822,1.192093409967169,-1.801088926007604
2,N->X,1787466564.936761,192.88842636998743,309.4,-1.1400657701143595,1.1736674304172945,-1.8099605970879984
2,N->X,1787466565.0768738,193.02854015602497,309.5,-1.144613236345151,1.155007914192747,-1.8131759872216853
2,N->X,1787466565.2168825,193.1685479769949,309.6,-1.149232533236957,1.1365283251704053,-1.815100866989642
2,N->X,1787466565.232686,193.1843507969752,309.7,-1.1538853601450352,1.1179326880568203,-1.8219483819105504
2,N->X,1787466565.2448509,193.19651594600873,309.7,-1.1586896732270808,1.0995685017631092,-1.8298940244695958
2,N->X,1787466565.255059,193.20672375301365,309.7,-1.1635733883279562,1.0810246893797228,-1.831818414172398
2,N->X,1787466565.3271441,193.27880892902613,309.7,-1.168543805187646,1.062525046104948,-1.831465568272608
2,N->X,1787466565.3418193,193.2934840809903,309.8,-1.1734959709948327,1.0442015301447753,-1.838155007942821
2,N->X,1787466565.478934,193.4305990759749,309.9,-1.1785274841590059,1.025892227891804,-1.8451854406762693
2,N->X,1787466565.554361,193.5060267469962,309.9,-1.1837613821256443,1.0075163479411817,-1.8504332208322491
2,N->X,1787466565.6923864,193.64405102399178,310.0,-1.1891231575924135,0.9889880001624013,-1.8567505019973343
2,N->X,1787466565.8280249,193.7796896849759,310.1,-1.1944918438307266,0.9706876750352069,-1.8542827068286558
2,N->X,1787466565.9649706,193.91663574799895,310.3,-1.199810272865064,0.9524391169846649,-1.8559239246078143
2,N->X,1787466565.9811907,193.9328554919921,310.3,-1.2052149194480677,0.9342609607058532,-1.8628399338497434
2,N->X,1787466565.9934967,193.9451617230079,310.3,-1.210738242180613,0.9160644557966297,-1.868662055425253
2,N->X,1787466566.0663497,194.0180148339714,310.3,-1.2163326224267537,0.8979086543779301,-1.875608561833633
2,N->X,1787466566.20339,194.15505496499827,310.5,-1.2220869598058757,0.8797431493218996,-1.87929557828361
2,N->X,1787466566.3400166,194.29168228199705,310.6,-1.227949650664747,0.8615088982249454,-1.8833642885230624
2,N->X,1787466566.3538826,194.30554714502068,310.6,-1.2337781662081655,0.8433540083670308,-1.8775525440266638
2,N->X,1787466566.364641,194.31630596902687,310.6,-1.2394927796169564,0.8252298594696174,-1.877030708029478
2,N->X,1787466566.5023105,194.45397577097174,310.7,-1.2452641164315097,0.8071186545870729,-1.8822886640901204
2,N->X,1787466566.6400037,194.5916694860207,310.8,-1.2511379104503872,0.7889778487828827,-1.8863261202192039
2,N->X,1787466566.7784834,194.73014872299973,310.9,-1.2570660829935156,0.7708976868327586,-1.891415400854685
2,N->X,1787466566.9158723,194.86753807397326,311.0,-1.2630948911514366,0.7528152925908034,-1.8933024563513503
2,N->X,1787466567.0588667,195.01053210400278,311.2,-1.26916495152754,0.734734672205029,-1.8958112465809147
2,N->X,1787466567.0748265,195.02649133699015,311.2,-1.2751711945490014,0.71672427430793,-1.8883808752528903
2,N->X,1787466567.0886436,195.04030887701083,311.2,-1.2810951474732097,0.6986489102575879,-1.8867766741172824
2,N->X,1787466567.0999496,195.05161404801765,311.2,-1.2870455285790097,0.6805489453135249,-1.8910163633020622
2,N->X,1787466567.1716752,195.12333999201655,311.2,-1.2930607915993062,0.6624783571620602,-1.8944031506235457
2,N->X,1787466567.1850376,195.13670203497168,311.3,-1.2991467296761325,0.6444292895541195,-1.8988873656516043
2,N->X,1787466567.3208516,195.27251637901645,311.4,-1.305289121560738,0.6264110449947201,-1.9001080779841326
2,N->X,1787466567.4575422,195.40920703398297,311.5,-1.3114580205648798,0.6084146958053172,-1.9018026870817408
2,N->X,1787466567.5330265,195.4846916149836,311.6,-1.3175548229899428,0.5905307358626526,-1.8946864879571967
2,N->X,1787466567.6700852,195.62175014201785,311.6,-1.3235914604600247,0.5724715162355695,-1.8929502541987118
2,N->X,1787466567.746664,195.6983284120215,311.8,-1.329652714438879,0.5544021584303076,-1.896592404318358
2,N->X,1787466567.758003,195.7096678239759,311.8,-1.3357676001299121,0.5363598599814631,-1.8989923143034009
2,N->X,1787466567.7681131,195.71977787499782,311.8,-1.341924922041459,0.5183312313328398,-1.902383088182529
2,N->X,1787466567.839483,195.79114853497595,311.8,-1.3481218780407898,0.5003325041405032,-1.902533928854702
2,N->X,1787466567.9792767,195.93094178498723,311.9,-1.3543365914521743,0.48234207684196784,-1.90329165025746
2,N->X,1787466568.056236,196.00790052697994,312.0,-1.3604897751901177,0.4643355784508323,-1.8945805179517474
2,N->X,1787466568.1307616,196.08242660399992,312.0,-1.366513864439229,0.44627554873267034,-1.8917821211710986
2,N->X,1787466568.267712,196.21937692700885,312.1,-1.3725452885514564,0.4282060628572903,-1.8947441855298286
2,N->X,1787466568.4043763,196.35604184301337,312.2,-1.378631419041472,0.4101568198166323,-1.8991775901287709
2,N->X,1787466568.4824903,196.43415542400908,312.3,-1.3847639310788555,0.3921400259506871,-1.8978343893474592
2,N->X,1787466568.5583897,196.51005488901865,312.4,-1.390803627241718,0.37411475723999443,-1.8870163872114005
2,N->X,1787466568.5708702,196.52253474801546,312.4,-1.3965883499300418,0.35601728526062854,-1.8688374480324144
2,N->X,1787466568.6441164,196.59578218997922,312.4,-1.4020745960275027,0.3378194949565223,-1.8561935754602843
2,N->X,1787466568.7814283,196.73309329198673,312.5,-1.407284094119983,0.31953462200452337,-1.8326063559046406
2,N->X,1787466568.9180665,196.86973164702067,312.6,-1.4120302852347175,0.3011278598043024,-1.8095942810249162
2,N->X,1787466569.0564127,197.00807782897027,312.8,-1.4164332494641034,0.2826293271935958,-1.797718500837654
2,N->X,1787466569.1960208,197.14768562401878,312.9,-1.4206622902976418,0.2640716710731115,-1.7901531966479904
2,N->X,1787466569.2721481,197.22381296398817,313.0,-1.4247515948916323,0.2454990282103789,-1.7838462965929884
2,N->X,1787466569.2853343,197.23699943098472,313.0,-1.4287418995228944,0.22688104319102667,-1.7779193688420387
2,N->X,1787466569.296452,197.24811649799813,313.0,-1.4326042444431524,0.2082597151299409,-1.7718185726062197
2,N->X,1787466569.3064637,197.2581280459999,313.0,-1.4363790892942836,0.18960976017401587,-1.7687549144892623
2,N->X,1787466569.380142,197.3318067669752,313.1,-1.4401050132361801,0.17092872074125823,-1.764172213136653
2,N->X,1787466569.454334,197.40599883400137,313.1,-1.4437129286490236,0.15225060284120795,-1.7585716323086842
2,N->X,1787466569.5910592,197.5427242090227,313.2,-1.447253993921046,0.13354521446076298,-1.757307508365195
2,N->X,1787466569.6678913,197.61955585400574,313.3,-1.4507848984012077,0.11483083084550456,-1.7576160552890154
2,N->X,1787466569.7431273,197.69479225599207,313.4,-1.4542635924133869,0.09611047844134603,-1.7470568714741765
2,N->X,1787466569.8805583,197.83222369098803,313.5,-1.4575179951265385,0.07736344599907617,-1.7369805942824792
2,N->X,1787466570.0174108,197.96907642198494,313.6,-1.4606486167346815,0.05858788646525536,-1.7357274165531973
2,N->X,1787466570.0299928,197.98165733501082,313.6,-1.4637914875016398,0.03980242271730816,-1.7385999127890865
2,N->X,1787466570.0411115,197.9927758370177,313.7,-1.4670048204952717,0.021022579630621034,-1.7434967735041174
2,N->X,1787466570.179635,198.13130084099248,313.7,-1.4703207236617244,0.0022558540777557414,-1.7496491349325647
2,N->X,1787466570.3164759,198.26814090897096,313.8,-1.4737544156493485,-0.016491430385854617,-1.7549564460407936
2,N->X,1787466570.392245,198.34390955098206,313.9,-1.4772727230463834,-0.035219560138010815,-1.759851215886751
2,N->X,1787466570.4054253,198.35709001199575,314.0,-1.4809058298724938,-0.05393519449286561,-1.7675254313111615
2,N->X,1787466570.4794142,198.43107928498648,314.0,-1.484654346041722,-0.07261317866728938,-1.771192291330692
2,N->X,1787466570.617697,198.5693618140067,314.1,-1.4884968217321095,-0.09128810251560726,-1.7787116091632886
2,N->X,1787466570.7552755,198.70694043801632,314.2,-1.4924858004509318,-0.10991446439526434,-1.7848626909630674
2,N->X,1787466570.7683597,198.7200240449747,314.3,-1.4965134279184236,-0.12852295829495936,-1.7827256543293086
2,N->X,1787466570.7794073,198.7310718629742,314.3,-1.5005378272151173,-0.14714618263888402,-1.7866446632777926
2,N->X,1787466570.8531375,198.80480228801025,314.3,-1.5046860953528798,-0.1657592084721814,-1.7967695743968046
2,N->X,1787466570.995404,198.94707334501436,314.4,-1.5090394717435491,-0.1843207786640676,-1.8080489715616375
2,N->X,1787466571.0732684,199.02493378997315,314.5,-1.5135957354626446,-0.20283927283886496,-1.8195483283680132
2,N->X,1787466571.2161064,199.16777227300918,314.6,-1.5183496027679204,-0.22129026888302164,-1.8288497741681946
2,N->X,1787466571.2302778,199.18194244097685,314.6,-1.523302342476441,-0.2397134014868852,-1.8417038650936188
2,N->X,1787466571.3067522,199.25841705099447,314.6,-1.5284568981390454,-0.25804793460801617,-1.850167697083064
2,N->X,1787466571.4423585,199.39402321499074,314.8,-1.5337996065705972,-0.27636278325919694,-1.8629849438770878
2,N->X,1787466571.5799057,199.53157103597187,314.9,-1.5393184256170156,-0.2945622900867085,-1.8668704526632065
2,N->X,1787466571.6586294,199.61029432201758,315.0,-1.5448843573661162,-0.3127808798974564,-1.8693924940745468
2,N->X,1787466571.6715662,199.62323110201396,315.0,-1.5505610667536494,-0.3309887965236296,-1.8803266496180555
2,N->X,1787466571.8083134,199.75997943099355,315.1,-1.5564666454791498,-0.34912060629062164,-1.894092688120046
2,N->X,1787466571.9466796,199.8983445810154,315.2,-1.5626056102012393,-0.36715761453735524,-1.9060020162690836
2,N->X,1787466571.9627254,199.91439008299494,315.2,-1.5689572355251047,-0.3851388894278967,-1.918683591878765
2,N->X,1787466571.9748368,199.9265012620017,315.2,-1.5755122144845675,-0.40301113875864364,-1.9283124342342701
2,N->X,1787466572.0509257,200.002591440978,315.3,-1.5822511742370533,-0.4208077377390644,-1.9385210351865891
2,N->X,1787466572.1892402,200.14090539701283,315.4,-1.5891601240207065,-0.43857673509091044,-1.9482006761260267
2,N->X,1787466572.2047539,200.15641837002477,315.4,-1.5961940815216957,-0.4562363311769278,-1.950301691107863
2,N->X,1787466572.2785597,200.23022434400627,315.4,-1.6032463286608067,-0.4739279589804222,-1.9512431165275137
2,N->X,1787466572.4128234,200.36448855500203,315.6,-1.610381727299598,-0.49160903812572243,-1.9609329096498178
2,N->X,1787466572.550591,200.50225663202582,315.7,-1.6177008246846165,-0.5092061165377526,-1.9720086882449264
2,N->X,1787466572.5662253,200.517889818002,315.7,-1.6252027059755219,-0.5267166859604678,-1.9815461363854494
2,N->X,1787466572.5777204,200.5293847679859,315.7,-1.6328820608045267,-0.544142052450166,-1.991506570535778
2,N->X,1787466572.7139049,200.66557000897592,315.8,-1.640718603563604,-0.5615173738924802,-2.000436586904467
2,N->X,1787466572.8512425,200.80290846899152,315.9,-1.6486718910046072,-0.578795176190192,-2.0049091296450343
2,N->X,1787466572.9902112,200.9418763340218,316.0,-1.656710724027838,-0.5960258594550679,-2.0094684139985524
2,N->X,1787466573.1277144,201.0793792239856,316.1,-1.664757350741914,-0.6132759848827442,-2.0034476953488194
2,N->X,1787466573.2682204,201.21988599799806,316.2,-1.672726443419614,-0.63057356059917,-2.0029362191781983
2,N->X,1787466573.2821274,201.23379168397514,316.3,-1.6807438040519094,-0.6478600283687949,-2.0082388892808996
2,N->X,1787466573.2932212,201.24488563399063,316.3,-1.6888416491070242,-0.6650978424965787,-2.012235013466622
2,N->X,1787466573.3036747,201.25533912400715,316.3,-1.6970045158420348,-0.6823112086502879,-2.016877762625132
2,N->X,1787466573.375798,201.32746332301758,316.3,-1.7052216132920364,-0.6994769781656934,-2.0177543659262795
2,N->X,1787466573.5130816,201.46474627102725,316.4,-1.7134622551858631,-0.7166284558020919,-2.0182550820482024
2,N->X,1787466573.6505258,201.60219162201975,316.5,-1.7216849183677607,-0.7337989696876566,-2.017573433286701
2,N->X,1787466573.6666968,201.61836131999735,316.6,-1.7298550163730138,-0.7509657017875072,-2.008735698380519
2,N->X,1787466573.6789954,201.63065981201362,316.6,-1.7378417564471427,-0.768236370700586,-1.9977196127998111
2,N->X,1787466573.8158543,201.76751964201685,316.7,-1.7456951294856244,-0.7855706155343966,-1.9952026428548044
2,N->X,1787466573.9541154,201.90578135097167,316.8,-1.7535260344792278,-0.8029312542463747,-1.993879505158852
2,N->X,1787466574.0300574,201.98172177397646,316.9,-1.76132206827347,-0.8203052214154087,-1.990791231252269
2,N->X,1787466574.167675,202.1193408149993,317.0,-1.7690778221338772,-0.8376987258195415,-1.9880302097500053
2,N->X,1787466574.1823611,202.1340256970143,317.0,-1.7767572882378755,-0.8551133328197261,-1.98435390909319
2,N->X,1787466574.1937835,202.14544814499095,317.0,-1.7843515983188982,-0.8725585973590378,-1.9765390153430673
2,N->X,1787466574.3331902,202.28485539299436,317.1,-1.7918258421627216,-0.8900596856667575,-1.9692715320064196
2,N->X,1787466574.4091935,202.360858243017,317.2,-1.7990912788392002,-0.9076358080482402,-1.9520916236009929
2,N->X,1787466574.4207346,202.3723992020241,317.2,-1.806081298696833,-0.9253253926492016,-1.9409926248962643
2,N->X,1787466574.5533438,202.50500890100375,317.3,-1.8129335358490297,-0.9430784590467559,-1.9373090444030423
2,N->X,1787466574.690906,202.64257134700892,317.4,-1.8197206229408804,-0.9608616133823463,-1.9325672769114608
2,N->X,1787466574.7674036,202.7190680350177,317.5,-1.8264369325335177,-0.9786760778314234,-1.9279538763104778
2,N->X,1787466574.905777,202.85744220402557,317.6,-1.8330424456569134,-0.996516775205313,-1.9224068348860646
2,N->X,1787466574.9210308,202.87269589002244,317.6,-1.8395336201356112,-1.0144085900272017,-1.9130985108991538
2,N->X,1787466574.9336,202.8852649090113,317.6,-1.8458848657499374,-1.0323499736691615,-1.9086016386260756
2,N->X,1787466575.072247,203.02391195797827,317.7,-1.8521097168548921,-1.0503325993064883,-1.8941969473491267
2,N->X,1787466575.2171204,203.1687885649735,317.8,-1.8580352379509706,-1.0684058985142044,-1.8781888111150193
2,N->X,1787466575.3594043,203.31107014097506,317.9,-1.863730373489785,-1.0865521436757057,-1.8710905056291447
2,N->X,1787466575.4968996,203.44856526097283,318.0,-1.8693391374810904,-1.1047483145588497,-1.8671556759608048
2,N->X,1787466575.511144,203.4628086350276,318.1,-1.8748673989503333,-1.1229584620591444,-1.863736073804125
2,N->X,1787466575.5233378,203.47500244900584,318.1,-1.8803214809614792,-1.1411937516951365,-1.8577380718537968
2,N->X,1787466575.534082,203.48574650997762,318.1,-1.8856864181463318,-1.1594523800389716,-1.855426006255701
2,N->X,1787466575.6693864,203.62105209100991,318.2,-1.8909805749557698,-1.1777316302268812,-1.8480835656168062
2,N->X,1787466575.8073845,203.7590499719954,318.3,-1.8961652679158079,-1.1960426658155128,-1.8452845261906075
2,N->X,1787466575.9454427,203.89710804400966,318.4,-1.9013131834840111,-1.214378336011674,-1.8407328886448497
2,N->X,1787466575.9590366,203.91070165199926,318.5,-1.9062794232403693,-1.2327380319477756,-1.8254787432484283
2,N->X,1787466576.0322902,203.98395499098115,318.5,-1.9110049102601605,-1.2511736886595906,-1.8174752284410067
2,N->X,1787466576.1692805,204.12094567000167,318.6,-1.9156421951588545,-1.2696388192959838,-1.8165703895546381
2,N->X,1787466576.2444546,204.1961200030055,318.7,-1.9202833824451169,-1.2881113714957304,-1.8174919423374345
2,N->X,1787466576.2597902,204.21145438897656,318.7,-1.924939213620896,-1.3065772507069011,-1.818792228367466
2,N->X,1787466576.270592,204.22225645300932,318.7,-1.9296079727208792,-1.3250353202532157,-1.8181450819703318
2,N->X,1787466576.4062326,204.35789746098453,318.8,-1.9342791667063033,-1.3434967013586558,-1.8199292838018621
2,N->X,1787466576.5430503,204.49471514101606,318.9,-1.9389586905943528,-1.3619460530707999,-1.8180383031524028
2,N->X,1787466576.6178193,204.56948413001373,319.0,-1.9436243569915443,-1.3804076935842446,-1.8195005785928893
2,N->X,1787466576.7543595,204.70602486497955,319.1,-1.9483254367752074,-1.398858527583052,-1.819569062023971
2,N->X,1787466576.8916566,204.843321827997,319.2,-1.9529938258972863,-1.417315356637762,-1.818202920972766
2,N->X,1787466576.9073298,204.85899456299376,319.2,-1.9576763023342492,-1.4357825642056463,-1.8211570296888082
2,N->X,1787466576.9201405,204.87180500797695,319.2,-1.9624107220296492,-1.4542232804262631,-1.8213784450227595
2,N->X,1787466576.992994,204.94465919100912,319.3,-1.9670584123465173,-1.4726744444755488,-1.8111210322375773
2,N->X,1787466577.0062525,204.9579172009835,319.3,-1.9715559658691226,-1.491172794673992,-1.8080356784218727
2,N->X,1787466577.1425195,205.09418453701073,319.4,-1.976053695403799,-1.5096857796015295,-1.8117564334976808
2,N->X,1787466577.2808187,205.23248387902277,319.5,-1.9806380366691363,-1.5281822634794793,-1.816624874731435
2,N->X,1787466577.420313,205.37197823799215,319.6,-1.9853037822924866,-1.546655054600705,-1.8215531939379161
2,N->X,1787466577.5577185,205.50938346399926,319.7,-1.9900729120266145,-1.565099437351371,-1.826395961595702
2,N->X,1787466577.5716276,205.52329203201225,319.8,-1.9949112473546593,-1.5835251636568577,-1.830480420214261
2,N->X,1787466577.5829725,205.53463696601102,319.8,-1.9998406464311382,-1.6019226950811187,-1.834520432187831
2,N->X,1787466577.593679,205.5453432960203,319.8,-2.0048203790797845,-1.6203124161447606,-1.8376112808116432
2,N->X,1787466577.7292008,205.6808667019941,319.8,-2.009889734934181,-1.6386883955894092,-1.8444826282218432
2,N->X,1787466577.8669612,205.81862664502114,320.0,-2.0150298456573315,-1.6570068576492574,-1.8420215309962427
2,N->X,1787466577.880113,205.83177753601922,320.0,-2.020096364257826,-1.6753595280195253,-1.8384161986774343
2,N->X,1787466578.0161955,205.96786038699793,320.1,-2.0251552495883804,-1.6937287008802928,-1.8425824899587213
2,N->X,1787466578.153689,206.10535358899506,320.2,-2.0303246171222242,-1.7120784538486928,-1.850603103115435
2,N->X,1787466578.228398,206.18006269598845,320.3,-2.035631541644673,-1.7303816275656734,-1.8571094325535258
2,N->X,1787466578.3661718,206.317836687027,320.3,-2.0410625634554407,-1.7486407566891202,-1.8635883176977306
2,N->X,1787466578.4408538,206.39251826301916,320.4,-2.046597588537283,-1.766873727994193,-1.869682255078082
2,N->X,1787466578.5771399,206.5288045689813,320.5,-2.0522569959261143,-1.7850564365596255,-1.875676158146313
2,N->X,1787466578.7144668,206.66613212198718,320.6,-2.058002693779985,-1.803224610669431,-1.8805515350814832
2,N->X,1787466578.7904294,206.7420939769945,320.7,-2.0638510641255774,-1.8213420637788371,-1.8853690400076402
2,N->X,1787466578.8037343,206.7553986349958,320.7,-2.069712550200559,-1.8394530475481596,-1.8810642676026674
2,N->X,1787466578.8162115,206.7678758269758,320.8,-2.075522743653306,-1.8575914249094825,-1.8819928388352898
2,N->X,1787466578.8262062,206.7778704490047,320.8,-2.0814025212778544,-1.8757223078830856,-1.889133638746264
2,N->X,1787466578.8345819,206.78624614799628,320.8,-2.087409087532074,-1.8938055693591997,-1.895555116611873
2,N->X,1787466578.9694958,206.92116069199983,320.8,-2.0935385970372766,-1.9118417527933813,-1.9021489790376682
2,N->X,1787466579.1090622,207.06072702398524,320.9,-2.099774047878516,-1.9298490809250277,-1.9083292959001725
2,N->X,1787466579.2460854,207.19775044202106,321.0,-2.106098189908306,-1.9478007032403934,-1.9114986726792769
2,N->X,1787466579.385495,207.3371599750244,321.2,-2.112508035654,-1.9657447352182287,-1.9185418904689622
2,N->X,1787466579.5240593,207.47572477901122,321.3,-2.1190049602152503,-1.9836268761854174,-1.9203507589403297
2,N->X,1787466579.6626468,207.61431178601924,321.4,-2.125568634437575,-2.001517537752209,-1.9266549473440073
2,N->X,1787466579.8013656,207.75303126097424,321.5,-2.132186614025847,-2.0193427539600624,-1.9233627151312223
2,N->X,1787466579.815403,207.76706746197306,321.6,-2.1387206110848744,-2.0372248339515826,-1.9190432771483514
2,N->X,1787466579.826924,207.77858855901286,321.6,-2.1452423439435866,-2.0551272451223386,-1.9232651677757708
2,N->X,1787466579.8372512,207.78891533397837,321.6,-2.1518708264578077,-2.072993531636588,-1.9303460736974605
2,N->X,1787466579.84707,207.79873419099022,321.6,-2.1586234066544496,-2.090817331586652,-1.937797589325893
2,N->X,1787466579.9184427,207.87010748597095,321.6,-2.1654910524312756,-2.1085829820296693,-1.9427264303808764
2,N->X,1787466580.0554893,208.00715440697968,321.7,-2.172453013382482,-2.1263048912199296,-1.9476484789019732
2,N->X,1787466580.131544,208.08320871100295,321.8,-2.179484241765297,-2.144009448942989,-1.951990832246524
2,N->X,1787466580.206745,208.1584097869927,321.8,-2.1866061148950924,-2.1616582834456843,-1.9563887320698794
2,N->X,1787466580.3451726,208.29683836002368,322.0,-2.193781660044335,-2.179301366023779,-1.9593202307573934
2,N->X,1787466580.4849796,208.43664465798065,322.1,-2.2010245773765327,-2.1968972033650442,-1.9622734971069262
2,N->X,1787466580.560651,208.51231598999584,322.2,-2.2082370934934468,-2.2145102362784095,-1.954844359985011
2,N->X,1787466580.5729346,208.52459920797264,322.2,-2.2153520660797374,-2.23217414806668,-1.9537693925865267
2,N->X,1787466580.583359,208.53502353298245,322.2,-2.222507069836089,-2.2498365759687444,-1.9596937606641502
2,N->X,1787466580.6550868,208.6067519870121,322.2,-2.229766803912335,-2.267451373517706,-1.9651181976307956
2,N->X,1787466580.7922354,208.74390009598574,322.3,-2.23712833499784,-2.2850196510420955,-1.9706520267229708
2,N->X,1787466580.8676128,208.81927750300383,322.4,-2.244573561321632,-2.3025585215028532,-1.9756711254098218
2,N->X,1787466580.9430344,208.8946993490099,322.4,-2.2520840114227996,-2.3200491063812305,-1.9775081918437363
2,N->X,1787466581.080637,209.0323020290234,322.5,-2.25965234435069,-2.3375326063593094,-1.9830175657409264
2,N->X,1787466581.2171993,209.1688645199756,322.7,-2.267277265895109,-2.3549626938183494,-1.9832381064703593
2,N->X,1787466581.3544776,209.30614216800313,322.8,-2.274938077181055,-2.3724035134135777,-1.987777353480959
2,N->X,1787466581.4938312,209.44549625198124,322.9,-2.2826217695097015,-2.3897993576760204,-1.9827207789915577
2,N->X,1787466581.5693643,209.5210290219984,323.0,-2.2901905316242073,-2.407265841226431,-1.9762809768730065
2,N->X,1787466581.5832868,209.5349514890113,323.0,-2.297709239265941,-2.424767776203053,-1.978381170559178
2,N->X,1787466581.5949724,209.54663701099344,323.0,-2.3052975082987333,-2.4422434818187484,-1.9833877506645665
2,N->X,1787466581.6051736,209.5568378039752,323.0,-2.312969067594631,-2.459684157408782,-1.98878737627502
2,N->X,1787466581.748196,209.6998606469715,323.1,-2.3207194381555336,-2.477079952297168,-1.9917523344130688
2,N->X,1787466581.886933,209.83859866898274,323.2,-2.328528195327781,-2.4944453818461017,-1.9946713758472336
2,N->X,1787466581.9017396,209.85340438701678,323.3,-2.336369181046711,-2.5118025314514028,-1.996884817895685
2,N->X,1787466582.041088,209.99275326100178,323.3,-2.344263512507986,-2.52912128336921,-1.99914053888089
2,N->X,1787466582.1781147,210.12977985100588,323.4,-2.352168191412807,-2.5464423580464084,-1.9999253175153442
2,N->X,1787466582.1913948,210.14305930299452,323.5,-2.3601054755328743,-2.5637368757469754,-2.00082812947622
2,N->X,1787466582.2034078,210.1550725440029,323.5,-2.3679783907456167,-2.5810626613232546,-1.9914789840497198
2,N->X,1787466582.2767422,210.22840708802687,323.5,-2.375720562655163,-2.5984568153886904,-1.988332481710195
2,N->X,1787466582.4134998,210.36516484199092,323.6,-2.3834655184427165,-2.615863781702881,-1.992054621713124
2,N->X,1787466582.5544944,210.50615985697368,323.7,-2.391292116877745,-2.6332345068531176,-1.9968252521875829
2,N->X,1787466582.6914265,210.64309143199353,323.8,-2.3991897841895407,-2.6505708092819074,-2.001154771799577
2,N->X,1787466582.7066572,210.65832193900133,323.9,-2.4071457099902958,-2.667871886334684,-2.00279442831835
2,N->X,1787466582.718521,210.67018580297008,323.9,-2.4151483418286257,-2.685161707801435,-2.007233635114207
2,N->X,1787466582.79162,210.74328496900853,323.9,-2.4231936604177835,-2.7024119637702793,-2.0070309032589653
2,N->X,1787466582.9293325,210.88099731499096,324.0,-2.431257529790341,-2.719665451064313,-2.0103512565736357
2,N->X,1787466583.0660024,211.01766705297632,324.1,-2.439332963559568,-2.73689080132538,-2.0051819995121294
2,N->X,1787466583.2044685,211.1561332559795,324.2,-2.447290337799255,-2.754182561903109,-1.9981052445255758
2,N->X,1787466583.3416169,211.29328191798413,324.4,-2.4551758540272073,-2.7715167717485536,-1.9984887633285542
2,N->X,1787466583.478302,211.429967019998,324.5,-2.463106484751622,-2.7888436543380393,-2.0031494488506194
2,N->X,1787466583.5569713,211.50863615697017,324.6,-2.4711062030293145,-2.8061315082337193,-2.0059296998498297
2,N->X,1787466583.570247,211.52191145700635,324.6,-2.4791566536991314,-2.823387251826987,-2.0085190166336635
2,N->X,1787466583.581457,211.53312131098937,324.6,-2.487237663359697,-2.84063388106592,-2.0104094283645804
2,N->X,1787466583.591018,211.54268216801574,324.6,-2.4953607144140513,-2.8578478888052503,-2.0121474153452272
2,N->X,1787466583.6614377,211.61310253298143,324.6,-2.5034903050451986,-2.875070408130828,-2.012531934227286
2,N->X,1787466583.674979,211.62664361001225,324.7,-2.51163917125006,-2.89226373707379,-2.012889248269805
2,N->X,1787466583.811527,211.7631919090054,324.7,-2.5197211901182865,-2.909488791338557,-2.003897536291534
2,N->X,1787466583.9479132,211.89957910502562,324.8,-2.5276764569612364,-2.926788054704656,-2.000062320362306
2,N->X,1787466584.025144,211.97680866002338,325.0,-2.5356168138711284,-2.944104744103049,-2.0026397486463403
2,N->X,1787466584.1628754,212.11454146099277,325.0,-2.5436190228087994,-2.961395523099057,-2.0061371310882996
2,N->X,1787466584.3002727,212.25193776999367,325.1,-2.5516702810448666,-2.9786641180098288,-2.0092461707035216
2,N->X,1787466584.4364104,212.38807557098335,325.2,-2.5597567737204603,-2.9959026631601087,-2.009615399350467
2,N->X,1787466584.5757496,212.52741443301784,325.3,-2.5678675337444794,-3.013138998973387,-2.0127545923455115
2,N->X,1787466584.5894732,212.54113841499202,325.4,-2.5759999403697553,-3.0303466803768533,-2.0114107327791686
2,N->X,1787466584.6013563,212.55302065401338,325.4,-2.584133669659469,-3.0475706802877305,-2.0135693923561457
2,N->X,1787466584.6121538,212.56381849898025,325.4,-2.5922653460824585,-3.064771851469148,-2.0103786900454637
2,N->X,1787466584.683737,212.63540187297622,325.4,-2.600372994194439,-3.0820063364534196,-2.011580297253017
2,N->X,1787466584.6980863,212.64975059201242,325.5,-2.608500991770338,-3.0992044125385516,-2.0110293837645963
2,N->X,1787466584.8348475,212.78651220398024,325.5,-2.616534070671416,-3.1164512642365407,-1.999593523362708
2,N->X,1787466584.9728594,212.924525207025,325.7,-2.6244075809408627,-3.1337900277325903,-1.994781344974585
2,N->X,1787466584.9904277,212.9420925870072,325.7,-2.632252139648266,-3.1511515662623535,-1.9966910338629444
2,N->X,1787466585.127515,213.07918043801328,325.8,-2.6401484881770334,-3.1684913884105432,-1.999891499046412
2,N->X,1787466585.263673,213.2153381590033,325.9,-2.6480907750324287,-3.1858082120132436,-2.002897313535418
2,N->X,1787466585.4018147,213.35347955598263,326.0,-2.65606900166484,-3.203097217110346,-2.003472073829771
2,N->X,1787466585.4776707,213.4293351729866,326.1,-2.664074315648044,-3.2203828638838368,-2.0066528251187434
2,N->X,1787466585.4907026,213.44236751901917,326.1,-2.6721048241083216,-3.2376411581779374,-2.005661737065465
2,N->X,1787466585.501451,213.45311562297866,326.1,-2.680140592405454,-3.2549114203057354,-2.0079553266927945
2,N->X,1787466585.6368651,213.58852991997264,326.2,-2.6881791233538466,-3.2721570570214293,-2.0051670776553223
2,N->X,1787466585.773694,213.72535947198048,326.3,-2.6961982501588113,-3.28943167712665,-2.006570524562273
2,N->X,1787466585.910775,213.86244070500834,326.4,-2.704242254040228,-3.306671908762506,-2.006285394520736
2,N->X,1787466585.925081,213.87674567697104,326.5,-2.7121979572316994,-3.3239567687163603,-1.9955122296965493
2,N->X,1787466585.9362385,213.88790315098595,326.5,-2.719890660371979,-3.341076545404698,-1.9909984607208049
2,N->X,1787466586.0084503,213.96011546999216,326.5,-2.727355948298254,-3.357764781161367,-1.99265044005616
2,N->X,1787466586.084208,214.0358727009734,326.6,-2.734685447892792,-3.374038470801302,-1.9965757074752182
2,N->X,1787466586.2212079,214.17287314601708,326.7,-2.741851168842204,-3.389794217193759,-1.9994646394889006
2,N->X,1787466586.3572533,214.30891845701262,326.8,-2.7489695743884233,-3.405315852854651,-2.0021176654318045
2,N->X,1787466586.4941146,214.4457794560003,326.9,-2.755911880692389,-3.4203799956666714,-2.0041198876319495
2,N->X,1787466586.509268,214.46093264501542,327.0,-2.7627736416638395,-3.4352199674494073,-2.0034598821234173
2,N->X,1787466586.582902,214.53456716402434,327.0,-2.7695057401652923,-3.4497802067664596,-2.0031895825574995
2,N->X,1787466586.659999,214.61166345397942,327.1,-2.775829252726149,-3.4635766459026716,-1.9963584827015666
2,N->X,1787466586.7349741,214.6866387629998,327.2,-2.781994626221326,-3.4772329947873097,-1.9936601379469983
2,N->X,1787466586.8096163,214.7612815980101,327.2,-2.787942970896633,-3.4904258828285912,-1.996348240201811
2,N->X,1787466586.9471607,214.89882644300815,327.3,-2.793967076284233,-3.5036640474070886,-1.9996342463637995
2,N->X,1787466586.960723,214.9123869999894,327.3,-2.79975562737959,-3.5163346159173625,-1.9991585653991675
2,N->X,1787466587.0339699,214.98563538398594,327.3,-2.8054238837594228,-3.5287186021047554,-2.0022152202429266
2,N->X,1787466587.1723845,215.1240500289714,327.5,-2.8110525111260447,-3.5409513121752982,-2.000130517430635
2,N->X,1787466587.310386,215.26205167500302,327.6,-2.816347756093241,-3.5525736268476384,-1.9964911549321795
2,N->X,1787466587.323772,215.2754362510168,327.6,-2.8215625090118466,-3.5640604006029912,-1.9985173230950917
2,N->X,1787466587.335666,215.28733061201638,327.6,-2.8267094684481844,-3.575314021759128,-2.000753592035662
2,N->X,1787466587.4715228,215.4231875410187,327.7,-2.8317210553433405,-3.586237073854634,-2.0021165418953752
2,N->X,1787466587.547319,215.49898362602107,327.8,-2.8366316677237084,-3.5969293436638132,-1.9984516557207743
2,N->X,1787466587.5617664,215.51343106897548,327.8,-2.8413448978534657,-3.6073287627981276,-1.9933716625453817
2,N->X,1787466587.700289,215.65195435401984,327.9,-2.845942242641631,-3.617557245745012,-1.9939452489500598
2,N->X,1787466587.8374102,215.7890750829829,328.0,-2.8503831493009053,-3.627406400454924,-1.9955167685948754
2,N->X,1787466587.9752953,215.92696022597374,328.1,-2.854816919309842,-3.6371805576057934,-1.9977261494630592
2,N->X,1787466588.111981,216.06364573497558,328.2,-2.859058130799443,-3.6464945987521045,-1.999702292107645
2,N->X,1787466588.1261792,216.07784389297012,328.3,-2.8634241337185844,-3.6560096294765754,-2.0015897157055784
2,N->X,1787466588.1435435,216.0952080169809,328.3,-2.869443770614961,-3.6692094417604775,-1.9952711416676718
2,N->X,1787466588.2861335,216.23779845802346,328.4,-2.875286879015299,-3.6821130049238233,-1.996934434689084
2,N->X,1787466588.4296567,216.38132149499143,328.5,-2.8808729111127476,-3.69439880126063,-1.9998918196204902
2,N->X,1787466588.5723646,216.52402992802672,328.6,-2.8864518135625947,-3.7065528410671926,-1.9987564815901364
2,N->X,1787466588.6554196,216.60708450101083,328.7,-2.8916705817145023,-3.718096761709913,-1.99244701249292
2,N->X,1787466588.7961493,216.7478150150273,328.8,-2.8967022344799753,-3.729282445192593,-1.9953627672118985
2,N->X,1787466589.0040917,216.9557570440229,329.0,-2.9015535627948648,-3.739977098257957,-1.9997192890087847
2,N->X,1787466589.14983,217.1014953320264,329.1,-2.9063341077311273,-3.750421622732179,-2.0012589611230904
2,N->X,1787466589.1704898,217.12215433700476,329.1,-2.9109359632288876,-3.760491816555248,-1.9945727669903879
2,N->X,1787466589.3123302,217.26399571599904,329.2,-2.91522421266679,-3.7700419821234044,-1.9927543199665017
2,N->X,1787466589.5183482,217.47001329797786,329.4,-2.9193894630425468,-3.7792849584505745,-1.9957525659901783
2,N->X,1787466589.6110258,217.5626905040117,329.5,-2.924842920614988,-3.791261437930759,-1.9995966067230253
2,N->X,1787466589.8953345,217.84699924400775,329.7,-2.9300645603938205,-3.802639249855132,-1.9987582768901857
2,N->X,1787466590.1084425,218.06010729901027,329.9,-2.934847770472604,-3.813241273239419,-1.9929052372795277
2,N->X,1787466590.1317422,218.08340692002093,329.9,-2.939471390864439,-3.823473910394487,-1.9973982116331392
2,N->X,1787466590.2772105,218.22887505200924,330.0,-2.9440044271707637,-3.8333975837000023,-1.998419075917612
2,N->X,1787466590.558912,218.5105768829817,330.3,-2.94915476363354,-3.844701180505306,-2.0018118103024576
2,N->X,1787466590.5888586,218.54052517202217,330.3,-2.954147776215362,-3.8556882271386113,-1.9908483965347807
2,N->X,1787466590.871736,218.8234014150221,330.5,-2.9590291002307487,-3.866558001074444,-1.9964609532401318
2,N->X,1787466591.151845,219.10350941697834,330.7,-2.9639641698130443,-3.877395248482554,-1.9986086712090598
2,N->X,1787466591.37165,219.3233151169843,330.9,-2.968917869883622,-3.888219220639498,-1.9990487644461734
2,N->X,1787466591.522423,219.47408831998473,331.0,-2.97386071119977,-3.8990401874535485,-1.996278975883411
2,N->X,1787466591.870414,219.8220790309715,331.3,-2.9787681593374358,-3.909875491114182,-1.9947408875138182
2,N->X,1787466592.2150486,220.16671345202485,331.5,-2.9830221787348354,-3.919564991776278,-1.9747302116281997
3,X->Y,1787466599.1909919,0.07244502799585462,337.2,-2.982332116481389,-3.9162177233992455,0.11266799511787708
3,X->Y,1787466601.3329813,2.2144334290060215,339.0,-2.97086070648909,-3.9144575705779654,0.15398482890148127
3,X->Y,1787466601.347948,2.2294002840062603,339.0,-2.957008589581068,-3.912255157613826,0.167394972597899
3,X->Y,1787466601.4190679,2.3005208300310187,339.0,-2.9465993278982925,-3.9104038650676034,0.1911190630930067
3,X->Y,1787466601.5578744,2.439327495987527,339.1,-2.936201551740363,-3.908277438950681,0.21826637015508601
3,X->Y,1787466601.6339266,2.5153795570367947,339.2,-2.925783386945861,-3.905855760332395,0.24346684651488984
3,X->Y,1787466601.7082748,2.5897281640209258,339.2,-2.915361571371989,-3.903157508178596,0.26854229741015284
3,X->Y,1787466601.846169,2.7276225039968267,339.3,-2.903420224766985,-3.899745053319969,0.29017284517694764
3,X->Y,1787466601.9829292,2.864382130035665,339.4,-2.8910971792514255,-3.895935589465912,0.31569993613623965
3,X->Y,1787466602.1198103,3.001263095997274,339.5,-2.8790363914738464,-3.8918585803620527,0.3373649982437717
3,X->Y,1787466602.2574499,3.1389032840379514,339.7,-2.866427096856008,-3.8873297311375232,0.35655431401402476
3,X->Y,1787466602.2707067,3.152159176999703,339.7,-2.853499342576251,-3.8823771725459677,0.3801753220910652
3,X->Y,1787466602.2820964,3.163548971002456,339.7,-2.8407378633253706,-3.8771238281825666,0.40583714403172544
3,X->Y,1787466602.2914722,3.1729242890141904,339.7,-2.827351712282142,-3.871201241461815,0.4283565297364215
3,X->Y,1787466602.3006222,3.1820747969904914,339.7,-2.813921597338971,-3.8648955899682744,0.4543647978145173
3,X->Y,1787466602.4363465,3.3177992859855294,339.8,-2.8003646775526003,-3.858111118239424,0.4761214382239284
3,X->Y,1787466602.5767784,3.4582316119922325,339.9,-2.7862271235472407,-3.8506851657033327,0.49503946944716576
3,X->Y,1787466602.7161546,3.597608008014504,340.0,-2.771672952548188,-3.8426694400254484,0.5167881043592905
3,X->Y,1787466602.796494,3.6779468070017174,340.2,-2.7569742186595665,-3.834121424000426,0.5412835500881692
3,X->Y,1787466602.873188,3.7546420540311374,340.2,-2.742315527822151,-3.825097166844273,0.5657743490469715
3,X->Y,1787466603.0115979,3.8930514430394396,340.3,-2.7264235966514017,-3.8152466174969164,0.5864003349622166
3,X->Y,1787466603.0883715,3.969824547995813,340.4,-2.7107402717141156,-3.8046352822806746,0.606746580687028
3,X->Y,1787466603.101672,3.9831243570079096,340.4,-2.69517057555133,-3.7936485035184657,0.6262290353264607
3,X->Y,1787466603.1138878,3.995340302994009,340.4,-2.679878854371483,-3.782416971979511,0.6446441572241143
3,X->Y,1787466603.2495687,4.131021812034305,340.5,-2.664767460063171,-3.770880710410129,0.6618637311684776
3,X->Y,1787466603.3857014,4.267154217988718,340.6,-2.6498359753263365,-3.759085737863087,0.6776186667317536
3,X->Y,1787466603.463832,4.345284374023322,340.7,-2.6350870839660585,-3.7470622733840098,0.6918457926769017
3,X->Y,1787466603.6030986,4.484551631030627,340.8,-2.6204915977406125,-3.7348308889357553,0.7047121984027357
3,X->Y,1787466603.615984,4.497436326986644,340.8,-2.6060562239638814,-3.7224307506602385,0.7162668051129814
3,X->Y,1787466603.6275942,4.509046585997567,340.8,-2.5917804126767443,-3.7098975531499043,0.7261864266177689
3,X->Y,1787466603.7632732,4.6447257560212165,340.9,-2.5776779597546735,-3.6973050476983134,0.7325305883400088
3,X->Y,1787466603.8992019,4.780654734000564,341.0,-2.563550274627127,-3.684564671809287,0.7346349216660998
3,X->Y,1787466604.0370011,4.918454405036755,341.1,-2.549418420022296,-3.6717957429611716,0.7346006083836827
3,X->Y,1787466604.1120803,4.993532975029666,341.2,-2.5352813849723494,-3.6590329009608036,0.7335799224744234
3,X->Y,1787466604.1250355,5.006488031998742,341.2,-2.5211279013150656,-3.6462911101979456,0.7321358137508522
3,X->Y,1787466604.135683,5.017135442001745,341.2,-2.5069560606352885,-3.6335716681984027,0.7305673589052403
3,X->Y,1787466604.271249,5.152701949002221,341.3,-2.4928709073590105,-3.6209635518442327,0.7291018055633713
3,X->Y,1787466604.4084694,5.2899222550331615,341.4,-2.4786782274193295,-3.6082964011751253,0.7279706592662202
3,X->Y,1787466604.5471401,5.428594344004523,341.5,-2.4646566348688865,-3.595804766442499,0.7278641589793943
3,X->Y,1787466604.560827,5.44227967801271,341.6,-2.4504581368798193,-3.583152762383697,0.7276644856809003
3,X->Y,1787466604.5724063,5.453858706983738,341.6,-2.436548139976178,-3.570742195069338,0.729386543260361
3,X->Y,1787466604.6447856,5.526238090009429,341.6,-2.42235849295915,-3.5580414957110014,0.7312284764099166
3,X->Y,1787466604.7818284,5.663281553017441,341.7,-2.4081884234174127,-3.545320235614925,0.7319698266617638
3,X->Y,1787466604.9190528,5.800506220024545,341.8,-2.3940249553603397,-3.5325923780061768,0.7321519981101083
3,X->Y,1787466604.9945316,5.875985033984762,341.9,-2.379864302673647,-3.5198607312765096,0.7320830754622496
3,X->Y,1787466605.0702965,5.951749093015678,342.0,-2.3658060655687665,-3.5072279757887483,0.7327821101484632
3,X->Y,1787466605.146204,6.027657199010719,342.1,-2.351662360604546,-3.494483272268909,0.7343816174719479
3,X->Y,1787466605.2216175,6.103071024990641,342.1,-2.3375356314513347,-3.4817133756823893,0.735061067697411
3,X->Y,1787466605.23858,6.120032461010851,342.1,-2.3234125094470803,-3.4689402262113,0.7352963764223763
3,X->Y,1787466605.3764286,6.257881628000177,342.2,-2.309287770809611,-3.456168148959571,0.7353551383603876
3,X->Y,1787466605.452867,6.334320145018864,342.3,-2.295166562536519,-3.443392263509233,0.7353784247780667
3,X->Y,1787466605.4652767,6.346729126991704,342.3,-2.2810473090360106,-3.4306151034002617,0.7354709473506582
3,X->Y,1787466605.6036568,6.485110149020329,342.4,-2.2669290173330268,-3.41783852179085,0.7356730076658478
3,X->Y,1787466605.741078,6.62253099901136,342.5,-2.252814047910407,-3.405057587046067,0.7359808988646952
3,X->Y,1787466605.817344,6.698796914017294,342.6,-2.2387035714664276,-3.392274562261491,0.7363628143939684
3,X->Y,1787466605.8925314,6.773984134022612,342.7,-2.224599651395993,-3.3794831639365674,0.7368191833404963
3,X->Y,1787466605.967267,6.848719923989847,342.7,-2.2105009129146307,-3.3666844498404624,0.7373405879097905
3,X->Y,1787466605.9813533,6.862806077988353,342.7,-2.196407562898064,-3.353878612858582,0.7378884824473338
3,X->Y,1787466606.1189532,7.000406155013479,342.8,-2.1823236874593768,-3.341066435257542,0.7384699058358023
3,X->Y,1787466606.1941674,7.075620182033163,342.9,-2.1682472807311908,-3.328242512556397,0.7390989739462919
3,X->Y,1787466606.207187,7.088639200024772,342.9,-2.154176045222035,-3.3154139766940895,0.7397860754429116
3,X->Y,1787466606.3434446,7.224897423002403,343.0,-2.1401155652594017,-3.302571483864408,0.7405344732557806
3,X->Y,1787466606.4813914,7.362845600990113,343.1,-2.126066716530907,-3.2897169767677124,0.7413394504251611
3,X->Y,1787466606.621317,7.502769882034045,343.2,-2.112028282725557,-3.276854848759214,0.7422026213325797
3,X->Y,1787466606.7584817,7.63993455801392,343.3,-2.0980000186734533,-3.2639808689533827,0.743109650420509
3,X->Y,1787466606.8971815,7.778634358022828,343.4,-2.083985427909801,-3.25109347868398,0.7440235339298811
3,X->Y,1787466606.9108052,7.792257950990461,343.5,-2.069981139083692,-3.2381892578214115,0.7449242922976828
3,X->Y,1787466606.9214272,7.802879736991599,343.5,-2.0559890303882065,-3.2252756706302756,0.7458086136808193
3,X->Y,1787466606.9315965,7.8130487779853866,343.5,-2.0420074922991778,-3.212352021608139,0.746668572422176
3,X->Y,1787466607.0049775,7.886430960032158,343.5,-2.0280398684757173,-3.199412307755725,0.7474954499146079
3,X->Y,1787466607.143131,8.024583809019532,343.6,-2.014079134014113,-3.186462712379835,0.748314718080639
3,X->Y,1787466607.2805505,8.162003998993896,343.7,-2.000128372000701,-3.173501346442106,0.7491411933776009
3,X->Y,1787466607.294363,8.175815819995478,343.8,-1.986188393293941,-3.1605275544400855,0.7499873302101024
3,X->Y,1787466607.3057623,8.18721500999527,343.8,-1.972260267398759,-3.147542219456195,0.7508516510143884
3,X->Y,1787466607.4417048,8.323157695995178,343.9,-1.9583460246707922,-3.1345455107595837,0.7517208732991557
3,X->Y,1787466607.578023,8.459475548996124,344.0,-1.9444404682738838,-3.121536665243075,0.7525901985772517
3,X->Y,1787466607.7170744,8.598527741036378,344.1,-1.9305489711737807,-3.1085150877588275,0.7534446514934761
3,X->Y,1787466607.7925205,8.673973161028698,344.2,-1.9166668656661248,-3.0954835986003424,0.7542737097429382
3,X->Y,1787466607.804779,8.686231234984007,344.2,-1.9027942668235038,-3.0824418344867692,0.755068484397664
3,X->Y,1787466607.8161755,8.697627615008969,344.2,-1.888934053060778,-3.069388044686257,0.7558129765269573
3,X->Y,1787466607.951822,8.833275526005309,344.3,-1.8752332695735376,-3.0564522413843824,0.7574997234289524
3,X->Y,1787466608.0911036,8.97255652002059,344.4,-1.8614124542089776,-3.0433585175313045,0.7602235150340283
3,X->Y,1787466608.1669326,9.048385662026703,344.5,-1.8476176476792288,-3.030220315172995,0.7613803496968611
3,X->Y,1787466608.1797678,9.061220292991493,344.5,-1.833821622558991,-3.0170770566371083,0.7600615056188307
3,X->Y,1787466608.2533047,9.134758419007994,344.5,-1.8199974733351474,-3.0039654561070956,0.7573853485964916
3,X->Y,1787466608.3893387,9.270791563030798,344.6,-1.806140724977393,-2.9908969629826245,0.7541967118683593
3,X->Y,1787466608.526059,9.40751218603691,344.7,-1.7922416872482339,-2.9778761209900066,0.7509124666195689
3,X->Y,1787466608.6015406,9.482994241989218,344.8,-1.7782998299214678,-2.9648941834486155,0.7477885058416872
3,X->Y,1787466608.741871,9.62332456203876,344.9,-1.7643214388036534,-2.9519616836699965,0.7449512574590166
3,X->Y,1787466608.878979,9.760431886999868,345.0,-1.7504840266646355,-2.9392213768350612,0.7446994442094989
3,X->Y,1787466609.0172617,9.898715200019069,345.1,-1.7367053400791115,-2.9264603034201837,0.7515428804919171
3,X->Y,1787466609.0317645,9.913216889020987,345.2,-1.7231089152865973,-2.9136210490502927,0.7651713882181753
3,X->Y,1787466609.0434766,9.92492914403556,345.2,-1.7095342452893088,-2.900373077644098,0.7849566863183257
3,X->Y,1787466609.0542078,9.935660401009955,345.2,-1.696244363072911,-2.886894658967716,0.8020712758749021
3,X->Y,1787466609.1297607,10.011213988997042,345.2,-1.6830781374160626,-2.873133135703326,0.814134917753136
3,X->Y,1787466609.144539,10.025991395988967,345.3,-1.6700596842156679,-2.859234426723541,0.8228124496128115
3,X->Y,1787466609.2807055,10.162158439983614,345.4,-1.6572790082231026,-2.845374688039092,0.8302523458480093
3,X->Y,1787466609.417938,10.299390673986636,345.5,-1.6445141593823565,-2.8312953964707717,0.8399094505470973
3,X->Y,1787466609.4963098,10.377762032032479,345.6,-1.631847176209919,-2.8170741874692906,0.8462476717241018
3,X->Y,1787466609.6327713,10.51422397600254,345.7,-1.6193108094105928,-2.8028238335566087,0.853759083124003
3,X->Y,1787466609.7073238,10.588776505028363,345.7,-1.6068246425328556,-2.7884421495385667,0.8579380782280771
3,X->Y,1787466609.7837856,10.665237896027975,345.8,-1.5944297894512882,-2.7740681160351515,0.8618563151690819
3,X->Y,1787466609.7951965,10.676648947002832,345.8,-1.582070518934662,-2.75958143162988,0.8671528664275713
3,X->Y,1787466609.8674927,10.74894524901174,345.8,-1.569776513720345,-2.7449772880166705,0.8780450822259366
3,X->Y,1787466610.0048075,10.886260122992098,345.9,-1.5577424378469298,-2.730292335613453,0.8923058246226288
3,X->Y,1787466610.1419415,11.023394529998768,346.1,-1.5457926082394966,-2.7153417808876856,0.9009322708635588
3,X->Y,1787466610.1560326,11.037484895030502,346.1,-1.533972685919744,-2.700378477892222,0.9025347846369176
3,X->Y,1787466610.167265,11.048717380035669,346.1,-1.5221194888756986,-2.6853898692661358,0.9004622847918548
3,X->Y,1787466610.3027606,11.184213754022494,346.2,-1.5103100851811866,-2.6704951431909727,0.8995710570827415
3,X->Y,1787466610.439865,11.32131777703762,346.3,-1.4984860110875724,-2.655594417969407,0.8992497286206594
3,X->Y,1787466610.5794148,11.460867549001705,346.4,-1.4866727766225891,-2.6407224651447825,0.9003156229924199
3,X->Y,1787466610.6542602,11.535713380028028,346.5,-1.474887880186425,-2.6258631395399252,0.9005296954905991
3,X->Y,1787466610.6665742,11.548026797012426,346.5,-1.463065077976975,-2.6109333203466782,0.9012126143542232
3,X->Y,1787466610.677741,11.559193180000875,346.5,-1.4512625128456695,-2.59595199970779,0.9080773137733028
3,X->Y,1787466610.7521622,11.633614910999313,346.6,-1.4395442711928668,-2.580772458801132,0.9208411608715877
3,X->Y,1787466610.8883832,11.769836155988742,346.6,-1.4281137490019713,-2.5656018109806804,0.9300471229280093
3,X->Y,1787466611.0259259,11.907379014999606,346.8,-1.416725522452762,-2.55027272675037,0.9326679890445959
3,X->Y,1787466611.1622298,12.04368305200478,346.9,-1.4053029464774704,-2.534889547987172,0.9305092401944544
3,X->Y,1787466611.2373192,12.118772022018675,347.0,-1.3938311748993144,-2.519509376993079,0.9276279413907167
3,X->Y,1787466611.2489812,12.130433849000838,347.0,-1.3822604790893904,-2.504111600453774,0.9257509504558639
3,X->Y,1787466611.259001,12.140453362022527,347.0,-1.3707102725035554,-2.4887666067557004,0.9256795457308732
3,X->Y,1787466611.3940885,12.27554185903864,347.1,-1.3592778045527873,-2.4735022181558426,0.9309510462863214
3,X->Y,1787466611.5329683,12.414421337016392,347.2,-1.347931709137678,-2.4582158574427213,0.9342249227892003
3,X->Y,1787466611.5466323,12.428085207007825,347.2,-1.3366340468656042,-2.442852267998398,0.9370873527281369
3,X->Y,1787466611.6841657,12.565618755994365,347.3,-1.325341898451054,-2.4273817883879487,0.9454564251787649
3,X->Y,1787466611.7683668,12.649819577985909,347.4,-1.314162736489238,-2.4117620645175775,0.958325792722138
3,X->Y,1787466611.7806513,12.66210392699577,347.4,-1.3032671471172343,-2.3961335179079932,0.9653966634576504
3,X->Y,1787466611.9169893,12.798442786035594,347.5,-1.2924243183358952,-2.3804169055133686,0.9643158977633738
3,X->Y,1787466612.053657,12.935110393038485,347.6,-1.2815513918887251,-2.3647873765215977,0.9609282019301849
3,X->Y,1787466612.1902359,13.071688541036565,347.7,-1.2706454708404313,-2.3492377480104207,0.9578882090552489
3,X->Y,1787466612.2664135,13.147866082028486,347.8,-1.2597594076846255,-2.333780103382782,0.9532781554646388
3,X->Y,1787466612.279543,13.160995753016323,347.8,-1.2487000897765488,-2.3181796525590257,0.9487365601978389
3,X->Y,1787466612.2904632,13.171916050021537,347.8,-1.237722859477489,-2.3029463620755655,0.9502516800416698
3,X->Y,1787466612.4216537,13.303106531035155,347.9,-1.2266471209752459,-2.2873502873880933,0.9589259300378264
3,X->Y,1787466612.5003283,13.381780615018215,348.0,-1.215785568987926,-2.2717828204236565,0.9649989063612773
3,X->Y,1787466612.5125244,13.393976996012498,348.0,-1.2049013062928515,-2.2560417315476524,0.9638022509984532
3,X->Y,1787466612.6482854,13.529738238023128,348.1,-1.1939480808524656,-2.240272577075476,0.9591694316326642
3,X->Y,1787466612.7227595,13.604212990030646,348.1,-1.1830884244103246,-2.22477466270761,0.955953718195923
3,X->Y,1787466612.8595786,13.741031866986305,348.2,-1.1720418820976233,-2.2091384458280428,0.9541061134694059
3,X->Y,1787466612.9980428,13.87949609599309,348.4,-1.1611118174134833,-2.1936305207716624,0.9487956100155178
3,X->Y,1787466613.1356556,14.017109054024331,348.5,-1.1503448852842095,-2.1787895549479646,0.9448027787338656
3,X->Y,1787466613.2753499,14.156802374986,348.6,-1.1391269589815154,-2.1634329316705814,0.9396385882826145
3,X->Y,1787466613.3517873,14.23323985200841,348.7,-1.1300895814638965,-2.151081884357349,0.9380229636838538
3,X->Y,1787466613.3643727,14.245825107034761,348.7,-1.1220080718267946,-2.1397340715917843,0.9384685649691699
3,X->Y,1787466613.3761322,14.25758507201681,348.7,-1.1134698667015153,-2.1280148379186805,0.9435725398407496
3,X->Y,1787466613.3867261,14.268178589001764,348.7,-1.1051472927964894,-2.1168411061493106,0.950783090283558
3,X->Y,1787466613.5219533,14.403406280034687,348.8,-1.0968509287647938,-2.105108689008708,0.9618991699467814
3,X->Y,1787466613.660094,14.541546867985744,348.9,-1.0886642554916355,-2.093249132026205,0.9680809796654232
3,X->Y,1787466613.7364528,14.617905460007023,349.0,-1.0805945417425777,-2.081522999782503,0.9680931092757962
3,X->Y,1787466613.8122525,14.693704986013472,349.1,-1.0728003972470934,-2.0697684940599093,0.9707274652411236
3,X->Y,1787466613.8854742,14.766927346005104,349.1,-1.064523925196059,-2.0578097126251897,0.9745863889635734
3,X->Y,1787466614.0224707,14.903923382982612,349.2,-1.056574946320871,-2.0462752736755143,0.9796790369017087
3,X->Y,1787466614.1593022,15.040755508991424,349.3,-1.0484820066628155,-2.0340545312534397,0.9894703447857865
3,X->Y,1787466614.236107,15.117560090031475,349.4,-1.0408530791494568,-2.0220220030890728,0.9964741433606673
3,X->Y,1787466614.248789,15.130241457023658,349.4,-1.0332808968575455,-2.0103511903778584,0.9973846062553224
3,X->Y,1787466614.2588232,15.140275580983143,349.4,-1.0254560081853112,-1.9982758691186906,0.9998453838968642
3,X->Y,1787466614.3305686,15.212021715007722,349.4,-1.0178907738807883,-1.9867059062532562,1.0065210006890863
3,X->Y,1787466614.4678257,15.349278305016924,349.5,-1.0103207354938788,-1.9746071975933754,1.0181127851384395
3,X->Y,1787466614.607642,15.489094546006527,349.7,-1.003039929918974,-1.962455765279402,1.024252675590579
3,X->Y,1787466614.621573,15.503025553014595,349.7,-0.9960538783741428,-1.9508019823853724,1.0316877756366791
3,X->Y,1787466614.632207,15.513659374031704,349.7,-0.988609062184272,-1.93834499512285,1.0486296045744072
3,X->Y,1787466614.7682233,15.649675876018591,349.8,-0.98173624548217,-1.926451538389024,1.064472974173527
3,X->Y,1787466614.905493,15.786945967993233,349.9,-0.9748820267692309,-1.913848086776814,1.075232319515087
3,X->Y,1787466615.0429966,15.924449797021225,350.0,-0.968374094302469,-1.9014478766581984,1.0826468814918233
3,X->Y,1787466615.1804905,16.06194324302487,350.1,-0.9618964139835585,-1.8892156873551396,1.0881694173522583
3,X->Y,1787466615.1950645,16.07651710603386,350.2,-0.9551893353641795,-1.876307320625115,1.097580680134648
3,X->Y,1787466615.2073097,16.0887624900206,350.2,-0.9486908338882367,-1.8637603862405971,1.1095263243628022
3,X->Y,1787466615.2180188,16.099471547000576,350.2,-0.9426316578282437,-1.8510438511296585,1.1258001242877202
3,X->Y,1787466615.354506,16.2359594310401,350.3,-0.9365735977647477,-1.8380830024366954,1.1371405700062969
3,X->Y,1787466615.4931908,16.3746436330257,350.4,-0.9309348923725036,-1.8257866137642522,1.146554610695317
3,X->Y,1787466615.6329792,16.514432266005315,350.5,-0.9251047497838888,-1.8130348550105009,1.1543643362813032
3,X->Y,1787466615.6472886,16.528741080022883,350.6,-0.9193288646102936,-1.7997707960128055,1.1654211155494534
3,X->Y,1787466615.7205372,16.60199019103311,350.6,-0.9140324517810378,-1.787166076610858,1.1792052412448013
3,X->Y,1787466615.7344887,16.615941308031324,350.6,-0.9087695469063934,-1.7739707317780382,1.1969501305793466
3,X->Y,1787466615.8706238,16.752077032986563,350.7,-0.9037136387875906,-1.760868647879529,1.2108012451040802
3,X->Y,1787466616.0081432,16.889596141001675,350.8,-0.8987603386996001,-1.7478401296323738,1.2176786702626012
3,X->Y,1787466616.0845168,16.965969237033278,350.9,-0.8938829131258821,-1.7343555336119447,1.2251355932861443
3,X->Y,1787466616.0983112,16.979763970011845,350.9,-0.889344989857823,-1.7215489928540781,1.236279162944314
3,X->Y,1787466616.1717906,17.0532437080401,351.0,-0.8846684019761064,-1.7078530651501418,1.2530774824590085
3,X->Y,1787466616.3092024,17.190655935031828,351.1,-0.880378599122611,-1.6943603474285178,1.2668262651485889
3,X->Y,1787466616.4452147,17.326667834015097,351.2,-0.876147753687663,-1.680976662165724,1.2741204615582797
3,X->Y,1787466616.4585812,17.340034282999113,351.2,-0.8720766743781994,-1.667273244533736,1.2819191307459281
3,X->Y,1787466616.4697964,17.351248974038754,351.2,-0.8681247285190171,-1.6538285167694464,1.2923336720869882
3,X->Y,1787466616.606054,17.48750776500674,351.3,-0.8643611515151124,-1.6402506509989176,1.302928903668994
3,X->Y,1787466616.7471926,17.628645212040283,351.4,-0.8605180268143706,-1.6260668276446224,1.3187347468061983
3,X->Y,1787466616.8231504,17.704603033023886,351.5,-0.8561124393180155,-1.6086929623499178,1.3341189544729553
3,X->Y,1787466616.8982136,17.779666488990188,351.6,-0.8518049367715861,-1.590389031337835,1.345371197056565
3,X->Y,1787466616.972057,17.853510229033418,351.6,-0.8477070935417657,-1.5717524858850282,1.357830196701759
3,X->Y,1787466616.985327,17.866779746022075,351.7,-0.8437655604690935,-1.553344514325809,1.3670635543356549
3,X->Y,1787466617.1221735,18.0036264390219,351.7,-0.8399569333502709,-1.534302206624073,1.3840427579161751
3,X->Y,1787466617.2602696,18.141722801025026,351.8,-0.8365002833615551,-1.5154631476948697,1.3994166110536983
3,X->Y,1787466617.273004,18.154456734017003,351.9,-0.833411056776206,-1.496721968355383,1.4080236883628525
3,X->Y,1787466617.2833238,18.164775976038072,351.9,-0.8304250957769566,-1.4781496904992135,1.415954315464366
3,X->Y,1787466617.4186335,18.3000869799871,351.9,-0.8275752551601567,-1.4594863671788263,1.4232201432303053
3,X->Y,1787466617.5561352,18.437587977037765,352.1,-0.8248226388274141,-1.440793146635038,1.4307842913841988
3,X->Y,1787466617.635169,18.51662213401869,352.2,-0.8222713736262771,-1.4220110029844002,1.4411788437880377
3,X->Y,1787466617.7716184,18.65307144599501,352.2,-0.8199102616053122,-1.4032802957205293,1.4479302311575053
3,X->Y,1787466617.8473322,18.728785587998573,352.3,-0.817629755439791,-1.3840875253252247,1.4622591489456824
3,X->Y,1787466617.9239733,18.80542598303873,352.4,-0.8156513808502579,-1.3648402382980036,1.4790344413555325
3,X->Y,1787466617.9369411,18.818393588007893,352.4,-0.8139910429909054,-1.3459146167368803,1.4890340333917744
3,X->Y,1787466618.0107808,18.89223389799008,352.4,-0.8125022618629071,-1.3270618980654683,1.4950103407096362
3,X->Y,1787466618.1473377,19.028790540003683,352.5,-0.8110925077845295,-1.3082140798624629,1.4992785938077329
3,X->Y,1787466618.1616669,19.04311961203348,352.6,-0.8097753940731935,-1.2893741344923708,1.5028857006031202
3,X->Y,1787466618.2362008,19.11765364400344,352.6,-0.8085238587618394,-1.270440350922353,1.5068902785131681
3,X->Y,1787466618.373682,19.255135703017004,352.7,-0.8073511844048935,-1.2515722729494159,1.5113592695230587
3,X->Y,1787466618.5126224,19.39407670602668,352.8,-0.8062527950624887,-1.2327032649797756,1.5152094095495954
3,X->Y,1787466618.5875242,19.468977028038353,352.9,-0.8052313639758755,-1.2138253604410731,1.5188681822586831
3,X->Y,1787466618.728486,19.609939585032407,353.0,-0.8042724702423943,-1.194937960263374,1.5224950891662965
3,X->Y,1787466618.8665805,19.748034203017596,353.1,-0.8033886110748863,-1.1760455244417312,1.526143826113743
3,X->Y,1787466619.0034034,19.884856247983407,353.2,-0.802570583123035,-1.1571451613322659,1.5297999150216568
3,X->Y,1787466619.0792596,19.96071206603665,353.3,-0.8018213860794356,-1.1382351795251622,1.5334980620597118
3,X->Y,1787466619.0944822,19.9759345939965,353.3,-0.8011409259104298,-1.1193149468980548,1.5372488458992086
3,X->Y,1787466619.1048768,19.986329031002242,353.3,-0.8005327608990563,-1.1003875319668657,1.541093556504192
3,X->Y,1787466619.114429,19.99588160100393,353.4,-0.7999990751353273,-1.081448393146162,1.5449252414101489
3,X->Y,1787466619.122995,20.004447029030416,353.4,-0.7995358687932789,-1.0625053222129104,1.5487183476911837
3,X->Y,1787466619.2583528,20.13980539602926,353.4,-0.7991705595540298,-1.0447782850589769,1.5534491412540183
3,X->Y,1787466619.395255,20.276708201039582,353.5,-0.7989515480476639,-1.0299324878729836,1.560327629499434
3,X->Y,1787466619.5321262,20.413579527987167,353.6,-0.7988271920532591,-1.0152568700492521,1.5652696817626721
3,X->Y,1787466619.6692045,20.550657174026128,353.7,-0.7987660241673922,-1.000597458399851,1.5688062652433206
3,X->Y,1787466619.7477639,20.62921714503318,353.8,-0.798753884219883,-0.985929105755445,1.5718904720302105
3,X->Y,1787466619.760311,20.641763357038144,353.9,-0.7987855292093798,-0.9712543009516178,1.5747830834286578
3,X->Y,1787466619.8984127,20.779866167984437,353.9,-0.7988607162502136,-0.9565778712212475,1.5776145550686456
3,X->Y,1787466620.0365531,20.918006393010728,354.0,-0.7989756410887825,-0.941895365087031,1.5804253522458527
3,X->Y,1787466620.1736727,21.05512561398791,354.1,-0.7991312403471167,-0.9272084898055967,1.5832322649590893
3,X->Y,1787466620.187606,21.0690587250283,354.2,-0.7993293606752656,-0.912516473033049,1.586032584001561
3,X->Y,1787466620.199877,21.08132979698712,354.2,-0.7995669351364854,-0.89781918380142,1.5887742005147756
3,X->Y,1787466620.2108474,21.092299807991367,354.2,-0.7998465325591928,-0.8831206117306698,1.5914457610956847
3,X->Y,1787466620.347772,21.22922495601233,354.3,-0.8001647695991355,-0.8684185278598169,1.5940758027880018
3,X->Y,1787466620.4857895,21.367242985987104,354.4,-0.8005225583475977,-0.8536207788403491,1.5966485357077425
3,X->Y,1787466620.4991343,21.380587143998127,354.5,-0.8010176038464827,-0.8354645773197762,1.6006121939348708
3,X->Y,1787466620.5735388,21.45499157399172,354.5,-0.8016144008732828,-0.8163761652336378,1.6043500528716723
3,X->Y,1787466620.648905,21.53035756101599,354.5,-0.8022761223486395,-0.7972927279288895,1.6074571756916771
3,X->Y,1787466620.7863002,21.667753871995956,354.6,-0.8029957885555085,-0.7782047150902626,1.6101971495800302
3,X->Y,1787466620.7995331,21.680985426995903,354.7,-0.8037664705733891,-0.7591176980339965,1.6126354232086482
3,X->Y,1787466620.8724236,21.753876736038364,354.7,-0.8045811844069212,-0.7400253429865651,1.614854274332606
3,X->Y,1787466621.0097935,21.891246729006525,354.8,-0.8054369314451907,-0.7209319397333779,1.616955344187155
3,X->Y,1787466621.1506937,22.03214631503215,354.9,-0.80633330513889,-0.7018359055458439,1.6190025573117557
3,X->Y,1787466621.2266343,22.1080871510203,355.0,-0.8072686840760798,-0.6827355447675201,1.6207982535726129
3,X->Y,1787466621.3639796,22.24543252401054,355.1,-0.8082348949310827,-0.6636342977070034,1.622375728637076
3,X->Y,1787466621.5010886,22.38254182203673,355.2,-0.8092313034607829,-0.6445319539290552,1.6237523686342874
3,X->Y,1787466621.6395025,22.520955905027222,355.3,-0.8102524210451447,-0.6254254844667333,1.6250090934677488
3,X->Y,1787466621.6544359,22.53588838200085,355.4,-0.8112968851317801,-0.606312608004676,1.6260851969363581
3,X->Y,1787466621.6654513,22.546903913025744,355.4,-0.8123597608232797,-0.5872006301443721,1.626988876287902
3,X->Y,1787466621.675943,22.55739548598649,355.4,-0.8134415931591634,-0.568086170816191,1.6277332020380546
3,X->Y,1787466621.7479453,22.62939879699843,355.4,-0.8145343971295878,-0.5489688806949554,1.6282598776830255
3,X->Y,1787466621.8876808,22.769133822002914,355.6,-0.815636691224483,-0.5298517736329009,1.6286687994647255
3,X->Y,1787466621.9016192,22.783071684010793,355.6,-0.8167454892799187,-0.5107315437457762,1.6289456211181483
3,X->Y,1787466621.9757407,22.857193720992655,355.6,-0.8178593127992979,-0.49161145966262904,1.62907443700396
3,X->Y,1787466622.112994,22.99444748298265,355.7,-0.8189737478108817,-0.47249196146679506,1.6290473065272788
3,X->Y,1787466622.2506351,23.13208820199361,355.9,-0.8200869657219448,-0.45337251148015034,1.628821824598546
3,X->Y,1787466622.3254921,23.20694495702628,355.9,-0.8211933718251422,-0.4342508754172414,1.6284308062453456
3,X->Y,1787466622.4620724,23.343525987991598,356.0,-0.8222926226117978,-0.41512519244655993,1.6278838982221386
3,X->Y,1787466622.476272,23.3577250050148,356.1,-0.8233801459801265,-0.39599891161198647,1.6272020626156227
3,X->Y,1787466622.5501604,23.431613385037053,356.1,-0.8244532015024644,-0.3768695910819339,1.626355982556127
3,X->Y,1787466622.6875858,23.569039255031385,356.2,-0.8255103305263339,-0.35774167425974296,1.6253800136775123
3,X->Y,1787466622.701776,23.583229325013235,356.3,-0.8265467936374766,-0.3386130600074155,1.6242641893344536
3,X->Y,1787466622.7758567,23.657309585018083,356.3,-0.8275602305459093,-0.31948212605407456,1.6230183764859805
3,X->Y,1787466622.79326,23.674713068990968,356.4,-0.8285514345643138,-0.30035174381458807,1.6216945086520662
3,X->Y,1787466622.931293,23.812745829985943,356.4,-0.8295136034050549,-0.2812188617360582,1.6203043396237289
3,X->Y,1787466623.0076292,23.88908196199918,356.5,-0.8304504042594609,-0.26208622666436265,1.618810000497838
3,X->Y,1787466623.0212352,23.902687950001564,356.6,-0.8313574856892874,-0.24294913962349224,1.6172385035534305
3,X->Y,1787466623.1572628,24.03871542500565,356.6,-0.8322343494605899,-0.22381722157525702,1.6155663410014736
3,X->Y,1787466623.2333064,24.114759557996877,356.7,-0.8330786278024673,-0.204682111478142,1.6137974715343864
3,X->Y,1787466623.2485993,24.13005251903087,356.7,-0.833889205348573,-0.18554432125138937,1.6119740063457595
3,X->Y,1787466623.3857617,24.26721500302665,356.8,-0.8346601626215725,-0.1663985390076542,1.6101238386234564
3,X->Y,1787466623.5266666,24.40812073001871,356.9,-0.8354034334538359,-0.1472583938606754,1.6082200979491992
3,X->Y,1787466623.6034346,24.484887714032084,357.0,-0.8361044334798239,-0.12811664188514396,1.6062587666232022
3,X->Y,1787466623.6178854,24.49933834298281,357.0,-0.8367687442281028,-0.10897893017493804,1.6042383128588582
3,X->Y,1787466623.7549803,24.636433843988925,357.1,-0.8373900944956034,-0.08984049296885892,1.6021919873777748
3,X->Y,1787466623.8917158,24.77316881000297,357.2,-0.8379789979752983,-0.07070806690292573,1.6001097676854463
3,X->Y,1787466623.9670506,24.848503129032906,357.3,-0.8385219669158698,-0.05157746261434304,1.5979815631363155
3,X->Y,1787466624.0423613,24.923813742992934,357.4,-0.8390216558818774,-0.03245085302719554,1.595787203531301
3,X->Y,1787466624.1172037,24.99865665100515,357.4,-0.8394905582242427,-0.013329617046525823,1.5935115108321132
3,X->Y,1787466624.2554984,25.13695156702306,357.5,-0.8398985192484107,0.00579058399913365,1.5912054532751885
3,X->Y,1787466624.3324165,25.213869062019512,357.6,-0.840275182963666,0.024905299049869083,1.5888690442184985
3,X->Y,1787466624.34504,25.22649273701245,357.6,-0.8406019408502806,0.044014137076979806,1.5865256813128314
3,X->Y,1787466624.3556647,25.23711742699379,357.6,-0.8408779167775068,0.06311727833224087,1.584150326720573
3,X->Y,1787466624.490598,25.37205102003645,357.7,-0.8411215611098912,0.0822126859757637,1.581717266573832
3,X->Y,1787466624.627201,25.508653711993247,357.8,-0.8413150653657303,0.10130040307452524,1.579310156745342
3,X->Y,1787466624.7640543,25.645507281005848,357.9,-0.8414473138818721,0.12038012393304123,1.5768825163143325
3,X->Y,1787466624.9017513,25.783204014995135,358.0,-0.841542203173831,0.13944967041938877,1.57441351680369
3,X->Y,1787466624.9776845,25.85913753398927,358.1,-0.8415984137307475,0.1585084867948999,1.5719117452808526
3,X->Y,1787466624.9895608,25.87101340002846,358.1,-0.8416047763620959,0.17755764042999903,1.5693918074866036
3,X->Y,1787466625.0006309,25.88208295503864,358.1,-0.8415541578035114,0.1965981452046012,1.5669062450814195
3,X->Y,1787466625.0730007,25.954453571001068,358.1,-0.8414707094557327,0.21563099455235063,1.5644090708792144
3,X->Y,1787466625.2135754,26.095028584008105,358.3,-0.8413143424451582,0.23465408633825596,1.561940376024815
3,X->Y,1787466625.2281232,26.109576312999707,358.3,-0.8411281038513851,0.25366779883541163,1.5594524123764992
3,X->Y,1787466625.3016467,26.18309968599351,358.3,-0.8409027097770333,0.2726701375418296,1.5569783136395487
3,X->Y,1787466625.3735633,26.25501601200085,358.4,-0.8406218468263837,0.2916663653718729,1.5545660958051943
3,X->Y,1787466625.5147874,26.396243044000585,358.5,-0.8402930555197429,0.31064959180009344,1.552187283182354
3,X->Y,1787466625.6553464,26.536799405002967,358.6,-0.8399251559774139,0.32962222479390524,1.5498589273169334
3,X->Y,1787466625.7924514,26.673904374009,358.7,-0.8395086899491777,0.34858440429012744,1.5475920046383518
3,X->Y,1787466625.9291947,26.810647535021417,358.8,-0.839046092123429,0.36754162260636203,1.545406994637782
3,X->Y,1787466626.0051143,26.886567471025046,359.0,-0.8385643178519012,0.3864842382645929,1.543241825025464
3,X->Y,1787466626.0174,26.898852095997427,359.0,-0.8380181028989292,0.4054158211269899,1.5411670510644355
3,X->Y,1787466626.0278687,26.909321436018217,359.0,-0.8374235779209824,0.42434128121842546,1.5392100501614054
3,X->Y,1787466626.0375462,26.918998380017,359.0,-0.8368259170392446,0.4432618424587745,1.5373502906413525
3,X->Y,1787466626.1090658,26.990519270999357,359.0,-0.8361566718530109,0.4621796015150057,1.5356227935963895
3,X->Y,1787466626.188084,27.06953727902146,359.1,-0.8355051629847472,0.48108461012630227,1.5339878931613025
3,X->Y,1787466626.3250096,27.206462708010804,359.2,-0.8347828032617505,0.49998041075342137,1.532435478313667
3,X->Y,1787466626.4617796,27.343232952989638,359.3,-0.8340488930103354,0.5188722977335382,1.5309497731855095
3,X->Y,1787466626.4758382,27.35729103500489,359.3,-0.8332792799664831,0.5377602862763875,1.529630438674668
3,X->Y,1787466626.6135483,27.495001343020704,359.4,-0.832514109235837,0.5566422658655029,1.5284725208208618
3,X->Y,1787466626.6904676,27.571920437039807,359.5,-0.8316859288909373,0.5755170976203617,1.5274271247961828
3,X->Y,1787466626.7032385,27.58469074300956,359.5,-0.8308716170722033,0.594385337600277,1.5264291388163187
3,X->Y,1787466626.8394885,27.720941008010413,359.6,-0.8300199711404548,0.6134092241316074,1.526252466319311
3,X->Y,1787466626.9758878,27.857340754999314,359.7,-0.8291809008716304,0.6322761990979916,1.5267089250514678
3,X->Y,1787466626.990998,27.872450312017463,359.7,-0.8283344343121369,0.6511468133578641,1.5265182284678587
3,X->Y,1787466627.1295323,28.010985028988216,359.8,-0.8275106858671009,0.6700183756237371,1.5262027810885093
3,X->Y,1787466627.204938,28.086390323005617,359.9,-0.826640965933455,0.688890152017335,1.5259440019482022
3,X->Y,1787466627.2177553,28.099208159022965,359.9,-0.8258085902701934,0.7080196780166549,1.5268875128331205
3,X->Y,1787466627.3535113,28.234964434988797,360.0,-0.8249737168437439,0.7268890079603035,1.5286588557398604
3,X->Y,1787466627.4907472,28.372200451034587,360.1,-0.8241735550698536,0.7457709259062183,1.529353046900934
3,X->Y,1787466627.627049,28.50850206799805,360.2,-0.8234131296696704,0.7646567801305592,1.52980523779708
3,X->Y,1787466627.7638178,28.64527077402454,360.3,-0.8226272036390273,0.783545053981054,1.53023587180391
3,X->Y,1787466627.9009788,28.78243148198817,360.5,-0.8218547280534505,0.8024357641379567,1.5307161060137464
3,X->Y,1787466628.037196,28.918649159022607,360.6,-0.8211223526968496,0.8213280993713522,1.5313199067459868
3,X->Y,1787466628.1148322,28.99628468998708,360.7,-0.8203607631706085,0.840223741652128,1.532018488766559
3,X->Y,1787466628.1270943,29.008546754019335,360.7,-0.8196403875449991,0.8591251081655706,1.5328255657138041
3,X->Y,1787466628.1369824,29.018434692989103,360.7,-0.8189097299524479,0.8780326835479026,1.5337528515213952
3,X->Y,1787466628.1465535,29.02800605498487,360.7,-0.8182453048168191,0.8969423973772431,1.5348096430470917
3,X->Y,1787466628.1550558,29.03650845499942,360.7,-0.8175505513195467,0.9158549548597696,1.535971828166488
3,X->Y,1787466628.2250948,29.106547921022866,360.7,-0.816902490514752,0.9347734388894687,1.5372369255153087
3,X->Y,1787466628.238564,29.12001658999361,360.8,-0.8162919023021519,0.9536979094036767,1.5386145109427036
3,X->Y,1787466628.3748298,29.256282255984843,360.8,-0.8156840877316944,0.972626242811541,1.540080334095018
3,X->Y,1787466628.5106435,29.39209642400965,360.9,-0.8151103306328632,0.9915602790053001,1.5416266170202484
3,X->Y,1787466628.6485984,29.530051646986976,361.1,-0.8145572993876449,1.0105005300703171,1.543245999990094
3,X->Y,1787466628.7849522,29.66640536801424,361.2,-0.8140613858990847,1.029447558378285,1.5449534920474286
3,X->Y,1787466628.7978017,29.679254969989415,361.2,-0.8135547979701753,1.048400665497457,1.546711657510227
3,X->Y,1787466628.8093874,29.690839969029184,361.2,-0.813128963888468,1.0673615535564882,1.5485317066463427
3,X->Y,1787466628.9460797,29.82753374101594,361.3,-0.8126974278066393,1.0863308570708314,1.5504137306662462
3,X->Y,1787466629.08602,29.96747290500207,361.4,-0.8123619103083584,1.1053052454682522,1.5523692832397842
3,X->Y,1787466629.1624866,30.043939385039266,361.5,-0.8120099329171285,1.1242849304047462,1.5543410281709091
3,X->Y,1787466629.2377098,30.11916362901684,361.6,-0.8116951937870783,1.1432712415539326,1.5563701605240527
3,X->Y,1787466629.3123693,30.19382297998527,361.6,-0.8114277601745399,1.162264962552245,1.5584678297897074
3,X->Y,1787466629.3878722,30.269324898021296,361.7,-0.8111996843612225,1.181264027827329,1.5606083268418465
3,X->Y,1787466629.400441,30.28189307701541,361.7,-0.8110550488852469,1.200268284018136,1.5627476745451376
3,X->Y,1787466629.4738312,30.355283987999428,361.7,-0.8109087413721113,1.2192784467637547,1.564876838005024
3,X->Y,1787466629.6106422,30.49209582200274,361.8,-0.810795307932008,1.2382955889692615,1.5670127836146588
3,X->Y,1787466629.687804,30.569256375019904,362.0,-0.8107228232016592,1.2573195724692374,1.5691803708334322
3,X->Y,1787466629.8241239,30.705577121989336,362.0,-0.8107384079953976,1.276350531172894,1.571274051820544
3,X->Y,1787466629.9609718,30.842425062030088,362.1,-0.8107392771099766,1.29538702944747,1.57336380153133
3,X->Y,1787466630.0999153,30.981368509994354,362.2,-0.8108128374654686,1.3144284211784876,1.5754023610080687
3,X->Y,1787466630.114544,30.995996845012996,362.3,-0.8108876326226434,1.3334742611833457,1.5773970839195333
3,X->Y,1787466630.1269388,31.008391340030357,362.3,-0.8110529510835961,1.3525252463062771,1.5794014047785554
3,X->Y,1787466630.1380465,31.019499210000504,362.3,-0.811211544499193,1.3715798564526172,1.581372095387254
3,X->Y,1787466630.2749405,31.156393541023135,362.4,-0.8114376817443547,1.390636833044197,1.5832881893380852
3,X->Y,1787466630.4113224,31.292775520007126,362.5,-0.8116772850816679,1.4096971116797095,1.5850883737307429
3,X->Y,1787466630.5483575,31.42981033498654,362.6,-0.8119869282995106,1.4287630793566868,1.5868585452728463
3,X->Y,1787466630.563054,31.444506846019067,362.7,-0.8122874890660713,1.44783261568271,1.5885659217599646
3,X->Y,1787466630.6370425,31.518495544034522,362.7,-0.8126198489135876,1.4669046381492092,1.5902101196839937
3,X->Y,1787466630.7728546,31.654307310993318,362.8,-0.8130112101958065,1.4859811335764708,1.5917669541125232
3,X->Y,1787466630.8488023,31.730255134985782,362.9,-0.8134252251079469,1.50506159546465,1.5932499847752444
3,X->Y,1787466630.8611553,31.74260805902304,362.9,-0.8138407745035003,1.5241430069535096,1.5946368911066182
3,X->Y,1787466630.8731976,31.754649852984585,362.9,-0.814314258181775,1.5432266250055613,1.5959361109119092
3,X->Y,1787466631.0093389,31.890792210993823,363.0,-0.8147859193989009,1.5623136345287074,1.5971679272394892
3,X->Y,1787466631.1462524,32.02770529600093,363.1,-0.8153158999229426,1.5813990830122862,1.5982663789182785
3,X->Y,1787466631.2233386,32.10479141800897,363.2,-0.8158488687000716,1.600483694827363,1.5992696426098552
3,X->Y,1787466631.3613412,32.24279462703271,363.3,-0.8163784368066115,1.6195705142131578,1.6002069069686609
3,X->Y,1787466631.3760655,32.257518306025304,363.3,-0.8169752991374097,1.6386605106065588,1.600978814453297
3,X->Y,1787466631.3878615,32.26931375398999,363.3,-0.8175233316742246,1.6577509020919907,1.601677568376504
3,X->Y,1787466631.5246336,32.406086698989384,363.4,-0.818153198711849,1.6768424001860935,1.602274096806398
3,X->Y,1787466631.6011746,32.482627196994144,363.5,-0.8187131266249363,1.6959357178331251,1.602755221692839
3,X->Y,1787466631.6158135,32.49726594198728,363.5,-0.8193442080194125,1.715028807146541,1.6031423210915363
3,X->Y,1787466631.75071,32.63216289301636,363.6,-0.8199567126705576,1.734120448974074,1.6034319730442397
3,X->Y,1787466631.8873184,32.768771242990624,363.7,-0.8205664671146514,1.7532152019684062,1.6036094221736954
3,X->Y,1787466632.0265415,32.9079946030397,363.8,-0.8212179470586478,1.7723086089171791,1.6036799315830763
3,X->Y,1787466632.1641736,33.045626380015165,363.9,-0.8218208708367308,1.7913995969792067,1.6036865343143414
3,X->Y,1787466632.1786733,33.06012602400733,364.0,-0.8224335804139643,1.8104862406193205,1.6035670790391412
3,X->Y,1787466632.2521122,33.133564897987526,364.0,-0.8230910402231806,1.8295744975663448,1.6033690364306787
3,X->Y,1787466632.3288305,33.21028405299876,364.1,-0.8236851750850912,1.848664426346374,1.6030779598651719
3,X->Y,1787466632.4046435,33.286096822994296,364.2,-0.8243029209858352,1.8677518172972054,1.6026924954033681
3,X->Y,1787466632.4799855,33.36143822502345,364.2,-0.8249146067656697,1.8868378338896568,1.6022313551083243
3,X->Y,1787466632.5559216,33.43737414298812,364.3,-0.8255085575924787,1.9059261832642864,1.6016856244728077
3,X->Y,1787466632.6938179,33.57527116901474,364.4,-0.826084118961653,1.925012494348889,1.601076016887592
3,X->Y,1787466632.707516,33.588968722033314,364.4,-0.8266410955725334,1.9440969695637376,1.600405997104786
3,X->Y,1787466632.718064,33.59951725899009,364.4,-0.827232941932606,1.9631808795424313,1.5996929176207038
3,X->Y,1787466632.854491,33.735944238025695,364.5,-0.8277660029126731,1.9822629636052718,1.5989431427498193
3,X->Y,1787466632.994993,33.876446187030524,364.6,-0.8282765776259585,2.0013405014306795,1.5981584906749025
3,X->Y,1787466633.1328926,34.01434630603762,364.7,-0.828806831900355,2.020416168420037,1.5973287804272505
3,X->Y,1787466633.1471307,34.028583462000825,364.8,-0.8293085741654075,2.0394919827086677,1.5964725497672996
3,X->Y,1787466633.158908,34.04036036902107,364.8,-0.8297920068186532,2.0585673706098597,1.5956091178143461
3,X->Y,1787466633.1693609,34.050813290989026,364.8,-0.8302504621202952,2.077639806960556,1.5947406883188644
3,X->Y,1787466633.305828,34.18728078802815,364.9,-0.8306842400593649,2.09671205653929,1.5938798701889307
3,X->Y,1787466633.44244,34.3238929840154,365.0,-0.8311471759403969,2.1157842980764503,1.5930825251954197
3,X->Y,1787466633.4553788,34.33683167403797,365.0,-0.8315283830789042,2.13485383994516,1.5923381790980689
3,X->Y,1787466633.5934935,34.47494626103435,365.1,-0.8319657866291849,2.153922269429356,1.591666914191269
3,X->Y,1787466633.7307787,34.612231386010535,365.2,-0.8323310187738413,2.172989340806883,1.5911075742253016
3,X->Y,1787466633.806345,34.68779778399039,365.3,-0.8327289715082451,2.1920546866221136,1.5906352661962924
3,X->Y,1787466633.8177826,34.69923501298763,365.3,-0.8330930018107311,2.2111155159710196,1.5902369030388173
3,X->Y,1787466633.955838,34.83729088003747,365.4,-0.833459960746594,2.2301747151559703,1.5900736148061516
3,X->Y,1787466634.0323923,34.913845301023684,365.5,-0.8338369876752272,2.249234123567094,1.5900430220591926
3,X->Y,1787466634.1715846,35.05303771799663,365.6,-0.8342046169523812,2.2682929496855877,1.5902666474711242
3,X->Y,1787466634.1851423,35.06659464200493,365.6,-0.8345688553400769,2.28735031614833,1.590731359600453
3,X->Y,1787466634.2588313,35.14028464502189,365.6,-0.8349540286236865,2.306408252163907,1.5914706210905145
3,X->Y,1787466634.395757,35.277209919004235,365.8,-0.8353369196836695,2.325465471734138,1.5925421917347233
3,X->Y,1787466634.4093182,35.29077074298402,365.8,-0.8357672464866336,2.344521994432592,1.5938746842260698
3,X->Y,1787466634.482315,35.36376826802734,365.8,-0.836205472095892,2.363577385440289,1.59571057414092
3,X->Y,1787466634.6196017,35.50105533300666,365.9,-0.8367336874867188,2.382632666215999,1.5979466839229002
3,X->Y,1787466634.6962123,35.57766548602376,366.1,-0.8372364229150698,2.401685276334578,1.600652103976653
3,X->Y,1787466634.7703762,35.65183004003484,366.1,-0.8378366882256489,2.4207337283308665,1.603970163376785
3,X->Y,1787466634.848383,35.72983569599455,366.2,-0.8384934943027056,2.4397821991293047,1.607678954044169
3,X->Y,1787466634.9240587,35.80551139800809,366.2,-0.839209350816106,2.4588295713253268,1.6119107996953719
3,X->Y,1787466634.9997163,35.881169759028126,366.3,-0.84005325715988,2.4778776583922606,1.616692320643578
3,X->Y,1787466635.0164242,35.89787693100516,366.3,-0.8409277391170029,2.496922402504133,1.6220256524757148
3,X->Y,1787466635.1554441,36.03689727699384,366.4,-0.8419463691848906,2.5159649466047287,1.6281331421169332
3,X->Y,1787466635.231841,36.1132940609823,366.5,-0.8431203527402016,2.535004131783827,1.6348467322633409
3,X->Y,1787466635.3692133,36.250666648033075,366.6,-0.8443609732910835,2.5540425601437713,1.6422117958387368
3,X->Y,1787466635.444576,36.32602813502308,366.7,-0.8457983722042397,2.573073201989988,1.650155710798772
3,X->Y,1787466635.5181518,36.39960532501573,366.7,-0.8473521871398574,2.5920991050747784,1.6587706866922525
3,X->Y,1787466635.5311542,36.412606548983604,366.8,-0.8491047103290191,2.611285791546537,1.668081540744645
3,X->Y,1787466635.668061,36.549513522011694,366.8,-0.8510442089428313,2.630261636228261,1.6770399535838594
3,X->Y,1787466635.7455688,36.62702180701308,366.9,-0.8531462290607319,2.6492536596547436,1.6869231395066517
3,X->Y,1787466635.757859,36.63931183499517,366.9,-0.855390127535102,2.668139463789787,1.6964088429046391
3,X->Y,1787466635.8951144,36.776567536988296,367.0,-0.8578727054598284,2.6870941867104228,1.705666807273494
3,X->Y,1787466635.9732733,36.85472571098944,367.1,-0.8604997458889153,2.7058682630419226,1.7130666681247346
3,X->Y,1787466636.0494263,36.93087918602396,367.1,-0.86318540064502,2.7244685211978537,1.7170559313324183
3,X->Y,1787466636.187065,37.06851773103699,367.2,-0.865945443171775,2.7432928370524126,1.7212693633379812
3,X->Y,1787466636.324814,37.20626716100378,367.4,-0.8689087832979256,2.7622011043017336,1.7308970425944856
3,X->Y,1787466636.461671,37.343124432023615,367.5,-0.8719653505155598,2.7808975746250155,1.7387907955626498
3,X->Y,1787466636.4747844,37.35623714601388,367.5,-0.8752135052993569,2.7994532207291245,1.747161495757146
3,X->Y,1787466636.4863632,37.36781583202537,367.5,-0.8785580481841685,2.818250830873305,1.7508590307238119
3,X->Y,1787466636.5590034,37.440456226002425,367.5,-0.8820042687972303,2.8368711995094755,1.7578012780631265
3,X->Y,1787466636.6950493,37.576502026000526,367.6,-0.8856343383907764,2.855680377725052,1.7654392937248682
3,X->Y,1787466636.708933,37.5903854870121,367.7,-0.8892384575699812,2.873985542558431,1.7671723894958475
3,X->Y,1787466636.7832801,37.66473324300023,367.7,-0.8929364574915847,2.8925538228128684,1.7673851934701346
3,X->Y,1787466636.9193423,37.80079564801417,367.8,-0.8967123668217228,2.9113542892190343,1.7748493827722838
3,X->Y,1787466637.0593565,37.94080925703747,367.9,-0.9005984214586945,2.92991514936814,1.783001721928905
3,X->Y,1787466637.197344,38.0787969820085,368.1,-0.9046472533200027,2.9483769083677256,1.7894833239676151
3,X->Y,1787466637.2103531,38.091805324016605,368.1,-0.9087371592015334,2.9665921662183243,1.791423120939189
3,X->Y,1787466637.2216313,38.103083792026155,368.1,-0.9128673290814853,2.9852053720432505,1.7926147342675556
3,X->Y,1787466637.294711,38.17616450699279,368.1,-0.9171128553322322,3.0036324010471356,1.7984235475554051
3,X->Y,1787466637.4314785,38.31293173303129,368.2,-0.9214863765062763,3.02232060192292,1.8051898780553302
3,X->Y,1787466637.5684538,38.44990665902151,368.3,-0.9258147170846702,3.0405320289574282,1.806171698730194
3,X->Y,1787466637.7067277,38.58818085899111,368.5,-0.9302391283072229,3.0589935598960536,1.8036037883553802
3,X->Y,1787466637.719954,38.60140650498215,368.5,-0.9346894514258223,3.077666618247932,1.8074861383870364
3,X->Y,1787466637.7314868,38.612939323997125,368.5,-0.93913151750121,3.0960715236191785,1.8113692892858804
3,X->Y,1787466637.8046794,38.68613246199675,368.6,-0.9436415666344858,3.114361340756365,1.8130072456531714
3,X->Y,1787466637.8186843,38.70013662101701,368.6,-0.9481328095622497,3.1324914518687246,1.8096557321136653
3,X->Y,1787466637.9559298,38.83738288801396,368.7,-0.9525471017807654,3.150995601378696,1.8051796432022016
3,X->Y,1787466638.0954792,38.976932344026864,368.8,-0.9569631388777105,3.169421219927676,1.805847466057999
3,X->Y,1787466638.2320573,39.11351015500259,368.9,-0.961434181894859,3.1880448011714155,1.8054555050026384
3,X->Y,1787466638.307731,39.18918348202715,369.0,-0.9658493722892783,3.2065131412162065,1.8070858978901907
3,X->Y,1787466638.320984,39.20243639900582,369.0,-0.9702792496260576,3.224828942526314,1.8052499348141342
3,X->Y,1787466638.3942614,39.27571428800002,369.0,-0.9745931847855771,3.243362820876836,1.7969769456223006
3,X->Y,1787466638.5309894,39.41244236601051,369.2,-0.9788658040202937,3.261950892327993,1.792122281842321
3,X->Y,1787466638.6070595,39.48851200303761,369.3,-0.9822611581049135,3.277214551176726,1.7897045377594547
3,X->Y,1787466638.6827528,39.56420624902239,369.3,-0.9854072765594281,3.2914098679492954,1.7880737467143817
3,X->Y,1787466638.8207219,39.70217476802645,369.4,-0.9884943358809917,3.3055135590962346,1.7854754636818375
3,X->Y,1787466638.8964853,39.77793812303571,369.5,-0.9915700898832381,3.3195024838402163,1.781261750458729
3,X->Y,1787466638.9090602,39.79051294300007,369.5,-0.9944002454360624,3.333061024324961,1.7719994669614259
3,X->Y,1787466638.920525,39.80197731003864,369.5,-0.9971518734667139,3.3468635048208015,1.7683635907534747
3,X->Y,1787466639.0598369,39.94128983101109,369.6,-0.9998794547264532,3.3604202602051307,1.7667039467002361
3,X->Y,1787466639.1310105,40.01246351603186,369.7,-1.0025559723484214,3.373904106125209,1.7644056300258528
3,X->Y,1787466639.268557,40.15001038403716,369.8,-1.005609199519966,3.389837534266314,1.7566802360489657
3,X->Y,1787466639.345511,40.226963656023145,369.9,-1.0090427069917653,3.408392492657232,1.7438485145753055
3,X->Y,1787466639.420927,40.302380516019184,369.9,-1.0122704005674001,3.427319671677545,1.736749859061958
3,X->Y,1787466639.4351084,40.31656162702711,369.9,-1.0153696873039515,3.44599712050422,1.7314572670532125
3,X->Y,1787466639.5726802,40.45413378201192,370.0,-1.0183667280287068,3.464871912689847,1.7255287469939804
3,X->Y,1787466639.6489449,40.530398087983485,370.1,-1.0211409317307212,3.4833034743097677,1.7137688077901025
3,X->Y,1787466639.661985,40.54343823902309,370.1,-1.0232948552691206,3.4990254516314576,1.6977853975224566
3,X->Y,1787466639.7986822,40.68013478501234,370.2,-1.0251052751078895,3.5136687002379077,1.68780370732444
3,X->Y,1787466639.9367492,40.81820310099283,370.3,-1.0268573413406121,3.5283287735987523,1.6833187760830544
3,X->Y,1787466640.0147233,40.89617611002177,370.4,-1.0284468436608603,3.542915873230225,1.6793950347506228
3,X->Y,1787466640.1522079,41.033661246998236,370.5,-1.0300558106534778,3.557604668664306,1.6750982795223068
3,X->Y,1787466640.2896972,41.17114972998388,370.6,-1.031542974789661,3.5722793627127443,1.671804203244456
3,X->Y,1787466640.3660238,41.24747603200376,370.7,-1.032977558863885,3.5868378247497406,1.6651250441483896
3,X->Y,1787466640.3784287,41.25988194299862,370.7,-1.0343638514291056,3.6015225107666438,1.6600851679576327
3,X->Y,1787466640.3895483,41.27100069698645,370.7,-1.0356544202750881,3.616290281481183,1.655758991237544
3,X->Y,1787466640.462152,41.343605030037,370.7,-1.0370942537677763,3.634147689476072,1.6462133254428046
3,X->Y,1787466640.6013632,41.48281583900098,370.8,-1.0385009336218167,3.653219178143252,1.6361667144621796
3,X->Y,1787466640.7384555,41.619908565015066,370.9,-1.0396248068874292,3.6721875075256722,1.6278709720030977
3,X->Y,1787466640.8747182,41.75617087900173,371.0,-1.0404741702319844,3.688044726350903,1.6161782100254556
3,X->Y,1787466640.8879795,41.76943205401767,371.1,-1.0410885690611438,3.7027420516742975,1.6056345579397355
3,X->Y,1787466640.8995223,41.78097465203609,371.1,-1.041557633787416,3.717454754992785,1.597950330379238
3,X->Y,1787466640.9724643,41.853917216008995,371.1,-1.0419226854825954,3.732261609753997,1.5910716119230033
3,X->Y,1787466641.1109762,41.99242886499269,371.2,-1.0422791127111202,3.7503500997601003,1.5825924119450747
3,X->Y,1787466641.2476957,42.12914866901701,371.3,-1.0423818796188982,3.7694298525548247,1.5730039743233055
3,X->Y,1787466641.2618847,42.14333747402998,371.4,-1.0423640324358558,3.788504951015774,1.5634359365651072
3,X->Y,1787466641.2731545,42.15460707002785,371.4,-1.0421509026208882,3.807575142627078,1.553722280190142
3,X->Y,1787466641.4082057,42.28965895000147,371.5,-1.0417630154847577,3.826638836213306,1.5438025273500116
3,X->Y,1787466641.5443363,42.425789155007806,371.6,-1.0411571493240455,3.8456929536826636,1.5336489780246694
3,X->Y,1787466641.5585296,42.4399824400316,371.6,-1.0403994257366773,3.864734044112809,1.5233543128621638
3,X->Y,1787466641.6964672,42.577920607989654,371.7,-1.039423252101987,3.883757552540025,1.512851895703789
3,X->Y,1787466641.7724485,42.65390129899606,371.8,-1.0382097976517266,3.9027680176680772,1.502262354402506
3,X->Y,1787466641.784831,42.66628343501361,371.8,-1.0368528396205492,3.9217671397409566,1.4915529741877274
3,X->Y,1787466641.921917,42.80337044602493,371.9,-1.0352711433417596,3.940747778628256,1.4808472542464017
3,X->Y,1787466642.0671601,42.94861358398339,372.0,-1.0334621921830822,3.959706338338401,1.4702289861361089
3,X->Y,1787466642.1453428,43.02679527702276,372.1,-1.031509877359691,3.9786404559007464,1.4596537915718464
3,X->Y,1787466642.1587915,43.04024375003064,372.1,-1.0293226446768815,3.9975414120562025,1.4491527032683185
3,X->Y,1787466642.295235,43.17668779799715,372.2,-1.0269024434244591,4.016461543511942,1.4386688912930987
3,X->Y,1787466642.4316022,43.31305513402913,372.3,-1.02437605271589,4.035300174059391,1.4313448830882254
3,X->Y,1787466642.5680032,43.44945654901676,372.4,-1.021651935325854,4.054128290748906,1.4227681004940966
3,X->Y,1787466642.5845168,43.465969279001,372.5,-1.0188074011102268,4.072931049144009,1.4170639722646798
3,X->Y,1787466642.6577613,43.53921442502178,372.5,-1.0158539436720988,4.091722367689939,1.4093093377839199
3,X->Y,1787466642.733162,43.614614530990366,372.6,-1.0127673176574823,4.110500878778625,1.4054656064404112
3,X->Y,1787466642.8080235,43.68947648600442,372.7,-1.0095968139656906,4.129254882608223,1.3988422060363646
3,X->Y,1787466642.8835466,43.76499987201532,372.7,-1.0062907242624477,4.148049818658377,1.3968225126258014
3,X->Y,1787466643.0202937,43.90174687298713,372.8,-1.002989733397024,4.166791115511715,1.391094420675596
3,X->Y,1787466643.1586194,44.04007224901579,372.9,-0.9995686158082671,4.185607479765473,1.3936777933213031
3,X->Y,1787466643.2957664,44.177220088022295,373.0,-0.996238032328251,4.204280247316047,1.3971324865481405
3,X->Y,1787466643.309335,44.190788781037554,373.1,-0.9935333552515304,4.219698272700061,1.3950694384993552
3,X->Y,1787466643.322015,44.20346752303885,373.1,-0.9909494995581116,4.2341600595817885,1.3895354986370267
3,X->Y,1787466643.3327944,44.21424708201084,373.1,-0.9882675144586539,4.248644898803038,1.3844841052638643
3,X->Y,1787466643.3427467,44.22419898601947,373.1,-0.9855170925562623,4.263108575060995,1.3792108054381707
3,X->Y,1787466643.479791,44.36124403303256,373.2,-0.982683203742081,4.277509188128576,1.3741949599749332
3,X->Y,1787466643.6170444,44.49849768402055,373.3,-0.9798139400918784,4.291899844821299,1.37174940827592
3,X->Y,1787466643.6937194,44.57517261302564,373.4,-0.9768685061570015,4.306290903582108,1.365634431584327
3,X->Y,1787466643.7691398,44.650592165009584,373.4,-0.973864372669656,4.320669960227699,1.3643660863772433
3,X->Y,1787466643.8432155,44.724668306007516,373.5,-0.9708378201593024,4.335042219554934,1.3586551944099832
3,X->Y,1787466643.9800243,44.861477022001054,373.6,-0.9677698595247332,4.349381762628957,1.3619710314330382
3,X->Y,1787466644.1173222,44.99877543502953,373.7,-0.9647312919292207,4.363772325806486,1.3658711897145768
3,X->Y,1787466644.1327612,45.01421404903522,373.7,-0.9617211741576267,4.378148162424968,1.3613830751960299
3,X->Y,1787466644.144375,45.02582771203015,373.7,-0.9586382940661551,4.392511674434061,1.354322865006984
3,X->Y,1787466644.2802126,45.16166568198241,373.8,-0.9554376851783472,4.406858040077284,1.346868610568363
3,X->Y,1787466644.4172895,45.29874233802548,373.9,-0.9521481499025733,4.421170316226119,1.3416206738032728
3,X->Y,1787466644.5520663,45.433519858983345,374.0,-0.9487788328453126,4.4354649957101335,1.3358355301684781
3,X->Y,1787466644.6904402,45.57189344498329,374.1,-0.9455398699396603,4.448946616847557,1.3333805882985534
3,X->Y,1787466644.7047775,45.58623008598806,374.2,-0.9424493309702879,4.461736141924036,1.335196303532401
3,X->Y,1787466644.716801,45.59825393202482,374.2,-0.9393568000441838,4.47456769637019,1.3316152646325843
3,X->Y,1787466644.7273564,45.60880854999414,374.2,-0.9361888006454427,4.487395430976866,1.3223373309452162
3,X->Y,1787466644.8652096,45.74666300002718,374.3,-0.9329026853838377,4.500188123758523,1.3141652458240292
3,X->Y,1787466644.942506,45.82395848300075,374.4,-0.9295096903469237,4.512946066297412,1.3056238778501341
3,X->Y,1787466644.9555004,45.836952798010316,374.4,-0.9260113656607026,4.525686815762467,1.297282464579976
3,X->Y,1787466645.092041,45.97349350998411,374.5,-0.9224261803737672,4.538375023357414,1.2920779642803677
3,X->Y,1787466645.2301378,46.11159082700033,374.6,-0.9187508058530545,4.551065140169104,1.281837600372957
3,X->Y,1787466645.3065052,46.18795784498798,374.7,-0.9149867272762686,4.563675940391891,1.2809461138412583
3,X->Y,1787466645.4434316,46.32488465501228,374.8,-0.9112206721006085,4.576326538149666,1.2814374847662717
3,X->Y,1787466645.4573588,46.33881144202314,374.8,-0.9074182327383751,4.588977795950953,1.2729608726491726
3,X->Y,1787466645.4692302,46.350682554009836,374.8,-0.9034848392222415,4.6015938198934,1.261296149880751
3,X->Y,1787466645.6053524,46.4868060410372,374.9,-0.8994052376707107,4.614170955827996,1.2490310204291637
3,X->Y,1787466645.7425249,46.62397759099258,375.0,-0.8951873643853695,4.626679810420525,1.2395335593525738
3,X->Y,1787466645.879369,46.76082219003001,375.1,-0.8910968510764858,4.638421383839293,1.2294530930351868
3,X->Y,1787466645.954357,46.835810052987654,375.2,-0.8871533472639891,4.64941156734159,1.2200584707716415
3,X->Y,1787466645.973517,46.85496941400925,375.2,-0.8834701998490345,4.659426859267593,1.219387887209936
3,X->Y,1787466646.1922169,47.07366987800924,375.4,-0.8796577151624919,4.669836148219818,1.2151481934580044
3,X->Y,1787466646.209697,47.091149870015215,375.4,-0.8757326530195203,4.680306981010067,1.2066207951301557
3,X->Y,1787466646.2828414,47.164294377027545,375.4,-0.8715205380366265,4.691200664253739,1.193602557346071
3,X->Y,1787466646.4282036,47.30965638399357,375.6,-0.8675848309436277,4.700958282893648,1.1751964379687856
3,X->Y,1787466646.5778875,47.45934011298232,375.7,-0.8619177098322258,4.714207168437301,1.1596333937434637
3,X->Y,1787466646.714283,47.59573623299366,375.8,-0.8571934033712176,4.724964260808142,1.1509294139059916
3,X->Y,1787466646.7891138,47.67056639702059,375.9,-0.8523542607312955,4.735659475667618,1.1383185475050352
3,X->Y,1787466646.8019102,47.68336355203064,375.9,-0.8473726090973165,4.7463202458178575,1.1247600901516832
3,X->Y,1787466646.9377396,47.819192224007566,376.0,-0.8422698721105164,4.756884664373132,1.1142095218865247
3,X->Y,1787466647.0125039,47.893956710002385,376.0,-0.8373840280225915,4.7667156591264375,1.1029522516409316
3,X->Y,1787466647.1498718,48.03132467198884,376.1,-0.8327082743455916,4.775896821766232,1.0926299854762516
3,X->Y,1787466647.2886639,48.170117366011254,376.2,-0.8280501090823601,4.784844661263367,1.089939031024215
3,X->Y,1787466647.3668537,48.2483064950211,376.4,-0.8232873544743736,4.7939654533916505,1.0875797622329595
3,X->Y,1787466647.381412,48.262865160009824,376.4,-0.8184648200807733,4.803075919432839,1.0760755143769416
3,X->Y,1787466647.3934188,48.27487128402572,376.4,-0.8135264280581469,4.812127195404074,1.0628788550596653
3,X->Y,1787466647.4667063,48.348158920998685,376.4,-0.808439519787261,4.821169928973219,1.0507663846383548
3,X->Y,1787466647.6045349,48.48598753003171,376.5,-0.8032385111864057,4.830140730904178,1.0375381805685948
3,X->Y,1787466647.68288,48.564332419016864,376.6,-0.797917390543727,4.839062713316577,1.024601571376156
3,X->Y,1787466647.7567754,48.63822830503341,376.6,-0.7925424847019852,4.847841974082877,1.0184093593241021
3,X->Y,1787466647.900731,48.78218336903956,376.8,-0.78546842174346,4.8592676543363185,1.0107194545794584
3,X->Y,1787466647.985623,48.86707627301803,376.8,-0.7780490624578673,4.870894471022914,0.9919457047128389
3,X->Y,1787466648.1905556,49.07200821500737,377.0,-0.770313994392199,4.88250766691655,0.972385713582909
3,X->Y,1787466648.336977,49.21842948603444,377.1,-0.7623703245056362,4.8939586699665805,0.9549990439553431
3,X->Y,1787466648.5424323,49.423885226016864,377.3,-0.7542254829544136,4.905258244256708,0.9361054208948492
3,X->Y,1787466648.7456508,49.62710309098475,377.4,-0.7455951214681478,4.916942430297293,0.931275492638694
3,X->Y,1787466648.7613661,49.64281827601371,377.5,-0.7374775527411482,4.927701051321226,0.9131274483247164
3,X->Y,1787466648.7753851,49.65683731599711,377.5,-0.7295138591105367,4.937816668225934,0.8921092359378138
3,X->Y,1787466648.8600514,49.74150395399192,377.6,-0.7231381778377091,4.945594872853393,0.8693374086888992
3,X->Y,1787466650.5084434,51.38989620801294,378.9,-0.7132741098204978,4.956561621806738,0.8276965108883354
3,X->Y,1787466650.521364,51.40281664498616,378.9,-0.704559556242353,4.965930505129242,0.8130365025883096
3,X->Y,1787466650.5326157,51.41406812303467,378.9,-0.6925574018238749,4.978439240309324,0.7964843502203026
3,X->Y,1787466650.6044772,51.485930032038596,378.9,-0.6791153598800714,4.9919705381462585,0.7768877540511068
3,X->Y,1787466650.7429068,51.62436024803901,379.0,-0.665374407844457,5.005227137851141,0.7537594773743671
3,X->Y,1787466650.879804,51.76125670701731,379.1,-0.6513206521458849,5.01815480300124,0.7294319077226363
3,X->Y,1787466651.0170546,51.898507561010774,379.2,-0.6369562863586918,5.030734917072017,0.7050692608454765
3,X->Y,1787466651.0311322,51.91258508403553,379.3,-0.6222921724760366,5.04296259405704,0.6811679793206324
3,X->Y,1787466651.042328,51.923780156997964,379.3,-0.6073428908459853,5.054839538242255,0.6579135028479045
3,X->Y,1787466651.1151075,51.99656050099293,379.3,-0.592124467734067,5.066370598997859,0.635352754409833
3,X->Y,1787466651.252366,52.133819596027024,379.4,-0.5766518613955222,5.077560526390643,0.6134644566251247
3,X->Y,1787466651.3915844,52.273037463019136,379.6,-0.560940335971133,5.088413436314269,0.592211699778662
3,X->Y,1787466651.406314,52.28776649502106,379.6,-0.5450049211525227,5.0989328768585445,0.5715511179523055
3,X->Y,1787466651.4190748,52.30052735301433,379.6,-0.5288598846367113,5.1091238612660455,0.5514355849942864
3,X->Y,1787466651.5551176,52.436570446006954,379.7,-0.5125172143149251,5.1189912753764375,0.5318355486412123
3,X->Y,1787466651.6929557,52.5744085930055,379.8,-0.49598765864066213,5.128538961833749,0.5127204067491425
3,X->Y,1787466651.7688172,52.650270298006944,379.9,-0.4792822312611549,5.137770613169463,0.4940873747402841
3,X->Y,1787466651.8447614,52.72621381201316,380.0,-0.4624125162905795,5.146691193277009,0.4758510385105881
3,X->Y,1787466651.9189095,52.80036212602863,380.0,-0.44539618229263517,5.155297763630505,0.4577395493818954
3,X->Y,1787466651.9328804,52.81433267501416,380.1,-0.42822337305463903,5.163587455906831,0.4385170133596894
3,X->Y,1787466652.0688548,52.95030723599484,380.1,-0.410879071692255,5.171562745877614,0.42060803604803815
3,X->Y,1787466652.1458118,53.02726469701156,380.2,-0.39340971703117744,5.179203254151338,0.4004992470644903
3,X->Y,1787466652.1583982,53.03985071001807,380.2,-0.3757676923179505,5.186516842535539,0.38271072183626653
3,X->Y,1787466652.2945657,53.17601871001534,380.3,-0.3580469409217607,5.193502966265517,0.3641163884081959
3,X->Y,1787466652.4336033,53.31505629199091,380.4,-0.34014132808583053,5.200156791020324,0.34454265158431924
3,X->Y,1787466652.5717247,53.45317733800039,380.5,-0.32212962438617676,5.20648330819686,0.3283719687404649
3,X->Y,1787466652.7105591,53.592012342996895,380.6,-0.3040755341755213,5.212499508697328,0.31030385590749693
3,X->Y,1787466652.787163,53.66861616802635,380.8,-0.2858452334196367,5.218132695532176,0.28379960915706975
3,X->Y,1787466652.7995605,53.68101287301397,380.8,-0.26747501697692483,5.2233140253017005,0.26296032794063023
3,X->Y,1787466652.8098361,53.69128865702078,380.8,-0.2490128550821392,5.228160621695532,0.24798080402544934
3,X->Y,1787466652.8189669,53.70041908102576,380.8,-0.23049086942352195,5.232749057360566,0.2354413846616849
3,X->Y,1787466652.8905737,53.77202686102828,380.8,-0.21191614702645034,5.237111871959693,0.22378858802808907
3,X->Y,1787466653.0278285,53.9092817340279,380.9,-0.1932933668195858,5.241263024604495,0.21265024151420306
3,X->Y,1787466653.1651297,54.046583126008045,381.0,-0.17462565453788456,5.245210421075392,0.2018973112730096
3,X->Y,1787466653.3018973,54.18334977602353,381.1,-0.1559170414194803,5.248958600547687,0.19141955923352458
3,X->Y,1787466653.318556,54.200008565036114,381.2,-0.13717304366834318,5.252512779092678,0.1813012040114572
3,X->Y,1787466653.330477,54.21192992501892,381.2,-0.1183968946365243,5.255877262067018,0.17129826316630292
3,X->Y,1787466653.4048903,54.28634306002641,381.2,-0.0995914034096084,5.259056135692373,0.1615768843190504
3,X->Y,1787466653.4815004,54.362952976021916,381.3,-0.08075695615362972,5.262053916440451,0.15199644257490955
3,X->Y,1787466653.617765,54.499217580014374,381.4,-0.061894397301322915,5.264872213749164,0.1425641021167944
3,X->Y,1787466653.6939,54.575352728017606,381.5,-0.04300604104347537,5.2675138867279445,0.13336555458275545
3,X->Y,1787466653.830977,54.71242958703078,381.6,-0.0240944341377508,5.269983041647645,0.12436085999282853
3,X->Y,1787466653.8457444,54.72719710000092,381.6,-0.005161011836556518,5.272283019222826,0.11547839225747303
3,X->Y,1787466653.920242,54.80169470899273,381.6,0.013792704812647077,5.274415805287107,0.10662310733227355
3,X->Y,1787466654.0572245,54.938677288999315,381.7,0.03276484794554111,5.276381630405119,0.09782481131882843
3,X->Y,1787466654.1313524,55.012805172998924,381.9,0.05175322726897904,5.278180669336874,0.08907130690383892
3,X->Y,1787466654.2049067,55.08635975798825,381.9,0.07075592974923153,5.279812996154205,0.08027023371794206
3,X->Y,1787466654.3409705,55.222423116036225,382.0,0.08977176789814718,5.281277496366368,0.07141494634188263
3,X->Y,1787466654.3564708,55.237923179985955,382.0,0.10879999968031369,5.282573323216093,0.062461459841957355
3,X->Y,1787466654.430088,55.311541278031655,382.0,0.12783956573677174,5.283698182224982,0.05334982385354336
3,X->Y,1787466654.5673683,55.44882140803384,382.2,0.14688889322543067,5.284648523955146,0.04405476866595854
3,X->Y,1787466654.7054918,55.5869442790281,382.3,0.16594718808949155,5.285420245780755,0.03452125852388115
3,X->Y,1787466654.8422768,55.72372983099194,382.4,0.18501368143992816,5.286007534486642,0.024640587773953417
3,X->Y,1787466654.9185913,55.800043646013364,382.5,0.20408680101189736,5.286404552158144,0.014450008594696619
3,X->Y,1787466654.9307315,55.812183922040276,382.5,0.22316465970735472,5.286604605094368,0.0037969973213054127
3,X->Y,1787466654.941661,55.82311307202326,382.5,0.24224441731986063,5.286598693498511,-0.0072503420171797775
3,X->Y,1787466655.0133674,55.89482038700953,382.5,0.26132344706917426,5.286379706831479,-0.018645811149651578
3,X->Y,1787466655.1510158,56.0324690460111,382.6,0.2803732255914365,5.2859396351458345,-0.030969116143775177
3,X->Y,1787466655.2894688,56.17092169699026,382.7,0.2994111877165139,5.285276170993441,-0.03960150987564193
3,X->Y,1787466655.3032932,56.18474584899377,382.8,0.3180085397263117,5.284565850031992,-0.032228512177465855
3,X->Y,1787466655.3149223,56.196374824037775,382.8,0.33593203607264244,5.284124812417018,-0.010446228047338918
3,X->Y,1787466655.452848,56.334301039983984,382.9,0.3536455589098462,5.284090674794703,0.012492722504125165
3,X->Y,1787466655.590467,56.471920741023496,383.0,0.37168909037545844,5.284472448809706,0.03569242183710242
3,X->Y,1787466655.66661,56.54806272999849,383.1,0.39002836241452987,5.285291055523574,0.05935483696231962
3,X->Y,1787466655.7424626,56.6239156179945,383.2,0.40858995605959364,5.286563867836815,0.08354664231066943
3,X->Y,1787466655.8167796,56.69823237101082,383.2,0.4273433996641058,5.288311699465494,0.10826688770087053
3,X->Y,1787466655.8931792,56.774631633015815,383.3,0.44617006384284763,5.290540847224131,0.13334740670936115
3,X->Y,1787466656.0300438,56.91149758402025,383.4,0.46493555434361405,5.293243245823694,0.15855700250261162
3,X->Y,1787466656.1672952,57.04874852200737,383.5,0.4836266121062775,5.2964192711785945,0.18384720076342728
3,X->Y,1787466656.18173,57.06318261002889,383.5,0.5022303376511007,5.300065764334841,0.20895633086462947
3,X->Y,1787466656.1937485,57.07520104100695,383.6,0.5203975333840734,5.304105229697191,0.2352987221465607
3,X->Y,1787466656.2672288,57.14868225203827,383.6,0.5388282837563073,5.308732371301552,0.2611427101902809
3,X->Y,1787466656.2799962,57.16144847200485,383.6,0.5571528790302702,5.3138116481103195,0.2829239370027065
3,X->Y,1787466656.4167426,57.298195321985986,383.7,0.5753304077479732,5.319256886091239,0.3041284843776398
3,X->Y,1787466656.4930391,57.374492030008696,383.8,0.5934500193482072,5.325115872829667,0.32489751620194435
3,X->Y,1787466656.5683427,57.449795724998694,383.9,0.6113941598082486,5.331323977234387,0.3445079515570652
3,X->Y,1787466656.6447895,57.5262420779909,383.9,0.6293080351252529,5.3379192866802825,0.36379939332746186
3,X->Y,1787466656.7198503,57.601303071016446,383.9,0.6470137686925926,5.344797665299932,0.3818423468223533
3,X->Y,1787466656.858634,57.740087211015634,384.1,0.6646682643706513,5.3520566634493605,0.3995473299977262
3,X->Y,1787466656.8761444,57.75759678799659,384.1,0.6821595788837896,5.3595444709065285,0.4085175927611088
3,X->Y,1787466657.0156708,57.89712372602662,384.2,0.6995205550749143,5.3671194489667835,0.4215547382905124
3,X->Y,1787466657.1530852,58.034538090985734,384.3,0.7167504393149725,5.375033682182772,0.43980395384846027
3,X->Y,1787466657.2907186,58.17217179300496,384.4,0.7339227401980123,5.383237321388114,0.4574567991560618
3,X->Y,1787466657.3701124,58.25156525103375,384.5,0.7509827482101799,5.391826709516303,0.4746532835784071
3,X->Y,1787466657.3834543,58.264906664029695,384.6,0.7677087180211122,5.400589060778639,0.4905512527967005
3,X->Y,1787466657.3935156,58.27496820600936,384.6,0.7846822420567375,5.409705008363771,0.5024869881985643
3,X->Y,1787466657.529787,58.411240672983695,384.6,0.8013639846066477,5.419060311129593,0.5135185081694273
3,X->Y,1787466657.607067,58.48851995600853,384.7,0.8177999888025903,5.428367882412822,0.5243178649181767
3,X->Y,1787466657.6204412,58.50189377198694,384.8,0.834281462905505,5.43802667546731,0.5364246692451681
3,X->Y,1787466657.7585628,58.6400157790049,384.8,0.8505490727265098,5.447829610211228,0.5486058681262395
3,X->Y,1787466657.8981335,58.77958692802349,384.9,0.8669001510302711,5.4579422678012826,0.5587398208931978
3,X->Y,1787466657.9741085,58.85556115000509,385.0,0.8830439267046012,5.468174878802064,0.5674968736804957
3,X->Y,1787466657.9872942,58.86874705401715,385.1,0.8991883473707694,5.478534557026864,0.5780312881213846
3,X->Y,1787466658.0605934,58.94204707001336,385.1,0.9150505719595099,5.488967504385912,0.5900425661635469
3,X->Y,1787466658.1967518,59.07820567500312,385.2,0.9311793094751889,5.499927510720242,0.6028516487090011
3,X->Y,1787466658.2103958,59.09184855601052,385.2,0.9466939377384547,5.510778423442651,0.6150483510859257
3,X->Y,1787466658.2841053,59.16555839701323,385.3,0.9625162803473423,5.522017979960355,0.6267772243372146
3,X->Y,1787466658.4227283,59.30418108199956,385.4,0.9776294643242776,5.533166262300379,0.6375058556465469
3,X->Y,1787466658.5608091,59.442262152035255,385.5,0.9927321099216023,5.544370152602239,0.6471930512380687
3,X->Y,1787466658.6373749,59.51882785803173,385.6,1.0079759094643408,5.556044283469975,0.6567534241219026
3,X->Y,1787466658.650212,59.531664607988205,385.6,1.0227757140453748,5.567530000468193,0.6651606396271879
3,X->Y,1787466658.6607158,59.54216830903897,385.6,1.0380690808373336,5.579662593018634,0.6732424987419013
3,X->Y,1787466658.7315652,59.61301755398745,385.6,1.0528995497988154,5.591571061854678,0.6832075402101486
3,X->Y,1787466658.8663857,59.747838565032,385.7,1.0675568825725936,5.603567056996245,0.6916043865848527
3,X->Y,1787466659.0027585,59.88421159499558,385.8,1.082290410582534,5.615860651512292,0.6990888394914969
3,X->Y,1787466659.0789874,59.96044048800832,386.0,1.0966745307387364,5.628047289055144,0.7057081281368817
3,X->Y,1787466659.154464,60.035917236993555,386.0,1.1114403682921399,5.640720050717825,0.7119624399330718
3,X->Y,1787466659.1686392,60.05009157402674,386.0,1.1258138929683186,5.6531596647620574,0.7199575965768954
3,X->Y,1787466659.3051472,60.18660028203158,386.1,1.140165677693442,5.665781143311813,0.7259496028892813
3,X->Y,1787466659.4438176,60.325270340021234,386.2,1.1541658834778352,5.67834500887555,0.7311374277547149
3,X->Y,1787466659.457723,60.339176013018005,386.3,1.1686286145362865,5.691347413117274,0.7357491894724147
3,X->Y,1787466659.593778,60.475230990035925,386.3,1.1826945733837269,5.704178377054956,0.7432799417814083
3,X->Y,1787466659.6701689,60.551622478000354,386.4,1.1965533601985603,5.716955060310971,0.7476238657966584
3,X->Y,1787466659.7460473,60.62750013300683,386.5,1.2105805508584757,5.73001371124935,0.7511158069160214
3,X->Y,1787466659.8824584,60.763911699992605,386.6,1.2243413904426725,5.7428886953769505,0.7551187779788039
3,X->Y,1787466659.9586291,60.84008220699616,386.7,1.2384409393478193,5.756195643648132,0.7586841969969595
3,X->Y,1787466659.971574,60.85302695800783,386.7,1.2524992593044955,5.769653241204256,0.7681410485361941
3,X->Y,1787466659.9826243,60.864076465019025,386.7,1.2661532531009656,5.782859558539168,0.7749525174361418
3,X->Y,1787466660.0544696,60.93592257401906,386.7,1.2795851146494674,5.79611019481214,0.7764981244070353
3,X->Y,1787466660.1917567,61.07320952502778,386.8,1.293056240132819,5.809289704596787,0.7754016017433877
3,X->Y,1787466660.267915,61.14936772402143,386.9,1.3068121807702804,5.822775023451231,0.7761361036297441
3,X->Y,1787466660.2735596,61.155011806986295,386.9,1.3139630084429066,5.829798667686885,0.7774807074931346
3,X->Y,1787466660.411091,61.2925447790185,387.0,1.32765761923773,5.843379936391853,0.7829417102921128
3,X->Y,1787466660.4887953,61.37024830898736,387.0,1.3410560600465167,5.856688537395307,0.7846216921963584
3,X->Y,1787466660.6257372,61.50719008303713,387.1,1.3545663753262036,5.870248589518886,0.7850611378904438
3,X->Y,1787466660.7626936,61.64414662501076,387.2,1.3679435823842858,5.883542285882728,0.7827357520640917
3,X->Y,1787466660.9007173,61.782170357008,387.3,1.3815811279563461,5.897083230575137,0.7818778990652612
3,X->Y,1787466661.0378313,61.91928450699197,387.5,1.3949192660921426,5.9103521972408695,0.7786564731244857
3,X->Y,1787466661.1751416,62.056594377034344,387.6,1.4084645528622535,5.92366287863821,0.7771224077846544
3,X->Y,1787466661.3136187,62.19507174100727,387.7,1.4221673925714247,5.937171863503833,0.7774868057917798
3,X->Y,1787466661.4502075,62.33166034403257,387.8,1.4362110108940522,5.950996680509506,0.7773977478907584
3,X->Y,1787466661.589137,62.47058979101712,387.9,1.4500345690643488,5.964575303791329,0.7828840450920773
3,X->Y,1787466661.6037986,62.485250935016666,388.0,1.4635282433339885,5.978099428514282,0.784470566180992
3,X->Y,1787466661.6159909,62.497443501022644,388.0,1.4743881893468103,5.988872409113885,0.7801460446281833
3,X->Y,1787466661.6260648,62.50751726998715,388.0,1.484611952329713,5.998902161223565,0.7732618113716502
3,X->Y,1787466661.6352687,62.516720700019505,388.0,1.4948385768973742,6.008845688365041,0.7676868178934072
3,X->Y,1787466661.643567,62.52501921902876,388.0,1.505317225242674,6.0189861905681195,0.7635852663687687
3,X->Y,1787466661.6508925,62.532344726030715,388.0,1.5161281971565672,6.0293497790598165,0.7631895432469926
3,X->Y,1787466661.6578007,62.53925265202997,388.0,1.5265303013638565,6.039302139734168,0.7641194767054512
3,X->Y,1787466661.727238,62.6086907730205,388.0,1.5368137049147923,6.0491151420223455,0.7610759283464721
3,X->Y,1787466661.8640726,62.74552551301895,388.1,1.54702443845345,6.0587233436830505,0.7545125870130478
3,X->Y,1787466662.00191,62.883363499015104,388.2,1.5574298680110727,6.0684794405999325,0.7476443971384383
3,X->Y,1787466662.141743,63.02319611702114,388.3,1.5680788330642623,6.0783824411987775,0.7423638679440724
3,X->Y,1787466662.2825143,63.16396831203019,388.5,1.5785657660700732,6.087914669556811,0.7358908946460109
3,X->Y,1787466662.4217165,63.30316947202664,388.6,1.589089986537512,6.097422216202119,0.7286442007959857
3,X->Y,1787466662.4347646,63.3162171029835,388.6,1.5996786523852689,6.106766833033006,0.7209163829169757
3,X->Y,1787466662.4458797,63.32733224902768,388.6,1.6107017913248216,6.116374119493184,0.7141879293792389
3,X->Y,1787466662.5841603,63.46561308501987,388.7,1.6219493572126973,6.126168702994886,0.7134208154032258
3,X->Y,1787466662.6612895,63.54274190298747,388.8,1.6328668187079278,6.1356081806900375,0.7130105682022504
3,X->Y,1787466662.6732385,63.55469095899025,388.8,1.6436291862990964,6.144844933374925,0.7075021836454187
3,X->Y,1787466662.810635,63.692088134994265,388.9,1.6547441113334906,6.1542840880990575,0.700217546051311
3,X->Y,1787466662.948138,63.829590954002924,389.0,1.6656146140345787,6.1634407790623085,0.6922721590045237
3,X->Y,1787466663.0240033,63.905456659034826,389.1,1.6766258286328168,6.172430015413074,0.6837435311298269
3,X->Y,1787466663.1612685,64.04272191500058,389.2,1.6876819918947983,6.181442000425393,0.6751126319397704
3,X->Y,1787466663.2989013,64.1803539370303,389.3,1.6988617130149906,6.190299202102538,0.6666301754504811
3,X->Y,1787466663.3757405,64.25719335803296,389.4,1.7101242274258173,6.199049985801392,0.6581661717331023
3,X->Y,1787466663.389292,64.2707444030093,389.4,1.7214095660163604,6.20776916925921,0.6494697758966737
3,X->Y,1787466663.4016201,64.28307323902845,389.4,1.732813771563538,6.2163460948636,0.6408349683829471
3,X->Y,1787466663.4733455,64.35479842999484,389.4,1.744315987125635,6.224895512750279,0.6324702208332483
3,X->Y,1787466663.6127083,64.49416111403843,389.5,1.755922313427894,6.233324471186326,0.6241521847032281
3,X->Y,1787466663.6897728,64.57122506102314,389.7,1.7675670171034148,6.241637803226771,0.6159378979183363
3,X->Y,1787466663.7628307,64.64428418903844,389.7,1.7770635003538762,6.248276674899475,0.6095995224160518
3,X->Y,1787466663.7752364,64.65668877499411,389.7,1.7856674393779208,6.2542338545225995,0.6038097533152725
3,X->Y,1787466663.9121304,64.79358346399385,389.8,1.7945520488557944,6.260362581777953,0.5975905880729088
3,X->Y,1787466664.0494082,64.93086133798352,389.9,1.803577827184374,6.2664927754796205,0.5912434280543496
3,X->Y,1787466664.1871247,65.06857805402251,390.0,1.8120072650850738,6.272120016054052,0.5826158226979798
3,X->Y,1787466664.2698941,65.15134697902249,390.1,1.8244707200456765,6.28025609159001,0.5709606499851152
3,X->Y,1787466664.2876143,65.16906645399285,390.1,1.8370669308837235,6.2882345943653695,0.5621794940115743
3,X->Y,1787466664.4927478,65.37420055299299,390.3,1.8497128368199445,6.296130755642114,0.5539079265912551
3,X->Y,1787466664.6382568,65.51971005299129,390.4,1.8623770794684424,6.30384972867204,0.5422998979842368
3,X->Y,1787466664.6568768,65.53832896798849,390.4,1.8747333261853196,6.311220703335589,0.529683541573445
3,X->Y,1787466664.863727,65.74518047401216,390.6,1.8871618860247996,6.318401942528288,0.5193526550541366
3,X->Y,1787466664.9470642,65.82851653301623,390.7,1.8995474286668526,6.325467394808658,0.5070112470671877
3,X->Y,1787466665.0286858,65.91013819701038,390.7,1.9116360425125116,6.332010524110348,0.4944102563262501
3,X->Y,1787466665.2328672,66.11432049499126,390.9,1.9230501307623122,6.338137154578041,0.4814688509800005
3,X->Y,1787466665.43905,66.32050336402608,391.0,1.9344923833697296,6.343996080278275,0.4677763324168649
3,X->Y,1787466665.4577372,66.33918934100075,391.1,1.9461974379000158,6.3498735705637035,0.45775197369755116
3,X->Y,1787466665.5348723,66.41632475703955,391.1,1.9573192287551937,6.355125430911462,0.43351021148656405
3,X->Y,1787466665.749973,66.63142923399573,391.3,1.9690479245622388,6.3604697430103,0.41454504189562874
3,X->Y,1787466665.8968987,66.77835222898284,391.5,1.9810566505174618,6.365716594949792,0.4065079503578617
3,X->Y,1787466665.9782207,66.85967378498754,391.5,1.9930939157228944,6.370721138285124,0.39785623527147246
3,X->Y,1787466666.0585756,66.94002886902308,391.5,2.005118130240274,6.375719116814875,0.3883781167458036
3,X->Y,1787466666.2676353,67.1490882349899,391.7,2.0160946231682706,6.380142522060946,0.37137465035650274
3,X->Y,1787466666.474899,67.35635178099619,391.9,2.027245722940105,6.384418748358422,0.35729249294628324
3,X->Y,1787466666.4944694,67.37592223501997,391.9,2.038467892823965,6.388520250042181,0.3480892110926234
3,X->Y,1787466666.5728574,67.45431054499932,391.9,2.049540661885814,6.392457521032177,0.3379265382751263
3,X->Y,1787466666.7177446,67.59919752401765,392.1,2.060114117462383,6.395985759033001,0.31819410493411393
3,X->Y,1787466666.7973268,67.67878013500012,392.1,2.070924888426139,6.399600240960436,0.30249539407780723
3,X->Y,1787466666.9421997,67.82365236000624,392.2,2.0816836753833914,6.4028342970861924,0.2958644712761169
3,X->Y,1787466667.1468472,68.02830088400515,392.4,2.0935901697892136,6.406295347436937,0.28217843982601903
3,X->Y,1787466667.35615,68.23760318203131,392.6,2.105746028954065,6.409880258059203,0.2694933511593224
3,X->Y,1787466667.4374607,68.3189133220003,392.7,2.1174032436148345,6.412890126301808,0.25261223167808866
3,X->Y,1787466667.454383,68.33583511301549,392.7,2.1290789056149,6.415806757985862,0.2341490340498335
3,X->Y,1787466667.5960033,68.47745643102098,392.8,2.1407200271517266,6.418520644816418,0.22575984456521664
3,X->Y,1787466667.802667,68.6841196740279,392.9,2.152236457425064,6.421152115709336,0.21693907870022747
3,X->Y,1787466667.947532,68.82898493803805,393.1,2.163580347890498,6.423595531954271,0.20811304898965077
3,X->Y,1787466667.966989,68.84844195598271,393.1,2.1749924271094585,6.4259336316028435,0.18998732720716502
3,X->Y,1787466668.1086197,68.99007316102507,393.2,2.186509652437365,6.428094907125485,0.18639095915455495
3,X->Y,1787466668.3158596,69.19731224898715,393.4,2.198026692227402,6.430294302234623,0.1881121105590883
3,X->Y,1787466668.3966367,69.27808894298505,393.5,2.209356129799886,6.432470529772212,0.18612984814288175
3,X->Y,1787466668.414612,69.29606436903123,393.5,2.2207764658717393,6.434555481570588,0.1869038786898156
3,X->Y,1787466668.5552278,69.43668098800117,393.5,2.232161815249903,6.436734402481941,0.18510735737194864
3,X->Y,1787466668.7000396,69.58149252302246,393.7,2.2434388582845357,6.438793208638378,0.17868973388179107
3,X->Y,1787466668.8389988,69.72045112203341,393.8,2.254885475017288,6.440817115465447,0.1716046508826366
3,X->Y,1787466668.9767704,69.85822255798848,393.9,2.266397467579277,6.442818160899244,0.17215142368734762
3,X->Y,1787466669.1199677,70.00142056803452,394.0,2.277915686004666,6.44480503327611,0.16908971641694664
3,X->Y,1787466669.2062395,70.0876918429858,394.1,2.2894400204553254,6.446762164832616,0.1667209146702102
3,X->Y,1787466669.3530025,70.2344558989862,394.2,2.300940503352249,6.448690869085515,0.16813798524218107
3,X->Y,1787466669.5602822,70.44173524703365,394.4,2.312684356564298,6.4506995582415465,0.16815071664313538
3,X->Y,1787466669.7671778,70.64863138698274,394.5,2.324584010048414,6.452711604448702,0.16623079986616282
3,X->Y,1787466669.9122174,70.7936703870073,394.7,2.3381619475965163,6.454919077729154,0.15569466953263972
3,X->Y,1787466669.929924,70.81137668999145,394.7,2.3516614185521583,6.457019445804212,0.15056708420270812
3,X->Y,1787466669.9453907,70.8268430629978,394.7,2.3653096214294784,6.459072046634974,0.1500123150244449
3,X->Y,1787466670.150308,71.03176135598915,394.8,2.379262337292938,6.461169787052453,0.149628426311854
3,X->Y,1787466670.298375,71.17982833099086,395.0,2.3931983484547223,6.463279118617365,0.15083959233157027
3,X->Y,1787466670.3175147,71.19896716700168,395.0,2.4071323843964425,6.465403726903278,0.15227722483014278
3,X->Y,1787466670.5228577,71.40431117103435,395.1,2.421526766705089,6.4676057105314655,0.1506136133173807
3,X->Y,1787466670.7284846,71.60993756202515,395.3,2.436132792456507,6.469824680025597,0.15019054370707952
3,X->Y,1787466670.810608,71.69206034799572,395.4,2.450735630644539,6.472030651960032,0.1509358696060244
3,X->Y,1787466670.8276672,71.70911941898521,395.4,2.465360024780457,6.474259511464594,0.15178544613783881
3,X->Y,1787466671.0323086,71.913761615986,395.5,2.4800258421359516,6.476507265762868,0.15253053514333986
3,X->Y,1787466671.1767557,72.05820854299236,395.7,2.4946914622166365,6.47876373210709,0.15310545781007973
3,X->Y,1787466671.1956112,72.07706385100028,395.7,2.5093566995981487,6.481029752785594,0.15351438506070086
3,X->Y,1787466671.4095657,72.29101921798429,395.9,2.5240224143168533,6.48329822645312,0.15375816964808905
3,X->Y,1787466671.6152568,72.49670959298965,396.0,2.5386895639891796,6.4855729304236585,0.15379435848255055
3,X->Y,1787466671.764261,72.64571356400847,396.2,2.5533594460174123,6.487844199332807,0.15362780287945998
3,X->Y,1787466671.7820277,72.66348006902263,396.2,2.5680307037068877,6.490114260357879,0.1532284965823835
3,X->Y,1787466671.8591623,72.7406155160279,396.2,2.5827032556034393,6.4923750345829125,0.15264544593254922
3,X->Y,1787466672.0042355,72.88568906899309,396.3,2.5973757113662757,6.49462611397669,0.1518009041201112
3,X->Y,1787466672.1496446,73.03109716199106,396.5,2.6120244422582912,6.496859906974613,0.15069059477445068
3,X->Y,1787466672.2291327,73.11058517999481,396.5,2.6258963682681684,6.498926098216512,0.1448494819872254
3,X->Y,1787466672.438662,73.32011461403454,396.7,2.639790929312434,6.5009375040867505,0.1425194729476821
3,X->Y,1787466672.645261,73.52671412500786,396.8,2.6531054318280636,6.502821912438899,0.13626208045989516
3,X->Y,1787466672.6648226,73.54627487203106,396.9,2.666202299344413,6.504591696734191,0.13245353664906556
3,X->Y,1787466672.74341,73.62486340402393,396.9,2.6792986656528752,6.506324917862297,0.13050907669262712
3,X->Y,1787466672.8884828,73.76993566198507,397.0,2.692398739960636,6.5080328609605935,0.12866455739241772
3,X->Y,1787466673.0325844,73.91403730702586,397.2,2.7055033909373676,6.509716128240316,0.12659341123686518
3,X->Y,1787466673.117244,73.9986975530046,397.2,2.718613214025466,6.511371263848297,0.12425862660829702
3,X->Y,1787466673.3220632,74.20351654599654,397.4,2.7317288746471893,6.512994091502426,0.12161303543753609
3,X->Y,1787466673.5297723,74.41122547903797,397.6,2.7448510299533013,6.51458092635729,0.11864775088273585
3,X->Y,1787466673.7366211,74.61807387403678,397.7,2.757959883406307,6.516125439268533,0.11532561123067255
3,X->Y,1787466673.8813303,74.76278291002382,397.9,2.770436118087594,6.517499204229187,0.10055692509884091
3,X->Y,1787466673.8996994,74.78115171100944,397.9,2.7829541731881564,6.518709121949846,0.09205275633547753
3,X->Y,1787466673.9153981,74.79685057798633,397.9,2.7954743453165847,6.519839192091499,0.08756586600865296
3,X->Y,1787466674.05434,74.93579244799912,398.0,2.8079821635865923,6.520915555317683,0.08352575278372283
3,X->Y,1787466674.2592716,75.14072474301793,398.1,2.819958136923886,6.52189724774632,0.07946793801525856
3,X->Y,1787466674.342889,75.22434159100521,398.3,2.831936974640965,6.522829848811658,0.07523498647736337
3,X->Y,1787466674.4882288,75.36968208703911,398.3,2.8439210363124694,6.523710177599956,0.07065366433835284
3,X->Y,1787466674.6956308,75.57708381401608,398.5,2.855910155516824,6.524534483234883,0.06576563986734366
3,X->Y,1787466674.7158778,75.59733060002327,398.6,2.867664509318726,6.525283553098142,0.06055362962366245
3,X->Y,1787466674.7317612,75.6132136079832,398.6,2.879317048830348,6.525963314308072,0.05511594815868438
3,X->Y,1787466674.8712032,75.75265621300787,398.7,2.892468753061693,6.526654534089304,0.04925706075644465
3,X->Y,1787466675.0078142,75.88926710898522,398.8,2.902831978289794,6.527146613950811,0.04421419694505907
3,X->Y,1787466675.1452603,76.02671274903696,398.9,2.9131620898029658,6.527581278744463,0.038386173875632014
3,X->Y,1787466675.1562521,76.03770459303632,398.9,2.9234620541581076,6.527952807871456,0.03218271445103986
3,X->Y,1787466675.227937,76.10938983003143,398.9,2.93376496022469,6.528259873036886,0.025698942802800877
3,X->Y,1787466675.3646703,76.24612328701187,399.0,2.944070188335514,6.528499465916052,0.018978429037317057
3,X->Y,1787466675.504132,76.3855851360131,399.2,2.9543772158249744,6.5286687545527915,0.012053718504971434
3,X->Y,1787466675.5788982,76.46035134699196,399.2,2.9646857563960083,6.52876582164789,0.004861251482293523
3,X->Y,1787466675.7168832,76.59833613201044,399.3,2.9749954979398665,6.52878803174804,-0.002580022861728031
3,X->Y,1787466675.7311141,76.6125669379835,399.4,2.985305584163979,6.528732750634578,-0.010241499147409456
3,X->Y,1787466675.7437353,76.6251880460186,399.4,2.995615708282483,6.52859769449112,-0.018149967704962154
3,X->Y,1787466675.8157609,76.69721395603847,399.4,3.005925373474198,6.528380103984063,-0.026301162985874683
3,X->Y,1787466675.9535081,76.83496091299457,399.5,3.0162339207295377,6.528077683677701,-0.03469321149244354
3,X->Y,1787466676.0904038,76.9718568790122,399.6,3.0265406221564124,6.527688125299586,-0.04331406573886074
3,X->Y,1787466676.166195,77.04764798603719,399.7,3.036844428658156,6.527209011458338,-0.05215823980734197
3,X->Y,1787466676.3035967,77.18504957901314,399.8,3.047144620330706,6.526637872028204,-0.06122538162582769
3,X->Y,1787466676.3177342,77.1991865960299,399.9,3.0574402615477525,6.525972202873428,-0.07053283359174611
3,X->Y,1787466676.3292909,77.2107435890357,399.9,3.067730044146472,6.5252098844478645,-0.08007193004960744
3,X->Y,1787466676.3398354,77.22128765902016,399.9,3.078012802290052,6.524348974565,-0.08983004330645902
3,X->Y,1787466676.4759073,77.3573603350087,400.0,3.0882872824010446,6.523387256059232,-0.09979620462605344
3,X->Y,1787466676.6141162,77.49556927301455,400.1,3.098551858137867,6.522322270200798,-0.10997015265778318
3,X->Y,1787466676.6281915,77.50964398198994,400.1,3.1088048543544207,6.521152546015411,-0.1203363612522563
3,X->Y,1787466676.7641635,77.64561636000872,400.2,3.119044794970593,6.519876186447867,-0.13088462682922944
3,X->Y,1787466676.8394687,77.72092166700168,400.3,3.1292697765508284,6.518491364615994,-0.141606548521287
3,X->Y,1787466676.8519099,77.73336255201139,400.3,3.1394782433637185,6.5169966914912845,-0.15247561280505265
3,X->Y,1787466676.9869475,77.86840033699991,400.4,3.1496690815821964,6.515390612427711,-0.1634936134765239
3,X->Y,1787466677.1243353,78.00578826200217,400.5,3.1598411884152267,6.513671934230652,-0.17462214201267495
3,X->Y,1787466677.138258,78.01971115800552,400.6,3.170033499616486,6.511832344473585,-0.18588930678228976
3,X->Y,1787466677.2741294,78.15558309701737,400.6,3.1802391117088398,6.50987128166692,-0.19729418626380438
3,X->Y,1787466677.3541522,78.23560494603589,400.7,3.190422684346366,6.507793325433099,-0.20878697722058817
3,X->Y,1787466677.3708613,78.25231395999435,400.7,3.200582266205557,6.505598419688877,-0.22033429258521106
3,X->Y,1787466677.507331,78.38878367998404,400.8,3.210716269150518,6.503286361620077,-0.23190483581128923
3,X->Y,1787466677.646346,78.52779900998576,400.9,3.2210687085191747,6.5007978642306625,-0.24271446773569216
3,X->Y,1787466677.6618855,78.54333824600326,401.0,3.2314452677302885,6.498190700338317,-0.2530706545022023
3,X->Y,1787466677.6734893,78.55494165001437,401.0,3.2417484661646667,6.495481560863536,-0.2644293497356576
3,X->Y,1787466677.8162918,78.69774474599399,401.1,3.255290587847105,6.491745089092957,-0.27730766674413304
3,X->Y,1787466678.0216148,78.90306857100222,401.2,3.2693373237902783,6.487668684124757,-0.2886292137234465
3,X->Y,1787466678.2263224,79.10777630400844,401.4,3.2835332521730183,6.48337120502047,-0.3029345536223728
3,X->Y,1787466678.308437,79.18988999602152,401.5,3.2977093323248643,6.478890637923531,-0.31203749152119986
3,X->Y,1787466678.3262434,79.20769566699164,401.5,3.3118610508633854,6.474241869488187,-0.3236370852213531
3,X->Y,1787466678.4615088,79.34296175802592,401.6,3.3219009362727228,6.470879256411868,-0.32201670483720485
3,X->Y,1787466678.6030812,79.48453451000387,401.7,3.331951191814346,6.467516297360028,-0.3258874476492003
3,X->Y,1787466678.740966,79.62241974502103,401.8,3.341993827577822,6.464089796369373,-0.3350560366821726
3,X->Y,1787466678.8163857,79.69783862301847,401.9,3.351998930112959,6.4605658337114376,-0.34490545570535164
3,X->Y,1787466678.828569,79.71002136799507,401.9,3.3620044665092306,6.456937171526164,-0.3544785084590174
3,X->Y,1787466678.839146,79.72059833502863,401.9,3.372749325741756,6.452925845858918,-0.36204489568302856
3,X->Y,1787466678.9747295,79.85618295799941,402.0,3.38347622612222,6.4488216357539425,-0.3720497215562078
3,X->Y,1787466679.1116915,79.99314462899929,402.1,3.3941058475721633,6.444627866757375,-0.3808081197778229
3,X->Y,1787466679.2492106,80.130664049997,402.2,3.40372532147261,6.4407732189736135,-0.3819109685425472
3,X->Y,1787466679.3250496,80.20650204602862,402.3,3.413382749035778,6.436887338731054,-0.3853076635955158
3,X->Y,1787466679.3385804,80.2200328920153,402.3,3.4240059636646194,6.432549736341232,-0.391909957815515
3,X->Y,1787466679.3494866,80.23093910003081,402.3,3.434611801345972,6.42812628729531,-0.4014927349676871
3,X->Y,1787466679.4242408,80.30569355498301,402.4,3.445161801120701,6.4236037220340325,-0.4106137956320873
3,X->Y,1787466679.4983819,80.37983473198256,402.4,3.4556840864207174,6.418988886870308,-0.41868835755740874
3,X->Y,1787466679.5765784,80.4580305860145,402.5,3.4667167815558027,6.414035996536395,-0.4263648843222291
3,X->Y,1787466679.713644,80.59509711503051,402.6,3.4782254949286746,6.40877822908877,-0.43307918447167315
3,X->Y,1787466679.8495276,80.73098054999718,402.7,3.4896963469175146,6.403429975028915,-0.442357353770753
3,X->Y,1787466679.9264698,80.8079225840047,402.8,3.5010903454395166,6.398010598483991,-0.44650591683238694
3,X->Y,1787466679.9390233,80.82047559000785,402.8,3.5125026509094117,6.392514873623779,-0.453538544869185
3,X->Y,1787466680.0697088,80.95116127398796,402.9,3.5242734004580107,6.386768739523304,-0.4531377603502504
3,X->Y,1787466680.205423,81.08687580301194,403.0,3.5360851536816345,6.381030849739999,-0.45179661687103345
3,X->Y,1787466680.3429484,81.22440116701182,403.1,3.547897992962674,6.375277363490635,-0.45679863699291956
3,X->Y,1787466680.3569589,81.2384112610016,403.2,3.559727180520737,6.369426185892657,-0.46470729099759767
3,X->Y,1787466680.431658,81.31311083503533,403.2,3.5726519071269887,6.362903606749931,-0.47149010956158727
3,X->Y,1787466680.5686536,81.45010665000882,403.3,3.5855359768192927,6.356288192032007,-0.4793763121016884
3,X->Y,1787466680.6480057,81.5294583819923,403.4,3.598365553356627,6.3495724364237605,-0.48604365647262865
3,X->Y,1787466680.660859,81.54231164400699,403.4,3.6112385879596434,6.3427461993367995,-0.49138168445260955
3,X->Y,1787466680.6721911,81.55364376999205,403.4,3.627088060179702,6.334233581570713,-0.4937928047897304
3,X->Y,1787466680.8075805,81.68903336301446,403.5,3.6438556067825822,6.325186784089671,-0.4971521681256482
3,X->Y,1787466680.9456565,81.82710954803042,403.6,3.6605886436704735,6.316062117320791,-0.5028291245770283
3,X->Y,1787466681.082395,81.96384783298708,403.7,3.6772591263409993,6.306852111901772,-0.5067394326942024
3,X->Y,1787466681.0956452,81.97709805803606,403.8,3.6939062225162647,6.297597956020598,-0.5088155231609415
3,X->Y,1787466681.1087236,81.9901765609975,403.8,3.7105290396349075,6.2883000500493615,-0.512050498867772
3,X->Y,1787466681.11868,82.00013247301104,403.8,3.7271190098226175,6.278983907239713,-0.5107332937760121
3,X->Y,1787466681.2547657,82.1362190549844,403.9,3.7437261951543124,6.269679619987641,-0.5110088300512217
3,X->Y,1787466681.391927,82.27338000503369,404.0,3.7603278763295775,6.260363006111471,-0.512222785140857
3,X->Y,1787466681.4057636,82.28721598302945,404.0,3.7769209044862557,6.25106500000248,-0.5079917586991175
3,X->Y,1787466681.5435789,82.42503242002567,404.1,3.7935617735452074,6.241823133262377,-0.5057117626075897
3,X->Y,1787466681.682128,82.56358057603939,404.2,3.810223882159457,6.232608758200876,-0.5044196423487532
3,X->Y,1787466681.818661,82.70011385402177,404.3,3.8268996834201165,6.223461007463204,-0.4971502888562336
3,X->Y,1787466681.9548607,82.83631391701056,404.4,3.8436459230954445,6.21441561044935,-0.49277159213481436
3,X->Y,1787466682.092825,82.97427758103004,404.5,3.8604268842889744,6.205430771095695,-0.48993294580777674
3,X->Y,1787466682.1080604,82.98951277200831,404.6,3.8772208216966955,6.196503735146505,-0.4840182830610671
3,X->Y,1787466682.119279,83.00073103402974,404.6,3.8940868639283317,6.187718298566383,-0.47528235431321864
3,X->Y,1787466682.1297457,83.01119814201957,404.6,3.9110208645140756,6.179048873575747,-0.47024664778016856
3,X->Y,1787466682.2017252,83.08317801402882,404.6,3.927988568239594,6.170467371056015,-0.4625033826563402
3,X->Y,1787466682.3398747,83.22132756002247,404.7,3.9450657254547683,6.162099023900327,-0.4445514211766953
3,X->Y,1787466682.4779167,83.35936981701525,404.8,3.9622759336528444,6.154006139131616,-0.43292490500753117
3,X->Y,1787466682.6147447,83.49619721301133,404.9,3.979566568156375,6.146066424803596,-0.4272890871603857
3,X->Y,1787466682.63133,83.51278324401937,405.0,3.9969025424766405,6.138202445768116,-0.42392238048485
3,X->Y,1787466682.6430418,83.5244942670106,405.0,4.014274485899164,6.130402058485777,-0.41898352695893953
3,X->Y,1787466682.7164865,83.5979392430163,405.0,4.031675283014214,6.122683793216482,-0.415372225115741
3,X->Y,1787466682.853625,83.73507796000922,405.1,4.049111024843343,6.115044474502919,-0.4089050656863204
3,X->Y,1787466682.929477,83.81092913198518,405.3,4.066585026209967,6.107510142694675,-0.4045833073582532
3,X->Y,1787466683.0030658,83.88451907702256,405.3,4.084097493340717,6.100042491766639,-0.3990903783289044
3,X->Y,1787466683.0776162,83.95906861399999,405.4,4.101642288826921,6.092704094041352,-0.3923045668073269
3,X->Y,1787466683.2144544,84.09590795903932,405.4,4.119233018950676,6.085458394419749,-0.38853287039296025
3,X->Y,1787466683.35187,84.23332326300442,405.5,4.136862468394062,6.078271728727663,-0.3827360010105118
3,X->Y,1787466683.488901,84.37035431200638,405.6,4.1545276724176246,6.071228405648225,-0.37517860391741115
3,X->Y,1787466683.5026302,84.3840835330193,405.7,4.1722457912587885,6.064280708381921,-0.37166401119172787
3,X->Y,1787466683.5140364,84.39548904099502,405.7,4.18999138628873,6.057381967685264,-0.36961249164713894
3,X->Y,1787466683.5244634,84.40591556398431,405.7,4.207767517225694,6.050573742534725,-0.35688165771617236
3,X->Y,1787466683.599506,84.48095912998542,405.8,4.225629839448449,6.0440273160630476,-0.34361997656976684
3,X->Y,1787466683.674731,84.55618384998525,405.8,4.243566133512108,6.03765136981861,-0.3393458694064432
3,X->Y,1787466683.7532032,84.63465644000098,405.9,4.261522735295756,6.031320720377006,-0.3389096577324095
3,X->Y,1787466683.8909233,84.7723763739923,406.0,4.279478839783535,6.024984836682663,-0.34005549308408595
3,X->Y,1787466684.027787,84.90924002602696,406.1,4.297429330711501,6.018623926300265,-0.34115562337877986
3,X->Y,1787466684.1036305,84.98508362501161,406.2,4.315369732973732,6.012247891864175,-0.3425140553534202
3,X->Y,1787466684.2406306,85.12208369903965,406.3,4.333302386317776,6.005833868795149,-0.3453830691616032
3,X->Y,1787466684.3772938,85.25874669401674,406.4,4.351218908176466,5.999361191583613,-0.34914638522575553
3,X->Y,1787466684.5138555,85.39530851499876,406.5,4.369113689078174,5.992811472705874,-0.35408137859329547
3,X->Y,1787466684.6499932,85.5314462929964,406.6,4.386978314512997,5.986164932548844,-0.36009469099767066
3,X->Y,1787466684.7893674,85.6708203330054,406.7,4.404803548248661,5.979400509097057,-0.36735610299662325
3,X->Y,1787466684.8648279,85.74628046603175,406.8,4.422578992584137,5.972499441424055,-0.3756390818465284
3,X->Y,1787466684.8762684,85.7577206750284,406.8,4.440295259695566,5.965441467672199,-0.38544429337459146
3,X->Y,1787466684.8867388,85.76819129299838,406.8,4.457937909255438,5.958195475236361,-0.3971208800299945
3,X->Y,1787466684.8967857,85.77823785302462,406.8,4.475492465808597,5.950732381550025,-0.4106367409569194
3,X->Y,1787466684.9058392,85.78729163703974,406.8,4.492940848646005,5.94301378429348,-0.4266225620592176
3,X->Y,1787466684.9136252,85.79507742600981,406.8,4.510260972794473,5.935006794428162,-0.4440658923859117
3,X->Y,1787466684.9837692,85.86522190301912,406.8,4.527436611094077,5.926682864466139,-0.46353144776721616
3,X->Y,1787466685.1215193,86.00297260802472,406.9,4.544446404129249,5.918011648920914,-0.4846062120296721
3,X->Y,1787466685.2602937,86.14174654398812,407.1,4.561270685446308,5.908973593125241,-0.5067209310281521
3,X->Y,1787466685.3954916,86.27694445702946,407.2,4.577889913125978,5.89955532406146,-0.5300056475218949
3,X->Y,1787466685.4728894,86.35434197401628,407.3,4.594282451523289,5.889745696739717,-0.5543205734344148
3,X->Y,1787466685.6087303,86.49018296401482,407.3,4.610426441384246,5.879533184946097,-0.5795406234176251
3,X->Y,1787466685.7461061,86.62755927100079,407.5,4.626057048862317,5.869094892106773,-0.6004808113459442
3,X->Y,1787466685.8849351,86.76638836303027,407.6,4.6409158895805875,5.858837633147332,-0.6104188457368159
3,X->Y,1787466685.9617245,86.84317724901484,407.7,4.654871699203683,5.8489386043758556,-0.6296460868114927
3,X->Y,1787466685.9743462,86.85579871898517,407.7,4.66823814760008,5.8390035209365365,-0.6541140602175392
3,X->Y,1787466685.9850745,86.86652688198956,407.7,4.680935960884276,5.82906138598448,-0.6802583383891181
3,X->Y,1787466685.9948893,86.87634141300805,407.7,4.693354033395402,5.818813084349987,-0.7047025814676625
3,X->Y,1787466686.0664155,86.94786826899508,407.7,4.705493959894671,5.8082947238852105,-0.7277440315769516
3,X->Y,1787466686.142499,87.02395213703858,407.8,4.717365916919984,5.797529138024257,-0.7498164344523865
3,X->Y,1787466686.2789364,87.16038977098651,407.9,4.7289561642478946,5.786549137633249,-0.7710703625977813
3,X->Y,1787466686.4160511,87.29750392102869,408.0,4.740296129011751,5.775345651943939,-0.7915631445725921
3,X->Y,1787466686.5528274,87.43428031000076,408.1,4.7513888811819625,5.763936267487421,-0.8113128638632846
3,X->Y,1787466686.5673635,87.44881600001827,408.2,4.762217309934274,5.752350837751251,-0.8303533274899526
3,X->Y,1787466686.7028883,87.58434088702779,408.2,4.772891167778127,5.740469346750147,-0.851955940383922
3,X->Y,1787466686.8416293,87.72308171499753,408.3,4.78324245789875,5.728450087226769,-0.871185957243124
3,X->Y,1787466686.978776,87.86022890399909,408.4,4.793451201675209,5.716089867450652,-0.8932258442991104
3,X->Y,1787466686.9929016,87.87435424502473,408.5,4.8032499687394505,5.703752499685989,-0.9144765910007181
3,X->Y,1787466687.0051017,87.88655384699814,408.5,4.812515552387937,5.691415339905458,-0.9392126746475474
3,X->Y,1787466687.016121,87.89757314999588,408.5,4.821444211583779,5.679010041386349,-0.9593142712731514
3,X->Y,1787466687.1516619,88.03311455703806,408.6,4.830170700323773,5.666403658236383,-0.9775354072286946
3,X->Y,1787466687.2880383,88.16949115303578,408.7,4.838508813249727,5.653755227405659,-0.9976403040876852
3,X->Y,1787466687.363414,88.24486699700356,408.8,4.8465650185134495,5.641178345293202,-1.0160348741616947
3,X->Y,1787466687.3764393,88.25789255503332,408.8,4.85443994417863,5.62821946749792,-1.0341750307178372
3,X->Y,1787466687.4499025,88.33135527401464,408.8,4.861667090310264,5.615770564521043,-1.0604109347139916
3,X->Y,1787466687.589133,88.47058661101619,409.0,4.868783032302199,5.602695539395664,-1.0885182336636787
3,X->Y,1787466687.6045275,88.4859797040117,409.0,4.875848203332116,5.588994512241893,-1.1052372390764982
3,X->Y,1787466687.6788626,88.56031626800541,409.0,4.882336328329108,5.575887873910639,-1.1183363286799388
3,X->Y,1787466687.755223,88.63667541503673,409.1,4.8887129004825,5.5627054697147145,-1.1308080208708864
3,X->Y,1787466687.8931096,88.77456269401591,409.2,4.894702705314294,5.549790219661027,-1.1445603426776483
3,X->Y,1787466688.0295227,88.91097513999557,409.3,4.900388655039497,5.536912638643959,-1.1646136509667122
3,X->Y,1787466688.042827,88.92427997599589,409.4,4.905690953404997,5.52439171762441,-1.1807255970098045
3,X->Y,1787466688.1180856,88.99953795701731,409.4,4.910731759550958,5.51198377781296,-1.1908154023713065
3,X->Y,1787466688.1922069,89.07365946803475,409.4,4.915511773942163,5.499998140878626,-1.2002473519358214
3,X->Y,1787466688.3291035,89.21055607899325,409.5,4.920068309208425,5.488001381361713,-1.213660180570687
3,X->Y,1787466688.4667323,89.34818544099107,409.7,4.924186398002266,5.476734847835764,-1.2285496949733243
3,X->Y,1787466688.480975,89.36242754099658,409.7,4.928242476030535,5.465149252296612,-1.2431221853620027
3,X->Y,1787466688.555275,89.43672867299756,409.7,4.931968563282303,5.454053370052067,-1.251588147091883
3,X->Y,1787466688.6919074,89.5733601259999,409.8,4.935698302314181,5.442659851913015,-1.2613337700451337
3,X->Y,1787466688.82911,89.71056270902045,410.0,4.939075181730851,5.431856222286337,-1.2705319928390177
3,X->Y,1787466688.9074895,89.78894279303495,410.1,4.9421877200870865,5.421743336368083,-1.284226309834491
3,X->Y,1787466688.9201672,89.80161951301852,410.1,4.945137887263601,5.411359010479802,-1.298861204763209
3,X->Y,1787466688.9301841,89.81163651600946,410.1,4.947998445486478,5.401112505027826,-1.3067250939257098
3,X->Y,1787466689.0031056,89.88455895002699,410.1,4.950596399197786,5.391323683492385,-1.3132760595081954
3,X->Y,1787466689.208512,90.08996443601791,410.3,4.954254987788153,5.377108704423296,-1.3285360051788586
3,X->Y,1787466689.351195,90.23264795501018,410.4,4.957649135933798,5.362982554640219,-1.3458502701334374
3,X->Y,1787466689.494796,90.37624904100085,410.5,4.9606128042677575,5.349635778335533,-1.355778204301625
3,X->Y,1787466689.6377416,90.51919422700303,410.6,4.963389374733645,5.336667224618553,-1.3689132794395462
3,X->Y,1787466689.7193863,90.60083891503746,410.7,4.965933757858225,5.323649792425732,-1.3836813222283424
3,X->Y,1787466689.798891,90.68034362001345,410.7,4.9682915934284315,5.311046797166064,-1.3906679950864531
3,X->Y,1787466690.0079286,90.88938172301278,410.9,4.970393014233324,5.299290780035011,-1.4017681512424816
3,X->Y,1787466690.1512194,91.03267203003634,411.0,4.972276467160257,5.287808441533184,-1.4182928259548269
3,X->Y,1787466690.2329834,91.11443627299741,411.1,4.973963274554775,5.2764661302889495,-1.4259481718584404
3,X->Y,1787466690.4385471,91.3200008579879,411.3,4.9754744060320935,5.265679950709066,-1.4346593423874723
3,X->Y,1787466690.6444585,91.52591093798401,411.4,4.97683988282264,5.255440135412067,-1.4455278920762094
3,X->Y,1787466690.6634448,91.54489702999126,411.5,4.978053013840259,5.245383407826189,-1.4586302715339767
3,X->Y,1787466690.6838014,91.56525335501647,411.5,4.979450639431927,5.232451802005839,-1.4668837934941994
3,X->Y,1787466690.9584565,91.83991002599942,411.7,4.980753514243599,5.220065932874726,-1.4742827659812545
3,X->Y,1787466691.1727245,92.05417679902166,411.9,4.9818146219030055,5.208300893148551,-1.4844832981813236
3,X->Y,1787466691.1935015,92.0749537650263,411.9,4.982762747304666,5.196993276454278,-1.4912216151591378
3,X->Y,1787466691.4053664,92.28681910602609,412.0,4.9835312735293655,5.186293320024318,-1.511281994069022
3,X->Y,1787466691.557202,92.43865470902529,412.2,4.9840745389329415,5.1760800496304045,-1.519300940759701
3,X->Y,1787466691.8403254,92.72177871101303,412.4,4.984641008882262,5.163940035796309,-1.5259052986007848
3,X->Y,1787466692.0617058,92.94315837603062,412.6,4.985180406147089,5.151978679224187,-1.533218225159298
3,X->Y,1787466692.2145007,93.09595337498467,412.7,4.985563411370777,5.140020761147304,-1.5418831836855451
3,X->Y,1787466692.5568843,93.4383370160358,413.0,4.985862879715955,5.128067342926903,-1.5520007972858847
3,X->Y,1787466692.777472,93.65892428398365,413.2,4.986027157070581,5.1161186015460025,-1.5636752714862776
3,X->Y,1787466692.804622,93.6860744220321,413.2,4.986023409465791,5.104175021943576,-1.576892275169623
3,X->Y,1787466693.023707,93.90516067802673,413.3,4.985893364148727,5.092237166467196,-1.5916464758412792
4,Y->M,1787466699.7660034,0.07207983097760007,418.9,4.986387159690252,5.085987216276394,0.05635712839994404
4,Y->M,1787466704.7781565,5.084232278983109,422.9,4.991177253689877,5.074634627136858,-1.1958848447257133
4,Y->M,1787466704.9832616,5.289337433991022,423.1,4.994854460798252,5.064910905649122,-1.2212384967612624
4,Y->M,1787466705.0641758,5.370251496962737,423.1,4.998358214920842,5.055004433598885,-1.2413991078396265
4,Y->M,1787466705.2099967,5.516072544967756,423.2,5.001674393537931,5.044982742503006,-1.2638659882343348
4,Y->M,1787466705.4161193,5.722194996953476,423.4,5.004743861713405,5.034764690711972,-1.2994589790063462
4,Y->M,1787466705.4973881,5.803463866992388,423.5,5.00744916923194,5.024430542794964,-1.331039766908994
4,Y->M,1787466705.579107,5.885182669968344,423.5,5.009913085339368,5.013862682470875,-1.3541355603154421
4,Y->M,1787466705.7840567,6.090132972982246,423.7,5.012144600439567,5.003173381399876,-1.379460222729558
4,Y->M,1787466705.8670483,6.173124821973033,423.7,5.014115455817156,4.992333268625107,-1.4089858886430362
4,Y->M,1787466706.0719981,6.378074574982747,423.9,5.015705794279707,4.981436913999911,-1.4464806888921935
4,Y->M,1787466706.282326,6.58840223698644,424.1,5.016953512943867,4.970359756904478,-1.4725207560617128
4,Y->M,1787466706.4881065,6.794182241952512,424.3,5.017933025609495,4.959166085845801,-1.4977798133980609
4,Y->M,1787466706.6321383,6.938214585999958,424.4,5.018633281177778,4.947878140140018,-1.5251484415934735
4,Y->M,1787466706.6510308,6.957106407964602,424.4,5.019019912400385,4.936389558960627,-1.553061167281189
4,Y->M,1787466706.6656466,6.971722277987283,424.4,5.019087217859975,4.924777244018085,-1.5817614553044685
4,Y->M,1787466706.6786296,6.984705277951434,424.4,5.0188091805882475,4.913039130126124,-1.6127762630653324
4,Y->M,1787466706.7531369,7.059213708969764,424.5,5.018140640147397,4.901098592912612,-1.64665008437613
4,Y->M,1787466706.9609911,7.267067250970285,424.6,5.017041516887885,4.889055624672214,-1.6837453924311663
4,Y->M,1787466707.106338,7.412413953978103,424.7,5.015463235078315,4.877043162897938,-1.7263563000693072
4,Y->M,1787466707.313458,7.619533829973079,424.9,5.013297433739464,4.864502916867185,-1.76378926000453
4,Y->M,1787466707.5186167,7.824692740978207,425.1,5.010609161794161,4.851771828954476,-1.8001071115541232
4,Y->M,1787466707.7245774,8.030653336958494,425.2,5.007379843543147,4.838884925258353,-1.838606985385318
4,Y->M,1787466707.930157,8.236233061004896,425.4,5.003587022765712,4.825687778589048,-1.8663747921901033
4,Y->M,1787466708.1355178,8.441594138974324,425.5,4.999274184589167,4.812130745190561,-1.899543152560073
4,Y->M,1787466708.2190015,8.52507767098723,425.6,4.994298031838656,4.798295578553785,-1.9399340001748335
4,Y->M,1787466708.2303889,8.536464750999585,425.7,4.990575512135266,4.788952326223499,-1.967429617783719
4,Y->M,1787466708.2402773,8.546352721983567,425.7,4.986493456647069,4.779447010409349,-1.9903544519569674
4,Y->M,1787466708.249432,8.555507155950181,425.7,4.982011053260552,4.769579430316784,-2.009128186078873
4,Y->M,1787466708.257765,8.563840401999187,425.7,4.977152332758298,4.759433610979824,-2.0326215478684344
4,Y->M,1787466708.264957,8.571032295003533,425.7,4.971980842122439,4.749306169997754,-2.060517573964581
4,Y->M,1787466708.271801,8.577876391995233,425.7,4.966291765942352,4.738901134944738,-2.0883610860647734
4,Y->M,1787466708.341877,8.64795290096663,425.7,4.960062299261828,4.7281906710296635,-2.1108406611610473
4,Y->M,1787466708.4785426,8.784618376987055,425.8,4.953330480369712,4.717132855141513,-2.1286850808238387
4,Y->M,1787466708.6174498,8.923526152968407,425.9,4.9460399935603,4.705663511890451,-2.1511842895426776
4,Y->M,1787466708.7555516,9.061627683986444,426.0,4.938180728068768,4.693946775083739,-2.17798289167236
4,Y->M,1787466708.8922973,9.198373149964027,426.1,4.929303280392498,4.681448365062565,-2.202362803305695
4,Y->M,1787466708.9686887,9.274764696951024,426.2,4.919721836298401,4.6686280004926095,-2.228569956623133
4,Y->M,1787466709.0427032,9.348779255000409,426.2,4.909092282008095,4.6551528692012525,-2.253093392612752
4,Y->M,1787466709.1188047,9.42488034197595,426.4,4.897056109140464,4.640581366110806,-2.271484395887001
4,Y->M,1787466709.1942909,9.500367212982383,426.4,4.884687185273716,4.626095419193664,-2.2864273530344814
4,Y->M,1787466709.2682948,9.574370496964548,426.4,4.873860331790783,4.610261890039713,-2.306325950727152
4,Y->M,1787466709.4087875,9.714863379951566,426.5,4.859432314426448,4.597965596130172,-2.3274664460868792
4,Y->M,1787466709.5465426,9.852619418001268,426.7,4.846282364345808,4.584288599743084,-2.345282532009326
4,Y->M,1787466709.684366,9.990442390961107,426.8,4.832853787541422,4.570747332743393,-2.3612479438065175
4,Y->M,1787466709.8219147,10.127990570967086,426.9,4.819298683877138,4.557470064155895,-2.373420380344645
4,Y->M,1787466709.8970304,10.203106200962793,427.0,4.805513465036466,4.544283909331111,-2.3859172455011084
4,Y->M,1787466709.909144,10.215219419973437,427.0,4.791672480136527,4.531322363783144,-2.3933010593291044
4,Y->M,1787466709.9196305,10.225706475961488,427.0,4.777659685045724,4.518382139592764,-2.4007951436973314
4,Y->M,1787466709.9297931,10.235868269985076,427.0,4.76356534904516,4.5055615460649685,-2.4083492202662646
4,Y->M,1787466710.0657887,10.37186508695595,427.1,4.749503423152995,4.4929048098623054,-2.408283905525077
4,Y->M,1787466710.202292,10.508368941955268,427.2,4.735389513970305,4.480136944781773,-2.4038422918775444
4,Y->M,1787466710.341864,10.647940461989492,427.3,4.721313910308725,4.467320716826713,-2.402371709620866
4,Y->M,1787466710.4174564,10.723531798983458,427.4,4.7072436097375,4.454503115247159,-2.4032245491222888
4,Y->M,1787466710.4299796,10.736055163957644,427.4,4.693154722386497,4.441701460976646,-2.4048469790840725
4,Y->M,1787466710.4411376,10.747212998976465,427.4,4.679048260308116,4.4289216202898025,-2.4058049259913146
4,Y->M,1787466710.5775654,10.883641156950034,427.5,4.664931900340016,4.416139349273825,-2.4055534827844243
4,Y->M,1787466710.7148345,11.020910380000714,427.6,4.650819211414468,4.403348639209366,-2.4049549195523308
4,Y->M,1787466710.790964,11.097039526968729,427.7,4.636730076045605,4.390554663347321,-2.403275906148628
4,Y->M,1787466710.8040512,11.110127058986109,427.7,4.622663539823511,4.377717290914685,-2.4003464869658115
4,Y->M,1787466710.8765695,11.182645333989058,427.7,4.608637730740575,4.3648447947031865,-2.3978226162029883
4,Y->M,1787466711.0139384,11.320014626951888,427.8,4.594678597465969,4.351945783492454,-2.392941834295911
4,Y->M,1787466711.150273,11.456348795967642,427.9,4.580768561628903,4.338965827931956,-2.388555270173622
4,Y->M,1787466711.2864451,11.59252101299353,428.0,4.566913754273239,4.32592941942682,-2.384638392094446
4,Y->M,1787466711.4271805,11.733256164996419,428.1,4.553135775620078,4.312837974068933,-2.37804048887414
4,Y->M,1787466711.5659528,11.87202938995324,428.3,4.539417831435438,4.299634612528372,-2.3723890467030886
4,Y->M,1787466711.7021835,12.00825942796655,428.4,4.525792085157319,4.286375767347953,-2.3661210800513675
4,Y->M,1787466711.7167308,12.022806962952018,428.4,4.512235846635028,4.2729938722685885,-2.3586839324151203
4,Y->M,1787466711.727847,12.033922557951882,428.4,4.498798800181136,4.2595473643331605,-2.351460960507614
4,Y->M,1787466711.7376444,12.043720590998419,428.4,4.485438970426047,4.2459572575186115,-2.3432631313328995
4,Y->M,1787466711.7465491,12.052624534000643,428.4,4.4722224238473,4.232313602430201,-2.335611062580589
4,Y->M,1787466711.7550983,12.061173777969088,428.4,4.459141783598164,4.218518534276048,-2.3212668518852793
4,Y->M,1787466711.8897552,12.195831541961525,428.5,4.4462384844461695,4.204518243179333,-2.3089451511931784
4,Y->M,1787466712.0272524,12.333328471984714,428.6,4.4334658991598355,4.190385256475489,-2.3026614760250075
4,Y->M,1787466712.1659572,12.472034054982942,428.7,4.420792489295577,4.1761989246731295,-2.2970195886967413
4,Y->M,1787466712.2431998,12.549275250989012,428.8,4.408208041994633,4.161939617315657,-2.290448681901282
4,Y->M,1787466712.317512,12.623588032962289,428.8,4.395712618727428,4.147614841869128,-2.2850091081668826
4,Y->M,1787466712.4575465,12.763622511003632,429.0,4.3832750663578075,4.133180205583293,-2.2795276965508924
4,Y->M,1787466712.5947359,12.900812189967837,429.1,4.37098817990178,4.1187305960203675,-2.269293326170734
4,Y->M,1787466712.732056,13.038132104964461,429.2,4.358844108295962,4.104083800805007,-2.2556253515595692
4,Y->M,1787466712.86898,13.175056300999131,429.3,4.3468561300417505,4.08926514729345,-2.2467421988907965
4,Y->M,1787466713.0047832,13.310858774988446,429.4,4.334977056757384,4.074395975387942,-2.243329607780319
4,Y->M,1787466713.0814931,13.38756993500283,429.5,4.32316382739704,4.059518677889418,-2.2403630705069753
4,Y->M,1787466713.0942404,13.400316232990008,429.5,4.311414596904454,4.0446209241143505,-2.2362828717556207
4,Y->M,1787466713.1045666,13.410641811962705,429.5,4.299677360122044,4.02960798029184,-2.2333909137508168
4,Y->M,1787466713.114269,13.420344895974267,429.6,4.2880726686956425,4.014645769042992,-2.2255193132024145
4,Y->M,1787466713.1231747,13.429250343993772,429.6,4.2765679404684285,3.999490535751685,-2.21363002960248
4,Y->M,1787466713.130708,13.436783321958501,429.6,4.2651976366100035,3.984191378824042,-2.206968773919569
4,Y->M,1787466713.2011883,13.50726482598111,429.6,4.253897728717445,3.968873892144411,-2.2065024003543003
4,Y->M,1787466713.2776144,13.583690761995967,429.7,4.2426156240386765,3.953579050615278,-2.2064432770301545
4,Y->M,1787466713.4161267,13.722202620003372,429.7,4.231352547889919,3.9382955103231008,-2.2052161092105522
4,Y->M,1787466713.5534596,13.859535636962391,429.9,4.220055796877735,3.9229223267737403,-2.2055148436949934
4,Y->M,1787466713.6292114,13.935287275002338,429.9,4.208856520565535,3.9076596997694604,-2.2005737450383753
4,Y->M,1787466713.7664907,14.07256622397108,430.0,4.197710651954486,3.8922311452663942,-2.1918602429498795
4,Y->M,1787466713.9029083,14.208984620985575,430.1,4.186644994203919,3.87669939919411,-2.1893794215003735
4,Y->M,1787466713.97795,14.284026151988655,430.2,4.175580770762639,3.861197653250333,-2.193641605795648
4,Y->M,1787466714.114914,14.420990186976269,430.3,4.164458497752283,3.8457718459376946,-2.1985906650302907
4,Y->M,1787466714.1278844,14.433960317983292,430.4,4.153276228468296,3.830415345836745,-2.2027648275871283
4,Y->M,1787466714.2009532,14.507029807951767,430.4,4.1420435792616095,3.8150503346496096,-2.201532975393123
4,Y->M,1787466714.276784,14.582859385001939,430.5,4.130810662543646,3.7996596796147726,-2.202530758636115
4,Y->M,1787466714.4150372,14.721113368985243,430.5,4.119486746700795,3.784275463418006,-2.2112451434693257
4,Y->M,1787466714.5520282,14.858103930950165,430.6,4.108020701261818,3.769063070275655,-2.2244955629506378
4,Y->M,1787466714.5655706,14.871646008978132,430.7,4.096381357997966,3.7540253182968604,-2.2365397278651393
4,Y->M,1787466714.577302,14.883377466001548,430.7,4.084523700165855,3.7390696275475155,-2.249727564527467
4,Y->M,1787466714.6501875,14.95626365300268,430.7,4.072508421474387,3.7243677747939783,-2.2645804024863705
4,Y->M,1787466714.7863433,15.09241939499043,430.8,4.060310466309279,3.709768361651211,-2.269939960224364
4,Y->M,1787466714.9231572,15.229233129997738,430.9,4.048005596926368,3.695214244595338,-2.2779913412721915
4,Y->M,1787466714.998376,15.304451621952467,431.0,4.035520330018371,3.6807769233056735,-2.293509636271261
4,Y->M,1787466715.0743423,15.380418226995971,431.1,4.022775758312153,3.666567518084515,-2.3146517580179067
4,Y->M,1787466715.0878627,15.39393833099166,431.1,4.009739664283259,3.6526705458097743,-2.3374810343542514
4,Y->M,1787466715.1610804,15.46715600299649,431.1,3.9963749039793117,3.6390485610509526,-2.359897222924643
4,Y->M,1787466715.2975562,15.603632932994515,431.2,3.9826929484333053,3.625737722506087,-2.3840719547442584
4,Y->M,1787466715.4387276,15.744803591980599,431.3,3.968693040131696,3.6127698434257756,-2.408663871041494
4,Y->M,1787466715.5764852,15.882561465958133,431.5,3.9544664846455264,3.600227788403001,-2.4329934683075067
4,Y->M,1787466715.5909238,15.896999413962476,431.5,3.9400888182319074,3.5881549208902412,-2.4564754536900013
4,Y->M,1787466715.602951,15.909026440989692,431.5,3.9256459115338065,3.576578330321169,-2.4787680047223475
4,Y->M,1787466715.6763673,15.98244358896045,431.5,3.911352162103702,3.565626704482561,-2.4997680059512546
4,Y->M,1787466715.7504573,16.056533636001404,431.6,3.8969470093378895,3.555051477848191,-2.5194923747510427
4,Y->M,1787466715.8886397,16.194715833989903,431.7,3.882630296891574,3.5449602558337614,-2.538022855472268
4,Y->M,1787466716.0255702,16.33164604799822,431.8,3.868238227445747,3.5352037383349826,-2.555444572674366
4,Y->M,1787466716.1633644,16.46944007597631,431.9,3.853134162801536,3.5252966608356098,-2.568030952967397
4,Y->M,1787466716.1772356,16.483311428979505,432.0,3.8388492861360604,3.5161814275859804,-2.5814214904441553
4,Y->M,1787466716.1891034,16.49517885496607,432.0,3.8248832939519684,3.507572625830368,-2.5995441737141696
4,Y->M,1787466716.2617996,16.56787529500434,432.0,3.8110169810817323,3.4993604064185795,-2.6157727770302035
4,Y->M,1787466716.3990922,16.70516808499815,432.1,3.7969297956749486,3.4913386096786496,-2.6356522142826257
4,Y->M,1787466716.5385861,16.844661803974304,432.2,3.7829248699797953,3.483736578158794,-2.6546747957245995
4,Y->M,1787466716.6756785,16.981755065964535,432.3,3.7687518008641088,3.476366026837582,-2.671859752627858
4,Y->M,1787466716.8135521,17.119628827960696,432.4,3.7544762527831304,3.4692597245863674,-2.6892010498773598
4,Y->M,1787466716.9505289,17.256604868976865,432.5,3.7400546195056235,3.4623999842082935,-2.708682629357575
4,Y->M,1787466717.0880835,17.394159480987582,432.6,3.7254842304865394,3.4558053147502954,-2.7273353147428097
4,Y->M,1787466717.224985,17.531061486981343,432.7,3.7107694688905,3.4495258139090823,-2.753297667950635
4,Y->M,1787466717.300953,17.607028933998663,432.9,3.6958665764300633,3.443607689296123,-2.776421624002413
4,Y->M,1787466717.3147502,17.620825749996584,432.9,3.680513535510766,3.4378756903859977,-2.794094117024366
4,Y->M,1787466717.3264828,17.632558899989817,432.9,3.664880878421333,3.4323341950414386,-2.8100158424721333
4,Y->M,1787466717.3371015,17.643176905985456,432.9,3.649107555868363,3.4270263726694865,-2.826563535092543
4,Y->M,1787466717.346394,17.65246978396317,432.9,3.6331369800590982,3.421944438445331,-2.8424832854287856
4,Y->M,1787466717.3544672,17.66054222296225,432.9,3.6171009152185722,3.4171330846541648,-2.860645331734948
4,Y->M,1787466717.4316347,17.73771099798614,433.0,3.6009586529873094,3.41260038424745,-2.878513372507484
4,Y->M,1787466717.5059044,17.81198068097001,433.0,3.5845027776097367,3.4083516890458436,-2.9041245993784472
4,Y->M,1787466717.64225,17.948326287965756,433.1,3.56754831415624,3.4044267726495074,-2.927412166256395
4,Y->M,1787466717.7787497,18.08482556499075,433.2,3.5501551362033865,3.4007829050802436,-2.9452602574664963
4,Y->M,1787466717.8543408,18.160416982951574,433.3,3.5323227114120526,3.39736409639606,-2.9620099496252803
4,Y->M,1787466717.928437,18.234513567993417,433.3,3.5143194671753135,3.394232239638438,-2.9798311034910356
4,Y->M,1787466718.068074,18.37414985097712,433.4,3.4960192091602513,3.391377714880998,-2.9975702102997666
4,Y->M,1787466718.1454763,18.451551712001674,433.5,3.4772164392343403,3.388817697303361,-3.0194449149350056
4,Y->M,1787466718.2188933,18.524969877966214,433.5,3.458280740144662,3.386636761281546,-3.0379866770660673
4,Y->M,1787466718.3562884,18.6623641809565,433.7,3.4393080061908052,3.3847917743691696,-3.054717306807719
4,Y->M,1787466718.434629,18.740704453957733,433.8,3.420307678974182,3.3832592261972283,-3.0707023924305696
4,Y->M,1787466718.5081153,18.814190940000117,433.8,3.4012827216407833,3.382027865377267,-3.0864806984284816
4,Y->M,1787466718.6450293,18.95110551995458,433.9,3.382234281932464,3.381094670454998,-3.102378132787399
4,Y->M,1787466718.7199135,19.025988996960223,434.0,3.363169855340502,3.3804639010657143,-3.1184770173580727
4,Y->M,1787466718.7329397,19.0390161179821,434.0,3.344098007158729,3.380140884805992,-3.134648496971055
4,Y->M,1787466718.7446797,19.050755321979523,434.0,3.325022813742107,3.380128292962354,3.1322577967360434
4,Y->M,1787466718.8813536,19.187429528974462,434.1,3.305945524925572,3.380425467331394,3.1159185249330577
4,Y->M,1787466719.017729,19.323805321997497,434.2,3.2868702509328176,3.3810337335493745,3.099403978006567
4,Y->M,1787466719.1547198,19.460795948980376,434.3,3.2678096337212676,3.381955697562705,3.0829888083157218
4,Y->M,1787466719.2300034,19.536079117970075,434.4,3.248773102339092,3.3831897004644085,3.066744916294018
4,Y->M,1787466719.240152,19.54622765397653,434.4,3.2297669893039553,3.384730699311014,3.0507333054783174
4,Y->M,1787466719.249963,19.556038322974928,434.4,3.210788709924031,3.386572344203424,3.03480837393707
4,Y->M,1787466719.3860629,19.692139115999453,434.5,3.1918745667556743,3.388718893633644,3.016677620397635
4,Y->M,1787466719.5249264,19.83100263099186,434.6,3.172981092298658,3.391241758044702,2.996189928813598
4,Y->M,1787466719.6631386,19.96921480697347,434.7,3.154141552000427,3.394102423241293,2.982513357555009
4,Y->M,1787466719.7996833,20.105759652971756,434.8,3.13533612747951,3.39719181003066,2.9726474753335954
4,Y->M,1787466719.8771102,20.183186434966046,434.9,3.116539275112881,3.400473214832444,2.9614452525960235
4,Y->M,1787466719.8899753,20.196051033970434,435.0,3.097810377513433,3.4039383676420494,2.9536637705083324
4,Y->M,1787466719.9003203,20.20639589295024,435.0,3.079117265535488,3.4075512872550275,2.9462872198303014
4,Y->M,1787466719.910307,20.21638252295088,435.0,3.0604156685090573,3.4112907044938345,2.9399710282255866
4,Y->M,1787466719.9813638,20.287439644976985,435.0,3.0417892170159337,3.41515220735368,2.933617778051493
4,Y->M,1787466720.1176772,20.42375329596689,435.1,3.023158998862845,3.419071390952181,2.935376830534066
4,Y->M,1787466720.1932356,20.499311588006094,435.2,3.0044982607436608,3.4229659191378823,2.9349555645263745
4,Y->M,1787466720.2683601,20.57443635497475,435.2,2.9858404256654785,3.426910839038122,2.929225205360307
4,Y->M,1787466720.4050999,20.711175684002228,435.3,2.967232772817644,3.430960318783461,2.923689168901573
4,Y->M,1787466720.4833415,20.789417548978236,435.4,2.948649080116752,3.4351010910692947,2.91969583609062
4,Y->M,1787466720.5577464,20.863822532992344,435.4,2.9300884307601143,3.4393241804011474,2.9152092332240254
4,Y->M,1787466720.6955864,21.00166279595578,435.5,2.9115066739633395,3.4436250439777574,2.9111711464294623
4,Y->M,1787466720.8307931,21.136868410976604,435.6,2.8929962230968758,3.4479761100807664,2.9095904046664214
4,Y->M,1787466720.8391213,21.145196812984068,435.7,2.8744419020548126,3.4523875401185986,2.9047495521020186
4,Y->M,1787466720.8466601,21.15273542999057,435.7,2.855992694844814,3.45683686496139,2.906617395292822
4,Y->M,1787466720.9831226,21.289199208957143,435.8,2.8374611631162114,3.461230965496313,2.9115082297376107
4,Y->M,1787466721.1209693,21.427044975978788,435.9,2.818895521347261,3.4655716048336442,2.910987487698047
4,Y->M,1787466721.1351547,21.441230455995537,435.9,2.8003368131970006,3.469959863837867,2.9056237804608007
4,Y->M,1787466721.2727797,21.57885642600013,436.0,2.781834211942212,3.47444646234108,2.89983199925497
4,Y->M,1787466721.348366,21.6544417910045,436.1,2.763363074701545,3.479031517043216,2.89516703017877
4,Y->M,1787466721.360328,21.66640352498507,436.1,2.744919090857298,3.483710716242689,2.8900454344374205
4,Y->M,1787466721.4981165,21.8041924329591,436.2,2.726454327752831,3.4884837379884814,2.885255879558909
4,Y->M,1787466721.634806,21.940881753980648,436.3,2.708061623971358,3.49331983220813,2.8827796120184956
4,Y->M,1787466721.6484237,21.954499179963022,436.3,2.689628214259686,3.4982355956126057,2.8767846068172824
4,Y->M,1787466721.7849212,22.09099705395056,436.4,2.671314400628068,3.5032067386512105,2.877304002480598
4,Y->M,1787466721.9222848,22.2283606659621,436.5,2.6529193021005133,3.5081540379090272,2.8804957481980202
4,Y->M,1787466722.0594058,22.36548168596346,436.6,2.6344974477378207,3.5130834106592603,2.8780032232446815
4,Y->M,1787466722.199593,22.505668956961017,436.7,2.616089657875181,3.5180994423197984,2.870311404409033
4,Y->M,1787466722.338313,22.644389972963836,436.8,2.5977565677798364,3.523254902205284,2.8618999580927813
4,Y->M,1787466722.4764245,22.782500510977115,436.9,2.579478194544833,3.528556123494165,2.854367859138474
4,Y->M,1787466722.6158826,22.92195901600644,437.1,2.5612518803446624,3.534004331840818,2.846060197711193
4,Y->M,1787466722.7545817,23.060658172995318,437.2,2.543023381711092,3.5396061969663095,2.837899737548264
4,Y->M,1787466722.8231783,23.129254008992575,437.2,2.524887701532712,3.545331255477661,2.831917506918324
4,Y->M,1787466722.891933,23.198009106970858,437.3,2.506728269049398,3.551205963213716,2.8221473517888236
4,Y->M,1787466723.0308886,23.336964518995956,437.4,2.4796870239067466,3.5602133659695845,2.8192965589863395
4,Y->M,1787466723.047539,23.353614506952,437.4,2.4616115417365734,3.566259966315793,2.816342927580582
4,Y->M,1787466723.0597095,23.365785154979676,437.5,2.4435432550720293,3.5724130889357824,2.8069747937119938
4,Y->M,1787466723.070227,23.376302936987486,437.5,2.425571627469735,3.5787529804431872,2.794543303679911
4,Y->M,1787466723.0799298,23.386005655978806,437.5,2.407696988425696,3.5853083680752786,2.7825904359131313
4,Y->M,1787466723.0871172,23.393192623974755,437.5,2.3898682235579174,3.5920876748792128,2.770059990981475
4,Y->M,1787466723.0939693,23.400044385984074,437.5,2.3721714074250837,3.5990622516133244,2.759385361253719
4,Y->M,1787466723.1002042,23.406279199989513,437.5,2.3545596030592653,3.6062312191328183,2.748284750042429
4,Y->M,1787466723.1079402,23.41401509795105,437.5,2.336964666589007,3.613605218532313,2.737678254534955
4,Y->M,1787466723.1137438,23.419818868977018,437.5,2.3195262310565345,3.6211549705706285,2.7263890727522337
4,Y->M,1787466723.1866772,23.492753503960557,437.6,2.302111570610971,3.6288531294396553,2.7239216220882576
4,Y->M,1787466723.2601185,23.566195207997225,437.6,2.2846978777905287,3.6366094470857795,2.718859591396061
4,Y->M,1787466723.3968244,23.702900451957248,437.7,2.267322508346737,3.6445053339085383,2.7075208643130426
4,Y->M,1787466723.533632,23.83970817096997,437.8,2.2500771489976525,3.6526112748343023,2.693196641879601
4,Y->M,1787466723.673276,23.979351785965264,437.9,2.232962553142557,3.660956106376846,2.6794036905165606
4,Y->M,1787466723.810125,24.116201413969975,438.0,2.2170814764639877,3.6689631677974472,2.6667746836586472
4,Y->M,1787466723.8866532,24.192729820962995,438.1,2.2038664461714355,3.6758063131224765,2.658426328143645
4,Y->M,1787466723.9607434,24.266819191980176,438.1,2.1910428284594814,3.682587563331568,2.6488217726031817
4,Y->M,1787466724.0978553,24.40393095498439,438.2,2.1772305880825065,3.69008339562701,2.6375184320590774
4,Y->M,1787466724.2354138,24.54148964799242,438.3,2.1612201214215503,3.6989822209741026,2.6295165811606434
4,Y->M,1787466724.3723264,24.67840236995835,438.5,2.144628596528627,3.708388036496174,2.61898216138352
4,Y->M,1787466724.512271,24.818347214953974,438.6,2.1292611860858432,3.717339363606521,2.606377472917011
4,Y->M,1787466724.5884683,24.894544716982637,438.7,2.116601082155559,3.724905144832474,2.5965458750571746
4,Y->M,1787466724.6018417,24.907917073986027,438.7,2.1040598071933907,3.7325809291710748,2.5852093139905725
4,Y->M,1787466724.6128898,24.918965418997686,438.7,2.0915932034287423,3.7404094444832308,2.5744762351503185
4,Y->M,1787466724.6222758,24.928351036971435,438.7,2.078136524602249,3.7490396423676757,2.5666169478948415
4,Y->M,1787466724.7575061,25.063581897993572,438.8,2.062328844802546,3.7593328257626064,2.5618478799119244
4,Y->M,1787466724.894631,25.20070703397505,438.9,2.0489613763525822,3.76811912153886,2.556358585017349
4,Y->M,1787466724.9724643,25.278540358005557,439.0,2.0357929311476686,3.7768919887021646,2.549257410571386
4,Y->M,1787466725.1085694,25.41464516997803,439.0,2.020075409219516,3.7875476722873067,2.540475764430126
4,Y->M,1787466725.1223779,25.42845349299023,439.1,2.004392968219341,3.798398152842214,2.529584791171677
4,Y->M,1787466725.1339202,25.439996131986845,439.1,1.9888412311947794,3.8094203800944206,2.5178186292111744
4,Y->M,1787466725.27103,25.577106157958042,439.2,1.9734305716874676,3.820619541269982,2.505967876109484
4,Y->M,1787466725.4080632,25.71413986099651,439.3,1.9581601619494151,3.831993915610266,2.494537117376985
4,Y->M,1787466725.5494843,25.855560522002634,439.4,1.943020834412639,3.843536611823867,2.483736960544915
4,Y->M,1787466725.564404,25.870479811972473,439.5,1.9280016719728073,3.8552396459466625,2.4736648675451662
4,Y->M,1787466725.63913,25.945206435979344,439.5,1.9130938670319217,3.867092035717973,2.464286650730359
4,Y->M,1787466725.7765899,26.082665788999293,439.6,1.8982921193532394,3.879083249765387,2.455599033259626
4,Y->M,1787466725.8522706,26.158346503973007,439.7,1.8835889557083367,3.89120072656754,2.4476112903530973
4,Y->M,1787466725.8652194,26.171295128995553,439.7,1.8689780343229285,3.9034331416246175,2.4402387945651283
4,Y->M,1787466725.8760421,26.182117878983263,439.7,1.8544551518696208,3.915769293566795,2.4334386865065354
4,Y->M,1787466726.0115626,26.317638717999216,439.8,1.8400176516711437,3.9281983545644605,2.4271455322445554
4,Y->M,1787466726.1481388,26.454214992991183,439.9,1.8256621326143736,3.9407106311159854,2.421298686429171
4,Y->M,1787466726.2849357,26.591011604003143,440.0,1.8113837548251608,3.953299030852935,2.4158488989627673
4,Y->M,1787466726.421865,26.727941200952046,440.1,1.7971770761533774,3.9659592873688405,2.4107581909089104
4,Y->M,1787466726.561024,26.867100388975814,440.2,1.7830352495887845,3.9786884574018706,2.405981519147954
4,Y->M,1787466726.699119,27.00519522599643,440.3,1.7689508875983257,3.991485317945175,2.401472385439984
4,Y->M,1787466726.7127044,27.018779916979838,440.4,1.7549183698716517,4.004348904499499,2.3971913979420645
4,Y->M,1787466726.7238495,27.029924831003882,440.4,1.7409348603026886,4.017276369553429,2.3931283765759144
4,Y->M,1787466726.7344112,27.040487046004273,440.4,1.726999676131793,4.030262548404114,2.389228638430615
4,Y->M,1787466726.7443366,27.050412388984114,440.4,1.7131131731549671,4.043303116194765,2.3854773205211344
4,Y->M,1787466726.7527857,27.05886108399136,440.4,1.699278155182601,4.05639249577469,2.3818808943669967
4,Y->M,1787466726.8238592,27.129935487988405,440.5,1.6855258761036,4.069501698832705,2.3775923502891
4,Y->M,1787466726.9603064,27.266382761998102,440.6,1.6718060043758025,4.082700534667211,2.3729806481247175
4,Y->M,1787466727.098021,27.404097399965394,440.7,1.65814945755331,4.095951940898372,2.369148524508166
4,Y->M,1787466727.174331,27.48040702799335,440.7,1.6445427503210281,4.109270166992662,2.3638621820904904
4,Y->M,1787466727.3119888,27.618064485955983,440.8,1.6310158963461172,4.1226437221711345,2.359596885319079
4,Y->M,1787466727.4492888,27.755365449993405,441.0,1.617529850576997,4.136108112978204,2.353444961822989
4,Y->M,1787466727.466447,27.77252319699619,441.0,1.6041406827391587,4.149629483865036,2.3488580559622307
4,Y->M,1787466727.4781325,27.784208397963084,441.0,1.5907786358829272,4.163239701846163,2.3439432695721023
4,Y->M,1787466727.6150267,27.92110320198117,441.1,1.5775182617558514,4.176904275022199,2.3379556989534573
4,Y->M,1787466727.7525194,28.058595887967385,441.2,1.5643259940075576,4.190630065955207,2.3349956200982693
4,Y->M,1787466727.8285654,28.134641668002587,441.3,1.5511557459455187,4.2044425061373945,2.3288473879997342
4,Y->M,1787466727.965579,28.27165532199433,441.4,1.5380962239655431,4.2182875826979895,2.3253505543032893
4,Y->M,1787466727.9794095,28.285484691965394,441.4,1.5250628063623735,4.232248052891925,2.3157609021535945
4,Y->M,1787466727.9917326,28.297808196977712,441.4,1.5122292252315617,4.2463210040283546,2.302855206780553
4,Y->M,1787466728.1278899,28.433965959993657,441.5,1.499572986930155,4.260518514206244,2.2946737501044696
4,Y->M,1787466728.2650025,28.571078569977544,441.6,1.4870081645955147,4.274782964479656,2.2916666671174544
4,Y->M,1787466728.4023244,28.708400105999317,441.7,1.474449659701918,4.289113243254388,2.289291969890888
4,Y->M,1787466728.5427585,28.84883498196723,441.8,1.461919354645881,4.303494278725415,2.285590390300821
4,Y->M,1787466728.6808162,28.986892048968002,441.9,1.449446724955555,4.317939701540257,2.279947449061128
4,Y->M,1787466728.8173187,29.123394918977283,442.0,1.437040757945676,4.332457294638754,2.2748711330656746
4,Y->M,1787466728.8301728,29.13624801399419,442.1,1.4247575022621424,4.347001827726372,2.2694102779490186
4,Y->M,1787466728.8410926,29.14716802397743,442.1,1.4125123780172733,4.361699953653684,2.2587621075886344
4,Y->M,1787466728.8504293,29.156504954968113,442.1,1.4005088532132568,4.376493342977477,2.2443392053836755
4,Y->M,1787466728.8591037,29.16517928498797,442.1,1.3887143321582078,4.3914173725566155,2.234643912442589
4,Y->M,1787466728.932512,29.23858811997343,442.2,1.3770185142768712,4.406437007504131,2.230239049439635
4,Y->M,1787466729.006243,29.31231964600738,442.2,1.3653656471515019,4.421524717284996,2.2262683631127724
4,Y->M,1787466729.0813706,29.38744673097972,442.3,1.3537632200876577,4.436684098604042,2.2210375998693594
4,Y->M,1787466729.2194314,29.525507933984045,442.4,1.3422385931325937,4.451929291588165,2.2139526881703984
4,Y->M,1787466729.357044,29.66312001197366,442.5,1.3308891702287124,4.467245792649697,2.201073511076825
4,Y->M,1787466729.432562,29.738638089969754,442.6,1.3197541796381598,4.482670555731972,2.190855025137576
4,Y->M,1787466729.5702095,29.876285404956434,442.6,1.3087218723733365,4.498190862186004,2.186707245349955
4,Y->M,1787466729.5828834,29.88895925495308,442.7,1.2977328416620482,4.513775651135447,2.182907496183658
4,Y->M,1787466729.5939343,29.900009648990817,442.7,1.2867985267042727,4.529420414024858,2.1780459509071597
4,Y->M,1787466729.7299857,30.036062014987692,442.8,1.2759803909857423,4.5450584020188325,2.174971291439819
4,Y->M,1787466729.8675573,30.17363347695209,442.9,1.265166238756417,4.560832224515367,2.1664527072884447
4,Y->M,1787466729.9438057,30.24988133396255,443.0,1.2545684824501036,4.5766608578732795,2.153743695975959
4,Y->M,1787466729.9562159,30.262291180959437,443.0,1.2441592065514369,4.592570597195017,2.147491602417216
4,Y->M,1787466730.0298061,30.33588242600672,443.0,1.23378083692797,4.608533868869552,2.1481238858132703
4,Y->M,1787466730.1674776,30.473553525982425,443.1,1.2233674700124948,4.6245109895590435,2.1493182222607095
4,Y->M,1787466730.3045812,30.61065745196538,443.2,1.2129315381281338,4.640496484507998,2.149232125058074
4,Y->M,1787466730.37991,30.685985741962213,443.3,1.2024982210923616,4.656506558610447,2.147308155282006
4,Y->M,1787466730.5172637,30.82333960995311,443.4,1.192166096162707,4.672522326181037,2.1388873306185983
4,Y->M,1787466730.6556764,30.96175208099885,443.5,1.18197299456019,4.688597578393874,2.1335004869729253
4,Y->M,1787466730.7920742,31.09814999200171,443.6,1.1718370506922586,4.704657214278731,2.136799624859044
4,Y->M,1787466730.9299858,31.236061632982455,443.7,1.1615981678369027,4.720706146597964,2.1429204016583783
4,Y->M,1787466731.0671368,31.373212520964444,443.8,1.1512527728624258,4.736711881282105,2.1482956797971404
4,Y->M,1787466731.2044644,31.510539884970058,443.9,1.1408212830012538,4.752687459061961,2.1517045194257944
4,Y->M,1787466731.3407428,31.646818456996698,444.0,1.1303312736021756,4.76868319629365,2.149998307766806
4,Y->M,1787466731.4166353,31.722711159964092,444.1,1.119945339350092,4.784637361772431,2.146160527201106
4,Y->M,1787466731.4304986,31.736574059003033,444.2,1.1096022312799563,4.8005763874086504,2.1492258607739196
4,Y->M,1787466731.4407933,31.746869038965087,444.2,1.099144943814138,4.816469687880777,2.1591009646578416
4,Y->M,1787466731.4511397,31.757215104997158,444.2,1.0885060690604997,4.832278723510331,2.169420585104837
4,Y->M,1787466731.4600399,31.76611513295211,444.2,1.0776961757694548,4.848002388805028,2.1784079456113465
4,Y->M,1787466731.467999,31.774073918000795,444.2,1.066792981311003,4.863564197515483,2.1888406620966725
4,Y->M,1787466731.4750714,31.7811467149877,444.2,1.0556716005063256,4.879126848487977,2.193744686190697
4,Y->M,1787466731.48215,31.78822531097103,444.2,1.044570130266399,4.894580457408351,2.19488636450881
4,Y->M,1787466731.5512164,31.85729195998283,444.2,1.0334396268343968,4.909967093100373,2.2026624514941036
4,Y->M,1787466731.6915793,31.99765512999147,444.3,1.0221251217217253,4.925248450155376,2.2171265416848813
4,Y->M,1787466731.8284914,32.134567332977895,444.4,1.0105599401029717,4.940383283239623,2.232451041662931
4,Y->M,1787466731.9654224,32.27149799297331,444.5,0.9987513583307139,4.955362445270529,2.246869164777805
4,Y->M,1787466732.101753,32.40783008397557,444.6,0.9867810106648087,4.970109313810963,2.2624420790487503
4,Y->M,1787466732.2407875,32.546863643976394,444.7,0.9752730404729424,4.983879474824468,2.2727434171974723
4,Y->M,1787466732.3779073,32.683983306982554,444.9,0.9659283243524331,4.99490400359022,2.2756381689607617
4,Y->M,1787466732.3920534,32.69812879996607,444.9,0.9569001526752117,5.0054742060119155,2.2823591074313
4,Y->M,1787466732.404004,32.710079813958146,444.9,0.9477704765261409,5.015954963604898,2.296312822485899
4,Y->M,1787466732.4766264,32.782703270961065,444.9,0.9381446565431106,5.026670985158788,2.3130271448511452
4,Y->M,1787466732.551153,32.85722891596379,445.0,0.92919512789231,5.036304510294596,2.329351788202298
4,Y->M,1787466732.6892478,32.995323598966934,445.1,0.9201055646412285,5.045786733212413,2.3438176580819214
4,Y->M,1787466732.765411,33.071486442990135,445.2,0.9109019697970516,5.055101142367189,2.360239904299212
4,Y->M,1787466732.8401492,33.14622552099172,445.2,0.9015042739911144,5.064322686771009,2.3733979670549754
4,Y->M,1787466732.9781942,33.284270106989425,445.3,0.8914856381458044,5.073929356484423,2.3824518073726613
4,Y->M,1787466733.0541544,33.36023006099276,445.4,0.8814465126240346,5.0833950959418175,2.3913108318012606
4,Y->M,1787466733.1291554,33.435231301002204,445.4,0.8721792347058759,5.091948344064089,2.404135614005984
4,Y->M,1787466733.2666123,33.57268810196547,445.6,0.8628117363471781,5.100359407688881,2.4189224381458843
4,Y->M,1787466733.4038963,33.70997312100371,445.7,0.853289490305544,5.108652664361375,2.4343288594193617
4,Y->M,1787466733.5420337,33.84810949099483,445.8,0.8429564531015249,5.117380336757334,2.4495599806072685
4,Y->M,1787466733.6792586,33.98533444898203,445.9,0.8329046332749863,5.125612557909679,2.4644362356261733
4,Y->M,1787466733.7569525,34.06302828196203,446.0,0.8231486984530001,5.133367015880191,2.478241675229904
4,Y->M,1787466733.7689018,34.07497733697528,446.0,0.8132863546366118,5.140990478098317,2.491483488779057
4,Y->M,1787466733.7799726,34.08604791300604,446.0,0.8033234623838619,5.148487805993152,2.5041394428199553
4,Y->M,1787466733.7898417,34.09591707895743,446.0,0.7932661562846645,5.155862431023383,2.5161974390884763
4,Y->M,1787466733.86122,34.167295349994674,446.0,0.7831161869278592,5.163120196445085,2.5276822505308316
4,Y->M,1787466733.875711,34.18178634997457,446.1,0.7727615707204619,5.170348795421865,2.5386821115175215
4,Y->M,1787466734.012359,34.31843487196602,446.1,0.7623296636551042,5.177465282345046,2.5492777434485676
4,Y->M,1787466734.0878527,34.39392873295583,446.2,0.7518307901287953,5.18446853550303,2.5595433362380247
4,Y->M,1787466734.2245426,34.53061863500625,446.3,0.7413121260140145,5.191328967373529,2.5700419280482674
4,Y->M,1787466734.3612452,34.66732103796676,446.4,0.7310298808570933,5.197878846262627,2.5814810231796503
4,Y->M,1787466734.4977858,34.803861787950154,446.5,0.72098974687328,5.204111720713105,2.5925891853403993
4,Y->M,1787466734.6348474,34.940924266004004,446.6,0.7103165437844209,5.210580636583542,2.6034226284782074
4,Y->M,1787466734.7757723,35.08184928196715,446.7,0.6990214500225348,5.217249888717011,2.6153918594412575
4,Y->M,1787466734.9126937,35.218770109000616,446.8,0.687676012303532,5.223757544358978,2.629592878503464
4,Y->M,1787466734.9900143,35.296090264979284,447.0,0.6767371801936757,5.229813128075493,2.6455469008400025
4,Y->M,1787466735.002667,35.30874284100719,447.0,0.6656872292446876,5.235720981413926,2.6576465203693203
4,Y->M,1787466735.0134447,35.31952022697078,447.0,0.6546038387856017,5.241467189299628,2.672343193887637
4,Y->M,1787466735.0232532,35.329328495950904,447.0,0.643399372512763,5.247081553152837,2.683597451915227
4,Y->M,1787466735.0324965,35.33857156697195,447.0,0.6323857781243571,5.2524279517939405,2.7011924192990997
4,Y->M,1787466735.106903,35.41297876398312,447.0,0.6213992691484348,5.257498758901296,2.7215980322415425
4,Y->M,1787466735.1817129,35.487789489969146,447.1,0.6096295700095853,5.262665519188519,2.7367893698945216
4,Y->M,1787466735.319513,35.625588914961554,447.2,0.5971721746794391,5.2679354466274715,2.7482920780118074
4,Y->M,1787466735.4564788,35.76255471096374,447.3,0.584680890854408,5.2730568860343,2.7592370613862447
4,Y->M,1787466735.5320022,35.83807831496233,447.4,0.5722491412229279,5.277991498240528,2.771222958411283
4,Y->M,1787466735.5444546,35.850530889991205,447.4,0.5598113340484772,5.28275343504628,2.782567814996836
4,Y->M,1787466735.6814144,35.987490360974334,447.5,0.5472820164972345,5.287383518874201,2.796012128266262
4,Y->M,1787466735.757406,36.06348238396458,447.5,0.5346987101886668,5.29184927858535,2.8089407591888245
4,Y->M,1787466735.897607,36.203683711006306,447.6,0.5221781563496642,5.296068930990669,2.8294932342502976
4,Y->M,1787466736.0355694,36.34164667798905,447.7,0.5096118721747306,5.3000236818403375,2.8474569024710643
4,Y->M,1787466736.1758623,36.4819387869793,447.9,0.4969105802155257,5.3038001802319785,2.859285939251677
4,Y->M,1787466736.316567,36.62264334899373,448.0,0.48278177728830807,5.307834234957928,2.8699433460802446
4,Y->M,1787466736.4535341,36.75961008499144,448.1,0.46595185207343437,5.3124360024557475,2.8830334988523374
4,Y->M,1787466736.529418,36.83549403096549,448.2,0.44757590095580996,5.317166336273032,2.9002602925859065
4,Y->M,1787466736.5423927,36.84846884495346,448.2,0.42910633145533644,5.321592471195229,2.916871642226141
4,Y->M,1787466736.5534313,36.85950690496247,448.2,0.41053222260584926,5.325706630199228,2.9337595924805324
4,Y->M,1787466736.5633824,36.86945796897635,448.2,0.3919406918263364,5.329514169123268,2.9502574276145714
4,Y->M,1787466736.5713184,36.87739364098525,448.2,0.373257157518199,5.332963127341015,2.974308862972608
4,Y->M,1787466736.6455631,36.95163884299109,448.3,0.354476014873279,5.335968947385356,2.995981210055843
4,Y->M,1787466736.7199795,37.02605643199058,448.3,0.33562196803651,5.338606960485035,3.012471014704672
4,Y->M,1787466736.860724,37.16680115897907,448.4,0.3167337648876663,5.340955256866815,3.0262662438097427
4,Y->M,1787466736.9364192,37.242495144950226,448.5,0.2978172486947375,5.343053747922178,3.0387740548584157
4,Y->M,1787466737.0108693,37.316945102997124,448.5,0.27887824620742474,5.34492070687963,3.050699090563682
4,Y->M,1787466737.1476178,37.453694361960515,448.6,0.25992436705726707,5.346563443164721,3.062378562456768
4,Y->M,1787466737.2853694,37.59144526999444,448.7,0.24096162268652482,5.347983586252772,3.0741372455509537
4,Y->M,1787466737.424473,37.730549169005826,448.8,0.22198702617006955,5.34917949438748,3.0859965968813503
4,Y->M,1787466737.5631354,37.86921180499485,449.0,0.2029971314011032,5.350150375837378,3.0979120511475617
4,Y->M,1787466737.7010572,38.007133539998904,449.1,0.18399192941962642,5.350894817298046,3.10989150491368
4,Y->M,1787466737.83956,38.145636019995436,449.2,0.1649771544210329,5.351411574570357,3.1218712149676273
4,Y->M,1787466737.9161139,38.222189495980274,449.3,0.1459600961501859,5.351699745242533,3.133967329303513
4,Y->M,1787466737.930443,38.23651951900683,449.3,0.12694170733766158,5.351756821831883,-3.1369913444000166
4,Y->M,1787466737.9433286,38.24940404196968,449.3,0.10792168838430366,5.351580795375397,-3.124632164044947
4,Y->M,1787466737.9543831,38.260458474978805,449.3,0.08890175240053774,5.351169566678937,-3.112258511321247
4,Y->M,1787466737.9645212,38.27059658599319,449.3,0.06989073512204677,5.350522085852733,-3.0997671102821993
4,Y->M,1787466737.9732618,38.2793376139598,449.3,0.05089544339197202,5.349636179800978,-3.0871727190312988
4,Y->M,1787466738.043661,38.34973720595008,449.3,0.03191897405651109,5.348511569969574,-3.074566973488164
4,Y->M,1787466738.1830015,38.489078251004685,449.5,0.012961865836421688,5.347147487755692,-3.061755447364819
4,Y->M,1787466738.3221154,38.628192090953235,449.6,-0.005977263291247086,5.345539345546624,-3.048786938975927
4,Y->M,1787466738.4595942,38.7656701770029,449.7,-0.024895491636189027,5.34368389487786,-3.0356929017653353
4,Y->M,1787466738.5349495,38.84102587995585,449.8,-0.04379070769336408,5.341579698343957,-3.0226019292511133
4,Y->M,1787466738.6716228,38.97769914398668,449.8,-0.06265827026035178,5.339227856402437,-3.009431609039565
4,Y->M,1787466738.8100958,39.11617261398351,450.0,-0.08148722813282476,5.336616187361706,-2.994317144266553
4,Y->M,1787466738.8257563,39.131832137994934,450.0,-0.10029515546785335,5.333729664343859,-2.981401918115059
4,Y->M,1787466738.8365576,39.142633066978306,450.0,-0.11906950566046105,5.330618373304373,-2.9708793026355806
4,Y->M,1787466738.9084435,39.21451976598473,450.0,-0.1378149414071014,5.327306019285759,-2.9605492845456607
4,Y->M,1787466739.045894,39.35197031399002,450.1,-0.15650133805379635,5.3238162178921,-2.9506660207221382
4,Y->M,1787466739.1827624,39.488838684977964,450.2,-0.17518861997279858,5.320122249334096,-2.940511153689242
4,Y->M,1787466739.3207474,39.6268240189529,450.4,-0.19380066191529283,5.316264533836701,-2.9311540967738643
4,Y->M,1787466739.4580905,39.76416656200308,450.5,-0.21242120242200774,5.312207627257813,-2.921405126975587
4,Y->M,1787466739.5959811,39.902057058003265,450.6,-0.2310016425534834,5.308026355478932,-2.9187160067354947
4,Y->M,1787466739.6713974,39.9774730259669,450.7,-0.249537559941739,5.303795516344248,-2.9134609354795242
4,Y->M,1787466739.6839397,39.99001548800152,450.7,-0.26802896142010196,5.299427605904318,-2.90255175555365
4,Y->M,1787466739.695747,40.001822705962695,450.7,-0.2864992421908839,5.29482647026015,-2.8897692825571935
4,Y->M,1787466739.7054095,40.01148510997882,450.7,-0.30488379077012756,5.290002643730006,-2.8767268489580005
4,Y->M,1787466739.77661,40.08268640295137,450.7,-0.3232406541520898,5.284936419262072,-2.865431459837609
4,Y->M,1787466739.7901025,40.09617850696668,450.8,-0.3415451868635186,5.279651139575893,-2.8534863657988403
4,Y->M,1787466739.9286916,40.234767686983105,450.8,-0.3597364978805175,5.274174911867668,-2.8415794465597464
4,Y->M,1787466740.0659864,40.37206228496507,450.9,-0.3779253939352851,5.268438170877579,-2.828711305661897
4,Y->M,1787466740.1407866,40.44686272600666,451.0,-0.3960290220588344,5.262540459280049,-2.823872833420564
4,Y->M,1787466740.2771707,40.583247418981045,451.1,-0.41407792751024985,5.256551865707168,-2.815819891323112
4,Y->M,1787466740.3524446,40.65852077497402,451.2,-0.4320290954217466,5.2503817977451845,-2.8011909272633524
4,Y->M,1787466740.3657115,40.67178699100623,451.2,-0.4499123104633446,5.243904395566696,-2.7832748002552594
4,Y->M,1787466740.5028555,40.80893177998951,451.3,-0.4676967389271218,5.237100486373978,-2.765924751662335
4,Y->M,1787466740.6409533,40.947029587987345,451.4,-0.48531527529002033,5.230007556718868,-2.747689127195866
4,Y->M,1787466740.7804747,41.08655045100022,451.5,-0.5028627304519547,5.222575612473179,-2.731205895930799
4,Y->M,1787466740.7947888,41.10086470399983,451.6,-0.5202929949562827,5.214841143892552,-2.714106414180982
4,Y->M,1787466740.8068519,41.11292778898496,451.6,-0.5375776768134174,5.206875021561536,-2.703781605467487
4,Y->M,1787466740.8172934,41.12336911598686,451.6,-0.5547554112568406,5.19873247598585,-2.69068501277625
4,Y->M,1787466740.9560719,41.26214814296691,451.6,-0.571779879805409,5.1903326923024755,-2.671501295310972
4,Y->M,1787466741.0937853,41.399862266960554,451.7,-0.5886570375005236,5.181563700104852,-2.6494739983229842
4,Y->M,1787466741.23421,41.54028599098092,451.9,-0.6053201615613342,5.172429715566267,-2.6265821845842123
4,Y->M,1787466741.2483704,41.55444661597721,451.9,-0.6218041067976365,5.1629048406986975,-2.6052145422488273
4,Y->M,1787466741.3215284,41.627604940964375,451.9,-0.6380370040055401,5.153044885948902,-2.5820832510558374
4,Y->M,1787466741.4598112,41.76588703499874,452.0,-0.6540739874661363,5.142782457814823,-2.559839215685185
4,Y->M,1787466741.5965078,41.902583955961745,452.1,-0.6698518547961032,5.132214925286404,-2.539612143351954
4,Y->M,1787466741.73357,42.03964630997507,452.3,-0.6854016517703141,5.121318879178269,-2.5175568665249832
4,Y->M,1787466741.748746,42.05482161795953,452.3,-0.7007112454969873,5.110073084892352,-2.4950867863923754
4,Y->M,1787466741.7600234,42.06609886098886,452.3,-0.7157733447304533,5.098479632396462,-2.4729067766939945
4,Y->M,1787466741.8959346,42.20201101497514,452.4,-0.7305858239048978,5.086551449072841,-2.4514010064077136
4,Y->M,1787466742.0342996,42.34037566196639,452.5,-0.7450871204769394,5.074360074712039,-2.4308410158376472
4,Y->M,1787466742.0474918,42.35356793098617,452.5,-0.7592271786036385,5.061976872380442,-2.4112810134575837
4,Y->M,1787466742.1845694,42.4906456739991,452.6,-0.7728712690913806,5.049559538563946,-2.3928650070075013
4,Y->M,1787466742.2595055,42.56558140198467,452.7,-0.7861862005991221,5.036998854641051,-2.3756790563595547
4,Y->M,1787466742.39734,42.703416546981316,452.8,-0.7993580902784921,5.024191549999366,-2.3643330861197125
4,Y->M,1787466742.4117403,42.717816071002744,452.8,-0.8118404347828981,5.011786294187201,-2.351977510287313
4,Y->M,1787466742.4864495,42.79252560500754,452.8,-0.8237399350504923,4.9996023856152725,-2.334308260221683
4,Y->M,1787466742.5007005,42.806775815959554,452.9,-0.8350463983304909,4.987591213221182,-2.3152258821691944
4,Y->M,1787466742.6371615,42.94323788996553,453.0,-0.8460796509234556,4.975433245260788,-2.2975983525884875
4,Y->M,1787466742.7744646,43.080540576949716,453.1,-0.8568092089347549,4.963175273012133,-2.2805783991302166
4,Y->M,1787466742.9111693,43.21724524098681,453.2,-0.8672996513756154,4.950765629278811,-2.2621278894293146
4,Y->M,1787466743.0493698,43.355445459950715,453.3,-0.8775263200175331,4.9382274427026145,-2.2450875403874178
4,Y->M,1787466743.1857615,43.49183757696301,453.4,-0.8874050614930178,4.9256022392403365,-2.2204343777989513
4,Y->M,1787466743.3235574,43.62963333999505,453.5,-0.897005545828077,4.912691728033507,-2.197829579540095
4,Y->M,1787466743.461503,43.76757924398407,453.6,-0.9064506217600165,4.899449770274244,-2.181606506341682
4,Y->M,1787466743.599012,43.90508900600253,453.7,-0.9157116603018367,4.886050574291727,-2.167956919409092
4,Y->M,1787466743.7363718,44.0424483709503,453.8,-0.9247367069753457,4.872605467756344,-2.153941668429833
4,Y->M,1787466743.874043,44.18011899496196,453.9,-0.9334878833353419,4.85914529556516,-2.1381341011405346
4,Y->M,1787466743.8878691,44.19394533196464,454.0,-0.9393693719649596,4.844613609657355,-2.114678178968945
4,Y->M,1787466743.900152,44.206227619957644,454.0,-0.9495166569650925,4.832550697823428,-2.093484266662591
4,Y->M,1787466743.9109933,44.217068874975666,454.0,-0.9576883998628244,4.818170302178376,-2.079327079378633
4,Y->M,1787466743.9220245,44.228100108972285,454.0,-0.965706471930936,4.803606416280759,-2.066025150577688
4,Y->M,1787466743.929971,44.23604622198036,454.0,-0.973519125895519,4.788945657999552,-2.052346425872702
4,Y->M,1787466743.9371674,44.24324296897976,454.0,-0.981094752876286,4.774230583263815,-2.0371816160396707
4,Y->M,1787466743.9436264,44.24970190797467,454.0,-0.988411251827452,4.759431614188996,-2.0195818570620254
4,Y->M,1787466744.0127392,44.3188156739925,454.1,-0.9954257121088275,4.744454107101238,-1.9937707696856435
4,Y->M,1787466744.0885377,44.394613039970864,454.2,-1.0021304360766736,4.729141755307185,-1.971167396997614
4,Y->M,1787466744.2276018,44.53369501698762,454.2,-1.0087897577157143,4.7130747471232155,-1.955544690353435
4,Y->M,1787466744.371162,44.67723795800703,454.3,-1.015275907950953,4.69678266808311,-1.941160789918384
4,Y->M,1787466744.3842244,44.69029994995799,454.4,-1.0216585406997778,4.680061050906883,-1.926648386179528
4,Y->M,1787466744.5208766,44.82695304299705,454.5,-1.0278082881816377,4.663201416811296,-1.910624446865629
4,Y->M,1787466744.6577718,44.9638476119726,454.6,-1.0336978307946958,4.646040784353142,-1.8866266345513214
4,Y->M,1787466744.732786,45.038862052955665,454.7,-1.0393222069250225,4.628263382559923,-1.8641954084741779
4,Y->M,1787466744.8700309,45.17610718397191,454.7,-1.0446960070103235,4.610034532640023,-1.848059461598329
4,Y->M,1787466745.010096,45.316172374994494,454.8,-1.049784811118092,4.591763626228992,-1.833650928769376
4,Y->M,1787466745.0258682,45.331944138975814,454.9,-1.0545963692967335,4.573450078191609,-1.81804064718661
4,Y->M,1787466745.0374131,45.34348864300409,454.9,-1.0590875477317183,4.554994765902185,-1.795852709355791
4,Y->M,1787466745.1111317,45.41720816597808,454.9,-1.0631758435158556,4.536422935903173,-1.7755361619559613
4,Y->M,1787466745.2470374,45.55311354598962,455.0,-1.0669400640019178,4.51773923736025,-1.762170682589363
4,Y->M,1787466745.3841934,45.69026972196298,455.2,-1.070460414255604,4.4990567393816585,-1.7500092369119287
4,Y->M,1787466745.5220685,45.828144429950044,455.3,-1.0737419100664478,4.480354734994287,-1.7364879626615057
4,Y->M,1787466745.536766,45.842841447971296,455.3,-1.0767867768099144,4.461635292169247,-1.7240495334890977
4,Y->M,1787466745.5483253,45.85440081800334,455.3,-1.0795483311440786,4.442842169217572,-1.7042454181354103
4,Y->M,1787466745.620601,45.9266766969813,455.3,-1.0819493041825845,4.423975509419118,-1.6870748986366522
4,Y->M,1787466745.759075,46.06515077495715,455.5,-1.084067331416774,4.405044879455438,-1.6757295183482945
4,Y->M,1787466745.8960238,46.202099821995944,455.6,-1.0859959935368486,4.386103179296465,-1.6678134881399969
4,Y->M,1787466746.036088,46.34216417995049,455.7,-1.087783251078964,4.367186434767655,-1.6603644274441516
4,Y->M,1787466746.1126702,46.4187463959679,455.8,-1.0894233186497673,4.348233100946645,-1.6523870347920726
4,Y->M,1787466746.125711,46.43178651400376,455.8,-1.0909285991869249,4.329259867899335,-1.6463482238959788
4,Y->M,1787466746.1375015,46.44357712200144,455.8,-1.092329187147221,4.310273744996359,-1.6414055261140272
4,Y->M,1787466746.2122371,46.5183131719823,455.8,-1.0936387122274676,4.291278772458162,-1.6370197622712106
4,Y->M,1787466746.3515368,46.65761312900577,455.9,-1.0948675129549272,4.272278181543049,-1.6333075138866444
4,Y->M,1787466746.489947,46.796023514994886,456.0,-1.0960312611290006,4.25327493887694,-1.6302864384475737
4,Y->M,1787466746.5047088,46.81078431295464,456.1,-1.0971463980612426,4.234267183671504,-1.6279960782183494
4,Y->M,1787466746.5160353,46.822110858978704,456.1,-1.0982227888250524,4.215254797575253,-1.6261846752985216
4,Y->M,1787466746.6543796,46.96045548497932,456.2,-1.099265470987013,4.196237292110127,-1.6250173970178783
4,Y->M,1787466746.7304265,47.03650344995549,456.2,-1.1002910379614297,4.177218769959803,-1.624896508783727
4,Y->M,1787466746.743976,47.05005161097506,456.3,-1.101322622476399,4.158204909134034,-1.6255757882912596
4,Y->M,1787466746.8806925,47.1867692740052,456.4,-1.1023773505070256,4.139192288000997,-1.6272374248646795
4,Y->M,1787466747.0197616,47.32583755697124,456.5,-1.1034700611582324,4.120177780730258,-1.6298865354600134
4,Y->M,1787466747.0342615,47.34033791796537,456.6,-1.1046178938873437,4.101159465081555,-1.6335762959653848
4,Y->M,1787466747.1703348,47.476410536968615,456.6,-1.1058455785948882,4.082138576740212,-1.6388247296279639
4,Y->M,1787466747.2451856,47.55126143898815,456.7,-1.107185100453213,4.063125346214895,-1.6453888964673682
4,Y->M,1787466747.2577384,47.563813969958574,456.7,-1.1086605382537542,4.044121008161686,-1.6532567401444935
4,Y->M,1787466747.3942704,47.7003466609749,456.8,-1.1102931286872748,4.025126306881398,-1.6624591288024333
4,Y->M,1787466747.5308702,47.83694647799712,456.9,-1.1121106268069836,4.0061398592490765,-1.6732316231608266
4,Y->M,1787466747.6664515,47.97252667497378,457.0,-1.1141270214662113,3.9872382469415855,-1.6814990947134951
4,Y->M,1787466747.73977,48.04584567499114,457.1,-1.116218444314051,3.968320567745414,-1.679718536873824
4,Y->M,1787466747.7529206,48.05899613897782,457.1,-1.1183103704370083,3.9493682340987486,-1.684544059745103
4,Y->M,1787466747.8257835,48.13185963995056,457.1,-1.1205518174726719,3.930418848067943,-1.6966859384305872
4,Y->M,1787466747.9648316,48.27090793696698,457.2,-1.123055841733835,3.9115014452349897,-1.7126741536455137
4,Y->M,1787466748.0407255,48.346800983999856,457.3,-1.1258710233736187,3.8926495266000223,-1.730169624600495
4,Y->M,1787466748.1154814,48.42155709496001,457.3,-1.1290099008369254,3.873864988159912,-1.7475563184285985
4,Y->M,1787466748.1917965,48.49787226394983,457.4,-1.1324676196862449,3.8551541594300467,-1.7641240571877106
4,Y->M,1787466748.3282168,48.63429282896686,457.5,-1.1362282128276044,3.836512540634002,-1.7797841889568642
4,Y->M,1787466748.4656725,48.771748236962594,457.6,-1.140294621214307,3.8179505011859574,-1.7973661559942482
4,Y->M,1787466748.4814124,48.78748849697877,457.7,-1.1446981448538531,3.7993679437662116,-1.8155034440976396
4,Y->M,1787466748.5566115,48.86268764297711,457.7,-1.149385403427672,3.7810072780644894,-1.8281355060847944
4,Y->M,1787466748.6317759,48.93785174400546,457.7,-1.15429474514631,3.762591087019975,-1.8375215900908484
4,Y->M,1787466748.7076797,49.01375542598544,457.8,-1.1594190639061448,3.7441998323721375,-1.853021495430651
4,Y->M,1787466748.8447387,49.150814900000114,457.9,-1.1648730584780222,3.725931960413091,-1.8744800238133061
4,Y->M,1787466748.9855454,49.29162158397958,458.0,-1.1707121290481532,3.707817081181626,-1.8959781151007902
4,Y->M,1787466749.122893,49.42896925000241,458.1,-1.1769205563793639,3.6898502923211565,-1.9158311623163242
4,Y->M,1787466749.1379468,49.44402267294936,458.2,-1.1834646852397208,3.6720225564142965,-1.9334048109019382
4,Y->M,1787466749.1503475,49.45642290095566,458.2,-1.1902905950968776,3.654240820035445,-1.9435322041843475
4,Y->M,1787466749.1612954,49.467370645958,458.2,-1.1973065957179019,3.636511160876448,-1.9559908602701603
4,Y->M,1787466749.2967913,49.60286743496545,458.3,-1.204589624955785,3.618891351409277,-1.975078079871788
4,Y->M,1787466749.4333007,49.73937649198342,458.4,-1.2122132735599598,3.601465173793382,-1.9963380715815928
4,Y->M,1787466749.570629,49.87670550995972,458.5,-1.2201870360158291,3.5842362805370818,-2.016556937240482
4,Y->M,1787466749.6470716,49.953147091961,458.6,-1.2284797238764003,3.5671830502925777,-2.0342759393576584
4,Y->M,1787466749.6597607,49.96583591599483,458.6,-1.2370524377094283,3.550185660154758,-2.0435612324959957
4,Y->M,1787466749.6706738,49.97674945596373,458.6,-1.2457933536643369,3.5332490661848754,-2.0543635374221423
4,Y->M,1787466749.8065343,50.11261008697329,458.7,-1.2547600595696446,3.5164306422979097,-2.0716853359316807
4,Y->M,1787466749.9437191,50.24979537096806,458.8,-1.2640200284000465,3.499811958222127,-2.091083553620239
4,Y->M,1787466750.0825624,50.38863855996169,458.9,-1.2735852264621743,3.483396571860529,-2.109257344071519
4,Y->M,1787466750.2210684,50.52714488399215,459.0,-1.2834184850442323,3.467166673367323,-2.1248248328138333
4,Y->M,1787466750.3581438,50.66421947994968,459.1,-1.2934778828659441,3.4510081040879035,-2.1321408804923845
4,Y->M,1787466750.4958653,50.80194168200251,459.3,-1.303667696601137,3.43490595751208,-2.1405997237731658
4,Y->M,1787466750.509106,50.81518194300588,459.3,-1.3140642188777545,3.418879596081041,-2.1566145458558315
4,Y->M,1787466750.520631,50.82670654595131,459.3,-1.3246976931064083,3.4030835562663717,-2.174332383150008
4,Y->M,1787466750.5312896,50.83736504596891,459.3,-1.3355863089971964,3.3874918187557155,-2.1901552348021895
4,Y->M,1787466750.5404646,50.84654006600613,459.4,-1.346692089717996,3.3720798192648083,-2.202995827350521
4,Y->M,1787466750.54854,50.85461532295449,459.4,-1.3579450559521729,3.3568190430433513,-2.209993264236194
4,Y->M,1787466750.6185186,50.9245944339782,459.4,-1.3693249657035025,3.341544167307393,-2.2137781919205124
4,Y->M,1787466750.6944847,51.000560826971196,459.5,-1.3808098804684423,3.3263105508075044,-2.22278683705009
4,Y->M,1787466750.8310223,51.137098318955395,459.5,-1.3924508448000392,3.3112334504798784,-2.23694096288751
4,Y->M,1787466750.9664676,51.27254316798644,459.6,-1.404286306939475,3.2963467816912546,-2.2507757054222663
4,Y->M,1787466751.1076233,51.413699575990904,459.8,-1.4163057228940639,3.2816330614242886,-2.2625141155592545
4,Y->M,1787466751.2452831,51.55135929596145,459.9,-1.4285266989991916,3.2670057700455724,-2.273984107151244
4,Y->M,1787466751.3219512,51.6280270779971,460.0,-1.4408353915287293,3.2525705966969123,-2.2799085363480103
4,Y->M,1787466751.3351154,51.64119191898499,460.0,-1.4532390369057564,3.2381244512030687,-2.2814041168503625
4,Y->M,1787466751.3462412,51.65231693099486,460.0,-1.4656999858241058,3.2236941358815203,-2.2866842930921605
4,Y->M,1787466751.4188714,51.72494810097851,460.0,-1.4782753263290127,3.209349695377894,-2.297225222406244
4,Y->M,1787466751.556617,51.86269298096886,460.1,-1.4909803022004102,3.1951676400878735,-2.3077148206719476
4,Y->M,1787466751.6321833,51.938258824986406,460.2,-1.5038165020689385,3.1811217487909897,-2.316352414704812
4,Y->M,1787466751.7055259,52.011601561971474,460.2,-1.5167512374437364,3.1671846127777163,-2.3226524094026124
4,Y->M,1787466751.8436956,52.14977157895919,460.4,-1.529818215042244,3.1533004023657036,-2.3314030946663857
4,Y->M,1787466751.9808302,52.28690645599272,460.5,-1.5429354061167517,3.139576081553801,-2.336590579602255
4,Y->M,1787466752.120178,52.42625367897563,460.6,-1.5561765657565083,3.125880205891494,-2.3437352973679277
4,Y->M,1787466752.2568157,52.56289167399518,460.7,-1.5694277680957165,3.1123171266886227,-2.344465418784468
4,Y->M,1787466752.3326485,52.63872419897234,460.8,-1.5827136288544168,3.0986766656875058,-2.3416550192026406
4,Y->M,1787466752.3457143,52.651790062955115,460.8,-1.5959962020325094,3.085007934029774,-2.3431525506776474
4,Y->M,1787466752.3572521,52.66332789399894,460.8,-1.609327106361116,3.0713785518647536,-2.348766969240121
4,Y->M,1787466752.3670468,52.673122375970706,460.8,-1.6227306456808266,3.057849524358511,-2.3556656752629697
4,Y->M,1787466752.4420657,52.7481414959766,460.9,-1.6362392552500862,3.0444002605536844,-2.3624896239210034
4,Y->M,1787466752.5169997,52.82307578495238,460.9,-1.649811074078978,3.031056652967003,-2.3676472602702114
4,Y->M,1787466752.6541574,52.96023318200605,461.0,-1.663471375368239,3.017763518933639,-2.373440927794287
4,Y->M,1787466752.7299738,53.036049260990694,461.1,-1.6771627739851027,3.0045722920553737,-2.3765306876887387
4,Y->M,1787466752.8051484,53.11122478096513,461.1,-1.6909238981531165,2.991400921153229,-2.3805196219188565
4,Y->M,1787466752.9501584,53.25623441400239,461.3,-1.7047339126463863,2.9782944838573444,-2.385201067837737
4,Y->M,1787466753.0899484,53.39602516096784,461.4,-1.7186014004137222,2.9652569084799176,-2.389854768258069
4,Y->M,1787466753.165952,53.47202813898912,461.5,-1.7324833575748864,2.9522914647903318,-2.3905227433111627
4,Y->M,1787466753.1788685,53.484943722956814,461.5,-1.7464128864831616,2.939300171419204,-2.3921129222019517
4,Y->M,1787466753.1890612,53.49513655400369,461.5,-1.7603691209816918,2.9263343542264524,-2.39461499687411
4,Y->M,1787466753.2606642,53.5667406359571,461.5,-1.774363909824192,2.9134042594661507,-2.3973826910716274
4,Y->M,1787466753.3975093,53.703584962000605,461.6,-1.7883972632630993,2.900512074123774,-2.4001237185470274
4,Y->M,1787466753.4725008,53.778576768003404,461.7,-1.8024626268086539,2.8876559734463396,-2.402631698431312
4,Y->M,1787466753.546323,53.85239901696332,461.7,-1.8165560857887246,2.8748358557150557,-2.4047870474392656
4,Y->M,1787466753.683446,53.98952211695723,461.8,-1.8306716527802451,2.8620497037896246,-2.4065896988594218
4,Y->M,1787466753.8207345,54.126810221991036,461.9,-1.844801529290706,2.84929186286442,-2.4080428776096294
4,Y->M,1787466753.8977075,54.20378332800465,462.0,-1.8589425715316001,2.8365557359263196,-2.409162929560339
4,Y->M,1787466753.9733078,54.27938359900145,462.1,-1.8730963232485944,2.8238357665415235,-2.409935095665654
4,Y->M,1787466753.9852078,54.29128329898231,462.1,-1.887260394738183,2.81112300880698,-2.4103928193425745
4,Y->M,1787466754.0581963,54.36427236394957,462.1,-1.9014315474436203,2.798409870420073,-2.4105802655090525
4,Y->M,1787466754.1986375,54.504713686998,462.2,-1.915609253636721,2.7856944049535417,-2.4105680196136214
4,Y->M,1787466754.3357782,54.641854063957,462.4,-1.9297908327576365,2.7729755171954253,-2.4104036944178837
4,Y->M,1787466754.47271,54.778786106966436,462.5,-1.943970503568006,2.7602509461222176,-2.4101119838463845
4,Y->M,1787466754.5477083,54.85378391796257,462.6,-1.958145551838561,2.747520865737635,-2.409711425865697
4,Y->M,1787466754.5605028,54.866578668996226,462.6,-1.9723143307328068,2.7347875757218723,-2.4092308771822073
4,Y->M,1787466754.5715625,54.877637811005116,462.6,-1.986470959713211,2.7220512271412836,-2.4086695043696476
4,Y->M,1787466754.6436896,54.949765649973415,462.6,-2.0006131706750705,2.709310739693525,-2.4080244637742205
4,Y->M,1787466754.7808485,55.08692438900471,462.7,-2.0147440611453096,2.6965652027986584,-2.4073139570495843
4,Y->M,1787466754.7945504,55.10062612296315,462.8,-2.0288653505577066,2.68381011415823,-2.4065501492545276
4,Y->M,1787466754.8690085,55.17508455395,462.8,-2.042978245856399,2.6710406148705466,-2.4057251026865503
4,Y->M,1787466755.0067546,55.312830430979375,462.9,-2.057084595571666,2.6582547862699624,-2.4048402606285655
4,Y->M,1787466755.086195,55.39227092999499,463.0,-2.071184950342416,2.6454527325805097,-2.403927401365905
4,Y->M,1787466755.1609292,55.46700564597268,463.0,-2.085276716660974,2.6326347573668483,-2.4030007752703892
4,Y->M,1787466755.299091,55.60516713396646,463.2,-2.0993581078832144,2.6198014478276455,-2.4020822853740436
4,Y->M,1787466755.3130565,55.61913227499463,463.2,-2.1134279707438526,2.6069551186727407,-2.401176747907205
4,Y->M,1787466755.387143,55.6932188399951,463.2,-2.1274843535567793,2.594098527772615,-2.400272611447005
4,Y->M,1787466755.4627798,55.7688559909584,463.3,-2.1415238581596516,2.581233932766844,-2.3993756587268953
4,Y->M,1787466755.599285,55.90536122699268,463.4,-2.1555457409975802,2.568361721845784,-2.398488132243151
4,Y->M,1787466755.7376382,56.04371457896195,463.5,-2.1695528889124134,2.5554804868145293,-2.397607795403149
4,Y->M,1787466755.813392,56.11946740699932,463.6,-2.1835493943195243,2.542586842840153,-2.3967341394808646
4,Y->M,1787466755.8889523,56.19502783799544,463.7,-2.197537661225257,2.5296780759584108,-2.3958680186011483
4,Y->M,1787466755.963564,56.26964027096983,463.7,-2.2115183365774613,2.5167529059121505,-2.3949870981953496
4,Y->M,1787466756.039892,56.34596869000234,463.8,-2.2254918573874622,2.5038117899755297,-2.394111562799977
4,Y->M,1787466756.0533764,56.35945237899432,463.8,-2.239457788280683,2.4908557356573415,-2.393254339660162
4,Y->M,1787466756.127199,56.433275580988266,463.8,-2.2534146391903107,2.47788591459427,-2.3924218491463747
4,Y->M,1787466756.2669306,56.573006680991966,464.0,-2.2673605903607137,2.4649044977143664,-2.3916196665338774
4,Y->M,1787466756.4046953,56.7107712639845,464.1,-2.2812934693919122,2.451914616425137,-2.390844253677599
4,Y->M,1787466756.4184291,56.724504822981544,464.1,-2.2952113427622387,2.4389190500882654,-2.3900938292255947
4,Y->M,1787466756.491641,56.79771718295524,464.1,-2.3091140719914707,2.4259182735941804,-2.389360496683956
4,Y->M,1787466756.6296525,56.935728113981895,464.2,-2.323004329004802,2.41291013907877,-2.3886355708157314
4,Y->M,1787466756.766584,57.07265964499675,464.3,-2.3368858706131044,2.3998912250914186,-2.387917320650944
4,Y->M,1787466756.842433,57.148509503982496,464.4,-2.3507612859536335,2.3868591347612176,-2.3871889658676646
4,Y->M,1787466756.856423,57.162498559977394,464.5,-2.3646312365340885,2.373813096132356,-2.386453998462429
4,Y->M,1787466756.9926739,57.29874992399709,464.5,-2.378495298019972,2.360753586471755,-2.3857245914819587
4,Y->M,1787466757.0677536,57.37382972496562,464.6,-2.3923527600605707,2.347681150892178,-2.3850212980303076
4,Y->M,1787466757.1474261,57.45350176800275,464.7,-2.406203349064528,2.334597230324788,-2.3843471143346333
4,Y->M,1787466757.2859323,57.59200828097528,464.8,-2.4200453014553913,2.3215041591726497,-2.383700931192605
4,Y->M,1787466757.2987332,57.604808695963584,464.8,-2.4338757581742745,2.308405284686043,-2.3830785301123916
4,Y->M,1787466757.312796,57.6188718759804,464.8,-2.4476925168122796,2.295303020055024,-2.3824809228435164
4,Y->M,1787466757.4497836,57.75585986499209,464.9,-2.4614963671418906,2.282197626382675,-2.381911116050381
4,Y->M,1787466757.5861752,57.89225123997312,465.0,-2.4752581284740307,2.2691099345645824,-2.3797730618283435
4,Y->M,1787466757.726177,58.03225319599733,465.1,-2.489005901527584,2.2559484826160268,-2.3759404606384105
4,Y->M,1787466757.8635893,58.1696655129781,465.2,-2.502719629310599,2.2427383316163385,-2.3739422249225712
4,Y->M,1787466758.0008633,58.30693902698113,465.3,-2.5164162187437524,2.229504510885203,-2.372991043816694
4,Y->M,1787466758.138166,58.444242117984686,465.4,-2.5301043856607572,2.216259958908874,-2.372598626356326
4,Y->M,1787466758.277501,58.58357699797489,465.5,-2.54373495624777,2.203021827002228,-2.368121483943401
4,Y->M,1787466758.2911859,58.59726186597254,465.6,-2.5573547257786533,2.1896864245532925,-2.3654540217169906
4,Y->M,1787466758.3039958,58.610071517992765,465.6,-2.570948233237987,2.176327380433846,-2.36463294056399
4,Y->M,1787466758.3143158,58.620391576958355,465.6,-2.584530200442355,2.162969394686664,-2.36480259242563
4,Y->M,1787466758.3233254,58.629400765988976,465.6,-2.598028601668254,2.149641112706888,-2.3580167309995805
4,Y->M,1787466758.3313031,58.63737837399822,465.6,-2.6114499533235005,2.1361492588509323,-2.3479405048426756
4,Y->M,1787466758.3388436,58.64491877198452,465.6,-2.62476862647859,2.1225337344057964,-2.34261121663485
4,Y->M,1787466758.4761672,58.782243005989585,465.7,-2.6380448183594147,2.108872153969063,-2.3417674178463552
4,Y->M,1787466758.6155875,58.92166350397747,465.8,-2.6513241605981506,2.0952134567162317,-2.3432963025416758
4,Y->M,1787466758.7550044,59.06108073994983,465.9,-2.6646164584237058,2.081584145209046,-2.344529720731693
4,Y->M,1787466758.8314085,59.13748430396663,466.0,-2.677922754082546,2.067978555805539,-2.3456924314629575
4,Y->M,1787466758.9069936,59.21306983800605,466.0,-2.6912565933360533,2.0543628170049564,-2.346343420982309
4,Y->M,1787466759.0442715,59.35034782398725,466.1,-2.7045804050672095,2.04078521664375,-2.346957199843241
4,Y->M,1787466759.1205113,59.426587647001725,466.3,-2.717926530676439,2.027178417260768,-2.3465804354640567
4,Y->M,1787466759.1938412,59.499917371955235,466.3,-2.7312376635785793,2.0136113870484467,-2.34628524746123
4,Y->M,1787466759.33218,59.638256295002066,466.4,-2.744558933545369,1.9999980963162087,-2.34484794392925
4,Y->M,1787466759.408263,59.71433879400138,466.5,-2.7578727979934543,1.986384451142181,-2.346002613814596
4,Y->M,1787466759.4194064,59.72548179497244,466.5,-2.771131784562405,1.9728120848393216,-2.341241143329063
4,Y->M,1787466759.4297645,59.735840470006224,466.5,-2.784339804323538,1.9591060573881107,-2.3333259073154102
4,Y->M,1787466759.5652697,59.87134571996285,466.6,-2.797472343028413,1.9453022156903097,-2.3296570072883798
4,Y->M,1787466759.7022529,60.00832882197574,466.7,-2.8105870991415505,1.9314701242674073,-2.3304489058852855
4,Y->M,1787466759.777247,60.08332313399296,466.8,-2.8237118031635187,1.9176772878378505,-2.3329231795451237
4,Y->M,1787466759.9137661,60.21984221698949,466.8,-2.836883754864403,1.9039025846277877,-2.3357166043723168
4,Y->M,1787466759.9889529,60.295029523957055,466.9,-2.850067667932945,1.8901811327970959,-2.3371057265957504
4,Y->M,1787466760.067141,60.37321743398206,467.0,-2.8632636165762695,1.8764890473625824,-2.3382879653530177
4,Y->M,1787466760.0826187,60.388693885994144,467.0,-2.876493046126431,1.8627740251695486,-2.338761096363413
4,Y->M,1787466760.1565714,60.46264732896816,467.0,-2.889693717837536,1.8491187156895836,-2.3394227959484954
4,Y->M,1787466760.2963147,60.60239048296353,467.2,-2.902922673484464,1.8354227081027166,-2.3388884689637433
4,Y->M,1787466760.3122363,60.61831265600631,467.2,-2.916160420324304,1.821734594279051,-2.3409835244166084
4,Y->M,1787466760.387879,60.69395477097714,467.2,-2.9293517592970666,1.8081024967422232,-2.3367997401893974
4,Y->M,1787466760.524644,60.83071995200589,467.3,-2.9425018883998755,1.7943384052307505,-2.3291448822227347
4,Y->M,1787466760.6619747,60.9680506499717,467.4,-2.955579957223596,1.7804797727961428,-2.325856802510075
4,Y->M,1787466760.6760683,60.98214391298825,467.5,-2.9686471410953086,1.7665980316266003,-2.327101445531486
4,Y->M,1787466760.749371,61.055446974001825,467.5,-2.981728521991657,1.7527639954616228,-2.3300262267447396
4,Y->M,1787466760.886991,61.19306716800202,467.6,-2.994836120369644,1.7389750626637783,-2.33201869025936
4,Y->M,1787466760.9004538,61.206529500952456,467.7,-3.007990369819576,1.7251826368247816,-2.3338859442526174
4,Y->M,1787466760.9741645,61.280240698950365,467.7,-3.021124994930082,1.7114476341285823,-2.3340080095102884
4,Y->M,1787466761.1112669,61.417342706001364,467.8,-3.034299540075566,1.6976898982263093,-2.3360350856141223
4,Y->M,1787466761.2501814,61.55625776498346,467.9,-3.047443451408953,1.6839936666042103,-2.3350890657335346
4,Y->M,1787466761.3283057,61.63438200595556,468.0,-3.06062418552139,1.6702483151236494,-2.336196399761526
4,Y->M,1787466761.4047558,61.71083173097577,468.1,-3.073747390623432,1.656551597323354,-2.331738869709826
4,Y->M,1787466761.4183369,61.72441233997233,468.1,-3.0868260314731657,1.6427226390976284,-2.3240906131037824
4,Y->M,1787466761.4923825,61.79845847998513,468.1,-3.099831866431654,1.628797424931426,-2.3205140879539945
4,Y->M,1787466761.6296146,61.935691665974446,468.2,-3.112827578959594,1.6148414681651873,-2.3219502221294794
4,Y->M,1787466761.643602,61.94967738498235,468.3,-3.125877742925684,1.6009271161291587,-2.328282441058982
4,Y->M,1787466761.7172325,62.02330840996001,468.3,-3.1390324250268193,1.5871157143437273,-2.3375070485148615
4,Y->M,1787466761.8551445,62.16122023999924,468.4,-3.15227814655823,1.5734450858250804,-2.344512231576171
4,Y->M,1787466761.930601,62.2366767419735,468.5,-3.1656083125559467,1.55987736399901,-2.350907141410423
4,Y->M,1787466762.0050583,62.31113392795669,468.5,-3.1790331680711987,1.5463611648918723,-2.3560267195039284
4,Y->M,1787466762.1423934,62.448469917988405,468.7,-3.192533983829108,1.5329291267067904,-2.363034678778059
4,Y->M,1787466762.1561248,62.46220115496544,468.7,-3.206074758852414,1.5196059436497564,-2.3658016102392394
4,Y->M,1787466762.2304401,62.53651628195075,468.7,-3.2196950953240577,1.5062868578866706,-2.3701318551868376
4,Y->M,1787466762.3692818,62.67535784695065,468.8,-3.2333826407306367,1.4930350555237826,-2.375824110208697
4,Y->M,1787466762.5069213,62.81299729296006,469.0,-3.2471060127318827,1.4798926953889273,-2.3793967302288754
4,Y->M,1787466762.5815113,62.88758759200573,469.0,-3.260843071300483,1.4667290299437954,-2.3744175930438973
4,Y->M,1787466762.7185862,63.02466195897432,469.1,-3.2745316302116922,1.4534825898992687,-2.371100448677753
4,Y->M,1787466762.855621,63.16169712197734,469.2,-3.2882183561737577,1.4402032945316463,-2.3723406633479107
4,Y->M,1787466762.8702497,63.176325991982594,469.3,-3.301932041409726,1.4269612035560129,-2.376113767571478
4,Y->M,1787466762.8828504,63.18892613996286,469.3,-3.315695862476993,1.413785509634923,-2.381034371971778
4,Y->M,1787466762.8930106,63.19908624398522,469.3,-3.3295200971711005,1.4006870713032296,-2.3862987180862816
4,Y->M,1787466763.0288007,63.33487696497468,469.4,-3.343398086235214,1.3876734225655216,-2.391027018956885
4,Y->M,1787466763.1033814,63.40945724496851,469.4,-3.357338143481081,1.3747126554691764,-2.394786896891023
4,Y->M,1787466763.2407875,63.546864058007486,469.5,-3.371328455648571,1.3618004149315164,-2.3983796348258597
4,Y->M,1787466763.2548244,63.56090038799448,469.6,-3.385366778803279,1.3489338228416854,-2.401671461612442
4,Y->M,1787466763.3296185,63.63569517398719,469.6,-3.3994479145903793,1.336107786327705,-2.404456227240489
4,Y->M,1787466763.4683537,63.7744300540071,469.7,-3.413565461504988,1.3233158265058234,-2.406760245266371
4,Y->M,1787466763.6079423,63.91401909798151,469.8,-3.427711823239802,1.3105520506553865,-2.4086141241427708
4,Y->M,1787466763.6835647,63.98964054899989,469.9,-3.441879808705024,1.2978122638548117,-2.41010863859554
4,Y->M,1787466763.8200853,64.1261614979594,470.0,-3.456061654163432,1.2850939204804694,-2.4112224555778323
4,Y->M,1787466763.9572184,64.2632945489604,470.1,-3.470250771897063,1.2723936631204082,-2.411999226281204
4,Y->M,1787466764.0958445,64.40192130900687,470.2,-3.4844429282927822,1.2597082261563293,-2.4125158770578907
4,Y->M,1787466764.1101904,64.41626595996786,470.3,-3.4986365422949857,1.2470323243700558,-2.4128001975462716
4,Y->M,1787466764.1215737,64.42764952400466,470.3,-3.5128320748034323,1.2343593419797638,-2.4128522287987635
4,Y->M,1787466764.1318836,64.4379597879597,470.3,-3.527029613164529,1.221682931566404,-2.4126844968440047
4,Y->M,1787466764.141434,64.44750924798427,470.3,-3.5412284548278246,1.2089990301759725,-2.4123309860203213
4,Y->M,1787466764.2783008,64.58437695895554,470.4,-3.5554262374487937,1.196305364611485,-2.411822141546481
4,Y->M,1787466764.3543696,64.6604454749613,470.4,-3.5696203814386815,1.1836009317634568,-2.41118449533647
4,Y->M,1787466764.492954,64.79903089697473,470.5,-3.583807802829303,1.1708853787455482,-2.4104628831228863
4,Y->M,1787466764.6304517,64.93652764597209,470.6,-3.597985373031674,1.158159080136778,-2.409673580497464
4,Y->M,1787466764.7687333,65.07480941899121,470.7,-3.6121495740942184,1.1454237178963493,-2.4088195696928487
4,Y->M,1787466764.9070456,65.2131217509741,470.9,-3.6262973683803335,1.1326803563725116,-2.4078964218515866
4,Y->M,1787466765.0439777,65.35005382396048,471.0,-3.6404279498856265,1.1199287431568044,-2.4069362129330982
4,Y->M,1787466765.180522,65.48659776395652,471.1,-3.654542641966018,1.10716637271398,-2.4059169658181134
4,Y->M,1787466765.3134625,65.61953833600273,471.2,-3.6686444609335545,1.0943888507433888,-2.4048647882149337
4,Y->M,1787466765.4470725,65.75314866396366,471.3,-3.6827355085271,1.0815931580351565,-2.4037672593631094
4,Y->M,1787466765.522979,65.82905509695411,471.4,-3.696816577019658,1.0687776729421528,-2.4026057776205176
4,Y->M,1787466765.5358264,65.84190191497328,471.4,-3.7108866994999437,1.0559420642051724,-2.401411725594602
4,Y->M,1787466765.547689,65.85376498097321,471.4,-3.7249445706552757,1.0430869389947564,-2.4001988562268677
4,Y->M,1787466765.5583153,65.8643908999511,471.4,-3.738988340152386,1.030212871608035,-2.398967228150292
4,Y->M,1787466765.5674872,65.87356240994995,471.4,-3.753015834806776,1.0173214675198294,-2.397729967274426
4,Y->M,1787466765.5750165,65.88109181000618,471.4,-3.7670242141885044,1.0044154950398947,-2.396483863858781
4,Y->M,1787466765.5822303,65.8883056009654,471.4,-3.7810112280765726,0.9914970171966824,-2.39521509956195
4,Y->M,1787466765.6525674,65.95864305598661,471.5,-3.794976351384167,0.9785655179633956,-2.393896990157928
4,Y->M,1787466765.789045,66.09512116300175,471.6,-3.808921337416059,0.9656176703988799,-2.3925316638768033
4,Y->M,1787466765.9255178,66.23159361199941,471.7,-3.8228492431826107,0.9526495040611531,-2.391107001739854
4,Y->M,1787466766.0629303,66.36900614597835,471.8,-3.8367618746294787,0.9396579185903076,-2.389654388789626
4,Y->M,1787466766.2003243,66.50640075199772,471.9,-3.85065919549043,0.926642443559473,-2.388136408657685
4,Y->M,1787466766.2758818,66.58195746998535,472.0,-3.8645396468525477,0.9136019842876558,-2.3865281793123305
4,Y->M,1787466766.2874446,66.59351977100596,472.0,-3.8784016987204106,0.900536268992669,-2.3848766796353544
4,Y->M,1787466766.2981093,66.6041844469728,472.0,-3.892230695538859,0.8874572584309687,-2.3830298901739466
4,Y->M,1787466766.4367013,66.7427771599614,472.1,-3.906044200815343,0.8743403661718847,-2.3809408815071507
4,Y->M,1787466766.574336,66.88041193998652,472.2,-3.9198033611466987,0.8612102468804814,-2.377786373096247
4,Y->M,1787466766.71056,67.01663617498707,472.3,-3.9335377485794365,0.8480227814785959,-2.375075958469346
4,Y->M,1787466766.8478353,67.15391133300727,472.4,-3.947208423278814,0.83482588762081,-2.371855155469676
4,Y->M,1787466766.9838502,67.28992575698067,472.5,-3.9608486948804926,0.8215565633208309,-2.367794368466542
4,Y->M,1787466767.120266,67.42634159995941,472.6,-3.9744430437424554,0.8082360150560136,-2.3647689851508806
4,Y->M,1787466767.257681,67.56375677400501,472.7,-3.9879645827500063,0.7948847962104625,-2.3594705985045197
4,Y->M,1787466767.271976,67.57805194199318,472.8,-4.0014502169883395,0.7814356667939133,-2.355415076616265
4,Y->M,1787466767.2844708,67.59054612199543,472.8,-4.014852949084206,0.7679663611495623,-2.3507863287185273
4,Y->M,1787466767.2955775,67.60165294597391,472.8,-4.028212376705169,0.7543867936009072,-2.3448556494808934
4,Y->M,1787466767.306924,67.61299950495595,472.8,-4.041461786697007,0.7407732729034419,-2.3389403931330075
4,Y->M,1787466767.3151617,67.6212367019616,472.8,-4.054654936291616,0.7270264220230144,-2.3318620270313826
4,Y->M,1787466767.3226564,67.62873186299112,472.8,-4.067710602070483,0.713249274273727,-2.3250764629490845
4,Y->M,1787466767.4599009,67.76597820600728,472.9,-4.080649641341949,0.6993215113525182,-2.3112251559472754
4,Y->M,1787466767.596969,67.90304496098543,473.0,-4.09336321143827,0.685250930939545,-2.29900737618927
4,Y->M,1787466767.7351687,68.04124513600254,473.1,-4.103714248604283,0.6735512814364354,-2.289869008876773
4,Y->M,1787466767.8723385,68.1784148029983,473.2,-4.113087822501183,0.6627715044257568,-2.2829988616652095
4,Y->M,1787466767.9478214,68.25389715796337,473.3,-4.1223947032897135,0.6519556162032577,-2.279516533005
4,Y->M,1787466768.0235422,68.32961826497922,473.4,-4.131653466483548,0.6411208409514668,-2.2756874962382816
4,Y->M,1787466768.099441,68.40551715996116,473.5,-4.140856322775931,0.6302564406836899,-2.2706365974382634
4,Y->M,1787466768.1741061,68.4801821759902,473.5,-4.150034802637248,0.6193035300794463,-2.26610352817769
4,Y->M,1787466768.3109694,68.61704558797646,473.6,-4.159117701866591,0.6083549081295619,-2.2596598285706904
4,Y->M,1787466768.4484549,68.75453072495293,473.7,-4.168129220642129,0.597360431282743,-2.2537372217264613
4,Y->M,1787466768.5266764,68.8327522839536,473.8,-4.177060749210598,0.5862565493759325,-2.2398533443175
4,Y->M,1787466768.5380242,68.84410011395812,473.8,-4.185849031440539,0.5750107113152866,-2.2272128421192336
4,Y->M,1787466768.5485382,68.85461369797122,473.8,-4.194544875577862,0.563646082189912,-2.2209655543191316
4,Y->M,1787466768.6206083,68.92668476200197,473.8,-4.203152494314593,0.552276761920536,-2.2167735290180173
4,Y->M,1787466768.7582378,69.06431422097376,474.0,-4.211695128481341,0.5408882171135936,-2.2116806237219175
4,Y->M,1787466768.7709155,69.07699104899075,474.0,-4.220160554662571,0.5294638309536084,-2.204614758328191
4,Y->M,1787466768.8443546,69.1504304939881,474.0,-4.228530759692415,0.517979270746901,-2.195385893840274
4,Y->M,1787466768.9812362,69.28731227200478,474.1,-4.236798771630429,0.5064370283759146,-2.1877059989816154
4,Y->M,1787466769.118997,69.42507331597153,474.3,-4.244962751948845,0.4947656159212816,-2.1712241079360255
4,Y->M,1787466769.1322742,69.43835042300634,474.3,-4.252945362304151,0.482938957581723,-2.156207293204738
4,Y->M,1787466769.205841,69.51191757695051,474.3,-4.260806717082678,0.47098102500189754,-2.1487587913804984
4,Y->M,1787466769.3427403,69.64881581196096,474.4,-4.268565306702687,0.45901817059975614,-2.1435609694587154
4,Y->M,1787466769.4794476,69.78552369598765,474.5,-4.276245439705256,0.4470332119147324,-2.137221733474718
4,Y->M,1787466769.5574393,69.86351575696608,474.6,-4.2838267189196335,0.4350101108496567,-2.128521796032735
4,Y->M,1787466769.6327474,69.93882309697801,474.7,-4.2912628445208325,0.42294744150763597,-2.114398496836977
4,Y->M,1787466769.7080297,70.01410557096824,474.8,-4.298548021449201,0.41069290440643624,-2.0971190650097222
4,Y->M,1787466769.7820282,70.08810452395119,474.8,-4.305655322113764,0.39829913019656255,-2.085294136707657
4,Y->M,1787466769.9186065,70.22468265297357,474.9,-4.312630151015346,0.3858590966827152,-2.0780226705231923
4,Y->M,1787466770.0555887,70.36166429298464,475.0,-4.31950606760003,0.3733912889259722,-2.0711646788871843
4,Y->M,1787466770.1922686,70.49834439100232,475.1,-4.326279306559318,0.36089231368856284,-2.0625757235548425
4,Y->M,1787466770.2691195,70.57519526698161,475.2,-4.332902573109209,0.3483717109611699,-2.0483626721875
4,Y->M,1787466770.2812293,70.58730488899164,475.2,-4.339361011181921,0.335662716845971,-2.0304448212173503
4,Y->M,1787466770.2919493,70.59802489395952,475.2,-4.34562568647096,0.32281997835717496,-2.017970006738474
4,Y->M,1787466770.3017745,70.60785021900665,475.2,-4.3517414482517545,0.30994515774621156,-2.010147422280078
4,Y->M,1787466770.3102567,70.61633201595396,475.2,-4.357746820201982,0.29705290580665383,-2.002694349288697
4,Y->M,1787466770.3809495,70.6870255129761,475.2,-4.363639747158312,0.28413503046494376,-1.9934394157874071
4,Y->M,1787466770.5187964,70.82487295300234,475.4,-4.369375186144798,0.27119739894298883,-1.9785330228097768
4,Y->M,1787466770.6585886,70.96466498100199,475.5,-4.374930316062107,0.2580697846939033,-1.960323843934274
4,Y->M,1787466770.7957952,71.10187113698339,475.6,-4.380279784337834,0.24482276313659546,-1.9479596057553015
4,Y->M,1787466770.9324412,71.23851747496519,475.7,-4.38548035121709,0.23155286006973091,-1.9401465844385397
4,Y->M,1787466771.068971,71.37504709500354,475.8,-4.39057084458672,0.21827182698376577,-1.932573991069594
4,Y->M,1787466771.204813,71.51088867295766,475.9,-4.395544661868362,0.20496765675241768,-1.9231678069174065
4,Y->M,1787466771.3419435,71.648019241984,476.0,-4.400364039449118,0.1916472236498406,-1.90824781300649
4,Y->M,1787466771.4786804,71.78475637198426,476.1,-4.404987394188961,0.17816283473287034,-1.8903214606289778
4,Y->M,1787466771.6190712,71.92514698498417,476.2,-4.409402220115331,0.1645698459938505,-1.8782045522735884
4,Y->M,1787466771.6326923,71.93876791396178,476.3,-4.4136807430219305,0.15096636824534954,-1.871853235413356
4,Y->M,1787466771.6444995,71.9505748259835,476.3,-4.4178621577316814,0.13737022351034683,-1.8647537067039124
4,Y->M,1787466771.6549785,71.96105376799824,476.3,-4.4219303396596485,0.1237667004690127,-1.8553737859183388
4,Y->M,1787466771.6645396,71.97061517596012,476.3,-4.425844487097899,0.11007470537086611,-1.8389413817513893
4,Y->M,1787466771.6729317,71.97900663496694,476.3,-4.4298668946522675,0.09504779711197565,-1.8235857394711663
4,Y->M,1787466771.6806304,71.98670611198759,476.3,-4.434507085571379,0.07669099360805388,-1.8109039368681414
4,Y->M,1787466771.7507772,72.05685357295442,476.4,-4.438922627392393,0.058278277803220785,-1.799461541966846
4,Y->M,1787466771.886921,72.19299665698782,476.5,-4.4431181939852085,0.03983290244567562,-1.7869414824556182
4,Y->M,1787466772.0242045,72.33028091595042,476.6,-4.447058666119386,0.021355642671815913,-1.770214293892562
4,Y->M,1787466772.0991807,72.40525658399565,476.6,-4.450686123300263,0.0026937226793515004,-1.7512293243803594
4,Y->M,1787466772.2366676,72.54274349095067,476.7,-4.453999829775559,-0.016065853286675976,-1.7379590271033392
4,Y->M,1787466772.373133,72.67920864297776,476.8,-4.457089085248347,-0.034820443842017955,-1.7275669817297947
4,Y->M,1787466772.509982,72.81605877896072,476.9,-4.459982578497533,-0.05363222945941329,-1.7175380524455224
4,Y->M,1787466772.5235176,72.82959340600064,477.0,-4.4626717380874545,-0.0724320358855393,-1.7052582197235864
4,Y->M,1787466772.5347269,72.8408028879785,477.0,-4.465151233820811,-0.09131418986764434,-1.695892365529496
4,Y->M,1787466772.6073735,72.91344982100418,477.0,-4.467415153633961,-0.11013333661084429,-1.680078166932969
4,Y->M,1787466772.7467773,73.05285352800274,477.1,-4.469354569609979,-0.1290475211256585,-1.6619211868030168
4,Y->M,1787466772.883203,73.18927896599052,477.2,-4.4709866495145905,-0.14800540830133757,-1.6492164344998133
4,Y->M,1787466773.0155876,73.32166290900204,477.3,-4.472406867989477,-0.1669812874804923,-1.639797159040506
4,Y->M,1787466773.15072,73.45679588295752,477.5,-4.473659814529022,-0.185970335575837,-1.631841787338922
4,Y->M,1787466773.287851,73.59392744698562,477.6,-4.4747674108889335,-0.20496831408502597,-1.6246804664123036
4,Y->M,1787466773.3629413,73.66901724395575,477.7,-4.475742267993955,-0.22397149405003453,-1.6179052513166121
4,Y->M,1787466773.3757007,73.6817767219618,477.7,-4.476589476248231,-0.24297918363041696,-1.6111922712456304
4,Y->M,1787466773.3874412,73.69351685600122,477.7,-4.477309859419279,-0.2619929647958189,-1.6044998204579832
4,Y->M,1787466773.3981452,73.70422048395267,477.7,-4.477903237569174,-0.28101164438519594,-1.5978051358383563
4,Y->M,1787466773.469421,73.77549649495631,477.7,-4.4783687352504336,-0.30003275908132643,-1.591079756318807
4,Y->M,1787466773.483909,73.78998465096811,477.8,-4.47870519036973,-0.31905473689670844,-1.5842835616268072
4,Y->M,1787466773.622193,73.92826949397568,477.8,-4.478912637093574,-0.33807775981632454,-1.5774899401569311
4,Y->M,1787466773.75918,74.06525636499282,477.9,-4.478991929515772,-0.35710196601618427,-1.5707449749665188
4,Y->M,1787466773.8971143,74.20319067797391,478.0,-4.478943186110127,-0.37612456671303335,-1.5639548384435094
4,Y->M,1787466773.974146,74.28022215596866,478.2,-4.478765117184174,-0.395144727808814,-1.5571855291235144
4,Y->M,1787466774.0499732,74.3560491919634,478.2,-4.478458162770082,-0.41416309741792473,-1.5504635337310748
4,Y->M,1787466774.1876795,74.49375608499395,478.3,-4.478023947983391,-0.4331823325567441,-1.5438801330236238
4,Y->M,1787466774.3251681,74.63124388200231,478.4,-4.477466614344953,-0.4522022507899325,-1.5375537410701103
4,Y->M,1787466774.4635966,74.7696726580034,478.5,-4.4767908078793015,-0.4712176338094271,-1.5313339241213864
4,Y->M,1787466774.60096,74.90703624399612,478.6,-4.475998088748467,-0.4902258182466886,-1.5253086508730702
4,Y->M,1787466774.6782043,74.98428061895538,478.7,-4.4750917529738246,-0.5092253846786602,-1.5194280353342555
4,Y->M,1787466774.6907704,74.99684585398063,478.7,-4.474074957027552,-0.5282210204311345,-1.513800364041528
4,Y->M,1787466774.7023127,75.00838880200172,478.7,-4.472953084850367,-0.5472151885638445,-1.508448040179321
4,Y->M,1787466774.714056,75.02013127598912,478.7,-4.47173202289703,-0.5662041346529462,-1.5033497389569828
4,Y->M,1787466774.723573,75.02964817796601,478.8,-4.470405350457878,-0.5851752391613364,-1.4966716757103729
4,Y->M,1787466774.7314599,75.03753515100107,478.8,-4.468962946723753,-0.6041544962123414,-1.492204883012721
4,Y->M,1787466774.8662775,75.17235296400031,478.8,-4.467454626140853,-0.6231378094758411,-1.490445491814317
4,Y->M,1787466775.0030785,75.30915449600434,478.9,-4.465913955059732,-0.6421024914104743,-1.4881440112355402
4,Y->M,1787466775.1399436,75.44601933495142,479.0,-4.464342237348639,-0.6610978370234475,-1.488496110850297
4,Y->M,1787466775.2780688,75.58414478396298,479.1,-4.462777565152522,-0.680065174349137,-1.4879541874998465
4,Y->M,1787466775.4160125,75.72208862699335,479.3,-4.461197427246761,-0.699029962522627,-1.4868106990548513
4,Y->M,1787466775.5544386,75.86051531200064,479.4,-4.459615829906822,-0.718026440467181,-1.4893546017661912
4,Y->M,1787466775.6329596,75.93903518799925,479.5,-4.4580813339756835,-0.7369927902467958,-1.4907550667306282
4,Y->M,1787466775.644411,75.95048702700296,479.5,-4.456566095937375,-0.7559685878640846,-1.491394581241114
4,Y->M,1787466775.6548424,75.9609179609688,479.5,-4.455064806054653,-0.7749839993780334,-1.4939679581045295
4,Y->M,1787466775.664445,75.97052100900328,479.5,-4.453642838838602,-0.7939697374702601,-1.4987952218829095
4,Y->M,1787466775.8011184,76.1071943299612,479.6,-4.452299652701033,-0.8129534950700084,-1.5019599541763662
4,Y->M,1787466775.9385297,76.24460575496778,479.7,-4.451011633675867,-0.8319450970690847,-1.5047025469819406
4,Y->M,1787466776.0151303,76.3212067449931,479.8,-4.449775550583594,-0.850947218225481,-1.5075689700793389
4,Y->M,1787466776.1520967,76.45817301096395,479.9,-4.448596528463192,-0.8699582863274204,-1.5108077521774734
4,Y->M,1787466776.2290208,76.53509672096698,480.0,-4.447482337147133,-0.8889733338650384,-1.5144926834587402
4,Y->M,1787466776.2430704,76.54914637299953,480.0,-4.446442710392319,-0.9079902721766099,-1.5188356791951212
4,Y->M,1787466776.378904,76.6849799429765,480.0,-4.445490045238353,-0.9270111394172277,-1.5238646916665728
4,Y->M,1787466776.4545696,76.760645508999,480.1,-4.444637566874271,-0.9460407675488094,-1.5296282324330102
4,Y->M,1787466776.5927439,76.89882017695345,480.2,-4.443900447744714,-0.9650800788352677,-1.5361755155451722
4,Y->M,1787466776.672206,76.9782814339851,480.3,-4.443294473705674,-0.9841255770505187,-1.5435578780660002
4,Y->M,1787466776.6852012,76.99127754796064,480.3,-4.442834334717686,-1.0031735658592782,-1.5516623617870122
4,Y->M,1787466776.6969035,77.00297845795285,480.3,-4.442533142456799,-1.0222256382192076,-1.5605475127223156
4,Y->M,1787466776.832104,77.13818040996557,480.4,-4.442406789076414,-1.041283059732703,-1.5703001905329983
4,Y->M,1787466776.9080875,77.21416313899681,480.5,-4.442472554642776,-1.0603455107655162,-1.5809519538037673
4,Y->M,1787466776.919536,77.225611826987,480.5,-4.442747855780884,-1.0794087236844243,-1.592446073393438
4,Y->M,1787466777.0549023,77.36097849695943,480.6,-4.443247807594494,-1.09846956134033,-1.6047148734533696
4,Y->M,1787466777.1914592,77.49753497599158,480.7,-4.44398796882192,-1.1175265988829775,-1.6179632762667517
4,Y->M,1787466777.3281524,77.63422887900379,480.8,-4.44498671840548,-1.1365740977937118,-1.6321777144639287
4,Y->M,1787466777.4652627,77.7713387029944,480.9,-4.446262041558054,-1.1556042470321086,-1.6473137215396736
4,Y->M,1787466777.605258,77.91133387899026,481.0,-4.447832437416286,-1.1746105917073446,-1.663472619206553
4,Y->M,1787466777.6195784,77.9256543929805,481.1,-4.4497170199901905,-1.1935893594971063,-1.680636592444427
4,Y->M,1787466777.632261,77.9383368039853,481.1,-4.451938337096528,-1.2125543950019044,-1.6994198197867074
4,Y->M,1787466777.6428277,77.94890313397627,481.1,-4.454520718939915,-1.2314400752406598,-1.7186748625706108
4,Y->M,1787466777.714226,78.02030196896521,481.1,-4.457454049227343,-1.2502718034935474,-1.7363652789667148
4,Y->M,1787466777.7289433,78.03501946799224,481.2,-4.460720495295274,-1.2690734863152526,-1.7544434492562395
4,Y->M,1787466777.8652208,78.1712970219669,481.2,-4.464313251704618,-1.2877786464737309,-1.7711962479264804
4,Y->M,1787466778.0029736,78.30904979299521,481.3,-4.468229274702201,-1.306411218037317,-1.78883981232494
4,Y->M,1787466778.1399107,78.44598729198333,481.5,-4.472474943828671,-1.3250275635645976,-1.8066586602680732
4,Y->M,1787466778.1534374,78.45951276400592,481.5,-4.477012632348496,-1.3434742411470493,-1.81968912184355
4,Y->M,1787466778.2268589,78.53293529798975,481.5,-4.481774850734106,-1.3619325347750217,-1.8302750059002024
4,Y->M,1787466778.3671906,78.67326948896516,481.6,-4.4867849679425555,-1.3803634608811877,-1.847902215992851
4,Y->M,1787466778.4455442,78.7516197959776,481.8,-4.492117770751768,-1.3986081482887882,-1.8681754792451062
4,Y->M,1787466778.5197563,78.82583255396457,481.8,-4.497815732915154,-1.416724040889742,-1.8885043865223408
4,Y->M,1787466778.5320725,78.83814847300528,481.8,-4.5038745357424625,-1.4347158654268677,-1.9080156108310502
4,Y->M,1787466778.6686776,78.97475346800638,481.9,-4.5098903182772085,-1.451433831103695,-1.9303557320162925
4,Y->M,1787466778.7477827,79.05385824298719,482.0,-4.515158504712451,-1.4652049226131436,-1.9467761096547107
4,Y->M,1787466778.760941,79.06701682897983,482.0,-4.5206369976133,-1.4788591060368117,-1.9624602953820296
4,Y->M,1787466778.8973262,79.20340233395109,482.1,-4.526324074216389,-1.4923596537343302,-1.9807023339264773
4,Y->M,1787466779.0336533,79.33972917200299,482.2,-4.532269814384112,-1.5059114038389387,-1.9897864342657672
4,Y->M,1787466779.1704557,79.4765322059975,482.3,-4.538301723683727,-1.5193274127382685,-2.000613979902699
4,Y->M,1787466779.2475865,79.55366210499778,482.4,-4.5445372084259406,-1.5326949926007523,-2.01982430811145
4,Y->M,1787466779.2594776,79.56555324199144,482.4,-4.551021762795451,-1.5458838996494966,-2.04144409240538
4,Y->M,1787466779.2697604,79.57583543995861,482.4,-4.557776339678735,-1.558912673410065,-2.0620502332113193
4,Y->M,1787466779.4045599,79.71063610696001,482.5,-4.564387835242328,-1.5710894366863655,-2.077676766824435
4,Y->M,1787466779.541616,79.8476922789705,482.6,-4.57088897192892,-1.5826906089584258,-2.088238730971861
4,Y->M,1787466779.6809843,79.98706089198822,482.7,-4.577489194524683,-1.5941548436895918,-2.102451713552936
4,Y->M,1787466779.820241,80.12631677498575,482.8,-4.584268902510384,-1.6054865349687268,-2.1223739414362712
4,Y->M,1787466779.9569352,80.26301118999254,482.9,-4.591242470136492,-1.6166294877130558,-2.14186840878636
4,Y->M,1787466779.9699492,80.27602503995877,483.0,-4.598446230225442,-1.6276694006900545,-2.1595965594538336
4,Y->M,1787466779.9827206,80.28879642195534,483.0,-4.605884330598289,-1.6386995190010862,-2.1709928863843997
4,Y->M,1787466779.9932559,80.29933145898394,483.0,-4.613021181898712,-1.6490287968723563,-2.183413209802583
4,Y->M,1787466780.0656605,80.37173661298584,483.0,-4.619916369279348,-1.658703043626121,-2.201427566602818
4,Y->M,1787466780.0789566,80.38503248197958,483.1,-4.626970587296043,-1.6682179241241453,-2.2204778456914895
4,Y->M,1787466780.2143738,80.52044986299006,483.1,-4.634361446867517,-1.6778088653204921,-2.238057206947203
4,Y->M,1787466780.351322,80.65739788400242,483.2,-4.641922045060906,-1.6872581465212124,-2.2562337198962186
4,Y->M,1787466780.3644967,80.67057249398204,483.3,-4.6496748976484366,-1.6966129218478558,-2.2734314168878043
4,Y->M,1787466780.5017004,80.80777645698981,483.4,-4.657520151637175,-1.7057802113117388,-2.2849549033013834
4,Y->M,1787466780.6390061,80.94508262595627,483.5,-4.665473257465349,-1.7148994572441851,-2.293025727531831
4,Y->M,1787466780.776777,81.08285299898125,483.6,-4.67291819211328,-1.7232700525384665,-2.305597558528753
4,Y->M,1787466780.9157324,81.22180881298846,483.7,-4.680479169268666,-1.7315275993093815,-2.322526456367601
4,Y->M,1787466781.0526361,81.35871230997145,483.8,-4.688167299370593,-1.7396299398187631,-2.340529553868889
4,Y->M,1787466781.1298547,81.435930283973,483.9,-4.696011777981184,-1.7476093861477313,-2.3580766056066182
4,Y->M,1787466781.1419013,81.44797718996415,483.9,-4.703987662880778,-1.7554413630991252,-2.37497697460656
4,Y->M,1787466781.1533399,81.4594155009836,483.9,-4.712526648852493,-1.7635792865563589,-2.387931098917652
4,Y->M,1787466781.163396,81.46947098599048,484.0,-4.72030314247306,-1.770803509684153,-2.3998297697082474
4,Y->M,1787466781.1724668,81.47854191600345,484.0,-4.728170740039022,-1.7779342000576037,-2.4131709851020413
4,Y->M,1787466781.2424207,81.54849667695817,484.0,-4.7361309081423135,-1.78495123906015,-2.4273642243668236
4,Y->M,1787466781.3792074,81.68528362497455,484.1,-4.744185584629777,-1.7918498012225512,-2.441587415510801
4,Y->M,1787466781.5153863,81.82146240299335,484.2,-4.7523323181037735,-1.7986304860071833,-2.455422544351542
4,Y->M,1787466781.6523938,81.95846996695036,484.3,-4.7605610848713145,-1.8052917522384588,-2.4686778761758013
4,Y->M,1787466781.7889261,82.09500210895203,484.4,-4.768700321672405,-1.811706751720848,-2.481194693054745
4,Y->M,1787466781.9289877,82.23506351700053,484.5,-4.776912317765184,-1.8180187181466363,-2.4929642663406537
4,Y->M,1787466782.067517,82.37359358096728,484.6,-4.785195440128896,-1.8242352397804318,-2.504065662163017
4,Y->M,1787466782.0819852,82.38806099799694,484.7,-4.793546051926586,-1.8303615970627667,-2.5145730042115244
4,Y->M,1787466782.0943336,82.40040930995019,484.7,-4.801960795096235,-1.836402495087255,-2.52455009460486
4,Y->M,1787466782.1051702,82.41124547296204,484.7,-4.810436050970331,-1.842362409947788,-2.5340672119001013
4,Y->M,1787466782.2455025,82.5515783620067,484.8,-4.822505914047719,-1.8506574040805535,-2.5447751980812217
4,Y->M,1787466782.450749,82.75682520098053,484.9,-4.834227990284845,-1.8585472727717038,-2.5542015593467697
4,Y->M,1787466782.5882363,82.89431186096044,485.0,-4.843065451283844,-1.8643876683233132,-2.562652824617978
4,Y->M,1787466782.602424,82.908499542973,485.1,-4.851960369402255,-1.8701540166461392,-2.5712005493979047
4,Y->M,1787466782.6131978,82.91927320300601,485.1,-4.860883702278587,-1.8758341298865677,-2.5794742982643544
4,Y->M,1787466782.7543397,83.06041581300087,485.2,-4.873472968118487,-1.8836465379305267,-2.593719808922225
4,Y->M,1787466782.9625537,83.26862990995869,485.3,-4.886145310391567,-1.891283283549243,-2.6051996793855783
4,Y->M,1787466783.04615,83.35222595598316,485.5,-4.898922012287108,-1.8987652440014924,-2.6193766513835968
4,Y->M,1787466783.127732,83.43380802095635,485.5,-4.911793903721629,-1.9060777145213288,-2.632082180921001
4,Y->M,1787466783.2022479,83.50832461100072,485.5,-4.920817391107716,-1.9110584073709724,-2.644226425827674
4,Y->M,1787466783.3393178,83.6453939829953,485.7,-4.930215840917911,-1.9160939578405793,-2.6564414937300467
4,Y->M,1787466783.3529797,83.65905513695907,485.7,-4.939665846742266,-1.9210253250611555,-2.665351984261265
4,Y->M,1787466783.4266605,83.73273669398623,485.7,-4.949226135920278,-1.925885791068367,-2.6802710540967762
4,Y->M,1787466783.5637841,83.86986093997257,485.8,-4.958832535776883,-1.9305686150177022,-2.69826246264814
4,Y->M,1787466783.6999438,84.00602028699359,485.9,-4.968337651961714,-1.935014468462556,-2.710970459370909
4,Y->M,1787466783.7759469,84.08202285598963,486.0,-4.977771261731289,-1.939302127350627,-2.719131988702662
4,Y->M,1787466783.8533523,84.159427659004,486.1,-4.987387535621707,-1.9435808826590868,-2.7280232691850896
4,Y->M,1787466783.8662684,84.17234443000052,486.1,-4.997056017205504,-1.9477829088780176,-2.7366214460872715
4,Y->M,1787466784.0025003,84.30857648799429,486.2,-5.006607631732499,-1.9518294993051541,-2.74565224084945
4,Y->M,1787466784.1404076,84.44648367696209,486.3,-5.016339861081375,-1.9558378054402956,-2.758928076855939
4,Y->M,1787466784.1550577,84.46113344695186,486.4,-5.026637086949772,-1.9598977822053318,-2.775007209490164
4,Y->M,1787466784.2909012,84.59697739197873,486.4,-5.0376117160282305,-1.9640428611708078,-2.7870053688078444
4,Y->M,1787466784.3670933,84.67316952400142,486.5,-5.048655920529794,-1.968079648514695,-2.796722583625593
4,Y->M,1787466784.4444077,84.75048401596723,486.6,-5.059722798629081,-1.9719984894682494,-2.8078640622827478
4,Y->M,1787466784.4567208,84.76279674196849,486.6,-5.070876723083003,-1.9758068139076432,-2.8185311380023466
4,Y->M,1787466784.5302167,84.83629306999501,486.6,-5.082077380952066,-1.9795077461022885,-2.82859903607526
4,Y->M,1787466784.6681883,84.9742648039828,486.7,-5.093350430104027,-1.9830950083750623,-2.8397274926791014
4,Y->M,1787466784.8074558,85.11353228898952,486.8,-5.104641038736513,-1.9865575210892104,-2.850667732180621
4,Y->M,1787466784.8825746,85.18865077698138,486.9,-5.116035506979143,-1.989874791590096,-2.869867722198275
4,Y->M,1787466784.8990877,85.20516324497294,487.0,-5.127619689436546,-1.993011855662798,-2.8866673163135235
4,Y->M,1787466785.035755,85.34183109895093,487.0,-5.139365322435071,-1.9960091320833468,-2.898106933697819
4,Y->M,1787466785.1734927,85.47956929297652,487.2,-5.1511625393876095,-1.9988919194632249,-2.907356948348128
4,Y->M,1787466785.3106318,85.61670774698723,487.3,-5.162936574661117,-2.001650940229294,-2.917446717722043
4,Y->M,1787466785.4471743,85.7532503399998,487.4,-5.175005776810204,-2.00433982514199,-2.9292246620868405
4,Y->M,1787466785.461377,85.76745255000424,487.4,-5.188651143866803,-2.0071963251930462,-2.9445569097998128
4,Y->M,1787466785.473394,85.77946955396328,487.5,-5.202328204997036,-2.0098539346167796,-2.956853107312456
4,Y->M,1787466785.483815,85.78989031998208,487.5,-5.216348722256991,-2.012404731250833,-2.9694855650497938
4,Y->M,1787466785.5549042,85.86097995698219,487.5,-5.230635422193222,-2.014803823905605,-2.9836657893190073
4,Y->M,1787466785.568953,85.87502902699634,487.5,-5.245059953714321,-2.0170206286545045,-2.998256130360534
4,Y->M,1787466785.7049537,86.01102932996582,487.6,-5.259266112718865,-2.01894841219359,-3.0202845914411607
4,Y->M,1787466785.7793398,86.08541587897344,487.6,-5.273732974889431,-2.020598393976135,-3.038853588829907
4,Y->M,1787466785.9186077,86.22468375595054,487.8,-5.2915049129037515,-2.0222989015368547,-3.0578116675629214
4,Y->M,1787466786.0549247,86.36100045096828,487.9,-5.31051686314568,-2.0237504676723845,-3.0773569352072156
4,Y->M,1787466786.068774,86.37484956398839,487.9,-5.329559558388774,-2.0248399248583615,-3.095750870513083
4,Y->M,1787466786.1425736,86.44864966796013,487.9,-5.3486228059366665,-2.025581397758387,-3.113947427686919
4,Y->M,1787466786.279131,86.58520699595101,488.0,-5.367699231170199,-2.025975388441637,-3.1324276597550615
4,Y->M,1787466786.3555555,86.66163124598097,488.2,-5.386784336429591,-2.0260146537900683,3.1317368659614697
4,Y->M,1787466786.4296334,86.73570931295399,488.2,-5.405866832055191,-2.0256863013678137,3.1120824238450644
4,Y->M,1787466786.442635,86.74871097697178,488.2,-5.424934318033477,-2.024979249070983,3.0917662689209777
4,Y->M,1787466786.5789373,86.88501346198609,488.3,-5.443979443412049,-2.0238806621231773,3.07076371515104
4,Y->M,1787466786.7157958,87.02187160600442,488.4,-5.4629976523589745,-2.022378642421998,3.0490774761920254
4,Y->M,1787466786.8539734,87.16004965396132,488.5,-5.481982663319436,-2.0204603023970917,3.0267462818877466
4,Y->M,1787466786.8682656,87.17434151197085,488.6,-5.500923937845532,-2.018113504317489,3.00379212268726
4,Y->M,1787466786.881874,87.1879495329922,488.6,-5.519808474817522,-2.0153278197702718,2.9802854546410686
4,Y->M,1787466786.8933368,87.19941278698388,488.6,-5.538614512389121,-2.0120969691333954,2.9562660834688965
4,Y->M,1787466787.0288692,87.33494547300506,488.6,-5.557112376060212,-2.0084505037786236,2.930605752242956
4,Y->M,1787466787.1659656,87.47204146999866,488.8,-5.575702908824189,-2.0043143162609405,2.910180482264562
4,Y->M,1787466787.1802268,87.48630216799211,488.8,-5.59422921708881,-1.9998558537084825,2.897547074083092
4,Y->M,1787466787.3170822,87.62315829098225,488.9,-5.612674292479471,-1.9951703699458243,2.885623622288634
4,Y->M,1787466787.4531906,87.75926684995648,489.0,-5.631109601490636,-1.990269593068431,2.8743150254723515
4,Y->M,1787466787.5282402,87.83431569999084,489.1,-5.649483072126563,-1.9851375403781462,2.8598450416365297
4,Y->M,1787466787.6673892,87.9734652369516,489.2,-5.667694393312044,-1.9797961382844764,2.8514584472875333
4,Y->M,1787466787.6802306,87.98630621097982,489.2,-5.685945541794097,-1.9743114970586721,2.8458957908648186
4,Y->M,1787466787.6912713,87.99734723899746,489.2,-5.704175923259643,-1.9686903746095126,2.8354686487293024
4,Y->M,1787466787.8285508,88.13462701800745,489.3,-5.722342621471874,-1.9628423132003154,2.820355944401624
4,Y->M,1787466787.9681568,88.27423275599722,489.4,-5.740396058297164,-1.9567104512606088,2.8037087131615395
4,Y->M,1787466788.1055644,88.41164054500405,489.5,-5.758333168131623,-1.9502903762180182,2.7882012439495445
4,Y->M,1787466788.243104,88.54917970998213,489.6,-5.776196198064885,-1.9435872293282959,2.772515929800455
4,Y->M,1787466788.3811026,88.6871794439503,489.7,-5.793913350786109,-1.9366300215548533,2.7586734713009524
4,Y->M,1787466788.5189884,88.82506383099826,489.8,-5.811567366300573,-1.9293978247474186,2.7422803314174224
4,Y->M,1787466788.5318785,88.83795384998666,489.9,-5.8290570907486146,-1.9219176804822404,2.72933016888981
4,Y->M,1787466788.5428162,88.8488921209937,489.9,-5.846494904946001,-1.9141746800902362,2.713685461477532
4,Y->M,1787466788.553486,88.8595616229577,489.9,-5.863747561662751,-1.9062234614254643,2.704626185817676
4,Y->M,1787466788.563214,88.86928958195494,489.9,-5.880998785101646,-1.8981236114842215,2.698774335458861
4,Y->M,1787466788.6366353,88.94271148298867,490.0,-5.898205770615466,-1.889887130039606,2.6879322415975597
4,Y->M,1787466788.7124553,89.01853131595999,490.0,-5.915309102168637,-1.881430276084964,2.672510651517284
4,Y->M,1787466788.8512034,89.15727987297578,490.1,-5.93225094366083,-1.8727073073644958,2.655801957702186
4,Y->M,1787466788.9270394,89.23311499599367,490.2,-5.949038866199748,-1.8637153760152108,2.6404914829490354
4,Y->M,1787466789.0012496,89.30732523900224,490.2,-5.965709906833796,-1.8544636501894367,2.6256152346503288
4,Y->M,1787466789.1375499,89.44362650596304,490.3,-5.982186372240317,-1.8449894263503466,2.6109894925440726
4,Y->M,1787466789.274745,89.58082169399131,490.4,-5.998580730449612,-1.8352621333226127,2.59782138013403
4,Y->M,1787466789.4126155,89.71869103197241,490.5,-6.014841766367883,-1.8253076405799946,2.5832186260149266
4,Y->M,1787466789.4262304,89.73230649798643,490.6,-6.030899114045369,-1.8151548812807599,2.570230109944802
4,Y->M,1787466789.4382377,89.74431303300662,490.6,-6.046894435510343,-1.8047815819971769,2.5595805720868428
4,Y->M,1787466789.5106027,89.81667864095652,490.6,-6.062774401772178,-1.7942255993751761,2.547434507983892
4,Y->M,1787466789.6477878,89.95386389596388,490.7,-6.078517958572191,-1.7834779338487055,2.534936223599316
4,Y->M,1787466789.78491,90.09098583296873,490.9,-6.094119866179889,-1.7725393650240089,2.5226663121543655
4,Y->M,1787466789.86223,90.16830616397783,491.0,-6.109582235280965,-1.7614176045923924,2.510984695254682
4,Y->M,1787466789.875201,90.18127646000357,491.0,-6.124912400696201,-1.750123391309714,2.5000817540604774
4,Y->M,1787466789.8863735,90.19244923494989,491.0,-6.140121261840831,-1.7386685851379489,2.4900725558345576
4,Y->M,1787466789.9579492,90.26402537099784,491.0,-6.155219766165155,-1.7270655826196317,2.480874705638304
4,Y->M,1787466790.0947344,90.40081027400447,491.1,-6.170217245320049,-1.715327104087851,2.4725290806394686
4,Y->M,1787466790.233679,90.5397551379865,491.2,-6.185123481292347,-1.7034660052869466,2.464985292590629
4,Y->M,1787466790.371192,90.67726815497736,491.3,-6.199945403778288,-1.691494724094369,2.4581136953040894
4,Y->M,1787466790.4466727,90.75274885795079,491.4,-6.214688110394257,-1.6794248047667075,2.4518869243959216
4,Y->M,1787466790.5222776,90.82835321000312,491.5,-6.229356798678542,-1.6672682205667197,2.446259877437938
4,Y->M,1787466790.5346053,90.84068076097174,491.5,-6.243956501155082,-1.6550355716413436,2.4412027609243863
4,Y->M,1787466790.6069894,90.91306531400187,491.5,-6.258491784852203,-1.6427359907661017,2.436617936748331
4,Y->M,1787466790.7434342,91.04951058299048,491.6,-6.272967391626728,-1.6303765298567974,2.432494906580684
4,Y->M,1787466790.8817084,91.18778469599783,491.7,-6.287390548074062,-1.617962909495983,2.42879725796704
4,Y->M,1787466790.89481,91.20088550099172,491.8,-6.301769150759569,-1.605498820834108,2.425487781214275
4,Y->M,1787466790.9058583,91.21193401596975,491.8,-6.3161109511433935,-1.5929868166450956,2.42250937923466
4,Y->M,1787466791.0413015,91.34737764700549,491.9,-6.330421293100414,-1.5804296237838542,2.4198240077484288
4,Y->M,1787466791.178439,91.48451518296497,492.0,-6.344703474116665,-1.567831905684981,2.417426498338353
4,Y->M,1787466791.3155177,91.62159397895448,492.1,-6.3589593222699285,-1.5551991020232232,2.4152679395933876
4,Y->M,1787466791.4523728,91.7584492409951,492.2,-6.373189553831831,-1.5425365742249875,2.413334875455988
4,Y->M,1787466791.5276618,91.83373775100335,492.3,-6.387394879325588,-1.52984878673309,2.4115841540509515
4,Y->M,1787466791.5403655,91.84644143795595,492.3,-6.401575610956704,-1.5171401078836353,2.410032160328768
4,Y->M,1787466791.553903,91.85997874499299,492.3,-6.4157330183953505,-1.5044145031352552,2.4086659306891494
4,Y->M,1787466791.6281068,91.93418307497632,492.3,-6.429869199756585,-1.4916747952083569,2.407468423290266
4,Y->M,1787466791.7634192,92.06949527899269,492.4,-6.443987883641478,-1.4789218934161603,2.406441816114515
4,Y->M,1787466791.9037879,92.20986356399953,492.6,-6.458094509657354,-1.4661553702699446,2.405578170663873
4,Y->M,1787466791.9186265,92.2247030029539,492.6,-6.472194057803097,-1.453374596763674,2.40487058949347
4,Y->M,1787466791.9313009,92.23737679899205,492.6,-6.486289987949421,-1.440580183048551,2.4042959704316815
4,Y->M,1787466792.0673304,92.37340630497783,492.7,-6.500383377454863,-1.4277744147704383,2.4038344990530254
4,Y->M,1787466792.1420887,92.44816507195355,492.7,-6.514474016524797,-1.4149609584704341,2.403534850045763
4,Y->M,1787466792.278611,92.58468711498426,492.9,-6.528562048461177,-1.402143668210946,2.403366037171482
4,Y->M,1787466792.4154184,92.72149452695157,493.0,-6.5426469228426205,-1.3893261364904546,2.403318280961481
4,Y->M,1787466792.5519192,92.85799487697659,493.1,-6.556728698221361,-1.3765117314595796,2.4033967867482278
4,Y->M,1787466792.6890302,92.99510714196367,493.2,-6.570807552615955,-1.3637031848285177,2.4035909430407947
4,Y->M,1787466792.7035596,93.0096360789612,493.3,-6.584884879930492,-1.3509018334386087,2.4038771214736796
4,Y->M,1787466792.71595,93.02202582196333,493.3,-6.598963558892771,-1.3381074575879253,2.4042576918401948
4,Y->M,1787466792.7260725,93.03214830096113,493.3,-6.613048204895886,-1.3253187090561624,2.4047558392106976
4,Y->M,1787466792.7353873,93.04146286298055,493.3,-6.627143371088249,-1.3125343432904073,2.4053535161688053
4,Y->M,1787466792.8734705,93.1795468449709,493.3,-6.641251618161265,-1.2997542467799548,2.4060190145725597
4,Y->M,1787466793.0114722,93.31754808599362,493.5,-6.655372902054169,-1.286980055140176,2.4067420140274245
4,Y->M,1787466793.0254257,93.33150154096074,493.5,-6.669505963551708,-1.2742144252295204,2.407539487172922
4,Y->M,1787466793.1613367,93.46741270198254,493.6,-6.683649882505751,-1.2614602132278379,2.4083940033887763
4,Y->M,1787466793.2986207,93.6046968199662,493.7,-6.697803319903897,-1.2487198058502234,2.4092849185927805
4,Y->M,1787466793.374914,93.6809897699859,493.8,-6.711964987005093,-1.2359952614308691,2.4102085641011044
4,Y->M,1787466793.449433,93.75550909398589,493.9,-6.726133976615525,-1.2232879150284328,2.411155555510562
4,Y->M,1787466793.5232944,93.8293707089615,493.9,-6.740310757735505,-1.2105979981530195,2.4121229082132642
4,Y->M,1787466793.5364144,93.84249077597633,493.9,-6.754497627321172,-1.1979239369828574,2.4131006444337855
4,Y->M,1787466793.6725616,93.97863739798777,494.0,-6.768698077272304,-1.1852629626818592,2.4140810122507865
4,Y->M,1787466793.8086727,94.1147484179819,494.1,-6.782914843814309,-1.1726123360332832,2.415063352516225
4,Y->M,1787466793.948253,94.2543294299976,494.2,-6.797148823485407,-1.159970942603357,2.416028853321441
4,Y->M,1787466794.0267563,94.33283208095236,494.3,-6.811399057940857,-1.1473393609772826,2.416967076936124
4,Y->M,1787466794.0419807,94.34805615094956,494.3,-6.825663383158468,-1.1347192163685642,2.417871094668116
4,Y->M,1787466794.051961,94.35803602699889,494.3,-6.839939179484588,-1.1221118245193575,2.4187340097730003
4,Y->M,1787466794.188305,94.49438083096175,494.4,-6.854223851517408,-1.1095181213454635,2.419549218575883
4,Y->M,1787466794.3250668,94.63114258297719,494.5,-6.868514866837605,-1.0969386908876095,2.420313096779064
4,Y->M,1787466794.4633014,94.76937748899218,494.6,-6.882810656389346,-1.084373686514392,2.4210241362381053
4,Y->M,1787466794.477067,94.78314282896463,494.7,-6.897111041326188,-1.0718223734898087,2.4216886652013208
4,Y->M,1787466794.489678,94.79575407295488,494.7,-6.911417707466923,-1.0592821785792925,2.4223126686539547
4,Y->M,1787466794.563187,94.86926366196712,494.7,-6.9257334865555285,-1.046749448893711,2.4229025480818187
4,Y->M,1787466794.6399195,94.94599574099993,494.8,-6.940060432717972,-1.034221213541078,2.423458704534797
4,Y->M,1787466794.7782803,95.08435629395535,494.9,-6.95439911186638,-1.0216961693674576,2.4239814801904727
4,Y->M,1787466794.916922,95.22299795999425,495.0,-6.96874830523964,-1.0091750874732284,2.4244722348012413
4,Y->M,1787466795.053559,95.35963533300674,495.1,-6.983105521107885,-0.996659475311104,2.424940317904518
4,Y->M,1787466795.1286714,95.43474727397552,495.2,-6.997468472815307,-0.984150662265528,2.4253951928507718
4,Y->M,1787466795.1405277,95.44660367298638,495.2,-7.0118348818912395,-0.9716500057828433,2.4258393545575276
4,Y->M,1787466795.1519713,95.45804683997994,495.2,-7.026202997368268,-0.9591588049320457,2.4262744715302946
4,Y->M,1787466795.28805,95.59412624698598,495.3,-7.040571918071442,-0.9466779740992262,2.4267168224737077
4,Y->M,1787466795.363195,95.66927114099963,495.3,-7.054942474854278,-0.934207430549943,2.4271919807482294
4,Y->M,1787466795.5018618,95.80793782899855,495.4,-7.069317504020427,-0.9217455245566779,2.427706486901548
4,Y->M,1787466795.5157075,95.82178331597243,495.5,-7.083700803571837,-0.9092897412707475,2.4282803479174504
4,Y->M,1787466795.5889914,95.89506751298904,495.5,-7.098095637365441,-0.8968385115732997,2.4288927801795315
4,Y->M,1787466795.7267416,96.03281769395107,495.6,-7.112503143493527,-0.8843923131683935,2.429572144781621
4,Y->M,1787466795.8654585,96.1715347970021,495.7,-7.126923405877395,-0.8719532843597667,2.4303283544451135
4,Y->M,1787466796.002639,96.30871528800344,495.9,-7.141355157233424,-0.8595242958308562,2.431162407217984
4,Y->M,1787466796.1400945,96.44617051200476,496.0,-7.1557971352873455,-0.8471083942046451,2.4321051965178357
4,Y->M,1787466796.2787154,96.58479133795481,496.1,-7.170248982412001,-0.8347085142667771,2.433133446845878
4,Y->M,1787466796.291956,96.59803190099774,496.1,-7.184710330931918,-0.8223277757969699,2.434277838291413
4,Y->M,1787466796.3029578,96.6090334339533,496.1,-7.199181651923473,-0.8099685096069522,2.4355422788641596
4,Y->M,1787466796.312795,96.61887006496545,496.1,-7.213665210442668,-0.7976315067848706,2.4369290543726794
4,Y->M,1787466796.384095,96.6901710020029,496.1,-7.228165066444171,-0.7853166126143731,2.438473531744502
4,Y->M,1787466796.5209975,96.8270749739604,496.3,-7.2426865799331805,-0.7730231984496063,2.4401759999069315
4,Y->M,1787466796.657827,96.96390312199946,496.4,-7.257234247646425,-0.7607517229177814,2.442026104302624
4,Y->M,1787466796.7338355,97.0399112419691,496.5,-7.271810127938488,-0.7485043311914038,2.4440275551350323
4,Y->M,1787466796.745816,97.05189178598812,496.5,-7.286414663564424,-0.7362844872142178,2.4462233173341374
4,Y->M,1787466796.7565105,97.06258586695185,496.5,-7.301048524647792,-0.7240965706733825,2.4485992140308017
4,Y->M,1787466796.895342,97.20141831698129,496.6,-7.315711445128345,-0.7119450665622105,2.4511506779504986
4,Y->M,1787466797.0319176,97.33799354697112,496.7,-7.330403800843228,-0.6998337063962918,2.4538195154559213
4,Y->M,1787466797.1705904,97.47666700498667,496.8,-7.345124784741346,-0.6877657815500617,2.456597012211355
4,Y->M,1787466797.3075457,97.61362127796747,496.9,-7.3598751591025025,-0.6757438227583858,2.4595536892129912
4,Y->M,1787466797.3209484,97.62702430295758,497.0,-7.374658270775405,-0.6637686333398751,2.462599752937794
4,Y->M,1787466797.3328016,97.63887688197428,497.0,-7.389477285426267,-0.6518400123809065,2.465787437802812
4,Y->M,1787466797.4678812,97.7739575659507,497.0,-7.404337872890056,-0.6399579061049661,2.4691574932022298
4,Y->M,1787466797.5433455,97.84942114097066,497.1,-7.4192435062988515,-0.6281231172419132,2.472627729379417
4,Y->M,1787466797.619589,97.92566582397558,497.2,-7.434194872171647,-0.6163373984889471,2.476210040151875
4,Y->M,1787466797.757713,98.06378912099171,497.3,-7.449191799012602,-0.6046028038404978,2.4798163125526593
4,Y->M,1787466797.8964388,98.20251548098167,497.4,-7.464232536027351,-0.5929216622021557,2.48348398843067
4,Y->M,1787466797.972544,98.27862009295495,497.5,-7.479316205617097,-0.5812970046375366,2.4872743181367993
4,Y->M,1787466797.984821,98.29089706100058,497.5,-7.494442157331598,-0.5697326048221005,2.491189172705723
4,Y->M,1787466797.995505,98.30158098996617,497.5,-7.509609239512134,-0.55823124963238,2.495182523079149
4,Y->M,1787466798.0052724,98.31134794797981,497.5,-7.524817680294693,-0.5467947028325308,2.499285408110155
4,Y->M,1787466798.140585,98.44666069099912,497.6,-7.540070961043677,-0.5354228984945301,2.5034596630649726
4,Y->M,1787466798.2778645,98.5839406309533,497.7,-7.5553722464114434,-0.5241146625549216,2.5076772693406233
4,Y->M,1787466798.2913663,98.59744198498083,497.7,-7.570724184748916,-0.5128696420784044,2.5119801310436136
4,Y->M,1787466798.4261765,98.73225221195025,497.8,-7.586128579077775,-0.5016885445753406,2.5163164676069285
4,Y->M,1787466798.56146,98.86753572395537,497.9,-7.601584487332866,-0.4905723510041273,2.5206949513103756
4,Y->M,1787466798.6982753,99.00435221899534,498.0,-7.617091856985966,-0.4795217886109784,2.525083953518945
4,Y->M,1787466798.835592,99.14166798000224,498.1,-7.6326492500268674,-0.4685376887519813,2.5294320259707916
4,Y->M,1787466798.974804,99.28088027099147,498.2,-7.648254289521234,-0.4576214718473423,2.5337662122354856
4,Y->M,1787466798.9886947,99.29477032396244,498.3,-7.663904204767198,-0.44677496518925397,2.538060353342458
4,Y->M,1787466798.99946,99.3055354669923,498.3,-7.679595816033584,-0.43599865806469956,2.542307813992606
4,Y->M,1787466799.0097263,99.31580150895752,498.3,-7.695328821895675,-0.42529130500211576,2.5465267806452574
4,Y->M,1787466799.081412,99.38748838700121,498.3,-7.711105257548606,-0.41465089127363264,2.5507186688968937
4,Y->M,1787466799.1577744,99.46385009796359,498.4,-7.726927608511389,-0.404075376029958,2.554870551741296
4,Y->M,1787466799.296632,99.60270917398157,498.5,-7.742796417063338,-0.39356385945655786,2.558983478782431
4,Y->M,1787466799.3721306,99.67820620798739,498.6,-7.758710675995678,-0.383116230286646,2.5630707508666273
4,Y->M,1787466799.385288,99.69136329600587,498.6,-7.774669349230381,-0.3727320284446754,2.567109430453728
4,Y->M,1787466799.5217729,99.82784890098264,498.7,-7.790671833044865,-0.36241014583959097,2.5710685722540245
4,Y->M,1787466799.65924,99.96531599696027,498.8,-7.806713681587441,-0.3521514492011548,2.574945562828399
4,Y->M,1787466799.7966638,100.10273970500566,498.9,-7.822744612671857,-0.3419946935165001,2.579766041898962
4,Y->M,1787466799.8751574,100.18123284500325,499.0,-7.838624574344227,-0.33205208182172485,2.5858609465491296
4,Y->M,1787466799.8883972,100.19447266997304,499.0,-7.854177497775369,-0.3224556293096885,2.5930348754266546
4,Y->M,1787466799.8999715,100.20604674797505,499.0,-7.869260604878616,-0.31330498130388706,2.6008050195149512
4,Y->M,1787466800.0354044,100.34148054698016,499.1,-7.884200274216414,-0.3043828861089008,2.6074323525226957
4,Y->M,1787466800.172502,100.47857840399956,499.2,-7.898912356220862,-0.2957335419528865,2.6136215924832555
4,Y->M,1787466800.3098679,100.6159444389632,499.3,-7.913252098069578,-0.2874290166321224,2.6220298259182973
4,Y->M,1787466800.3863947,100.69247064896626,499.4,-7.927371387890211,-0.2794222562715848,2.631349301854147
4,Y->M,1787466800.3982987,100.7043744379771,499.4,-7.941072110052934,-0.27180194315954165,2.6371554102518404
4,Y->M,1787466800.4088166,100.71489245299017,499.4,-7.954545472204257,-0.26438542542505317,2.6399837293302615
4,Y->M,1787466800.5449815,100.85105752700474,499.5,-7.96778796585772,-0.2571391461309983,2.6423104018229346
4,Y->M,1787466800.6829183,100.98899523698492,499.6,-7.980792486594423,-0.25006378093577636,2.6451269454362274
4,Y->M,1787466800.8201063,101.12618269195082,499.7,-7.993424657480394,-0.24324181076105783,2.64874132704416
4,Y->M,1787466800.8973982,101.20347382000182,499.8,-8.005739344327353,-0.23665131499131295,2.6515351188086167
4,Y->M,1787466800.9093206,101.21539606997976,499.8,-8.01801711757842,-0.230109154424367,2.6534530985963403
4,Y->M,1787466800.9822726,101.28834848897532,499.8,-8.02989850282174,-0.22383684313197827,2.6593940544157393
4,Y->M,1787466801.1186516,101.42472788697341,499.9,-8.041410294567273,-0.21782946143144424,2.661282927332204
4,Y->M,1787466801.1946096,101.50068564998219,500.1,-8.052823408134065,-0.21190255290554053,2.664797311528278
4,Y->M,1787466801.26924,101.57531570398714,500.1,-8.064113686665022,-0.20608070651919755,2.667698465793917
4,Y->M,1787466801.405687,101.71176306897542,500.2,-8.074756756191073,-0.20066425983756386,2.675898387775267
4,Y->M,1787466801.542306,101.84838192298776,500.3,-8.085322437705514,-0.19538773294138734,2.681600834123395
4,Y->M,1787466801.6178815,101.92395719297929,500.4,-8.095661670157385,-0.19027371117876185,2.682457331674088
4,Y->M,1787466801.6306014,101.93667744298,500.4,-8.105904596768166,-0.18520637619317845,2.6818415894000776
4,Y->M,1787466801.641831,101.94790660496801,500.4,-8.115950065904594,-0.18023497701115884,2.682661838339981
4,Y->M,1787466801.7145126,102.02058854995994,500.4,-8.12542829337683,-0.17557061140440322,2.686270681399727
4,Y->M,1787466801.85136,102.1574370089802,500.5,-8.134768495780616,-0.1710030944102225,2.686434546246212
4,Y->M,1787466801.9902356,102.2963123669615,500.6,-8.144022739239162,-0.1664833098933179,2.690040624465936
4,Y->M,1787466802.2002568,102.50633349595591,500.8,-8.157356296661689,-0.16005043342407166,2.6928408740963605
4,Y->M,1787466802.2810779,102.58715347095858,500.9,-8.170306055847135,-0.15384050957597675,2.6958293303799197
4,Y->M,1787466802.2981098,102.60418582195416,500.9,-8.182705765701305,-0.14796593363819732,2.706196102859066
4,Y->M,1787466802.4390326,102.74510846100748,501.0,-8.194715875031799,-0.142435171895998,2.713322225318696
4,Y->M,1787466802.520856,102.82693148695398,501.1,-8.20640141865198,-0.13709662239943515,2.7123716747281867
4,Y->M,1787466802.663198,102.96927364100702,501.2,-8.217828916159096,-0.1318647809190962,2.71209225183709
4,Y->M,1787466802.8686304,103.17470680398401,501.3,-8.228517874800326,-0.12700028769612953,2.7165048799161946
4,Y->M,1787466803.077337,103.38341341097839,501.5,-8.238984428855199,-0.12226722636911347,2.7186082380072363
4,Y->M,1787466803.2227943,103.52887018799083,501.7,-8.249159644111092,-0.11768982955807455,2.719774063840554
4,Y->M,1787466803.2408285,103.54690387996379,501.7,-8.258860654578676,-0.11335517165836596,2.721829866208882
4,Y->M,1787466803.2554908,103.56156667298637,501.7,-8.268376513053534,-0.10914980333043735,2.7347583306359353
4,Y->M,1787466803.4058084,103.71188477700343,501.8,-8.280365945723677,-0.10408403313313982,2.746788508691481
4,Y->M,1787466803.618384,103.92445974698057,502.0,-8.292075885577287,-0.09919931997761827,2.7463370509185734
4,Y->M,1787466803.8294423,104.13551841600565,502.1,-8.302846937891234,-0.0947340743374772,2.74844327199792
4,Y->M,1787466804.1045773,104.41065352398437,502.3,-8.31331111077241,-0.09040804600151976,2.751612984291588
4,Y->M,1787466804.2555504,104.56162587099243,502.5,-8.323004448796757,-0.08650141199592969,2.767844502564078
4,Y->M,1787466804.2835276,104.58960331196431,502.5,-8.332502761159686,-0.08279633048670565,2.76946636214035
4,Y->M,1787466804.5014699,104.80754601798253,502.7,-8.343783517794337,-0.07838227767750235,2.768186766094467
4,Y->M,1787466804.7826056,105.08868159400299,502.9,-8.354947185877233,-0.07403027288120737,2.7710674288342543
4,Y->M,1787466805.1284597,105.43453585996758,503.2,-8.36606531568412,-0.06974078366092985,2.778171360954041
4,Y->M,1787466805.2243629,105.53043809498195,503.3,-8.377533272684236,-0.06543440716336858,2.7957020824605174
4,Y->M,1787466805.37701,105.68308717396576,503.4,-8.388805269617711,-0.06147548234203164,2.807838005007416
4,Y->M,1787466805.7195697,106.02564629295375,503.6,-8.400020515117397,-0.05759341474241648,2.8097463559829317
4,Y->M,1787466805.7512338,106.05730949097779,503.7,-8.411258070653718,-0.05375338425599965,2.815968299032214
