sim_stamp_s,wall_monotonic_s,linear_x_mps,linear_y_mps,angular_z_rps
1787918852.001175404,109382.290762083,0.031718556,0.000000000,0.006457081
1787918852.102585554,109382.392194016,0.066766076,0.000000000,0.015316613
1787918852.200912237,109382.490506763,0.102402925,0.000000000,0.018951640
1787918852.301011086,109382.590602233,0.131266177,0.000000000,0.015500076
1787918852.401018620,109382.690613977,0.153528392,0.000000000,0.005678738
1787918852.500739813,109382.790321196,0.169887319,0.000000000,-0.005596636
1787918852.600870132,109382.890462759,0.182003960,0.000000000,-0.014993041
1787918852.701008558,109382.990619489,0.191143960,0.000000000,-0.021157283
1787918852.800956726,109383.090548243,0.198089793,0.000000000,-0.024627099
1787918852.900891542,109383.190481630,0.203535855,0.000000000,-0.026444228
1787918853.001220703,109383.290829975,0.207738116,0.000000000,-0.027508365
1787918853.100945234,109383.390554368,0.207117498,0.000000000,-0.029518872
1787918853.200984240,109383.490591188,0.207062915,0.000000000,-0.037003119
1787918853.301081181,109383.590691979,0.207376301,0.000000000,-0.049241513
1787918853.400956392,109383.690572919,0.212552428,0.000000000,-0.060426660
1787918853.501116514,109383.790720623,0.216626227,0.000000000,-0.069733553
1787918853.600983620,109383.890577701,0.219038829,0.000000000,-0.075872324
1787918853.700884581,109383.990495888,0.215160459,0.000000000,-0.083095014
1787918853.800940990,109384.090545108,0.216299757,0.000000000,-0.088503614
1787918853.900899649,109384.190502867,0.218013629,0.000000000,-0.093379237
1787918854.001292467,109384.290897298,0.215465501,0.000000000,-0.100715905
1787918854.100889206,109384.390482693,0.212697059,0.000000000,-0.111465134
1787918854.201047897,109384.490658185,0.215811402,0.000000000,-0.119545646
1787918854.300920248,109384.590527261,0.214815989,0.000000000,-0.130282640
1787918854.401083946,109384.690685319,0.213336065,0.000000000,-0.142381757
1787918854.500898600,109384.790491041,0.212267444,0.000000000,-0.154778779
1787918854.601186275,109384.890790105,0.211877003,0.000000000,-0.168201268
1787918854.700937748,109384.990517975,0.212426752,0.000000000,-0.180954188
1787918854.800813913,109385.090407436,0.213094935,0.000000000,-0.193489671
1787918854.900858164,109385.190439083,0.213759407,0.000000000,-0.205314144
1787918855.000819921,109385.290413608,0.215217546,0.000000000,-0.215125903
1787918855.101106882,109385.390699241,0.216772988,0.000000000,-0.224098355
1787918855.201035261,109385.490614440,0.219190434,0.000000000,-0.231270418
1787918855.300881386,109385.590463712,0.221576706,0.000000000,-0.238195300
1787918855.400979996,109385.690578824,0.224191472,0.000000000,-0.244441599
1787918855.501154423,109385.790762227,0.226360708,0.000000000,-0.250482827
1787918855.600933075,109385.890541937,0.228508532,0.000000000,-0.256551623
1787918855.700994015,109385.990585798,0.230893686,0.000000000,-0.262244403
1787918855.801028967,109386.090624766,0.232574195,0.000000000,-0.268273473
1787918855.900870562,109386.190464065,0.233999714,0.000000000,-0.274151802
1787918856.000845671,109386.290439326,0.235120907,0.000000000,-0.279472977
1787918856.101053238,109386.390648232,0.235839546,0.000000000,-0.284853727
1787918856.201034069,109386.490624789,0.235372901,0.000000000,-0.289797038
1787918856.301163673,109386.590780639,0.234915614,0.000000000,-0.294717699
1787918856.401113033,109386.690701516,0.235278130,0.000000000,-0.298800707
1787918856.501041889,109386.790644577,0.236828849,0.000000000,-0.300569177
1787918856.601022005,109386.890623813,0.238635629,0.000000000,-0.302128434
1787918856.700783253,109386.990363245,0.240931004,0.000000000,-0.303494364
1787918856.801019907,109387.090609585,0.243347317,0.000000000,-0.303372949
1787918856.900947809,109387.190561531,0.245759755,0.000000000,-0.303349108
1787918857.001054287,109387.290661374,0.249644607,0.000000000,-0.299440742
1787918857.101038218,109387.390626055,0.253801942,0.000000000,-0.294369698
1787918857.201011181,109387.490613619,0.258827627,0.000000000,-0.286734581
1787918857.300897360,109387.590486068,0.260000000,0.000000000,-0.278537810
1787918857.401087523,109387.690698987,0.260000000,0.000000000,-0.267690480
1787918857.501005650,109387.790689016,0.260000000,0.000000000,-0.256648719
1787918857.601074696,109387.890680081,0.260000000,0.000000000,-0.244928181
1787918857.700932026,109387.990523191,0.260000000,0.000000000,-0.232677311
1787918857.801253319,109388.090845147,0.260000000,0.000000000,-0.219604641
1787918857.901034355,109388.190624252,0.260000000,0.000000000,-0.205682501
1787918858.000929117,109388.290533070,0.260000000,0.000000000,-0.194123536
1787918858.100875378,109388.390473534,0.260000000,0.000000000,-0.180580243
1787918858.200923204,109388.490525851,0.260000000,0.000000000,-0.167759985
1787918858.301331043,109388.590929155,0.260000000,0.000000000,-0.155276030
1787918858.400938749,109388.690537035,0.260000000,0.000000000,-0.136981308
1787918858.500894547,109388.790485541,0.260000000,0.000000000,-0.124204375
1787918858.600989342,109388.890592055,0.260000000,0.000000000,-0.112170510
1787918858.700907946,109388.990504638,0.260000000,0.000000000,-0.093242243
1787918858.800965309,109389.090559380,0.260000000,0.000000000,-0.083506711
1787918858.901003599,109389.190583911,0.260000000,0.000000000,-0.074091017
1787918859.000935316,109389.290525606,0.260000000,0.000000000,-0.066115588
1787918859.103170395,109389.392764342,0.260000000,0.000000000,-0.046854805
1787918859.200994730,109389.490584696,0.260000000,0.000000000,-0.039803695
1787918859.301008224,109389.590597187,0.260000000,0.000000000,-0.033592138
1787918859.401282310,109389.690872350,0.260000000,0.000000000,-0.018525939
1787918859.501123667,109389.790726835,0.260000000,0.000000000,-0.007274900
1787918859.601031780,109389.890633594,0.260000000,0.000000000,0.001123488
1787918859.701037645,109389.990636588,0.260000000,0.000000000,0.006781631
1787918859.800888062,109390.090471412,0.260000000,0.000000000,0.010234827
1787918859.901327610,109390.190920278,0.260000000,0.000000000,0.012507603
1787918860.001049995,109390.290651818,0.260000000,0.000000000,0.006743592
1787918860.100899220,109390.390499443,0.260000000,0.000000000,0.007943176
1787918860.201092958,109390.490676844,0.260000000,0.000000000,0.003376998
1787918860.300968409,109390.590565563,0.260000000,0.000000000,-0.000545061
1787918860.400943041,109390.690524635,0.260000000,0.000000000,-0.003206702
1787918860.501188040,109390.790773038,0.260000000,0.000000000,-0.001970732
1787918860.601036072,109390.890637808,0.260000000,0.000000000,0.001020852
1787918860.701087713,109390.990670342,0.260000000,0.000000000,0.004805773
1787918860.801006079,109391.090586058,0.260000000,0.000000000,0.009258160
1787918860.900940657,109391.190524135,0.260000000,0.000000000,0.013666634
1787918861.000842810,109391.290410757,0.260000000,0.000000000,0.017939597
1787918861.101392269,109391.390985284,0.260000000,0.000000000,0.021978071
1787918861.200972319,109391.490569641,0.260000000,0.000000000,0.025759198
1787918861.301123381,109391.590731115,0.260000000,0.000000000,0.029504327
1787918861.401171446,109391.690764600,0.260000000,0.000000000,0.032935303
1787918861.501049519,109391.790661027,0.260000000,0.000000000,0.036011662
1787918861.601049185,109391.890635995,0.260000000,0.000000000,0.038963366
1787918861.701098442,109391.990687417,0.260000000,0.000000000,0.041671202
1787918861.801051140,109392.090640326,0.260000000,0.000000000,0.043987360
1787918861.901167154,109392.190761414,0.260000000,0.000000000,0.045877859
1787918862.001190662,109392.290778115,0.260000000,0.000000000,0.047247916
1787918862.101081848,109392.390676976,0.260000000,0.000000000,0.048191905
1787918862.200903654,109392.490489988,0.260000000,0.000000000,0.048751429
1787918862.301032305,109392.590623883,0.260000000,0.000000000,0.048816174
1787918862.401141167,109392.690744735,0.260000000,0.000000000,0.048584364
1787918862.501093864,109392.790689825,0.260000000,0.000000000,0.048118353
1787918862.600999355,109392.890597554,0.260000000,0.000000000,0.047297865
1787918862.701084375,109392.990665521,0.260000000,0.000000000,0.046336643
1787918862.800977707,109393.090567610,0.260000000,0.000000000,0.045289390
1787918862.901000977,109393.190600661,0.260000000,0.000000000,0.044020157
1787918863.000854492,109393.290447561,0.260000000,0.000000000,0.042731293
1787918863.101114988,109393.390694488,0.260000000,0.000000000,0.041464113
1787918863.200946569,109393.490537908,0.260000000,0.000000000,0.040093269
1787918863.300934315,109393.590617461,0.260000000,0.000000000,0.038762085
1787918863.401095629,109393.690700056,0.260000000,0.000000000,0.037509684
1787918863.501150370,109393.790752150,0.260000000,0.000000000,0.036181338
1787918863.601072073,109393.890681919,0.260000000,0.000000000,0.034939166
1787918863.701202869,109393.990817248,0.260000000,0.000000000,0.033792939
1787918863.801208496,109394.090815340,0.260000000,0.000000000,0.032768652
1787918863.901037216,109394.190644279,0.260000000,0.000000000,0.048779566
1787918864.001038074,109394.290636924,0.260000000,0.000000000,0.059140984
1787918864.101137161,109394.390730184,0.260000000,0.000000000,0.065315738
1787918864.201071978,109394.490675615,0.260000000,0.000000000,0.065164007
1787918864.300892591,109394.590473484,0.260000000,0.000000000,0.063317135
1787918864.401043892,109394.690641902,0.260000000,0.000000000,0.060697775
1787918864.500939608,109394.790519915,0.260000000,0.000000000,0.058945589
1787918864.600987911,109394.890578739,0.260000000,0.000000000,0.057099171
1787918864.700892210,109394.990474638,0.260000000,0.000000000,0.055141550
1787918864.800981760,109395.090572611,0.260000000,0.000000000,0.044222098
1787918864.901015997,109395.190612915,0.260000000,0.000000000,0.032088250
1787918865.001033306,109395.290622615,0.260000000,0.000000000,0.022806471
1787918865.101052999,109395.390646977,0.260000000,0.000000000,0.029728681
1787918865.201058626,109395.490652349,0.260000000,0.000000000,0.037618954
1787918865.301199913,109395.590802189,0.260000000,0.000000000,0.044679191
1787918865.401159525,109395.690740613,0.260000000,0.000000000,0.037169881
1787918865.501071215,109395.790654087,0.260000000,0.000000000,0.029136576
1787918865.601164579,109395.890745700,0.260000000,0.000000000,0.023244079
1787918865.701003790,109395.990600061,0.260000000,0.000000000,0.021360280
1787918865.800948381,109396.090542157,0.260000000,0.000000000,0.022851318
1787918865.901042461,109396.190625583,0.260000000,0.000000000,0.025496215
1787918866.001197338,109396.290788901,0.260000000,0.000000000,0.028473331
1787918866.101066351,109396.390658105,0.260000000,0.000000000,0.031460695
1787918866.200917244,109396.490497845,0.260000000,0.000000000,0.035684947
1787918866.301004648,109396.590602308,0.260000000,0.000000000,0.041253902
1787918866.401194334,109396.690777120,0.260000000,0.000000000,0.047061726
1787918866.501028538,109396.790607984,0.260000000,0.000000000,0.052684218
1787918866.601101875,109396.890695027,0.260000000,0.000000000,0.058726177
1787918866.701170683,109396.990782614,0.260000000,0.000000000,0.064078011
1787918866.801215649,109397.090825720,0.260000000,0.000000000,0.069499217
1787918866.901025772,109397.190616120,0.260000000,0.000000000,0.074071072
1787918867.001286507,109397.290894344,0.260000000,0.000000000,0.077908285
1787918867.101081610,109397.390687393,0.260000000,0.000000000,0.081671357
1787918867.201173306,109397.490769669,0.260000000,0.000000000,0.084777623
1787918867.301210165,109397.590816318,0.258197963,0.000000000,0.087336399
1787918867.401172638,109397.690777285,0.256510496,0.000000000,0.089323282
1787918867.501134872,109397.790739615,0.255153149,0.000000000,0.090846673
1787918867.601111889,109397.890698586,0.254054546,0.000000000,0.091985479
1787918867.701013327,109397.990597889,0.252369612,0.000000000,0.093400300
1787918867.801108599,109398.090689342,0.250838757,0.000000000,0.094528928
1787918867.901077271,109398.190671841,0.248596936,0.000000000,0.095960878
1787918868.001327753,109398.290939421,0.246582150,0.000000000,0.097103938
1787918868.101219416,109398.390830847,0.244748443,0.000000000,0.098043703
1787918868.201100349,109398.490688985,0.242450267,0.000000000,0.099120066
1787918868.300992489,109398.590580851,0.240421012,0.000000000,0.099932455
1787918868.401164293,109398.690756474,0.238614649,0.000000000,0.100542024
1787918868.501084328,109398.790670934,0.236396164,0.000000000,0.101264417
1787918868.601152420,109398.890745901,0.234443009,0.000000000,0.101797402
1787918868.701129675,109398.990724069,0.232698575,0.000000000,0.102203034
1787918868.801127672,109399.090732241,0.231240094,0.000000000,0.102481022
1787918868.901283264,109399.190891531,0.229957640,0.000000000,0.102688245
1787918869.001325130,109399.290919188,0.228852898,0.000000000,0.102808408
1787918869.101333857,109399.390931530,0.227870390,0.000000000,0.102868676
1787918869.201349974,109399.490944863,0.226925582,0.000000000,0.102910504
1787918869.301211834,109399.590824613,0.225463375,0.000000000,0.103127301
1787918869.401213884,109399.690803091,0.224003345,0.000000000,0.103297949
1787918869.501384497,109399.790984392,0.222590223,0.000000000,0.103439309
1787918869.601033211,109399.890617335,0.221322715,0.000000000,0.103537627
1787918869.701267004,109399.990849631,0.219656512,0.000000000,0.103749394
1787918869.800961494,109400.090547336,0.218129456,0.000000000,0.103863880
1787918869.901088953,109400.190680163,0.216707081,0.000000000,0.103930816
1787918870.001120090,109400.290715886,0.215465784,0.000000000,0.103963941
1787918870.101236582,109400.390831100,0.213939935,0.000000000,0.104095958
1787918870.201306343,109400.490898095,0.212550610,0.000000000,0.104173273
1787918870.301236629,109400.590825846,0.211264163,0.000000000,0.104227893
1787918870.401071072,109400.690679445,0.210072130,0.000000000,0.104270227
1787918870.501143456,109400.790747772,0.208997369,0.000000000,0.104300715
1787918870.601183414,109400.890773097,0.207763880,0.000000000,0.104371473
1787918870.701296806,109400.990892203,0.206574291,0.000000000,0.104395837
1787918870.801202059,109401.090793495,0.205272391,0.000000000,0.104429282
1787918870.901094675,109401.190695477,0.204098567,0.000000000,0.104407288
1787918871.001127958,109401.290716352,0.202850223,0.000000000,0.104399227
1787918871.107897043,109401.397872935,0.201749370,0.000000000,0.104341015
1787918871.201170683,109401.490771476,0.200626850,0.000000000,0.104288831
1787918871.301265240,109401.590857623,0.199646965,0.000000000,0.104200505
1787918871.401510239,109401.691107093,0.198776424,0.000000000,0.104106858
1787918871.501299858,109401.790900034,0.198016435,0.000000000,0.104015499
1787918871.601125717,109401.890771805,0.197294220,0.000000000,0.103938997
1787918871.701360464,109401.990967208,0.196629837,0.000000000,0.103870310
1787918871.801244736,109402.090831620,0.196002409,0.000000000,0.103811674
1787918871.901172638,109402.190770020,0.195361733,0.000000000,0.103764020
1787918872.001376152,109402.290969992,0.194740891,0.000000000,0.103714295
1787918872.101257324,109402.390844923,0.194130093,0.000000000,0.103661165
1787918872.201009512,109402.490595603,0.193486586,0.000000000,0.103603601
1787918872.301157236,109402.590748396,0.192942113,0.000000000,0.103541240
1787918872.401121378,109402.690705314,0.192380324,0.000000000,0.103479572
1787918872.501132965,109402.790717514,0.187534094,0.000000000,0.114471108
1787918872.601293087,109402.890894440,0.183069766,0.000000000,0.128114760
1787918872.701277733,109402.990881438,0.179604262,0.000000000,0.142676204
1787918872.801199436,109403.090785549,0.176734805,0.000000000,0.156288296
1787918872.901299715,109403.190893118,0.174524277,0.000000000,0.169114411
1787918873.001157284,109403.290742674,0.173890010,0.000000000,0.181459233
1787918873.101195335,109403.390784560,0.173672989,0.000000000,0.193168625
1787918873.200972557,109403.490552405,0.173886150,0.000000000,0.204356074
1787918873.301303387,109403.590907771,0.175252140,0.000000000,0.215350255
1787918873.401015043,109403.690622640,0.192389056,0.000000000,0.205345944
1787918873.501261234,109403.790865811,0.208962023,0.000000000,0.202411547
1787918873.601516724,109403.891100970,0.225803018,0.000000000,0.184790671
1787918873.701130152,109403.990744169,0.238629371,0.000000000,0.169272274
1787918873.801192760,109404.090793660,0.249304011,0.000000000,0.164699227
1787918873.901335955,109404.190945065,0.258975446,0.000000000,0.161905438
1787918874.001149893,109404.290749361,0.260000000,0.000000000,0.147977412
1787918874.101231337,109404.390837093,0.260000000,0.000000000,0.145606071
1787918874.201265812,109404.490856125,0.260000000,0.000000000,0.131023049
1787918874.301163673,109404.590765654,0.260000000,0.000000000,0.118551202
1787918874.401405811,109404.691016583,0.260000000,0.000000000,0.122117877
1787918874.501235008,109404.790823914,0.260000000,0.000000000,0.112241313
1787918874.601272106,109404.890860997,0.260000000,0.000000000,0.111593902
1787918874.701249838,109404.990851830,0.260000000,0.000000000,0.107109554
1787918874.801168442,109405.090763731,0.260000000,0.000000000,0.103831865
1787918874.901338339,109405.190938123,0.260000000,0.000000000,0.100078657
1787918875.001196146,109405.290802329,0.260000000,0.000000000,0.096898012
1787918875.101371288,109405.390970458,0.260000000,0.000000000,0.095580459
1787918875.201248407,109405.490851952,0.260000000,0.000000000,0.095925726
1787918875.301196575,109405.590784434,0.260000000,0.000000000,0.096690819
1787918875.401392937,109405.690984913,0.260000000,0.000000000,0.097877257
1787918875.501196146,109405.790781153,0.260000000,0.000000000,0.098738462
1787918875.601115942,109405.890707740,0.260000000,0.000000000,0.099382341
1787918875.701198578,109405.990779612,0.260000000,0.000000000,0.099564962
1787918875.801337719,109406.090936801,0.260000000,0.000000000,0.099230632
1787918875.901522636,109406.191139004,0.260000000,0.000000000,0.098593682
1787918876.001246452,109406.290848124,0.260000000,0.000000000,0.097496301
1787918876.101345778,109406.390932071,0.260000000,0.000000000,0.095965371
1787918876.201216698,109406.490803444,0.260000000,0.000000000,0.094101824
1787918876.301412106,109406.591012847,0.260000000,0.000000000,0.091783769
1787918876.401230812,109406.690818973,0.260000000,0.000000000,0.088923909
1787918876.501174688,109406.790758856,0.260000000,0.000000000,0.085628524
1787918876.601262808,109406.890868261,0.260000000,0.000000000,0.082192861
1787918876.701165676,109406.990773397,0.260000000,0.000000000,0.078342177
1787918876.801346064,109407.090952374,0.260000000,0.000000000,0.074303500
1787918876.901375771,109407.190964572,0.260000000,0.000000000,0.069884643
1787918877.001399040,109407.291002799,0.260000000,0.000000000,0.065370195
1787918877.101595879,109407.391211953,0.260000000,0.000000000,0.061028920
1787918877.201220751,109407.490806234,0.260000000,0.000000000,0.056473721
1787918877.301185846,109407.590770642,0.260000000,0.000000000,0.052127711
1787918877.401161194,109407.690765763,0.260000000,0.000000000,0.047846753
1787918877.501170397,109407.790752425,0.260000000,0.000000000,0.043368302
1787918877.601231575,109407.890816997,0.260000000,0.000000000,0.039076298
1787918877.701257229,109407.990847776,0.260000000,0.000000000,0.035029333
1787918877.801251650,109408.090847608,0.260000000,0.000000000,0.030700574
1787918877.901530266,109408.191136278,0.260000000,0.000000000,0.026559984
1787918878.001332045,109408.290920593,0.260000000,0.000000000,0.022345083
1787918878.101345301,109408.390973080,0.260000000,0.000000000,0.018220467
1787918878.201271534,109408.490876882,0.260000000,0.000000000,0.014364574
1787918878.301387548,109408.590969032,0.260000000,0.000000000,0.010628155
1787918878.401293516,109408.690896583,0.260000000,0.000000000,0.007028239
1787918878.501125097,109408.790725556,0.260000000,0.000000000,0.003652647
1787918878.602680683,109408.892264734,0.260000000,0.000000000,0.000540726
1787918878.701289415,109408.990874875,0.260000000,0.000000000,-0.002290391
1787918878.801307917,109409.090895191,0.260000000,0.000000000,-0.004863529
1787918878.902008295,109409.191601485,0.260000000,0.000000000,-0.007200708
1787918879.001317978,109409.290914111,0.260000000,0.000000000,-0.009086632
1787918879.101684570,109409.391291084,0.260000000,0.000000000,-0.010772683
1787918879.201327324,109409.490929155,0.260000000,0.000000000,-0.012308541
1787918879.301223993,109409.590806411,0.260000000,0.000000000,-0.013197406
1787918879.401157856,109409.690760619,0.260000000,0.000000000,-0.013964636
1787918879.501256466,109409.790844151,0.260000000,0.000000000,-0.013767796
1787918879.601259708,109409.890857854,0.260000000,0.000000000,-0.013568031
1787918879.701253891,109409.990840853,0.260000000,0.000000000,-0.012246525
1787918879.801284552,109410.090893567,0.260000000,0.000000000,-0.010967239
1787918879.901281357,109410.190868434,0.260000000,0.000000000,-0.009927572
1787918880.001315117,109410.290904692,0.260000000,0.000000000,-0.007803136
1787918880.101147175,109410.390734231,0.260000000,0.000000000,-0.005818365
1787918880.201225042,109410.490809629,0.260000000,0.000000000,-0.002503202
1787918880.301345587,109410.590947824,0.260000000,0.000000000,0.000565142
1787918880.401585817,109410.691173057,0.260000000,0.000000000,0.003224220
1787918880.501502752,109410.791105196,0.260000000,0.000000000,0.006924389
1787918880.601288795,109410.890887510,0.260000000,0.000000000,0.010270572
1787918880.701260567,109410.990868118,0.260000000,0.000000000,0.014881732
1787918880.801296949,109411.090896919,0.260000000,0.000000000,0.019007865
1787918880.901313543,109411.190918150,0.260000000,0.000000000,0.024304345
1787918881.001204491,109411.290795559,0.260000000,0.000000000,0.028954918
1787918881.101555347,109411.391141174,0.260000000,0.000000000,0.032925308
1787918881.201296806,109411.490884810,0.260000000,0.000000000,0.037513342
1787918881.301274776,109411.590876315,0.260000000,0.000000000,0.041477691
1787918881.401275396,109411.690863865,0.260000000,0.000000000,0.037603617
1787918881.501448393,109411.791038578,0.260000000,0.000000000,0.031070514
1787918881.601228237,109411.890804436,0.260000000,0.000000000,0.035314769
1787918881.701349258,109411.990953242,0.260000000,0.000000000,0.042699303
1787918881.801205158,109412.090789756,0.260000000,0.000000000,0.041191075
1787918881.901381016,109412.190971069,0.260000000,0.000000000,0.047353752
1787918882.001345873,109412.290938774,0.260000000,0.000000000,0.053412274
1787918882.101393700,109412.390985128,0.260000000,0.000000000,0.050419774
1787918882.201278210,109412.490889524,0.260000000,0.000000000,0.055801582
1787918882.301268816,109412.590853644,0.260000000,0.000000000,0.061482333
1787918882.401355505,109412.690947402,0.260000000,0.000000000,0.057942301
1787918882.501463890,109412.791083625,0.260000000,0.000000000,0.051573761
1787918882.601501942,109412.891092220,0.260000000,0.000000000,0.046263259
1787918882.702023506,109412.991632702,0.260000000,0.000000000,0.055854894
1787918882.801270485,109413.090870758,0.260000000,0.000000000,0.053495321
1787918882.902742624,109413.192333001,0.260000000,0.000000000,0.063241571
1787918883.001282215,109413.290877504,0.260000000,0.000000000,0.069797680
1787918883.101271629,109413.390874204,0.260000000,0.000000000,0.064946517
1787918883.201303720,109413.490892189,0.260000000,0.000000000,0.070057720
1787918883.301272869,109413.590874286,0.260000000,0.000000000,0.074732579
1787918883.401265383,109413.690848940,0.260000000,0.000000000,0.069148466
1787918883.501309633,109413.790912282,0.260000000,0.000000000,0.060973670
1787918883.601212502,109413.890799405,0.260000000,0.000000000,0.053788956
1787918883.701381207,109413.990969175,0.260000000,0.000000000,0.049746711
1787918883.801479340,109414.091069923,0.260000000,0.000000000,0.047639247
1787918883.901321411,109414.190910013,0.260000000,0.000000000,0.060928211
1787918884.001410484,109414.291000554,0.260000000,0.000000000,0.057739016
1787918884.101341248,109414.390942395,0.260000000,0.000000000,0.054326680
1787918884.201315641,109414.490916781,0.260000000,0.000000000,0.063736469
1787918884.301367998,109414.590979670,0.260000000,0.000000000,0.072366133
1787918884.401432991,109414.691036153,0.260000000,0.000000000,0.079432100
1787918884.501379251,109414.790968289,0.260000000,0.000000000,0.082599729
1787918884.601461411,109414.891069345,0.260000000,0.000000000,0.083816469
1787918884.701278687,109414.990888904,0.260000000,0.000000000,0.073350631
1787918884.801338911,109415.090947319,0.260000000,0.000000000,0.061316162
1787918884.901386023,109415.190985779,0.260000000,0.000000000,0.064274646
1787918885.001311064,109415.290903922,0.260000000,0.000000000,0.056933019
1787918885.101495504,109415.391106380,0.260000000,0.000000000,0.050137334
1787918885.201364756,109415.490968489,0.260000000,0.000000000,0.042994328
1787918885.301569223,109415.591188930,0.260000000,0.000000000,0.038613256
1787918885.401367903,109415.690953071,0.260000000,0.000000000,0.050672986
1787918885.501365662,109415.790969647,0.260000000,0.000000000,0.046450917
1787918885.601358891,109415.890948495,0.260000000,0.000000000,0.056440469
1787918885.701454639,109415.991044594,0.260000000,0.000000000,0.061357293
1787918885.801425695,109416.091016793,0.260000000,0.000000000,0.065774642
1787918885.901501656,109416.191111210,0.260000000,0.000000000,0.066415414
1787918886.001263857,109416.290866099,0.260000000,0.000000000,0.065165728
1787918886.101719856,109416.391317306,0.260000000,0.000000000,0.063302509
1787918886.201367617,109416.490954093,0.260000000,0.000000000,0.061267618
1787918886.301360369,109416.590965828,0.260000000,0.000000000,0.058806445
1787918886.401397943,109416.691008246,0.260000000,0.000000000,0.057327796
1787918886.501510859,109416.791095908,0.260000000,0.000000000,0.059277494
1787918886.601473808,109416.891076138,0.260000000,0.000000000,0.062034402
1787918886.701407671,109416.990995237,0.260000000,0.000000000,0.063796289
1787918886.801422596,109417.091017107,0.260000000,0.000000000,0.068447404
1787918886.901443243,109417.191043597,0.260000000,0.000000000,0.072878942
1787918887.001367807,109417.290962063,0.260000000,0.000000000,0.074702404
1787918887.101382256,109417.390980098,0.260000000,0.000000000,0.076898910
1787918887.201370001,109417.490956440,0.260000000,0.000000000,0.077607296
1787918887.301391125,109417.590984229,0.260000000,0.000000000,0.075593621
1787918887.401281357,109417.690864941,0.260000000,0.000000000,0.074552327
1787918887.501282215,109417.790881253,0.260000000,0.000000000,0.073268346
1787918887.601268768,109417.890852618,0.260000000,0.000000000,0.070021011
1787918887.701380491,109417.990985742,0.260000000,0.000000000,0.066985458
1787918887.801517725,109418.091103372,0.260000000,0.000000000,0.063569866
1787918887.901259422,109418.190838170,0.260000000,0.000000000,0.060883842
1787918888.001541376,109418.291144379,0.260000000,0.000000000,0.056633040
1787918888.101523161,109418.391127324,0.260000000,0.000000000,0.053819064
1787918888.201431990,109418.491027349,0.260000000,0.000000000,0.051582512
1787918888.301366806,109418.590954507,0.260000000,0.000000000,0.048104551
1787918888.401566029,109418.691163352,0.260000000,0.000000000,0.044048909
1787918888.501562357,109418.791171072,0.260000000,0.000000000,0.041353758
1787918888.601401091,109418.890996171,0.260000000,0.000000000,0.036639020
1787918888.701360703,109418.990969358,0.260000000,0.000000000,0.032346003
1787918888.801669836,109419.091260256,0.260000000,0.000000000,0.027495604
1787918888.901610613,109419.191221903,0.260000000,0.000000000,0.023403974
1787918889.001435041,109419.291042281,0.260000000,0.000000000,0.016976111
1787918889.103284121,109419.392872522,0.260000000,0.000000000,0.009512968
1787918889.201360703,109419.490963474,0.260000000,0.000000000,0.001756488
1787918889.301546812,109419.591148930,0.260000000,0.000000000,-0.006167879
1787918889.401462555,109419.691050444,0.260000000,0.000000000,-0.012962632
1787918889.501505375,109419.791091214,0.260000000,0.000000000,-0.020731647
1787918889.601372957,109419.890960138,0.260000000,0.000000000,-0.028292917
1787918889.701473475,109419.991073563,0.260000000,0.000000000,-0.035338432
1787918889.801529169,109420.091130887,0.260000000,0.000000000,-0.042314265
1787918889.901340008,109420.190939985,0.260000000,0.000000000,-0.049826317
1787918890.001397610,109420.290984348,0.260000000,0.000000000,-0.057638738
1787918890.101523876,109420.391110181,0.260000000,0.000000000,-0.064436890
1787918890.201487303,109420.491076663,0.260000000,0.000000000,-0.072354898
1787918890.301464796,109420.591051016,0.260000000,0.000000000,-0.078576252
1787918890.401405096,109420.691008224,0.260000000,0.000000000,-0.086045139
1787918890.501627207,109420.791216526,0.260000000,0.000000000,-0.093313023
1787918890.601447344,109420.891036509,0.260000000,0.000000000,-0.102515914
1787918890.701485395,109420.991087682,0.260000000,0.000000000,-0.108931102
1787918890.801426888,109421.091025769,0.260000000,0.000000000,-0.119348913
1787918890.901417494,109421.191020506,0.260000000,0.000000000,-0.129952803
1787918891.001429319,109421.291030819,0.260000000,0.000000000,-0.139898151
1787918891.101417780,109421.391009787,0.260000000,0.000000000,-0.152036935
1787918891.201501369,109421.491089826,0.260000000,0.000000000,-0.161935911
1787918891.301488638,109421.591075757,0.260000000,0.000000000,-0.169466615
1787918891.401493788,109421.691081413,0.260000000,0.000000000,-0.178140402
1787918891.501409054,109421.791012011,0.260000000,0.000000000,-0.185134217
1787918891.601696014,109421.891296383,0.260000000,0.000000000,-0.187862396
1787918891.701509476,109421.991112181,0.260000000,0.000000000,-0.185567051
1787918891.801981211,109422.091588431,0.260000000,0.000000000,-0.182512939
1787918891.901645422,109422.191254617,0.260000000,0.000000000,-0.178274989
1787918892.001624584,109422.291227596,0.260000000,0.000000000,-0.174278542
1787918892.101513147,109422.391101371,0.260000000,0.000000000,-0.170436651
1787918892.201430082,109422.491030129,0.260000000,0.000000000,-0.167082414
1787918892.302042961,109422.591644096,0.260000000,0.000000000,-0.163908094
1787918892.401414394,109422.691000604,0.260000000,0.000000000,-0.161067829
1787918892.501286030,109422.790870411,0.260000000,0.000000000,-0.158222735
1787918892.601361513,109422.890964017,0.260000000,0.000000000,-0.155663401
1787918892.701321363,109422.990908315,0.260000000,0.000000000,-0.153355539
1787918892.801518440,109423.091106098,0.260000000,0.000000000,-0.150818244
1787918892.901410818,109423.191013241,0.260000000,0.000000000,-0.148456484
1787918893.001461029,109423.291061464,0.260000000,0.000000000,-0.145867497
1787918893.101452351,109423.391037055,0.260000000,0.000000000,-0.143379271
1787918893.201538563,109423.491136563,0.260000000,0.000000000,-0.140644938
1787918893.301616669,109423.591208137,0.260000000,0.000000000,-0.138106197
1787918893.401611328,109423.691204357,0.260000000,0.000000000,-0.135773808
1787918893.501444340,109423.791031835,0.260000000,0.000000000,-0.133164957
1787918893.601480484,109423.891087664,0.260000000,0.000000000,-0.130736351
1787918893.701432228,109423.991018638,0.260000000,0.000000000,-0.127960235
1787918893.801301003,109424.090888705,0.260000000,0.000000000,-0.125397742
1787918893.901527882,109424.191136775,0.260000000,0.000000000,-0.122586928
1787918894.001469135,109424.291064251,0.260000000,0.000000000,-0.120029405
1787918894.101398468,109424.390983626,0.260000000,0.000000000,-0.117652789
1787918894.201497078,109424.491085016,0.260000000,0.000000000,-0.115052581
1787918894.301495075,109424.591079689,0.260000000,0.000000000,-0.112649754
1787918894.401415586,109424.691015049,0.260000000,0.000000000,-0.109916508
1787918894.501538038,109424.791132568,0.260000000,0.000000000,-0.107402571
1787918894.601552010,109424.891143523,0.260000000,0.000000000,-0.105141863
1787918894.701533794,109424.991142800,0.260000000,0.000000000,-0.102664664
1787918894.801615477,109425.091229697,0.260000000,0.000000000,-0.100347295
1787918894.901488304,109425.191074443,0.260000000,0.000000000,-0.097728752
1787918895.001450300,109425.291063338,0.260000000,0.000000000,-0.095293485
1787918895.101532698,109425.391135790,0.260000000,0.000000000,-0.092583463
1787918895.201522350,109425.491110718,0.260000000,0.000000000,-0.090136483
1787918895.301410913,109425.591006291,0.260000000,0.000000000,-0.087928846
1787918895.401514292,109425.691102603,0.260000000,0.000000000,-0.085504569
1787918895.501528740,109425.791127810,0.260000000,0.000000000,-0.083323665
1787918895.601503134,109425.891115259,0.260000000,0.000000000,-0.080832034
1787918895.701531887,109425.991119229,0.260000000,0.000000000,-0.078591332
1787918895.801544905,109426.091148528,0.260000000,0.000000000,-0.076617844
1787918895.901432037,109426.191034243,0.260000000,0.000000000,-0.074393518
1787918896.001473427,109426.291059155,0.260000000,0.000000000,-0.072396338
1787918896.101515293,109426.391102516,0.260000000,0.000000000,-0.070114486
1787918896.201643229,109426.491250380,0.260000000,0.000000000,-0.068045624
1787918896.301462412,109426.591068248,0.260000000,0.000000000,-0.065698020
1787918896.401599646,109426.691188813,0.260000000,0.000000000,-0.063616022
1787918896.501542091,109426.791129386,0.260000000,0.000000000,-0.061291330
1787918896.601523399,109426.891122871,0.260000000,0.000000000,-0.059239883
1787918896.701662302,109426.991266042,0.260000000,0.000000000,-0.057480257
1787918896.801388025,109427.090993316,0.260000000,0.000000000,-0.055535600
1787918896.901834488,109427.191425533,0.260000000,0.000000000,-0.053825777
1787918897.001529694,109427.291130959,0.260000000,0.000000000,-0.052376781
1787918897.101867199,109427.391495304,0.260000000,0.000000000,-0.050696854
1787918897.201516867,109427.491106382,0.260000000,0.000000000,-0.049207084
1787918897.301460981,109427.591175710,0.260000000,0.000000000,-0.047415737
1787918897.401382208,109427.690976511,0.260000000,0.000000000,-0.045832802
1787918897.501618385,109427.791224064,0.260000000,0.000000000,-0.044484396
1787918897.601550579,109427.891155459,0.260000000,0.000000000,-0.042906918
1787918897.701561689,109427.991149323,0.260000000,0.000000000,-0.041533202
1787918897.801503897,109428.091092802,0.260000000,0.000000000,-0.039880157
1787918897.901504517,109428.191090884,0.260000000,0.000000000,-0.038441505
1787918898.001559496,109428.291162585,0.260000000,0.000000000,-0.036756895
1787918898.101533651,109428.391120839,0.260000000,0.000000000,-0.035295323
1787918898.201545477,109428.491135864,0.260000000,0.000000000,-0.034083065
1787918898.301501274,109428.591107723,0.260000000,0.000000000,-0.032694742
1787918898.401626825,109428.691243737,0.260000000,0.000000000,-0.031505719
1787918898.501601219,109428.791201017,0.260000000,0.000000000,-0.030060468
1787918898.601853609,109428.891443614,0.260000000,0.000000000,-0.028830208
1787918898.701431751,109428.991018641,0.260000000,0.000000000,-0.027800310
1787918898.801461697,109429.091063059,0.260000000,0.000000000,-0.026591929
1787918898.901521444,109429.191107717,0.260000000,0.000000000,-0.025564915
1787918899.001626015,109429.291217952,0.260000000,0.000000000,-0.024291214
1787918899.101605415,109429.391193937,0.260000000,0.000000000,-0.023205088
1787918899.201487303,109429.491080665,0.260000000,0.000000000,-0.022329396
1787918899.301593781,109429.591180346,0.260000000,0.000000000,-0.021284100
1787918899.401917458,109429.691520364,0.260000000,0.000000000,-0.020415425
1787918899.501595020,109429.791198486,0.260000000,0.000000000,-0.019327026
1787918899.601620913,109429.891221943,0.260000000,0.000000000,-0.018417588
1787918899.701561689,109429.991147973,0.260000000,0.000000000,-0.010996064
1787918899.801580191,109430.091181573,0.260000000,0.000000000,-0.002689695
1787918899.901517630,109430.191109292,0.260000000,0.000000000,0.005635803
1787918900.001596451,109430.291188202,0.260000000,0.000000000,0.013488181
1787918900.101509333,109430.391119602,0.260000000,0.000000000,0.020167984
1787918900.201542616,109430.491134976,0.260000000,0.000000000,0.026281120
1787918900.301499844,109430.591104684,0.260000000,0.000000000,0.031269826
1787918900.401350260,109430.690929036,0.260000000,0.000000000,0.035118833
1787918900.501483202,109430.791082359,0.260000000,0.000000000,0.038674161
1787918900.601451635,109430.891034175,0.260000000,0.000000000,0.041364893
1787918900.701501608,109430.991088006,0.260000000,0.000000000,0.044021565
1787918900.801783800,109431.091395645,0.260000000,0.000000000,0.046073902
1787918900.901590109,109431.191195925,0.260000000,0.000000000,0.048110511
1787918901.001605749,109431.291190653,0.260000000,0.000000000,0.049620688
1787918901.101798773,109431.391403351,0.260000000,0.000000000,0.050491922
1787918901.201699734,109431.491366328,0.260000000,0.000000000,0.051202215
1787918901.301641941,109431.591244715,0.260000000,0.000000000,0.051465720
1787918901.401797771,109431.691387981,0.260000000,0.000000000,0.051459890
1787918901.501586437,109431.791190316,0.260000000,0.000000000,0.051057532
1787918901.601704121,109431.891306696,0.260000000,0.000000000,0.050302602
1787918901.701546431,109431.991143093,0.260000000,0.000000000,0.049234752
1787918901.801800013,109432.091392218,0.260000000,0.000000000,0.047897831
1787918901.901486874,109432.191084821,0.260000000,0.000000000,0.046399526
1787918902.001456022,109432.291042165,0.260000000,0.000000000,0.044745840
1787918902.101571321,109432.391177810,0.260000000,0.000000000,0.042976461
1787918902.201568842,109432.491155151,0.260000000,0.000000000,0.041088168
1787918902.301501513,109432.591087986,0.260000000,0.000000000,0.038982913
1787918902.401543140,109432.691138260,0.260000000,0.000000000,0.036812242
1787918902.501637220,109432.791226874,0.260000000,0.000000000,0.034554046
1787918902.601572752,109432.891163726,0.260000000,0.000000000,0.032295235
1787918902.701639652,109432.991233070,0.260000000,0.000000000,0.030067205
1787918902.801716805,109433.091310606,0.260000000,0.000000000,0.027660355
1787918902.901753187,109433.191367032,0.260000000,0.000000000,0.025262106
1787918903.001681805,109433.291295220,0.260000000,0.000000000,0.022827817
1787918903.101611376,109433.391205734,0.260000000,0.000000000,0.020333130
1787918903.201627731,109433.491233948,0.260000000,0.000000000,0.017904881
1787918903.301629782,109433.591235691,0.260000000,0.000000000,0.015376737
1787918903.401578426,109433.691166769,0.260000000,0.000000000,0.012923072
1787918903.501564503,109433.791160724,0.260000000,0.000000000,0.010530014
1787918903.601612329,109433.891198627,0.260000000,0.000000000,0.008143900
1787918903.701527357,109433.991128719,0.260000000,0.000000000,0.005867729
1787918903.801730156,109434.091315228,0.260000000,0.000000000,0.003699076
1787918903.901729822,109434.191336431,0.260000000,0.000000000,0.001650666
1787918904.001676083,109434.291267895,0.260000000,0.000000000,-0.000273254
1787918904.101629496,109434.391214887,0.260000000,0.000000000,-0.002166008
1787918904.201712370,109434.491296740,0.260000000,0.000000000,-0.003983274
1787918904.301695347,109434.591283788,0.260000000,0.000000000,-0.005672252
1787918904.401696682,109434.691307619,0.260000000,0.000000000,-0.007268248
1787918904.501587868,109434.791174692,0.260000000,0.000000000,-0.008778143
1787918904.601530552,109434.891124202,0.260000000,0.000000000,-0.010222030
1787918904.701740026,109434.991339608,0.260000000,0.000000000,-0.011621162
1787918904.801490068,109435.091094096,0.260000000,0.000000000,-0.012833362
1787918904.901664972,109435.191256112,0.260000000,0.000000000,-0.014063240
1787918905.001775265,109435.291383123,0.260000000,0.000000000,-0.015256420
1787918905.101585627,109435.391189185,0.260000000,0.000000000,-0.016246622
1787918905.201682806,109435.491268670,0.260000000,0.000000000,-0.017265016
1787918905.301512003,109435.591107154,0.260000000,0.000000000,-0.018013565
1787918905.401718616,109435.691327096,0.260000000,0.000000000,-0.018734599
1787918905.501631975,109435.791229023,0.260000000,0.000000000,-0.019441294
1787918905.601638317,109435.891240307,0.260000000,0.000000000,-0.019922370
1787918905.701574326,109435.991160572,0.260000000,0.000000000,-0.020406554
1787918905.801580429,109436.091183387,0.260000000,0.000000000,-0.020563047
1787918905.901659250,109436.191245659,0.260000000,0.000000000,-0.020740101
1787918906.001723289,109436.291308785,0.260000000,0.000000000,-0.020456905
1787918906.101713896,109436.391299877,0.260000000,0.000000000,-0.020269010
1787918906.201584101,109436.491185707,0.260000000,0.000000000,-0.020179972
1787918906.301780939,109436.591383689,0.260000000,0.000000000,-0.019583143
1787918906.401522636,109436.691092326,0.260000000,0.000000000,-0.019046457
1787918906.501736164,109436.791325963,0.260000000,0.000000000,-0.017832169
1787918906.601917505,109436.891528738,0.260000000,0.000000000,-0.016724158
1787918906.701813221,109436.991401792,0.260000000,0.000000000,-0.015806533
1787918906.801770926,109437.091358399,0.260000000,0.000000000,-0.014127592
1787918906.901764393,109437.191360335,0.260000000,0.000000000,-0.012620606
1787918907.001787186,109437.291391503,0.260000000,0.000000000,-0.010063428
1787918907.101773262,109437.391379311,0.260000000,0.000000000,-0.007706102
1787918907.201606512,109437.491211869,0.260000000,0.000000000,-0.005678834
1787918907.301784277,109437.591367527,0.260000000,0.000000000,-0.002650342
1787918907.401611805,109437.691213488,0.260000000,0.000000000,0.000122292
1787918907.501693487,109437.791300034,0.260000000,0.000000000,0.004222491
1787918907.601602554,109437.891195004,0.260000000,0.000000000,0.007955834
1787918907.701638460,109437.991223989,0.260000000,0.000000000,0.013045060
1787918907.801784992,109438.091394590,0.260000000,0.000000000,0.017659571
1787918907.901687860,109438.191288655,0.260000000,0.000000000,0.023501266
1787918908.001828909,109438.291416842,0.260000000,0.000000000,0.028732473
1787918908.101315022,109438.390877178,0.260000000,0.000000000,0.010161614
1787918908.201852560,109438.491444608,0.260000000,0.000000000,0.011885585
1787918908.301601648,109438.591185651,0.260000000,0.000000000,-0.009901299
1787918908.401531458,109438.691115423,0.260000000,0.000000000,-0.003594821
1787918908.501507282,109438.791103123,0.260000000,0.000000000,-0.003565269
1787918908.601728439,109438.891329751,0.260000000,0.000000000,0.009612380
1787918908.701767921,109438.991379674,0.260000000,0.000000000,0.026463175
1787918908.801631927,109439.091248315,0.260000000,0.000000000,0.033360470
1787918908.901731730,109439.191333118,0.260000000,0.000000000,0.046647757
1787918909.001805305,109439.291393225,0.260000000,0.000000000,0.060783364
1787918909.101650715,109439.391241112,0.260000000,0.000000000,0.074858688
1787918909.201674223,109439.491261357,0.260000000,0.000000000,0.086009659
1787918909.301752329,109439.591337451,0.260000000,0.000000000,0.059180792
1787918909.401700974,109439.691302396,0.260000000,0.000000000,0.050960027
1787918909.501691341,109439.791279182,0.260000000,0.000000000,0.041393090
1787918909.601711035,109439.891300481,0.260000000,0.000000000,0.052287150
1787918909.701689959,109439.991290493,0.260000000,0.000000000,0.053444501
1787918909.802075624,109440.091678495,0.260000000,0.000000000,0.054401420
1787918909.901611805,109440.191198928,0.260000000,0.000000000,0.054271098
1787918910.001860142,109440.291461214,0.260000000,0.000000000,0.055537168
1787918910.101702452,109440.391316973,0.260000000,0.000000000,0.072420776
1787918910.201788664,109440.491377000,0.260000000,0.000000000,0.072613493
1787918910.301668882,109440.591256411,0.260000000,0.000000000,0.086433120
1787918910.401718616,109440.691305088,0.260000000,0.000000000,0.096155271
1787918910.501680136,109440.791282458,0.260000000,0.000000000,0.091699541
1787918910.601634502,109440.891230478,0.260000000,0.000000000,0.098131694
1787918910.701707125,109440.991311427,0.260000000,0.000000000,0.090058200
1787918910.801743507,109441.091348067,0.260000000,0.000000000,0.097082414
1787918910.901569366,109441.191168973,0.260000000,0.000000000,0.088280357
1787918911.001797438,109441.291448313,0.260000000,0.000000000,0.079658523
1787918911.101731300,109441.391328973,0.260000000,0.000000000,0.070232674
1787918911.201708794,109441.491301581,0.260000000,0.000000000,0.063699074
1787918911.301873684,109441.591466146,0.260000000,0.000000000,0.058611944
1787918911.401759148,109441.691351649,0.260000000,0.000000000,0.054876655
1787918911.501993418,109441.791579860,0.260000000,0.000000000,0.051975761
1787918911.601716518,109441.891303105,0.260000000,0.000000000,0.049425866
1787918911.701799393,109441.991410004,0.260000000,0.000000000,0.047346432
1787918911.801713228,109442.091302478,0.260000000,0.000000000,0.063491829
1787918911.901769161,109442.191382904,0.260000000,0.000000000,0.073847935
1787918912.001776695,109442.291373489,0.260000000,0.000000000,0.064637110
1787918912.101830482,109442.391424015,0.260000000,0.000000000,0.064175412
1787918912.201660395,109442.491265543,0.260000000,0.000000000,0.057901002
1787918912.301614761,109442.591208706,0.260000000,0.000000000,0.059132591
1787918912.401736498,109442.691337459,0.257001936,0.000000000,0.058553234
1787918912.501843452,109442.791452607,0.255485445,0.000000000,0.052048944
1787918912.601773739,109442.891373849,0.251844853,0.000000000,0.053755596
1787918912.701902866,109442.991493586,0.244854674,0.000000000,0.053211607
1787918912.801826954,109443.091425885,0.239619046,0.000000000,0.059763428
1787918912.901710749,109443.191298751,0.229609281,0.000000000,0.070888728
1787918913.001948833,109443.291555812,0.226421416,0.000000000,0.070396863
1787918913.101884842,109443.391486289,0.220266789,0.000000000,0.075725354
1787918913.201953888,109443.491556063,0.212612525,0.000000000,0.083816804
1787918913.301606655,109443.591188377,0.213126421,0.000000000,0.082228236
1787918913.401856184,109443.691441262,0.208569974,0.000000000,0.086763300
1787918913.501517534,109443.791092966,0.204748303,0.000000000,0.093473978
1787918913.601881742,109443.891483227,0.200158730,0.000000000,0.107870877
1787918913.701678991,109443.991280431,0.200438887,0.000000000,0.108043507
1787918913.801880121,109444.091472606,0.199399456,0.000000000,0.118062526
1787918913.901869774,109444.191468561,0.191516355,0.000000000,0.131134287
1787918914.001862049,109444.291449250,0.190962300,0.000000000,0.138377443
1787918914.101778507,109444.391365159,0.192379758,0.000000000,0.156719416
1787918914.201768875,109444.491368103,0.193154484,0.000000000,0.181328803
1787918914.301907778,109444.591497368,0.192712426,0.000000000,0.195204034
1787918914.401705503,109444.691295269,0.195617437,0.000000000,0.195653409
1787918914.501760006,109444.791349514,0.198986247,0.000000000,0.203801945
1787918914.601810932,109444.891420490,0.200477406,0.000000000,0.209135100
1787918914.701862574,109444.991462351,0.202977046,0.000000000,0.210442096
1787918914.801733017,109445.091335256,0.204502463,0.000000000,0.210138261
1787918914.901938915,109445.191544330,0.205773950,0.000000000,0.202305153
1787918915.001999378,109445.291605451,0.207875088,0.000000000,0.195595250
1787918915.101799726,109445.391388841,0.214309305,0.000000000,0.194058776
1787918915.201832294,109445.491428598,0.220701382,0.000000000,0.184763268
1787918915.301680088,109445.591276262,0.226658851,0.000000000,0.174868777
1787918915.401615858,109445.691207002,0.233881965,0.000000000,0.161623433
1787918915.501617908,109445.791204952,0.236802503,0.000000000,0.149017051
1787918915.601948977,109445.891535906,0.238318801,0.000000000,0.135547951
1787918915.701744318,109445.991314395,0.240398839,0.000000000,0.118184820
1787918915.801577330,109446.091167110,0.243666694,0.000000000,0.097936340
1787918915.901755810,109446.191363316,0.247098655,0.000000000,0.076542333
1787918916.001836538,109446.291437725,0.248835936,0.000000000,0.053245183
1787918916.101750374,109446.391336990,0.251956820,0.000000000,0.029228846
1787918916.201927185,109446.491514064,0.254238427,0.000000000,0.009533215
1787918916.301785231,109446.591374946,0.257483900,0.000000000,-0.009996054
1787918916.402011395,109446.691598597,0.259221524,0.000000000,-0.028936304
1787918916.501736641,109446.791341137,0.259307534,0.000000000,-0.043990828
1787918916.601789951,109446.891388447,0.258634716,0.000000000,-0.060978197
1787918916.701678038,109446.991286148,0.260000000,0.000000000,-0.081274904
1787918916.801881790,109447.091469333,0.259359896,0.000000000,-0.100948170
1787918916.901660919,109447.191257784,0.258631140,0.000000000,-0.123825155
1787918917.001803875,109447.291389716,0.259953469,0.000000000,-0.150902420
1787918917.101731300,109447.391336924,0.260000000,0.000000000,-0.179743752
1787918917.201796293,109447.491382461,0.260000000,0.000000000,-0.209962606
1787918917.301703453,109447.591303537,0.260000000,0.000000000,-0.231665611
1787918917.401762009,109447.691362990,0.260000000,0.000000000,-0.251593709
1787918917.501916409,109447.791506974,0.260000000,0.000000000,-0.265557230
1787918917.601920843,109447.891507585,0.260000000,0.000000000,-0.275389522
1787918917.701952696,109447.991563242,0.260000000,0.000000000,-0.282213300
1787918917.801873207,109448.091458234,0.260000000,0.000000000,-0.282067865
1787918917.901646137,109448.191230086,0.260000000,0.000000000,-0.277401686
1787918918.001795769,109448.291381913,0.260000000,0.000000000,-0.270731539
1787918918.101669073,109448.391258867,0.260000000,0.000000000,-0.262904763
1787918918.201912880,109448.491499067,0.260000000,0.000000000,-0.256686419
1787918918.301734924,109448.591334857,0.260000000,0.000000000,-0.250531048
1787918918.401698589,109448.691286628,0.260000000,0.000000000,-0.245133728
1787918918.501534224,109448.791106292,0.260000000,0.000000000,-0.239537477
1787918918.601651669,109448.891239076,0.260000000,0.000000000,-0.234503016
1787918918.701823473,109448.991431524,0.260000000,0.000000000,-0.229105949
1787918918.802024603,109449.091614334,0.260000000,0.000000000,-0.224195883
1787918918.901730776,109449.191339688,0.260000000,0.000000000,-0.218589872
1787918919.001780510,109449.291366765,0.260000000,0.000000000,-0.213374779
1787918919.101924419,109449.391541436,0.260000000,0.000000000,-0.207469761
1787918919.201850891,109449.491439983,0.260000000,0.000000000,-0.202044591
1787918919.303034067,109449.592619273,0.260000000,0.000000000,-0.196223736
1787918919.401931524,109449.691540234,0.260000000,0.000000000,-0.190960616
1787918919.501847744,109449.791449777,0.260000000,0.000000000,-0.186082721
1787918919.601837397,109449.891424143,0.260000000,0.000000000,-0.180839717
1787918919.701990604,109449.991581197,0.260000000,0.000000000,-0.172351837
1787918919.801723719,109450.091313409,0.260000000,0.000000000,-0.162973255
1787918919.902040243,109450.191644649,0.260000000,0.000000000,-0.154011786
1787918920.001770496,109450.291368908,0.260000000,0.000000000,-0.145436779
1787918920.101886988,109450.391475753,0.260000000,0.000000000,-0.137755319
1787918920.201902390,109450.491511138,0.260000000,0.000000000,-0.131104454
1787918920.301881790,109450.591473009,0.260000000,0.000000000,-0.124826267
1787918920.401866913,109450.691474001,0.260000000,0.000000000,-0.119298995
1787918920.501692057,109450.791275244,0.260000000,0.000000000,-0.113910154
1787918920.601815701,109450.891415874,0.260000000,0.000000000,-0.109261774
1787918920.701752424,109450.991354986,0.260000000,0.000000000,-0.105318829
1787918920.801757812,109451.091357584,0.260000000,0.000000000,-0.101375952
1787918920.902111292,109451.191720535,0.260000000,0.000000000,-0.097830847
1787918921.001909733,109451.291517815,0.260000000,0.000000000,-0.094048239
1787918921.102138042,109451.391725369,0.260000000,0.000000000,-0.090661220
1787918921.201909065,109451.491501221,0.260000000,0.000000000,-0.086987652
1787918921.301716566,109451.591312551,0.260000000,0.000000000,-0.083705515
1787918921.401864767,109451.691448676,0.260000000,0.000000000,-0.080151953
1787918921.501772642,109451.791380640,0.260000000,0.000000000,-0.077005908
1787918921.601757288,109451.891341280,0.260000000,0.000000000,-0.074292742
1787918921.701758862,109451.991365080,0.260000000,0.000000000,-0.071404077
1787918921.801857948,109452.091445549,0.260000000,0.000000000,-0.068862118
1787918921.901905298,109452.191494510,0.260000000,0.000000000,-0.066680506
1787918922.001892090,109452.291503079,0.260000000,0.000000000,-0.064227305
1787918922.101996183,109452.391594762,0.260000000,0.000000000,-0.062047452
1787918922.201878071,109452.491475568,0.260000000,0.000000000,-0.059541099
1787918922.301898718,109452.591512244,0.260000000,0.000000000,-0.057281666
1787918922.401903629,109452.691507161,0.260000000,0.000000000,-0.054700214
1787918922.501678228,109452.791261042,0.260000000,0.000000000,-0.052411377
1787918922.601733446,109452.891317566,0.260000000,0.000000000,-0.049849015
1787918922.701851606,109452.991447389,0.260000000,0.000000000,-0.047591068
1787918922.801854372,109453.091450138,0.260000000,0.000000000,-0.045662533
1787918922.901856422,109453.191451760,0.260000000,0.000000000,-0.043540336
1787918923.001926184,109453.291513269,0.260000000,0.000000000,-0.041683029
1787918923.101981640,109453.391569874,0.260000000,0.000000000,-0.040120434
1787918923.201985359,109453.491593049,0.260000000,0.000000000,-0.038314994
1787918923.303815603,109453.593418481,0.260000000,0.000000000,-0.036725409
1787918923.401821852,109453.691418170,0.260000000,0.000000000,-0.034818951
1787918923.503312588,109453.792919972,0.260000000,0.000000000,-0.033140458
1787918923.601909876,109453.891490893,0.260000000,0.000000000,-0.031180555
1787918923.701885700,109453.991473737,0.260000000,0.000000000,-0.029469527
1787918923.801824331,109454.091424401,0.260000000,0.000000000,-0.028037995
1787918923.901833057,109454.191419010,0.260000000,0.000000000,-0.026404159
1787918924.002019167,109454.291599285,0.260000000,0.000000000,-0.024914734
1787918924.101904869,109454.391488375,0.260000000,0.000000000,-0.023067547
1787918924.201787949,109454.491373241,0.260000000,0.000000000,-0.021434007
1787918924.301769972,109454.591358912,0.260000000,0.000000000,-0.019555438
1787918924.401927710,109454.691528277,0.260000000,0.000000000,-0.017942714
1787918924.502002239,109454.791593760,0.260000000,0.000000000,-0.016162142
1787918924.601832867,109454.891419374,0.260000000,0.000000000,-0.014524003
1787918924.701743603,109454.991333723,0.260000000,0.000000000,-0.013290033
1787918924.801791906,109455.091398185,0.260000000,0.000000000,-0.011941542
1787918924.901948690,109455.191552303,0.260000000,0.000000000,-0.010897504
1787918925.001955032,109455.291542188,0.260000000,0.000000000,-0.010074187
1787918925.101945639,109455.391533509,0.260000000,0.000000000,-0.009048073
1787918925.201837301,109455.491423967,0.260000000,0.000000000,-0.008236086
1787918925.302001715,109455.591604941,0.260000000,0.000000000,-0.007157490
1787918925.401660442,109455.691235914,0.260000000,0.000000000,-0.006262550
1787918925.501877069,109455.791464807,0.260000000,0.000000000,-0.005160467
1787918925.601982117,109455.891587241,0.260000000,0.000000000,-0.004271298
1787918925.701850891,109455.991436763,0.260000000,0.000000000,-0.003620199
1787918925.801846981,109456.091450100,0.260000000,0.000000000,-0.002843760
1787918925.901946545,109456.191545770,0.260000000,0.000000000,-0.002268573
1787918926.001974821,109456.291563065,0.260000000,0.000000000,-0.001468203
1787918926.101986408,109456.391580545,0.260000000,0.000000000,-0.000854353
1787918926.201997042,109456.491585977,0.260000000,0.000000000,-0.000498574
1787918926.302009583,109456.591599605,0.260000000,0.000000000,0.000159357
1787918926.403001547,109456.692676261,0.260000000,0.000000000,0.000528451
1787918926.501840591,109456.791489563,0.260000000,0.000000000,0.001150302
1787918926.601829290,109456.891418229,0.260000000,0.000000000,0.001590610
1787918926.701967001,109456.991568521,0.260000000,0.000000000,0.002293797
1787918926.801858902,109457.091485763,0.260000000,0.000000000,0.002815518
1787918926.902265787,109457.191871197,0.260000000,0.000000000,0.003088682
1787918927.001880884,109457.291463873,0.260000000,0.000000000,0.003627385
1787918927.101969242,109457.391636698,0.260000000,0.000000000,0.003958748
1787918927.201993465,109457.491595017,0.260000000,0.000000000,0.004104303
1787918927.302072287,109457.591672288,0.260000000,0.000000000,0.004385252
1787918927.402339935,109457.691922302,0.260000000,0.000000000,0.004510592
1787918927.502160788,109457.791766440,0.260000000,0.000000000,0.004891818
1787918927.601998329,109457.891586257,0.260000000,0.000000000,0.005065725
1787918927.701970339,109457.991563560,0.260000000,0.000000000,0.005481625
1787918927.802024603,109458.091614237,0.260000000,0.000000000,0.005737042
1787918927.901890755,109458.191475226,0.260000000,0.000000000,0.005748028
1787918928.001918316,109458.291517860,0.260000000,0.000000000,0.005974113
1787918928.101984501,109458.391572036,0.260000000,0.000000000,0.006047185
1787918928.201997042,109458.491585044,0.260000000,0.000000000,0.006320712
1787918928.301998854,109458.591603653,0.260000000,0.000000000,0.006434943
1787918928.401940823,109458.691538796,0.260000000,0.000000000,0.006382999
1787918928.502641678,109458.792231174,0.260000000,0.000000000,0.006454944
1787918928.601983547,109458.891638639,0.260000000,0.000000000,0.006388051
1787918928.702102900,109458.991701128,0.260000000,0.000000000,0.006559080
1787918928.801999331,109459.091600368,0.260000000,0.000000000,0.006605355
1787918928.902029276,109459.191615203,0.260000000,0.000000000,0.006791317
1787918929.002018213,109459.291615582,0.260000000,0.000000000,0.006817123
1787918929.102242231,109459.391842173,0.260000000,0.000000000,0.006672499
1787918929.201914549,109459.491502032,0.260000000,0.000000000,0.006594704
1787918929.301982880,109459.591590883,0.260000000,0.000000000,0.006370251
1787918929.402288914,109459.691893477,0.260000000,0.000000000,0.006266481
1787918929.502012968,109459.791600051,0.260000000,0.000000000,0.006031394
1787918929.601831913,109459.891433736,0.260000000,0.000000000,0.005666685
1787918929.702017546,109459.991618051,0.260000000,0.000000000,0.005349143
1787918929.801934958,109460.091523020,0.260000000,0.000000000,0.004915272
1787918929.901910305,109460.191508194,0.260000000,0.000000000,0.004525727
1787918930.001936197,109460.291526448,0.260000000,0.000000000,0.004020033
1787918930.101972580,109460.391559124,0.260000000,0.000000000,0.003427127
1787918930.201897383,109460.491481664,0.260000000,0.000000000,0.002891405
1787918930.301890612,109460.591476518,0.260000000,0.000000000,0.002247671
1787918930.401891232,109460.691493112,0.260000000,0.000000000,0.001565541
1787918930.501948833,109460.791533717,0.260000000,0.000000000,0.000827377
1787918930.602082253,109460.891676258,0.260000000,0.000000000,-0.000094605
1787918930.702135086,109460.991738249,0.260000000,0.000000000,-0.001127961
1787918930.802095413,109461.091697075,0.260000000,0.000000000,-0.002231938
1787918930.901796103,109461.191380328,0.260000000,0.000000000,-0.003516356
1787918931.001979351,109461.291571947,0.260000000,0.000000000,-0.004862222
1787918931.101950407,109461.391537298,0.260000000,0.000000000,-0.006206407
1787918931.202410221,109461.492031298,0.260000000,0.000000000,-0.007671528
1787918931.301998615,109461.591585653,0.260000000,0.000000000,-0.009066243
1787918931.402186155,109461.691811237,0.260000000,0.000000000,-0.010582157
1787918931.502031803,109461.791630879,0.260000000,0.000000000,-0.011981128
1787918931.601954222,109461.891553743,0.260000000,0.000000000,-0.013300479
1787918931.702031374,109461.991628525,0.260000000,0.000000000,-0.014752458
1787918931.802010536,109462.091597895,0.260000000,0.000000000,-0.016168032
1787918931.901869059,109462.191459959,0.260000000,0.000000000,-0.017659407
1787918932.002036572,109462.291621801,0.260000000,0.000000000,-0.016521005
1787918932.101999283,109462.391599008,0.260000000,0.000000000,-0.014736796
1787918932.202285290,109462.491875434,0.260000000,0.000000000,-0.012565305
1787918932.302086830,109462.591682797,0.260000000,0.000000000,-0.010726433
1787918932.401973963,109462.691566135,0.260000000,0.000000000,-0.009038338
1787918932.502128363,109462.791734416,0.260000000,0.000000000,-0.007755332
1787918932.602108240,109462.891693637,0.260000000,0.000000000,-0.007257774
1787918932.702084780,109462.991681057,0.260000000,0.000000000,-0.006816001
1787918932.801982164,109463.091569090,0.260000000,0.000000000,-0.006655119
1787918932.902074099,109463.191793508,0.260000000,0.000000000,-0.006598538
1787918933.001984358,109463.291569537,0.260000000,0.000000000,-0.006661436
1787918933.102187634,109463.391776454,0.260000000,0.000000000,-0.006827403
1787918933.201983452,109463.491589585,0.260000000,0.000000000,-0.007355381
1787918933.302091122,109463.591676555,0.260000000,0.000000000,-0.007972529
1787918933.402047157,109463.691634048,0.260000000,0.000000000,-0.008604523
1787918933.501965284,109463.791553597,0.260000000,0.000000000,-0.009587463
1787918933.602010012,109463.891615498,0.260000000,0.000000000,-0.010253008
1787918933.702269793,109463.991876827,0.260000000,0.000000000,-0.011115904
1787918933.802032709,109464.091621143,0.260000000,0.000000000,-0.011746632
1787918933.902095318,109464.191685469,0.260000000,0.000000000,-0.012284989
1787918934.002006054,109464.291605437,0.260000000,0.000000000,-0.012971278
1787918934.101973057,109464.391586034,0.260000000,0.000000000,-0.013589886
1787918934.201950312,109464.491535118,0.260000000,0.000000000,-0.013877990
1787918934.301987171,109464.591578970,0.260000000,0.000000000,-0.014100929
1787918934.402223110,109464.691814899,0.260000000,0.000000000,-0.014020339
1787918934.502058268,109464.791644736,0.260000000,0.000000000,-0.013759699
1787918934.601917982,109464.891648144,0.260000000,0.000000000,-0.013569435
1787918934.702202320,109464.991795625,0.260000000,0.000000000,-0.013915352
1787918934.802242279,109465.091829803,0.260000000,0.000000000,-0.013993633
1787918934.902003765,109465.191593848,0.260000000,0.000000000,-0.012875142
1787918935.001958847,109465.291546694,0.260000000,0.000000000,-0.012235136
1787918935.102180719,109465.391791923,0.260000000,0.000000000,-0.011425597
1787918935.201979160,109465.491565558,0.260000000,0.000000000,-0.011788542
1787918935.302258968,109465.591845891,0.260000000,0.000000000,-0.011805615
1787918935.402022362,109465.691623820,0.260000000,0.000000000,-0.012000937
1787918935.502000332,109465.791587756,0.260000000,0.000000000,-0.012205876
1787918935.601930857,109465.891515844,0.260000000,0.000000000,-0.012600825
1787918935.702026844,109465.991633929,0.260000000,0.000000000,-0.012137433
1787918935.801975012,109466.091576881,0.260000000,0.000000000,-0.011675171
1787918935.902045488,109466.191637143,0.260000000,0.000000000,-0.011746155
1787918936.002136469,109466.291740072,0.260000000,0.000000000,-0.012071077
1787918936.102224112,109466.391831553,0.260000000,0.000000000,-0.013844742
1787918936.202069998,109466.491674625,0.260000000,0.000000000,-0.016272394
1787918936.302042484,109466.591631582,0.260000000,0.000000000,-0.019033680
1787918936.402072430,109466.691658497,0.260000000,0.000000000,-0.023660295
1787918936.501898289,109466.791484296,0.260000000,0.000000000,-0.028305646
1787918936.601935863,109466.891531876,0.260000000,0.000000000,-0.031099198
1787918936.702046871,109466.991646901,0.260000000,0.000000000,-0.034548204
1787918936.801933289,109467.091535249,0.260000000,0.000000000,-0.037039079
1787918936.902140617,109467.191732408,0.260000000,0.000000000,-0.037836030
1787918937.002073288,109467.291673126,0.260000000,0.000000000,-0.040759142
1787918937.101990700,109467.391592955,0.260000000,0.000000000,-0.043328170
1787918937.202243090,109467.491846112,0.260000000,0.000000000,-0.046747342
1787918937.302037716,109467.591621869,0.260000000,0.000000000,-0.049879517
1787918937.402153254,109467.691741661,0.260000000,0.000000000,-0.054260824
1787918937.502126932,109467.791713085,0.260000000,0.000000000,-0.059137639
1787918937.602025032,109467.891611367,0.260000000,0.000000000,-0.065903693
1787918937.702089071,109467.991683538,0.260000000,0.000000000,-0.073275596
1787918937.802065372,109468.091671924,0.260000000,0.000000000,-0.079251759
1787918937.902040482,109468.191627280,0.260000000,0.000000000,-0.083831675
1787918938.002913952,109468.292517520,0.260000000,0.000000000,-0.088179141
1787918938.102162361,109468.391749249,0.260000000,0.000000000,-0.092810102
1787918938.202307224,109468.491916221,0.260000000,0.000000000,-0.096859246
1787918938.302052975,109468.591652728,0.260000000,0.000000000,-0.099104673
1787918938.402174711,109468.691761730,0.260000000,0.000000000,-0.099757873
1787918938.502061129,109468.791661094,0.260000000,0.000000000,-0.099346697
1787918938.602117300,109468.891734074,0.260000000,0.000000000,-0.097478703
1787918938.702307224,109468.991909009,0.260000000,0.000000000,-0.094000384
1787918938.802228212,109469.091832433,0.260000000,0.000000000,-0.088646151
1787918938.902440310,109469.192059963,0.260000000,0.000000000,-0.084069677
1787918939.002094507,109469.291704819,0.260000000,0.000000000,-0.080875687
1787918939.102233410,109469.391820585,0.260000000,0.000000000,-0.078395158
1787918939.202380180,109469.491971031,0.260000000,0.000000000,-0.075695693
1787918939.302025795,109469.591626137,0.260000000,0.000000000,-0.072474264
1787918939.402022839,109469.691627046,0.260000000,0.000000000,-0.068380684
1787918939.502029657,109469.791634126,0.260000000,0.000000000,-0.063008823
1787918939.602016211,109469.891598282,0.260000000,0.000000000,-0.057257332
1787918939.701961040,109469.991550306,0.260000000,0.000000000,-0.051149059
1787918939.802281141,109470.091868025,0.260000000,0.000000000,-0.045271322
1787918939.901969910,109470.191541852,0.260000000,0.000000000,-0.039953198
1787918940.002137661,109470.291724472,0.260000000,0.000000000,-0.035423603
1787918940.102143526,109470.391731832,0.260000000,0.000000000,-0.031768151
1787918940.201992273,109470.491592996,0.260000000,0.000000000,-0.029027952
1787918940.302070618,109470.591674117,0.260000000,0.000000000,-0.027135532
1787918940.402016401,109470.691603957,0.260000000,0.000000000,-0.026009127
1787918940.501967192,109470.791552226,0.260000000,0.000000000,-0.025538532
1787918940.602181911,109470.891778591,0.260000000,0.000000000,-0.025662204
1787918940.702257872,109470.991848745,0.260000000,0.000000000,-0.026215667
1787918940.801989079,109471.091568919,0.260000000,0.000000000,-0.027080316
1787918940.902078867,109471.191676379,0.260000000,0.000000000,-0.028226443
1787918941.002141953,109471.291747290,0.260000000,0.000000000,-0.029520754
1787918941.102173805,109471.391775433,0.260000000,0.000000000,-0.030902445
1787918941.202050924,109471.491634314,0.260000000,0.000000000,-0.032324243
1787918941.302127838,109471.591714283,0.260000000,0.000000000,-0.033877708
1787918941.402196884,109471.691781306,0.260000000,0.000000000,-0.035473309
1787918941.501941919,109471.791514182,0.260000000,0.000000000,-0.037105888
1787918941.602214336,109471.891800345,0.260000000,0.000000000,-0.038911249
1787918941.701975346,109471.991561114,0.259754241,0.000000000,-0.040790867
1787918941.802307129,109472.091907468,0.258775413,0.000000000,-0.042741179
1787918941.902156353,109472.191766449,0.257574439,0.000000000,-0.044961125
1787918942.002007961,109472.291608084,0.256383926,0.000000000,-0.047078986
1787918942.102056503,109472.391659502,0.255066603,0.000000000,-0.049258355
1787918942.202133656,109472.491728625,0.253447145,0.000000000,-0.051755250
1787918942.302278996,109472.591868000,0.251636058,0.000000000,-0.054392297
1787918942.402055979,109472.691645034,0.249615580,0.000000000,-0.057119977
1787918942.502108335,109472.791713090,0.247401714,0.000000000,-0.059866980
1787918942.602063417,109472.891670202,0.244634926,0.000000000,-0.062899277
1787918942.702150345,109472.991738211,0.241623566,0.000000000,-0.065859623
1787918942.802158594,109473.091759957,0.238359839,0.000000000,-0.068657950
1787918942.902096272,109473.191683992,0.231608450,0.000000000,-0.037881516
1787918943.002212048,109473.291808400,0.226700395,0.000000000,0.000469632
1787918943.102278948,109473.391888861,0.219473317,0.000000000,0.045088276
1787918943.202289820,109473.491899417,0.212015405,0.000000000,0.088967592
1787918943.302318335,109473.591920692,0.204943016,0.000000000,0.130073875
1787918943.402129412,109473.691732626,0.198423386,0.000000000,0.163989171
1787918943.502124786,109473.791716256,0.192883611,0.000000000,0.190025955
1787918943.602146387,109473.891746541,0.187928900,0.000000000,0.208968699
1787918943.702019691,109473.991605641,0.182868227,0.000000000,0.222300470
1787918943.802163601,109474.091771149,0.177647784,0.000000000,0.231633633
1787918943.902110100,109474.191696895,0.171665430,0.000000000,0.236910462
1787918944.002272606,109474.291873751,0.164537281,0.000000000,0.238604531
1787918944.102221489,109474.391824641,0.157035112,0.000000000,0.238012597
1787918944.202151775,109474.491753648,0.149054706,0.000000000,0.235226959
1787918944.302087307,109474.591688975,0.141084373,0.000000000,0.230378017
1787918944.402122021,109474.691724654,0.132719025,0.000000000,0.223431647
1787918944.502144337,109474.791747249,0.124688864,0.000000000,0.215127438
1787918944.602181196,109474.891777224,0.117039740,0.000000000,0.205725297
1787918944.702105999,109474.991704737,0.109899759,0.000000000,0.195352033
1787918944.802107573,109475.091694267,0.102753289,0.000000000,0.183201551
1787918944.902264118,109475.191855679,0.096152045,0.000000000,0.170295879
1787918945.002045155,109475.291648223,0.090075150,0.000000000,0.157250822
1787918945.102213860,109475.391817096,0.084142670,0.000000000,0.143625647
1787918945.202171326,109475.491757015,0.078799166,0.000000000,0.130553886
1787918945.302122593,109475.591719833,0.074013904,0.000000000,0.118551649
1787918945.402148247,109475.691734838,0.069803506,0.000000000,0.107893787
1787918945.502125978,109475.791729975,0.065723546,0.000000000,0.097855940
1787918945.602135658,109475.891747022,0.062070254,0.000000000,0.089010172
1787918945.701916456,109475.991479498,0.058763441,0.000000000,0.081362754
1787918945.802096844,109476.091701007,0.055521812,0.000000000,0.074314274
1787918945.902041197,109476.191634864,0.052576989,0.000000000,0.068136387
1787918946.002079964,109476.291666933,0.049808580,0.000000000,0.062687732
1787918946.102150440,109476.391750729,0.047308557,0.000000000,0.057956915
1787918946.202183723,109476.491778028,0.044771180,0.000000000,0.053409442
1787918946.302187443,109476.591779609,0.042423096,0.000000000,0.049301732
1787918946.402201891,109476.691805377,0.040025026,0.000000000,0.045276176
1787918946.502228022,109476.791817111,0.037815355,0.000000000,0.041631553
1787918946.602175951,109476.891776007,0.035592254,0.000000000,0.038080458
1787918946.702119350,109476.991806650,0.033567242,0.000000000,0.034893032
1787918946.802257776,109477.091845955,0.031711582,0.000000000,0.032064442
1787918946.902231455,109477.191815997,0.029892996,0.000000000,0.029357981
1787918947.002248526,109477.291850731,0.028243206,0.000000000,0.026935158
1787918947.102207184,109477.391808037,0.026742164,0.000000000,0.024799880
1787918947.202289343,109477.491890665,0.025391459,0.000000000,0.022938989
1787918947.302113295,109477.591698938,0.024166258,0.000000000,0.021305066
1787918947.402269602,109477.691864648,0.022931652,0.000000000,0.019683963
1787918947.502138615,109477.791729412,0.021794604,0.000000000,0.018207362
1787918947.602155685,109477.891762834,0.020737339,0.000000000,0.016879763
1787918947.702207088,109477.991807899,0.019765969,0.000000000,0.015699560
1787918947.802096367,109478.091683155,0.018849149,0.000000000,0.014626510
1787918947.902340412,109478.191924922,0.017925346,0.000000000,0.013558039
1787918948.002191305,109478.291776080,0.017065402,0.000000000,0.012571670
1787918948.102283478,109478.391871819,0.016262343,0.000000000,0.011676611
1787918948.202343702,109478.491943809,0.015444810,0.000000000,0.010784099
1787918948.302265644,109478.591868801,0.014675499,0.000000000,0.009959106
1787918948.402117729,109478.691704715,0.013968486,0.000000000,0.009221716
1787918948.502394199,109478.791984168,0.013258419,0.000000000,0.008511383
1787918948.604165077,109478.893768684,0.012606705,0.000000000,0.007871409
1787918948.702347279,109478.991953041,0.012002889,0.000000000,0.007303359
1787918948.802224159,109479.091817911,0.011395651,0.000000000,0.006749724
1787918948.902119398,109479.191706855,0.010837540,0.000000000,0.006250269
1787918949.002248764,109479.291836261,0.010320823,0.000000000,0.005806783
1787918949.102210760,109479.391798765,0.009804164,0.000000000,0.005381305
1787918949.202400208,109479.492062965,0.009329207,0.000000000,0.004997759
1787918949.302201271,109479.591812955,0.008888822,0.000000000,0.004657115
1787918949.402111292,109479.691699810,0.008484724,0.000000000,0.004357003
1787918949.502205372,109479.791795320,0.008074697,0.000000000,0.004064052
1787918949.602287769,109479.891886869,0.007694590,0.000000000,0.003796131
1787918949.702562571,109479.992168745,0.007332424,0.000000000,0.003551816
1787918949.802405834,109480.091994298,0.007002968,0.000000000,0.003334133
1787918949.902276039,109480.191880643,0.006665088,0.000000000,0.003119392
1787918950.002220631,109480.291807063,0.006352524,0.000000000,0.002922782
1787918950.102277279,109480.391878553,0.006031370,0.000000000,0.002728238
1787918950.202370167,109480.491973317,0.005736415,0.000000000,0.002552231
1787918950.302318096,109480.591937747,0.005462728,0.000000000,0.002396769
1787918950.402278662,109480.691879765,0.005189475,0.000000000,0.002249287
1787918950.502230167,109480.791844340,0.004938147,0.000000000,0.002116567
1787918950.602196693,109480.891799929,0.004701006,0.000000000,0.001997740
1787918950.702172518,109480.991758400,0.004486777,0.000000000,0.001893221
1787918950.802334785,109481.091933158,0.004269818,0.000000000,0.001793111
1787918950.902349234,109481.191953505,0.004069838,0.000000000,0.001702037
1787918951.002398491,109481.291995008,0.003882940,0.000000000,0.001620738
1787918951.102378607,109481.391965481,0.003693687,0.000000000,0.001541252
1787918951.202375174,109481.491960352,0.003518537,0.000000000,0.001468301
1787918951.302201033,109481.591801020,0.003342788,0.000000000,0.001419920
1787918951.402181625,109481.691766255,0.003181335,0.000000000,0.001375607
1787918951.502306223,109481.791895278,0.003031279,0.000000000,0.001333121
1787918951.602192640,109481.891795386,0.002893278,0.000000000,0.001289628
1787918951.702197790,109481.991784597,0.002765237,0.000000000,0.001245708
1787918951.802280426,109482.091868103,0.002646066,0.000000000,0.001201738
1787918951.902279377,109482.191838162,0.002522766,0.000000000,0.001154370
1787918952.002425432,109482.292046601,0.002407403,0.000000000,0.001108320
1787918952.102314711,109482.391922997,0.002298530,0.000000000,0.001065459
1787918952.202284575,109482.491891676,0.002187590,0.000000000,0.001022687
1787918952.302299976,109482.591884237,0.002084186,0.000000000,0.000982740
1787918952.402217150,109482.691809788,0.001985560,0.000000000,0.000946200
1787918952.502272367,109482.791859463,0.001887488,0.000000000,0.000909610
1787918952.602559328,109482.892163152,0.001796403,0.000000000,0.000875723
1787918952.702189922,109482.991779771,0.001711863,0.000000000,0.000845147
1787918952.802298069,109483.091881105,0.001632696,0.000000000,0.000818105
1787918952.902262926,109483.191847499,0.001553458,0.000000000,0.000792007
1787918953.002295971,109483.291881402,0.001480140,0.000000000,0.000768550
1787918953.102325439,109483.391925480,0.001411916,0.000000000,0.000748070
1787918953.202307224,109483.491893523,0.001348962,0.000000000,0.000730308
1787918953.302221537,109483.591805292,0.001284793,0.000000000,0.000713588
1787918953.402378798,109483.691981631,0.001225166,0.000000000,0.000698395
1787918953.502522469,109483.792127655,0.001169064,0.000000000,0.000684872
1787918953.602222681,109483.891808571,0.001116873,0.000000000,0.000672841
1787918953.702450037,109483.992068957,0.001063542,0.000000000,0.000661134
1787918953.802244902,109484.091860032,0.001013548,0.000000000,0.000650188
1787918953.902229309,109484.191829724,0.000966652,0.000000000,0.000640226
1787918954.002182722,109484.291768281,0.000923241,0.000000000,0.000631262
1787918954.102322102,109484.391963013,0.000889497,0.000000000,0.000621265
1787918954.202432394,109484.492054847,0.000856937,0.000000000,0.000612607
1787918954.302454233,109484.592085589,0.000822042,0.000000000,0.000604217
1787918954.402346611,109484.691944830,0.000787692,0.000000000,0.000596591
1787918954.502369165,109484.791973646,0.000753981,0.000000000,0.000589912
1787918954.602738142,109484.892330741,0.000721393,0.000000000,0.000584217
1787918954.702389479,109484.991983757,0.000686982,0.000000000,0.000578874
1787918954.802187681,109485.091789796,0.000654179,0.000000000,0.000573824
1787918954.902123928,109485.191705471,0.000622796,0.000000000,0.000569122
1787918955.002275467,109485.291878312,0.000590592,0.000000000,0.000564407
1787918955.102686644,109485.392301663,0.000560509,0.000000000,0.000559903
1787918955.202214241,109485.491809972,0.000532239,0.000000000,0.000555920
1787918955.302415133,109485.592025041,0.000503767,0.000000000,0.000552268
1787918955.402652264,109485.692242810,0.000477358,0.000000000,0.000548970
1787918955.502310991,109485.791910317,0.000452724,0.000000000,0.000546190
1787918955.602527380,109485.892116364,0.000427997,0.000000000,0.000543714
1787918955.702343702,109485.991944098,0.000405136,0.000000000,0.000541362
1787918955.802259207,109486.091863537,0.000383811,0.000000000,0.000539172
1787918955.902515888,109486.192133412,0.000364147,0.000000000,0.000537150
1787918956.002530575,109486.292128319,0.000345830,0.000000000,0.000535275
1787918956.102447271,109486.392076021,0.000328695,0.000000000,0.000533420
1787918956.202411413,109486.491998111,0.000311133,0.000000000,0.000531268
1787918956.302557945,109486.592152862,0.000294717,0.000000000,0.000529020
1787918956.402287722,109486.691886503,0.000279274,0.000000000,0.000526884
1787918956.502568483,109486.792155667,0.000264932,0.000000000,0.000524851
1787918956.602196455,109486.891783472,0.000250304,0.000000000,0.000522692
1787918956.702405214,109486.992038468,0.000236631,0.000000000,0.000520469
1787918956.802294493,109487.091880301,0.000223695,0.000000000,0.000518318
1787918956.902330399,109487.191911834,0.000210635,0.000000000,0.000516117
1787918957.002243996,109487.291828456,0.000198510,0.000000000,0.000513991
1787918957.102431536,109487.392063680,0.000187193,0.000000000,0.000511987
1787918957.202251673,109487.491835535,0.000176726,0.000000000,0.000510125
1787918957.302190542,109487.591772504,0.000166149,0.000000000,0.000508283
1787918957.402345419,109487.691931588,0.000156335,0.000000000,0.000506493
1787918957.502386332,109487.791980146,0.000146333,0.000000000,0.000504680
1787918957.602174997,109487.891760254,0.000137135,0.000000000,0.000502984
1787918957.702509165,109487.992100957,0.000128581,0.000000000,0.000501402
1787918957.802358627,109488.091955068,0.000120093,0.000000000,0.000499731
1787918957.902463436,109488.192080016,0.000112296,0.000000000,0.000498136
1787918958.002296686,109488.291896223,0.000105067,0.000000000,0.000496658
1787918958.102470160,109488.392082079,0.000097856,0.000000000,0.000495086
1787918958.203122377,109488.492725485,0.000091205,0.000000000,0.000493541
1787918958.302575827,109488.592171537,0.000085042,0.000000000,0.000492146
1787918958.402230263,109488.691828797,0.000078892,0.000000000,0.000490729
1787918958.502342224,109488.791924007,0.000073218,0.000000000,0.000489322
1787918958.602303743,109488.891885401,0.000067951,0.000000000,0.000487988
1787918958.702228785,109488.991814072,0.000063097,0.000000000,0.000486800
1787918958.802672625,109489.092275503,0.000058584,0.000000000,0.000485669
1787918958.902341366,109489.191929044,0.000053996,0.000000000,0.000484392
1787918959.002517939,109489.292118314,0.000049765,0.000000000,0.000483132
1787918959.102391958,109489.391974585,0.000045469,0.000000000,0.000481921
1787918959.202453613,109489.492078159,0.000041474,0.000000000,0.000480684
1787918959.302257776,109489.591841022,0.000037373,0.000000000,0.000479330
1787918959.402361155,109489.691946065,0.000033616,0.000000000,0.000478031
1787918959.502329111,109489.791911775,0.000030166,0.000000000,0.000476878
1787918959.602396965,109489.891995403,0.000026798,0.000000000,0.000475701
1787918959.702463627,109489.992087977,0.000023699,0.000000000,0.000474525
1787918959.802287817,109490.091875848,0.000020851,0.000000000,0.000473436
1787918959.902378321,109490.191976052,0.000017995,0.000000000,0.000472339
1787918960.002388239,109490.291985280,0.000015347,0.000000000,0.000471269
1787918960.102292776,109490.391875800,0.000012875,0.000000000,0.000470240
1787918960.202381372,109490.491964097,0.000010442,0.000000000,0.000469201
1787918960.302371502,109490.591973511,0.000008382,0.000000000,0.000468308
1787918960.402322531,109490.691905805,0.000006475,0.000000000,0.000467446
1787918960.502326012,109490.791924823,0.000004547,0.000000000,0.000466534
1787918960.602437019,109490.892055405,0.000002731,0.000000000,0.000465611
1787918960.702322960,109490.991908616,0.000001009,0.000000000,0.000464690
1787918960.802443504,109491.092073101,-0.000000750,0.000000000,0.000463751
1787918960.902406693,109491.191990142,-0.000002380,0.000000000,0.000462844
1787918961.002311468,109491.291893996,-0.000003909,0.000000000,0.000461938
1787918961.102655649,109491.392257247,-0.000005449,0.000000000,0.000460953
1787918961.202363968,109491.491945324,-0.000006873,0.000000000,0.000459999
1787918961.302317858,109491.591919861,-0.000008212,0.000000000,0.000459097
1787918961.402214289,109491.691796619,-0.000009598,0.000000000,0.000458103
1787918961.502293825,109491.791880123,-0.000010877,0.000000000,0.000457157
1787918961.602319002,109491.891900309,-0.000012105,0.000000000,0.000456226
1787918961.702600241,109491.992208213,-0.000013226,0.000000000,0.000455349
1787918961.802315235,109492.091903825,-0.000014264,0.000000000,0.000454492
1787918961.902288914,109492.191874240,-0.000015321,0.000000000,0.000453566
1787918962.002519369,109492.292131335,-0.000016306,0.000000000,0.000452683
1787918962.102517843,109492.392116867,-0.000017287,0.000000000,0.000451807
1787918962.202442408,109492.492154818,-0.000018158,0.000000000,0.000450936
1787918962.302428246,109492.592063230,-0.000018956,0.000000000,0.000450038
1787918962.402469158,109492.692075232,-0.000019756,0.000000000,0.000449146
1787918962.502588749,109492.792193576,-0.000020488,0.000000000,0.000448320
1787918962.602435350,109492.892071265,-0.000021166,0.000000000,0.000447531
1787918962.702455282,109492.992070794,-0.000021844,0.000000000,0.000446673
1787918962.802560806,109493.092157743,-0.000022455,0.000000000,0.000445865
1787918962.902325869,109493.191923307,-0.000023002,0.000000000,0.000445097
1787918963.002328396,109493.291914459,-0.000023584,0.000000000,0.000444260
1787918963.102355003,109493.391953278,-0.000024119,0.000000000,0.000443460
1787918963.202535391,109493.492116021,-0.000024604,0.000000000,0.000442706
1787918963.302453518,109493.592080867,-0.000025131,0.000000000,0.000441828
1787918963.402522802,109493.692126821,-0.000025609,0.000000000,0.000440973
1787918963.502294540,109493.791888857,-0.000026066,0.000000000,0.000440174
1787918963.602683306,109493.892280790,-0.000026490,0.000000000,0.000439363
1787918963.702641964,109493.992242513,-0.000026898,0.000000000,0.000438455
1787918963.802395821,109494.091989333,-0.000027272,0.000000000,0.000437598
1787918963.902318239,109494.191904361,-0.000027623,0.000000000,0.000436811
1787918964.002386570,109494.291985332,-0.000027977,0.000000000,0.000435991
1787918964.102416992,109494.392046002,-0.000028291,0.000000000,0.000435204
1787918964.202462673,109494.492090007,-0.000028616,0.000000000,0.000434399
1787918964.302379370,109494.591980024,-0.000028918,0.000000000,0.000433601
1787918964.402345419,109494.691942684,-0.000029154,0.000000000,0.000432876
1787918964.502413034,109494.792038993,-0.000029356,0.000000000,0.000432218
1787918964.602349997,109494.891934400,-0.000029608,0.000000000,0.000431459
1787918964.702625513,109494.992227956,-0.000029848,0.000000000,0.000430709
1787918964.802329779,109495.091930245,-0.000030073,0.000000000,0.000429998
1787918964.902462721,109495.192081216,-0.000030276,0.000000000,0.000429255
1787918965.002507210,109495.292082136,-0.000030463,0.000000000,0.000428510
1787918965.102601528,109495.392187503,-0.000030630,0.000000000,0.000427795
1787918965.202250957,109495.491833384,-0.000030799,0.000000000,0.000427126
1787918965.302409172,109495.592025335,-0.000030952,0.000000000,0.000426417
1787918965.402529478,109495.692117200,-0.000031101,0.000000000,0.000425699
1787918965.502370119,109495.791961703,-0.000031228,0.000000000,0.000424976
1787918965.602553844,109495.892150947,-0.000031349,0.000000000,0.000424209
1787918965.702465773,109495.992085096,-0.000031495,0.000000000,0.000423453
1787918965.802541494,109496.092122104,-0.000031666,0.000000000,0.000422653
1787918965.902364731,109496.191965688,-0.000031800,0.000000000,0.000421944
1787918966.002544403,109496.292128470,-0.000031895,0.000000000,0.000421270
1787918966.102524757,109496.392121595,-0.000031937,0.000000000,0.000420563
1787918966.202723503,109496.492328764,-0.000032022,0.000000000,0.000419784
1787918966.302395821,109496.591989943,-0.000032090,0.000000000,0.000419097
1787918966.402631760,109496.692230688,-0.000032184,0.000000000,0.000418452
1787918966.502449751,109496.792062792,-0.000032292,0.000000000,0.000417774
1787918966.602433205,109496.892046708,-0.000032381,0.000000000,0.000417039
1787918966.702338934,109496.991934328,-0.000032439,0.000000000,0.000416342
1787918966.802386522,109497.091968923,-0.000032470,0.000000000,0.000415667
1787918966.902471542,109497.192093187,-0.000032565,0.000000000,0.000414909
1787918967.002350807,109497.291951897,-0.000032657,0.000000000,0.000414193
1787918967.102569103,109497.392151072,-0.000032739,0.000000000,0.000413535
1787918967.202429295,109497.491993541,-0.000032789,0.000000000,0.000412803
1787918967.302519321,109497.592124904,-0.000032843,0.000000000,0.000412068
1787918967.402514219,109497.692103691,-0.000032887,0.000000000,0.000411393
1787918967.502569675,109497.792168309,-0.000032942,0.000000000,0.000410771
1787918967.602345705,109497.891930962,-0.000032994,0.000000000,0.000410032
1787918967.702639580,109497.992225397,-0.000033039,0.000000000,0.000409306
1787918967.802330256,109498.091920023,-0.000033058,0.000000000,0.000408642
1787918967.902597666,109498.192208352,-0.000033062,0.000000000,0.000407933
1787918968.002516270,109498.292116881,-0.000033080,0.000000000,0.000407231
1787918968.102360249,109498.391956897,-0.000033122,0.000000000,0.000406541
1787918968.202474356,109498.492092979,-0.000033156,0.000000000,0.000405832
1787918968.302464485,109498.592091726,-0.000033189,0.000000000,0.000405155
1787918968.402775764,109498.692396521,-0.000033215,0.000000000,0.000404516
1787918968.502576351,109498.792168402,-0.000033233,0.000000000,0.000403795
1787918968.602582932,109498.892172485,-0.000033229,0.000000000,0.000403106
1787918968.702738762,109498.992346007,-0.000033239,0.000000000,0.000402447
1787918968.802646160,109499.092250265,-0.000033267,0.000000000,0.000401797
1787918968.902462482,109499.192095874,-0.000033302,0.000000000,0.000401115
1787918969.002421856,109499.292060486,-0.000033342,0.000000000,0.000400468
1787918969.102804422,109499.392395208,-0.000033371,0.000000000,0.000399724
1787918969.203521729,109499.493105506,-0.000033355,0.000000000,0.000399026
1787918969.302463531,109499.592089716,-0.000033339,0.000000000,0.000398375
1787918969.402384281,109499.691990568,-0.000033335,0.000000000,0.000397737
1787918969.502603292,109499.792202757,-0.000033367,0.000000000,0.000397053
1787918969.602324963,109499.891920222,-0.000033412,0.000000000,0.000396403
1787918969.702389240,109499.991988222,-0.000033454,0.000000000,0.000395740
1787918969.802557945,109500.092142011,-0.000033477,0.000000000,0.000395084
1787918969.902472019,109500.192086054,-0.000033484,0.000000000,0.000394383
1787918970.002635479,109500.292219939,-0.000033504,0.000000000,0.000393720
1787918970.102419376,109500.392048151,-0.000033525,0.000000000,0.000393083
1787918970.202512503,109500.492101975,-0.000033521,0.000000000,0.000392393
1787918970.302545071,109500.592149713,0.000000000,0.000000000,0.000000000
1787918970.402592659,109500.692197653,-0.000033509,0.000000000,0.000390902
1787918970.502612114,109500.792206701,-0.000033554,0.000000000,0.000391057
1787918970.602782965,109500.892394305,-0.000033351,0.000000000,0.000395719
1787918970.702819347,109500.992424614,-0.000033095,0.000000000,0.000400928
1787918970.802424669,109501.092039340,-0.000032842,0.000000000,0.000405400
1787918970.902514696,109501.192115895,-0.000032699,0.000000000,0.000408309
1787918971.002593756,109501.292194190,-0.000032650,0.000000000,0.000409789
1787918971.102421761,109501.392055179,-0.000032640,0.000000000,0.000410084
1787918971.202456474,109501.492077204,-0.000032656,0.000000000,0.000409287
1787918971.302467108,109501.592092657,-0.000032695,0.000000000,0.000407896
1787918971.402699947,109501.692300345,-0.000032768,0.000000000,0.000406211
1787918971.502434015,109501.792043781,-0.000032879,0.000000000,0.000404404
1787918971.602529049,109501.892114032,-0.000033069,0.000000000,0.000402229
1787918971.702582359,109501.992167713,-0.000033306,0.000000000,0.000399993
1787918971.802620888,109502.092219108,-0.000033549,0.000000000,0.000397774
1787918971.902407646,109502.192041836,-0.000033775,0.000000000,0.000395428
1787918972.002474546,109502.292116061,-0.000033981,0.000000000,0.000393185
1787918972.102422476,109502.392037678,-0.000034157,0.000000000,0.000391102
1787918972.202558517,109502.492143765,-0.000034315,0.000000000,0.000389023
1787918972.302408218,109502.591989031,-0.000034432,0.000000000,0.000387134
1787918972.402619600,109502.692216634,-0.000034500,0.000000000,0.000385471
1787918972.502607107,109502.792206804,-0.000034532,0.000000000,0.000383984
1787918972.602546453,109502.892139214,-0.000034515,0.000000000,0.000382504
1787918972.702451944,109502.992084282,-0.000034498,0.000000000,0.000381183
1787918972.802587986,109503.092193913,-0.000034495,0.000000000,0.000379992
1787918972.902607679,109503.192194803,-0.000034505,0.000000000,0.000378736
1787918973.002449751,109503.292071599,-0.000034512,0.000000000,0.000377555
1787918973.102479219,109503.392116214,-0.000034489,0.000000000,0.000376516
1787918973.202648640,109503.492246919,-0.000034433,0.000000000,0.000375509
1787918973.302435160,109503.592047067,-0.000034368,0.000000000,0.000374560
1787918973.402530909,109503.692134328,-0.000034336,0.000000000,0.000373653
1787918973.502621889,109503.792206270,-0.000034340,0.000000000,0.000372755
1787918973.602308750,109503.891901716,-0.000034322,0.000000000,0.000371944
1787918973.702545166,109503.992130162,-0.000034304,0.000000000,0.000371139
1787918973.802443027,109504.092057858,-0.000034252,0.000000000,0.000370227
1787918973.902547598,109504.192145765,-0.000034174,0.000000000,0.000369415
1787918974.002589226,109504.292187911,-0.000034114,0.000000000,0.000368692
1787918974.102626801,109504.392211662,-0.000034111,0.000000000,0.000367883
1787918974.202525139,109504.492126254,-0.000034133,0.000000000,0.000367121
1787918974.302605867,109504.592205951,-0.000034106,0.000000000,0.000366427
1787918974.402549505,109504.692135718,-0.000034052,0.000000000,0.000365699
1787918974.502467632,109504.792084371,-0.000033981,0.000000000,0.000364983
1787918974.602617741,109504.892208861,-0.000033946,0.000000000,0.000364280
1787918974.702446222,109504.992048509,-0.000033937,0.000000000,0.000363624
1787918974.802526951,109505.092129212,-0.000033930,0.000000000,0.000363057
1787918974.902744055,109505.192340415,-0.000033926,0.000000000,0.000362467
1787918975.002606869,109505.292212811,-0.000033906,0.000000000,0.000361839
1787918975.102852106,109505.392452177,-0.000033869,0.000000000,0.000361218
1787918975.203011274,109505.492612091,-0.000033803,0.000000000,0.000360627
1787918975.302471638,109505.592091128,-0.000033771,0.000000000,0.000359993
1787918975.402541876,109505.692123749,-0.000033760,0.000000000,0.000359388
1787918975.502465963,109505.792102693,-0.000033781,0.000000000,0.000358769
1787918975.602514267,109505.892103735,-0.000033751,0.000000000,0.000358150
1787918975.702656269,109505.992253182,-0.000033710,0.000000000,0.000357563
1787918975.802649260,109506.092247969,-0.000033680,0.000000000,0.000356960
1787918975.902451992,109506.192080670,-0.000033668,0.000000000,0.000356347
1787918976.002572536,109506.292158736,-0.000033645,0.000000000,0.000355728
1787918976.102528095,109506.392113686,-0.000033602,0.000000000,0.000355138
1787918976.202649355,109506.492249853,-0.000033555,0.000000000,0.000354542
1787918976.302550554,109506.592145533,-0.000033551,0.000000000,0.000353896
1787918976.402611017,109506.692195571,-0.000033547,0.000000000,0.000353285
1787918976.502644539,109506.792247903,-0.000033544,0.000000000,0.000352718
1787918976.602652073,109506.892234714,-0.000033524,0.000000000,0.000352156
1787918976.702644110,109506.992261085,-0.000033482,0.000000000,0.000351559
1787918976.802546263,109507.092157774,-0.000033446,0.000000000,0.000350984
1787918976.902427435,109507.192025232,-0.000033416,0.000000000,0.000350437
1787918977.002608538,109507.292188958,-0.000033417,0.000000000,0.000349777
1787918977.102742195,109507.392336975,-0.000033415,0.000000000,0.000349123
1787918977.202707052,109507.492298879,-0.000033397,0.000000000,0.000348569
1787918977.302625895,109507.592233966,-0.000033378,0.000000000,0.000348054
1787918977.402558565,109507.692144093,-0.000033380,0.000000000,0.000347409
1787918977.502750397,109507.792340485,-0.000033382,0.000000000,0.000346767
1787918977.602647781,109507.892248842,-0.000033362,0.000000000,0.000346144
1787918977.702670813,109507.992259588,-0.000033335,0.000000000,0.000345554
1787918977.802678108,109508.092264589,-0.000033303,0.000000000,0.000344940
1787918977.902660608,109508.192264134,-0.000033284,0.000000000,0.000344312
1787918978.002732754,109508.292341613,-0.000033276,0.000000000,0.000343742
1787918978.102817297,109508.392397254,-0.000033291,0.000000000,0.000343086
1787918978.202705145,109508.492293266,-0.000033287,0.000000000,0.000342469
1787918978.302560806,109508.592154570,-0.000033258,0.000000000,0.000341897
1787918978.402678490,109508.692284696,-0.000033237,0.000000000,0.000341338
1787918978.502606153,109508.792204173,-0.000033221,0.000000000,0.000340745
1787918978.602641344,109508.892229131,-0.000033204,0.000000000,0.000340195
1787918978.702578545,109508.992184996,-0.000033184,0.000000000,0.000339574
1787918978.802638531,109509.092235440,-0.000033171,0.000000000,0.000338953
1787918978.902825117,109509.192406082,-0.000033141,0.000000000,0.000338380
1787918979.002631664,109509.292215074,-0.000033134,0.000000000,0.000337787
1787918979.102691412,109509.392275735,-0.000033145,0.000000000,0.000337201
1787918979.202761889,109509.492359305,-0.000033170,0.000000000,0.000336592
1787918979.302564621,109509.592146101,-0.000033177,0.000000000,0.000336027
1787918979.402678013,109509.692261219,-0.000033137,0.000000000,0.000335524
1787918979.502516508,109509.792118256,-0.000033108,0.000000000,0.000334957
1787918979.602797747,109509.892379393,-0.000033088,0.000000000,0.000334393
1787918979.702665806,109509.992252062,-0.000033087,0.000000000,0.000333810
1787918979.802561045,109510.092150858,-0.000033086,0.000000000,0.000333245
1787918979.902736425,109510.192345022,-0.000033067,0.000000000,0.000332722
1787918980.002611160,109510.292194461,-0.000033038,0.000000000,0.000332118
1787918980.102598906,109510.392185780,-0.000033015,0.000000000,0.000331511
1787918980.202677250,109510.492285844,-0.000032980,0.000000000,0.000330947
1787918980.302811861,109510.592410518,-0.000032939,0.000000000,0.000330466
1787918980.402461290,109510.692061769,-0.000032957,0.000000000,0.000329886
1787918980.502720356,109510.792329971,-0.000032978,0.000000000,0.000329301
1787918980.602662325,109510.892258908,-0.000032970,0.000000000,0.000328784
1787918980.702745199,109510.992335079,-0.000032985,0.000000000,0.000328227
1787918980.802733421,109511.092321963,-0.000033005,0.000000000,0.000327623
1787918980.902560711,109511.192158760,-0.000033000,0.000000000,0.000327048
1787918981.002622366,109511.292222182,-0.000032970,0.000000000,0.000326503
1787918981.102633476,109511.392217967,-0.000032960,0.000000000,0.000325937
1787918981.202672958,109511.492272338,-0.000032967,0.000000000,0.000325383
1787918981.302737713,109511.592337496,-0.000032959,0.000000000,0.000324809
1787918981.402652740,109511.692249250,-0.000032954,0.000000000,0.000324246
1787918981.502788305,109511.792387828,-0.000032921,0.000000000,0.000323628
1787918981.602641821,109511.892244542,-0.000032902,0.000000000,0.000323050
1787918981.702635050,109511.992222342,-0.000032893,0.000000000,0.000322484
1787918981.803596735,109512.093193187,-0.000032869,0.000000000,0.000321920
1787918981.902709961,109512.192447039,-0.000032867,0.000000000,0.000321355
1787918982.002769470,109512.292369954,-0.000032881,0.000000000,0.000320807
1787918982.102802753,109512.392416801,-0.000032892,0.000000000,0.000320246
1787918982.202662945,109512.492265878,-0.000032905,0.000000000,0.000319715
1787918982.302724123,109512.592327108,-0.000032893,0.000000000,0.000319190
1787918982.403042316,109512.692632624,-0.000032877,0.000000000,0.000318595
1787918982.502772331,109512.792356644,-0.000032864,0.000000000,0.000318015
1787918982.602647305,109512.892232707,-0.000032872,0.000000000,0.000317470
1787918982.702714205,109512.992303168,-0.000032862,0.000000000,0.000316925
1787918982.807538033,109513.097136510,-0.000032855,0.000000000,0.000316363
1787918982.902804852,109513.192408747,-0.000032829,0.000000000,0.000315817
1787918983.002723694,109513.292315595,-0.000032806,0.000000000,0.000315253
1787918983.102764130,109513.392362284,-0.000032795,0.000000000,0.000314724
1787918983.202906847,109513.492493800,-0.000032796,0.000000000,0.000314214
1787918983.302869558,109513.592456252,-0.000032789,0.000000000,0.000313659
1787918983.402503252,109513.692081949,-0.000032782,0.000000000,0.000313129
1787918983.502735853,109513.792322840,-0.000032761,0.000000000,0.000312600
1787918983.604887247,109513.894671055,-0.000032746,0.000000000,0.000312061
1787918983.702962399,109513.992547665,-0.000032733,0.000000000,0.000311580
1787918983.802893400,109514.092488374,-0.000032729,0.000000000,0.000311066
1787918983.902680397,109514.192284618,-0.000032730,0.000000000,0.000310580
1787918984.002644777,109514.292243002,-0.000032723,0.000000000,0.000310096
1787918984.102649450,109514.392260965,-0.000032714,0.000000000,0.000309524
1787918984.202749968,109514.492335859,-0.000032686,0.000000000,0.000308984
1787918984.302847385,109514.592434316,-0.000032657,0.000000000,0.000308495
1787918984.402824163,109514.692563385,-0.000032682,0.000000000,0.000307928
1787918984.502782345,109514.792364754,-0.000032716,0.000000000,0.000307355
1787918984.602642775,109514.892242467,-0.000032731,0.000000000,0.000306839
1787918984.702753782,109514.992340199,-0.000032712,0.000000000,0.000306297
1787918984.802765131,109515.092367260,-0.000032697,0.000000000,0.000305760
1787918984.902683496,109515.192268685,-0.000032681,0.000000000,0.000305178
1787918985.002804279,109515.292410321,-0.000032646,0.000000000,0.000304671
1787918985.102864742,109515.392453449,-0.000032640,0.000000000,0.000304184
1787918985.202662945,109515.492249952,-0.000032646,0.000000000,0.000303598
1787918985.302808762,109515.592393473,-0.000032626,0.000000000,0.000303047
1787918985.402660131,109515.692259304,-0.000032602,0.000000000,0.000302557
1787918985.502755642,109515.792348133,-0.000032591,0.000000000,0.000302057
1787918985.602705002,109515.892302568,-0.000032570,0.000000000,0.000301509
1787918985.702736378,109515.992337002,-0.000032542,0.000000000,0.000301011
1787918985.802628279,109516.092229250,-0.000032536,0.000000000,0.000300513
1787918985.903201580,109516.192792160,-0.000032582,0.000000000,0.000299945
1787918986.002797127,109516.292400462,-0.000032615,0.000000000,0.000299444
1787918986.102739811,109516.392343735,-0.000032616,0.000000000,0.000298893
1787918986.202836037,109516.492422675,-0.000032614,0.000000000,0.000298326
1787918986.302798986,109516.592406826,-0.000032601,0.000000000,0.000297774
1787918986.402611017,109516.692206738,-0.000032600,0.000000000,0.000297280
1787918986.502959013,109516.792547845,-0.000032595,0.000000000,0.000296749
1787918986.603199959,109516.892787592,-0.000032603,0.000000000,0.000296210
1787918986.702793121,109516.992389999,-0.000032595,0.000000000,0.000295721
1787918986.802701712,109517.092290823,-0.000032581,0.000000000,0.000295241
1787918986.902710199,109517.192307479,-0.000032580,0.000000000,0.000294738
1787918987.002843142,109517.292442815,-0.000032574,0.000000000,0.000294240
1787918987.102767944,109517.392353073,-0.000032541,0.000000000,0.000293728
1787918987.203028440,109517.492621214,-0.000032525,0.000000000,0.000293226
1787918987.302673578,109517.592272960,-0.000032521,0.000000000,0.000292725
1787918987.402760267,109517.692358675,-0.000032502,0.000000000,0.000292204
1787918987.502639771,109517.792234570,-0.000032487,0.000000000,0.000291705
1787918987.602684736,109517.892287284,-0.000032480,0.000000000,0.000291235
1787918987.702533007,109517.992110732,-0.000032464,0.000000000,0.000290725
1787918987.802669764,109518.092268213,-0.000032464,0.000000000,0.000290231
1787918987.902804375,109518.192403988,-0.000032488,0.000000000,0.000289665
1787918988.002760172,109518.292345594,-0.000032506,0.000000000,0.000289150
1787918988.102806091,109518.392392329,-0.000032496,0.000000000,0.000288648
1787918988.202860594,109518.492449521,-0.000032483,0.000000000,0.000288101
1787918988.302690268,109518.592292309,-0.000032473,0.000000000,0.000287596
1787918988.402798414,109518.692399529,-0.000032481,0.000000000,0.000287103
1787918988.503040314,109518.792645134,-0.000032490,0.000000000,0.000286660
1787918988.602742195,109518.892327341,-0.000032487,0.000000000,0.000286164
1787918988.702888966,109518.992475472,-0.000032464,0.000000000,0.000285743
1787918988.802740335,109519.092340828,-0.000032450,0.000000000,0.000285248
1787918988.903062105,109519.192661953,-0.000032443,0.000000000,0.000284754
1787918989.002920389,109519.292527430,-0.000032434,0.000000000,0.000284333
1787918989.102806330,109519.392409665,-0.000032417,0.000000000,0.000283877
1787918989.202787876,109519.492375664,-0.000032404,0.000000000,0.000283385
1787918989.302839518,109519.592436038,-0.000032391,0.000000000,0.000282874
1787918989.402757168,109519.692356144,-0.000032355,0.000000000,0.000282384
1787918989.502820253,109519.792405171,-0.000032340,0.000000000,0.000281910
1787918989.602777004,109519.892380594,-0.000032337,0.000000000,0.000281399
1787918989.703001738,109519.992608501,-0.000032334,0.000000000,0.000280925
1787918989.802737474,109520.092337306,-0.000032332,0.000000000,0.000280444
1787918989.902734756,109520.192321910,-0.000032339,0.000000000,0.000279947
1787918990.002758026,109520.292359160,-0.000032347,0.000000000,0.000279456
1787918990.103108406,109520.392708938,-0.000032358,0.000000000,0.000278934
1787918990.202861071,109520.492448588,-0.000032360,0.000000000,0.000278458
1787918990.303007126,109520.592594299,-0.000032356,0.000000000,0.000277998
1787918990.402801991,109520.692389136,-0.000032347,0.000000000,0.000277477
1787918990.503227949,109520.792827019,-0.000032332,0.000000000,0.000276987
1787918990.602824926,109520.892426358,-0.000032307,0.000000000,0.000276485
1787918990.702764034,109520.992349794,-0.000032302,0.000000000,0.000275963
1787918990.802886963,109521.092490098,-0.000032303,0.000000000,0.000275456
1787918990.902817011,109521.192413351,-0.000032301,0.000000000,0.000274961
1787918991.002849579,109521.292434449,-0.000032280,0.000000000,0.000274484
1787918991.102872610,109521.392459842,-0.000032275,0.000000000,0.000273968
1787918991.202718258,109521.492305985,-0.000032272,0.000000000,0.000273492
1787918991.302733421,109521.592316295,-0.000032279,0.000000000,0.000272982
1787918991.403025627,109521.692625182,-0.000032297,0.000000000,0.000272455
1787918991.502989054,109521.792591197,-0.000032302,0.000000000,0.000271974
1787918991.602881908,109521.892472466,-0.000032281,0.000000000,0.000271491
1787918991.702749491,109521.992359737,-0.000032247,0.000000000,0.000271020
1787918991.802847147,109522.092432534,-0.000032233,0.000000000,0.000270527
1787918991.902809858,109522.192396631,-0.000032187,0.000000000,0.000270066
1787918992.002833128,109522.292418066,-0.000032157,0.000000000,0.000269623
1787918992.103116989,109522.392713111,-0.000032157,0.000000000,0.000269158
1787918992.202989101,109522.492572117,-0.000032183,0.000000000,0.000268645
1787918992.302800894,109522.592390946,-0.000032210,0.000000000,0.000268174
1787918992.402876616,109522.692475021,-0.000032229,0.000000000,0.000267773
1787918992.502730608,109522.792315306,-0.000032234,0.000000000,0.000267277
1787918992.602820873,109522.892425076,-0.000032222,0.000000000,0.000266762
1787918992.702770948,109522.992372116,-0.000032164,0.000000000,0.000266287
1787918992.802786112,109523.092387806,-0.000032150,0.000000000,0.000265836
1787918992.902924776,109523.192516521,-0.000032157,0.000000000,0.000265359
1787918993.002877474,109523.292460638,-0.000032169,0.000000000,0.000264839
1787918993.102868795,109523.392454576,-0.000032176,0.000000000,0.000264356
1787918993.202966213,109523.492574665,-0.000032189,0.000000000,0.000263880
1787918993.303080797,109523.592684025,-0.000032188,0.000000000,0.000263421
1787918993.402882099,109523.692467703,-0.000032176,0.000000000,0.000262964
1787918993.502920866,109523.792510032,-0.000032165,0.000000000,0.000262507
1787918993.602883816,109523.892495519,-0.000032154,0.000000000,0.000262065
1787918993.702822447,109523.992427180,-0.000032151,0.000000000,0.000261584
1787918993.802969456,109524.092571349,-0.000032152,0.000000000,0.000261137
1787918993.902635813,109524.192219336,-0.000032154,0.000000000,0.000260738
1787918994.002857447,109524.292462947,-0.000032163,0.000000000,0.000260327
1787918994.102821589,109524.392416988,-0.000032151,0.000000000,0.000259872
1787918994.202764750,109524.492359859,-0.000032128,0.000000000,0.000259435
1787918994.303295374,109524.592897271,-0.000032111,0.000000000,0.000259012
1787918994.402832031,109524.692427821,-0.000032089,0.000000000,0.000258509
1787918994.502717495,109524.792296473,-0.000032068,0.000000000,0.000258047
1787918994.602774858,109524.892366787,-0.000032058,0.000000000,0.000257615
1787918994.702764273,109524.992347667,-0.000032070,0.000000000,0.000257143
1787918994.802798033,109525.092397235,-0.000032067,0.000000000,0.000256703
1787918994.902812958,109525.192396072,-0.000032048,0.000000000,0.000256255
1787918995.002831697,109525.292412556,-0.000032019,0.000000000,0.000255789
1787918995.102793932,109525.392377707,-0.000031990,0.000000000,0.000255348
1787918995.202990532,109525.492595221,-0.000031967,0.000000000,0.000254863
1787918995.302833319,109525.592420085,-0.000031983,0.000000000,0.000254349
1787918995.402926683,109525.692530683,-0.000032019,0.000000000,0.000253852
1787918995.502967119,109525.792550078,-0.000032043,0.000000000,0.000253422
1787918995.602992535,109525.892579052,-0.000032047,0.000000000,0.000253025
1787918995.702946663,109525.992531461,-0.000032049,0.000000000,0.000252583
1787918995.802969933,109526.092568788,-0.000032048,0.000000000,0.000252125
1787918995.902892828,109526.192494375,0.000000000,0.000000000,0.000000000
1787918996.002817392,109526.292417720,-0.000032035,0.000000000,0.000251046
1787918996.102914333,109526.392518358,-0.000032122,0.000000000,0.000252377
1787918996.202875853,109526.492470201,-0.000032030,0.000000000,0.000255406
1787918996.302790403,109526.592374144,-0.000031872,0.000000000,0.000258687
1787918996.402970314,109526.692555718,-0.000031733,0.000000000,0.000261256
1787918996.502848148,109526.792432960,-0.000031671,0.000000000,0.000262868
1787918996.603001118,109526.892586633,-0.000031683,0.000000000,0.000263434
1787918996.702934027,109526.992525258,-0.000031712,0.000000000,0.000263307
1787918996.802816868,109527.092405580,-0.000031736,0.000000000,0.000262671
1787918996.902918816,109527.192518415,-0.000031773,0.000000000,0.000261501
1787918997.003083229,109527.292669212,-0.000031830,0.000000000,0.000260187
1787918997.102865219,109527.392465116,-0.000031898,0.000000000,0.000258876
1787918997.202972889,109527.492572033,-0.000032016,0.000000000,0.000257387
1787918997.302917480,109527.592506179,-0.000032177,0.000000000,0.000255855
1787918997.403028250,109527.692620189,-0.000032372,0.000000000,0.000254251
1787918997.502935886,109527.792525463,-0.000032491,0.000000000,0.000252782
1787918997.602806091,109527.892387711,-0.000032571,0.000000000,0.000251433
1787918997.703065395,109527.992652136,-0.000032655,0.000000000,0.000250048
1787918997.803040981,109528.092628189,-0.000032720,0.000000000,0.000248800
1787918997.902969122,109528.192548846,-0.000032767,0.000000000,0.000247701
1787918998.002988100,109528.292591425,-0.000032803,0.000000000,0.000246618
1787918998.102961302,109528.392553484,-0.000032798,0.000000000,0.000245669
1787918998.202855349,109528.492455069,-0.000032782,0.000000000,0.000244808
1787918998.302921772,109528.592505165,-0.000032755,0.000000000,0.000243958
1787918998.402771950,109528.692357831,-0.000032724,0.000000000,0.000243198
1787918998.503061771,109528.792671675,-0.000032684,0.000000000,0.000242496
1787918998.603007317,109528.892611336,-0.000032646,0.000000000,0.000241782
1787918998.703075647,109528.992682972,-0.000032622,0.000000000,0.000241129
1787918998.803236961,109529.092830247,-0.000032614,0.000000000,0.000240534
1787918998.902930975,109529.192529563,-0.000032602,0.000000000,0.000239903
1787918999.002888680,109529.292470703,-0.000032571,0.000000000,0.000239346
1787918999.103047371,109529.392634070,-0.000032524,0.000000000,0.000238762
1787918999.202979565,109529.492567532,-0.000032467,0.000000000,0.000238164
1787918999.302959204,109529.592545914,-0.000032409,0.000000000,0.000237602
1787918999.403142452,109529.692740472,-0.000032366,0.000000000,0.000237123
1787918999.502955675,109529.792557450,-0.000032328,0.000000000,0.000236606
1787918999.602991343,109529.892586564,-0.000032309,0.000000000,0.000236075
1787918999.703030586,109529.992630500,-0.000032285,0.000000000,0.000235596
1787918999.802914858,109530.092497997,-0.000032264,0.000000000,0.000235158
1787918999.902831554,109530.192417665,-0.000032256,0.000000000,0.000234663
1787919000.002962112,109530.292555990,-0.000032244,0.000000000,0.000234159
1787919000.103029251,109530.392633119,-0.000032218,0.000000000,0.000233740
1787919000.202966690,109530.492551499,-0.000032204,0.000000000,0.000233316
1787919000.302969933,109530.592573938,-0.000032169,0.000000000,0.000232855
1787919000.402981520,109530.692566821,-0.000032115,0.000000000,0.000232394
1787919000.502849579,109530.792435446,-0.000032075,0.000000000,0.000232005
1787919000.603062868,109530.892648507,-0.000032062,0.000000000,0.000231618
1787919000.702996969,109530.992588312,-0.000032093,0.000000000,0.000231107
1787919000.803064585,109531.092653956,-0.000032084,0.000000000,0.000230675
1787919000.902985811,109531.192570601,-0.000032070,0.000000000,0.000230250
1787919001.002934933,109531.292523968,-0.000032068,0.000000000,0.000229790
1787919001.102990866,109531.392587744,-0.000032072,0.000000000,0.000229314
1787919001.202982426,109531.492587347,-0.000032027,0.000000000,0.000228917
1787919001.302925587,109531.592527263,-0.000031996,0.000000000,0.000228533
1787919001.402892828,109531.692490079,-0.000031992,0.000000000,0.000228107
1787919001.502972126,109531.792565800,-0.000031998,0.000000000,0.000227657
1787919001.603226662,109531.892809949,-0.000031984,0.000000000,0.000227287
1787919001.703010321,109531.992615889,-0.000031969,0.000000000,0.000226933
1787919001.802977562,109532.092567480,-0.000031943,0.000000000,0.000226450
1787919001.903003931,109532.192618165,-0.000031921,0.000000000,0.000225997
1787919002.003014803,109532.292622576,-0.000031900,0.000000000,0.000225617
1787919002.102987766,109532.392590281,-0.000031884,0.000000000,0.000225205
1787919002.203076601,109532.492680167,-0.000031873,0.000000000,0.000224768
1787919002.302924871,109532.592524878,-0.000031846,0.000000000,0.000224360
1787919002.403017521,109532.692624409,-0.000031812,0.000000000,0.000223958
1787919002.502905130,109532.792507232,-0.000031804,0.000000000,0.000223547
1787919002.602950335,109532.892537587,-0.000031806,0.000000000,0.000223133
1787919002.703015327,109532.992601814,-0.000031800,0.000000000,0.000222768
1787919002.802908182,109533.092505519,-0.000031779,0.000000000,0.000222437
1787919002.903047323,109533.192646292,-0.000031748,0.000000000,0.000222028
1787919003.002902985,109533.292492597,-0.000031723,0.000000000,0.000221631
1787919003.102949619,109533.392558590,-0.000031729,0.000000000,0.000221221
1787919003.203120708,109533.492706159,-0.000031741,0.000000000,0.000220823
1787919003.302972555,109533.592577635,-0.000031731,0.000000000,0.000220420
1787919003.403038979,109533.692637991,-0.000031714,0.000000000,0.000219999
1787919003.503079891,109533.792669264,-0.000031694,0.000000000,0.000219597
1787919003.603108883,109533.892698297,-0.000031673,0.000000000,0.000219203
1787919003.702852011,109533.992452954,-0.000031646,0.000000000,0.000218843
1787919003.802943230,109534.092534418,-0.000031643,0.000000000,0.000218514
1787919003.903327465,109534.192915351,-0.000031647,0.000000000,0.000218138
1787919004.003277063,109534.292883177,-0.000031622,0.000000000,0.000217772
1787919004.102913618,109534.392511017,-0.000031593,0.000000000,0.000217420
1787919004.202945709,109534.492552055,-0.000031572,0.000000000,0.000217011
1787919004.303174257,109534.592766954,-0.000031567,0.000000000,0.000216641
1787919004.403156519,109534.692739997,-0.000031585,0.000000000,0.000216277
1787919004.503016472,109534.792602951,-0.000031624,0.000000000,0.000215817
1787919004.602903843,109534.892503906,-0.000031627,0.000000000,0.000215407
1787919004.703242779,109534.992846988,-0.000031610,0.000000000,0.000215067
1787919004.802945375,109535.092531994,-0.000031575,0.000000000,0.000214746
1787919004.902982473,109535.192570715,-0.000031565,0.000000000,0.000214383
1787919005.003061533,109535.292659855,-0.000031557,0.000000000,0.000214013
1787919005.103012800,109535.392620708,-0.000031550,0.000000000,0.000213684
1787919005.202997684,109535.492583906,-0.000031552,0.000000000,0.000213277
1787919005.303085089,109535.592684328,-0.000031558,0.000000000,0.000212871
1787919005.403040886,109535.692629853,-0.000031559,0.000000000,0.000212476
1787919005.502960682,109535.792547680,-0.000031555,0.000000000,0.000212112
1787919005.603006601,109535.892594183,-0.000031540,0.000000000,0.000211702
1787919005.703081131,109535.992684449,-0.000031532,0.000000000,0.000211325
1787919005.803131342,109536.092746364,-0.000031531,0.000000000,0.000210973
1787919005.903010845,109536.192611226,-0.000031538,0.000000000,0.000210616
1787919006.002962112,109536.292546271,-0.000031537,0.000000000,0.000210255
1787919006.103177786,109536.392783230,-0.000031506,0.000000000,0.000209882
1787919006.203152418,109536.492748389,-0.000031483,0.000000000,0.000209518
1787919006.302981377,109536.592582917,-0.000031462,0.000000000,0.000209174
1787919006.402977467,109536.692570687,-0.000031469,0.000000000,0.000208797
1787919006.503056526,109536.792635908,-0.000031444,0.000000000,0.000208401
1787919006.603020191,109536.892616098,-0.000031432,0.000000000,0.000208018
1787919006.702994108,109536.992587552,-0.000031448,0.000000000,0.000207670
1787919006.802839279,109537.092421256,-0.000031479,0.000000000,0.000207310
1787919006.903122187,109537.192724946,-0.000031513,0.000000000,0.000206920
1787919007.003121376,109537.292719647,-0.000031516,0.000000000,0.000206555
1787919007.103179216,109537.392780173,-0.000031493,0.000000000,0.000206204
1787919007.202965736,109537.492568970,-0.000031487,0.000000000,0.000205840
1787919007.303045988,109537.592634935,-0.000031499,0.000000000,0.000205461
1787919007.402946234,109537.692534022,-0.000031476,0.000000000,0.000205105
1787919007.503113508,109537.792698948,-0.000031452,0.000000000,0.000204758
1787919007.603226900,109537.892954182,-0.000031424,0.000000000,0.000204365
1787919007.703075171,109537.992660259,-0.000031410,0.000000000,0.000203976
1787919007.803011417,109538.092597139,-0.000031400,0.000000000,0.000203618
1787919007.903056383,109538.192655694,-0.000031389,0.000000000,0.000203271
1787919008.003052711,109538.292639886,-0.000031404,0.000000000,0.000202881
1787919008.103159189,109538.392745120,-0.000031415,0.000000000,0.000202517
1787919008.202888966,109538.492469435,-0.000031428,0.000000000,0.000202159
1787919008.302919149,109538.592513623,-0.000031434,0.000000000,0.000201819
1787919008.403003216,109538.692601857,-0.000031408,0.000000000,0.000201461
1787919008.502975702,109538.792565617,-0.000031380,0.000000000,0.000201134
1787919008.602994442,109538.892596572,-0.000031382,0.000000000,0.000200794
1787919008.702857494,109538.992422760,-0.000031408,0.000000000,0.000200423
1787919008.803047180,109539.092649148,-0.000031430,0.000000000,0.000200073
1787919008.903347492,109539.192952615,-0.000031413,0.000000000,0.000199769
1787919009.003234863,109539.292834970,-0.000031384,0.000000000,0.000199455
1787919009.102966070,109539.392550016,-0.000031348,0.000000000,0.000199056
1787919009.203244209,109539.492829472,-0.000031312,0.000000000,0.000198673
1787919009.303322554,109539.592911121,-0.000031301,0.000000000,0.000198291
1787919009.403013229,109539.692612590,-0.000031311,0.000000000,0.000197997
1787919009.503032207,109539.792622752,-0.000031329,0.000000000,0.000197625
1787919009.602993488,109539.892576877,-0.000031343,0.000000000,0.000197265
1787919009.703042269,109539.992642600,-0.000031334,0.000000000,0.000196925
1787919009.802912951,109540.092510254,-0.000031324,0.000000000,0.000196570
1787919009.903025627,109540.192608196,-0.000031319,0.000000000,0.000196151
1787919010.003111601,109540.292700347,-0.000031309,0.000000000,0.000195786
1787919010.103090525,109540.392675982,-0.000031288,0.000000000,0.000195469
1787919010.203577757,109540.493174934,-0.000031279,0.000000000,0.000195145
1787919010.303101778,109540.592687859,-0.000031287,0.000000000,0.000194787
1787919010.403042316,109540.692641419,-0.000031269,0.000000000,0.000194424
1787919010.503129482,109540.792718589,-0.000031251,0.000000000,0.000194098
1787919010.603197098,109540.892782930,-0.000031238,0.000000000,0.000193756
1787919010.703040838,109540.992624219,-0.000031251,0.000000000,0.000193393
1787919010.803036690,109541.092631359,-0.000031236,0.000000000,0.000193057
1787919010.903156042,109541.192753853,-0.000031212,0.000000000,0.000192713
1787919011.004433870,109541.294041791,-0.000031196,0.000000000,0.000192303
1787919011.106981516,109541.396600661,-0.000031171,0.000000000,0.000191967
1787919011.203140497,109541.492751664,-0.000031175,0.000000000,0.000191656
1787919011.303127050,109541.592740842,-0.000031207,0.000000000,0.000191317
1787919011.403166294,109541.692766332,-0.000031248,0.000000000,0.000190984
1787919011.503103495,109541.792700539,-0.000031273,0.000000000,0.000190677
1787919011.603053331,109541.892653937,-0.000031292,0.000000000,0.000190334
1787919011.703124046,109541.992730692,-0.000031279,0.000000000,0.000189901
1787919011.803090096,109542.092676376,-0.000031262,0.000000000,0.000189518
1787919011.903149605,109542.192730763,-0.000031251,0.000000000,0.000189186
1787919012.003238201,109542.292820427,-0.000031248,0.000000000,0.000188783
1787919012.103039026,109542.392640159,-0.000031246,0.000000000,0.000188420
1787919012.203029156,109542.492630291,-0.000031235,0.000000000,0.000188102
1787919012.303144455,109542.592727147,-0.000031225,0.000000000,0.000187735
1787919012.403374910,109542.692978588,-0.000031201,0.000000000,0.000187392
1787919012.503191471,109542.792787735,-0.000031175,0.000000000,0.000187064
1787919012.603462458,109542.893063057,-0.000031183,0.000000000,0.000186745
1787919012.703049421,109542.992660321,-0.000031182,0.000000000,0.000186400
1787919012.803037643,109543.092635564,-0.000031163,0.000000000,0.000186067
1787919012.903172016,109543.192757962,-0.000031135,0.000000000,0.000185729
1787919013.003284216,109543.292871278,-0.000031115,0.000000000,0.000185392
1787919013.103327274,109543.392925948,-0.000031113,0.000000000,0.000185037
1787919013.203014135,109543.492616771,-0.000031118,0.000000000,0.000184688
1787919013.303186893,109543.592773969,-0.000031124,0.000000000,0.000184377
1787919013.403303385,109543.692907120,-0.000031131,0.000000000,0.000184044
1787919013.503654242,109543.793253658,-0.000031148,0.000000000,0.000183680
1787919013.603272915,109543.892870431,-0.000031155,0.000000000,0.000183346
1787919013.703076363,109543.992680569,-0.000031137,0.000000000,0.000183027
1787919013.803081751,109544.092676027,-0.000031142,0.000000000,0.000182685
1787919013.903189182,109544.192791500,-0.000031148,0.000000000,0.000182328
1787919014.003048182,109544.292646167,-0.000031144,0.000000000,0.000182004
1787919014.103162050,109544.392768076,-0.000031145,0.000000000,0.000181671
1787919014.203071594,109544.492670675,-0.000031158,0.000000000,0.000181308
1787919014.303221464,109544.592822634,-0.000031169,0.000000000,0.000180953
1787919014.403085709,109544.692687235,-0.000031133,0.000000000,0.000180628
1787919014.503093243,109544.792697506,-0.000031107,0.000000000,0.000180298
1787919014.603304625,109544.892889873,-0.000031107,0.000000000,0.000179957
1787919014.703201532,109544.992786799,-0.000031106,0.000000000,0.000179605
1787919014.802984953,109545.092570101,-0.000031105,0.000000000,0.000179263
1787919014.903143644,109545.192727711,-0.000031095,0.000000000,0.000178957
1787919015.003099203,109545.292684542,-0.000031092,0.000000000,0.000178602
1787919015.103172064,109545.392763801,-0.000031085,0.000000000,0.000178245
1787919015.203122854,109545.492723391,-0.000031079,0.000000000,0.000177907
1787919015.303141356,109545.592726656,-0.000031082,0.000000000,0.000177565
1787919015.403086901,109545.692687365,-0.000031070,0.000000000,0.000177199
1787919015.502980471,109545.792555911,-0.000031053,0.000000000,0.000176872
1787919015.603103638,109545.892688751,-0.000031051,0.000000000,0.000176545
1787919015.703127623,109545.992724973,-0.000031053,0.000000000,0.000176216
1787919015.803259850,109546.092860357,-0.000031049,0.000000000,0.000175885
1787919015.903148651,109546.192736017,-0.000031044,0.000000000,0.000175549
1787919016.003072262,109546.292669136,-0.000031031,0.000000000,0.000175240
1787919016.102891684,109546.392458644,-0.000031015,0.000000000,0.000174949
1787919016.203055620,109546.492640837,-0.000031019,0.000000000,0.000174644
1787919016.302995205,109546.592570684,-0.000031041,0.000000000,0.000174341
1787919016.403082848,109546.692676894,-0.000031051,0.000000000,0.000174069
1787919016.503103256,109546.792699318,-0.000031054,0.000000000,0.000173711
1787919016.603206635,109546.892792152,-0.000031042,0.000000000,0.000173354
1787919016.703188896,109546.992788603,-0.000031007,0.000000000,0.000173067
1787919016.803346395,109547.092952134,-0.000030991,0.000000000,0.000172800
1787919016.903195143,109547.192793304,-0.000030994,0.000000000,0.000172493
1787919017.003224373,109547.292814050,-0.000031013,0.000000000,0.000172173
1787919017.103219986,109547.392816870,-0.000031018,0.000000000,0.000171881
1787919017.203289270,109547.492869088,-0.000031013,0.000000000,0.000171596
1787919017.303271532,109547.592857428,-0.000031013,0.000000000,0.000171281
1787919017.403114080,109547.692699889,-0.000031008,0.000000000,0.000170925
1787919017.503292084,109547.792889305,-0.000031003,0.000000000,0.000170598
1787919017.603344202,109547.892947480,-0.000030987,0.000000000,0.000170303
1787919017.703158855,109547.992756611,-0.000030974,0.000000000,0.000170007
1787919017.803266048,109548.092860557,-0.000030984,0.000000000,0.000169683
1787919017.903573990,109548.193183516,-0.000030995,0.000000000,0.000169372
1787919018.003288269,109548.292895189,-0.000031007,0.000000000,0.000169059
1787919018.103177547,109548.392771541,-0.000030992,0.000000000,0.000168741
1787919018.203173876,109548.492758413,-0.000030973,0.000000000,0.000168456
1787919018.303182602,109548.592785394,-0.000030962,0.000000000,0.000168148
1787919018.403235674,109548.692838659,-0.000030979,0.000000000,0.000167789
1787919018.503276348,109548.792875017,-0.000030968,0.000000000,0.000167471
1787919018.603221178,109548.892823276,-0.000030960,0.000000000,0.000167133
1787919018.703196526,109548.992783456,-0.000030944,0.000000000,0.000166768
1787919018.803137064,109549.092735408,-0.000030916,0.000000000,0.000166412
1787919018.903196096,109549.192791261,-0.000030886,0.000000000,0.000166154
1787919019.003118753,109549.292703982,-0.000030860,0.000000000,0.000165867
1787919019.103406906,109549.393008118,-0.000030860,0.000000000,0.000165548
1787919019.203289032,109549.492891026,-0.000030877,0.000000000,0.000165225
1787919019.303214550,109549.592801375,-0.000030879,0.000000000,0.000164910
1787919019.403228045,109549.692815959,-0.000030863,0.000000000,0.000164644
1787919019.503172159,109549.792772076,-0.000030850,0.000000000,0.000164364
1787919019.603349447,109549.892949639,-0.000030855,0.000000000,0.000164069
1787919019.703219891,109549.992804315,-0.000030855,0.000000000,0.000163744
1787919019.803254128,109550.092851583,-0.000030876,0.000000000,0.000163434
1787919019.903246164,109550.192847116,-0.000030907,0.000000000,0.000163102
1787919020.003107071,109550.292704904,-0.000030923,0.000000000,0.000162801
1787919020.103244305,109550.392842792,-0.000030929,0.000000000,0.000162546
1787919020.203178644,109550.492763834,-0.000030909,0.000000000,0.000162243
1787919020.303221941,109550.592806663,-0.000030894,0.000000000,0.000161930
1787919020.403219223,109550.692821134,-0.000030870,0.000000000,0.000161631
1787919020.503170729,109550.792768538,-0.000030872,0.000000000,0.000161340
1787919020.603429556,109550.893031974,-0.000030878,0.000000000,0.000161031
1787919020.703207731,109550.992793910,-0.000030852,0.000000000,0.000160722
1787919020.803226948,109551.092809656,-0.000030828,0.000000000,0.000160414
1787919020.903147697,109551.192730924,-0.000030821,0.000000000,0.000160098
1787919021.003137350,109551.292733852,-0.000030835,0.000000000,0.000159769
1787919021.103233099,109551.392820345,-0.000030842,0.000000000,0.000159488
1787919021.203215361,109551.492822110,-0.000030864,0.000000000,0.000159166
1787919021.303247452,109551.592854420,-0.000030876,0.000000000,0.000158846
1787919021.403231382,109551.692837637,-0.000030879,0.000000000,0.000158545
1787919021.503191471,109551.792776253,-0.000030863,0.000000000,0.000158250
1787919021.603488684,109551.893082236,0.000000000,0.000000000,0.000000000
1787919021.703402758,109551.992986857,-0.000030862,0.000000000,0.000157518
1787919021.803211451,109552.092811922,-0.000030982,0.000000000,0.000158371
1787919021.903504610,109552.193090251,-0.000030989,0.000000000,0.000160287
1787919022.003338814,109552.292943209,-0.000030966,0.000000000,0.000162292
1787919022.103376150,109552.392972143,-0.000030930,0.000000000,0.000163873
1787919022.203315973,109552.492923048,-0.000030902,0.000000000,0.000164887
1787919022.303349972,109552.592936204,-0.000030897,0.000000000,0.000165309
1787919022.403185368,109552.692779845,-0.000030931,0.000000000,0.000165259
1787919022.503319263,109552.792906564,-0.000030981,0.000000000,0.000164803
1787919022.603225231,109552.892836627,-0.000031002,0.000000000,0.000164199
1787919022.703392982,109552.992980429,-0.000031012,0.000000000,0.000163496
1787919022.803289413,109553.092891597,-0.000031050,0.000000000,0.000162722
1787919022.903367996,109553.192967621,-0.000031092,0.000000000,0.000161862
1787919023.003013611,109553.292582497,-0.000031146,0.000000000,0.000161058
1787919023.103378534,109553.392963634,-0.000031214,0.000000000,0.000160142
1787919023.203336716,109553.492935307,-0.000031258,0.000000000,0.000159243
1787919023.303206444,109553.592806047,-0.000031280,0.000000000,0.000158448
1787919023.403222799,109553.692823560,-0.000031331,0.000000000,0.000157673
1787919023.503209591,109553.792806609,-0.000031379,0.000000000,0.000156969
1787919023.603840590,109553.893409902,-0.000031406,0.000000000,0.000156397
1787919023.703130722,109553.992714385,-0.000031390,0.000000000,0.000155815
1787919023.803228140,109554.092828426,-0.000031361,0.000000000,0.000155242
1787919023.903503418,109554.193099773,-0.000031319,0.000000000,0.000154735
1787919024.003239155,109554.292825936,-0.000031291,0.000000000,0.000154311
1787919024.103272200,109554.392864571,-0.000031275,0.000000000,0.000153861
1787919024.203313112,109554.492900281,-0.000031270,0.000000000,0.000153436
1787919024.303337574,109554.592925306,-0.000031237,0.000000000,0.000153074
1787919024.403174162,109554.692785613,-0.000031196,0.000000000,0.000152757
1787919024.503402710,109554.792989051,-0.000031145,0.000000000,0.000152421
1787919024.603281736,109554.892880508,-0.000031077,0.000000000,0.000152081
1787919024.703329086,109554.992938378,-0.000031013,0.000000000,0.000151801
1787919024.803240299,109555.092839116,-0.000030989,0.000000000,0.000151509
1787919024.903351307,109555.192951200,-0.000030985,0.000000000,0.000151216
1787919025.003347874,109555.292942262,-0.000030979,0.000000000,0.000150981
1787919025.103508472,109555.393093261,-0.000030974,0.000000000,0.000150738
1787919025.203190804,109555.492774850,-0.000030954,0.000000000,0.000150441
1787919025.303750992,109555.593356899,-0.000030899,0.000000000,0.000150158
1787919025.403344631,109555.692929770,-0.000030844,0.000000000,0.000149942
1787919025.503274441,109555.792883493,-0.000030824,0.000000000,0.000149712
1787919025.603369951,109555.892965905,-0.000030829,0.000000000,0.000149463
1787919025.703176498,109555.992761418,-0.000030816,0.000000000,0.000149244
1787919025.803245783,109556.092830589,-0.000030788,0.000000000,0.000149007
1787919025.903303385,109556.192887716,-0.000030739,0.000000000,0.000148749
1787919026.003221512,109556.292817483,-0.000030708,0.000000000,0.000148501
1787919026.103298903,109556.392883677,-0.000030701,0.000000000,0.000148242
1787919026.203188419,109556.492785669,-0.000030711,0.000000000,0.000147998
1787919026.303164721,109556.592760084,-0.000030720,0.000000000,0.000147756
1787919026.403188467,109556.692787947,-0.000030726,0.000000000,0.000147383
1787919026.503299236,109556.792900409,-0.000030717,0.000000000,0.000147035
1787919026.603211403,109556.892812972,-0.000030674,0.000000000,0.000146728
1787919026.703458548,109556.993048236,-0.000030645,0.000000000,0.000146407
1787919026.803296804,109557.092884118,-0.000030626,0.000000000,0.000146040
1787919026.903301954,109557.192902197,-0.000030624,0.000000000,0.000145679
1787919027.003262520,109557.292860873,-0.000030634,0.000000000,0.000145350
1787919027.103336096,109557.392941741,-0.000030621,0.000000000,0.000145009
1787919027.203707457,109557.493292161,-0.000030620,0.000000000,0.000144616
1787919027.303744793,109557.593329009,-0.000030622,0.000000000,0.000144255
1787919027.403158903,109557.692751373,-0.000030633,0.000000000,0.000143895
1787919027.503243208,109557.792824285,-0.000030649,0.000000000,0.000143504
1787919027.603413105,109557.893006035,-0.000030666,0.000000000,0.000143124
1787919027.703566790,109557.993175704,-0.000030676,0.000000000,0.000142731
1787919027.803178072,109558.092762018,-0.000030666,0.000000000,0.000142330
1787919027.903651953,109558.193262723,-0.000030641,0.000000000,0.000141958
1787919028.003175974,109558.292754857,-0.000030616,0.000000000,0.000141545
1787919028.103636980,109558.393235799,-0.000030585,0.000000000,0.000141147
1787919028.203348398,109558.492937064,-0.000030574,0.000000000,0.000140770
1787919028.303442717,109558.593043852,-0.000030582,0.000000000,0.000140418
1787919028.403527021,109558.693111140,-0.000030594,0.000000000,0.000140087
1787919028.503304482,109558.792901812,-0.000030598,0.000000000,0.000139719
1787919028.603431940,109558.893017915,-0.000030591,0.000000000,0.000139372
1787919028.703369617,109558.992957129,-0.000030579,0.000000000,0.000138947
1787919028.803414583,109559.093014501,-0.000030578,0.000000000,0.000138536
1787919028.903387308,109559.192973229,-0.000030565,0.000000000,0.000138192
1787919029.003425598,109559.293012138,-0.000030577,0.000000000,0.000137831
1787919029.103541136,109559.393129800,-0.000030607,0.000000000,0.000137444
1787919029.203352928,109559.492940255,-0.000030633,0.000000000,0.000137082
1787919029.303353786,109559.592951960,-0.000030638,0.000000000,0.000136701
1787919029.403291702,109559.692893371,-0.000030623,0.000000000,0.000136308
1787919029.503406763,109559.793011669,-0.000030603,0.000000000,0.000135909
1787919029.603415012,109559.892999904,-0.000030581,0.000000000,0.000135582
1787919029.703326464,109559.992915358,-0.000030603,0.000000000,0.000135255
1787919029.803383112,109560.092986509,-0.000030648,0.000000000,0.000134871
1787919029.903327703,109560.192925291,-0.000030676,0.000000000,0.000134511
1787919030.003401756,109560.293002760,-0.000030659,0.000000000,0.000134179
1787919030.103304625,109560.392909601,-0.000030637,0.000000000,0.000133837
1787919030.203441620,109560.493024330,-0.000030631,0.000000000,0.000133457
1787919030.303376198,109560.592952845,-0.000030625,0.000000000,0.000133109
1787919030.403546095,109560.693139523,-0.000030616,0.000000000,0.000132792
1787919030.503301144,109560.792901250,-0.000030646,0.000000000,0.000132388
1787919030.603321075,109560.892921700,-0.000030670,0.000000000,0.000131986
1787919030.703593493,109560.993182550,-0.000030662,0.000000000,0.000131652
1787919030.803452492,109561.093040578,-0.000030652,0.000000000,0.000131308
1787919030.903594255,109561.193179058,-0.000030652,0.000000000,0.000130942
1787919031.003436327,109561.293041586,-0.000030659,0.000000000,0.000130592
1787919031.103387117,109561.392972677,-0.000030667,0.000000000,0.000130238
1787919031.203535557,109561.493130327,-0.000030675,0.000000000,0.000129883
1787919031.303384542,109561.592985891,-0.000030667,0.000000000,0.000129554
1787919031.403258324,109561.692858406,-0.000030658,0.000000000,0.000129215
1787919031.503419638,109561.793012990,-0.000030660,0.000000000,0.000128863
1787919031.603422880,109561.893020011,-0.000030671,0.000000000,0.000128539
1787919031.703538179,109561.993122676,-0.000030679,0.000000000,0.000128207
1787919031.803459167,109562.093044978,-0.000030681,0.000000000,0.000127812
1787919031.903375626,109562.192977723,-0.000030667,0.000000000,0.000127461
1787919032.003297091,109562.292885253,-0.000030618,0.000000000,0.000127119
1787919032.103316069,109562.392901501,-0.000030604,0.000000000,0.000126790
1787919032.203479767,109562.493094726,-0.000030617,0.000000000,0.000126456
1787919032.303484917,109562.593088926,-0.000030646,0.000000000,0.000126158
1787919032.403421164,109562.693004201,-0.000030653,0.000000000,0.000125875
1787919032.503469467,109562.793072462,-0.000030658,0.000000000,0.000125578
1787919032.603389025,109562.892985434,-0.000030664,0.000000000,0.000125248
1787919032.703469515,109562.993056474,-0.000030635,0.000000000,0.000124973
1787919032.803631067,109563.093237050,-0.000030581,0.000000000,0.000124711
1787919032.903347492,109563.192938398,-0.000030563,0.000000000,0.000124415
1787919033.003372908,109563.292973795,-0.000030594,0.000000000,0.000124080
1787919033.103465319,109563.393059316,-0.000030623,0.000000000,0.000123818
1787919033.203396797,109563.492995280,-0.000030647,0.000000000,0.000123608
1787919033.303430080,109563.593024305,-0.000030646,0.000000000,0.000123303
1787919033.403439760,109563.693030084,-0.000030626,0.000000000,0.000123014
1787919033.503439426,109563.793034102,-0.000030569,0.000000000,0.000122784
1787919033.603304625,109563.892902662,-0.000030563,0.000000000,0.000122540
1787919033.703342915,109563.992945344,-0.000030605,0.000000000,0.000122224
1787919033.803497076,109564.093097359,-0.000030651,0.000000000,0.000121930
1787919033.903330088,109564.192932070,-0.000030613,0.000000000,0.000121719
1787919034.003416777,109564.293000093,-0.000030581,0.000000000,0.000121505
1787919034.103517532,109564.393103512,-0.000030567,0.000000000,0.000121244
1787919034.203287363,109564.492873488,-0.000030576,0.000000000,0.000120979
1787919034.303355694,109564.592942646,-0.000030584,0.000000000,0.000120774
1787919034.403427839,109564.693025521,-0.000030599,0.000000000,0.000120569
1787919034.503466606,109564.793065537,-0.000030586,0.000000000,0.000120312
1787919034.603438377,109564.893039950,-0.000030568,0.000000000,0.000120056
1787919034.703479767,109564.993085101,-0.000030542,0.000000000,0.000119821
1787919034.803576469,109565.093163283,-0.000030511,0.000000000,0.000119571
1787919034.903297186,109565.192898242,-0.000030502,0.000000000,0.000119311
1787919035.003408909,109565.293007217,-0.000030502,0.000000000,0.000119073
1787919035.103459597,109565.393058117,-0.000030478,0.000000000,0.000118841
1787919035.203437090,109565.493041488,-0.000030465,0.000000000,0.000118612
1787919035.303407907,109565.592992614,-0.000030471,0.000000000,0.000118368
1787919035.403320551,109565.692917899,-0.000030479,0.000000000,0.000118111
1787919035.503503799,109565.793096044,-0.000030485,0.000000000,0.000117881
1787919035.603487015,109565.893092914,-0.000030487,0.000000000,0.000117621
1787919035.705153942,109565.994740096,-0.000030486,0.000000000,0.000117361
1787919035.803494930,109566.093081618,-0.000030487,0.000000000,0.000117084
1787919035.903520584,109566.193106590,-0.000030484,0.000000000,0.000116843
1787919036.003391027,109566.292996468,-0.000030476,0.000000000,0.000116604
1787919036.103723526,109566.393309361,-0.000030490,0.000000000,0.000116356
1787919036.203465462,109566.493070064,-0.000030511,0.000000000,0.000116131
1787919036.303464890,109566.593063675,-0.000030524,0.000000000,0.000115892
1787919036.403450012,109566.693052136,-0.000030527,0.000000000,0.000115668
1787919036.503433704,109566.793018121,-0.000030519,0.000000000,0.000115427
1787919036.603553772,109566.893138228,-0.000030499,0.000000000,0.000115208
1787919036.703358412,109566.992966098,-0.000030469,0.000000000,0.000114983
1787919036.803331614,109567.092933148,-0.000030453,0.000000000,0.000114704
1787919036.903512239,109567.193119998,-0.000030419,0.000000000,0.000114486
1787919037.003612041,109567.293214277,-0.000030407,0.000000000,0.000114294
1787919037.103484631,109567.393087008,-0.000030449,0.000000000,0.000114004
1787919037.203382969,109567.492972566,-0.000030498,0.000000000,0.000113705
1787919037.303421974,109567.593008435,-0.000030496,0.000000000,0.000113466
1787919037.403662682,109567.693275498,-0.000030478,0.000000000,0.000113263
1787919037.503649473,109567.793241365,-0.000030446,0.000000000,0.000113029
1787919037.603502512,109567.893106578,-0.000030450,0.000000000,0.000112731
1787919037.703390121,109567.992990006,-0.000030434,0.000000000,0.000112502
1787919037.803402901,109568.093000090,-0.000030426,0.000000000,0.000112324
1787919037.903382540,109568.192968748,-0.000030426,0.000000000,0.000112070
1787919038.003489733,109568.293075975,-0.000030439,0.000000000,0.000111775
1787919038.103449345,109568.393039302,-0.000030448,0.000000000,0.000111545
1787919038.203572989,109568.493157545,-0.000030459,0.000000000,0.000111362
1787919038.303306103,109568.592900508,-0.000030443,0.000000000,0.000111124
1787919038.403485775,109568.693070843,-0.000030416,0.000000000,0.000110907
1787919038.503403187,109568.793003586,-0.000030395,0.000000000,0.000110706
1787919038.603297234,109568.892880552,-0.000030377,0.000000000,0.000110440
1787919038.703251600,109568.992838395,-0.000030372,0.000000000,0.000110178
1787919038.803334713,109569.092942008,-0.000030370,0.000000000,0.000109939
1787919038.903369188,109569.192951243,-0.000030372,0.000000000,0.000109737
1787919039.003374577,109569.292986475,-0.000030369,0.000000000,0.000109526
1787919039.103407621,109569.392989852,-0.000030345,0.000000000,0.000109291
1787919039.203632355,109569.493217723,-0.000030328,0.000000000,0.000109077
1787919039.303348064,109569.592930812,-0.000030339,0.000000000,0.000108844
1787919039.403388500,109569.692973738,-0.000030377,0.000000000,0.000108600
1787919039.503904343,109569.793502183,-0.000030382,0.000000000,0.000108395
1787919039.603636980,109569.893226119,-0.000030365,0.000000000,0.000108219
1787919039.703449011,109569.993055145,-0.000030351,0.000000000,0.000108010
1787919039.803341627,109570.092942212,-0.000030326,0.000000000,0.000107722
1787919039.903569698,109570.193171939,-0.000030318,0.000000000,0.000107493
1787919040.003399372,109570.292988673,-0.000030323,0.000000000,0.000107293
1787919040.103440285,109570.393038310,-0.000030339,0.000000000,0.000107092
1787919040.203362703,109570.492948885,-0.000030355,0.000000000,0.000106890
1787919040.303532839,109570.593135634,-0.000030358,0.000000000,0.000106648
1787919040.403503656,109570.693090852,-0.000030353,0.000000000,0.000106424
1787919040.503347158,109570.792955213,-0.000030335,0.000000000,0.000106225
1787919040.603404522,109570.893005490,-0.000030346,0.000000000,0.000105997
1787919040.703525782,109570.993110929,-0.000030352,0.000000000,0.000105773
1787919040.803373814,109571.092973530,-0.000030357,0.000000000,0.000105603
1787919040.903160572,109571.192719920,-0.000030363,0.000000000,0.000105417
1787919041.003474712,109571.293057341,-0.000030355,0.000000000,0.000105232
1787919041.103478670,109571.393062051,-0.000030337,0.000000000,0.000105037
1787919041.203496456,109571.493080904,-0.000030321,0.000000000,0.000104840
1787919041.303453922,109571.593052579,-0.000030313,0.000000000,0.000104656
1787919041.403311253,109571.692893432,-0.000030291,0.000000000,0.000104505
1787919041.503366947,109571.792948587,-0.000030285,0.000000000,0.000104345
1787919041.603400946,109571.892984341,-0.000030280,0.000000000,0.000104094
1787919041.703576803,109571.993169899,-0.000030263,0.000000000,0.000103871
1787919041.803382874,109572.092980270,-0.000030238,0.000000000,0.000103693
1787919041.903459072,109572.193055151,-0.000030251,0.000000000,0.000103454
1787919042.003701210,109572.293296682,-0.000030297,0.000000000,0.000103186
1787919042.103526831,109572.393115875,-0.000030310,0.000000000,0.000102976
1787919042.203426361,109572.493025702,-0.000030281,0.000000000,0.000102777
1787919042.303620338,109572.593224436,-0.000030254,0.000000000,0.000102538
1787919042.403360367,109572.692943410,-0.000030266,0.000000000,0.000102286
1787919042.503431320,109572.793012313,-0.000030306,0.000000000,0.000102073
1787919042.603446722,109572.893052421,-0.000030323,0.000000000,0.000101908
1787919042.703544378,109572.993130418,-0.000030321,0.000000000,0.000101723
1787919042.803380251,109573.092976813,-0.000030314,0.000000000,0.000101486
1787919042.903452396,109573.193053479,-0.000030301,0.000000000,0.000101253
1787919043.003478050,109573.293057917,-0.000030298,0.000000000,0.000101058
1787919043.103767395,109573.393350001,-0.000030307,0.000000000,0.000100883
1787919043.203453302,109573.493050981,-0.000030329,0.000000000,0.000100656
1787919043.303520203,109573.593115994,-0.000030330,0.000000000,0.000100438
1787919043.403497934,109573.693081355,-0.000030299,0.000000000,0.000100247
1787919043.503419399,109573.793001076,-0.000030268,0.000000000,0.000100091
1787919043.603472233,109573.893055589,-0.000030262,0.000000000,0.000099928
1787919043.703285933,109573.992858349,-0.000030274,0.000000000,0.000099785
1787919043.803453445,109574.093056219,-0.000030288,0.000000000,0.000099670
1787919043.903537512,109574.193122598,-0.000030293,0.000000000,0.000099620
1787919044.003433228,109574.293029957,-0.000030286,0.000000000,0.000099614
1787919044.103526831,109574.393118294,-0.000030255,0.000000000,0.000099638
1787919044.203481197,109574.493067919,-0.000030199,0.000000000,0.000099695
1787919044.303409576,109574.593007700,-0.000030144,0.000000000,0.000099797
1787919044.403424501,109574.693023559,-0.000030115,0.000000000,0.000099929
1787919044.503517866,109574.793118485,-0.000030137,0.000000000,0.000100102
1787919044.603497982,109574.893094262,-0.000030166,0.000000000,0.000100332
1787919044.703642368,109574.993246957,-0.000030140,0.000000000,0.000100620
1787919044.803913832,109575.093520728,-0.000030121,0.000000000,0.000100942
1787919044.903658152,109575.193265605,-0.000030113,0.000000000,0.000101239
1787919045.003480434,109575.293061003,-0.000030097,0.000000000,0.000101631
1787919045.103470564,109575.393069015,-0.000030067,0.000000000,0.000102051
1787919045.203516960,109575.493115529,-0.000030039,0.000000000,0.000102448
1787919045.303567648,109575.593154622,-0.000030018,0.000000000,0.000102815
1787919045.403565645,109575.693153537,-0.000029991,0.000000000,0.000103197
1787919045.503607988,109575.793195305,-0.000029969,0.000000000,0.000103585
1787919045.603559256,109575.893156751,-0.000029962,0.000000000,0.000103937
1787919045.703620195,109575.993207626,-0.000029976,0.000000000,0.000104280
1787919045.803395748,109576.092982343,-0.000029978,0.000000000,0.000104629
1787919045.903471470,109576.193057392,-0.000029970,0.000000000,0.000104981
1787919046.003555298,109576.293141102,-0.000029970,0.000000000,0.000105320
1787919046.103428602,109576.393013862,-0.000029972,0.000000000,0.000105656
1787919046.203525305,109576.493126611,-0.000030005,0.000000000,0.000106050
1787919046.303676844,109576.593265203,-0.000030018,0.000000000,0.000106413
1787919046.403627872,109576.693215595,-0.000030046,0.000000000,0.000106702
1787919046.503591061,109576.793195851,-0.000030064,0.000000000,0.000107009
1787919046.603504658,109576.893089632,-0.000030078,0.000000000,0.000107324
1787919046.703604937,109576.993191141,-0.000030090,0.000000000,0.000107603
1787919046.803516865,109577.093113838,-0.000030122,0.000000000,0.000107842
1787919046.903552771,109577.193136169,-0.000030164,0.000000000,0.000108054
1787919047.003576994,109577.293163146,-0.000030188,0.000000000,0.000108344
1787919047.103572845,109577.393169647,-0.000030202,0.000000000,0.000108585
1787919047.203583717,109577.493183112,-0.000030198,0.000000000,0.000108786
1787919047.270226955,109577.559813731,0.000000000,0.000000000,1.000000000
1787919047.304428816,109577.594110500,0.000000000,0.000000000,0.000000000
1787919047.370432854,109577.660052499,0.000000000,0.000000000,1.000000000
1787919047.403443813,109577.693032070,0.000000000,0.000000000,0.000000000
1787919047.470311880,109577.760078898,0.000000000,0.000000000,1.000000000
1787919047.503434896,109577.793029878,0.000000000,0.000000000,0.000000000
1787919047.570194483,109577.859788679,0.000000000,0.000000000,1.000000000
1787919047.603572369,109577.893232222,0.000000000,0.000000000,0.000000000
1787919047.670209169,109577.959797040,0.000000000,0.000000000,1.000000000
1787919047.703426600,109577.993012330,0.000000000,0.000000000,0.000000000
1787919047.770835400,109578.060525166,0.000000000,0.000000000,1.000000000
1787919047.803447723,109578.093042609,0.000000000,0.000000000,0.000000000
1787919047.870205641,109578.159791834,0.000000000,0.000000000,1.000000000
1787919047.903415442,109578.192997760,0.000000000,0.000000000,0.000000000
1787919047.970107079,109578.259702071,0.000000000,0.000000000,1.000000000
1787919048.003647089,109578.293215128,0.000000000,0.000000000,0.000000000
1787919048.070330381,109578.359924489,0.000000000,0.000000000,1.000000000
1787919048.103425026,109578.393009709,0.000000000,0.000000000,0.000000000
1787919048.170379639,109578.459980764,0.000000000,0.000000000,1.000000000
1787919048.203590155,109578.493175967,0.000000000,0.000000000,0.000000000
1787919048.270052433,109578.559649363,0.000000000,0.000000000,1.000000000
1787919048.303466797,109578.593045489,0.000000000,0.000000000,0.000000000
1787919048.370240688,109578.659845466,0.000000000,0.000000000,1.000000000
1787919048.403535366,109578.693116954,0.000000000,0.000000000,0.000000000
1787919048.470097303,109578.759679151,0.000000000,0.000000000,1.000000000
1787919048.503522158,109578.793102730,0.000000000,0.000000000,0.000000000
1787919048.570394516,109578.859999506,0.000000000,0.000000000,1.000000000
1787919048.670422077,109578.960052895,0.000000000,0.000000000,1.000000000
1787919048.770049095,109579.059632963,0.000000000,0.000000000,1.000000000
1787919048.870143175,109579.159740297,0.000000000,0.000000000,1.000000000
1787919048.970300913,109579.259896939,0.000000000,0.000000000,1.000000000
1787919049.070228338,109579.359828784,0.000000000,0.000000000,1.000000000
1787919049.170056343,109579.459655594,0.000000000,0.000000000,1.000000000
1787919049.270365000,109579.559966406,0.000000000,0.000000000,1.000000000
1787919049.370226860,109579.659814361,0.000000000,0.000000000,1.000000000
1787919049.470287323,109579.759874540,0.000000000,0.000000000,1.000000000
1787919049.570307732,109579.859906116,0.000000000,0.000000000,1.000000000
1787919049.670236111,109579.959839243,0.000000000,0.000000000,1.000000000
1787919049.770200014,109580.059798733,0.000000000,0.000000000,1.000000000
1787919049.870168686,109580.159768080,0.000000000,0.000000000,1.000000000
1787919049.970244884,109580.259849282,0.000000000,0.000000000,1.000000000
1787919050.070310116,109580.359913751,0.000000000,0.000000000,1.000000000
1787919050.170166254,109580.459763466,0.000000000,0.000000000,1.000000000
1787919050.270386457,109580.559987989,0.000000000,0.000000000,1.000000000
1787919050.370232582,109580.659832344,0.000000000,0.000000000,0.978311995
1787919050.470312595,109580.759922335,0.000000000,0.000000000,0.729935962
1787919050.570126057,109580.859715289,0.000000000,0.000000000,0.000000000
1787919050.703510761,109580.993108983,-0.022211311,0.000000000,-0.048007336
1787919050.803545713,109581.093128051,-0.041074272,0.000000000,-0.088549070
1787919050.903623104,109581.193216040,-0.060219429,0.000000000,-0.130576596
1787919051.003619671,109581.293232493,-0.075236447,0.000000000,-0.169607401
1787919051.103648186,109581.393245040,-0.086942457,0.000000000,-0.207344934
1787919051.203621149,109581.493222769,-0.095003590,0.000000000,-0.242306918
1787919051.303548574,109581.593147202,-0.100129277,0.000000000,-0.274290532
1787919051.403677464,109581.693265202,-0.102977619,0.000000000,-0.302870721
1787919051.503729820,109581.793325564,-0.103955582,0.000000000,-0.328013837
1787919051.603613138,109581.893199223,-0.102986425,0.000000000,-0.370695710
1787919051.703548431,109581.993152061,-0.102986425,0.000000000,-0.370695710
1787919051.803556681,109582.093140746,-0.101236679,0.000000000,-0.389276683
1787919051.903530121,109582.193113530,-0.099103585,0.000000000,-0.406997204
1787919052.003528118,109582.293119056,-0.096651591,0.000000000,-0.423913836
1787919052.103515863,109582.393102813,-0.093542211,0.000000000,-0.439412832
1787919052.203612089,109582.493215247,-0.090346575,0.000000000,-0.453824192
1787919052.303510666,109582.593111524,-0.087155148,0.000000000,-0.466807425
1787919052.403578281,109582.693180676,-0.083322711,0.000000000,-0.477625489
1787919052.503787041,109582.793373512,-0.079647817,0.000000000,-0.487112939
1787919052.603672981,109582.893272318,-0.076005250,0.000000000,-0.494952112
1787919052.703614235,109582.993199404,-0.071498476,0.000000000,-0.500572264
1787919052.803630352,109583.093228565,-0.067310818,0.000000000,-0.505168676
1787919052.904003620,109583.193599626,-0.062363449,0.000000000,-0.507967532
1787919053.003561258,109583.293148800,-0.057624675,0.000000000,-0.509995759
1787919053.103550196,109583.393147550,-0.053396866,0.000000000,-0.511464119
1787919053.203695536,109583.493354081,-0.049176704,0.000000000,-0.512082279
1787919053.303598404,109583.593198076,-0.045873810,0.000000000,-0.512450397
1787919053.403667688,109583.693250192,-0.042634197,0.000000000,-0.512031317
1787919053.503669024,109583.793262104,-0.039556716,0.000000000,-0.510876477
1787919053.603624105,109583.893207811,-0.036865201,0.000000000,-0.509032726
1787919053.703653336,109583.993237634,-0.034051161,0.000000000,-0.505745053
1787919053.803477049,109584.093072710,-0.031568911,0.000000000,-0.501872063
1787919053.903845072,109584.193455221,-0.028891016,0.000000000,-0.496534467
1787919054.003637791,109584.293233027,-0.025391299,0.000000000,-0.487960458
1787919054.103584051,109584.393186278,-0.022136049,0.000000000,-0.478416562
1787919054.203586817,109584.493185561,-0.019225651,0.000000000,-0.467943788
1787919054.303834438,109584.593422248,-0.016782135,0.000000000,-0.456651419
1787919054.403708220,109584.693304889,-0.014005402,0.000000000,-0.443771541
1787919054.503634214,109584.793236012,-0.011859410,0.000000000,-0.428757340
1787919054.603700161,109584.893294979,-0.009939818,0.000000000,-0.412495077
1787919054.703892946,109584.993476657,-0.008605329,0.000000000,-0.395322442
1787919054.803775072,109585.093360921,-0.006683916,0.000000000,-0.375551879
1787919054.903671980,109585.193257322,-0.005156132,0.000000000,-0.355311364
1787919055.003700256,109585.293304166,-0.004432014,0.000000000,-0.336763412
1787919055.103671312,109585.393271707,-0.004242568,0.000000000,-0.320498049
1787919055.203795910,109585.493403306,-0.003802683,0.000000000,-0.304890156
1787919055.303665638,109585.593252404,-0.002784650,0.000000000,-0.287836879
1787919055.403670073,109585.693257664,-0.001209609,0.000000000,-0.269215256
1787919055.503556967,109585.793140229,0.000425742,0.000000000,-0.248293191
1787919055.603726149,109585.893309420,0.001229355,0.000000000,-0.229294240
1787919055.703854561,109585.993454808,0.001303076,0.000000000,-0.212208018
1787919055.803787947,109586.093395110,0.001285365,0.000000000,-0.196739227
1787919055.906085491,109586.195673344,0.000980013,0.000000000,-0.183785617
1787919056.003860474,109586.293467447,0.001232368,0.000000000,-0.170139641
1787919056.103684664,109586.393285304,0.001205957,0.000000000,-0.158545032
1787919056.203789711,109586.493379811,0.001828251,0.000000000,-0.145304531
1787919056.303645849,109586.593228167,0.000000000,0.000000000,0.000000000
1787919056.403637171,109586.693223689,0.000000000,0.000000000,0.000000000
1787919056.503847599,109586.793451371,0.000000000,0.000000000,0.000000000
1787919056.603704929,109586.893290008,0.000000000,0.000000000,0.000000000
1787919056.703752995,109586.993348078,0.000000000,0.000000000,0.000000000
1787919056.803721189,109587.093326633,0.000000000,0.000000000,0.000000000
1787919056.903818846,109587.193426501,0.000000000,0.000000000,0.000000000
1787919057.003891468,109587.293478535,0.000000000,0.000000000,0.000000000
1787919057.103595495,109587.393195689,0.000000000,0.000000000,0.000000000
1787919057.203649282,109587.493237387,0.000000000,0.000000000,0.000000000
1787919057.303519726,109587.593103250,0.000000000,0.000000000,0.000000000
1787919057.405459642,109587.695042966,0.000000000,0.000000000,0.000000000
1787919057.503654718,109587.793255529,0.000000000,0.000000000,0.000000000
