sim_time_s,elapsed_s,scenario_time_s,planned_x_m,planned_y_m,planned_yaw_rad,planned_vx_mps,planned_vy_mps,obstacle_x_m,obstacle_y_m,obstacle_yaw_rad,robot_x_m,robot_y_m,robot_yaw_rad,center_distance_m,robot_obstacle_clearance_m,model_state_samples,service_updates,service_failures
46.000000000,0.000000000,0.000000000,-5.500000000,1.800000000,-0.300000000,0.000000000,0.000000000,-5.500000000,1.800000000,0.000000000,-8.498565370,0.000001019,0.001301896,3.497340505,2.669009157,1,1,0
46.000000000,0.000000000,0.000000000,-5.500000000,1.800000000,-0.300000000,0.000000000,0.000000000,-5.500000000,1.800000000,0.000000000,-8.498565370,0.000001019,0.001301896,3.497340505,2.669009157,1,1,0
46.100000000,0.100000000,0.000000000,-5.500000000,1.800000000,-0.300000000,0.000000000,0.000000000,-5.500000000,1.800000000,0.000000000,-8.498562375,0.000000521,0.001305213,3.497338194,2.669007021,4,1,0
46.100000000,0.100000000,0.000000000,-5.500000000,1.800000000,-0.300000000,0.000000000,0.000000000,-5.500000000,1.800000000,0.000000000,-8.498562375,0.000000521,0.001305213,3.497338194,2.669007021,4,1,0
46.200000000,0.200000000,0.000000000,-5.500000000,1.800000000,-0.300000000,0.000000000,0.000000000,-5.500000000,1.800000000,0.000000000,-8.498559251,0.000000663,0.001308024,3.497335442,2.669004431,7,1,0
46.200000000,0.200000000,0.000000000,-5.500000000,1.800000000,-0.300000000,0.000000000,0.000000000,-5.500000000,1.800000000,0.000000000,-8.498559251,0.000000663,0.001308024,3.497335442,2.669004431,7,1,0
46.300000000,0.300000000,0.000000000,-5.500000000,1.800000000,-0.300000000,0.000000000,0.000000000,-5.500000000,1.800000000,0.000000000,-8.498556166,0.000000940,0.001310681,3.497332654,2.669001798,10,1,0
46.300000000,0.300000000,0.000000000,-5.500000000,1.800000000,-0.300000000,0.000000000,0.000000000,-5.500000000,1.800000000,0.000000000,-8.498556166,0.000000940,0.001310681,3.497332654,2.669001798,10,1,0
46.400000000,0.400000000,0.000000000,-5.500000000,1.800000000,-0.300000000,0.000000000,0.000000000,-5.500000000,1.800000000,0.000000000,-8.498553196,0.000000507,0.001313957,3.497330330,2.668999651,13,1,0
46.400000000,0.400000000,0.000000000,-5.500000000,1.800000000,-0.300000000,0.000000000,0.000000000,-5.500000000,1.800000000,0.000000000,-8.498553196,0.000000507,0.001313957,3.497330330,2.668999651,13,1,0
46.500000000,0.500000000,0.000000000,-5.500000000,1.800000000,-0.300000000,0.000000000,0.000000000,-5.500000000,1.800000000,0.000000000,-8.498550259,0.000000577,0.001316828,3.497327776,2.668997265,16,1,0
46.500000000,0.500000000,0.000000000,-5.500000000,1.800000000,-0.300000000,0.000000000,0.000000000,-5.500000000,1.800000000,0.000000000,-8.498550259,0.000000577,0.001316828,3.497327776,2.668997265,16,1,0
46.600000000,0.600000000,0.000000000,-5.500000000,1.800000000,-0.300000000,0.000000000,0.000000000,-5.500000000,1.800000000,0.000000000,-8.498547311,0.000000948,0.001319408,3.497325058,2.668994705,19,1,0
46.600000000,0.600000000,0.000000000,-5.500000000,1.800000000,-0.300000000,0.000000000,0.000000000,-5.500000000,1.800000000,0.000000000,-8.498547311,0.000000948,0.001319408,3.497325058,2.668994705,19,1,0
46.700000000,0.700000000,0.000000000,-5.500000000,1.800000000,-0.300000000,0.000000000,0.000000000,-5.500000000,1.800000000,0.000000000,-8.498544248,0.000000662,0.001322549,3.497322580,2.668992396,22,1,0
46.700000000,0.700000000,0.000000000,-5.500000000,1.800000000,-0.300000000,0.000000000,0.000000000,-5.500000000,1.800000000,0.000000000,-8.498544248,0.000000662,0.001322549,3.497322580,2.668992396,22,1,0
46.800000000,0.800000000,0.000000000,-5.500000000,1.800000000,-0.300000000,0.000000000,0.000000000,-5.500000000,1.800000000,0.000000000,-8.498541280,0.000000644,0.001325484,3.497320044,2.668990028,25,1,0
46.800000000,0.800000000,0.000000000,-5.500000000,1.800000000,-0.300000000,0.000000000,0.000000000,-5.500000000,1.800000000,0.000000000,-8.498541280,0.000000644,0.001325484,3.497320044,2.668990028,25,1,0
46.900000000,0.900000000,0.000000000,-5.500000000,1.800000000,-0.300000000,0.000000000,0.000000000,-5.500000000,1.800000000,0.000000000,-8.498538264,0.000000772,0.001328286,3.497317392,2.668987539,28,1,0
46.900000000,0.900000000,0.000000000,-5.500000000,1.800000000,-0.300000000,0.000000000,0.000000000,-5.500000000,1.800000000,0.000000000,-8.498538264,0.000000772,0.001328286,3.497317392,2.668987539,28,1,0
47.000000000,1.000000000,0.000000000,-5.500000000,1.800000000,-0.300000000,0.000000000,0.000000000,-5.500000000,1.800000000,-0.300000000,-8.498535215,0.000000793,0.001331170,3.497314767,2.652164045,31,2,0
47.000000000,1.000000000,0.000000000,-5.500000000,1.800000000,-0.300000000,0.000000000,0.000000000,-5.500000000,1.800000000,-0.300000000,-8.498535215,0.000000793,0.001331170,3.497314767,2.652164045,31,2,0
47.100000000,1.100000000,0.000000000,-5.500000000,1.800000000,-0.300000000,0.000000000,0.000000000,-5.500000000,1.800000000,-0.300000000,-8.498532328,0.000000686,0.001334167,3.497312347,2.652161807,34,3,0
47.100000000,1.100000000,0.000000000,-5.500000000,1.800000000,-0.300000000,0.000000000,0.000000000,-5.500000000,1.800000000,-0.300000000,-8.498532328,0.000000686,0.001334167,3.497312347,2.652161807,34,3,0
47.200000000,1.200000000,0.000000000,-5.500000000,1.800000000,-0.300000000,0.000000000,0.000000000,-5.500000000,1.800000000,-0.300000000,-8.498529281,0.000000774,0.001337004,3.497309689,2.652159322,37,4,0
47.200000000,1.200000000,0.000000000,-5.500000000,1.800000000,-0.300000000,0.000000000,0.000000000,-5.500000000,1.800000000,-0.300000000,-8.498529281,0.000000774,0.001337004,3.497309689,2.652159322,37,4,0
47.300000000,1.300000000,0.000000000,-5.500000000,1.800000000,-0.300000000,0.000000000,0.000000000,-5.500000000,1.800000000,-0.300000000,-8.498526331,0.000000711,0.001339963,3.497307192,2.652157005,40,5,0
47.300000000,1.300000000,0.000000000,-5.500000000,1.800000000,-0.300000000,0.000000000,0.000000000,-5.500000000,1.800000000,-0.300000000,-8.498526331,0.000000711,0.001339963,3.497307192,2.652157005,40,5,0
47.400000000,1.400000000,0.000000000,-5.500000000,1.800000000,-0.300000000,0.000000000,0.000000000,-5.500000000,1.800000000,-0.300000000,-8.498523433,0.000000655,0.001342926,3.497304737,2.652154730,43,6,0
47.400000000,1.400000000,0.000000000,-5.500000000,1.800000000,-0.300000000,0.000000000,0.000000000,-5.500000000,1.800000000,-0.300000000,-8.498523433,0.000000655,0.001342926,3.497304737,2.652154730,43,6,0
47.500000000,1.500000000,0.000000000,-5.500000000,1.800000000,-0.300000000,0.000000000,0.000000000,-5.500000000,1.800000000,-0.300000000,-8.498520250,0.000000693,0.001345805,3.497301988,2.652152155,46,7,0
47.500000000,1.500000000,0.000000000,-5.500000000,1.800000000,-0.300000000,0.000000000,0.000000000,-5.500000000,1.800000000,-0.300000000,-8.498520250,0.000000693,0.001345805,3.497301988,2.652152155,46,7,0
47.600000000,1.600000000,0.000000000,-5.500000000,1.800000000,-0.300000000,0.000000000,0.000000000,-5.500000000,1.800000000,-0.300000000,-8.498518292,0.000000729,0.001347714,3.497300291,2.652150574,48,8,0
47.600000000,1.600000000,0.000000000,-5.500000000,1.800000000,-0.300000000,0.000000000,0.000000000,-5.500000000,1.800000000,-0.300000000,-8.498517272,0.000000813,0.001348607,3.497299373,2.652149710,49,8,0
47.700000000,1.700000000,0.000000000,-5.500000000,1.800000000,-0.300000000,0.000000000,0.000000000,-5.500000000,1.800000000,-0.300000000,-8.498515303,0.000000811,0.001350547,3.497297686,2.652148141,51,9,0
47.700000000,1.700000000,0.000000000,-5.500000000,1.800000000,-0.300000000,0.000000000,0.000000000,-5.500000000,1.800000000,-0.300000000,-8.498515303,0.000000811,0.001350547,3.497297686,2.652148141,51,9,0
47.800000000,1.800000000,0.000000000,-5.500000000,1.800000000,-0.300000000,0.000000000,0.000000000,-5.500000000,1.800000000,-0.300000000,-8.498512412,0.000000577,0.001353657,3.497295328,2.652145971,54,10,0
47.800000000,1.800000000,0.000000000,-5.500000000,1.800000000,-0.300000000,0.000000000,0.000000000,-5.500000000,1.800000000,-0.300000000,-8.498512412,0.000000577,0.001353657,3.497295328,2.652145971,54,10,0
47.900000000,1.900000000,0.000000000,-5.500000000,1.800000000,-0.300000000,0.000000000,0.000000000,-5.500000000,1.800000000,-0.300000000,-8.498509429,0.000000806,0.001356381,3.497292651,2.652143462,57,11,0
47.900000000,1.900000000,0.000000000,-5.500000000,1.800000000,-0.300000000,0.000000000,0.000000000,-5.500000000,1.800000000,-0.300000000,-8.498509429,0.000000806,0.001356381,3.497292651,2.652143462,57,11,0
48.000000000,2.000000000,0.000000000,-5.500000000,1.800000000,-0.300000000,0.000000000,0.000000000,-5.500000000,1.800000000,-0.300000000,-8.498506268,0.000000905,0.001359191,3.497289891,2.652140872,60,12,0
48.000000000,2.000000000,0.000000000,-5.500000000,1.800000000,-0.300000000,0.000000000,0.000000000,-5.500000000,1.800000000,-0.300000000,-8.498506268,0.000000905,0.001359191,3.497289891,2.652140872,60,12,0
48.100000000,2.100000000,0.000000000,-5.500000000,1.800000000,-0.300000000,0.000000000,0.000000000,-5.500000000,1.800000000,-0.300000000,-8.498503294,0.000000570,0.001362381,3.497287514,2.652138686,63,13,0
48.100000000,2.100000000,0.000000000,-5.500000000,1.800000000,-0.300000000,0.000000000,0.000000000,-5.500000000,1.800000000,-0.300000000,-8.498503294,0.000000570,0.001362381,3.497287514,2.652138686,63,13,0
48.200000000,2.200000000,0.000000000,-5.500000000,1.800000000,-0.300000000,0.000000000,0.000000000,-5.500000000,1.800000000,-0.300000000,-8.498500268,0.000000787,0.001365124,3.497284807,2.652136147,66,14,0
48.200000000,2.200000000,0.000000000,-5.500000000,1.800000000,-0.300000000,0.000000000,0.000000000,-5.500000000,1.800000000,-0.300000000,-8.498500268,0.000000787,0.001365124,3.497284807,2.652136147,66,14,0
48.300000000,2.300000000,0.000000000,-5.500000000,1.800000000,-0.300000000,0.000000000,0.000000000,-5.500000000,1.800000000,-0.300000000,-8.498497392,0.000000808,0.001368003,3.497282331,2.652133846,69,15,0
48.300000000,2.300000000,0.000000000,-5.500000000,1.800000000,-0.300000000,0.000000000,0.000000000,-5.500000000,1.800000000,-0.300000000,-8.498497392,0.000000808,0.001368003,3.497282331,2.652133846,69,15,0
48.400000000,2.400000000,0.000000000,-5.500000000,1.800000000,-0.300000000,0.000000000,0.000000000,-5.500000000,1.800000000,-0.300000000,-8.498494529,0.000000675,0.001371028,3.497279945,2.652131644,72,16,0
48.400000000,2.400000000,0.000000000,-5.500000000,1.800000000,-0.300000000,0.000000000,0.000000000,-5.500000000,1.800000000,-0.300000000,-8.498494529,0.000000675,0.001371028,3.497279945,2.652131644,72,16,0
48.500000000,2.500000000,0.000000000,-5.500000000,1.800000000,-0.300000000,0.000000000,0.000000000,-5.500000000,1.800000000,-0.300000000,-8.498491495,0.000000872,0.001373771,3.497277242,2.652129110,75,17,0
48.500000000,2.500000000,0.000000000,-5.500000000,1.800000000,-0.300000000,0.000000000,0.000000000,-5.500000000,1.800000000,-0.300000000,-8.498491495,0.000000872,0.001373771,3.497277242,2.652129110,75,17,0
48.600000000,2.600000000,0.000000000,-5.500000000,1.800000000,-0.300000000,0.000000000,0.000000000,-5.500000000,1.800000000,-0.300000000,-8.498488321,0.000000829,0.001376705,3.497274543,2.652126586,78,18,0
48.600000000,2.600000000,0.000000000,-5.500000000,1.800000000,-0.300000000,0.000000000,0.000000000,-5.500000000,1.800000000,-0.300000000,-8.498488321,0.000000829,0.001376705,3.497274543,2.652126586,78,18,0
48.700000000,2.700000000,0.000000000,-5.500000000,1.800000000,-0.300000000,0.000000000,0.000000000,-5.500000000,1.800000000,-0.300000000,-8.498485338,0.000000556,0.001379853,3.497272126,2.652124359,81,19,0
48.700000000,2.700000000,0.000000000,-5.500000000,1.800000000,-0.300000000,0.000000000,0.000000000,-5.500000000,1.800000000,-0.300000000,-8.498485338,0.000000556,0.001379853,3.497272126,2.652124359,81,19,0
48.800000000,2.800000000,0.000000000,-5.500000000,1.800000000,-0.300000000,0.000000000,0.000000000,-5.500000000,1.800000000,-0.300000000,-8.498482267,0.000000626,0.001382721,3.497269456,2.652121864,84,20,0
48.800000000,2.800000000,0.000000000,-5.500000000,1.800000000,-0.300000000,0.000000000,0.000000000,-5.500000000,1.800000000,-0.300000000,-8.498482267,0.000000626,0.001382721,3.497269456,2.652121864,84,20,0
48.900000000,2.900000000,0.000000000,-5.500000000,1.800000000,-0.300000000,0.000000000,0.000000000,-5.500000000,1.800000000,-0.300000000,-8.498479399,0.000001011,0.001385297,3.497266799,2.652119367,87,21,0
48.900000000,2.900000000,0.000000000,-5.500000000,1.800000000,-0.300000000,0.000000000,0.000000000,-5.500000000,1.800000000,-0.300000000,-8.498479399,0.000001011,0.001385297,3.497266799,2.652119367,87,21,0
49.000000000,3.000000000,0.000000000,-5.500000000,1.800000000,-0.300000000,0.000000000,0.000000000,-5.500000000,1.800000000,-0.300000000,-8.498476495,0.000000821,0.001388352,3.497264407,2.652117159,90,22,0
49.000000000,3.000000000,0.000000000,-5.500000000,1.800000000,-0.300000000,0.000000000,0.000000000,-5.500000000,1.800000000,-0.300000000,-8.498476495,0.000000821,0.001388352,3.497264407,2.652117159,90,22,0
49.100000000,3.100000000,0.100000000,-5.500000000,1.800000000,-0.300000000,0.000000000,0.000000000,-5.500000000,1.800000000,-0.300000000,-8.498473501,0.000000820,0.001391265,3.497261841,2.652114770,93,23,0
49.100000000,3.100000000,0.100000000,-5.500000000,1.800000000,-0.300000000,0.000000000,0.000000000,-5.500000000,1.800000000,-0.300000000,-8.498473501,0.000000820,0.001391265,3.497261841,2.652114770,93,23,0
49.200000000,3.200000000,0.200000000,-5.500000000,1.800000000,-0.300000000,0.000000000,0.000000000,-5.500000000,1.800000000,-0.300000000,-8.498470412,0.000000893,0.001394105,3.497259155,2.652112257,96,24,0
49.200000000,3.200000000,0.200000000,-5.500000000,1.800000000,-0.300000000,0.000000000,0.000000000,-5.500000000,1.800000000,-0.300000000,-8.498470412,0.000000893,0.001394105,3.497259155,2.652112257,96,24,0
49.300000000,3.300000000,0.300000000,-5.500000000,1.800000000,-0.300000000,0.000000000,0.000000000,-5.500000000,1.800000000,-0.300000000,-8.498468396,0.000000747,0.001396169,3.497257502,2.652110728,98,25,0
49.300000000,3.300000000,0.300000000,-5.500000000,1.800000000,-0.300000000,0.000000000,0.000000000,-5.500000000,1.800000000,-0.300000000,-8.498467440,0.000000742,0.001397147,3.497256685,2.652109970,99,25,0
49.400000000,3.400000000,0.400000000,-5.500000000,1.800000000,-0.300000000,0.000000000,0.000000000,-5.500000000,1.800000000,-0.300000000,-8.498465451,0.000000855,0.001398993,3.497254921,2.652108319,101,26,0
49.400000000,3.400000000,0.400000000,-5.500000000,1.800000000,-0.300000000,0.000000000,0.000000000,-5.500000000,1.800000000,-0.300000000,-8.498465451,0.000000855,0.001398993,3.497254921,2.652108319,101,26,0
49.500000000,3.500000000,0.500000000,-5.500000000,1.800000000,-0.300000000,0.000000000,0.000000000,-5.500000000,1.800000000,-0.300000000,-8.498462475,0.000000726,0.001402005,3.497252435,2.652106016,104,27,0
49.500000000,3.500000000,0.500000000,-5.500000000,1.800000000,-0.300000000,0.000000000,0.000000000,-5.500000000,1.800000000,-0.300000000,-8.498462475,0.000000726,0.001402005,3.497252435,2.652106016,104,27,0
49.600000000,3.600000000,0.600000000,-5.500000000,1.800000000,-0.300000000,0.000000000,0.000000000,-5.500000000,1.800000000,-0.300000000,-8.498459506,0.000000804,0.001404857,3.497249850,2.652103605,107,28,0
49.600000000,3.600000000,0.600000000,-5.500000000,1.800000000,-0.300000000,0.000000000,0.000000000,-5.500000000,1.800000000,-0.300000000,-8.498459506,0.000000804,0.001404857,3.497249850,2.652103605,107,28,0
49.700000000,3.700000000,0.700000000,-5.500000000,1.800000000,-0.300000000,0.000000000,0.000000000,-5.500000000,1.800000000,-0.300000000,-8.498456536,0.000000920,0.001407664,3.497247245,2.652101171,110,29,0
49.700000000,3.700000000,0.700000000,-5.500000000,1.800000000,-0.300000000,0.000000000,0.000000000,-5.500000000,1.800000000,-0.300000000,-8.498456536,0.000000920,0.001407664,3.497247245,2.652101171,110,29,0
49.800000000,3.800000000,0.800000000,-5.500000000,1.800000000,-0.300000000,0.000000000,0.000000000,-5.500000000,1.800000000,-0.300000000,-8.498453440,0.000000733,0.001410724,3.497244685,2.652098795,113,30,0
49.800000000,3.800000000,0.800000000,-5.500000000,1.800000000,-0.300000000,0.000000000,0.000000000,-5.500000000,1.800000000,-0.300000000,-8.498453440,0.000000733,0.001410724,3.497244685,2.652098795,113,30,0
49.900000000,3.900000000,0.900000000,-5.500000000,1.800000000,-0.300000000,0.000000000,0.000000000,-5.500000000,1.800000000,-0.300000000,-8.498450494,0.000000821,0.001413570,3.497242115,2.652096399,116,31,0
49.900000000,3.900000000,0.900000000,-5.500000000,1.800000000,-0.300000000,0.000000000,0.000000000,-5.500000000,1.800000000,-0.300000000,-8.498450494,0.000000821,0.001413570,3.497242115,2.652096399,116,31,0
50.000000000,4.000000000,1.000000000,-5.500000000,1.800000000,-0.300000000,0.000000000,0.000000000,-5.500000000,1.800000000,-0.300000000,-8.498447394,0.000000827,0.001416471,3.497239453,2.652093913,119,32,0
50.000000000,4.000000000,1.000000000,-5.500000000,1.800000000,-0.300000000,0.000000000,0.000000000,-5.500000000,1.800000000,-0.300000000,-8.498447394,0.000000827,0.001416471,3.497239453,2.652093913,119,32,0
50.100000000,4.100000000,1.100000000,-5.500000000,1.800000000,-0.300000000,0.000000000,0.000000000,-5.500000000,1.800000000,-0.300000000,-8.498444457,0.000000843,0.001419360,3.497236928,2.652091563,122,33,0
50.100000000,4.100000000,1.100000000,-5.500000000,1.800000000,-0.300000000,0.000000000,0.000000000,-5.500000000,1.800000000,-0.300000000,-8.498444457,0.000000843,0.001419360,3.497236928,2.652091563,122,33,0
50.200000000,4.200000000,1.200000000,-5.500000000,1.800000000,-0.300000000,0.000000000,0.000000000,-5.500000000,1.800000000,-0.300000000,-8.498441509,0.000000826,0.001422291,3.497234409,2.652089223,125,34,0
50.200000000,4.200000000,1.200000000,-5.500000000,1.800000000,-0.300000000,0.000000000,0.000000000,-5.500000000,1.800000000,-0.300000000,-8.498441509,0.000000826,0.001422291,3.497234409,2.652089223,125,34,0
50.300000000,4.300000000,1.300000000,-5.500000000,1.800000000,-0.300000000,0.000000000,0.000000000,-5.500000000,1.800000000,-0.300000000,-8.498438494,0.000000994,0.001425048,3.497231738,2.652086719,128,35,0
50.300000000,4.300000000,1.300000000,-5.500000000,1.800000000,-0.300000000,0.000000000,0.000000000,-5.500000000,1.800000000,-0.300000000,-8.498438494,0.000000994,0.001425048,3.497231738,2.652086719,128,35,0
50.400000000,4.400000000,1.400000000,-5.500000000,1.800000000,-0.300000000,0.000000000,0.000000000,-5.500000000,1.800000000,-0.300000000,-8.498435523,0.000000729,0.001428176,3.497229326,2.652084496,131,36,0
50.400000000,4.400000000,1.400000000,-5.500000000,1.800000000,-0.300000000,0.000000000,0.000000000,-5.500000000,1.800000000,-0.300000000,-8.498435523,0.000000729,0.001428176,3.497229326,2.652084496,131,36,0
50.500000000,4.500000000,1.500000000,-5.500000000,1.800000000,-0.300000000,0.000000000,0.000000000,-5.500000000,1.800000000,-0.300000000,-8.498432460,0.000000740,0.001431095,3.497226695,2.652082042,134,37,0
50.500000000,4.500000000,1.500000000,-5.500000000,1.800000000,-0.300000000,0.000000000,0.000000000,-5.500000000,1.800000000,-0.300000000,-8.498432460,0.000000740,0.001431095,3.497226695,2.652082042,134,37,0
50.600000000,4.600000000,1.600000000,-5.500000000,1.800000000,-0.300000000,0.000000000,0.000000000,-5.500000000,1.800000000,-0.300000000,-8.498429519,0.000001045,0.001433738,3.497224016,2.652079526,137,38,0
50.600000000,4.600000000,1.600000000,-5.500000000,1.800000000,-0.300000000,0.000000000,0.000000000,-5.500000000,1.800000000,-0.300000000,-8.498429519,0.000001045,0.001433738,3.497224016,2.652079526,137,38,0
50.700000000,4.700000000,1.700000000,-5.500000000,1.800000000,-0.300000000,0.000000000,0.000000000,-5.500000000,1.800000000,-0.300000000,-8.498426566,0.000000815,0.001436831,3.497221602,2.652077300,140,39,0
50.700000000,4.700000000,1.700000000,-5.500000000,1.800000000,-0.300000000,0.000000000,0.000000000,-5.500000000,1.800000000,-0.300000000,-8.498426566,0.000000815,0.001436831,3.497221602,2.652077300,140,39,0
50.800000000,4.800000000,1.800000000,-5.500000000,1.800000000,-0.300000000,0.000000000,0.000000000,-5.500000000,1.800000000,-0.300000000,-8.498423471,0.000000813,0.001439751,3.497218950,2.652074824,143,40,0
50.800000000,4.800000000,1.800000000,-5.500000000,1.800000000,-0.300000000,0.000000000,0.000000000,-5.500000000,1.800000000,-0.300000000,-8.498423471,0.000000813,0.001439751,3.497218950,2.652074824,143,40,0
50.900000000,4.900000000,1.900000000,-5.500000000,1.800000000,-0.300000000,0.000000000,0.000000000,-5.500000000,1.800000000,-0.300000000,-8.498420521,0.000000995,0.001442504,3.497216327,2.652072369,146,41,0
50.900000000,4.900000000,1.900000000,-5.500000000,1.800000000,-0.300000000,0.000000000,0.000000000,-5.500000000,1.800000000,-0.300000000,-8.498420521,0.000000995,0.001442504,3.497216327,2.652072369,146,41,0
51.000000000,5.000000000,2.000000000,-5.500000000,1.800000000,-0.300000000,0.000000000,0.000000000,-5.500000000,1.800000000,-0.300000000,-8.498418498,0.000000909,0.001444509,3.497214637,2.652070800,148,42,0
51.000000000,5.000000000,2.000000000,-5.500000000,1.800000000,-0.300000000,0.000000000,0.000000000,-5.500000000,1.800000000,-0.300000000,-8.498417559,0.000000839,0.001445533,3.497213868,2.652070093,149,42,0
51.100000000,5.100000000,2.100000000,-5.500000000,1.800000000,-0.300000000,0.000000000,0.000000000,-5.500000000,1.800000000,-0.300000000,-8.498415517,0.000000920,0.001447409,3.497212075,2.652068415,151,43,0
51.100000000,5.100000000,2.100000000,-5.500000000,1.800000000,-0.300000000,0.000000000,0.000000000,-5.500000000,1.800000000,-0.300000000,-8.498415517,0.000000920,0.001447409,3.497212075,2.652068415,151,43,0
51.200000000,5.200000000,2.200000000,-5.500000000,1.800000000,-0.300000000,0.000000000,0.000000000,-5.500000000,1.800000000,-0.300000000,-8.498412411,0.000000755,0.001450462,3.497209497,2.652066021,154,44,0
51.200000000,5.200000000,2.200000000,-5.500000000,1.800000000,-0.300000000,0.000000000,0.000000000,-5.500000000,1.800000000,-0.300000000,-8.498412411,0.000000755,0.001450462,3.497209497,2.652066021,154,44,0
51.300000000,5.300000000,2.300000000,-5.500000000,1.800000000,-0.300000000,0.000000000,0.000000000,-5.500000000,1.800000000,-0.300000000,-8.498409515,0.000000969,0.001453194,3.497206904,2.652063595,157,45,0
51.300000000,5.300000000,2.300000000,-5.500000000,1.800000000,-0.300000000,0.000000000,0.000000000,-5.500000000,1.800000000,-0.300000000,-8.498409515,0.000000969,0.001453194,3.497206904,2.652063595,157,45,0
51.400000000,5.400000000,2.400000000,-5.500000000,1.800000000,-0.300000000,0.000000000,0.000000000,-5.500000000,1.800000000,-0.300000000,-8.498406544,0.000000913,0.001456144,3.497204386,2.652061257,160,46,0
51.400000000,5.400000000,2.400000000,-5.500000000,1.800000000,-0.300000000,0.000000000,0.000000000,-5.500000000,1.800000000,-0.300000000,-8.498406544,0.000000913,0.001456144,3.497204386,2.652061257,160,46,0
51.500000000,5.500000000,2.500000000,-5.500000000,1.800000000,-0.300000000,0.000000000,0.000000000,-5.500000000,1.800000000,-0.300000000,-8.498403626,0.000000762,0.001459186,3.497201961,2.652059017,163,47,0
51.500000000,5.500000000,2.500000000,-5.500000000,1.800000000,-0.300000000,0.000000000,0.000000000,-5.500000000,1.800000000,-0.300000000,-8.498403626,0.000000762,0.001459186,3.497201961,2.652059017,163,47,0
51.600000000,5.600000000,2.600000000,-5.500000000,1.800000000,-0.300000000,0.000000000,0.000000000,-5.500000000,1.800000000,-0.300000000,-8.498400595,0.000000896,0.001461985,3.497199294,2.652056520,166,48,0
51.600000000,5.600000000,2.600000000,-5.500000000,1.800000000,-0.300000000,0.000000000,0.000000000,-5.500000000,1.800000000,-0.300000000,-8.498400595,0.000000896,0.001461985,3.497199294,2.652056520,166,48,0
51.700000000,5.700000000,2.700000000,-5.500000000,1.800000000,-0.300000000,0.000000000,0.000000000,-5.500000000,1.800000000,-0.300000000,-8.498397492,0.000000848,0.001464933,3.497196658,2.652054062,169,49,0
51.700000000,5.700000000,2.700000000,-5.500000000,1.800000000,-0.300000000,0.000000000,0.000000000,-5.500000000,1.800000000,-0.300000000,-8.498397492,0.000000848,0.001464933,3.497196658,2.652054062,169,49,0
51.800000000,5.800000000,2.800000000,-5.500000000,1.800000000,-0.300000000,0.000000000,0.000000000,-5.500000000,1.800000000,-0.300000000,-8.498394593,0.000001001,0.001467710,3.497194094,2.652051669,172,50,0
51.800000000,5.800000000,2.800000000,-5.500000000,1.800000000,-0.300000000,0.000000000,0.000000000,-5.500000000,1.800000000,-0.300000000,-8.498394593,0.000001001,0.001467710,3.497194094,2.652051669,172,50,0
51.900000000,5.900000000,2.900000000,-5.500000000,1.800000000,-0.300000000,0.000000000,0.000000000,-5.500000000,1.800000000,-0.300000000,-8.498391640,0.000000867,0.001470732,3.497191632,2.652049389,175,51,0
51.900000000,5.900000000,2.900000000,-5.500000000,1.800000000,-0.300000000,0.000000000,0.000000000,-5.500000000,1.800000000,-0.300000000,-8.498391640,0.000000867,0.001470732,3.497191632,2.652049389,175,51,0
52.000000000,6.000000000,3.000000000,-5.500000000,1.800000000,-0.300000000,0.000000000,0.000000000,-5.500000000,1.800000000,-0.300000000,-8.498388626,0.000000830,0.001473678,3.497189066,2.652047002,178,52,0
52.000000000,6.000000000,3.000000000,-5.500000000,1.800000000,-0.300000000,0.000000000,0.000000000,-5.500000000,1.800000000,-0.300000000,-8.498388626,0.000000830,0.001473678,3.497189066,2.652047002,178,52,0
52.100000000,6.100000000,3.100000000,-5.500000000,1.800000000,-0.300000000,0.000000000,0.000000000,-5.500000000,1.800000000,-0.300000000,-8.498385597,0.000001011,0.001476424,3.497186376,2.652044480,181,53,0
52.100000000,6.100000000,3.100000000,-5.500000000,1.800000000,-0.300000000,0.000000000,0.000000000,-5.500000000,1.800000000,-0.300000000,-8.498385597,0.000001011,0.001476424,3.497186376,2.652044480,181,53,0
52.200000000,6.200000000,3.200000000,-5.500000000,1.800000000,-0.300000000,0.000000000,0.000000000,-5.500000000,1.800000000,-0.300000000,-8.498382550,0.000000805,0.001479511,3.497183869,2.652042159,184,54,0
52.200000000,6.200000000,3.200000000,-5.500000000,1.800000000,-0.300000000,0.000000000,0.000000000,-5.500000000,1.800000000,-0.300000000,-8.498382550,0.000000805,0.001479511,3.497183869,2.652042159,184,54,0
52.300000000,6.300000000,3.300000000,-5.500000000,1.800000000,-0.300000000,0.000000000,0.000000000,-5.500000000,1.800000000,-0.300000000,-8.498379528,0.000000881,0.001482359,3.497181239,2.652039702,187,55,0
52.300000000,6.300000000,3.300000000,-5.500000000,1.800000000,-0.300000000,0.000000000,0.000000000,-5.500000000,1.800000000,-0.300000000,-8.498379528,0.000000881,0.001482359,3.497181239,2.652039702,187,55,0
52.400000000,6.400000000,3.400000000,-5.500000000,1.800000000,-0.300000000,0.000000000,0.000000000,-5.500000000,1.800000000,-0.300000000,-8.498376557,0.000001114,0.001485065,3.497178573,2.652037202,190,56,0
52.400000000,6.400000000,3.400000000,-5.500000000,1.800000000,-0.300000000,0.000000000,0.000000000,-5.500000000,1.800000000,-0.300000000,-8.498376557,0.000001114,0.001485065,3.497178573,2.652037202,190,56,0
52.500000000,6.500000000,3.500000000,-5.500000000,1.800000000,-0.300000000,0.000000000,0.000000000,-5.500000000,1.800000000,-0.300000000,-8.498373598,0.000000814,0.001488220,3.497176190,2.652035009,193,57,0
52.500000000,6.500000000,3.500000000,-5.500000000,1.800000000,-0.300000000,0.000000000,0.000000000,-5.500000000,1.800000000,-0.300000000,-8.498373598,0.000000814,0.001488220,3.497176190,2.652035009,193,57,0
52.600000000,6.600000000,3.600000000,-5.500000000,1.800000000,-0.300000000,0.000000000,0.000000000,-5.500000000,1.800000000,-0.300000000,-8.498370723,0.000000988,0.001490995,3.497173635,2.652032625,196,58,0
52.600000000,6.600000000,3.600000000,-5.500000000,1.800000000,-0.300000000,0.000000000,0.000000000,-5.500000000,1.800000000,-0.300000000,-8.498370723,0.000000988,0.001490995,3.497173635,2.652032625,196,58,0
52.700000000,6.700000000,3.700000000,-5.500000000,1.800000000,-0.300000000,0.000000000,0.000000000,-5.500000000,1.800000000,-0.300000000,-8.498368664,0.000001042,0.001492880,3.497171842,2.652030946,198,59,0
52.700000000,6.700000000,3.700000000,-5.500000000,1.800000000,-0.300000000,0.000000000,0.000000000,-5.500000000,1.800000000,-0.300000000,-8.498367616,0.000000978,0.001493903,3.497170976,2.652030142,199,59,0
52.800000000,6.800000000,3.800000000,-5.500000000,1.800000000,-0.300000000,0.000000000,0.000000000,-5.500000000,1.800000000,-0.300000000,-8.498365686,0.000000851,0.001495949,3.497169387,2.652028677,201,60,0
52.800000000,6.800000000,3.800000000,-5.500000000,1.800000000,-0.300000000,0.000000000,0.000000000,-5.500000000,1.800000000,-0.300000000,-8.498365686,0.000000851,0.001495949,3.497169387,2.652028677,201,60,0
52.900000000,6.900000000,3.900000000,-5.500000000,1.800000000,-0.300000000,0.000000000,0.000000000,-5.500000000,1.800000000,-0.300000000,-8.498362564,0.000000960,0.001498772,3.497166655,2.652026116,204,61,0
52.900000000,6.900000000,3.900000000,-5.500000000,1.800000000,-0.300000000,0.000000000,0.000000000,-5.500000000,1.800000000,-0.300000000,-8.498362564,0.000000960,0.001498772,3.497166655,2.652026116,204,61,0
53.000000000,7.000000000,4.000000000,-5.500000000,1.800000000,-0.300000000,0.000000000,0.000000000,-5.500000000,1.800000000,-0.300000000,-8.498359652,0.000001009,0.001501638,3.497164132,2.652023768,207,62,0
53.000000000,7.000000000,4.000000000,-5.500000000,1.800000000,-0.300000000,0.000000000,0.000000000,-5.500000000,1.800000000,-0.300000000,-8.498359652,0.000001009,0.001501638,3.497164132,2.652023768,207,62,0
53.100000000,7.100000000,4.100000000,-5.500000000,1.800000000,-0.300000000,0.000000000,0.000000000,-5.500000000,1.800000000,-0.300000000,-8.498356766,0.000000879,0.001504659,3.497161725,2.652021544,210,63,0
53.100000000,7.100000000,4.100000000,-5.500000000,1.800000000,-0.300000000,0.000000000,0.000000000,-5.500000000,1.800000000,-0.300000000,-8.498356766,0.000000879,0.001504659,3.497161725,2.652021544,210,63,0
53.200000000,7.200000000,4.200000000,-5.500000000,1.800000000,-0.300000000,0.000000000,0.000000000,-5.500000000,1.800000000,-0.300000000,-8.498353663,0.000001060,0.001507411,3.497158971,2.652018958,213,64,0
53.200000000,7.200000000,4.200000000,-5.500000000,1.800000000,-0.300000000,0.000000000,0.000000000,-5.500000000,1.800000000,-0.300000000,-8.498353663,0.000001060,0.001507411,3.497158971,2.652018958,213,64,0
53.300000000,7.300000000,4.300000000,-5.500000000,1.800000000,-0.300000000,0.000000000,0.000000000,-5.500000000,1.800000000,-0.300000000,-8.498350627,0.000000934,0.001510417,3.497156433,2.652016602,216,65,0
53.300000000,7.300000000,4.300000000,-5.500000000,1.800000000,-0.300000000,0.000000000,0.000000000,-5.500000000,1.800000000,-0.300000000,-8.498350627,0.000000934,0.001510417,3.497156433,2.652016602,216,65,0
53.400000000,7.400000000,4.400000000,-5.500000000,1.800000000,-0.300000000,0.000000000,0.000000000,-5.500000000,1.800000000,-0.300000000,-8.498347533,0.000000952,0.001513322,3.497153771,2.652014116,219,66,0
53.400000000,7.400000000,4.400000000,-5.500000000,1.800000000,-0.300000000,0.000000000,0.000000000,-5.500000000,1.800000000,-0.300000000,-8.498347533,0.000000952,0.001513322,3.497153771,2.652014116,219,66,0
53.500000000,7.500000000,4.500000000,-5.500000000,1.800000000,-0.300000000,0.000000000,0.000000000,-5.500000000,1.800000000,-0.300000000,-8.498344631,0.000001158,0.001516047,3.497151177,2.652011690,222,67,0
53.500000000,7.500000000,4.500000000,-5.500000000,1.800000000,-0.300000000,0.000000000,0.000000000,-5.500000000,1.800000000,-0.300000000,-8.498344631,0.000001158,0.001516047,3.497151177,2.652011690,222,67,0
53.600000000,7.600000000,4.600000000,-5.500000000,1.800000000,-0.300000000,0.000000000,0.000000000,-5.500000000,1.800000000,-0.300000000,-8.498341807,0.000000828,0.001519235,3.497148926,2.652009631,225,68,0
53.600000000,7.600000000,4.600000000,-5.500000000,1.800000000,-0.300000000,0.000000000,0.000000000,-5.500000000,1.800000000,-0.300000000,-8.498341807,0.000000828,0.001519235,3.497148926,2.652009631,225,68,0
53.700000000,7.700000000,4.700000000,-5.500000000,1.800000000,-0.300000000,0.000000000,0.000000000,-5.500000000,1.800000000,-0.300000000,-8.498338760,0.000001109,0.001521914,3.497146169,2.652007038,228,69,0
53.700000000,7.700000000,4.700000000,-5.500000000,1.800000000,-0.300000000,0.000000000,0.000000000,-5.500000000,1.800000000,-0.300000000,-8.498338760,0.000001109,0.001521914,3.497146169,2.652007038,228,69,0
53.800000000,7.800000000,4.800000000,-5.500000000,1.800000000,-0.300000000,0.000000000,0.000000000,-5.500000000,1.800000000,-0.300000000,-8.498335658,0.000001096,0.001524813,3.497143516,2.652004560,231,70,0
53.800000000,7.800000000,4.800000000,-5.500000000,1.800000000,-0.300000000,0.000000000,0.000000000,-5.500000000,1.800000000,-0.300000000,-8.498335658,0.000001096,0.001524813,3.497143516,2.652004560,231,70,0
53.900000000,7.900000000,4.900000000,-5.500000000,1.800000000,-0.300000000,0.000000000,0.000000000,-5.500000000,1.800000000,-0.300000000,-8.498332616,0.000000752,0.001528026,3.497141085,2.652002323,234,71,0
53.900000000,7.900000000,4.900000000,-5.500000000,1.800000000,-0.300000000,0.000000000,0.000000000,-5.500000000,1.800000000,-0.300000000,-8.498332616,0.000000752,0.001528026,3.497141085,2.652002323,234,71,0
54.000000000,8.000000000,5.000000000,-5.500000000,1.800000000,-0.300000000,0.000000000,0.000000000,-5.500000000,1.800000000,-0.300000000,-8.498329571,0.000000916,0.001530809,3.497138390,2.651999797,237,72,0
54.000000000,8.000000000,5.000000000,-5.500000000,1.800000000,-0.300000000,0.000000000,0.000000000,-5.500000000,1.800000000,-0.300000000,-8.498329571,0.000000916,0.001530809,3.497138390,2.651999797,237,72,0
54.100000000,8.100000000,5.100000000,-5.500000000,1.800000000,-0.300000000,0.000000000,0.000000000,-5.500000000,1.800000000,-0.300000000,-8.498326633,0.000001389,0.001533304,3.497135628,2.651997190,240,73,0
54.100000000,8.100000000,5.100000000,-5.500000000,1.800000000,-0.300000000,0.000000000,0.000000000,-5.500000000,1.800000000,-0.300000000,-8.498326633,0.000001389,0.001533304,3.497135628,2.651997190,240,73,0
54.200000000,8.200000000,5.200000000,-5.500000000,1.800000000,-0.300000000,0.000000000,0.000000000,-5.500000000,1.800000000,-0.300000000,-8.498323690,0.000000987,0.001536532,3.497133311,2.651995067,243,74,0
54.200000000,8.200000000,5.200000000,-5.500000000,1.800000000,-0.300000000,0.000000000,0.000000000,-5.500000000,1.800000000,-0.300000000,-8.498323690,0.000000987,0.001536532,3.497133311,2.651995067,243,74,0
54.300000000,8.300000000,5.300000000,-5.500000000,1.800000000,-0.300000000,0.000000000,0.000000000,-5.500000000,1.800000000,-0.300000000,-8.498320814,0.000000875,0.001539556,3.497130903,2.651992844,246,75,0
54.300000000,8.300000000,5.300000000,-5.500000000,1.800000000,-0.300000000,0.000000000,0.000000000,-5.500000000,1.800000000,-0.300000000,-8.498320814,0.000000875,0.001539556,3.497130903,2.651992844,246,75,0
54.400000000,8.400000000,5.400000000,-5.500000000,1.800000000,-0.300000000,0.000000000,0.000000000,-5.500000000,1.800000000,-0.300000000,-8.498318769,0.000001041,0.001541356,3.497129064,2.651991115,248,76,0
54.400000000,8.400000000,5.400000000,-5.500000000,1.800000000,-0.300000000,0.000000000,0.000000000,-5.500000000,1.800000000,-0.300000000,-8.498317708,0.000001064,0.001542308,3.497128143,2.651990251,249,76,0
54.500000000,8.500000000,5.500000000,-5.500000000,1.800000000,-0.300000000,0.000000000,0.000000000,-5.500000000,1.800000000,-0.300000000,-8.498315708,0.000000964,0.001544330,3.497126480,2.651988710,251,77,0
54.500000000,8.500000000,5.500000000,-5.500000000,1.800000000,-0.300000000,0.000000000,0.000000000,-5.500000000,1.800000000,-0.300000000,-8.498315708,0.000000964,0.001544330,3.497126480,2.651988710,251,77,0
54.600000000,8.600000000,5.600000000,-5.500000000,1.800000000,-0.300000000,0.000000000,0.000000000,-5.500000000,1.800000000,-0.300000000,-8.498312757,0.000001049,0.001547167,3.497123906,2.651986310,254,78,0
54.600000000,8.600000000,5.600000000,-5.500000000,1.800000000,-0.300000000,0.000000000,0.000000000,-5.500000000,1.800000000,-0.300000000,-8.498312757,0.000001049,0.001547167,3.497123906,2.651986310,254,78,0
54.700000000,8.700000000,5.700000000,-5.500000000,1.800000000,-0.300000000,0.000000000,0.000000000,-5.500000000,1.800000000,-0.300000000,-8.498309794,0.000000893,0.001550205,3.497121446,2.651984034,257,79,0
54.700000000,8.700000000,5.700000000,-5.500000000,1.800000000,-0.300000000,0.000000000,0.000000000,-5.500000000,1.800000000,-0.300000000,-8.498309794,0.000000893,0.001550205,3.497121446,2.651984034,257,79,0
54.800000000,8.800000000,5.800000000,-5.500000000,1.800000000,-0.300000000,0.000000000,0.000000000,-5.500000000,1.800000000,-0.300000000,-8.498306826,0.000001142,0.001552909,3.497118773,2.651981526,260,80,0
54.800000000,8.800000000,5.800000000,-5.500000000,1.800000000,-0.300000000,0.000000000,0.000000000,-5.500000000,1.800000000,-0.300000000,-8.498306826,0.000001142,0.001552909,3.497118773,2.651981526,260,80,0
54.900000000,8.900000000,5.900000000,-5.500000000,1.800000000,-0.300000000,0.000000000,0.000000000,-5.500000000,1.800000000,-0.300000000,-8.498303776,0.000001149,0.001555799,3.497116154,2.651979083,263,81,0
54.900000000,8.900000000,5.900000000,-5.500000000,1.800000000,-0.300000000,0.000000000,0.000000000,-5.500000000,1.800000000,-0.300000000,-8.498303776,0.000001149,0.001555799,3.497116154,2.651979083,263,81,0
55.000000000,9.000000000,6.000000000,-5.500000000,1.800000000,-0.300000000,0.000000000,0.000000000,-5.500000000,1.800000000,-0.300000000,-8.498300641,0.000000958,0.001558871,3.497113565,2.651976679,266,82,0
55.000000000,9.000000000,6.000000000,-5.500000000,1.800000000,-0.300000000,0.000000000,0.000000000,-5.500000000,1.800000000,-0.300000000,-8.498300641,0.000000958,0.001558871,3.497113565,2.651976679,266,82,0
55.100000000,9.100000000,6.100000000,-5.500000000,1.800000000,-0.300000000,0.000000000,0.000000000,-5.500000000,1.800000000,-0.300000000,-8.498297689,0.000001281,0.001561507,3.497110868,2.651974144,269,83,0
55.100000000,9.100000000,6.100000000,-5.500000000,1.800000000,-0.300000000,0.000000000,0.000000000,-5.500000000,1.800000000,-0.300000000,-8.498297689,0.000001281,0.001561507,3.497110868,2.651974144,269,83,0
55.200000000,9.200000000,6.200000000,-5.500000000,1.800000000,-0.300000000,0.000000000,0.000000000,-5.500000000,1.800000000,-0.300000000,-8.498294697,0.000001047,0.001564603,3.497108423,2.651971886,272,84,0
55.200000000,9.200000000,6.200000000,-5.500000000,1.800000000,-0.300000000,0.000000000,0.000000000,-5.500000000,1.800000000,-0.300000000,-8.498294697,0.000001047,0.001564603,3.497108423,2.651971886,272,84,0
55.300000000,9.300000000,6.300000000,-5.500000000,1.800000000,-0.300000000,0.000000000,0.000000000,-5.500000000,1.800000000,-0.300000000,-8.498291872,0.000001052,0.001567521,3.497105998,2.651969640,275,85,0
55.300000000,9.300000000,6.300000000,-5.500000000,1.800000000,-0.300000000,0.000000000,0.000000000,-5.500000000,1.800000000,-0.300000000,-8.498291872,0.000001052,0.001567521,3.497105998,2.651969640,275,85,0
55.400000000,9.400000000,6.400000000,-5.500000000,1.800000000,-0.300000000,0.000000000,0.000000000,-5.500000000,1.800000000,-0.300000000,-8.498288885,0.000001098,0.001570385,3.497103413,2.651967229,278,86,0
55.400000000,9.400000000,6.400000000,-5.500000000,1.800000000,-0.300000000,0.000000000,0.000000000,-5.500000000,1.800000000,-0.300000000,-8.498288885,0.000001098,0.001570385,3.497103413,2.651967229,278,86,0
55.500000000,9.500000000,6.500000000,-5.500000000,1.800000000,-0.300000000,0.000000000,0.000000000,-5.500000000,1.800000000,-0.300000000,-8.498285724,0.000000986,0.001573391,3.497100761,2.651964758,281,87,0
55.500000000,9.500000000,6.500000000,-5.500000000,1.800000000,-0.300000000,0.000000000,0.000000000,-5.500000000,1.800000000,-0.300000000,-8.498285724,0.000000986,0.001573391,3.497100761,2.651964758,281,87,0
55.600000000,9.600000000,6.600000000,-5.500000000,1.800000000,-0.300000000,0.000000000,0.000000000,-5.500000000,1.800000000,-0.300000000,-8.498282752,0.000001180,0.001576135,3.497098113,2.651962278,284,88,0
55.600000000,9.600000000,6.600000000,-5.500000000,1.800000000,-0.300000000,0.000000000,0.000000000,-5.500000000,1.800000000,-0.300000000,-8.498282752,0.000001180,0.001576135,3.497098113,2.651962278,284,88,0
55.700000000,9.700000000,6.700000000,-5.500000000,1.800000000,-0.300000000,0.000000000,0.000000000,-5.500000000,1.800000000,-0.300000000,-8.498279669,0.000001005,0.001579189,3.497095560,2.651959909,287,89,0
55.700000000,9.700000000,6.700000000,-5.500000000,1.800000000,-0.300000000,0.000000000,0.000000000,-5.500000000,1.800000000,-0.300000000,-8.498279669,0.000001005,0.001579189,3.497095560,2.651959909,287,89,0
55.800000000,9.800000000,6.800000000,-5.500000000,1.800000000,-0.300000000,0.000000000,0.000000000,-5.500000000,1.800000000,-0.300000000,-8.498276819,0.000000847,0.001582247,3.497093198,2.651957733,290,90,0
55.800000000,9.800000000,6.800000000,-5.500000000,1.800000000,-0.300000000,0.000000000,0.000000000,-5.500000000,1.800000000,-0.300000000,-8.498276819,0.000000847,0.001582247,3.497093198,2.651957733,290,90,0
55.900000000,9.900000000,6.900000000,-5.500000000,1.800000000,-0.300000000,0.000000000,0.000000000,-5.500000000,1.800000000,-0.300000000,-8.498273961,0.000001294,0.001584776,3.497090517,2.651955210,293,91,0
55.900000000,9.900000000,6.900000000,-5.500000000,1.800000000,-0.300000000,0.000000000,0.000000000,-5.500000000,1.800000000,-0.300000000,-8.498273961,0.000001294,0.001584776,3.497090517,2.651955210,293,91,0
56.000000000,10.000000000,7.000000000,-5.500000000,1.800000000,-0.300000000,0.000000000,0.000000000,-5.500000000,1.800000000,-0.300000000,-8.498270840,0.000001064,0.001587864,3.497087960,2.651952838,296,92,0
56.000000000,10.000000000,7.000000000,-5.500000000,1.800000000,-0.300000000,0.000000000,0.000000000,-5.500000000,1.800000000,-0.300000000,-8.498270840,0.000001064,0.001587864,3.497087960,2.651952838,296,92,0
56.100000000,10.100000000,7.100000000,-5.500000000,1.800000000,-0.300000000,0.000000000,0.000000000,-5.500000000,1.800000000,-0.300000000,-8.498268860,0.000000936,0.001589916,3.497086328,2.651951331,298,93,0
56.100000000,10.100000000,7.100000000,-5.500000000,1.800000000,-0.300000000,0.000000000,0.000000000,-5.500000000,1.800000000,-0.300000000,-8.498267787,0.000000980,0.001590851,3.497085386,2.651950445,299,93,0
56.200000000,10.200000000,7.200000000,-5.500000000,1.800000000,-0.300000000,0.000000000,0.000000000,-5.500000000,1.800000000,-0.300000000,-8.498265839,0.000001115,0.001592685,3.497083647,2.651948818,301,94,0
56.200000000,10.200000000,7.200000000,-5.500000000,1.800000000,-0.300000000,0.000000000,0.000000000,-5.500000000,1.800000000,-0.300000000,-8.498265839,0.000001115,0.001592685,3.497083647,2.651948818,301,94,0
56.300000000,10.300000000,7.300000000,-5.500000000,1.800000000,-0.300000000,0.000000000,0.000000000,-5.500000000,1.800000000,-0.300000000,-8.498262873,0.000001075,0.001595620,3.497081124,2.651946474,304,95,0
56.300000000,10.300000000,7.300000000,-5.500000000,1.800000000,-0.300000000,0.000000000,0.000000000,-5.500000000,1.800000000,-0.300000000,-8.498262873,0.000001075,0.001595620,3.497081124,2.651946474,304,95,0
56.400000000,10.400000000,7.400000000,-5.500000000,1.800000000,-0.300000000,0.000000000,0.000000000,-5.500000000,1.800000000,-0.300000000,-8.498259882,0.000001015,0.001598583,3.497078591,2.651944121,307,96,0
56.400000000,10.400000000,7.400000000,-5.500000000,1.800000000,-0.300000000,0.000000000,0.000000000,-5.500000000,1.800000000,-0.300000000,-8.498259882,0.000001015,0.001598583,3.497078591,2.651944121,307,96,0
56.500000000,10.500000000,7.500000000,-5.500000000,1.800000000,-0.300000000,0.000000000,0.000000000,-5.500000000,1.800000000,-0.300000000,-8.498256916,0.000001090,0.001601431,3.497076008,2.651941712,310,97,0
56.500000000,10.500000000,7.500000000,-5.500000000,1.800000000,-0.300000000,0.000000000,0.000000000,-5.500000000,1.800000000,-0.300000000,-8.498256916,0.000001090,0.001601431,3.497076008,2.651941712,310,97,0
56.600000000,10.600000000,7.600000000,-5.500000000,1.800000000,-0.300000000,0.000000000,0.000000000,-5.500000000,1.800000000,-0.300000000,-8.498253857,0.000001114,0.001604322,3.497073373,2.651939253,313,98,0
56.600000000,10.600000000,7.600000000,-5.500000000,1.800000000,-0.300000000,0.000000000,0.000000000,-5.500000000,1.800000000,-0.300000000,-8.498253857,0.000001114,0.001604322,3.497073373,2.651939253,313,98,0
56.700000000,10.700000000,7.700000000,-5.500000000,1.800000000,-0.300000000,0.000000000,0.000000000,-5.500000000,1.800000000,-0.300000000,-8.498250772,0.000001252,0.001607106,3.497070658,2.651936706,316,99,0
56.700000000,10.700000000,7.700000000,-5.500000000,1.800000000,-0.300000000,0.000000000,0.000000000,-5.500000000,1.800000000,-0.300000000,-8.498250772,0.000001252,0.001607106,3.497070658,2.651936706,316,99,0
56.800000000,10.800000000,7.800000000,-5.500000000,1.800000000,-0.300000000,0.000000000,0.000000000,-5.500000000,1.800000000,-0.300000000,-8.498247702,0.000000966,0.001610258,3.497068172,2.651934410,319,100,0
56.800000000,10.800000000,7.800000000,-5.500000000,1.800000000,-0.300000000,0.000000000,0.000000000,-5.500000000,1.800000000,-0.300000000,-8.498247702,0.000000966,0.001610258,3.497068172,2.651934410,319,100,0
56.900000000,10.900000000,7.900000000,-5.500000000,1.800000000,-0.300000000,0.000000000,0.000000000,-5.500000000,1.800000000,-0.300000000,-8.498244861,0.000001043,0.001613118,3.497065698,2.651932111,322,101,0
56.900000000,10.900000000,7.900000000,-5.500000000,1.800000000,-0.300000000,0.000000000,0.000000000,-5.500000000,1.800000000,-0.300000000,-8.498244861,0.000001043,0.001613118,3.497065698,2.651932111,322,101,0
57.000000000,11.000000000,8.000000000,-5.500000000,1.800000000,-0.300000000,0.000000000,0.000000000,-5.500000000,1.800000000,-0.300000000,-8.498241982,0.000001283,0.001615815,3.497063106,2.651929686,325,102,0
57.000000000,11.000000000,8.000000000,-5.500000000,1.800000000,-0.300000000,0.000000000,0.000000000,-5.500000000,1.800000000,-0.300000000,-8.498241982,0.000001283,0.001615815,3.497063106,2.651929686,325,102,0
57.100000000,11.100000000,8.100000000,-5.500000000,1.800000000,-0.300000000,0.000000000,0.000000000,-5.500000000,1.800000000,-0.300000000,-8.498238844,0.000000932,0.001619017,3.497060596,2.651927368,328,103,0
57.100000000,11.100000000,8.100000000,-5.500000000,1.800000000,-0.300000000,0.000000000,0.000000000,-5.500000000,1.800000000,-0.300000000,-8.498238844,0.000000932,0.001619017,3.497060596,2.651927368,328,103,0
57.200000000,11.200000000,8.200000000,-5.500000000,1.800000000,-0.300000000,0.000000000,0.000000000,-5.500000000,1.800000000,-0.300000000,-8.498235755,0.000000981,0.001621897,3.497057923,2.651924869,331,104,0
57.200000000,11.200000000,8.200000000,-5.500000000,1.800000000,-0.300000000,0.000000000,0.000000000,-5.500000000,1.800000000,-0.300000000,-8.498235755,0.000000981,0.001621897,3.497057923,2.651924869,331,104,0
57.300000000,11.300000000,8.300000000,-5.500000000,1.800000000,-0.300000000,0.000000000,0.000000000,-5.500000000,1.800000000,-0.300000000,-8.498232923,0.000001397,0.001624453,3.497055280,2.651922386,334,105,0
57.300000000,11.300000000,8.300000000,-5.500000000,1.800000000,-0.300000000,0.000000000,0.000000000,-5.500000000,1.800000000,-0.300000000,-8.498232923,0.000001397,0.001624453,3.497055280,2.651922386,334,105,0
57.400000000,11.400000000,8.400000000,-5.500000000,1.800000000,-0.300000000,0.000000000,0.000000000,-5.500000000,1.800000000,-0.300000000,-8.498229926,0.000001153,0.001627548,3.497052836,2.651920128,337,106,0
57.400000000,11.400000000,8.400000000,-5.500000000,1.800000000,-0.300000000,0.000000000,0.000000000,-5.500000000,1.800000000,-0.300000000,-8.498229926,0.000001153,0.001627548,3.497052836,2.651920128,337,106,0
57.500000000,11.500000000,8.500000000,-5.500000000,1.800000000,-0.300000000,0.000000000,0.000000000,-5.500000000,1.800000000,-0.300000000,-8.498226915,0.000000957,0.001630637,3.497050356,2.651917835,340,107,0
57.500000000,11.500000000,8.500000000,-5.500000000,1.800000000,-0.300000000,0.000000000,0.000000000,-5.500000000,1.800000000,-0.300000000,-8.498226915,0.000000957,0.001630637,3.497050356,2.651917835,340,107,0
57.600000000,11.600000000,8.600000000,-5.500000000,1.800000000,-0.300000000,0.000000000,0.000000000,-5.500000000,1.800000000,-0.300000000,-8.498223843,0.000001291,0.001633270,3.497047549,2.651915190,343,108,0
57.600000000,11.600000000,8.600000000,-5.500000000,1.800000000,-0.300000000,0.000000000,0.000000000,-5.500000000,1.800000000,-0.300000000,-8.498223843,0.000001291,0.001633270,3.497047549,2.651915190,343,108,0
57.700000000,11.700000000,8.700000000,-5.500000000,1.800000000,-0.300000000,0.000000000,0.000000000,-5.500000000,1.800000000,-0.300000000,-8.498220975,0.000001123,0.001636312,3.497045178,2.651913003,346,109,0
57.700000000,11.700000000,8.700000000,-5.500000000,1.800000000,-0.300000000,0.000000000,0.000000000,-5.500000000,1.800000000,-0.300000000,-8.498220975,0.000001123,0.001636312,3.497045178,2.651913003,346,109,0
57.800000000,11.800000000,8.800000000,-5.500000000,1.800000000,-0.300000000,0.000000000,0.000000000,-5.500000000,1.800000000,-0.300000000,-8.498217925,0.000001016,0.001639326,3.497042617,2.651910625,349,110,0
57.800000000,11.800000000,8.800000000,-5.500000000,1.800000000,-0.300000000,0.000000000,0.000000000,-5.500000000,1.800000000,-0.300000000,-8.498217925,0.000001016,0.001639326,3.497042617,2.651910625,349,110,0
57.900000000,11.900000000,8.900000000,-5.500000000,1.800000000,-0.300000000,0.000000000,0.000000000,-5.500000000,1.800000000,-0.300000000,-8.498215884,0.000001246,0.001641070,3.497040749,2.651908864,351,111,0
57.900000000,11.900000000,8.900000000,-5.500000000,1.800000000,-0.300000000,0.000000000,0.000000000,-5.500000000,1.800000000,-0.300000000,-8.498215884,0.000001246,0.001641070,3.497040749,2.651908864,351,111,0
58.000000000,12.000000000,9.000000000,-5.500000000,1.800000000,-0.300000000,0.000000000,0.000000000,-5.500000000,1.800000000,-0.300000000,-8.498212856,0.000001196,0.001644011,3.497038179,2.651906472,354,112,0
58.000000000,12.000000000,9.000000000,-5.500000000,1.800000000,-0.300000000,0.000000000,0.000000000,-5.500000000,1.800000000,-0.300000000,-8.498212856,0.000001196,0.001644011,3.497038179,2.651906472,354,112,0
58.100000000,12.100000000,9.100000000,-5.500000000,1.800000000,-0.300000000,0.000000000,0.000000000,-5.500000000,1.800000000,-0.300000000,-8.498209933,0.000001101,0.001647005,3.497035722,2.651904197,357,113,0
58.100000000,12.100000000,9.100000000,-5.500000000,1.800000000,-0.300000000,0.000000000,0.000000000,-5.500000000,1.800000000,-0.300000000,-8.498209933,0.000001101,0.001647005,3.497035722,2.651904197,357,113,0
58.200000000,12.200000000,9.200000000,-5.500000000,1.800000000,-0.300000000,0.000000000,0.000000000,-5.500000000,1.800000000,-0.300000000,-8.498206898,0.000001164,0.001649862,3.497033087,2.651901736,360,114,0
58.200000000,12.200000000,9.200000000,-5.500000000,1.800000000,-0.300000000,0.000000000,0.000000000,-5.500000000,1.800000000,-0.300000000,-8.498206898,0.000001164,0.001649862,3.497033087,2.651901736,360,114,0
58.300000000,12.300000000,9.300000000,-5.500000000,1.800000000,-0.300000000,0.000000000,0.000000000,-5.500000000,1.800000000,-0.300000000,-8.498203987,0.000001207,0.001652734,3.497030570,2.651899394,363,115,0
58.300000000,12.300000000,9.300000000,-5.500000000,1.800000000,-0.300000000,0.000000000,0.000000000,-5.500000000,1.800000000,-0.300000000,-8.498203987,0.000001207,0.001652734,3.497030570,2.651899394,363,115,0
58.400000000,12.400000000,9.400000000,-5.500000000,1.800000000,-0.300000000,0.000000000,0.000000000,-5.500000000,1.800000000,-0.300000000,-8.498200908,0.000001080,0.001655755,3.497027995,2.651897002,366,116,0
58.400000000,12.400000000,9.400000000,-5.500000000,1.800000000,-0.300000000,0.000000000,0.000000000,-5.500000000,1.800000000,-0.300000000,-8.498200908,0.000001080,0.001655755,3.497027995,2.651897002,366,116,0
58.500000000,12.500000000,9.500000000,-5.500000000,1.800000000,-0.300000000,0.000000000,0.000000000,-5.500000000,1.800000000,-0.300000000,-8.498197946,0.000001240,0.001658523,3.497025373,2.651894549,369,117,0
58.500000000,12.500000000,9.500000000,-5.500000000,1.800000000,-0.300000000,0.000000000,0.000000000,-5.500000000,1.800000000,-0.300000000,-8.498197946,0.000001240,0.001658523,3.497025373,2.651894549,369,117,0
58.600000000,12.600000000,9.600000000,-5.500000000,1.800000000,-0.300000000,0.000000000,0.000000000,-5.500000000,1.800000000,-0.300000000,-8.498194865,0.000001187,0.001661476,3.497022759,2.651892114,372,118,0
58.600000000,12.600000000,9.600000000,-5.500000000,1.800000000,-0.300000000,0.000000000,0.000000000,-5.500000000,1.800000000,-0.300000000,-8.498194865,0.000001187,0.001661476,3.497022759,2.651892114,372,118,0
58.700000000,12.700000000,9.700000000,-5.500000000,1.800000000,-0.300000000,0.000000000,0.000000000,-5.500000000,1.800000000,-0.300000000,-8.496187924,0.000004527,0.001826688,3.495300528,2.650166300,375,119,0
58.700000000,12.700000000,9.700000000,-5.500000000,1.800000000,-0.300000000,0.000000000,0.000000000,-5.500000000,1.800000000,-0.300000000,-8.496187924,0.000004527,0.001826688,3.495300528,2.650166300,375,119,0
58.800000000,12.800000000,9.800000000,-5.500000000,1.800000000,-0.300000000,0.000000000,0.000000000,-5.500000000,1.800000000,-0.300000000,-8.488620229,0.000020579,0.002582498,3.488807359,2.643669063,378,120,0
58.800000000,12.800000000,9.800000000,-5.500000000,1.800000000,-0.300000000,0.000000000,0.000000000,-5.500000000,1.800000000,-0.300000000,-8.488620229,0.000020579,0.002582498,3.488807359,2.643669063,378,120,0
58.900000000,12.900000000,9.900000000,-5.500000000,1.800000000,-0.300000000,0.000000000,0.000000000,-5.500000000,1.800000000,-0.300000000,-8.477341108,0.000055328,0.003957322,3.479132204,2.634005729,381,121,0
58.900000000,12.900000000,9.900000000,-5.500000000,1.800000000,-0.300000000,0.000000000,0.000000000,-5.500000000,1.800000000,-0.300000000,-8.477341108,0.000055328,0.003957322,3.479132204,2.634005729,381,121,0
59.000000000,13.000000000,10.000000000,-5.500000000,1.800000000,-0.300000000,0.000000000,0.000000000,-5.500000000,1.800000000,-0.300000000,-8.463264780,0.000119238,0.005324527,3.467060558,2.621926847,384,122,0
59.000000000,13.000000000,10.000000000,-5.500000000,1.800000000,-0.300000000,0.000000000,0.000000000,-5.500000000,1.800000000,-0.300000000,-8.463264780,0.000119238,0.005324527,3.467060558,2.621926847,384,122,0
59.100000000,13.100000000,10.100000000,-5.491875000,1.797500000,-0.300000000,0.081250000,-0.025000000,-5.500000000,1.800000000,-0.300000000,-8.445454754,0.000215288,0.005185099,3.451800794,2.606536468,387,123,0
59.100000000,13.100000000,10.100000000,-5.491875000,1.797500000,-0.300000000,0.081250000,-0.025000000,-5.500000000,1.800000000,-0.300000000,-8.445454754,0.000215288,0.005185099,3.451800794,2.606536468,387,123,0
59.200000000,13.200000000,10.200000000,-5.483750000,1.795000000,-0.300000000,0.081250000,-0.025000000,-5.484481250,1.795225000,-0.300000000,-8.426357789,0.000303776,0.003794043,3.446212381,2.600886586,390,124,0
59.200000000,13.200000000,10.200000000,-5.483750000,1.795000000,-0.300000000,0.081250000,-0.025000000,-5.484481250,1.795225000,-0.300000000,-8.426357789,0.000303776,0.003794043,3.446212381,2.600886586,390,124,0
59.300000000,13.300000000,10.300000000,-5.475625000,1.792500000,-0.300000000,0.081250000,-0.025000000,-5.476112500,1.792650000,-0.300000000,-8.406372226,0.000362574,0.001745255,3.434925949,2.589419934,393,125,0
59.300000000,13.300000000,10.300000000,-5.475625000,1.792500000,-0.300000000,0.081250000,-0.025000000,-5.476112500,1.792650000,-0.300000000,-8.406372226,0.000362574,0.001745255,3.434925949,2.589419934,393,125,0
59.400000000,13.400000000,10.400000000,-5.467500000,1.790000000,-0.300000000,0.081250000,-0.025000000,-5.467906250,1.790125000,-0.300000000,-8.385327555,0.000379465,-0.000556223,3.422650457,2.576945677,396,126,0
59.400000000,13.400000000,10.400000000,-5.467500000,1.790000000,-0.300000000,0.081250000,-0.025000000,-5.467906250,1.790125000,-0.300000000,-8.385327555,0.000379465,-0.000556223,3.422650457,2.576945677,396,126,0
59.500000000,13.500000000,10.500000000,-5.459375000,1.787500000,-0.300000000,0.081250000,-0.025000000,-5.462381250,1.788425000,-0.300000000,-8.371005274,0.000362662,-0.002203629,3.414273075,2.568431523,398,127,0
59.500000000,13.500000000,10.500000000,-5.459375000,1.787500000,-0.300000000,0.081250000,-0.025000000,-5.459618750,1.787575000,-0.300000000,-8.363835780,0.000345352,-0.003050627,3.410083044,2.564172977,399,127,0
59.600000000,13.600000000,10.600000000,-5.451250000,1.785000000,-0.300000000,0.081250000,-0.025000000,-5.454012500,1.785850000,-0.300000000,-8.349381197,0.000291957,-0.004809653,3.401672738,2.555624622,401,128,0
59.600000000,13.600000000,10.600000000,-5.451250000,1.785000000,-0.300000000,0.081250000,-0.025000000,-5.454012500,1.785850000,-0.300000000,-8.349381197,0.000291957,-0.004809653,3.401672738,2.555624622,401,128,0
59.700000000,13.700000000,10.700000000,-5.443125000,1.782500000,-0.300000000,0.081250000,-0.025000000,-5.445806250,1.783325000,-0.300000000,-8.327361132,0.000159244,-0.007811213,3.388663255,2.542391733,404,129,0
59.700000000,13.700000000,10.700000000,-5.443125000,1.782500000,-0.300000000,0.081250000,-0.025000000,-5.445806250,1.783325000,-0.300000000,-8.327361132,0.000159244,-0.007811213,3.388663255,2.542391733,404,129,0
59.800000000,13.800000000,10.800000000,-5.435000000,1.780000000,-0.300000000,0.081250000,-0.025000000,-5.437437500,1.780750000,-0.300000000,-8.305162907,-0.000045892,-0.011393466,3.375660383,2.529145581,407,130,0
59.800000000,13.800000000,10.800000000,-5.435000000,1.780000000,-0.300000000,0.081250000,-0.025000000,-5.437437500,1.780750000,-0.300000000,-8.305162907,-0.000045892,-0.011393466,3.375660383,2.529145581,407,130,0
59.900000000,13.900000000,10.900000000,-5.426875000,1.777500000,-0.300000000,0.081250000,-0.025000000,-5.429231250,1.778225000,-0.300000000,-8.283085617,-0.000337832,-0.016052525,3.362702855,2.515903751,410,131,0
59.900000000,13.900000000,10.900000000,-5.426875000,1.777500000,-0.300000000,0.081250000,-0.025000000,-5.429231250,1.778225000,-0.300000000,-8.283085617,-0.000337832,-0.016052525,3.362702855,2.515903751,410,131,0
60.000000000,14.000000000,11.000000000,-5.418750000,1.775000000,-0.300000000,0.081250000,-0.025000000,-5.420943750,1.775675000,-0.300000000,-8.260828173,-0.000747692,-0.021965384,3.349719559,2.502597976,413,132,0
60.000000000,14.000000000,11.000000000,-5.418750000,1.775000000,-0.300000000,0.081250000,-0.025000000,-5.420943750,1.775675000,-0.300000000,-8.260828173,-0.000747692,-0.021965384,3.349719559,2.502597976,413,132,0
60.100000000,14.100000000,11.100000000,-5.410625000,1.772500000,-0.300000000,0.081250000,-0.025000000,-5.412575000,1.773100000,-0.300000000,-8.238496523,-0.001303593,-0.029302804,3.336815932,2.489342020,416,133,0
60.100000000,14.100000000,11.100000000,-5.410625000,1.772500000,-0.300000000,0.081250000,-0.025000000,-5.412575000,1.773100000,-0.300000000,-8.238496523,-0.001303593,-0.029302804,3.336815932,2.489342020,416,133,0
60.200000000,14.200000000,11.200000000,-5.402500000,1.770000000,-0.300000000,0.081250000,-0.025000000,-5.404287500,1.770550000,-0.300000000,-8.215921713,-0.002045011,-0.038071983,3.323759922,2.475923810,419,134,0
60.200000000,14.200000000,11.200000000,-5.402500000,1.770000000,-0.300000000,0.081250000,-0.025000000,-5.404287500,1.770550000,-0.300000000,-8.215921713,-0.002045011,-0.038071983,3.323759922,2.475923810,419,134,0
60.300000000,14.300000000,11.300000000,-5.394375000,1.767500000,-0.300000000,0.081250000,-0.025000000,-5.396081250,1.768025000,-0.300000000,-8.193703258,-0.002978947,-0.047942861,3.311063860,2.462891489,422,135,0
60.300000000,14.300000000,11.300000000,-5.394375000,1.767500000,-0.300000000,0.081250000,-0.025000000,-5.396081250,1.768025000,-0.300000000,-8.193703258,-0.002978947,-0.047942861,3.311063860,2.462891489,422,135,0
60.400000000,14.400000000,11.400000000,-5.386250000,1.765000000,-0.300000000,0.081250000,-0.025000000,-5.387793750,1.765475000,-0.300000000,-8.171638239,-0.004137727,-0.059070132,3.298684486,2.450218694,425,136,0
60.400000000,14.400000000,11.400000000,-5.386250000,1.765000000,-0.300000000,0.081250000,-0.025000000,-5.387793750,1.765475000,-0.300000000,-8.171638239,-0.004137727,-0.059070132,3.298684486,2.450218694,425,136,0
60.500000000,14.500000000,11.500000000,-5.378125000,1.762500000,-0.300000000,0.081250000,-0.025000000,-5.379425000,1.762900000,-0.300000000,-8.149479257,-0.005557947,-0.071381503,3.286433340,2.437745267,428,137,0
60.500000000,14.500000000,11.500000000,-5.378125000,1.762500000,-0.300000000,0.081250000,-0.025000000,-5.379425000,1.762900000,-0.300000000,-8.149479257,-0.005557947,-0.071381503,3.286433340,2.437745267,428,137,0
60.600000000,14.600000000,11.600000000,-5.370000000,1.760000000,-0.300000000,0.081250000,-0.025000000,-5.371218750,1.760375000,-0.300000000,-8.127463147,-0.007254740,-0.085252503,3.274354604,2.425541242,431,138,0
60.600000000,14.600000000,11.600000000,-5.370000000,1.760000000,-0.300000000,0.081250000,-0.025000000,-5.371218750,1.760375000,-0.300000000,-8.127463147,-0.007254740,-0.085252503,3.274354604,2.425541242,431,138,0
60.700000000,14.700000000,11.700000000,-5.361875000,1.757500000,-0.300000000,0.081250000,-0.025000000,-5.362931250,1.757825000,-0.300000000,-8.105509164,-0.009268739,-0.100686504,3.262568604,2.413767160,434,139,0
60.700000000,14.700000000,11.700000000,-5.361875000,1.757500000,-0.300000000,0.081250000,-0.025000000,-5.362931250,1.757825000,-0.300000000,-8.105509164,-0.009268739,-0.100686504,3.262568604,2.413767160,434,139,0
60.800000000,14.800000000,11.800000000,-5.353750000,1.755000000,-0.300000000,0.081250000,-0.025000000,-5.354481250,1.755225000,-0.300000000,-8.083522312,-0.011640496,-0.117429604,3.251073484,2.402463844,437,140,0
60.800000000,14.800000000,11.800000000,-5.353750000,1.755000000,-0.300000000,0.081250000,-0.025000000,-5.354481250,1.755225000,-0.300000000,-8.083522312,-0.011640496,-0.117429604,3.251073484,2.402463844,437,140,0
60.900000000,14.900000000,11.900000000,-5.345625000,1.752500000,-0.300000000,0.081250000,-0.025000000,-5.346356250,1.752725000,-0.300000000,-8.061387666,-0.014418746,-0.135977994,3.239474125,2.391297968,440,141,0
60.900000000,14.900000000,11.900000000,-5.345625000,1.752500000,-0.300000000,0.081250000,-0.025000000,-5.346356250,1.752725000,-0.300000000,-8.061387666,-0.014418746,-0.135977994,3.239474125,2.391297968,440,141,0
61.000000000,15.000000000,12.000000000,-5.337500000,1.750000000,-0.300000000,0.081250000,-0.025000000,-5.338068750,1.750175000,-0.300000000,-8.039115941,-0.017649297,-0.156012228,3.228135479,2.380682794,443,142,0
61.000000000,15.000000000,12.000000000,-5.337500000,1.750000000,-0.300000000,0.081250000,-0.025000000,-5.338068750,1.750175000,-0.300000000,-8.039115941,-0.017649297,-0.156012228,3.228135479,2.380682794,443,142,0
61.100000000,15.100000000,12.100000000,-5.329375000,1.747500000,-0.300000000,0.081250000,-0.025000000,-5.329781250,1.747625000,-0.300000000,-8.016638392,-0.021385139,-0.177513715,3.216923713,2.370547030,446,143,0
61.100000000,15.100000000,12.100000000,-5.329375000,1.747500000,-0.300000000,0.081250000,-0.025000000,-5.329781250,1.747625000,-0.300000000,-8.016638392,-0.021385139,-0.177513715,3.216923713,2.370547030,446,143,0
61.200000000,15.200000000,12.200000000,-5.321250000,1.745000000,-0.300000000,0.081250000,-0.025000000,-5.324337500,1.745950000,-0.300000000,-8.001596175,-0.024167531,-0.192451099,3.209521784,2.364079495,448,144,0
61.200000000,15.200000000,12.200000000,-5.321250000,1.745000000,-0.300000000,0.081250000,-0.025000000,-5.321575000,1.745100000,-0.300000000,-7.994054530,-0.025650524,-0.200101737,3.205885877,2.360979981,449,144,0
61.300000000,15.300000000,12.300000000,-5.313125000,1.742500000,-0.300000000,0.081250000,-0.025000000,-5.315887500,1.743350000,-0.300000000,-7.978850667,-0.028823305,-0.215766254,3.198745231,2.355059344,451,145,0
61.300000000,15.300000000,12.300000000,-5.313125000,1.742500000,-0.300000000,0.081250000,-0.025000000,-5.315887500,1.743350000,-0.300000000,-7.978850667,-0.028823305,-0.215766254,3.198745231,2.355059344,451,145,0
61.400000000,15.400000000,12.400000000,-5.305000000,1.740000000,-0.300000000,0.081250000,-0.025000000,-5.307600000,1.740800000,-0.300000000,-7.955912081,-0.034088230,-0.240085756,3.188069181,2.346621277,454,146,0
61.400000000,15.400000000,12.400000000,-5.305000000,1.740000000,-0.300000000,0.081250000,-0.025000000,-5.307600000,1.740800000,-0.300000000,-7.955912081,-0.034088230,-0.240085756,3.188069181,2.346621277,454,146,0
61.500000000,15.500000000,12.500000000,-5.296875000,1.737500000,-0.300000000,0.081250000,-0.025000000,-5.299393750,1.738275000,-0.300000000,-7.933037946,-0.039936660,-0.265280279,3.177753681,2.339055080,457,147,0
61.500000000,15.500000000,12.500000000,-5.296875000,1.737500000,-0.300000000,0.081250000,-0.025000000,-5.299393750,1.738275000,-0.300000000,-7.933037946,-0.039936660,-0.265280279,3.177753681,2.339055080,457,147,0
61.600000000,15.600000000,12.600000000,-5.288750000,1.735000000,-0.300000000,0.081250000,-0.025000000,-5.291106250,1.735725000,-0.300000000,-7.910260976,-0.046385806,-0.291498703,3.167947348,2.332562806,460,148,0
61.600000000,15.600000000,12.600000000,-5.288750000,1.735000000,-0.300000000,0.081250000,-0.025000000,-5.291106250,1.735725000,-0.300000000,-7.910260976,-0.046385806,-0.291498703,3.167947348,2.332562806,460,148,0
61.700000000,15.700000000,12.700000000,-5.280625000,1.732500000,-0.300000000,0.081250000,-0.025000000,-5.282737500,1.733150000,-0.300000000,-7.887617995,-0.053453870,-0.318692180,3.158695266,2.327232388,463,149,0
61.700000000,15.700000000,12.700000000,-5.280625000,1.732500000,-0.300000000,0.081250000,-0.025000000,-5.282737500,1.733150000,-0.300000000,-7.887617995,-0.053453870,-0.318692180,3.158695266,2.327232388,463,149,0
61.800000000,15.800000000,12.800000000,-5.272500000,1.730000000,-0.300000000,0.081250000,-0.025000000,-5.274531250,1.730625000,-0.300000000,-7.867065347,-0.060472272,-0.345306781,3.151073227,2.323863969,466,150,0
61.800000000,15.800000000,12.800000000,-5.272500000,1.730000000,-0.300000000,0.081250000,-0.025000000,-5.274531250,1.730625000,-0.300000000,-7.867065347,-0.060472272,-0.345306781,3.151073227,2.323863969,466,150,0
61.900000000,15.900000000,12.900000000,-5.264375000,1.727500000,-0.300000000,0.081250000,-0.025000000,-5.266243750,1.728075000,-0.300000000,-7.850383197,-0.066589818,-0.360461951,3.146203822,2.321739740,469,151,0
61.900000000,15.900000000,12.900000000,-5.264375000,1.727500000,-0.300000000,0.081250000,-0.025000000,-5.266243750,1.728075000,-0.300000000,-7.850383197,-0.066589818,-0.360461951,3.146203822,2.321739740,469,151,0
62.000000000,16.000000000,13.000000000,-5.256250000,1.725000000,-0.300000000,0.081250000,-0.025000000,-5.257956250,1.725525000,-0.300000000,-7.833661339,-0.073043342,-0.380627590,3.141513136,2.320766441,472,152,0
62.000000000,16.000000000,13.000000000,-5.256250000,1.725000000,-0.300000000,0.081250000,-0.025000000,-5.257956250,1.725525000,-0.300000000,-7.833661339,-0.073043342,-0.380627590,3.141513136,2.320766441,472,152,0
62.100000000,16.100000000,13.100000000,-5.248125000,1.722500000,-0.300000000,0.081250000,-0.025000000,-5.249587500,1.722950000,-0.300000000,-7.817154440,-0.079819919,-0.402935039,3.137256664,2.320852120,475,153,0
62.100000000,16.100000000,13.100000000,-5.248125000,1.722500000,-0.300000000,0.081250000,-0.025000000,-5.249587500,1.722950000,-0.300000000,-7.817154440,-0.079819919,-0.402935039,3.137256664,2.320852120,475,153,0
62.200000000,16.200000000,13.200000000,-5.240000000,1.720000000,-0.300000000,0.081250000,-0.025000000,-5.241381250,1.720425000,-0.300000000,-7.800776495,-0.086982977,-0.426031416,3.133245540,2.321659272,478,154,0
62.200000000,16.200000000,13.200000000,-5.240000000,1.720000000,-0.300000000,0.081250000,-0.025000000,-5.241381250,1.720425000,-0.300000000,-7.800776495,-0.086982977,-0.426031416,3.133245540,2.321659272,478,154,0
62.300000000,16.300000000,13.300000000,-5.231875000,1.717500000,-0.300000000,0.081250000,-0.025000000,-5.233012500,1.717850000,-0.300000000,-7.784430159,-0.094589861,-0.449419510,3.129643801,2.323267797,481,155,0
62.300000000,16.300000000,13.300000000,-5.231875000,1.717500000,-0.300000000,0.081250000,-0.025000000,-5.233012500,1.717850000,-0.300000000,-7.784430159,-0.094589861,-0.449419510,3.129643801,2.323267797,481,155,0
62.400000000,16.400000000,13.400000000,-5.223750000,1.715000000,-0.300000000,0.081250000,-0.025000000,-5.224725000,1.715300000,-0.300000000,-7.768057683,-0.102681544,-0.472930070,3.126275424,2.325501336,484,156,0
62.400000000,16.400000000,13.400000000,-5.223750000,1.715000000,-0.300000000,0.081250000,-0.025000000,-5.224725000,1.715300000,-0.300000000,-7.768057683,-0.102681544,-0.472930070,3.126275424,2.325501336,484,156,0
62.500000000,16.500000000,13.500000000,-5.215625000,1.712500000,-0.300000000,0.081250000,-0.025000000,-5.216518750,1.712775000,-0.300000000,-7.751547198,-0.111331839,-0.496405678,3.123097019,2.328300385,487,157,0
62.500000000,16.500000000,13.500000000,-5.215625000,1.712500000,-0.300000000,0.081250000,-0.025000000,-5.216518750,1.712775000,-0.300000000,-7.751547198,-0.111331839,-0.496405678,3.123097019,2.328300385,487,157,0
62.600000000,16.600000000,13.600000000,-5.207500000,1.710000000,-0.300000000,0.081250000,-0.025000000,-5.208231250,1.710225000,-0.300000000,-7.734440590,-0.120818866,-0.519761023,3.120008857,2.331585585,490,158,0
62.600000000,16.600000000,13.600000000,-5.207500000,1.710000000,-0.300000000,0.081250000,-0.025000000,-5.208231250,1.710225000,-0.300000000,-7.734440590,-0.120818866,-0.519761023,3.120008857,2.331585585,490,158,0
62.700000000,16.700000000,13.700000000,-5.199375000,1.707500000,-0.300000000,0.081250000,-0.025000000,-5.199943750,1.707675000,-0.300000000,-7.712695709,-0.133566429,-0.545091842,3.115139227,2.334502561,493,159,0
62.700000000,16.700000000,13.700000000,-5.199375000,1.707500000,-0.300000000,0.081250000,-0.025000000,-5.199943750,1.707675000,-0.300000000,-7.712695709,-0.133566429,-0.545091842,3.115139227,2.334502561,493,159,0
62.800000000,16.800000000,13.800000000,-5.191250000,1.705000000,-0.300000000,0.081250000,-0.025000000,-5.191575000,1.705100000,-0.300000000,-7.690287602,-0.147527667,-0.573722457,3.110593825,2.339160139,496,160,0
62.800000000,16.800000000,13.800000000,-5.191250000,1.705000000,-0.300000000,0.081250000,-0.025000000,-5.191575000,1.705100000,-0.300000000,-7.690287602,-0.147527667,-0.573722457,3.110593825,2.339160139,496,160,0
62.900000000,16.900000000,13.900000000,-5.183125000,1.702500000,-0.300000000,0.081250000,-0.025000000,-5.183368750,1.702575000,-0.300000000,-7.668131719,-0.162230540,-0.602197882,3.106693856,2.344997405,499,161,0
62.900000000,16.900000000,13.900000000,-5.183125000,1.702500000,-0.300000000,0.081250000,-0.025000000,-5.183368750,1.702575000,-0.300000000,-7.668131719,-0.162230540,-0.602197882,3.106693856,2.344997405,499,161,0
63.000000000,17.000000000,14.000000000,-5.175000000,1.700000000,-0.300000000,0.081250000,-0.025000000,-5.178006250,1.700925000,-0.300000000,-7.653597402,-0.172375993,-0.620686890,3.104481947,2.349439951,501,162,0
63.000000000,17.000000000,14.000000000,-5.175000000,1.700000000,-0.300000000,0.081250000,-0.025000000,-5.178006250,1.700925000,-0.300000000,-7.653597402,-0.172375993,-0.620686890,3.104481947,2.349439951,501,162,0
63.100000000,17.100000000,14.100000000,-5.166875000,1.697500000,-0.300000000,0.081250000,-0.025000000,-5.169556250,1.698325000,-0.300000000,-7.632150626,-0.188082546,-0.647121652,3.102080671,2.356997187,504,163,0
63.100000000,17.100000000,14.100000000,-5.166875000,1.697500000,-0.300000000,0.081250000,-0.025000000,-5.169556250,1.698325000,-0.300000000,-7.632150626,-0.188082546,-0.647121652,3.102080671,2.356997187,504,163,0
63.200000000,17.200000000,14.200000000,-5.158750000,1.695000000,-0.300000000,0.081250000,-0.025000000,-5.161187500,1.695750000,-0.300000000,-7.611118485,-0.204333630,-0.671948445,3.100399915,2.365230256,507,164,0
63.200000000,17.200000000,14.200000000,-5.158750000,1.695000000,-0.300000000,0.081250000,-0.025000000,-5.161187500,1.695750000,-0.300000000,-7.611118485,-0.204333630,-0.671948445,3.100399915,2.365230256,507,164,0
63.300000000,17.300000000,14.300000000,-5.150625000,1.692500000,-0.300000000,0.081250000,-0.025000000,-5.152981250,1.693225000,-0.300000000,-7.590488196,-0.221086363,-0.695082629,3.099359306,2.373973542,510,165,0
63.300000000,17.300000000,14.300000000,-5.150625000,1.692500000,-0.300000000,0.081250000,-0.025000000,-5.152981250,1.693225000,-0.300000000,-7.590488196,-0.221086363,-0.695082629,3.099359306,2.373973542,510,165,0
63.400000000,17.400000000,14.400000000,-5.142500000,1.690000000,-0.300000000,0.081250000,-0.025000000,-5.144693750,1.690675000,-0.300000000,-7.570239717,-0.238291401,-0.716250049,3.099061893,2.383144032,513,166,0
63.400000000,17.400000000,14.400000000,-5.142500000,1.690000000,-0.300000000,0.081250000,-0.025000000,-5.144693750,1.690675000,-0.300000000,-7.570239717,-0.238291401,-0.716250049,3.099061893,2.383144032,513,166,0
63.500000000,17.500000000,14.500000000,-5.134375000,1.687500000,-0.300000000,0.081250000,-0.025000000,-5.136406250,1.688125000,-0.300000000,-7.550351237,-0.255904040,-0.735482066,3.099415963,2.392602835,516,167,0
63.500000000,17.500000000,14.500000000,-5.134375000,1.687500000,-0.300000000,0.081250000,-0.025000000,-5.136406250,1.688125000,-0.300000000,-7.550351237,-0.255904040,-0.735482066,3.099415963,2.392602835,516,167,0
63.600000000,17.600000000,14.600000000,-5.126250000,1.685000000,-0.300000000,0.081250000,-0.025000000,-5.128037500,1.685550000,-0.300000000,-7.530783793,-0.273861150,-0.751104816,3.100400265,2.401171361,519,168,0
63.600000000,17.600000000,14.600000000,-5.126250000,1.685000000,-0.300000000,0.081250000,-0.025000000,-5.128037500,1.685550000,-0.300000000,-7.530783793,-0.273861150,-0.751104816,3.100400265,2.401171361,519,168,0
63.700000000,17.700000000,14.700000000,-5.118125000,1.682500000,-0.300000000,0.081250000,-0.025000000,-5.119831250,1.683025000,-0.300000000,-7.511472830,-0.292079728,-0.762199362,3.101771773,2.407795291,522,169,0
63.700000000,17.700000000,14.700000000,-5.118125000,1.682500000,-0.300000000,0.081250000,-0.025000000,-5.119831250,1.683025000,-0.300000000,-7.511472830,-0.292079728,-0.762199362,3.101771773,2.407795291,522,169,0
63.800000000,17.800000000,14.800000000,-5.110000000,1.680000000,-0.300000000,0.081250000,-0.025000000,-5.111625000,1.680500000,-0.300000000,-7.492333730,-0.310463482,-0.768506929,3.103499580,2.413003803,525,170,0
63.800000000,17.800000000,14.800000000,-5.110000000,1.680000000,-0.300000000,0.081250000,-0.025000000,-5.111625000,1.680500000,-0.300000000,-7.492333730,-0.310463482,-0.768506929,3.103499580,2.413003803,525,170,0
63.900000000,17.900000000,14.900000000,-5.101875000,1.677500000,-0.300000000,0.081250000,-0.025000000,-5.103175000,1.677900000,-0.300000000,-7.473290277,-0.328937048,-0.772024770,3.105614491,2.417658688,528,171,0
63.900000000,17.900000000,14.900000000,-5.101875000,1.677500000,-0.300000000,0.081250000,-0.025000000,-5.103175000,1.677900000,-0.300000000,-7.473290277,-0.328937048,-0.772024770,3.105614491,2.417658688,528,171,0
64.000000000,18.000000000,15.000000000,-5.093750000,1.675000000,-0.300000000,0.081250000,-0.025000000,-5.095050000,1.675400000,-0.300000000,-7.454298667,-0.347456861,-0.773587300,3.107732961,2.421785209,531,172,0
64.000000000,18.000000000,15.000000000,-5.093750000,1.675000000,-0.300000000,0.081250000,-0.025000000,-5.095050000,1.675400000,-0.300000000,-7.454298667,-0.347456861,-0.773587300,3.107732961,2.421785209,531,172,0
64.100000000,18.100000000,15.100000000,-5.085625000,1.672500000,-0.300000000,0.081250000,-0.025000000,-5.086600000,1.672800000,-0.300000000,-7.435325133,-0.365988956,-0.773230946,3.110172046,2.425785373,534,173,0
64.100000000,18.100000000,15.100000000,-5.085625000,1.672500000,-0.300000000,0.081250000,-0.025000000,-5.086600000,1.672800000,-0.300000000,-7.435325133,-0.365988956,-0.773230946,3.110172046,2.425785373,534,173,0
64.200000000,18.200000000,15.200000000,-5.077500000,1.670000000,-0.300000000,0.081250000,-0.025000000,-5.078393750,1.670275000,-0.300000000,-7.416331487,-0.384493729,-0.770881507,3.112559620,2.429426450,537,174,0
64.200000000,18.200000000,15.200000000,-5.077500000,1.670000000,-0.300000000,0.081250000,-0.025000000,-5.078393750,1.670275000,-0.300000000,-7.416331487,-0.384493729,-0.770881507,3.112559620,2.429426450,537,174,0
64.300000000,18.300000000,15.300000000,-5.069375000,1.667500000,-0.300000000,0.081250000,-0.025000000,-5.070106250,1.667725000,-0.300000000,-7.397283602,-0.402938030,-0.767038298,3.115028059,2.432943837,540,175,0
64.300000000,18.300000000,15.300000000,-5.069375000,1.667500000,-0.300000000,0.081250000,-0.025000000,-5.070106250,1.667725000,-0.300000000,-7.397283602,-0.402938030,-0.767038298,3.115028059,2.432943837,540,175,0
64.400000000,18.400000000,15.400000000,-5.061250000,1.665000000,-0.300000000,0.081250000,-0.025000000,-5.061737500,1.665150000,-0.300000000,-7.378158842,-0.421299346,-0.762222806,3.117543698,2.436394698,543,176,0
64.400000000,18.400000000,15.400000000,-5.061250000,1.665000000,-0.300000000,0.081250000,-0.025000000,-5.061737500,1.665150000,-0.300000000,-7.378158842,-0.421299346,-0.762222806,3.117543698,2.436394698,543,176,0
64.500000000,18.500000000,15.500000000,-5.053125000,1.662500000,-0.300000000,0.081250000,-0.025000000,-5.053450000,1.662600000,-0.300000000,-7.358939780,-0.439558701,-0.756404455,3.119992681,2.439690273,546,177,0
64.500000000,18.500000000,15.500000000,-5.053125000,1.662500000,-0.300000000,0.081250000,-0.025000000,-5.053450000,1.662600000,-0.300000000,-7.358939780,-0.439558701,-0.756404455,3.119992681,2.439690273,546,177,0
64.600000000,18.600000000,15.600000000,-5.045000000,1.660000000,-0.300000000,0.081250000,-0.025000000,-5.045243750,1.660075000,-0.300000000,-7.339608048,-0.457695534,-0.749532838,3.122348406,2.442808032,549,178,0
64.600000000,18.600000000,15.600000000,-5.045000000,1.660000000,-0.300000000,0.081250000,-0.025000000,-5.045243750,1.660075000,-0.300000000,-7.339608048,-0.457695534,-0.749532838,3.122348406,2.442808032,549,178,0
64.700000000,18.700000000,15.700000000,-5.036875000,1.657500000,-0.300000000,0.081250000,-0.025000000,-5.039881250,1.658425000,-0.300000000,-7.326649080,-0.469708520,-0.744389031,3.123821280,2.444749293,551,179,0
64.700000000,18.700000000,15.700000000,-5.036875000,1.657500000,-0.300000000,0.081250000,-0.025000000,-5.039881250,1.658425000,-0.300000000,-7.326649080,-0.469708520,-0.744389031,3.123821280,2.444749293,551,179,0
64.800000000,18.800000000,15.800000000,-5.028750000,1.655000000,-0.300000000,0.081250000,-0.025000000,-5.031512500,1.655850000,-0.300000000,-7.307091416,-0.487595885,-0.735982644,3.126118946,2.447665889,554,180,0
64.800000000,18.800000000,15.800000000,-5.028750000,1.655000000,-0.300000000,0.081250000,-0.025000000,-5.031512500,1.655850000,-0.300000000,-7.307091416,-0.487595885,-0.735982644,3.126118946,2.447665889,554,180,0
64.900000000,18.900000000,15.900000000,-5.020625000,1.652500000,-0.300000000,0.081250000,-0.025000000,-5.023143750,1.653275000,-0.300000000,-7.287379380,-0.505310102,-0.726701023,3.128298680,2.450376264,557,181,0
64.900000000,18.900000000,15.900000000,-5.020625000,1.652500000,-0.300000000,0.081250000,-0.025000000,-5.023143750,1.653275000,-0.300000000,-7.287379380,-0.505310102,-0.726701023,3.128298680,2.450376264,557,181,0
65.000000000,19.000000000,16.000000000,-5.012500000,1.650000000,-0.300000000,0.081250000,-0.025000000,-5.014775000,1.650700000,-0.300000000,-7.267498600,-0.522831483,-0.716527578,3.130335880,2.452835734,560,182,0
65.000000000,19.000000000,16.000000000,-5.012500000,1.650000000,-0.300000000,0.081250000,-0.025000000,-5.014775000,1.650700000,-0.300000000,-7.267498600,-0.522831483,-0.716527578,3.130335880,2.452835734,560,182,0
65.100000000,19.100000000,16.100000000,-5.004375000,1.647500000,-0.300000000,0.081250000,-0.025000000,-5.006568750,1.648175000,-0.300000000,-7.247434593,-0.540138907,-0.705205212,3.132123478,2.454892511,563,183,0
65.100000000,19.100000000,16.100000000,-5.004375000,1.647500000,-0.300000000,0.081250000,-0.025000000,-5.006568750,1.648175000,-0.300000000,-7.247434593,-0.540138907,-0.705205212,3.132123478,2.454892511,563,183,0
65.200000000,19.200000000,16.200000000,-4.996250000,1.645000000,-0.300000000,0.081250000,-0.025000000,-4.998200000,1.645600000,-0.300000000,-7.227167655,-0.557203107,-0.692440646,3.133789772,2.456561185,566,184,0
65.200000000,19.200000000,16.200000000,-4.996250000,1.645000000,-0.300000000,0.081250000,-0.025000000,-4.998200000,1.645600000,-0.300000000,-7.227167655,-0.557203107,-0.692440646,3.133789772,2.456561185,566,184,0
65.300000000,19.300000000,16.300000000,-4.988125000,1.642500000,-0.300000000,0.081250000,-0.025000000,-4.989912500,1.643050000,-0.300000000,-7.206677488,-0.573992159,-0.678048340,3.135175106,2.457600355,569,185,0
65.300000000,19.300000000,16.300000000,-4.988125000,1.642500000,-0.300000000,0.081250000,-0.025000000,-4.989912500,1.643050000,-0.300000000,-7.206677488,-0.573992159,-0.678048340,3.135175106,2.457600355,569,185,0
65.400000000,19.400000000,16.400000000,-4.980000000,1.640000000,-0.300000000,0.081250000,-0.025000000,-4.981625000,1.640500000,-0.300000000,-7.185936734,-0.590461969,-0.661490635,3.136268727,2.457784782,572,186,0
65.400000000,19.400000000,16.400000000,-4.980000000,1.640000000,-0.300000000,0.081250000,-0.025000000,-4.981625000,1.640500000,-0.300000000,-7.185936734,-0.590461969,-0.661490635,3.136268727,2.457784782,572,186,0
65.500000000,19.500000000,16.500000000,-4.971875000,1.637500000,-0.300000000,0.081250000,-0.025000000,-4.973337500,1.637950000,-0.300000000,-7.164916905,-0.606566259,-0.642962053,3.137016660,2.456928792,575,187,0
65.500000000,19.500000000,16.500000000,-4.971875000,1.637500000,-0.300000000,0.081250000,-0.025000000,-4.973337500,1.637950000,-0.300000000,-7.164916905,-0.606566259,-0.642962053,3.137016660,2.456928792,575,187,0
65.600000000,19.600000000,16.600000000,-4.963750000,1.635000000,-0.300000000,0.081250000,-0.025000000,-4.965131250,1.635425000,-0.300000000,-7.143592088,-0.622256073,-0.622424422,3.137326162,2.454748287,578,188,0
65.600000000,19.600000000,16.600000000,-4.963750000,1.635000000,-0.300000000,0.081250000,-0.025000000,-4.965131250,1.635425000,-0.300000000,-7.143592088,-0.622256073,-0.622424422,3.137326162,2.454748287,578,188,0
65.700000000,19.700000000,16.700000000,-4.955625000,1.632500000,-0.300000000,0.081250000,-0.025000000,-4.956762500,1.632850000,-0.300000000,-7.121943112,-0.637488632,-0.600250154,3.137267057,2.451164002,581,189,0
65.700000000,19.700000000,16.700000000,-4.955625000,1.632500000,-0.300000000,0.081250000,-0.025000000,-4.956762500,1.632850000,-0.300000000,-7.121943112,-0.637488632,-0.600250154,3.137267057,2.451164002,581,189,0
65.800000000,19.800000000,16.800000000,-4.947500000,1.630000000,-0.300000000,0.081250000,-0.025000000,-4.948475000,1.630300000,-0.300000000,-7.099953760,-0.652216598,-0.576053412,3.136677043,2.445820634,584,190,0
65.800000000,19.800000000,16.800000000,-4.947500000,1.630000000,-0.300000000,0.081250000,-0.025000000,-4.948475000,1.630300000,-0.300000000,-7.099953760,-0.652216598,-0.576053412,3.136677043,2.445820634,584,190,0
65.900000000,19.900000000,16.900000000,-4.939375000,1.627500000,-0.300000000,0.081250000,-0.025000000,-4.940350000,1.627800000,-0.300000000,-7.077608748,-0.666389352,-0.550268802,3.135471214,2.439360942,587,191,0
65.900000000,19.900000000,16.900000000,-4.939375000,1.627500000,-0.300000000,0.081250000,-0.025000000,-4.940350000,1.627800000,-0.300000000,-7.077608748,-0.666389352,-0.550268802,3.135471214,2.439360942,587,191,0
66.000000000,20.000000000,17.000000000,-4.931250000,1.625000000,-0.300000000,0.081250000,-0.025000000,-4.931981250,1.625225000,-0.300000000,-7.054904088,-0.679971520,-0.523698973,3.133804776,2.432269089,590,192,0
66.000000000,20.000000000,17.000000000,-4.931250000,1.625000000,-0.300000000,0.081250000,-0.025000000,-4.931981250,1.625225000,-0.300000000,-7.054904088,-0.679971520,-0.523698973,3.133804776,2.432269089,590,192,0
66.100000000,20.100000000,17.100000000,-4.923125000,1.622500000,-0.300000000,0.081250000,-0.025000000,-4.923693750,1.622675000,-0.300000000,-7.031847806,-0.692944216,-0.497069170,3.131518143,2.424680053,593,193,0
66.100000000,20.100000000,17.100000000,-4.923125000,1.622500000,-0.300000000,0.081250000,-0.025000000,-4.923693750,1.622675000,-0.300000000,-7.031847806,-0.692944216,-0.497069170,3.131518143,2.424680053,593,193,0
66.200000000,20.200000000,17.200000000,-4.915000000,1.620000000,-0.300000000,0.081250000,-0.025000000,-4.915325000,1.620100000,-0.300000000,-7.008456707,-0.705300840,-0.470742727,3.128688129,2.416757641,596,194,0
66.200000000,20.200000000,17.200000000,-4.915000000,1.620000000,-0.300000000,0.081250000,-0.025000000,-4.915325000,1.620100000,-0.300000000,-7.008456707,-0.705300840,-0.470742727,3.128688129,2.416757641,596,194,0
66.300000000,20.300000000,17.300000000,-4.906875000,1.617500000,-0.300000000,0.081250000,-0.025000000,-4.909962500,1.618450000,-0.300000000,-6.992687029,-0.713198434,-0.453647883,3.126391832,2.411309303,598,195,0
66.300000000,20.300000000,17.300000000,-4.906875000,1.617500000,-0.300000000,0.081250000,-0.025000000,-4.907200000,1.617600000,-0.300000000,-6.984751888,-0.717046438,-0.445309293,3.125187329,2.408597956,599,195,0
66.400000000,20.400000000,17.400000000,-4.898750000,1.615000000,-0.300000000,0.081250000,-0.025000000,-4.901512500,1.615850000,-0.300000000,-6.968787227,-0.724545325,-0.428932796,3.122671144,2.403168659,601,196,0
66.400000000,20.400000000,17.400000000,-4.898750000,1.615000000,-0.300000000,0.081250000,-0.025000000,-4.901512500,1.615850000,-0.300000000,-6.968787227,-0.724545325,-0.428932796,3.122671144,2.403168659,601,196,0
66.500000000,20.500000000,17.500000000,-4.890625000,1.612500000,-0.300000000,0.081250000,-0.025000000,-4.893306250,1.613325000,-0.300000000,-6.944617039,-0.735312548,-0.405517497,3.118328765,2.394930575,604,197,0
66.500000000,20.500000000,17.500000000,-4.890625000,1.612500000,-0.300000000,0.081250000,-0.025000000,-4.893306250,1.613325000,-0.300000000,-6.944617039,-0.735312548,-0.405517497,3.118328765,2.394930575,604,197,0
66.600000000,20.600000000,17.600000000,-4.882500000,1.610000000,-0.300000000,0.081250000,-0.025000000,-4.885018750,1.610775000,-0.300000000,-6.920204584,-0.745526237,-0.383368424,3.113540895,2.386689184,607,198,0
66.600000000,20.600000000,17.600000000,-4.882500000,1.610000000,-0.300000000,0.081250000,-0.025000000,-4.885018750,1.610775000,-0.300000000,-6.920204584,-0.745526237,-0.383368424,3.113540895,2.386689184,607,198,0
66.700000000,20.700000000,17.700000000,-4.874375000,1.607500000,-0.300000000,0.081250000,-0.025000000,-4.876731250,1.608225000,-0.300000000,-6.895574878,-0.755211782,-0.362672851,3.108305489,2.378487633,610,199,0
66.700000000,20.700000000,17.700000000,-4.874375000,1.607500000,-0.300000000,0.081250000,-0.025000000,-4.876731250,1.608225000,-0.300000000,-6.895574878,-0.755211782,-0.362672851,3.108305489,2.378487633,610,199,0
66.800000000,20.800000000,17.800000000,-4.866250000,1.605000000,-0.300000000,0.081250000,-0.025000000,-4.868606250,1.605725000,-0.300000000,-6.870753670,-0.764402162,-0.343326783,3.102595213,2.370275567,613,200,0
66.800000000,20.800000000,17.800000000,-4.866250000,1.605000000,-0.300000000,0.081250000,-0.025000000,-4.868606250,1.605725000,-0.300000000,-6.870753670,-0.764402162,-0.343326783,3.102595213,2.370275567,613,200,0
66.900000000,20.900000000,17.900000000,-4.858125000,1.602500000,-0.300000000,0.081250000,-0.025000000,-4.860156250,1.603125000,-0.300000000,-6.845761894,-0.773123173,-0.325135389,3.096640947,2.362138120,616,201,0
66.900000000,20.900000000,17.900000000,-4.858125000,1.602500000,-0.300000000,0.081250000,-0.025000000,-4.860156250,1.603125000,-0.300000000,-6.845761894,-0.773123173,-0.325135389,3.096640947,2.362138120,616,201,0
67.000000000,21.000000000,18.000000000,-4.850000000,1.600000000,-0.300000000,0.081250000,-0.025000000,-4.851868750,1.600575000,-0.300000000,-6.820617636,-0.781401081,-0.308081288,3.090272193,2.353963120,619,202,0
67.000000000,21.000000000,18.000000000,-4.850000000,1.600000000,-0.300000000,0.081250000,-0.025000000,-4.851868750,1.600575000,-0.300000000,-6.820617636,-0.781401081,-0.308081288,3.090272193,2.353963120,619,202,0
67.100000000,21.100000000,18.100000000,-4.841875000,1.597500000,-0.300000000,0.081250000,-0.025000000,-4.843581250,1.598025000,-0.300000000,-6.795336545,-0.789258469,-0.291839583,3.083580888,2.345721010,622,203,0
67.100000000,21.100000000,18.100000000,-4.841875000,1.597500000,-0.300000000,0.081250000,-0.025000000,-4.843581250,1.598025000,-0.300000000,-6.795336545,-0.789258469,-0.291839583,3.083580888,2.345721010,622,203,0
67.200000000,21.200000000,18.200000000,-4.833750000,1.595000000,-0.300000000,0.081250000,-0.025000000,-4.835293750,1.595475000,-0.300000000,-6.769931689,-0.796713499,-0.276340267,3.076587358,2.337406306,625,204,0
67.200000000,21.200000000,18.200000000,-4.833750000,1.595000000,-0.300000000,0.081250000,-0.025000000,-4.835293750,1.595475000,-0.300000000,-6.769931689,-0.796713499,-0.276340267,3.076587358,2.337406306,625,204,0
67.300000000,21.300000000,18.300000000,-4.825625000,1.592500000,-0.300000000,0.081250000,-0.025000000,-4.827250000,1.593000000,-0.300000000,-6.744414363,-0.803780740,-0.261462980,3.069214412,2.328942847,628,205,0
67.300000000,21.300000000,18.300000000,-4.825625000,1.592500000,-0.300000000,0.081250000,-0.025000000,-4.827250000,1.593000000,-0.300000000,-6.744414363,-0.803780740,-0.261462980,3.069214412,2.328942847,628,205,0
67.400000000,21.400000000,18.400000000,-4.817500000,1.590000000,-0.300000000,0.081250000,-0.025000000,-4.818718750,1.590375000,-0.300000000,-6.718794647,-0.810475483,-0.247298793,3.061759536,2.320531075,631,206,0
67.400000000,21.400000000,18.400000000,-4.817500000,1.590000000,-0.300000000,0.081250000,-0.025000000,-4.818718750,1.590375000,-0.300000000,-6.718794647,-0.810475483,-0.247298793,3.061759536,2.320531075,631,206,0
67.500000000,21.500000000,18.500000000,-4.809375000,1.587500000,-0.300000000,0.081250000,-0.025000000,-4.810431250,1.587825000,-0.300000000,-6.693082417,-0.816814320,-0.233802489,3.053959017,2.312005072,634,207,0
67.500000000,21.500000000,18.500000000,-4.809375000,1.587500000,-0.300000000,0.081250000,-0.025000000,-4.810431250,1.587825000,-0.300000000,-6.693082417,-0.816814320,-0.233802489,3.053959017,2.312005072,634,207,0
67.600000000,21.600000000,18.600000000,-4.801250000,1.585000000,-0.300000000,0.081250000,-0.025000000,-4.802062500,1.585250000,-0.300000000,-6.667287832,-0.822814498,-0.221038722,3.045954722,2.303466694,637,208,0
67.600000000,21.600000000,18.600000000,-4.801250000,1.585000000,-0.300000000,0.081250000,-0.025000000,-4.802062500,1.585250000,-0.300000000,-6.667287832,-0.822814498,-0.221038722,3.045954722,2.303466694,637,208,0
67.700000000,21.700000000,18.700000000,-4.793125000,1.582500000,-0.300000000,0.081250000,-0.025000000,-4.794100000,1.582800000,-0.300000000,-6.641419410,-0.828490661,-0.208851614,3.037583193,2.294787189,640,209,0
67.700000000,21.700000000,18.700000000,-4.793125000,1.582500000,-0.300000000,0.081250000,-0.025000000,-4.794100000,1.582800000,-0.300000000,-6.641419410,-0.828490661,-0.208851614,3.037583193,2.294787189,640,209,0
67.800000000,21.800000000,18.800000000,-4.785000000,1.580000000,-0.300000000,0.081250000,-0.025000000,-4.785568750,1.580175000,-0.300000000,-6.615483675,-0.833858971,-0.197386949,3.029215847,2.286215780,643,210,0
67.800000000,21.800000000,18.800000000,-4.785000000,1.580000000,-0.300000000,0.081250000,-0.025000000,-4.785568750,1.580175000,-0.300000000,-6.615483675,-0.833858971,-0.197386949,3.029215847,2.286215780,643,210,0
67.900000000,21.900000000,18.900000000,-4.776875000,1.577500000,-0.300000000,0.081250000,-0.025000000,-4.777281250,1.577625000,-0.300000000,-6.589487120,-0.838936348,-0.186478523,3.020572606,2.277558173,646,211,0
67.900000000,21.900000000,18.900000000,-4.776875000,1.577500000,-0.300000000,0.081250000,-0.025000000,-4.777281250,1.577625000,-0.300000000,-6.589487120,-0.838936348,-0.186478523,3.020572606,2.277558173,646,211,0
68.000000000,22.000000000,19.000000000,-4.768750000,1.575000000,-0.300000000,0.081250000,-0.025000000,-4.771837500,1.575950000,-0.300000000,-6.572125414,-0.842166288,-0.179513574,3.014684553,2.271755990,648,212,0
68.000000000,22.000000000,19.000000000,-4.768750000,1.575000000,-0.300000000,0.081250000,-0.025000000,-4.769075000,1.575100000,-0.300000000,-6.563435967,-0.843736213,-0.176119232,3.011727063,2.268858523,649,212,0
68.100000000,22.100000000,19.100000000,-4.760625000,1.572500000,-0.300000000,0.081250000,-0.025000000,-4.763387500,1.573350000,-0.300000000,-6.546041107,-0.846787708,-0.169429883,3.005814433,2.263068601,651,213,0
68.100000000,22.100000000,19.100000000,-4.760625000,1.572500000,-0.300000000,0.081250000,-0.025000000,-4.763387500,1.573350000,-0.300000000,-6.546041107,-0.846787708,-0.169429883,3.005814433,2.263068601,651,213,0
68.200000000,22.200000000,19.200000000,-4.752500000,1.570000000,-0.300000000,0.081250000,-0.025000000,-4.755262500,1.570850000,-0.300000000,-6.519911109,-0.851150460,-0.159729173,2.996676649,2.254271638,654,214,0
68.200000000,22.200000000,19.200000000,-4.752500000,1.570000000,-0.300000000,0.081250000,-0.025000000,-4.755262500,1.570850000,-0.300000000,-6.519911109,-0.851150460,-0.159729173,2.996676649,2.254271638,654,214,0
68.300000000,22.300000000,19.300000000,-4.744375000,1.567500000,-0.300000000,0.081250000,-0.025000000,-4.746893750,1.568275000,-0.300000000,-6.493739186,-0.855263912,-0.150409115,2.987475495,2.245476367,657,215,0
68.300000000,22.300000000,19.300000000,-4.744375000,1.567500000,-0.300000000,0.081250000,-0.025000000,-4.746893750,1.568275000,-0.300000000,-6.493739186,-0.855263912,-0.150409115,2.987475495,2.245476367,657,215,0
68.400000000,22.400000000,19.400000000,-4.736250000,1.565000000,-0.300000000,0.081250000,-0.025000000,-4.738606250,1.565725000,-0.300000000,-6.467530243,-0.859135760,-0.141348672,2.978108104,2.236603632,660,216,0
68.400000000,22.400000000,19.400000000,-4.736250000,1.565000000,-0.300000000,0.081250000,-0.025000000,-4.738606250,1.565725000,-0.300000000,-6.467530243,-0.859135760,-0.141348672,2.978108104,2.236603632,660,216,0
68.500000000,22.500000000,19.500000000,-4.728125000,1.562500000,-0.300000000,0.081250000,-0.025000000,-4.730318750,1.563175000,-0.300000000,-6.441287522,-0.862773200,-0.132529986,2.968608901,2.227670328,663,217,0
68.500000000,22.500000000,19.500000000,-4.728125000,1.562500000,-0.300000000,0.081250000,-0.025000000,-4.730318750,1.563175000,-0.300000000,-6.441287522,-0.862773200,-0.132529986,2.968608901,2.227670328,663,217,0
68.600000000,22.600000000,19.600000000,-4.720000000,1.560000000,-0.300000000,0.081250000,-0.025000000,-4.721950000,1.560600000,-0.300000000,-6.415013595,-0.866181046,-0.123903559,2.959008378,2.218681894,666,218,0
68.600000000,22.600000000,19.600000000,-4.720000000,1.560000000,-0.300000000,0.081250000,-0.025000000,-4.721950000,1.560600000,-0.300000000,-6.415013595,-0.866181046,-0.123903559,2.959008378,2.218681894,666,218,0
68.700000000,22.700000000,19.700000000,-4.711875000,1.557500000,-0.300000000,0.081250000,-0.025000000,-4.713825000,1.558100000,-0.300000000,-6.388710640,-0.869364283,-0.115472057,2.949207479,2.209593932,669,219,0
68.700000000,22.700000000,19.700000000,-4.711875000,1.557500000,-0.300000000,0.081250000,-0.025000000,-4.713825000,1.558100000,-0.300000000,-6.388710640,-0.869364283,-0.115472057,2.949207479,2.209593932,669,219,0
68.800000000,22.800000000,19.800000000,-4.703750000,1.555000000,-0.300000000,0.081250000,-0.025000000,-4.705537500,1.555550000,-0.300000000,-6.362381492,-0.872327277,-0.107189313,2.939340077,2.200462164,672,220,0
68.800000000,22.800000000,19.800000000,-4.703750000,1.555000000,-0.300000000,0.081250000,-0.025000000,-4.705537500,1.555550000,-0.300000000,-6.362381492,-0.872327277,-0.107189313,2.939340077,2.200462164,672,220,0
68.900000000,22.900000000,19.900000000,-4.695625000,1.552500000,-0.300000000,0.081250000,-0.025000000,-4.697168750,1.552975000,-0.300000000,-6.336028237,-0.875074030,-0.099085688,2.929382616,2.191283151,675,221,0
68.900000000,22.900000000,19.900000000,-4.695625000,1.552500000,-0.300000000,0.081250000,-0.025000000,-4.697168750,1.552975000,-0.300000000,-6.336028237,-0.875074030,-0.099085688,2.929382616,2.191283151,675,221,0
69.000000000,23.000000000,20.000000000,-4.687500000,1.550000000,-0.300000000,0.081250000,-0.025000000,-4.688800000,1.550400000,-0.300000000,-6.309653000,-0.877609234,-0.091160884,2.919313838,2.182049251,678,222,0
69.000000000,23.000000000,20.000000000,-4.687500000,1.550000000,-0.300000000,0.081250000,-0.025000000,-4.688800000,1.550400000,-0.300000000,-6.309653000,-0.877609234,-0.091160884,2.919313838,2.182049251,678,222,0
69.100000000,23.100000000,20.100000000,-4.679375000,1.547500000,-0.300000000,0.081250000,-0.025000000,-4.680593750,1.547875000,-0.300000000,-6.283258159,-0.879937650,-0.083462199,2.909090489,2.172755938,681,223,0
69.100000000,23.100000000,20.100000000,-4.679375000,1.547500000,-0.300000000,0.081250000,-0.025000000,-4.680593750,1.547875000,-0.300000000,-6.283258159,-0.879937650,-0.083462199,2.909090489,2.172755938,681,223,0
69.200000000,23.200000000,20.200000000,-4.671250000,1.545000000,-0.300000000,0.081250000,-0.025000000,-4.672306250,1.545325000,-0.300000000,-6.256845921,-0.882065027,-0.075972646,2.898790836,2.163436157,684,224,0
69.200000000,23.200000000,20.200000000,-4.671250000,1.545000000,-0.300000000,0.081250000,-0.025000000,-4.672306250,1.545325000,-0.300000000,-6.256845921,-0.882065027,-0.075972646,2.898790836,2.163436157,684,224,0
69.300000000,23.300000000,20.300000000,-4.663125000,1.542500000,-0.300000000,0.081250000,-0.025000000,-4.664018750,1.542775000,-0.300000000,-6.230418342,-0.883996589,-0.068648023,2.888395407,2.154074720,687,225,0
69.300000000,23.300000000,20.300000000,-4.663125000,1.542500000,-0.300000000,0.081250000,-0.025000000,-4.664018750,1.542775000,-0.300000000,-6.230418342,-0.883996589,-0.068648023,2.888395407,2.154074720,687,225,0
69.400000000,23.400000000,20.400000000,-4.655000000,1.540000000,-0.300000000,0.081250000,-0.025000000,-4.655812500,1.540250000,-0.300000000,-6.203976553,-0.885736795,-0.061593918,2.877885312,2.144691098,690,226,0
69.400000000,23.400000000,20.400000000,-4.655000000,1.540000000,-0.300000000,0.081250000,-0.025000000,-4.655812500,1.540250000,-0.300000000,-6.203976553,-0.885736795,-0.061593918,2.877885312,2.144691098,690,226,0
69.500000000,23.500000000,20.500000000,-4.646875000,1.537500000,-0.300000000,0.081250000,-0.025000000,-4.647525000,1.537700000,-0.300000000,-6.177522339,-0.887293957,-0.054792209,2.867313647,2.135306358,693,227,0
69.500000000,23.500000000,20.500000000,-4.646875000,1.537500000,-0.300000000,0.081250000,-0.025000000,-4.647525000,1.537700000,-0.300000000,-6.177522339,-0.887293957,-0.054792209,2.867313647,2.135306358,693,227,0
69.600000000,23.600000000,20.600000000,-4.638750000,1.535000000,-0.300000000,0.081250000,-0.025000000,-4.639156250,1.535125000,-0.300000000,-6.151057703,-0.888673204,-0.048217535,2.856684046,2.125918534,696,228,0
69.600000000,23.600000000,20.600000000,-4.638750000,1.535000000,-0.300000000,0.081250000,-0.025000000,-4.639156250,1.535125000,-0.300000000,-6.151057703,-0.888673204,-0.048217535,2.856684046,2.125918534,696,228,0
69.700000000,23.700000000,20.700000000,-4.630625000,1.532500000,-0.300000000,0.081250000,-0.025000000,-4.633550000,1.533400000,-0.300000000,-6.133409241,-0.889496970,-0.043992633,2.849562680,2.119666115,698,229,0
69.700000000,23.700000000,20.700000000,-4.630625000,1.532500000,-0.300000000,0.081250000,-0.025000000,-4.630787500,1.532550000,-0.300000000,-6.124583546,-0.889881107,-0.041914451,2.845979462,2.116535698,699,229,0
69.800000000,23.800000000,20.800000000,-4.622500000,1.530000000,-0.300000000,0.081250000,-0.025000000,-4.625262500,1.530850000,-0.300000000,-6.106929759,-0.890595034,-0.037833877,2.838790925,2.110276513,701,230,0
69.800000000,23.800000000,20.800000000,-4.622500000,1.530000000,-0.300000000,0.081250000,-0.025000000,-4.625262500,1.530850000,-0.300000000,-6.106929759,-0.890595034,-0.037833877,2.838790925,2.110276513,701,230,0
69.900000000,23.900000000,20.900000000,-4.614375000,1.527500000,-0.300000000,0.081250000,-0.025000000,-4.616975000,1.528300000,-0.300000000,-6.080443274,-0.891532994,-0.031957841,2.827955287,2.100907194,704,231,0
69.900000000,23.900000000,20.900000000,-4.614375000,1.527500000,-0.300000000,0.081250000,-0.025000000,-4.616975000,1.528300000,-0.300000000,-6.080443274,-0.891532994,-0.031957841,2.827955287,2.100907194,704,231,0
70.000000000,24.000000000,21.000000000,-4.606250000,1.525000000,-0.300000000,0.081250000,-0.025000000,-4.608768750,1.525775000,-0.300000000,-6.053950971,-0.892318160,-0.026361252,2.817042098,2.091560041,707,232,0
70.000000000,24.000000000,21.000000000,-4.606250000,1.525000000,-0.300000000,0.081250000,-0.025000000,-4.608768750,1.525775000,-0.300000000,-6.053950971,-0.892318160,-0.026361252,2.817042098,2.091560041,707,232,0
70.100000000,24.100000000,21.100000000,-4.598125000,1.522500000,-0.300000000,0.081250000,-0.025000000,-4.600400000,1.523200000,-0.300000000,-6.027453831,-0.892958265,-0.021028728,2.806118921,2.082254970,710,233,0
70.100000000,24.100000000,21.100000000,-4.598125000,1.522500000,-0.300000000,0.081250000,-0.025000000,-4.600400000,1.523200000,-0.300000000,-6.027453831,-0.892958265,-0.021028728,2.806118921,2.082254970,710,233,0
70.200000000,24.200000000,21.200000000,-4.590000000,1.520000000,-0.300000000,0.081250000,-0.025000000,-4.592193750,1.520675000,-0.300000000,-6.000952609,-0.893460054,-0.016012102,2.795111730,2.072991973,713,234,0
70.200000000,24.200000000,21.200000000,-4.590000000,1.520000000,-0.300000000,0.081250000,-0.025000000,-4.592193750,1.520675000,-0.300000000,-6.000952609,-0.893460054,-0.016012102,2.795111730,2.072991973,713,234,0
70.300000000,24.300000000,21.300000000,-4.581875000,1.517500000,-0.300000000,0.081250000,-0.025000000,-4.583906250,1.518125000,-0.300000000,-5.974448317,-0.893832200,-0.011268984,2.784087781,2.063784448,716,235,0
70.300000000,24.300000000,21.300000000,-4.581875000,1.517500000,-0.300000000,0.081250000,-0.025000000,-4.583906250,1.518125000,-0.300000000,-5.974448317,-0.893832200,-0.011268984,2.784087781,2.063784448,716,235,0
70.400000000,24.400000000,21.400000000,-4.573750000,1.515000000,-0.300000000,0.081250000,-0.025000000,-4.575618750,1.515575000,-0.300000000,-5.947941984,-0.894081133,-0.006732069,2.773033310,2.054620208,719,236,0
70.400000000,24.400000000,21.400000000,-4.573750000,1.515000000,-0.300000000,0.081250000,-0.025000000,-4.575618750,1.515575000,-0.300000000,-5.947941984,-0.894081133,-0.006732069,2.773033310,2.054620208,719,236,0
70.500000000,24.500000000,21.500000000,-4.565625000,1.512500000,-0.300000000,0.081250000,-0.025000000,-4.567250000,1.513000000,-0.300000000,-5.921433861,-0.894212704,-0.002495446,2.761971566,2.045529508,722,237,0
70.500000000,24.500000000,21.500000000,-4.565625000,1.512500000,-0.300000000,0.081250000,-0.025000000,-4.567250000,1.513000000,-0.300000000,-5.921433861,-0.894212704,-0.002495446,2.761971566,2.045529508,722,237,0
70.600000000,24.600000000,21.600000000,-4.557500000,1.510000000,-0.300000000,0.081250000,-0.025000000,-4.559043750,1.510475000,-0.300000000,-5.894924372,-0.894234585,0.001487483,2.750855362,2.036504557,725,238,0
70.600000000,24.600000000,21.600000000,-4.557500000,1.510000000,-0.300000000,0.081250000,-0.025000000,-4.559043750,1.510475000,-0.300000000,-5.894924372,-0.894234585,0.001487483,2.750855362,2.036504557,725,238,0
70.700000000,24.700000000,21.700000000,-4.549375000,1.507500000,-0.300000000,0.081250000,-0.025000000,-4.550756250,1.507925000,-0.300000000,-5.868414081,-0.894154167,0.005218883,2.739745697,2.027559791,728,239,0
70.700000000,24.700000000,21.700000000,-4.549375000,1.507500000,-0.300000000,0.081250000,-0.025000000,-4.550756250,1.507925000,-0.300000000,-5.868414081,-0.894154167,0.005218883,2.739745697,2.027559791,728,239,0
70.800000000,24.800000000,21.800000000,-4.541250000,1.505000000,-0.300000000,0.081250000,-0.025000000,-4.542468750,1.505375000,-0.300000000,-5.841903545,-0.893976992,0.008709364,2.728629834,2.018697936,731,240,0
70.800000000,24.800000000,21.800000000,-4.541250000,1.505000000,-0.300000000,0.081250000,-0.025000000,-4.542468750,1.505375000,-0.300000000,-5.841903545,-0.893976992,0.008709364,2.728629834,2.018697936,731,240,0
70.900000000,24.900000000,21.900000000,-4.533125000,1.502500000,-0.300000000,0.081250000,-0.025000000,-4.534100000,1.502800000,-0.300000000,-5.815392795,-0.893710543,0.011922532,2.717530866,2.009877284,734,241,0
70.900000000,24.900000000,21.900000000,-4.533125000,1.502500000,-0.300000000,0.081250000,-0.025000000,-4.534100000,1.502800000,-0.300000000,-5.815392795,-0.893710543,0.011922532,2.717530866,2.009877284,734,241,0
71.000000000,25.000000000,22.000000000,-4.525000000,1.500000000,-0.300000000,0.081250000,-0.025000000,-4.525812500,1.500250000,-0.300000000,-5.788882011,-0.893361392,0.014895230,2.706422008,2.001036520,737,242,0
71.000000000,25.000000000,22.000000000,-4.525000000,1.500000000,-0.300000000,0.081250000,-0.025000000,-4.525812500,1.500250000,-0.300000000,-5.788882011,-0.893361392,0.014895230,2.706422008,2.001036520,737,242,0
71.100000000,25.100000000,22.100000000,-4.516875000,1.497500000,-0.300000000,0.081250000,-0.025000000,-4.517687500,1.497750000,-0.300000000,-5.762371743,-0.892935695,0.017693101,2.695295337,1.992165752,740,243,0
71.100000000,25.100000000,22.100000000,-4.516875000,1.497500000,-0.300000000,0.081250000,-0.025000000,-4.517687500,1.497750000,-0.300000000,-5.762371743,-0.892935695,0.017693101,2.695295337,1.992165752,740,243,0
71.200000000,25.200000000,22.200000000,-4.508750000,1.495000000,-0.300000000,0.081250000,-0.025000000,-4.509318750,1.495175000,-0.300000000,-5.735862032,-0.892438362,0.020243051,2.684232849,1.983286481,743,244,0
71.200000000,25.200000000,22.200000000,-4.508750000,1.495000000,-0.300000000,0.081250000,-0.025000000,-4.509318750,1.495175000,-0.300000000,-5.735862032,-0.892438362,0.020243051,2.684232849,1.983286481,743,244,0
71.300000000,25.300000000,22.300000000,-4.500625000,1.492500000,-0.300000000,0.081250000,-0.025000000,-4.501031250,1.492625000,-0.300000000,-5.709352964,-0.891875467,0.022586071,2.673178603,1.974394026,746,245,0
71.300000000,25.300000000,22.300000000,-4.500625000,1.492500000,-0.300000000,0.081250000,-0.025000000,-4.501031250,1.492625000,-0.300000000,-5.709352964,-0.891875467,0.022586071,2.673178603,1.974394026,746,245,0
71.400000000,25.400000000,22.400000000,-4.492500000,1.490000000,-0.300000000,0.081250000,-0.025000000,-4.495668750,1.490975000,-0.300000000,-5.691680634,-0.891466863,0.024027707,2.665797002,1.968462135,748,246,0
71.400000000,25.400000000,22.400000000,-4.492500000,1.490000000,-0.300000000,0.081250000,-0.025000000,-4.492906250,1.490125000,-0.300000000,-5.682844517,-0.891253119,0.024723026,2.662125997,1.965493370,749,246,0
71.500000000,25.500000000,22.500000000,-4.484375000,1.487500000,-0.300000000,0.081250000,-0.025000000,-4.487218750,1.488375000,-0.300000000,-5.665172612,-0.890807376,0.026044011,2.654822797,1.959555028,751,247,0
71.500000000,25.500000000,22.500000000,-4.484375000,1.487500000,-0.300000000,0.081250000,-0.025000000,-4.487218750,1.488375000,-0.300000000,-5.665172612,-0.890807376,0.026044011,2.654822797,1.959555028,751,247,0
71.600000000,25.600000000,22.600000000,-4.476250000,1.485000000,-0.300000000,0.081250000,-0.025000000,-4.478850000,1.485800000,-0.300000000,-5.638665051,-0.890096704,0.027840040,2.643871423,1.950650160,754,248,0
71.600000000,25.600000000,22.600000000,-4.476250000,1.485000000,-0.300000000,0.081250000,-0.025000000,-4.478850000,1.485800000,-0.300000000,-5.638665051,-0.890096704,0.027840040,2.643871423,1.950650160,754,248,0
71.700000000,25.700000000,22.700000000,-4.468125000,1.482500000,-0.300000000,0.081250000,-0.025000000,-4.470562500,1.483250000,-0.300000000,-5.612158072,-0.889341122,0.029431104,2.632950642,1.941749691,757,249,0
71.700000000,25.700000000,22.700000000,-4.468125000,1.482500000,-0.300000000,0.081250000,-0.025000000,-4.470562500,1.483250000,-0.300000000,-5.612158072,-0.889341122,0.029431104,2.632950642,1.941749691,757,249,0
71.800000000,25.800000000,22.800000000,-4.460000000,1.480000000,-0.300000000,0.081250000,-0.025000000,-4.462356250,1.480725000,-0.300000000,-5.585651668,-0.888544672,0.030858169,2.622066241,1.932847933,760,250,0
71.800000000,25.800000000,22.800000000,-4.460000000,1.480000000,-0.300000000,0.081250000,-0.025000000,-4.462356250,1.480725000,-0.300000000,-5.585651668,-0.888544672,0.030858169,2.622066241,1.932847933,760,250,0
71.900000000,25.900000000,22.900000000,-4.451875000,1.477500000,-0.300000000,0.081250000,-0.025000000,-4.454068750,1.478175000,-0.300000000,-5.559145779,-0.887712646,0.032113200,2.611248666,1.923951726,763,251,0
71.900000000,25.900000000,22.900000000,-4.451875000,1.477500000,-0.300000000,0.081250000,-0.025000000,-4.454068750,1.478175000,-0.300000000,-5.559145779,-0.887712646,0.032113200,2.611248666,1.923951726,763,251,0
72.000000000,26.000000000,23.000000000,-4.443750000,1.475000000,-0.300000000,0.081250000,-0.025000000,-4.445781250,1.475625000,-0.300000000,-5.532640407,-0.886849124,0.033201755,2.600489726,1.915063362,766,252,0
72.000000000,26.000000000,23.000000000,-4.443750000,1.475000000,-0.300000000,0.081250000,-0.025000000,-4.445781250,1.475625000,-0.300000000,-5.532640407,-0.886849124,0.033201755,2.600489726,1.915063362,766,252,0
72.100000000,26.100000000,23.100000000,-4.435625000,1.472500000,-0.300000000,0.081250000,-0.025000000,-4.437818750,1.473175000,-0.300000000,-5.506135339,-0.885958546,0.034096557,2.589751228,1.906192403,769,253,0
72.100000000,26.100000000,23.100000000,-4.435625000,1.472500000,-0.300000000,0.081250000,-0.025000000,-4.437818750,1.473175000,-0.300000000,-5.506135339,-0.885958546,0.034096557,2.589751228,1.906192403,769,253,0
72.200000000,26.200000000,23.200000000,-4.427500000,1.470000000,-0.300000000,0.081250000,-0.025000000,-4.429206250,1.470525000,-0.300000000,-5.479630235,-0.885046475,0.034812481,2.579167990,1.897342089,772,254,0
72.200000000,26.200000000,23.200000000,-4.427500000,1.470000000,-0.300000000,0.081250000,-0.025000000,-4.429206250,1.470525000,-0.300000000,-5.479630235,-0.885046475,0.034812481,2.579167990,1.897342089,772,254,0
72.300000000,26.300000000,23.300000000,-4.419375000,1.467500000,-0.300000000,0.081250000,-0.025000000,-4.421000000,1.468000000,-0.300000000,-5.453125171,-0.884117557,0.035318681,2.568606504,1.888521951,775,255,0
72.300000000,26.300000000,23.300000000,-4.419375000,1.467500000,-0.300000000,0.081250000,-0.025000000,-4.421000000,1.468000000,-0.300000000,-5.453125171,-0.884117557,0.035318681,2.568606504,1.888521951,775,255,0
72.400000000,26.400000000,23.400000000,-4.411250000,1.465000000,-0.300000000,0.081250000,-0.025000000,-4.412631250,1.465425000,-0.300000000,-5.426619657,-0.883177879,0.035585329,2.558145417,1.879745083,778,256,0
72.400000000,26.400000000,23.400000000,-4.411250000,1.465000000,-0.300000000,0.081250000,-0.025000000,-4.412631250,1.465425000,-0.300000000,-5.426619657,-0.883177879,0.035585329,2.558145417,1.879745083,778,256,0
72.500000000,26.500000000,23.500000000,-4.403125000,1.462500000,-0.300000000,0.081250000,-0.025000000,-4.404343750,1.462875000,-0.300000000,-5.400113532,-0.882233374,0.035674871,2.547761909,1.871002745,781,257,0
72.500000000,26.500000000,23.500000000,-4.403125000,1.462500000,-0.300000000,0.081250000,-0.025000000,-4.404343750,1.462875000,-0.300000000,-5.400113532,-0.882233374,0.035674871,2.547761909,1.871002745,781,257,0
72.600000000,26.600000000,23.600000000,-4.395000000,1.460000000,-0.300000000,0.081250000,-0.025000000,-4.396056250,1.460325000,-0.300000000,-5.373606898,-0.881287670,0.035615253,2.537470229,1.862292323,784,258,0
72.600000000,26.600000000,23.600000000,-4.395000000,1.460000000,-0.300000000,0.081250000,-0.025000000,-4.396056250,1.460325000,-0.300000000,-5.373606898,-0.881287670,0.035615253,2.537470229,1.862292323,784,258,0
72.700000000,26.700000000,23.700000000,-4.386875000,1.457500000,-0.300000000,0.081250000,-0.025000000,-4.387687500,1.457750000,-0.300000000,-5.347099751,-0.880345118,0.035448133,2.527283255,1.853608832,787,259,0
72.700000000,26.700000000,23.700000000,-4.386875000,1.457500000,-0.300000000,0.081250000,-0.025000000,-4.387687500,1.457750000,-0.300000000,-5.347099751,-0.880345118,0.035448133,2.527283255,1.853608832,787,259,0
72.800000000,26.800000000,23.800000000,-4.378750000,1.455000000,-0.300000000,0.081250000,-0.025000000,-4.379481250,1.455225000,-0.300000000,-5.320591877,-0.879408802,0.035137414,2.517181798,1.844962833,790,260,0
72.800000000,26.800000000,23.800000000,-4.378750000,1.455000000,-0.300000000,0.081250000,-0.025000000,-4.379481250,1.455225000,-0.300000000,-5.320591877,-0.879408802,0.035137414,2.517181798,1.844962833,790,260,0
72.900000000,26.900000000,23.900000000,-4.370625000,1.452500000,-0.300000000,0.081250000,-0.025000000,-4.371193750,1.452675000,-0.300000000,-5.294083598,-0.878481458,0.034704840,2.507192874,1.836352619,793,261,0
72.900000000,26.900000000,23.900000000,-4.370625000,1.452500000,-0.300000000,0.081250000,-0.025000000,-4.371193750,1.452675000,-0.300000000,-5.294083598,-0.878481458,0.034704840,2.507192874,1.836352619,793,261,0
73.000000000,27.000000000,24.000000000,-4.362500000,1.450000000,-0.300000000,0.081250000,-0.025000000,-4.362825000,1.450100000,-0.300000000,-5.267574535,-0.877566832,0.034176742,2.497319483,1.827775836,796,262,0
73.000000000,27.000000000,24.000000000,-4.362500000,1.450000000,-0.300000000,0.081250000,-0.025000000,-4.362825000,1.450100000,-0.300000000,-5.267574535,-0.877566832,0.034176742,2.497319483,1.827775836,796,262,0
73.100000000,27.100000000,24.100000000,-4.354375000,1.447500000,-0.300000000,0.081250000,-0.025000000,-4.357543750,1.448475000,-0.300000000,-5.249901193,-0.876965689,0.033772980,2.490778233,1.822077151,798,263,0
73.100000000,27.100000000,24.100000000,-4.354375000,1.447500000,-0.300000000,0.081250000,-0.025000000,-4.354781250,1.447625000,-0.300000000,-5.241064324,-0.876667740,0.033559912,2.487535814,1.819232968,799,263,0
73.200000000,27.200000000,24.200000000,-4.346250000,1.445000000,-0.300000000,0.081250000,-0.025000000,-4.349012500,1.445850000,-0.300000000,-5.223390526,-0.876077385,0.033115523,2.481105341,1.813554393,801,264,0
73.200000000,27.200000000,24.200000000,-4.346250000,1.445000000,-0.300000000,0.081250000,-0.025000000,-4.349012500,1.445850000,-0.300000000,-5.223390526,-0.876077385,0.033115523,2.481105341,1.813554393,801,264,0
73.300000000,27.300000000,24.300000000,-4.338125000,1.442500000,-0.300000000,0.081250000,-0.025000000,-4.340806250,1.443325000,-0.300000000,-5.196879272,-0.875206927,0.032401704,2.471528134,1.805060773,804,265,0
73.300000000,27.300000000,24.300000000,-4.338125000,1.442500000,-0.300000000,0.081250000,-0.025000000,-4.340806250,1.443325000,-0.300000000,-5.196879272,-0.875206927,0.032401704,2.471528134,1.805060773,804,265,0
73.400000000,27.400000000,24.400000000,-4.330000000,1.440000000,-0.300000000,0.081250000,-0.025000000,-4.332518750,1.440775000,-0.300000000,-5.170367007,-0.874356202,0.031648963,2.462076803,1.796594739,807,266,0
73.400000000,27.400000000,24.400000000,-4.330000000,1.440000000,-0.300000000,0.081250000,-0.025000000,-4.332518750,1.440775000,-0.300000000,-5.170367007,-0.874356202,0.031648963,2.462076803,1.796594739,807,266,0
73.500000000,27.500000000,24.500000000,-4.321875000,1.437500000,-0.300000000,0.081250000,-0.025000000,-4.324231250,1.438225000,-0.300000000,-5.143853795,-0.873525452,0.030865173,2.452747698,1.788154682,810,267,0
73.500000000,27.500000000,24.500000000,-4.321875000,1.437500000,-0.300000000,0.081250000,-0.025000000,-4.324231250,1.438225000,-0.300000000,-5.143853795,-0.873525452,0.030865173,2.452747698,1.788154682,810,267,0
73.600000000,27.600000000,24.600000000,-4.313750000,1.435000000,-0.300000000,0.081250000,-0.025000000,-4.315943750,1.435675000,-0.300000000,-5.117340168,-0.872716204,0.030054221,2.443543773,1.779741368,813,268,0
73.600000000,27.600000000,24.600000000,-4.313750000,1.435000000,-0.300000000,0.081250000,-0.025000000,-4.315943750,1.435675000,-0.300000000,-5.117340168,-0.872716204,0.030054221,2.443543773,1.779741368,813,268,0
73.700000000,27.700000000,24.700000000,-4.305625000,1.432500000,-0.300000000,0.081250000,-0.025000000,-4.307575000,1.433100000,-0.300000000,-5.090825850,-0.871928368,0.029219378,2.434468663,1.771354047,816,269,0
73.700000000,27.700000000,24.700000000,-4.305625000,1.432500000,-0.300000000,0.081250000,-0.025000000,-4.307575000,1.433100000,-0.300000000,-5.090825850,-0.871928368,0.029219378,2.434468663,1.771354047,816,269,0
73.800000000,27.800000000,24.800000000,-4.297500000,1.430000000,-0.300000000,0.081250000,-0.025000000,-4.299531250,1.430625000,-0.300000000,-5.064310952,-0.871162949,0.028372081,2.425513504,1.762990519,819,270,0
73.800000000,27.800000000,24.800000000,-4.297500000,1.430000000,-0.300000000,0.081250000,-0.025000000,-4.299531250,1.430625000,-0.300000000,-5.064310952,-0.871162949,0.028372081,2.425513504,1.762990519,819,270,0
73.900000000,27.900000000,24.900000000,-4.289375000,1.427500000,-0.300000000,0.081250000,-0.025000000,-4.291000000,1.428000000,-0.300000000,-5.037795245,-0.870420128,0.027518433,2.416699862,1.754650798,822,271,0
73.900000000,27.900000000,24.900000000,-4.289375000,1.427500000,-0.300000000,0.081250000,-0.025000000,-4.291000000,1.428000000,-0.300000000,-5.037795245,-0.870420128,0.027518433,2.416699862,1.754650798,822,271,0
74.000000000,28.000000000,25.000000000,-4.281250000,1.425000000,-0.300000000,0.081250000,-0.025000000,-4.282712500,1.425450000,-0.300000000,-5.011278713,-0.869699641,0.026670344,2.408011753,1.746330795,825,272,0
74.000000000,28.000000000,25.000000000,-4.281250000,1.425000000,-0.300000000,0.081250000,-0.025000000,-4.282712500,1.425450000,-0.300000000,-5.011278713,-0.869699641,0.026670344,2.408011753,1.746330795,825,272,0
74.100000000,28.100000000,25.100000000,-4.273125000,1.422500000,-0.300000000,0.081250000,-0.025000000,-4.274506250,1.422925000,-0.300000000,-4.984761805,-0.869001877,0.025829938,2.399456555,1.738030782,828,273,0
74.100000000,28.100000000,25.100000000,-4.273125000,1.422500000,-0.300000000,0.081250000,-0.025000000,-4.274506250,1.422925000,-0.300000000,-4.984761805,-0.869001877,0.025829938,2.399456555,1.738030782,828,273,0
74.200000000,28.200000000,25.200000000,-4.265000000,1.420000000,-0.300000000,0.081250000,-0.025000000,-4.266218750,1.420375000,-0.300000000,-4.958244322,-0.868326185,0.025009385,2.391035865,1.729747574,831,274,0
74.200000000,28.200000000,25.200000000,-4.265000000,1.420000000,-0.300000000,0.081250000,-0.025000000,-4.266218750,1.420375000,-0.300000000,-4.958244322,-0.868326185,0.025009385,2.391035865,1.729747574,831,274,0
74.300000000,28.300000000,25.300000000,-4.256875000,1.417500000,-0.300000000,0.081250000,-0.025000000,-4.257850000,1.417800000,-0.300000000,-4.931726401,-0.867671726,0.024220790,2.382748500,1.721477642,834,275,0
74.300000000,28.300000000,25.300000000,-4.256875000,1.417500000,-0.300000000,0.081250000,-0.025000000,-4.257850000,1.417800000,-0.300000000,-4.931726401,-0.867671726,0.024220790,2.382748500,1.721477642,834,275,0
74.400000000,28.400000000,25.400000000,-4.248750000,1.415000000,-0.300000000,0.081250000,-0.025000000,-4.249643750,1.415275000,-0.300000000,-4.905208105,-0.867037919,0.023466683,2.374598258,1.713219468,837,276,0
74.400000000,28.400000000,25.400000000,-4.248750000,1.415000000,-0.300000000,0.081250000,-0.025000000,-4.249643750,1.415275000,-0.300000000,-4.905208105,-0.867037919,0.023466683,2.374598258,1.713219468,837,276,0
74.500000000,28.500000000,25.500000000,-4.240625000,1.412500000,-0.300000000,0.081250000,-0.025000000,-4.241356250,1.412725000,-0.300000000,-4.878689491,-0.866423822,0.022743516,2.366582560,1.704973328,840,277,0
74.500000000,28.500000000,25.500000000,-4.240625000,1.412500000,-0.300000000,0.081250000,-0.025000000,-4.241356250,1.412725000,-0.300000000,-4.878689491,-0.866423822,0.022743516,2.366582560,1.704973328,840,277,0
74.600000000,28.600000000,25.600000000,-4.232500000,1.410000000,-0.300000000,0.081250000,-0.025000000,-4.233068750,1.410175000,-0.300000000,-4.852170756,-0.865828269,0.022060515,2.358702647,1.696758356,843,278,0
74.600000000,28.600000000,25.600000000,-4.232500000,1.410000000,-0.300000000,0.081250000,-0.025000000,-4.233068750,1.410175000,-0.300000000,-4.852170756,-0.865828269,0.022060515,2.358702647,1.696758356,843,278,0
74.700000000,28.700000000,25.700000000,-4.224375000,1.407500000,-0.300000000,0.081250000,-0.025000000,-4.224781250,1.407625000,-0.300000000,-4.825651676,-0.865250228,0.021463675,2.350958756,1.688687227,846,279,0
74.700000000,28.700000000,25.700000000,-4.224375000,1.407500000,-0.300000000,0.081250000,-0.025000000,-4.224781250,1.407625000,-0.300000000,-4.825651676,-0.865250228,0.021463675,2.350958756,1.688687227,846,279,0
74.800000000,28.800000000,25.800000000,-4.216250000,1.405000000,-0.300000000,0.081250000,-0.025000000,-4.219418750,1.405975000,-0.300000000,-4.807972349,-0.864873261,0.021108109,2.345878761,1.683401142,848,280,0
74.800000000,28.800000000,25.800000000,-4.216250000,1.405000000,-0.300000000,0.081250000,-0.025000000,-4.216656250,1.405125000,-0.300000000,-4.799132661,-0.864687018,0.020944310,2.343357711,1.680783910,849,280,0
74.900000000,28.900000000,25.900000000,-4.208125000,1.402500000,-0.300000000,0.081250000,-0.025000000,-4.210968750,1.403375000,-0.300000000,-4.781453265,-0.864318793,0.020647488,2.338351497,1.675597636,851,281,0
74.900000000,28.900000000,25.900000000,-4.208125000,1.402500000,-0.300000000,0.081250000,-0.025000000,-4.210968750,1.403375000,-0.300000000,-4.781453265,-0.864318793,0.020647488,2.338351497,1.675597636,851,281,0
75.000000000,29.000000000,26.000000000,-4.200000000,1.400000000,-0.300000000,0.081250000,-0.025000000,-4.202681250,1.400825000,-0.300000000,-4.754934292,-0.863775771,0.020265868,2.330965481,1.667960383,854,282,0
75.000000000,29.000000000,26.000000000,-4.200000000,1.400000000,-0.300000000,0.081250000,-0.025000000,-4.202681250,1.400825000,-0.300000000,-4.754934292,-0.863775771,0.020265868,2.330965481,1.667960383,854,282,0
75.100000000,29.100000000,26.100000000,-4.191875000,1.397500000,-0.300000000,0.081250000,-0.025000000,-4.194393750,1.398275000,-0.300000000,-4.728415361,-0.863241814,0.019985940,2.323711983,1.660479573,857,283,0
75.100000000,29.100000000,26.100000000,-4.191875000,1.397500000,-0.300000000,0.081250000,-0.025000000,-4.194393750,1.398275000,-0.300000000,-4.728415361,-0.863241814,0.019985940,2.323711983,1.660479573,857,283,0
75.200000000,29.200000000,26.200000000,-4.183750000,1.395000000,-0.300000000,0.081250000,-0.025000000,-4.186187500,1.395750000,-0.300000000,-4.701896691,-0.862714183,0.019809242,2.316595872,1.653158671,860,284,0
75.200000000,29.200000000,26.200000000,-4.183750000,1.395000000,-0.300000000,0.081250000,-0.025000000,-4.186187500,1.395750000,-0.300000000,-4.701896691,-0.862714183,0.019809242,2.316595872,1.653158671,860,284,0
75.300000000,29.300000000,26.300000000,-4.175625000,1.392500000,-0.300000000,0.081250000,-0.025000000,-4.177818750,1.393175000,-0.300000000,-4.675378579,-0.862189620,0.019784579,2.309596361,1.645967891,863,285,0
75.300000000,29.300000000,26.300000000,-4.175625000,1.392500000,-0.300000000,0.081250000,-0.025000000,-4.177818750,1.393175000,-0.300000000,-4.675378579,-0.862189620,0.019784579,2.309596361,1.645967891,863,285,0
75.400000000,29.400000000,26.400000000,-4.167500000,1.390000000,-0.300000000,0.081250000,-0.025000000,-4.169450000,1.390600000,-0.300000000,-4.648861102,-0.861663854,0.019923381,2.302721753,1.638909413,866,286,0
75.400000000,29.400000000,26.400000000,-4.167500000,1.390000000,-0.300000000,0.081250000,-0.025000000,-4.169450000,1.390600000,-0.300000000,-4.648861102,-0.861663854,0.019923381,2.302721753,1.638909413,866,286,0
75.500000000,29.500000000,26.500000000,-4.159375000,1.387500000,-0.300000000,0.081250000,-0.025000000,-4.161243750,1.388075000,-0.300000000,-4.622344194,-0.861132805,0.020200827,2.295985490,1.632001849,869,287,0
75.500000000,29.500000000,26.500000000,-4.159375000,1.387500000,-0.300000000,0.081250000,-0.025000000,-4.161243750,1.388075000,-0.300000000,-4.622344194,-0.861132805,0.020200827,2.295985490,1.632001849,869,287,0
75.600000000,29.600000000,26.600000000,-4.151250000,1.385000000,-0.300000000,0.081250000,-0.025000000,-4.152956250,1.385525000,-0.300000000,-4.595827930,-0.860592873,0.020642261,2.289362536,1.625214983,872,288,0
75.600000000,29.600000000,26.600000000,-4.151250000,1.385000000,-0.300000000,0.081250000,-0.025000000,-4.152956250,1.385525000,-0.300000000,-4.595827930,-0.860592873,0.020642261,2.289362536,1.625214983,872,288,0
75.700000000,29.700000000,26.700000000,-4.143125000,1.382500000,-0.300000000,0.081250000,-0.025000000,-4.144668750,1.382975000,-0.300000000,-4.569312420,-0.860039438,0.021234712,2.282856986,1.618555199,875,289,0
75.700000000,29.700000000,26.700000000,-4.143125000,1.382500000,-0.300000000,0.081250000,-0.025000000,-4.144668750,1.382975000,-0.300000000,-4.569312420,-0.860039438,0.021234712,2.282856986,1.618555199,875,289,0
75.800000000,29.800000000,26.800000000,-4.135000000,1.380000000,-0.300000000,0.081250000,-0.025000000,-4.136300000,1.380400000,-0.300000000,-4.542797745,-0.859468590,0.021971800,2.276455955,1.612010512,878,290,0
75.800000000,29.800000000,26.800000000,-4.135000000,1.380000000,-0.300000000,0.081250000,-0.025000000,-4.136300000,1.380400000,-0.300000000,-4.542797745,-0.859468590,0.021971800,2.276455955,1.612010512,878,290,0
75.900000000,29.900000000,26.900000000,-4.126875000,1.377500000,-0.300000000,0.081250000,-0.025000000,-4.128012500,1.377850000,-0.300000000,-4.516283932,-0.858877114,0.022812787,2.270176841,1.605609653,881,291,0
75.900000000,29.900000000,26.900000000,-4.126875000,1.377500000,-0.300000000,0.081250000,-0.025000000,-4.128012500,1.377850000,-0.300000000,-4.516283932,-0.858877114,0.022812787,2.270176841,1.605609653,881,291,0
76.000000000,30.000000000,27.000000000,-4.118750000,1.375000000,-0.300000000,0.081250000,-0.025000000,-4.119806250,1.375325000,-0.300000000,-4.489770894,-0.858262645,0.023697078,2.264020231,1.599370802,884,292,0
76.000000000,30.000000000,27.000000000,-4.118750000,1.375000000,-0.300000000,0.081250000,-0.025000000,-4.119806250,1.375325000,-0.300000000,-4.489770894,-0.858262645,0.023697078,2.264020231,1.599370802,884,292,0
76.100000000,30.100000000,27.100000000,-4.110625000,1.372500000,-0.300000000,0.081250000,-0.025000000,-4.111518750,1.372775000,-0.300000000,-4.463258417,-0.857624757,0.024563960,2.257964542,1.593288464,887,293,0
76.100000000,30.100000000,27.100000000,-4.110625000,1.372500000,-0.300000000,0.081250000,-0.025000000,-4.111518750,1.372775000,-0.300000000,-4.463258417,-0.857624757,0.024563960,2.257964542,1.593288464,887,293,0
76.200000000,30.200000000,27.200000000,-4.102500000,1.370000000,-0.300000000,0.081250000,-0.025000000,-4.103150000,1.370200000,-0.300000000,-4.436746290,-0.856964550,0.025395597,2.252009861,1.587368201,890,294,0
76.200000000,30.200000000,27.200000000,-4.102500000,1.370000000,-0.300000000,0.081250000,-0.025000000,-4.103150000,1.370200000,-0.300000000,-4.436746290,-0.856964550,0.025395597,2.252009861,1.587368201,890,294,0
76.300000000,30.300000000,27.300000000,-4.094375000,1.367500000,-0.300000000,0.081250000,-0.025000000,-4.094862500,1.367650000,-0.300000000,-4.410234602,-0.856282258,0.026196245,2.246182150,1.581638674,893,295,0
76.300000000,30.300000000,27.300000000,-4.094375000,1.367500000,-0.300000000,0.081250000,-0.025000000,-4.094862500,1.367650000,-0.300000000,-4.410234602,-0.856282258,0.026196245,2.246182150,1.581638674,893,295,0
76.400000000,30.400000000,27.400000000,-4.086250000,1.365000000,-0.300000000,0.081250000,-0.025000000,-4.086575000,1.365100000,-0.300000000,-4.383723546,-0.855579275,0.026981639,2.240471759,1.576085790,896,296,0
76.400000000,30.400000000,27.400000000,-4.086250000,1.365000000,-0.300000000,0.081250000,-0.025000000,-4.086575000,1.365100000,-0.300000000,-4.383723546,-0.855579275,0.026981639,2.240471759,1.576085790,896,296,0
76.500000000,30.500000000,27.500000000,-4.078125000,1.362500000,-0.300000000,0.081250000,-0.025000000,-4.081050000,1.363400000,-0.300000000,-4.366049716,-0.855099145,0.027499452,2.236730492,1.572482251,898,297,0
76.500000000,30.500000000,27.500000000,-4.078125000,1.362500000,-0.300000000,0.081250000,-0.025000000,-4.078287500,1.362550000,-0.300000000,-4.357212858,-0.854855541,0.027755985,2.234879569,1.570710313,899,297,0
76.600000000,30.600000000,27.600000000,-4.070000000,1.360000000,-0.300000000,0.081250000,-0.025000000,-4.072843750,1.360875000,-0.300000000,-4.339539350,-0.854361483,0.028264979,2.231232668,1.567244025,901,298,0
76.600000000,30.600000000,27.600000000,-4.070000000,1.360000000,-0.300000000,0.081250000,-0.025000000,-4.072843750,1.360875000,-0.300000000,-4.339539350,-0.854361483,0.028264979,2.231232668,1.567244025,901,298,0
76.700000000,30.700000000,27.700000000,-4.061875000,1.357500000,-0.300000000,0.081250000,-0.025000000,-4.064556250,1.358325000,-0.300000000,-4.313029288,-0.853603987,0.028987429,2.225841121,1.562180468,904,299,0
76.700000000,30.700000000,27.700000000,-4.061875000,1.357500000,-0.300000000,0.081250000,-0.025000000,-4.064556250,1.358325000,-0.300000000,-4.313029288,-0.853603987,0.028987429,2.225841121,1.562180468,904,299,0
76.800000000,30.800000000,27.800000000,-4.053750000,1.355000000,-0.300000000,0.081250000,-0.025000000,-4.056187500,1.355750000,-0.300000000,-4.286519482,-0.852828588,0.029624549,2.220556732,1.557305729,907,300,0
76.800000000,30.800000000,27.800000000,-4.053750000,1.355000000,-0.300000000,0.081250000,-0.025000000,-4.056187500,1.355750000,-0.300000000,-4.286519482,-0.852828588,0.029624549,2.220556732,1.557305729,907,300,0
76.900000000,30.900000000,27.900000000,-4.045625000,1.352500000,-0.300000000,0.081250000,-0.025000000,-4.047900000,1.353200000,-0.300000000,-4.260010067,-0.852036982,0.030162547,2.215414369,1.552666211,910,301,0
76.900000000,30.900000000,27.900000000,-4.045625000,1.352500000,-0.300000000,0.081250000,-0.025000000,-4.047900000,1.353200000,-0.300000000,-4.260010067,-0.852036982,0.030162547,2.215414369,1.552666211,910,301,0
77.000000000,31.000000000,28.000000000,-4.037500000,1.350000000,-0.300000000,0.081250000,-0.025000000,-4.039693750,1.350675000,-0.300000000,-4.233500740,-0.851232399,0.030600637,2.210420173,1.548270958,913,302,0
77.000000000,31.000000000,28.000000000,-4.037500000,1.350000000,-0.300000000,0.081250000,-0.025000000,-4.039693750,1.350675000,-0.300000000,-4.233500740,-0.851232399,0.030600637,2.210420173,1.548270958,913,302,0
77.100000000,31.100000000,28.100000000,-4.029375000,1.347500000,-0.300000000,0.081250000,-0.025000000,-4.031406250,1.348125000,-0.300000000,-4.206991329,-0.850417268,0.030928662,2.205542615,1.544086657,916,303,0
77.100000000,31.100000000,28.100000000,-4.029375000,1.347500000,-0.300000000,0.081250000,-0.025000000,-4.031406250,1.348125000,-0.300000000,-4.206991329,-0.850417268,0.030928662,2.205542615,1.544086657,916,303,0
77.200000000,31.200000000,28.200000000,-4.021250000,1.345000000,-0.300000000,0.081250000,-0.025000000,-4.023037500,1.345550000,-0.300000000,-4.180481611,-0.849594613,0.031134627,2.200783615,1.540120015,919,304,0
77.200000000,31.200000000,28.200000000,-4.021250000,1.345000000,-0.300000000,0.081250000,-0.025000000,-4.023037500,1.345550000,-0.300000000,-4.180481611,-0.849594613,0.031134627,2.200783615,1.540120015,919,304,0
77.300000000,31.300000000,28.300000000,-4.013125000,1.342500000,-0.300000000,0.081250000,-0.025000000,-4.014831250,1.343025000,-0.300000000,-4.153970256,-0.848771012,0.030873708,2.196207964,1.536559913,922,305,0
77.300000000,31.300000000,28.300000000,-4.013125000,1.342500000,-0.300000000,0.081250000,-0.025000000,-4.014831250,1.343025000,-0.300000000,-4.153970256,-0.848771012,0.030873708,2.196207964,1.536559913,922,305,0
77.400000000,31.400000000,28.400000000,-4.005000000,1.340000000,-0.300000000,0.081250000,-0.025000000,-4.006543750,1.340475000,-0.300000000,-4.127456411,-0.847961085,0.029946162,2.191773796,1.533422137,925,306,0
77.400000000,31.400000000,28.400000000,-4.005000000,1.340000000,-0.300000000,0.081250000,-0.025000000,-4.006543750,1.340475000,-0.300000000,-4.127456411,-0.847961085,0.029946162,2.191773796,1.533422137,925,306,0
77.500000000,31.500000000,28.500000000,-3.996875000,1.337500000,-0.300000000,0.081250000,-0.025000000,-3.998256250,1.337925000,-0.300000000,-4.100939163,-0.847183476,0.028339097,2.187519790,1.530761478,928,307,0
77.500000000,31.500000000,28.500000000,-3.996875000,1.337500000,-0.300000000,0.081250000,-0.025000000,-3.998256250,1.337925000,-0.300000000,-4.100939163,-0.847183476,0.028339097,2.187519790,1.530761478,928,307,0
77.600000000,31.600000000,28.600000000,-3.988750000,1.335000000,-0.300000000,0.081250000,-0.025000000,-3.989968750,1.335375000,-0.300000000,-4.074419104,-0.846454100,0.026295032,2.183462865,1.528522833,931,308,0
77.600000000,31.600000000,28.600000000,-3.988750000,1.335000000,-0.300000000,0.081250000,-0.025000000,-3.989968750,1.335375000,-0.300000000,-4.074419104,-0.846454100,0.026295032,2.183462865,1.528522833,931,308,0
77.700000000,31.700000000,28.700000000,-3.980625000,1.332500000,-0.300000000,0.081250000,-0.025000000,-3.981681250,1.332825000,-0.300000000,-4.047896664,-0.845781376,0.024027453,2.179612402,1.526482350,934,309,0
77.700000000,31.700000000,28.700000000,-3.980625000,1.332500000,-0.300000000,0.081250000,-0.025000000,-3.981681250,1.332825000,-0.300000000,-4.047896664,-0.845781376,0.024027453,2.179612402,1.526482350,934,309,0
77.800000000,31.800000000,28.800000000,-3.972500000,1.330000000,-0.300000000,0.081250000,-0.025000000,-3.973312500,1.330250000,-0.300000000,-4.021372465,-0.845169868,0.021701054,2.175950680,1.524400850,937,310,0
77.800000000,31.800000000,28.800000000,-3.972500000,1.330000000,-0.300000000,0.081250000,-0.025000000,-3.973312500,1.330250000,-0.300000000,-4.021372465,-0.845169868,0.021701054,2.175950680,1.524400850,937,310,0
77.900000000,31.900000000,28.900000000,-3.964375000,1.327500000,-0.300000000,0.081250000,-0.025000000,-3.965106250,1.327725000,-0.300000000,-3.994847208,-0.844619464,0.019438606,2.172548042,1.522322326,940,311,0
77.900000000,31.900000000,28.900000000,-3.964375000,1.327500000,-0.300000000,0.081250000,-0.025000000,-3.965106250,1.327725000,-0.300000000,-3.994847208,-0.844619464,0.019438606,2.172548042,1.522322326,940,311,0
78.000000000,32.000000000,29.000000000,-3.956250000,1.325000000,-0.300000000,0.081250000,-0.025000000,-3.956818750,1.325175000,-0.300000000,-3.968321539,-0.844127351,0.017367352,2.169332848,1.520137416,943,312,0
78.000000000,32.000000000,29.000000000,-3.956250000,1.325000000,-0.300000000,0.081250000,-0.025000000,-3.956818750,1.325175000,-0.300000000,-3.968321539,-0.844127351,0.017367352,2.169332848,1.520137416,943,312,0
78.100000000,32.100000000,29.100000000,-3.948125000,1.322500000,-0.300000000,0.081250000,-0.025000000,-3.948450000,1.322600000,-0.300000000,-3.941795752,-0.843687081,0.015559973,2.166297301,1.517836904,946,313,0
78.100000000,32.100000000,29.100000000,-3.948125000,1.322500000,-0.300000000,0.081250000,-0.025000000,-3.948450000,1.322600000,-0.300000000,-3.941795752,-0.843687081,0.015559973,2.166297301,1.517836904,946,313,0
78.200000000,32.200000000,29.200000000,-3.940000000,1.320000000,-0.300000000,0.081250000,-0.025000000,-3.940406250,1.320125000,-0.300000000,-3.915269684,-0.843292365,0.013970594,2.163563390,1.515571698,949,314,0
78.200000000,32.200000000,29.200000000,-3.940000000,1.320000000,-0.300000000,0.081250000,-0.025000000,-3.940406250,1.320125000,-0.300000000,-3.915269684,-0.843292365,0.013970594,2.163563390,1.515571698,949,314,0
78.300000000,32.300000000,29.300000000,-3.931875000,1.317500000,-0.300000000,0.081250000,-0.025000000,-3.934881250,1.318425000,-0.300000000,-3.897585844,-0.843051859,0.013037340,2.161798593,1.513973666,951,315,0
78.300000000,32.300000000,29.300000000,-3.931875000,1.317500000,-0.300000000,0.081250000,-0.025000000,-3.934881250,1.318425000,-0.300000000,-3.897585844,-0.843051859,0.013037340,2.161798593,1.513973666,951,315,0
78.400000000,32.400000000,29.400000000,-3.923750000,1.315000000,-0.300000000,0.081250000,-0.025000000,-3.926431250,1.315825000,-0.300000000,-3.871060440,-0.842720363,0.011813053,2.159255429,1.511479732,954,316,0
78.400000000,32.400000000,29.400000000,-3.923750000,1.315000000,-0.300000000,0.081250000,-0.025000000,-3.926431250,1.315825000,-0.300000000,-3.871060440,-0.842720363,0.011813053,2.159255429,1.511479732,954,316,0
78.500000000,32.500000000,29.500000000,-3.915625000,1.312500000,-0.300000000,0.081250000,-0.025000000,-3.918062500,1.313250000,-0.300000000,-3.844535524,-0.842418634,0.010765706,2.156922223,1.508969030,957,317,0
78.500000000,32.500000000,29.500000000,-3.915625000,1.312500000,-0.300000000,0.081250000,-0.025000000,-3.918062500,1.313250000,-0.300000000,-3.844535524,-0.842418634,0.010765706,2.156922223,1.508969030,957,317,0
78.600000000,32.600000000,29.600000000,-3.907500000,1.310000000,-0.300000000,0.081250000,-0.025000000,-3.909856250,1.310725000,-0.300000000,-3.818011018,-0.842142122,0.009998301,2.154825374,1.506460465,960,318,0
78.600000000,32.600000000,29.600000000,-3.907500000,1.310000000,-0.300000000,0.081250000,-0.025000000,-3.909856250,1.310725000,-0.300000000,-3.818011018,-0.842142122,0.009998301,2.154825374,1.506460465,960,318,0
78.700000000,32.700000000,29.700000000,-3.899375000,1.307500000,-0.300000000,0.081250000,-0.025000000,-3.901487500,1.308150000,-0.300000000,-3.791487179,-0.841883919,0.009478829,2.152846005,1.503863581,963,319,0
78.700000000,32.700000000,29.700000000,-3.899375000,1.307500000,-0.300000000,0.081250000,-0.025000000,-3.901487500,1.308150000,-0.300000000,-3.791487179,-0.841883919,0.009478829,2.152846005,1.503863581,963,319,0
78.800000000,32.800000000,29.800000000,-3.891250000,1.305000000,-0.300000000,0.081250000,-0.025000000,-3.893200000,1.305600000,-0.300000000,-3.764964104,-0.841635821,0.009198201,2.151061626,1.501262664,966,320,0
78.800000000,32.800000000,29.800000000,-3.891250000,1.305000000,-0.300000000,0.081250000,-0.025000000,-3.893200000,1.305600000,-0.300000000,-3.764964104,-0.841635821,0.009198201,2.151061626,1.501262664,966,320,0
78.900000000,32.900000000,29.900000000,-3.883125000,1.302500000,-0.300000000,0.081250000,-0.025000000,-3.885237500,1.303150000,-0.300000000,-3.738441783,-0.841392711,0.009166687,2.149560984,1.498742506,969,321,0
78.900000000,32.900000000,29.900000000,-3.883125000,1.302500000,-0.300000000,0.081250000,-0.025000000,-3.885237500,1.303150000,-0.300000000,-3.738441783,-0.841392711,0.009166687,2.149560984,1.498742506,969,321,0
79.000000000,33.000000000,30.000000000,-3.875000000,1.300000000,-0.300000000,0.081250000,-0.025000000,-3.876625000,1.300500000,-0.300000000,-3.711920219,-0.841148829,0.009323578,2.147972851,1.496005133,972,322,0
79.000000000,33.000000000,30.000000000,-3.875000000,1.300000000,-0.300000000,0.081250000,-0.025000000,-3.876625000,1.300500000,-0.300000000,-3.711920219,-0.841148829,0.009323578,2.147972851,1.496005133,972,322,0
79.100000000,33.100000000,30.100000000,-3.866875000,1.297500000,-0.300000000,0.081250000,-0.025000000,-3.868418750,1.297975000,-0.300000000,-3.685399126,-0.840898312,0.009636493,2.146689364,1.493390592,975,323,0
79.100000000,33.100000000,30.100000000,-3.866875000,1.297500000,-0.300000000,0.081250000,-0.025000000,-3.868418750,1.297975000,-0.300000000,-3.685399126,-0.840898312,0.009636493,2.146689364,1.493390592,975,323,0
79.200000000,33.200000000,30.200000000,-3.858750000,1.295000000,-0.300000000,0.081250000,-0.025000000,-3.860050000,1.295400000,-0.300000000,-3.658878660,-0.840638447,0.010063791,2.145490656,1.490724742,978,324,0
79.200000000,33.200000000,30.200000000,-3.858750000,1.295000000,-0.300000000,0.081250000,-0.025000000,-3.860050000,1.295400000,-0.300000000,-3.658878660,-0.840638447,0.010063791,2.145490656,1.490724742,978,324,0
79.300000000,33.300000000,30.300000000,-3.850625000,1.292500000,-0.300000000,0.081250000,-0.025000000,-3.851843750,1.292875000,-0.300000000,-3.632358768,-0.840366502,0.010578066,2.144502964,1.488113988,981,325,0
79.300000000,33.300000000,30.300000000,-3.850625000,1.292500000,-0.300000000,0.081250000,-0.025000000,-3.851843750,1.292875000,-0.300000000,-3.632358768,-0.840366502,0.010578066,2.144502964,1.488113988,981,325,0
79.400000000,33.400000000,30.400000000,-3.842500000,1.290000000,-0.300000000,0.081250000,-0.025000000,-3.843556250,1.290325000,-0.300000000,-3.605839021,-0.840079765,0.011136458,2.143626354,1.485481834,984,326,0
79.400000000,33.400000000,30.400000000,-3.842500000,1.290000000,-0.300000000,0.081250000,-0.025000000,-3.843556250,1.290325000,-0.300000000,-3.605839021,-0.840079765,0.011136458,2.143626354,1.485481834,984,326,0
79.500000000,33.500000000,30.500000000,-3.834375000,1.287500000,-0.300000000,0.081250000,-0.025000000,-3.835268750,1.287775000,-0.300000000,-3.579319353,-0.839778350,0.011706411,2.142893687,1.482855285,987,327,0
79.500000000,33.500000000,30.500000000,-3.834375000,1.287500000,-0.300000000,0.081250000,-0.025000000,-3.835268750,1.287775000,-0.300000000,-3.579319353,-0.839778350,0.011706411,2.142893687,1.482855285,987,327,0
79.600000000,33.600000000,30.600000000,-3.826250000,1.285000000,-0.300000000,0.081250000,-0.025000000,-3.826981250,1.285225000,-0.300000000,-3.552799985,-0.839462237,0.012275615,2.142305119,1.480234243,990,328,0
79.600000000,33.600000000,30.600000000,-3.826250000,1.285000000,-0.300000000,0.081250000,-0.025000000,-3.826981250,1.285225000,-0.300000000,-3.552799985,-0.839462237,0.012275615,2.142305119,1.480234243,990,328,0
79.700000000,33.700000000,30.700000000,-3.818125000,1.282500000,-0.300000000,0.081250000,-0.025000000,-3.818693750,1.282675000,-0.300000000,-3.526280705,-0.839130540,0.012828262,2.141859972,1.477616653,993,329,0
79.700000000,33.700000000,30.700000000,-3.818125000,1.282500000,-0.300000000,0.081250000,-0.025000000,-3.818693750,1.282675000,-0.300000000,-3.526280705,-0.839130540,0.012828262,2.141859972,1.477616653,993,329,0
79.800000000,33.800000000,30.800000000,-3.810000000,1.280000000,-0.300000000,0.081250000,-0.025000000,-3.810325000,1.280100000,-0.300000000,-3.499761778,-0.838784300,0.013365084,2.141522867,1.474976674,996,330,0
79.800000000,33.800000000,30.800000000,-3.810000000,1.280000000,-0.300000000,0.081250000,-0.025000000,-3.810325000,1.280100000,-0.300000000,-3.499761778,-0.838784300,0.013365084,2.141522867,1.474976674,996,330,0
79.900000000,33.900000000,30.900000000,-3.801875000,1.277500000,-0.300000000,0.081250000,-0.025000000,-3.804962500,1.278450000,-0.300000000,-3.482082416,-0.838545966,0.013716383,2.141476937,1.473288721,998,331,0
79.900000000,33.900000000,30.900000000,-3.801875000,1.277500000,-0.300000000,0.081250000,-0.025000000,-3.802200000,1.277600000,-0.300000000,-3.473242793,-0.838424539,0.013889418,2.141441732,1.472419248,999,331,0
80.000000000,34.000000000,31.000000000,-3.793750000,1.275000000,-0.300000000,0.081250000,-0.025000000,-3.796512500,1.275850000,-0.300000000,-3.455563515,-0.838176971,0.014233125,2.141344495,1.470629170,1001,332,0
80.000000000,34.000000000,31.000000000,-3.793750000,1.275000000,-0.300000000,0.081250000,-0.025000000,-3.796512500,1.275850000,-0.300000000,-3.455563515,-0.838176971,0.014233125,2.141344495,1.470629170,1001,332,0
80.100000000,34.100000000,31.100000000,-3.785625000,1.272500000,-0.300000000,0.081250000,-0.025000000,-3.788306250,1.273325000,-0.300000000,-3.429044781,-0.837793688,0.014751435,2.141469337,1.468052382,1004,333,0
80.100000000,34.100000000,31.100000000,-3.785625000,1.272500000,-0.300000000,0.081250000,-0.025000000,-3.788306250,1.273325000,-0.300000000,-3.429044781,-0.837793688,0.014751435,2.141469337,1.468052382,1004,333,0
80.200000000,34.200000000,31.200000000,-3.777500000,1.270000000,-0.300000000,0.081250000,-0.025000000,-3.779937500,1.270750000,-0.300000000,-3.402526484,-0.837396865,0.015301040,2.141663437,1.465432918,1007,334,0
80.200000000,34.200000000,31.200000000,-3.777500000,1.270000000,-0.300000000,0.081250000,-0.025000000,-3.779937500,1.270750000,-0.300000000,-3.402526484,-0.837396865,0.015301040,2.141663437,1.465432918,1007,334,0
80.300000000,34.300000000,31.300000000,-3.769375000,1.267500000,-0.300000000,0.081250000,-0.025000000,-3.771650000,1.268200000,-0.300000000,-3.376008704,-0.836985026,0.015897647,2.142040155,1.462852190,1010,335,0
80.300000000,34.300000000,31.300000000,-3.769375000,1.267500000,-0.300000000,0.081250000,-0.025000000,-3.771650000,1.268200000,-0.300000000,-3.376008704,-0.836985026,0.015897647,2.142040155,1.462852190,1010,335,0
80.400000000,34.400000000,31.400000000,-3.761250000,1.265000000,-0.300000000,0.081250000,-0.025000000,-3.763362500,1.265650000,-0.300000000,-3.349491163,-0.836556111,0.016567469,2.142559221,1.460289291,1013,336,0
80.400000000,34.400000000,31.400000000,-3.761250000,1.265000000,-0.300000000,0.081250000,-0.025000000,-3.763362500,1.265650000,-0.300000000,-3.349491163,-0.836556111,0.016567469,2.142559221,1.460289291,1013,336,0
80.500000000,34.500000000,31.500000000,-3.753125000,1.262500000,-0.300000000,0.081250000,-0.025000000,-3.755237500,1.263150000,-0.300000000,-3.322974201,-0.836109202,0.017309683,2.143301369,1.457799697,1016,337,0
80.500000000,34.500000000,31.500000000,-3.753125000,1.262500000,-0.300000000,0.081250000,-0.025000000,-3.755237500,1.263150000,-0.300000000,-3.322974201,-0.836109202,0.017309683,2.143301369,1.457799697,1016,337,0
80.600000000,34.600000000,31.600000000,-3.745000000,1.260000000,-0.300000000,0.081250000,-0.025000000,-3.746868750,1.260575000,-0.300000000,-3.296457777,-0.835641534,0.018134947,2.144060121,1.455254750,1019,338,0
80.600000000,34.600000000,31.600000000,-3.745000000,1.260000000,-0.300000000,0.081250000,-0.025000000,-3.746868750,1.260575000,-0.300000000,-3.296457777,-0.835641534,0.018134947,2.144060121,1.455254750,1019,338,0
80.700000000,34.700000000,31.700000000,-3.736875000,1.257500000,-0.300000000,0.081250000,-0.025000000,-3.738581250,1.258025000,-0.300000000,-3.269942517,-0.835150117,0.019108536,2.144995182,1.452776729,1022,339,0
80.700000000,34.700000000,31.700000000,-3.736875000,1.257500000,-0.300000000,0.081250000,-0.025000000,-3.738581250,1.258025000,-0.300000000,-3.269942517,-0.835150117,0.019108536,2.144995182,1.452776729,1022,339,0
80.800000000,34.800000000,31.800000000,-3.728750000,1.255000000,-0.300000000,0.081250000,-0.025000000,-3.730293750,1.255475000,-0.300000000,-3.243428384,-0.834631538,0.020278879,2.146062260,1.450355522,1025,340,0
80.800000000,34.800000000,31.800000000,-3.728750000,1.255000000,-0.300000000,0.081250000,-0.025000000,-3.730293750,1.255475000,-0.300000000,-3.243428384,-0.834631538,0.020278879,2.146062260,1.450355522,1025,340,0
80.900000000,34.900000000,31.900000000,-3.720625000,1.252500000,-0.300000000,0.081250000,-0.025000000,-3.721925000,1.252900000,-0.300000000,-3.216916159,-0.834078335,0.021743568,2.147210400,1.447992846,1028,341,0
80.900000000,34.900000000,31.900000000,-3.720625000,1.252500000,-0.300000000,0.081250000,-0.025000000,-3.721925000,1.252900000,-0.300000000,-3.216916159,-0.834078335,0.021743568,2.147210400,1.447992846,1028,341,0
81.000000000,35.000000000,32.000000000,-3.712500000,1.250000000,-0.300000000,0.081250000,-0.025000000,-3.713718750,1.250375000,-0.300000000,-3.190405713,-0.833482747,0.023525823,2.148562227,1.445781782,1031,342,0
81.000000000,35.000000000,32.000000000,-3.712500000,1.250000000,-0.300000000,0.081250000,-0.025000000,-3.713718750,1.250375000,-0.300000000,-3.190405713,-0.833482747,0.023525823,2.148562227,1.445781782,1031,342,0
81.100000000,35.100000000,32.100000000,-3.704375000,1.247500000,-0.300000000,0.081250000,-0.025000000,-3.705350000,1.247800000,-0.300000000,-3.163897271,-0.832837532,0.025572934,2.149935719,1.443606461,1034,343,0
81.100000000,35.100000000,32.100000000,-3.704375000,1.247500000,-0.300000000,0.081250000,-0.025000000,-3.705350000,1.247800000,-0.300000000,-3.163897271,-0.832837532,0.025572934,2.149935719,1.443606461,1034,343,0
81.200000000,35.200000000,32.200000000,-3.696250000,1.245000000,-0.300000000,0.081250000,-0.025000000,-3.697143750,1.245275000,-0.300000000,-3.137391860,-0.832132725,0.028093839,2.151498323,1.441642248,1037,344,0
81.200000000,35.200000000,32.200000000,-3.696250000,1.245000000,-0.300000000,0.081250000,-0.025000000,-3.697143750,1.245275000,-0.300000000,-3.137391860,-0.832132725,0.028093839,2.151498323,1.441642248,1037,344,0
81.300000000,35.300000000,32.300000000,-3.688125000,1.242500000,-0.300000000,0.081250000,-0.025000000,-3.688856250,1.242725000,-0.300000000,-3.110890305,-0.831356120,0.031078834,2.153104068,1.439812446,1040,345,0
81.300000000,35.300000000,32.300000000,-3.688125000,1.242500000,-0.300000000,0.081250000,-0.025000000,-3.688856250,1.242725000,-0.300000000,-3.110890305,-0.831356120,0.031078834,2.153104068,1.439812446,1040,345,0
81.400000000,35.400000000,32.400000000,-3.680000000,1.240000000,-0.300000000,0.081250000,-0.025000000,-3.680487500,1.240150000,-0.300000000,-3.084392953,-0.830495386,0.034554392,2.154739200,1.438161740,1043,346,0
81.400000000,35.400000000,32.400000000,-3.680000000,1.240000000,-0.300000000,0.081250000,-0.025000000,-3.680487500,1.240150000,-0.300000000,-3.084392953,-0.830495386,0.034554392,2.154739200,1.438161740,1043,346,0
81.500000000,35.500000000,32.500000000,-3.671875000,1.237500000,-0.300000000,0.081250000,-0.025000000,-3.672281250,1.237625000,-0.300000000,-3.057900453,-0.829536948,0.038511142,2.156530149,1.436837181,1046,347,0
81.500000000,35.500000000,32.500000000,-3.671875000,1.237500000,-0.300000000,0.081250000,-0.025000000,-3.672281250,1.237625000,-0.300000000,-3.057900453,-0.829536948,0.038511142,2.156530149,1.436837181,1046,347,0
81.600000000,35.600000000,32.600000000,-3.663750000,1.235000000,-0.300000000,0.081250000,-0.025000000,-3.666837500,1.235950000,-0.300000000,-3.040241887,-0.828837825,0.041385014,2.157769873,1.436099325,1048,348,0
81.600000000,35.600000000,32.600000000,-3.663750000,1.235000000,-0.300000000,0.081250000,-0.025000000,-3.664075000,1.235100000,-0.300000000,-3.031413628,-0.828469104,0.042902970,2.158373892,1.435757970,1049,348,0
81.700000000,35.700000000,32.700000000,-3.655625000,1.232500000,-0.300000000,0.081250000,-0.025000000,-3.658550000,1.233400000,-0.300000000,-3.013759763,-0.827690535,0.046125949,2.159594555,1.435164489,1051,349,0
81.700000000,35.700000000,32.700000000,-3.655625000,1.232500000,-0.300000000,0.081250000,-0.025000000,-3.658550000,1.233400000,-0.300000000,-3.013759763,-0.827690535,0.046125949,2.159594555,1.435164489,1051,349,0
81.800000000,35.800000000,32.800000000,-3.647500000,1.230000000,-0.300000000,0.081250000,-0.025000000,-3.650181250,1.230825000,-0.300000000,-2.987286032,-0.826410856,0.051452371,2.161399879,1.434462869,1054,350,0
81.800000000,35.800000000,32.800000000,-3.647500000,1.230000000,-0.300000000,0.081250000,-0.025000000,-3.650181250,1.230825000,-0.300000000,-2.987286032,-0.826410856,0.051452371,2.161399879,1.434462869,1054,350,0
81.900000000,35.900000000,32.900000000,-3.639375000,1.227500000,-0.300000000,0.081250000,-0.025000000,-3.641975000,1.228300000,-0.300000000,-2.960821368,-0.824984344,0.057270098,2.163318485,1.434042793,1057,351,0
81.900000000,35.900000000,32.900000000,-3.639375000,1.227500000,-0.300000000,0.081250000,-0.025000000,-3.641975000,1.228300000,-0.300000000,-2.960821368,-0.824984344,0.057270098,2.163318485,1.434042793,1057,351,0
82.000000000,36.000000000,33.000000000,-3.631250000,1.225000000,-0.300000000,0.081250000,-0.025000000,-3.633606250,1.225725000,-0.300000000,-2.934366713,-0.823400074,0.063457951,2.165144221,1.433723997,1060,352,0
82.000000000,36.000000000,33.000000000,-3.631250000,1.225000000,-0.300000000,0.081250000,-0.025000000,-3.633606250,1.225725000,-0.300000000,-2.934366713,-0.823400074,0.063457951,2.165144221,1.433723997,1060,352,0
82.100000000,36.100000000,33.100000000,-3.623125000,1.222500000,-0.300000000,0.081250000,-0.025000000,-3.625318750,1.223175000,-0.300000000,-2.907923640,-0.821648270,0.069972493,2.167015909,1.433579965,1063,353,0
82.100000000,36.100000000,33.100000000,-3.623125000,1.222500000,-0.300000000,0.081250000,-0.025000000,-3.625318750,1.223175000,-0.300000000,-2.907923640,-0.821648270,0.069972493,2.167015909,1.433579965,1063,353,0
82.200000000,36.200000000,33.200000000,-3.615000000,1.220000000,-0.300000000,0.081250000,-0.025000000,-3.616950000,1.220600000,-0.300000000,-2.881493316,-0.819721437,0.076714606,2.168826434,1.433503040,1066,354,0
82.200000000,36.200000000,33.200000000,-3.615000000,1.220000000,-0.300000000,0.081250000,-0.025000000,-3.616950000,1.220600000,-0.300000000,-2.881493316,-0.819721437,0.076714606,2.168826434,1.433503040,1066,354,0
82.300000000,36.300000000,33.300000000,-3.606875000,1.217500000,-0.300000000,0.081250000,-0.025000000,-3.608743750,1.218075000,-0.300000000,-2.855077655,-0.817614470,0.083651576,2.170724350,1.433583727,1069,355,0
82.300000000,36.300000000,33.300000000,-3.606875000,1.217500000,-0.300000000,0.081250000,-0.025000000,-3.608743750,1.218075000,-0.300000000,-2.855077655,-0.817614470,0.083651576,2.170724350,1.433583727,1069,355,0
82.400000000,36.400000000,33.400000000,-3.598750000,1.215000000,-0.300000000,0.081250000,-0.025000000,-3.600375000,1.215500000,-0.300000000,-2.828678090,-0.815322679,0.090710914,2.172500144,1.433651018,1072,356,0
82.400000000,36.400000000,33.400000000,-3.598750000,1.215000000,-0.300000000,0.081250000,-0.025000000,-3.600375000,1.215500000,-0.300000000,-2.828678090,-0.815322679,0.090710914,2.172500144,1.433651018,1072,356,0
82.500000000,36.500000000,33.500000000,-3.590625000,1.212500000,-0.300000000,0.081250000,-0.025000000,-3.592168750,1.212975000,-0.300000000,-2.802295754,-0.812843404,0.097851570,2.174359574,1.433836708,1075,357,0
82.500000000,36.500000000,33.500000000,-3.590625000,1.212500000,-0.300000000,0.081250000,-0.025000000,-3.592168750,1.212975000,-0.300000000,-2.802295754,-0.812843404,0.097851570,2.174359574,1.433836708,1075,357,0
82.600000000,36.600000000,33.600000000,-3.582500000,1.210000000,-0.300000000,0.081250000,-0.025000000,-3.583800000,1.210400000,-0.300000000,-2.775931926,-0.810175291,0.105025867,2.176091756,1.433974398,1078,358,0
82.600000000,36.600000000,33.600000000,-3.582500000,1.210000000,-0.300000000,0.081250000,-0.025000000,-3.583800000,1.210400000,-0.300000000,-2.775931926,-0.810175291,0.105025867,2.176091756,1.433974398,1078,358,0
82.700000000,36.700000000,33.700000000,-3.574375000,1.207500000,-0.300000000,0.081250000,-0.025000000,-3.575512500,1.207850000,-0.300000000,-2.749587764,-0.807318499,0.112188731,2.177855769,1.434165134,1081,359,0
82.700000000,36.700000000,33.700000000,-3.574375000,1.207500000,-0.300000000,0.081250000,-0.025000000,-3.575512500,1.207850000,-0.300000000,-2.749587764,-0.807318499,0.112188731,2.177855769,1.434165134,1081,359,0
82.800000000,36.800000000,33.800000000,-3.566250000,1.205000000,-0.300000000,0.081250000,-0.025000000,-3.567225000,1.205300000,-0.300000000,-2.723264258,-0.804273264,0.119259743,2.179599604,1.434347107,1084,360,0
82.800000000,36.800000000,33.800000000,-3.566250000,1.205000000,-0.300000000,0.081250000,-0.025000000,-3.567225000,1.205300000,-0.300000000,-2.723264258,-0.804273264,0.119259743,2.179599604,1.434347107,1084,360,0
82.900000000,36.900000000,33.900000000,-3.558125000,1.202500000,-0.300000000,0.081250000,-0.025000000,-3.558937500,1.202750000,-0.300000000,-2.696962125,-0.801043016,0.126207792,2.181327118,1.434515312,1087,361,0
82.900000000,36.900000000,33.900000000,-3.558125000,1.202500000,-0.300000000,0.081250000,-0.025000000,-3.558937500,1.202750000,-0.300000000,-2.696962125,-0.801043016,0.126207792,2.181327118,1.434515312,1087,361,0
83.000000000,37.000000000,34.000000000,-3.550000000,1.200000000,-0.300000000,0.081250000,-0.025000000,-3.550650000,1.200200000,-0.300000000,-2.670681867,-0.797632140,0.133039562,2.183043099,1.434677404,1090,362,0
83.000000000,37.000000000,34.000000000,-3.550000000,1.200000000,-0.300000000,0.081250000,-0.025000000,-3.550650000,1.200200000,-0.300000000,-2.670681867,-0.797632140,0.133039562,2.183043099,1.434677404,1090,362,0
83.100000000,37.100000000,34.100000000,-3.541875000,1.197500000,-0.300000000,0.081250000,-0.025000000,-3.542443750,1.197675000,-0.300000000,-2.644425958,-0.794040571,0.139922664,2.184803623,1.434928230,1093,363,0
83.100000000,37.100000000,34.100000000,-3.541875000,1.197500000,-0.300000000,0.081250000,-0.025000000,-3.542443750,1.197675000,-0.300000000,-2.644425958,-0.794040571,0.139922664,2.184803623,1.434928230,1093,363,0
83.200000000,37.200000000,34.200000000,-3.533750000,1.195000000,-0.300000000,0.081250000,-0.025000000,-3.534075000,1.195100000,-0.300000000,-2.618196004,-0.790268793,0.146770484,2.186440848,1.435112573,1096,364,0
83.200000000,37.200000000,34.200000000,-3.533750000,1.195000000,-0.300000000,0.081250000,-0.025000000,-3.534075000,1.195100000,-0.300000000,-2.618196004,-0.790268793,0.146770484,2.186440848,1.435112573,1096,364,0
83.300000000,37.300000000,34.300000000,-3.525625000,1.192500000,-0.300000000,0.081250000,-0.025000000,-3.528712500,1.193450000,-0.300000000,-2.600723600,-0.787655577,0.151233633,2.187679755,1.435342220,1098,365,0
83.300000000,37.300000000,34.300000000,-3.525625000,1.192500000,-0.300000000,0.081250000,-0.025000000,-3.525950000,1.192600000,-0.300000000,-2.591991766,-0.786319519,0.153439803,2.188241405,1.435411286,1099,365,0
83.400000000,37.400000000,34.400000000,-3.517500000,1.190000000,-0.300000000,0.081250000,-0.025000000,-3.520262500,1.190850000,-0.300000000,-2.574536772,-0.783589612,0.157781102,2.189248486,1.435450426,1101,366,0
83.400000000,37.400000000,34.400000000,-3.517500000,1.190000000,-0.300000000,0.081250000,-0.025000000,-3.520262500,1.190850000,-0.300000000,-2.574536772,-0.783589612,0.157781102,2.189248486,1.435450426,1101,366,0
83.500000000,37.500000000,34.500000000,-3.509375000,1.187500000,-0.300000000,0.081250000,-0.025000000,-3.512056250,1.188325000,-0.300000000,-2.548375640,-0.779354371,0.164194208,2.190991197,1.435699672,1104,367,0
83.500000000,37.500000000,34.500000000,-3.509375000,1.187500000,-0.300000000,0.081250000,-0.025000000,-3.512056250,1.188325000,-0.300000000,-2.548375640,-0.779354371,0.164194208,2.190991197,1.435699672,1104,367,0
83.600000000,37.600000000,34.600000000,-3.501250000,1.185000000,-0.300000000,0.081250000,-0.025000000,-3.503687500,1.185750000,-0.300000000,-2.522242209,-0.774951742,0.170655927,2.192620847,1.435918073,1107,368,0
83.600000000,37.600000000,34.600000000,-3.501250000,1.185000000,-0.300000000,0.081250000,-0.025000000,-3.503687500,1.185750000,-0.300000000,-2.522242209,-0.774951742,0.170655927,2.192620847,1.435918073,1107,368,0
83.700000000,37.700000000,34.700000000,-3.493125000,1.182500000,-0.300000000,0.081250000,-0.025000000,-3.495481250,1.183225000,-0.300000000,-2.496138923,-0.770377052,0.177389151,2.194366894,1.436354038,1110,369,0
83.700000000,37.700000000,34.700000000,-3.493125000,1.182500000,-0.300000000,0.081250000,-0.025000000,-3.495481250,1.183225000,-0.300000000,-2.496138923,-0.770377052,0.177389151,2.194366894,1.436354038,1110,369,0
83.800000000,37.800000000,34.800000000,-3.485000000,1.180000000,-0.300000000,0.081250000,-0.025000000,-3.487193750,1.180675000,-0.300000000,-2.470068291,-0.765623086,0.184445135,2.196046548,1.436872736,1113,370,0
83.800000000,37.800000000,34.800000000,-3.485000000,1.180000000,-0.300000000,0.081250000,-0.025000000,-3.487193750,1.180675000,-0.300000000,-2.470068291,-0.765623086,0.184445135,2.196046548,1.436872736,1113,370,0
83.900000000,37.900000000,34.900000000,-3.476875000,1.177500000,-0.300000000,0.081250000,-0.025000000,-3.478825000,1.178100000,-0.300000000,-2.444033053,-0.760682716,0.191754439,2.197651654,1.437443478,1116,371,0
83.900000000,37.900000000,34.900000000,-3.476875000,1.177500000,-0.300000000,0.081250000,-0.025000000,-3.478825000,1.178100000,-0.300000000,-2.444033053,-0.760682716,0.191754439,2.197651654,1.437443478,1116,371,0
84.000000000,38.000000000,35.000000000,-3.468750000,1.175000000,-0.300000000,0.081250000,-0.025000000,-3.470862500,1.175650000,-0.300000000,-2.418035582,-0.755551426,0.199036583,2.199541650,1.438281110,1119,372,0
84.000000000,38.000000000,35.000000000,-3.468750000,1.175000000,-0.300000000,0.081250000,-0.025000000,-3.470862500,1.175650000,-0.300000000,-2.418035582,-0.755551426,0.199036583,2.199541650,1.438281110,1119,372,0
84.100000000,38.100000000,35.100000000,-3.460625000,1.172500000,-0.300000000,0.081250000,-0.025000000,-3.462331250,1.173025000,-0.300000000,-2.392075072,-0.750233852,0.206022739,2.200993616,1.438709659,1122,373,0
84.100000000,38.100000000,35.100000000,-3.460625000,1.172500000,-0.300000000,0.081250000,-0.025000000,-3.462331250,1.173025000,-0.300000000,-2.392075072,-0.750233852,0.206022739,2.200993616,1.438709659,1122,373,0
84.200000000,38.200000000,35.200000000,-3.452500000,1.170000000,-0.300000000,0.081250000,-0.025000000,-3.453962500,1.170450000,-0.300000000,-2.366149904,-0.744739049,0.212609563,2.202563357,1.439163909,1125,374,0
84.200000000,38.200000000,35.200000000,-3.452500000,1.170000000,-0.300000000,0.081250000,-0.025000000,-3.453962500,1.170450000,-0.300000000,-2.366149904,-0.744739049,0.212609563,2.202563357,1.439163909,1125,374,0
84.300000000,38.300000000,35.300000000,-3.444375000,1.167500000,-0.300000000,0.081250000,-0.025000000,-3.445756250,1.167925000,-0.300000000,-2.340258524,-0.739078206,0.218702062,2.204265513,1.439635911,1128,375,0
84.300000000,38.300000000,35.300000000,-3.444375000,1.167500000,-0.300000000,0.081250000,-0.025000000,-3.445756250,1.167925000,-0.300000000,-2.340258524,-0.739078206,0.218702062,2.204265513,1.439635911,1128,375,0
84.400000000,38.400000000,35.400000000,-3.436250000,1.165000000,-0.300000000,0.081250000,-0.025000000,-3.437468750,1.165375000,-0.300000000,-2.314399191,-0.733264196,0.224369518,2.205927476,1.440005217,1131,376,0
84.400000000,38.400000000,35.400000000,-3.436250000,1.165000000,-0.300000000,0.081250000,-0.025000000,-3.437468750,1.165375000,-0.300000000,-2.314399191,-0.733264196,0.224369518,2.205927476,1.440005217,1131,376,0
84.500000000,38.500000000,35.500000000,-3.428125000,1.162500000,-0.300000000,0.081250000,-0.025000000,-3.429181250,1.162825000,-0.300000000,-2.288570417,-0.727308064,0.229627743,2.207622267,1.440342976,1134,377,0
84.500000000,38.500000000,35.500000000,-3.428125000,1.162500000,-0.300000000,0.081250000,-0.025000000,-3.429181250,1.162825000,-0.300000000,-2.288570417,-0.727308064,0.229627743,2.207622267,1.440342976,1134,377,0
84.600000000,38.600000000,35.600000000,-3.420000000,1.160000000,-0.300000000,0.081250000,-0.025000000,-3.420812500,1.160250000,-0.300000000,-2.262770894,-0.721219755,0.234499599,2.209295996,1.440613594,1137,378,0
84.600000000,38.600000000,35.600000000,-3.420000000,1.160000000,-0.300000000,0.081250000,-0.025000000,-3.420812500,1.160250000,-0.300000000,-2.262770894,-0.721219755,0.234499599,2.209295996,1.440613594,1137,378,0
84.700000000,38.700000000,35.700000000,-3.411875000,1.157500000,-0.300000000,0.081250000,-0.025000000,-3.412606250,1.157725000,-0.300000000,-2.236998422,-0.715011120,0.238825757,2.211152265,1.440955134,1140,379,0
84.700000000,38.700000000,35.700000000,-3.411875000,1.157500000,-0.300000000,0.081250000,-0.025000000,-3.412606250,1.157725000,-0.300000000,-2.236998422,-0.715011120,0.238825757,2.211152265,1.440955134,1140,379,0
84.800000000,38.800000000,35.800000000,-3.403750000,1.155000000,-0.300000000,0.081250000,-0.025000000,-3.404318750,1.155175000,-0.300000000,-2.211250039,-0.708698190,0.242502319,2.213015187,1.441194229,1143,380,0
84.800000000,38.800000000,35.800000000,-3.403750000,1.155000000,-0.300000000,0.081250000,-0.025000000,-3.404318750,1.155175000,-0.300000000,-2.211250039,-0.708698190,0.242502319,2.213015187,1.441194229,1143,380,0
84.900000000,38.900000000,35.900000000,-3.395625000,1.152500000,-0.300000000,0.081250000,-0.025000000,-3.396031250,1.152625000,-0.300000000,-2.185522224,-0.702296752,0.245572368,2.214964290,1.441420235,1146,381,0
84.900000000,38.900000000,35.900000000,-3.395625000,1.152500000,-0.300000000,0.081250000,-0.025000000,-3.396031250,1.152625000,-0.300000000,-2.185522224,-0.702296752,0.245572368,2.214964290,1.441420235,1146,381,0
85.000000000,39.000000000,36.000000000,-3.387500000,1.150000000,-0.300000000,0.081250000,-0.025000000,-3.390506250,1.150925000,-0.300000000,-2.168379279,-0.697987749,0.247267590,2.216319626,1.441571114,1148,382,0
85.000000000,39.000000000,36.000000000,-3.387500000,1.150000000,-0.300000000,0.081250000,-0.025000000,-3.387743750,1.150075000,-0.300000000,-2.159810108,-0.695822567,0.248044771,2.217015755,1.441658405,1149,382,0
85.100000000,39.100000000,36.100000000,-3.379375000,1.147500000,-0.300000000,0.081250000,-0.025000000,-3.382218750,1.148375000,-0.300000000,-2.142676160,-0.691472957,0.249442632,2.218446830,1.441855508,1151,383,0
85.100000000,39.100000000,36.100000000,-3.379375000,1.147500000,-0.300000000,0.081250000,-0.025000000,-3.382218750,1.148375000,-0.300000000,-2.142676160,-0.691472957,0.249442632,2.218446830,1.441855508,1151,383,0
85.200000000,39.200000000,36.200000000,-3.371250000,1.145000000,-0.300000000,0.081250000,-0.025000000,-3.373931250,1.145825000,-0.300000000,-2.116984146,-0.684907385,0.251135834,2.220697432,1.442214575,1154,384,0
85.200000000,39.200000000,36.200000000,-3.371250000,1.145000000,-0.300000000,0.081250000,-0.025000000,-3.373931250,1.145825000,-0.300000000,-2.116984146,-0.684907385,0.251135834,2.220697432,1.442214575,1154,384,0
85.300000000,39.300000000,36.300000000,-3.363125000,1.142500000,-0.300000000,0.081250000,-0.025000000,-3.365643750,1.143275000,-0.300000000,-2.091300723,-0.678302189,0.252474992,2.223082007,1.442697829,1157,385,0
85.300000000,39.300000000,36.300000000,-3.363125000,1.142500000,-0.300000000,0.081250000,-0.025000000,-3.365643750,1.143275000,-0.300000000,-2.091300723,-0.678302189,0.252474992,2.223082007,1.442697829,1157,385,0
85.400000000,39.400000000,36.400000000,-3.355000000,1.140000000,-0.300000000,0.081250000,-0.025000000,-3.357275000,1.140700000,-0.300000000,-2.065623889,-0.671665334,0.253505696,2.225540541,1.443267561,1160,386,0
85.400000000,39.400000000,36.400000000,-3.355000000,1.140000000,-0.300000000,0.081250000,-0.025000000,-3.357275000,1.140700000,-0.300000000,-2.065623889,-0.671665334,0.253505696,2.225540541,1.443267561,1160,386,0
85.500000000,39.500000000,36.500000000,-3.346875000,1.137500000,-0.300000000,0.081250000,-0.025000000,-3.348987500,1.138150000,-0.300000000,-2.039951980,-0.665006059,0.254180132,2.228215825,1.444047202,1163,387,0
85.500000000,39.500000000,36.500000000,-3.346875000,1.137500000,-0.300000000,0.081250000,-0.025000000,-3.348987500,1.138150000,-0.300000000,-2.039951980,-0.665006059,0.254180132,2.228215825,1.444047202,1163,387,0
85.600000000,39.600000000,36.600000000,-3.338750000,1.135000000,-0.300000000,0.081250000,-0.025000000,-3.340781250,1.135625000,-0.300000000,-2.014283418,-0.658333028,0.254473260,2.231116740,1.445045907,1166,388,0
85.600000000,39.600000000,36.600000000,-3.338750000,1.135000000,-0.300000000,0.081250000,-0.025000000,-3.340781250,1.135625000,-0.300000000,-2.014283418,-0.658333028,0.254473260,2.231116740,1.445045907,1166,388,0
85.700000000,39.700000000,36.700000000,-3.330625000,1.132500000,-0.300000000,0.081250000,-0.025000000,-3.332493750,1.133075000,-0.300000000,-1.988614784,-0.651657271,0.254345661,2.234117265,1.446145003,1169,389,0
85.700000000,39.700000000,36.700000000,-3.330625000,1.132500000,-0.300000000,0.081250000,-0.025000000,-3.332493750,1.133075000,-0.300000000,-1.988614784,-0.651657271,0.254345661,2.234117265,1.446145003,1169,389,0
85.800000000,39.800000000,36.800000000,-3.322500000,1.130000000,-0.300000000,0.081250000,-0.025000000,-3.324206250,1.130525000,-0.300000000,-1.962942664,-0.644988742,0.253844259,2.237294705,1.447433508,1172,390,0
85.800000000,39.800000000,36.800000000,-3.322500000,1.130000000,-0.300000000,0.081250000,-0.025000000,-3.324206250,1.130525000,-0.300000000,-1.962942664,-0.644988742,0.253844259,2.237294705,1.447433508,1172,390,0
85.900000000,39.900000000,36.900000000,-3.314375000,1.127500000,-0.300000000,0.081250000,-0.025000000,-3.315837500,1.127950000,-0.300000000,-1.937265208,-0.638335893,0.253070771,2.240586401,1.448881987,1175,391,0
85.900000000,39.900000000,36.900000000,-3.314375000,1.127500000,-0.300000000,0.081250000,-0.025000000,-3.315837500,1.127950000,-0.300000000,-1.937265208,-0.638335893,0.253070771,2.240586401,1.448881987,1175,391,0
86.000000000,40.000000000,37.000000000,-3.306250000,1.125000000,-0.300000000,0.081250000,-0.025000000,-3.307631250,1.125425000,-0.300000000,-1.911581854,-0.631703677,0.252243483,2.244204783,1.450742517,1178,392,0
86.000000000,40.000000000,37.000000000,-3.306250000,1.125000000,-0.300000000,0.081250000,-0.025000000,-3.307631250,1.125425000,-0.300000000,-1.911581854,-0.631703677,0.252243483,2.244204783,1.450742517,1178,392,0
86.100000000,40.100000000,37.100000000,-3.298125000,1.122500000,-0.300000000,0.081250000,-0.025000000,-3.299425000,1.122900000,-0.300000000,-1.885893121,-0.625092487,0.251492081,2.248010255,1.452913259,1181,393,0
86.100000000,40.100000000,37.100000000,-3.298125000,1.122500000,-0.300000000,0.081250000,-0.025000000,-3.299425000,1.122900000,-0.300000000,-1.885893121,-0.625092487,0.251492081,2.248010255,1.452913259,1181,393,0
86.200000000,40.200000000,37.200000000,-3.290000000,1.120000000,-0.300000000,0.081250000,-0.025000000,-3.291056250,1.120325000,-0.300000000,-1.860200742,-0.618497193,0.251056762,2.251854814,1.455301621,1184,394,0
86.200000000,40.200000000,37.200000000,-3.290000000,1.120000000,-0.300000000,0.081250000,-0.025000000,-3.291056250,1.120325000,-0.300000000,-1.860200742,-0.618497193,0.251056762,2.251854814,1.455301621,1184,394,0
86.300000000,40.300000000,37.300000000,-3.281875000,1.117500000,-0.300000000,0.081250000,-0.025000000,-3.282768750,1.117775000,-0.300000000,-1.834507361,-0.611910118,0.250941685,2.255941413,1.458094862,1187,395,0
86.300000000,40.300000000,37.300000000,-3.281875000,1.117500000,-0.300000000,0.081250000,-0.025000000,-3.282768750,1.117775000,-0.300000000,-1.834507361,-0.611910118,0.250941685,2.255941413,1.458094862,1187,395,0
86.400000000,40.400000000,37.400000000,-3.273750000,1.115000000,-0.300000000,0.081250000,-0.025000000,-3.274400000,1.115200000,-0.300000000,-1.808816723,-0.605322332,0.251225990,2.260117571,1.461157157,1190,396,0
86.400000000,40.400000000,37.400000000,-3.273750000,1.115000000,-0.300000000,0.081250000,-0.025000000,-3.274400000,1.115200000,-0.300000000,-1.808816723,-0.605322332,0.251225990,2.260117571,1.461157157,1190,396,0
86.500000000,40.500000000,37.500000000,-3.265625000,1.112500000,-0.300000000,0.081250000,-0.025000000,-3.266193750,1.112675000,-0.300000000,-1.783131010,-0.598722620,0.251952943,2.264587579,1.464686035,1193,397,0
86.500000000,40.500000000,37.500000000,-3.265625000,1.112500000,-0.300000000,0.081250000,-0.025000000,-3.266193750,1.112675000,-0.300000000,-1.783131010,-0.598722620,0.251952943,2.264587579,1.464686035,1193,397,0
86.600000000,40.600000000,37.600000000,-3.257500000,1.110000000,-0.300000000,0.081250000,-0.025000000,-3.257906250,1.110125000,-0.300000000,-1.757453120,-0.592098519,0.253261882,2.269124171,1.468481996,1196,398,0
86.600000000,40.600000000,37.600000000,-3.257500000,1.110000000,-0.300000000,0.081250000,-0.025000000,-3.257906250,1.110125000,-0.300000000,-1.757453120,-0.592098519,0.253261882,2.269124171,1.468481996,1196,398,0
86.700000000,40.700000000,37.700000000,-3.249375000,1.107500000,-0.300000000,0.081250000,-0.025000000,-3.252543750,1.108475000,-0.300000000,-1.740340673,-0.587661573,0.254454767,2.272363840,1.471328558,1198,399,0
86.700000000,40.700000000,37.700000000,-3.249375000,1.107500000,-0.300000000,0.081250000,-0.025000000,-3.249781250,1.107625000,-0.300000000,-1.731786695,-0.585435192,0.255118116,2.273930580,1.472726105,1199,399,0
86.800000000,40.800000000,37.800000000,-3.241250000,1.105000000,-0.300000000,0.081250000,-0.025000000,-3.243931250,1.105825000,-0.300000000,-1.714683973,-0.580964175,0.256615808,2.276808063,1.475328763,1201,400,0
86.800000000,40.800000000,37.800000000,-3.241250000,1.105000000,-0.300000000,0.081250000,-0.025000000,-3.243931250,1.105825000,-0.300000000,-1.714683973,-0.580964175,0.256615808,2.276808063,1.475328763,1201,400,0
86.900000000,40.900000000,37.900000000,-3.233125000,1.102500000,-0.300000000,0.081250000,-0.025000000,-3.235806250,1.103325000,-0.300000000,-1.689044530,-0.574205474,0.259312989,2.281793222,1.480026107,1204,401,0
86.900000000,40.900000000,37.900000000,-3.233125000,1.102500000,-0.300000000,0.081250000,-0.025000000,-3.235806250,1.103325000,-0.300000000,-1.689044530,-0.574205474,0.259312989,2.281793222,1.480026107,1204,401,0
87.000000000,41.000000000,38.000000000,-3.225000000,1.100000000,-0.300000000,0.081250000,-0.025000000,-3.227518750,1.100775000,-0.300000000,-1.663425759,-0.567373439,0.262452036,2.286723879,1.484817225,1207,402,0
87.000000000,41.000000000,38.000000000,-3.225000000,1.100000000,-0.300000000,0.081250000,-0.025000000,-3.227518750,1.100775000,-0.300000000,-1.663425759,-0.567373439,0.262452036,2.286723879,1.484817225,1207,402,0
87.100000000,41.100000000,38.100000000,-3.216875000,1.097500000,-0.300000000,0.081250000,-0.025000000,-3.219231250,1.098225000,-0.300000000,-1.637830691,-0.560457364,0.265889386,2.291736223,1.489803980,1210,403,0
87.100000000,41.100000000,38.100000000,-3.216875000,1.097500000,-0.300000000,0.081250000,-0.025000000,-3.219231250,1.098225000,-0.300000000,-1.637830691,-0.560457364,0.265889386,2.291736223,1.489803980,1210,403,0
87.200000000,41.200000000,38.200000000,-3.208750000,1.095000000,-0.300000000,0.081250000,-0.025000000,-3.210862500,1.095650000,-0.300000000,-1.612261812,-0.553450748,0.269583365,2.296749319,1.494895713,1213,404,0
87.200000000,41.200000000,38.200000000,-3.208750000,1.095000000,-0.300000000,0.081250000,-0.025000000,-3.210862500,1.095650000,-0.300000000,-1.612261812,-0.553450748,0.269583365,2.296749319,1.494895713,1213,404,0
87.300000000,41.300000000,38.300000000,-3.200625000,1.092500000,-0.300000000,0.081250000,-0.025000000,-3.202656250,1.093125000,-0.300000000,-1.586720865,-0.546348195,0.273477568,2.301981652,1.500294786,1216,405,0
87.300000000,41.300000000,38.300000000,-3.200625000,1.092500000,-0.300000000,0.081250000,-0.025000000,-3.202656250,1.093125000,-0.300000000,-1.586720865,-0.546348195,0.273477568,2.301981652,1.500294786,1216,405,0
87.400000000,41.400000000,38.400000000,-3.192500000,1.090000000,-0.300000000,0.081250000,-0.025000000,-3.194287500,1.090550000,-0.300000000,-1.561208654,-0.539144033,0.277515006,2.307130069,1.505690342,1219,406,0
87.400000000,41.400000000,38.400000000,-3.192500000,1.090000000,-0.300000000,0.081250000,-0.025000000,-3.194287500,1.090550000,-0.300000000,-1.561208654,-0.539144033,0.277515006,2.307130069,1.505690342,1219,406,0
87.500000000,41.500000000,38.500000000,-3.184375000,1.087500000,-0.300000000,0.081250000,-0.025000000,-3.186081250,1.088025000,-0.300000000,-1.535725567,-0.531836423,0.281608271,2.312493224,1.511361309,1222,407,0
87.500000000,41.500000000,38.500000000,-3.184375000,1.087500000,-0.300000000,0.081250000,-0.025000000,-3.186081250,1.088025000,-0.300000000,-1.535725567,-0.531836423,0.281608271,2.312493224,1.511361309,1222,407,0
87.600000000,41.600000000,38.600000000,-3.176250000,1.085000000,-0.300000000,0.081250000,-0.025000000,-3.177793750,1.085475000,-0.300000000,-1.510272243,-0.524424157,0.285685975,2.317844532,1.517071112,1225,408,0
87.600000000,41.600000000,38.600000000,-3.176250000,1.085000000,-0.300000000,0.081250000,-0.025000000,-3.177793750,1.085475000,-0.300000000,-1.510272243,-0.524424157,0.285685975,2.317844532,1.517071112,1225,408,0
87.700000000,41.700000000,38.700000000,-3.168125000,1.082500000,-0.300000000,0.081250000,-0.025000000,-3.169506250,1.082925000,-0.300000000,-1.484848230,-0.516908774,0.289670470,2.323260801,1.522883149,1228,409,0
87.700000000,41.700000000,38.700000000,-3.168125000,1.082500000,-0.300000000,0.081250000,-0.025000000,-3.169506250,1.082925000,-0.300000000,-1.484848230,-0.516908774,0.289670470,2.323260801,1.522883149,1228,409,0
87.800000000,41.800000000,38.800000000,-3.160000000,1.080000000,-0.300000000,0.081250000,-0.025000000,-3.161300000,1.080400000,-0.300000000,-1.459453149,-0.509293969,0.293512574,2.328821509,1.528869328,1231,410,0
87.800000000,41.800000000,38.800000000,-3.160000000,1.080000000,-0.300000000,0.081250000,-0.025000000,-3.161300000,1.080400000,-0.300000000,-1.459453149,-0.509293969,0.293512574,2.328821509,1.528869328,1231,410,0
87.900000000,41.900000000,38.900000000,-3.151875000,1.077500000,-0.300000000,0.081250000,-0.025000000,-3.152931250,1.077825000,-0.300000000,-1.434087237,-0.501582474,0.297204414,2.334299190,1.534802429,1234,411,0
87.900000000,41.900000000,38.900000000,-3.151875000,1.077500000,-0.300000000,0.081250000,-0.025000000,-3.152931250,1.077825000,-0.300000000,-1.434087237,-0.501582474,0.297204414,2.334299190,1.534802429,1234,411,0
88.000000000,42.000000000,39.000000000,-3.143750000,1.075000000,-0.300000000,0.081250000,-0.025000000,-3.144562500,1.075250000,-0.300000000,-1.408749204,-0.493780056,0.300672125,2.339851088,1.540828799,1237,412,0
88.000000000,42.000000000,39.000000000,-3.143750000,1.075000000,-0.300000000,0.081250000,-0.025000000,-3.144562500,1.075250000,-0.300000000,-1.408749204,-0.493780056,0.300672125,2.339851088,1.540828799,1237,412,0
88.100000000,42.100000000,39.100000000,-3.135625000,1.072500000,-0.300000000,0.081250000,-0.025000000,-3.136356250,1.072725000,-0.300000000,-1.383436954,-0.485893229,0.303825227,2.345637833,1.547097751,1240,413,0
88.100000000,42.100000000,39.100000000,-3.135625000,1.072500000,-0.300000000,0.081250000,-0.025000000,-3.136356250,1.072725000,-0.300000000,-1.383436954,-0.485893229,0.303825227,2.345637833,1.547097751,1240,413,0
88.200000000,42.200000000,39.200000000,-3.127500000,1.070000000,-0.300000000,0.081250000,-0.025000000,-3.127987500,1.070150000,-0.300000000,-1.358147384,-0.477929594,0.306649719,2.351358005,1.553308061,1243,414,0
88.200000000,42.200000000,39.200000000,-3.127500000,1.070000000,-0.300000000,0.081250000,-0.025000000,-3.127987500,1.070150000,-0.300000000,-1.358147384,-0.477929594,0.306649719,2.351358005,1.553308061,1243,414,0
88.300000000,42.300000000,39.300000000,-3.119375000,1.067500000,-0.300000000,0.081250000,-0.025000000,-3.119781250,1.067625000,-0.300000000,-1.332878015,-0.469897556,0.309140762,2.357328738,1.559779402,1246,415,0
88.300000000,42.300000000,39.300000000,-3.119375000,1.067500000,-0.300000000,0.081250000,-0.025000000,-3.119781250,1.067625000,-0.300000000,-1.332878015,-0.469897556,0.309140762,2.357328738,1.559779402,1246,415,0
88.400000000,42.400000000,39.400000000,-3.111250000,1.065000000,-0.300000000,0.081250000,-0.025000000,-3.114418750,1.065975000,-0.300000000,-1.316041301,-0.464509617,0.310572821,2.361470858,1.564257021,1248,416,0
88.400000000,42.400000000,39.400000000,-3.111250000,1.065000000,-0.300000000,0.081250000,-0.025000000,-3.111656250,1.065125000,-0.300000000,-1.307625538,-0.461806843,0.311235175,2.363482106,1.566438370,1249,416,0
88.500000000,42.500000000,39.500000000,-3.103125000,1.062500000,-0.300000000,0.081250000,-0.025000000,-3.105968750,1.063375000,-0.300000000,-1.290798744,-0.456384618,0.312446554,2.367384939,1.570685467,1251,417,0
88.500000000,42.500000000,39.500000000,-3.103125000,1.062500000,-0.300000000,0.081250000,-0.025000000,-3.105968750,1.063375000,-0.300000000,-1.290798744,-0.456384618,0.312446554,2.367384939,1.570685467,1251,417,0
88.600000000,42.600000000,39.600000000,-3.095000000,1.060000000,-0.300000000,0.081250000,-0.025000000,-3.097681250,1.060825000,-0.300000000,-1.265568752,-0.448215897,0.313920202,2.373571282,1.577396321,1254,418,0
88.600000000,42.600000000,39.600000000,-3.095000000,1.060000000,-0.300000000,0.081250000,-0.025000000,-3.097681250,1.060825000,-0.300000000,-1.265568752,-0.448215897,0.313920202,2.373571282,1.577396321,1254,418,0
88.700000000,42.700000000,39.700000000,-3.086875000,1.057500000,-0.300000000,0.081250000,-0.025000000,-3.089393750,1.058275000,-0.300000000,-1.240348234,-0.440014817,0.314989865,2.379882706,1.584244696,1257,419,0
88.700000000,42.700000000,39.700000000,-3.086875000,1.057500000,-0.300000000,0.081250000,-0.025000000,-3.089393750,1.058275000,-0.300000000,-1.240348234,-0.440014817,0.314989865,2.379882706,1.584244696,1257,419,0
88.800000000,42.800000000,39.800000000,-3.078750000,1.055000000,-0.300000000,0.081250000,-0.025000000,-3.081025000,1.055700000,-0.300000000,-1.215135186,-0.431790100,0.315730142,2.386246340,1.591169332,1260,420,0
88.800000000,42.800000000,39.800000000,-3.078750000,1.055000000,-0.300000000,0.081250000,-0.025000000,-3.081025000,1.055700000,-0.300000000,-1.215135186,-0.431790100,0.315730142,2.386246340,1.591169332,1260,420,0
88.900000000,42.900000000,39.900000000,-3.070625000,1.052500000,-0.300000000,0.081250000,-0.025000000,-3.072981250,1.053225000,-0.300000000,-1.189926669,-0.423550231,0.316102738,2.393064905,1.598575700,1263,421,0
88.900000000,42.900000000,39.900000000,-3.070625000,1.052500000,-0.300000000,0.081250000,-0.025000000,-3.072981250,1.053225000,-0.300000000,-1.189926669,-0.423550231,0.316102738,2.393064905,1.598575700,1263,421,0
89.000000000,43.000000000,40.000000000,-3.062500000,1.050000000,-0.300000000,0.081250000,-0.025000000,-3.064531250,1.050625000,-0.300000000,-1.164718320,-0.415305586,0.316037918,2.399633650,1.605747157,1266,422,0
89.000000000,43.000000000,40.000000000,-3.062500000,1.050000000,-0.300000000,0.081250000,-0.025000000,-3.064531250,1.050625000,-0.300000000,-1.164718320,-0.415305586,0.316037918,2.399633650,1.605747157,1266,422,0
89.100000000,43.100000000,40.100000000,-3.054375000,1.047500000,-0.300000000,0.081250000,-0.025000000,-3.056243750,1.048075000,-0.300000000,-1.139506671,-0.407065994,0.315611549,2.406515395,1.613264854,1269,423,0
89.100000000,43.100000000,40.100000000,-3.054375000,1.047500000,-0.300000000,0.081250000,-0.025000000,-3.056243750,1.048075000,-0.300000000,-1.139506671,-0.407065994,0.315611549,2.406515395,1.613264854,1269,423,0
89.200000000,43.200000000,40.200000000,-3.046250000,1.045000000,-0.300000000,0.081250000,-0.025000000,-3.048200000,1.045600000,-0.300000000,-1.114288488,-0.398840991,0.314793872,2.413798566,1.621219296,1272,424,0
89.200000000,43.200000000,40.200000000,-3.046250000,1.045000000,-0.300000000,0.081250000,-0.025000000,-3.048200000,1.045600000,-0.300000000,-1.114288488,-0.398840991,0.314793872,2.413798566,1.621219296,1272,424,0
89.300000000,43.300000000,40.300000000,-3.038125000,1.042500000,-0.300000000,0.081250000,-0.025000000,-3.039668750,1.042975000,-0.300000000,-1.089060810,-0.390639979,0.313654018,2.420769143,1.628896414,1275,425,0
89.300000000,43.300000000,40.300000000,-3.038125000,1.042500000,-0.300000000,0.081250000,-0.025000000,-3.039668750,1.042975000,-0.300000000,-1.089060810,-0.390639979,0.313654018,2.420769143,1.628896414,1275,425,0
89.400000000,43.400000000,40.400000000,-3.030000000,1.040000000,-0.300000000,0.081250000,-0.025000000,-3.031381250,1.040425000,-0.300000000,-1.063820899,-0.382471551,0.312062067,2.428153275,1.637024155,1278,426,0
89.400000000,43.400000000,40.400000000,-3.030000000,1.040000000,-0.300000000,0.081250000,-0.025000000,-3.031381250,1.040425000,-0.300000000,-1.063820899,-0.382471551,0.312062067,2.428153275,1.637024155,1278,426,0
89.500000000,43.500000000,40.500000000,-3.021875000,1.037500000,-0.300000000,0.081250000,-0.025000000,-3.023337500,1.037950000,-0.300000000,-1.038565886,-0.374347665,0.310093980,2.435960396,1.645623384,1281,427,0
89.500000000,43.500000000,40.500000000,-3.021875000,1.037500000,-0.300000000,0.081250000,-0.025000000,-3.023337500,1.037950000,-0.300000000,-1.038565886,-0.374347665,0.310093980,2.435960396,1.645623384,1281,427,0
89.600000000,43.600000000,40.600000000,-3.013750000,1.035000000,-0.300000000,0.081250000,-0.025000000,-3.014725000,1.035300000,-0.300000000,-1.013293538,-0.366277516,0.307765175,2.443388514,1.653883603,1284,428,0
89.600000000,43.600000000,40.600000000,-3.013750000,1.035000000,-0.300000000,0.081250000,-0.025000000,-3.014725000,1.035300000,-0.300000000,-1.013293538,-0.366277516,0.307765175,2.443388514,1.653883603,1284,428,0
89.700000000,43.700000000,40.700000000,-3.005625000,1.032500000,-0.300000000,0.081250000,-0.025000000,-3.006518750,1.032775000,-0.300000000,-0.988001163,-0.358269095,0.305151031,2.451411210,1.662802960,1287,429,0
89.700000000,43.700000000,40.700000000,-3.005625000,1.032500000,-0.300000000,0.081250000,-0.025000000,-3.006518750,1.032775000,-0.300000000,-0.988001163,-0.358269095,0.305151031,2.451411210,1.662802960,1287,429,0
89.800000000,43.800000000,40.800000000,-2.997500000,1.030000000,-0.300000000,0.081250000,-0.025000000,-2.998150000,1.030200000,-0.300000000,-0.962685925,-0.350329834,0.302262333,2.459466735,1.671812911,1290,430,0
89.800000000,43.800000000,40.800000000,-2.997500000,1.030000000,-0.300000000,0.081250000,-0.025000000,-2.998150000,1.030200000,-0.300000000,-0.962685925,-0.350329834,0.302262333,2.459466735,1.671812911,1290,430,0
89.900000000,43.900000000,40.900000000,-2.989375000,1.027500000,-0.300000000,0.081250000,-0.025000000,-2.989862500,1.027650000,-0.300000000,-0.937345045,-0.342466809,0.298989505,2.467802256,1.681160548,1293,431,0
89.900000000,43.900000000,40.900000000,-2.989375000,1.027500000,-0.300000000,0.081250000,-0.025000000,-2.989862500,1.027650000,-0.300000000,-0.937345045,-0.342466809,0.298989505,2.467802256,1.681160548,1293,431,0
90.000000000,44.000000000,41.000000000,-2.981250000,1.025000000,-0.300000000,0.081250000,-0.025000000,-2.981656250,1.025125000,-0.300000000,-0.911975684,-0.334690484,0.295372539,2.476423994,1.690857818,1296,432,0
90.000000000,44.000000000,41.000000000,-2.981250000,1.025000000,-0.300000000,0.081250000,-0.025000000,-2.981656250,1.025125000,-0.300000000,-0.911975684,-0.334690484,0.295372539,2.476423994,1.690857818,1296,432,0
90.100000000,44.100000000,41.100000000,-2.973125000,1.022500000,-0.300000000,0.081250000,-0.025000000,-2.976131250,1.023425000,-0.300000000,-0.895046237,-0.329558205,0.292815168,2.482232540,1.697420302,1298,433,0
90.100000000,44.100000000,41.100000000,-2.973125000,1.022500000,-0.300000000,0.081250000,-0.025000000,-2.973368750,1.022575000,-0.300000000,-0.886576383,-0.327008578,0.291487927,2.485171667,1.700747711,1299,433,0
90.200000000,44.200000000,41.200000000,-2.965000000,1.020000000,-0.300000000,0.081250000,-0.025000000,-2.967762500,1.020850000,-0.300000000,-0.869626239,-0.321943189,0.288773157,2.491037800,1.707413311,1301,434,0
90.200000000,44.200000000,41.200000000,-2.965000000,1.020000000,-0.300000000,0.081250000,-0.025000000,-2.967762500,1.020850000,-0.300000000,-0.869626239,-0.321943189,0.288773157,2.491037800,1.707413311,1301,434,0
90.300000000,44.300000000,41.300000000,-2.956875000,1.017500000,-0.300000000,0.081250000,-0.025000000,-2.959556250,1.018325000,-0.300000000,-0.844174543,-0.314432841,0.284504381,2.500216637,1.717854760,1304,435,0
90.300000000,44.300000000,41.300000000,-2.956875000,1.017500000,-0.300000000,0.081250000,-0.025000000,-2.959556250,1.018325000,-0.300000000,-0.844174543,-0.314432841,0.284504381,2.500216637,1.717854760,1304,435,0
90.400000000,44.400000000,41.400000000,-2.948750000,1.015000000,-0.300000000,0.081250000,-0.025000000,-2.951187500,1.015750000,-0.300000000,-0.818690215,-0.307034055,0.279994291,2.509442633,1.728412176,1307,436,0
90.400000000,44.400000000,41.400000000,-2.948750000,1.015000000,-0.300000000,0.081250000,-0.025000000,-2.951187500,1.015750000,-0.300000000,-0.818690215,-0.307034055,0.279994291,2.509442633,1.728412176,1307,436,0
90.500000000,44.500000000,41.500000000,-2.940625000,1.012500000,-0.300000000,0.081250000,-0.025000000,-2.942981250,1.013225000,-0.300000000,-0.793172109,-0.299752383,0.275288665,2.519045246,1.739423072,1310,437,0
90.500000000,44.500000000,41.500000000,-2.940625000,1.012500000,-0.300000000,0.081250000,-0.025000000,-2.942981250,1.013225000,-0.300000000,-0.793172109,-0.299752383,0.275288665,2.519045246,1.739423072,1310,437,0
90.600000000,44.600000000,41.600000000,-2.932500000,1.010000000,-0.300000000,0.081250000,-0.025000000,-2.934612500,1.010650000,-0.300000000,-0.767618820,-0.292592433,0.270441835,2.528695800,1.750553223,1313,438,0
90.600000000,44.600000000,41.600000000,-2.932500000,1.010000000,-0.300000000,0.081250000,-0.025000000,-2.934612500,1.010650000,-0.300000000,-0.767618820,-0.292592433,0.270441835,2.528695800,1.750553223,1313,438,0
90.700000000,44.700000000,41.700000000,-2.924375000,1.007500000,-0.300000000,0.081250000,-0.025000000,-2.926325000,1.008100000,-0.300000000,-0.742029825,-0.285557422,0.265451518,2.538640372,1.762052378,1316,439,0
90.700000000,44.700000000,41.700000000,-2.924375000,1.007500000,-0.300000000,0.081250000,-0.025000000,-2.926325000,1.008100000,-0.300000000,-0.742029825,-0.285557422,0.265451518,2.538640372,1.762052378,1316,439,0
90.800000000,44.800000000,41.800000000,-2.916250000,1.005000000,-0.300000000,0.081250000,-0.025000000,-2.918037500,1.005550000,-0.300000000,-0.716404846,-0.278651823,0.260312354,2.548795925,1.773834785,1319,440,0
90.800000000,44.800000000,41.800000000,-2.916250000,1.005000000,-0.300000000,0.081250000,-0.025000000,-2.918037500,1.005550000,-0.300000000,-0.716404846,-0.278651823,0.260312354,2.548795925,1.773834785,1319,440,0
90.900000000,44.900000000,41.900000000,-2.908125000,1.002500000,-0.300000000,0.081250000,-0.025000000,-2.909831250,1.003025000,-0.300000000,-0.690743567,-0.271879152,0.255057515,2.559244174,1.785982483,1322,441,0
90.900000000,44.900000000,41.900000000,-2.908125000,1.002500000,-0.300000000,0.081250000,-0.025000000,-2.909831250,1.003025000,-0.300000000,-0.690743567,-0.271879152,0.255057515,2.559244174,1.785982483,1322,441,0
91.000000000,45.000000000,42.000000000,-2.900000000,1.000000000,-0.300000000,0.081250000,-0.025000000,-2.901462500,1.000450000,-0.300000000,-0.665046176,-0.265242034,0.249721437,2.569734285,1.798238041,1325,442,0
91.000000000,45.000000000,42.000000000,-2.900000000,1.000000000,-0.300000000,0.081250000,-0.025000000,-2.901462500,1.000450000,-0.300000000,-0.665046176,-0.265242034,0.249721437,2.569734285,1.798238041,1325,442,0
91.100000000,45.100000000,42.100000000,-2.893125000,0.998750000,-0.300000000,0.068750000,-0.012500000,-2.893175000,0.997900000,-0.300000000,-0.639313555,-0.258743102,0.244293249,2.580512216,1.810849873,1328,443,0
91.100000000,45.100000000,42.100000000,-2.893125000,0.998750000,-0.300000000,0.068750000,-0.012500000,-2.893175000,0.997900000,-0.300000000,-0.639313555,-0.258743102,0.244293249,2.580512216,1.810849873,1328,443,0
91.200000000,45.200000000,42.200000000,-2.886250000,0.997500000,-0.300000000,0.068750000,-0.012500000,-2.887212500,0.997675000,-0.300000000,-0.613546465,-0.252384812,0.238792696,2.594649643,1.826759107,1331,444,0
91.200000000,45.200000000,42.200000000,-2.886250000,0.997500000,-0.300000000,0.068750000,-0.012500000,-2.887212500,0.997675000,-0.300000000,-0.613546465,-0.252384812,0.238792696,2.594649643,1.826759107,1331,444,0
91.300000000,45.300000000,42.300000000,-2.879375000,0.996250000,-0.300000000,0.068750000,-0.012500000,-2.880268750,0.996412500,-0.300000000,-0.587744717,-0.246169002,0.233250542,2.607618689,1.841610811,1334,445,0
91.300000000,45.300000000,42.300000000,-2.879375000,0.996250000,-0.300000000,0.068750000,-0.012500000,-2.880268750,0.996412500,-0.300000000,-0.587744717,-0.246169002,0.233250542,2.607618689,1.841610811,1334,445,0
91.400000000,45.400000000,42.400000000,-2.872500000,0.995000000,-0.300000000,0.068750000,-0.012500000,-2.873187500,0.995125000,-0.300000000,-0.561908245,-0.240096363,0.227665872,2.620645647,1.856567958,1337,446,0
91.400000000,45.400000000,42.400000000,-2.872500000,0.995000000,-0.300000000,0.068750000,-0.012500000,-2.873187500,0.995125000,-0.300000000,-0.561908245,-0.240096363,0.227665872,2.620645647,1.856567958,1337,446,0
91.500000000,45.500000000,42.500000000,-2.865625000,0.993750000,-0.300000000,0.068750000,-0.012500000,-2.866243750,0.993862500,-0.300000000,-0.536037798,-0.234168409,0.222052621,2.633993108,1.871898182,1340,447,0
91.500000000,45.500000000,42.500000000,-2.865625000,0.993750000,-0.300000000,0.068750000,-0.012500000,-2.866243750,0.993862500,-0.300000000,-0.536037798,-0.234168409,0.222052621,2.633993108,1.871898182,1340,447,0
91.600000000,45.600000000,42.600000000,-2.858750000,0.992500000,-0.300000000,0.068750000,-0.012500000,-2.859231250,0.992587500,-0.300000000,-0.510134104,-0.228385942,0.216423171,2.647457940,1.887388639,1343,448,0
91.600000000,45.600000000,42.600000000,-2.858750000,0.992500000,-0.300000000,0.068750000,-0.012500000,-2.859231250,0.992587500,-0.300000000,-0.510134104,-0.228385942,0.216423171,2.647457940,1.887388639,1343,448,0
91.700000000,45.700000000,42.700000000,-2.851875000,0.991250000,-0.300000000,0.068750000,-0.012500000,-2.852150000,0.991300000,-0.300000000,-0.484197805,-0.222748979,0.210796931,2.661035986,1.903031286,1346,449,0
91.700000000,45.700000000,42.700000000,-2.851875000,0.991250000,-0.300000000,0.068750000,-0.012500000,-2.852150000,0.991300000,-0.300000000,-0.484197805,-0.222748979,0.210796931,2.661035986,1.903031286,1346,449,0
91.800000000,45.800000000,42.800000000,-2.845000000,0.990000000,-0.300000000,0.068750000,-0.012500000,-2.847750000,0.990500000,-0.300000000,-0.466889420,-0.219071945,0.207057088,2.670498342,1.913900228,1348,450,0
91.800000000,45.800000000,42.800000000,-2.845000000,0.990000000,-0.300000000,0.068750000,-0.012500000,-2.845412500,0.990075000,-0.300000000,-0.458230217,-0.217257761,0.205192448,2.675124604,1.919231398,1349,450,0
91.900000000,45.900000000,42.900000000,-2.838125000,0.988750000,-0.300000000,0.068750000,-0.012500000,-2.840462500,0.989175000,-0.300000000,-0.440901753,-0.213677947,0.201472138,2.684165977,1.929685458,1351,451,0
91.900000000,45.900000000,42.900000000,-2.838125000,0.988750000,-0.300000000,0.068750000,-0.012500000,-2.840462500,0.989175000,-0.300000000,-0.440901753,-0.213677947,0.201472138,2.684165977,1.929685458,1351,451,0
92.000000000,46.000000000,43.000000000,-2.831250000,0.987500000,-0.300000000,0.068750000,-0.012500000,-2.833450000,0.987900000,-0.300000000,-0.414885092,-0.208429035,0.195906909,2.698269699,1.945946327,1354,452,0
92.000000000,46.000000000,43.000000000,-2.831250000,0.987500000,-0.300000000,0.068750000,-0.012500000,-2.833450000,0.987900000,-0.300000000,-0.414885092,-0.208429035,0.195906909,2.698269699,1.945946327,1354,452,0
92.100000000,46.100000000,43.100000000,-2.824375000,0.986250000,-0.300000000,0.068750000,-0.012500000,-2.826506250,0.986637500,-0.300000000,-0.388839948,-0.203324173,0.190369652,2.712604981,1.962468609,1357,453,0
92.100000000,46.100000000,43.100000000,-2.824375000,0.986250000,-0.300000000,0.068750000,-0.012500000,-2.826506250,0.986637500,-0.300000000,-0.388839948,-0.203324173,0.190369652,2.712604981,1.962468609,1357,453,0
92.200000000,46.200000000,43.200000000,-2.817500000,0.985000000,-0.300000000,0.068750000,-0.012500000,-2.819493750,0.985362500,-0.300000000,-0.362766937,-0.198363683,0.184865510,2.727033977,1.979107016,1360,454,0
92.200000000,46.200000000,43.200000000,-2.817500000,0.985000000,-0.300000000,0.068750000,-0.012500000,-2.819493750,0.985362500,-0.300000000,-0.362766937,-0.198363683,0.184865510,2.727033977,1.979107016,1360,454,0
92.300000000,46.300000000,43.300000000,-2.810625000,0.983750000,-0.300000000,0.068750000,-0.012500000,-2.812550000,0.984100000,-0.300000000,-0.336666962,-0.193546100,0.179412703,2.741686917,1.995991255,1363,455,0
92.300000000,46.300000000,43.300000000,-2.810625000,0.983750000,-0.300000000,0.068750000,-0.012500000,-2.812550000,0.984100000,-0.300000000,-0.336666962,-0.193546100,0.179412703,2.741686917,1.995991255,1363,455,0
92.400000000,46.400000000,43.400000000,-2.803750000,0.982500000,-0.300000000,0.068750000,-0.012500000,-2.805400000,0.982800000,-0.300000000,-0.310541337,-0.188869858,0.174011050,2.756289173,2.012822061,1366,456,0
92.400000000,46.400000000,43.400000000,-2.803750000,0.982500000,-0.300000000,0.068750000,-0.012500000,-2.805400000,0.982800000,-0.300000000,-0.310541337,-0.188869858,0.174011050,2.756289173,2.012822061,1366,456,0
92.500000000,46.500000000,43.500000000,-2.796875000,0.981250000,-0.300000000,0.068750000,-0.012500000,-2.798456250,0.981537500,-0.300000000,-0.284390628,-0.184334511,0.168673099,2.771242230,2.029942004,1369,457,0
92.500000000,46.500000000,43.500000000,-2.796875000,0.981250000,-0.300000000,0.068750000,-0.012500000,-2.798456250,0.981537500,-0.300000000,-0.284390628,-0.184334511,0.168673099,2.771242230,2.029942004,1369,457,0
92.600000000,46.600000000,43.600000000,-2.790000000,0.980000000,-0.300000000,0.068750000,-0.012500000,-2.791375000,0.980250000,-0.300000000,-0.258215952,-0.179938178,0.163393285,2.786203756,2.046993576,1372,458,0
92.600000000,46.600000000,43.600000000,-2.790000000,0.980000000,-0.300000000,0.068750000,-0.012500000,-2.791375000,0.980250000,-0.300000000,-0.258215952,-0.179938178,0.163393285,2.786203756,2.046993576,1372,458,0
92.700000000,46.700000000,43.700000000,-2.783125000,0.978750000,-0.300000000,0.068750000,-0.012500000,-2.784431250,0.978987500,-0.300000000,-0.232019116,-0.175679328,0.158123294,2.801439485,2.064256342,1375,459,0
92.700000000,46.700000000,43.700000000,-2.783125000,0.978750000,-0.300000000,0.068750000,-0.012500000,-2.784431250,0.978987500,-0.300000000,-0.232019116,-0.175679328,0.158123294,2.801439485,2.064256342,1375,459,0
92.800000000,46.800000000,43.800000000,-2.776250000,0.977500000,-0.300000000,0.068750000,-0.012500000,-2.777350000,0.977700000,-0.300000000,-0.205800586,-0.171559083,0.152844324,2.816675847,2.081454466,1378,460,0
92.800000000,46.800000000,43.800000000,-2.776250000,0.977500000,-0.300000000,0.068750000,-0.012500000,-2.777350000,0.977700000,-0.300000000,-0.205800586,-0.171559083,0.152844324,2.816675847,2.081454466,1378,460,0
92.900000000,46.900000000,43.900000000,-2.769375000,0.976250000,-0.300000000,0.068750000,-0.012500000,-2.770475000,0.976450000,-0.300000000,-0.179560863,-0.167577201,0.147587171,2.832248983,2.098931214,1381,461,0
92.900000000,46.900000000,43.900000000,-2.769375000,0.976250000,-0.300000000,0.068750000,-0.012500000,-2.770475000,0.976450000,-0.300000000,-0.179560863,-0.167577201,0.147587171,2.832248983,2.098931214,1381,461,0
93.000000000,47.000000000,44.000000000,-2.762500000,0.975000000,-0.300000000,0.068750000,-0.012500000,-2.763325000,0.975150000,-0.300000000,-0.153301023,-0.163731526,0.142488746,2.847679106,2.116185083,1384,462,0
93.000000000,47.000000000,44.000000000,-2.762500000,0.975000000,-0.300000000,0.068750000,-0.012500000,-2.763325000,0.975150000,-0.300000000,-0.153301023,-0.163731526,0.142488746,2.847679106,2.116185083,1384,462,0
93.100000000,47.100000000,44.100000000,-2.755625000,0.973750000,-0.300000000,0.068750000,-0.012500000,-2.756381250,0.973887500,-0.300000000,-0.127022979,-0.160016890,0.137716208,2.863435713,2.133679815,1387,463,0
93.100000000,47.100000000,44.100000000,-2.755625000,0.973750000,-0.300000000,0.068750000,-0.012500000,-2.756381250,0.973887500,-0.300000000,-0.127022979,-0.160016890,0.137716208,2.863435713,2.133679815,1387,463,0
93.200000000,47.200000000,44.200000000,-2.748750000,0.972500000,-0.300000000,0.068750000,-0.012500000,-2.749368750,0.972612500,-0.300000000,-0.100729399,-0.156423538,0.133323524,2.879238231,2.151124794,1390,464,0
93.200000000,47.200000000,44.200000000,-2.748750000,0.972500000,-0.300000000,0.068750000,-0.012500000,-2.749368750,0.972612500,-0.300000000,-0.100729399,-0.156423538,0.133323524,2.879238231,2.151124794,1390,464,0
93.300000000,47.300000000,44.300000000,-2.741875000,0.971250000,-0.300000000,0.068750000,-0.012500000,-2.742356250,0.971337500,-0.300000000,-0.074421655,-0.152941947,0.129232497,2.895147540,2.168591649,1393,465,0
93.300000000,47.300000000,44.300000000,-2.741875000,0.971250000,-0.300000000,0.068750000,-0.012500000,-2.742356250,0.971337500,-0.300000000,-0.074421655,-0.152941947,0.129232497,2.895147540,2.168591649,1393,465,0
93.400000000,47.400000000,44.400000000,-2.735000000,0.970000000,-0.300000000,0.068750000,-0.012500000,-2.735275000,0.970050000,-0.300000000,-0.048101795,-0.149563033,0.125643849,2.911087971,2.185982814,1396,466,0
93.400000000,47.400000000,44.400000000,-2.735000000,0.970000000,-0.300000000,0.068750000,-0.012500000,-2.735275000,0.970050000,-0.300000000,-0.048101795,-0.149563033,0.125643849,2.911087971,2.185982814,1396,466,0
93.500000000,47.500000000,44.500000000,-2.728125000,0.968750000,-0.300000000,0.068750000,-0.012500000,-2.728331250,0.968787500,-0.300000000,-0.021772569,-0.146274099,0.122542243,2.927255073,2.203499496,1399,467,0
93.500000000,47.500000000,44.500000000,-2.728125000,0.968750000,-0.300000000,0.068750000,-0.012500000,-2.728331250,0.968787500,-0.300000000,-0.021772569,-0.146274099,0.122542243,2.927255073,2.203499496,1399,467,0
93.600000000,47.600000000,44.600000000,-2.721250000,0.967500000,-0.300000000,0.068750000,-0.012500000,-2.724000000,0.968000000,-0.300000000,-0.004215874,-0.144124220,0.120800438,2.938374716,2.215460029,1401,468,0
93.600000000,47.600000000,44.600000000,-2.721250000,0.967500000,-0.300000000,0.068750000,-0.012500000,-2.724000000,0.968000000,-0.300000000,-0.004215874,-0.144124220,0.120800438,2.938374716,2.215460029,1401,468,0
93.700000000,47.700000000,44.700000000,-2.714375000,0.966250000,-0.300000000,0.068750000,-0.012500000,-2.716575000,0.966650000,-0.300000000,0.022123951,-0.140951858,0.118643546,2.954192584,2.232435363,1404,469,0
93.700000000,47.700000000,44.700000000,-2.714375000,0.966250000,-0.300000000,0.068750000,-0.012500000,-2.716575000,0.966650000,-0.300000000,0.022123951,-0.140951858,0.118643546,2.954192584,2.232435363,1404,469,0
93.800000000,47.800000000,44.800000000,-2.707500000,0.965000000,-0.300000000,0.068750000,-0.012500000,-2.709631250,0.965387500,-0.300000000,0.048468451,-0.137831558,0.117000825,2.970556556,2.249859813,1407,470,0
93.800000000,47.800000000,44.800000000,-2.707500000,0.965000000,-0.300000000,0.068750000,-0.012500000,-2.709631250,0.965387500,-0.300000000,0.048468451,-0.137831558,0.117000825,2.970556556,2.249859813,1407,470,0
93.900000000,47.900000000,44.900000000,-2.700625000,0.963750000,-0.300000000,0.068750000,-0.012500000,-2.702618750,0.964112500,-0.300000000,0.074815597,-0.134747994,0.115923116,2.986910769,2.267165105,1410,471,0
93.900000000,47.900000000,44.900000000,-2.700625000,0.963750000,-0.300000000,0.068750000,-0.012500000,-2.702618750,0.964112500,-0.300000000,0.074815597,-0.134747994,0.115923116,2.986910769,2.267165105,1410,471,0
94.000000000,48.000000000,45.000000000,-2.693750000,0.962500000,-0.300000000,0.068750000,-0.012500000,-2.695606250,0.962837500,-0.300000000,0.101170275,-0.131700297,0.113626150,3.003326809,2.284628081,1413,472,0
94.000000000,48.000000000,45.000000000,-2.693750000,0.962500000,-0.300000000,0.068750000,-0.012500000,-2.695606250,0.962837500,-0.300000000,0.101170275,-0.131700297,0.113626150,3.003326809,2.284628081,1413,472,0
94.100000000,48.100000000,45.100000000,-2.686875000,0.961250000,-0.300000000,0.068750000,-0.012500000,-2.688525000,0.961550000,-0.300000000,0.127538319,-0.128729805,0.110193235,3.019755399,2.302190944,1416,473,0
94.100000000,48.100000000,45.100000000,-2.686875000,0.961250000,-0.300000000,0.068750000,-0.012500000,-2.688525000,0.961550000,-0.300000000,0.127538319,-0.128729805,0.110193235,3.019755399,2.302190944,1416,473,0
94.200000000,48.200000000,45.200000000,-2.680000000,0.960000000,-0.300000000,0.068750000,-0.012500000,-2.681581250,0.960287500,-0.300000000,0.153915726,-0.125848667,0.107030619,3.036401632,2.319901019,1419,474,0
94.200000000,48.200000000,45.200000000,-2.680000000,0.960000000,-0.300000000,0.068750000,-0.012500000,-2.681581250,0.960287500,-0.300000000,0.153915726,-0.125848667,0.107030619,3.036401632,2.319901019,1419,474,0
94.300000000,48.300000000,45.300000000,-2.673125000,0.958750000,-0.300000000,0.068750000,-0.012500000,-2.674775000,0.959050000,-0.300000000,0.180297414,-0.123039907,0.104924669,3.053253520,2.337654333,1422,475,0
94.300000000,48.300000000,45.300000000,-2.673125000,0.958750000,-0.300000000,0.068750000,-0.012500000,-2.674775000,0.959050000,-0.300000000,0.180297414,-0.123039907,0.104924669,3.053253520,2.337654333,1422,475,0
94.400000000,48.400000000,45.400000000,-2.666250000,0.957500000,-0.300000000,0.068750000,-0.012500000,-2.667556250,0.957737500,-0.300000000,0.206686451,-0.120289013,0.102162404,3.069757689,2.355095551,1425,476,0
94.400000000,48.400000000,45.400000000,-2.666250000,0.957500000,-0.300000000,0.068750000,-0.012500000,-2.667556250,0.957737500,-0.300000000,0.206686451,-0.120289013,0.102162404,3.069757689,2.355095551,1425,476,0
94.500000000,48.500000000,45.500000000,-2.659375000,0.956250000,-0.300000000,0.068750000,-0.012500000,-2.660543750,0.956462500,-0.300000000,0.233085908,-0.117620139,0.098834620,3.086542744,2.372850372,1428,477,0
94.500000000,48.500000000,45.500000000,-2.659375000,0.956250000,-0.300000000,0.068750000,-0.012500000,-2.660543750,0.956462500,-0.300000000,0.233085908,-0.117620139,0.098834620,3.086542744,2.372850372,1428,477,0
94.600000000,48.600000000,45.600000000,-2.652500000,0.955000000,-0.300000000,0.068750000,-0.012500000,-2.653462500,0.955175000,-0.300000000,0.259491798,-0.115033945,0.096191783,3.103328846,2.390487451,1431,478,0
94.600000000,48.600000000,45.600000000,-2.652500000,0.955000000,-0.300000000,0.068750000,-0.012500000,-2.653462500,0.955175000,-0.300000000,0.259491798,-0.115033945,0.096191783,3.103328846,2.390487451,1431,478,0
94.700000000,48.700000000,45.700000000,-2.645625000,0.953750000,-0.300000000,0.068750000,-0.012500000,-2.646518750,0.953912500,-0.300000000,0.285898437,-0.112503049,0.094966997,3.120306504,2.408109440,1434,479,0
94.700000000,48.700000000,45.700000000,-2.645625000,0.953750000,-0.300000000,0.068750000,-0.012500000,-2.646518750,0.953912500,-0.300000000,0.285898437,-0.112503049,0.094966997,3.120306504,2.408109440,1434,479,0
94.800000000,48.800000000,45.800000000,-2.638750000,0.952500000,-0.300000000,0.068750000,-0.012500000,-2.639437500,0.952625000,-0.300000000,0.312302400,-0.109989516,0.095009326,3.137183139,2.425440677,1437,480,0
94.800000000,48.800000000,45.800000000,-2.638750000,0.952500000,-0.300000000,0.068750000,-0.012500000,-2.639437500,0.952625000,-0.300000000,0.312302400,-0.109989516,0.095009326,3.137183139,2.425440677,1437,480,0
94.900000000,48.900000000,45.900000000,-2.631875000,0.951250000,-0.300000000,0.068750000,-0.012500000,-2.632425000,0.951350000,-0.300000000,0.338702616,-0.107465183,0.095892155,3.154154229,2.442731951,1440,481,0
94.900000000,48.900000000,45.900000000,-2.631875000,0.951250000,-0.300000000,0.068750000,-0.012500000,-2.632425000,0.951350000,-0.300000000,0.338702616,-0.107465183,0.095892155,3.154154229,2.442731951,1440,481,0
95.000000000,49.000000000,46.000000000,-2.625000000,0.950000000,-0.300000000,0.068750000,-0.012500000,-2.625481250,0.950087500,-0.300000000,0.365097114,-0.104909260,0.097592349,3.171210670,2.459978948,1443,482,0
95.000000000,49.000000000,46.000000000,-2.625000000,0.950000000,-0.300000000,0.068750000,-0.012500000,-2.625481250,0.950087500,-0.300000000,0.365097114,-0.104909260,0.097592349,3.171210670,2.459978948,1443,482,0
95.100000000,49.100000000,46.100000000,-2.618125000,0.948750000,-0.300000000,0.068750000,-0.012500000,-2.618468750,0.948812500,-0.300000000,0.391484352,-0.102301673,0.099810600,3.188206185,2.477073195,1446,483,0
95.100000000,49.100000000,46.100000000,-2.618125000,0.948750000,-0.300000000,0.068750000,-0.012500000,-2.618468750,0.948812500,-0.300000000,0.391484352,-0.102301673,0.099810600,3.188206185,2.477073195,1446,483,0
95.200000000,49.200000000,46.200000000,-2.611250000,0.947500000,-0.300000000,0.068750000,-0.012500000,-2.613725000,0.947950000,-0.300000000,0.409071736,-0.100529727,0.101428303,3.199470244,2.488370652,1448,484,0
95.200000000,49.200000000,46.200000000,-2.611250000,0.947500000,-0.300000000,0.068750000,-0.012500000,-2.611387500,0.947525000,-0.300000000,0.417864288,-0.099633054,0.102262460,3.205137498,2.494047200,1449,484,0
95.300000000,49.300000000,46.300000000,-2.604375000,0.946250000,-0.300000000,0.068750000,-0.012500000,-2.606781250,0.946687500,-0.300000000,0.435446892,-0.097817660,0.103948290,3.216542102,2.505459543,1451,485,0
95.300000000,49.300000000,46.300000000,-2.604375000,0.946250000,-0.300000000,0.068750000,-0.012500000,-2.606781250,0.946687500,-0.300000000,0.435446892,-0.097817660,0.103948290,3.216542102,2.505459543,1451,485,0
95.400000000,49.400000000,46.400000000,-2.597500000,0.945000000,-0.300000000,0.068750000,-0.012500000,-2.599768750,0.945412500,-0.300000000,0.461815238,-0.095038453,0.106470118,3.233548314,2.522455098,1454,486,0
95.400000000,49.400000000,46.400000000,-2.597500000,0.945000000,-0.300000000,0.068750000,-0.012500000,-2.599768750,0.945412500,-0.300000000,0.461815238,-0.095038453,0.106470118,3.233548314,2.522455098,1454,486,0
95.500000000,49.500000000,46.500000000,-2.590625000,0.943750000,-0.300000000,0.068750000,-0.012500000,-2.592687500,0.944125000,-0.300000000,0.488177064,-0.092193924,0.108884303,3.250489713,2.539370896,1457,487,0
95.500000000,49.500000000,46.500000000,-2.590625000,0.943750000,-0.300000000,0.068750000,-0.012500000,-2.592687500,0.944125000,-0.300000000,0.488177064,-0.092193924,0.108884303,3.250489713,2.539370896,1457,487,0
95.600000000,49.600000000,46.600000000,-2.583750000,0.942500000,-0.300000000,0.068750000,-0.012500000,-2.585743750,0.942862500,-0.300000000,0.514532846,-0.089287447,0.111140437,3.267575322,2.556422017,1460,488,0
95.600000000,49.600000000,46.600000000,-2.583750000,0.942500000,-0.300000000,0.068750000,-0.012500000,-2.585743750,0.942862500,-0.300000000,0.514532846,-0.089287447,0.111140437,3.267575322,2.556422017,1460,488,0
95.700000000,49.700000000,46.700000000,-2.576875000,0.941250000,-0.300000000,0.068750000,-0.012500000,-2.578731250,0.941587500,-0.300000000,0.540882839,-0.086323164,0.113208627,3.284599275,2.573404804,1463,489,0
95.700000000,49.700000000,46.700000000,-2.576875000,0.941250000,-0.300000000,0.068750000,-0.012500000,-2.578731250,0.941587500,-0.300000000,0.540882839,-0.086323164,0.113208627,3.284599275,2.573404804,1463,489,0
95.800000000,49.800000000,46.800000000,-2.570000000,0.940000000,-0.300000000,0.068750000,-0.012500000,-2.571650000,0.940300000,-0.300000000,0.567228065,-0.083307141,0.115039481,3.301564339,2.590327175,1466,490,0
95.800000000,49.800000000,46.800000000,-2.570000000,0.940000000,-0.300000000,0.068750000,-0.012500000,-2.571650000,0.940300000,-0.300000000,0.567228065,-0.083307141,0.115039481,3.301564339,2.590327175,1466,490,0
95.900000000,49.900000000,46.900000000,-2.563125000,0.938750000,-0.300000000,0.068750000,-0.012500000,-2.564706250,0.939037500,-0.300000000,0.593568489,-0.080245151,0.116665542,3.318679925,2.607394704,1469,491,0
95.900000000,49.900000000,46.900000000,-2.563125000,0.938750000,-0.300000000,0.068750000,-0.012500000,-2.564706250,0.939037500,-0.300000000,0.593568489,-0.080245151,0.116665542,3.318679925,2.607394704,1469,491,0
96.000000000,50.000000000,47.000000000,-2.556250000,0.937500000,-0.300000000,0.068750000,-0.012500000,-2.557625000,0.937750000,-0.300000000,0.619904460,-0.077142681,0.118064928,3.335670940,2.624333906,1472,492,0
96.000000000,50.000000000,47.000000000,-2.556250000,0.937500000,-0.300000000,0.068750000,-0.012500000,-2.557625000,0.937750000,-0.300000000,0.619904460,-0.077142681,0.118064928,3.335670940,2.624333906,1472,492,0
96.100000000,50.100000000,47.100000000,-2.549375000,0.936250000,-0.300000000,0.068750000,-0.012500000,-2.550612500,0.936475000,-0.300000000,0.646237154,-0.074005852,0.119229017,3.352748017,2.641356414,1475,493,0
96.100000000,50.100000000,47.100000000,-2.549375000,0.936250000,-0.300000000,0.068750000,-0.012500000,-2.550612500,0.936475000,-0.300000000,0.646237154,-0.074005852,0.119229017,3.352748017,2.641356414,1475,493,0
96.200000000,50.200000000,47.200000000,-2.542500000,0.935000000,-0.300000000,0.068750000,-0.012500000,-2.543668750,0.935212500,-0.300000000,0.672567373,-0.070841054,0.120119768,3.369913731,2.658468800,1478,494,0
96.200000000,50.200000000,47.200000000,-2.542500000,0.935000000,-0.300000000,0.068750000,-0.012500000,-2.543668750,0.935212500,-0.300000000,0.672567373,-0.070841054,0.120119768,3.369913731,2.658468800,1478,494,0
96.300000000,50.300000000,47.300000000,-2.535625000,0.933750000,-0.300000000,0.068750000,-0.012500000,-2.536587500,0.933925000,-0.300000000,0.698896117,-0.067655393,0.120782348,3.386962875,2.675460655,1481,495,0
96.300000000,50.300000000,47.300000000,-2.535625000,0.933750000,-0.300000000,0.068750000,-0.012500000,-2.536587500,0.933925000,-0.300000000,0.698896117,-0.067655393,0.120782348,3.386962875,2.675460655,1481,495,0
96.400000000,50.400000000,47.400000000,-2.528750000,0.932500000,-0.300000000,0.068750000,-0.012500000,-2.529643750,0.932662500,-0.300000000,0.725224138,-0.064455224,0.121201347,3.404175190,2.692613602,1484,496,0
96.400000000,50.400000000,47.400000000,-2.528750000,0.932500000,-0.300000000,0.068750000,-0.012500000,-2.529643750,0.932662500,-0.300000000,0.725224138,-0.064455224,0.121201347,3.404175190,2.692613602,1484,496,0
96.500000000,50.500000000,47.500000000,-2.521875000,0.931250000,-0.300000000,0.068750000,-0.012500000,-2.522562500,0.931375000,-0.300000000,0.751552152,-0.061246354,0.121344530,3.421275187,2.709656012,1487,497,0
96.500000000,50.500000000,47.500000000,-2.521875000,0.931250000,-0.300000000,0.068750000,-0.012500000,-2.522562500,0.931375000,-0.300000000,0.751552152,-0.061246354,0.121344530,3.421275187,2.709656012,1487,497,0
96.600000000,50.600000000,47.600000000,-2.515000000,0.930000000,-0.300000000,0.068750000,-0.012500000,-2.515550000,0.930100000,-0.300000000,0.777881038,-0.058036503,0.121268031,3.438473754,2.726792822,1490,498,0
96.600000000,50.600000000,47.600000000,-2.515000000,0.930000000,-0.300000000,0.068750000,-0.012500000,-2.515550000,0.930100000,-0.300000000,0.777881038,-0.058036503,0.121268031,3.438473754,2.726792822,1490,498,0
96.700000000,50.700000000,47.700000000,-2.508125000,0.928750000,-0.300000000,0.068750000,-0.012500000,-2.508606250,0.928837500,-0.300000000,0.804210681,-0.054830954,0.120985481,3.455771932,2.744023981,1493,499,0
96.700000000,50.700000000,47.700000000,-2.508125000,0.928750000,-0.300000000,0.068750000,-0.012500000,-2.508606250,0.928837500,-0.300000000,0.804210681,-0.054830954,0.120985481,3.455771932,2.744023981,1493,499,0
96.800000000,50.800000000,47.800000000,-2.501250000,0.927500000,-0.300000000,0.068750000,-0.012500000,-2.501525000,0.927550000,-0.300000000,0.830541696,-0.051634726,0.120511715,3.472962884,2.761141854,1496,500,0
96.800000000,50.800000000,47.800000000,-2.501250000,0.927500000,-0.300000000,0.068750000,-0.012500000,-2.501525000,0.927550000,-0.300000000,0.830541696,-0.051634726,0.120511715,3.472962884,2.761141854,1496,500,0
96.900000000,50.900000000,47.900000000,-2.494375000,0.926250000,-0.300000000,0.068750000,-0.012500000,-2.496918750,0.926712500,-0.300000000,0.848097066,-0.049511673,0.120077043,3.484557998,2.772686337,1498,501,0
96.900000000,50.900000000,47.900000000,-2.494375000,0.926250000,-0.300000000,0.068750000,-0.012500000,-2.494581250,0.926287500,-0.300000000,0.856875268,-0.048453149,0.119825811,3.490326650,2.778429099,1499,501,0
97.000000000,51.000000000,48.000000000,-2.487500000,0.925000000,-0.300000000,0.068750000,-0.012500000,-2.489837500,0.925425000,-0.300000000,0.874432731,-0.046343199,0.119266343,3.501806337,2.789854838,1501,502,0
97.000000000,51.000000000,48.000000000,-2.487500000,0.925000000,-0.300000000,0.068750000,-0.012500000,-2.489837500,0.925425000,-0.300000000,0.874432731,-0.046343199,0.119266343,3.501806337,2.789854838,1501,502,0
97.100000000,51.100000000,48.100000000,-2.480625000,0.923750000,-0.300000000,0.068750000,-0.012500000,-2.482893750,0.924162500,-0.300000000,0.900771738,-0.043197452,0.118312108,3.519229661,2.807188432,1504,503,0
97.100000000,51.100000000,48.100000000,-2.480625000,0.923750000,-0.300000000,0.068750000,-0.012500000,-2.482893750,0.924162500,-0.300000000,0.900771738,-0.043197452,0.118312108,3.519229661,2.807188432,1504,503,0
97.200000000,51.200000000,48.200000000,-2.473750000,0.922500000,-0.300000000,0.068750000,-0.012500000,-2.475812500,0.922875000,-0.300000000,0.927114710,-0.040078531,0.117213877,3.536551017,2.824411654,1507,504,0
97.200000000,51.200000000,48.200000000,-2.473750000,0.922500000,-0.300000000,0.068750000,-0.012500000,-2.475812500,0.922875000,-0.300000000,0.927114710,-0.040078531,0.117213877,3.536551017,2.824411654,1507,504,0
97.300000000,51.300000000,48.300000000,-2.466875000,0.921250000,-0.300000000,0.068750000,-0.012500000,-2.468868750,0.921612500,-0.300000000,0.953461872,-0.036989746,0.115991361,3.554049120,2.841801146,1510,505,0
97.300000000,51.300000000,48.300000000,-2.466875000,0.921250000,-0.300000000,0.068750000,-0.012500000,-2.468868750,0.921612500,-0.300000000,0.953461872,-0.036989746,0.115991361,3.554049120,2.841801146,1510,505,0
97.400000000,51.400000000,48.400000000,-2.460000000,0.920000000,-0.300000000,0.068750000,-0.012500000,-2.461787500,0.920325000,-0.300000000,0.979813358,-0.033934413,0.114641589,3.571446135,2.859081048,1513,506,0
97.400000000,51.400000000,48.400000000,-2.460000000,0.920000000,-0.300000000,0.068750000,-0.012500000,-2.461787500,0.920325000,-0.300000000,0.979813358,-0.033934413,0.114641589,3.571446135,2.859081048,1513,506,0
97.500000000,51.500000000,48.500000000,-2.453125000,0.918750000,-0.300000000,0.068750000,-0.012500000,-2.454843750,0.919062500,-0.300000000,1.006169338,-0.030916238,0.113189524,3.589020925,2.876527458,1516,507,0
97.500000000,51.500000000,48.500000000,-2.453125000,0.918750000,-0.300000000,0.068750000,-0.012500000,-2.454843750,0.919062500,-0.300000000,1.006169338,-0.030916238,0.113189524,3.589020925,2.876527458,1516,507,0
97.600000000,51.600000000,48.600000000,-2.446250000,0.917500000,-0.300000000,0.068750000,-0.012500000,-2.447831250,0.917787500,-0.300000000,1.032529446,-0.027937119,0.111648242,3.606564242,2.893931140,1519,508,0
97.600000000,51.600000000,48.600000000,-2.446250000,0.917500000,-0.300000000,0.068750000,-0.012500000,-2.447831250,0.917787500,-0.300000000,1.032529446,-0.027937119,0.111648242,3.606564242,2.893931140,1519,508,0
97.700000000,51.700000000,48.700000000,-2.439375000,0.916250000,-0.300000000,0.068750000,-0.012500000,-2.440818750,0.916512500,-0.300000000,1.058894480,-0.024999371,0.110019736,3.624146423,2.911362852,1522,509,0
97.700000000,51.700000000,48.700000000,-2.439375000,0.916250000,-0.300000000,0.068750000,-0.012500000,-2.440818750,0.916512500,-0.300000000,1.058894480,-0.024999371,0.110019736,3.624146423,2.911362852,1522,509,0
97.800000000,51.800000000,48.800000000,-2.432500000,0.915000000,-0.300000000,0.068750000,-0.012500000,-2.433737500,0.915225000,-0.300000000,1.085264913,-0.022105665,0.108330349,3.641698335,2.928751560,1525,510,0
97.800000000,51.800000000,48.800000000,-2.432500000,0.915000000,-0.300000000,0.068750000,-0.012500000,-2.433737500,0.915225000,-0.300000000,1.085264913,-0.022105665,0.108330349,3.641698335,2.928751560,1525,510,0
97.900000000,51.900000000,48.900000000,-2.425625000,0.913750000,-0.300000000,0.068750000,-0.012500000,-2.426725000,0.913950000,-0.300000000,1.111640524,-0.019256575,0.106599173,3.659358563,2.946233852,1528,511,0
97.900000000,51.900000000,48.900000000,-2.425625000,0.913750000,-0.300000000,0.068750000,-0.012500000,-2.426725000,0.913950000,-0.300000000,1.111640524,-0.019256575,0.106599173,3.659358563,2.946233852,1528,511,0
98.000000000,52.000000000,49.000000000,-2.418750000,0.912500000,-0.300000000,0.068750000,-0.012500000,-2.419712500,0.912675000,-0.300000000,1.138021280,-0.016453940,0.104824814,3.677057279,2.963741119,1531,512,0
98.000000000,52.000000000,49.000000000,-2.418750000,0.912500000,-0.300000000,0.068750000,-0.012500000,-2.419712500,0.912675000,-0.300000000,1.138021280,-0.016453940,0.104824814,3.677057279,2.963741119,1531,512,0
98.100000000,52.100000000,49.100000000,-2.411875000,0.911250000,-0.300000000,0.068750000,-0.012500000,-2.412768750,0.911412500,-0.300000000,1.164407198,-0.013698037,0.103028135,3.694863633,2.981340447,1534,513,0
98.100000000,52.100000000,49.100000000,-2.411875000,0.911250000,-0.300000000,0.068750000,-0.012500000,-2.412768750,0.911412500,-0.300000000,1.164407198,-0.013698037,0.103028135,3.694863633,2.981340447,1534,513,0
98.200000000,52.200000000,49.200000000,-2.405000000,0.910000000,-0.300000000,0.068750000,-0.012500000,-2.405756250,0.910137500,-0.300000000,1.190798254,-0.010989747,0.101237998,3.712637836,2.998890995,1537,514,0
98.200000000,52.200000000,49.200000000,-2.405000000,0.910000000,-0.300000000,0.068750000,-0.012500000,-2.405756250,0.910137500,-0.300000000,1.190798254,-0.010989747,0.101237998,3.712637836,2.998890995,1537,514,0
98.300000000,52.300000000,49.300000000,-2.398125000,0.908750000,-0.300000000,0.068750000,-0.012500000,-2.398743750,0.908862500,-0.300000000,1.217193602,-0.008328390,0.099463956,3.730447970,3.016483699,1540,515,0
98.300000000,52.300000000,49.300000000,-2.398125000,0.908750000,-0.300000000,0.068750000,-0.012500000,-2.398743750,0.908862500,-0.300000000,1.217193602,-0.008328390,0.099463956,3.730447970,3.016483699,1540,515,0
98.400000000,52.400000000,49.400000000,-2.391250000,0.907500000,-0.300000000,0.068750000,-0.012500000,-2.391731250,0.907587500,-0.300000000,1.243593057,-0.005713615,0.097757619,3.748293178,3.034120729,1543,516,0
98.400000000,52.400000000,49.400000000,-2.391250000,0.907500000,-0.300000000,0.068750000,-0.012500000,-2.391731250,0.907587500,-0.300000000,1.243593057,-0.005713615,0.097757619,3.748293178,3.034120729,1543,516,0
98.500000000,52.500000000,49.500000000,-2.384375000,0.906250000,-0.300000000,0.068750000,-0.012500000,-2.384718750,0.906312500,-0.300000000,1.269996771,-0.003142824,0.096109841,3.766172397,3.051801205,1546,517,0
98.500000000,52.500000000,49.500000000,-2.384375000,0.906250000,-0.300000000,0.068750000,-0.012500000,-2.384718750,0.906312500,-0.300000000,1.269996771,-0.003142824,0.096109841,3.766172397,3.051801205,1546,517,0
98.600000000,52.600000000,49.600000000,-2.377500000,0.905000000,-0.300000000,0.068750000,-0.012500000,-2.379975000,0.905450000,-0.300000000,1.287601450,-0.001452718,0.095055187,3.778040439,3.063540405,1548,518,0
98.600000000,52.600000000,49.600000000,-2.377500000,0.905000000,-0.300000000,0.068750000,-0.012500000,-2.377637500,0.905025000,-0.300000000,1.296404372,-0.000614663,0.094545032,3.784014650,3.069450461,1549,518,0
98.700000000,52.700000000,49.700000000,-2.370625000,0.903750000,-0.300000000,0.068750000,-0.012500000,-2.372962500,0.904175000,-0.300000000,1.314011460,0.001048002,0.093576931,3.795973571,3.081279357,1551,519,0
98.700000000,52.700000000,49.700000000,-2.370625000,0.903750000,-0.300000000,0.068750000,-0.012500000,-2.372962500,0.904175000,-0.300000000,1.314011460,0.001048002,0.093576931,3.795973571,3.081279357,1551,519,0
98.800000000,52.800000000,49.800000000,-2.363750000,0.902500000,-0.300000000,0.068750000,-0.012500000,-2.366018750,0.902912500,-0.300000000,1.340424575,0.003511353,0.092236475,3.814006364,3.099114257,1554,520,0
98.800000000,52.800000000,49.800000000,-2.363750000,0.902500000,-0.300000000,0.068750000,-0.012500000,-2.366018750,0.902912500,-0.300000000,1.340424575,0.003511353,0.092236475,3.814006364,3.099114257,1554,520,0
98.900000000,52.900000000,49.900000000,-2.356875000,0.901250000,-0.300000000,0.068750000,-0.012500000,-2.359075000,0.901650000,-0.300000000,1.366840480,0.005941171,0.091060182,3.832067388,3.116969188,1557,521,0
98.900000000,52.900000000,49.900000000,-2.356875000,0.901250000,-0.300000000,0.068750000,-0.012500000,-2.359075000,0.901650000,-0.300000000,1.366840480,0.005941171,0.091060182,3.832067388,3.116969188,1557,521,0
99.000000000,53.000000000,50.000000000,-2.350000000,0.900000000,-0.300000000,0.068750000,-0.012500000,-2.351993750,0.900362500,-0.300000000,1.393258345,0.008341897,0.090079462,3.850014806,3.134697184,1560,522,0
99.000000000,53.000000000,50.000000000,-2.350000000,0.900000000,-0.300000000,0.068750000,-0.012500000,-2.351993750,0.900362500,-0.300000000,1.393258345,0.008341897,0.090079462,3.850014806,3.134697184,1560,522,0
99.100000000,53.100000000,50.100000000,-2.343125000,0.898750000,-0.300000000,0.068750000,-0.012500000,-2.345187500,0.899125000,-0.300000000,1.419677804,0.010718654,0.089278078,3.868265321,3.152714450,1563,523,0
99.100000000,53.100000000,50.100000000,-2.343125000,0.898750000,-0.300000000,0.068750000,-0.012500000,-2.345187500,0.899125000,-0.300000000,1.419677804,0.010718654,0.089278078,3.868265321,3.152714450,1563,523,0
99.200000000,53.200000000,50.200000000,-2.336250000,0.897500000,-0.300000000,0.068750000,-0.012500000,-2.337900000,0.897800000,-0.300000000,1.446097549,0.013077103,0.088760861,3.886048385,3.170237008,1566,524,0
99.200000000,53.200000000,50.200000000,-2.336250000,0.897500000,-0.300000000,0.068750000,-0.012500000,-2.337900000,0.897800000,-0.300000000,1.446097549,0.013077103,0.088760861,3.886048385,3.170237008,1566,524,0
99.300000000,53.300000000,50.300000000,-2.329375000,0.896250000,-0.300000000,0.068750000,-0.012500000,-2.330956250,0.896537500,-0.300000000,1.472516748,0.015425654,0.088637578,3.904198373,3.188079951,1569,525,0
99.300000000,53.300000000,50.300000000,-2.329375000,0.896250000,-0.300000000,0.068750000,-0.012500000,-2.330956250,0.896537500,-0.300000000,1.472516748,0.015425654,0.088637578,3.904198373,3.188079951,1569,525,0
99.400000000,53.400000000,50.400000000,-2.322500000,0.895000000,-0.300000000,0.068750000,-0.012500000,-2.324012500,0.895275000,-0.300000000,1.498934540,0.017775439,0.088893908,3.922362751,3.205891794,1572,526,0
99.400000000,53.400000000,50.400000000,-2.322500000,0.895000000,-0.300000000,0.068750000,-0.012500000,-2.324012500,0.895275000,-0.300000000,1.498934540,0.017775439,0.088893908,3.922362751,3.205891794,1572,526,0
99.500000000,53.500000000,50.500000000,-2.315625000,0.893750000,-0.300000000,0.068750000,-0.012500000,-2.317206250,0.894037500,-0.300000000,1.525349857,0.020136934,0.089636792,3.940677560,3.223791634,1575,527,0
99.500000000,53.500000000,50.500000000,-2.315625000,0.893750000,-0.300000000,0.068750000,-0.012500000,-2.317206250,0.894037500,-0.300000000,1.525349857,0.020136934,0.089636792,3.940677560,3.223791634,1575,527,0
99.600000000,53.600000000,50.600000000,-2.308750000,0.892500000,-0.300000000,0.068750000,-0.012500000,-2.309918750,0.892712500,-0.300000000,1.551761804,0.022522684,0.090809628,3.958510707,3.241155157,1578,528,0
99.600000000,53.600000000,50.600000000,-2.308750000,0.892500000,-0.300000000,0.068750000,-0.012500000,-2.309918750,0.892712500,-0.300000000,1.551761804,0.022522684,0.090809628,3.958510707,3.241155157,1578,528,0
99.700000000,53.700000000,50.700000000,-2.301875000,0.891250000,-0.300000000,0.068750000,-0.012500000,-2.302837500,0.891425000,-0.300000000,1.578168454,0.024945569,0.092561159,3.976555522,3.258651871,1581,529,0
99.700000000,53.700000000,50.700000000,-2.301875000,0.891250000,-0.300000000,0.068750000,-0.012500000,-2.302837500,0.891425000,-0.300000000,1.578168454,0.024945569,0.092561159,3.976555522,3.258651871,1581,529,0
99.800000000,53.800000000,50.800000000,-2.295000000,0.890000000,-0.300000000,0.068750000,-0.012500000,-2.295825000,0.890150000,-0.300000000,1.604567559,0.027422097,0.095059985,3.994666638,3.276111933,1584,530,0
99.800000000,53.800000000,50.800000000,-2.295000000,0.890000000,-0.300000000,0.068750000,-0.012500000,-2.295825000,0.890150000,-0.300000000,1.604567559,0.027422097,0.095059985,3.994666638,3.276111933,1584,530,0
99.900000000,53.900000000,50.900000000,-2.288125000,0.888750000,-0.300000000,0.068750000,-0.012500000,-2.288812500,0.888875000,-0.300000000,1.630957088,0.029972448,0.098251725,4.012768024,3.293466570,1587,531,0
99.900000000,53.900000000,50.900000000,-2.288125000,0.888750000,-0.300000000,0.068750000,-0.012500000,-2.288812500,0.888875000,-0.300000000,1.630957088,0.029972448,0.098251725,4.012768024,3.293466570,1587,531,0
100.000000000,54.000000000,51.000000000,-2.281250000,0.887500000,-0.300000000,0.068750000,-0.012500000,-2.281868750,0.887612500,-0.300000000,1.657335801,0.032613112,0.101937342,4.030925012,3.310809056,1590,532,0
100.000000000,54.000000000,51.000000000,-2.281250000,0.887500000,-0.300000000,0.068750000,-0.012500000,-2.281868750,0.887612500,-0.300000000,1.657335801,0.032613112,0.101937342,4.030925012,3.310809056,1590,532,0
100.100000000,54.100000000,51.100000000,-2.274375000,0.886250000,-0.300000000,0.068750000,-0.012500000,-2.274856250,0.886337500,-0.300000000,1.683701448,0.035357451,0.106310243,4.048993219,3.327968869,1593,533,0
100.100000000,54.100000000,51.100000000,-2.274375000,0.886250000,-0.300000000,0.068750000,-0.012500000,-2.274856250,0.886337500,-0.300000000,1.683701448,0.035357451,0.106310243,4.048993219,3.327968869,1593,533,0
100.200000000,54.200000000,51.200000000,-2.267500000,0.885000000,-0.300000000,0.068750000,-0.012500000,-2.267843750,0.885062500,-0.300000000,1.710052218,0.038223686,0.111301304,4.067037289,3.345021328,1596,534,0
100.200000000,54.200000000,51.200000000,-2.267500000,0.885000000,-0.300000000,0.068750000,-0.012500000,-2.267843750,0.885062500,-0.300000000,1.710052218,0.038223686,0.111301304,4.067037289,3.345021328,1596,534,0
100.300000000,54.300000000,51.300000000,-2.260625000,0.883750000,-0.300000000,0.068750000,-0.012500000,-2.263168750,0.884212500,-0.300000000,1.727610241,0.040210315,0.114813816,4.079050949,3.356350140,1598,535,0
100.300000000,54.300000000,51.300000000,-2.260625000,0.883750000,-0.300000000,0.068750000,-0.012500000,-2.260831250,0.883787500,-0.300000000,1.736387745,0.041225616,0.116216736,4.085054494,3.362060087,1599,535,0
100.400000000,54.400000000,51.400000000,-2.253750000,0.882500000,-0.300000000,0.068750000,-0.012500000,-2.256156250,0.882937500,-0.300000000,1.753940410,0.043291505,0.118622803,4.097057556,3.373531098,1601,536,0
100.400000000,54.400000000,51.400000000,-2.253750000,0.882500000,-0.300000000,0.068750000,-0.012500000,-2.256156250,0.882937500,-0.300000000,1.753940410,0.043291505,0.118622803,4.097057556,3.373531098,1601,536,0
100.500000000,54.500000000,51.500000000,-2.246875000,0.881250000,-0.300000000,0.068750000,-0.012500000,-2.249075000,0.881650000,-0.300000000,1.780264248,0.046462831,0.121212189,4.114986316,3.390802106,1604,537,0
100.500000000,54.500000000,51.500000000,-2.246875000,0.881250000,-0.300000000,0.068750000,-0.012500000,-2.249075000,0.881650000,-0.300000000,1.780264248,0.046462831,0.121212189,4.114986316,3.390802106,1604,537,0
100.600000000,54.600000000,51.600000000,-2.240000000,0.880000000,-0.300000000,0.068750000,-0.012500000,-2.242131250,0.880387500,-0.300000000,1.806587876,0.049682260,0.122319354,4.133061547,3.408424045,1607,538,0
100.600000000,54.600000000,51.600000000,-2.240000000,0.880000000,-0.300000000,0.068750000,-0.012500000,-2.242131250,0.880387500,-0.300000000,1.806587876,0.049682260,0.122319354,4.133061547,3.408424045,1607,538,0
100.700000000,54.700000000,51.700000000,-2.233125000,0.878750000,-0.300000000,0.068750000,-0.012500000,-2.235050000,0.879100000,-0.300000000,1.832906502,0.052932349,0.123718474,4.151002661,3.425875923,1610,539,0
100.700000000,54.700000000,51.700000000,-2.233125000,0.878750000,-0.300000000,0.068750000,-0.012500000,-2.235050000,0.879100000,-0.300000000,1.832906502,0.052932349,0.123718474,4.151002661,3.425875923,1610,539,0
100.800000000,54.800000000,51.800000000,-2.226250000,0.877500000,-0.300000000,0.068750000,-0.012500000,-2.228037500,0.877825000,-0.300000000,1.859222155,0.056214951,0.124594075,4.169020816,3.443480243,1613,540,0
100.800000000,54.800000000,51.800000000,-2.226250000,0.877500000,-0.300000000,0.068750000,-0.012500000,-2.228037500,0.877825000,-0.300000000,1.859222155,0.056214951,0.124594075,4.169020816,3.443480243,1613,540,0
100.900000000,54.900000000,51.900000000,-2.219375000,0.876250000,-0.300000000,0.068750000,-0.012500000,-2.221231250,0.876587500,-0.300000000,1.885532683,0.059525249,0.126067614,4.187254557,3.461221406,1616,541,0
100.900000000,54.900000000,51.900000000,-2.219375000,0.876250000,-0.300000000,0.068750000,-0.012500000,-2.221231250,0.876587500,-0.300000000,1.885532683,0.059525249,0.126067614,4.187254557,3.461221406,1616,541,0
101.000000000,55.000000000,52.000000000,-2.212500000,0.875000000,-0.300000000,0.068750000,-0.012500000,-2.214081250,0.875287500,-0.300000000,1.911833794,0.062884501,0.128645529,4.205136571,3.478461410,1619,542,0
101.000000000,55.000000000,52.000000000,-2.212500000,0.875000000,-0.300000000,0.068750000,-0.012500000,-2.214081250,0.875287500,-0.300000000,1.911833794,0.062884501,0.128645529,4.205136571,3.478461410,1619,542,0
101.100000000,55.100000000,52.100000000,-2.205625000,0.873750000,-0.300000000,0.068750000,-0.012500000,-2.207000000,0.874000000,-0.300000000,1.938120860,0.066323955,0.132244408,4.223075602,3.495619394,1622,543,0
101.100000000,55.100000000,52.100000000,-2.205625000,0.873750000,-0.300000000,0.068750000,-0.012500000,-2.207000000,0.874000000,-0.300000000,1.938120860,0.066323955,0.132244408,4.223075602,3.495619394,1622,543,0
101.200000000,55.200000000,52.200000000,-2.198750000,0.872500000,-0.300000000,0.068750000,-0.012500000,-2.200056250,0.872737500,-0.300000000,1.964390150,0.069869053,0.137018474,4.241133287,3.512736934,1625,544,0
101.200000000,55.200000000,52.200000000,-2.198750000,0.872500000,-0.300000000,0.068750000,-0.012500000,-2.200056250,0.872737500,-0.300000000,1.964390150,0.069869053,0.137018474,4.241133287,3.512736934,1625,544,0
101.300000000,55.300000000,52.300000000,-2.191875000,0.871250000,-0.300000000,0.068750000,-0.012500000,-2.192975000,0.871450000,-0.300000000,1.990637771,0.073551186,0.142725064,4.259020819,3.529561102,1628,545,0
101.300000000,55.300000000,52.300000000,-2.191875000,0.871250000,-0.300000000,0.068750000,-0.012500000,-2.192975000,0.871450000,-0.300000000,1.990637771,0.073551186,0.142725064,4.259020819,3.529561102,1628,545,0
101.400000000,55.400000000,52.400000000,-2.185000000,0.870000000,-0.300000000,0.068750000,-0.012500000,-2.186031250,0.870187500,-0.300000000,2.016858292,0.077394694,0.149635412,4.277008409,3.546329382,1631,546,0
101.400000000,55.400000000,52.400000000,-2.185000000,0.870000000,-0.300000000,0.068750000,-0.012500000,-2.186031250,0.870187500,-0.300000000,2.016858292,0.077394694,0.149635412,4.277008409,3.546329382,1631,546,0
101.500000000,55.500000000,52.500000000,-2.178125000,0.868750000,-0.300000000,0.068750000,-0.012500000,-2.179018750,0.868912500,-0.300000000,2.043045985,0.081431172,0.157524169,4.294875722,3.562857350,1634,547,0
101.500000000,55.500000000,52.500000000,-2.178125000,0.868750000,-0.300000000,0.068750000,-0.012500000,-2.179018750,0.868912500,-0.300000000,2.043045985,0.081431172,0.157524169,4.294875722,3.562857350,1634,547,0
101.600000000,55.600000000,52.600000000,-2.171250000,0.867500000,-0.300000000,0.068750000,-0.012500000,-2.172006250,0.867637500,-0.300000000,2.069198490,0.085678635,0.165788139,4.312687946,3.579293620,1637,548,0
101.600000000,55.600000000,52.600000000,-2.171250000,0.867500000,-0.300000000,0.068750000,-0.012500000,-2.172006250,0.867637500,-0.300000000,2.069198490,0.085678635,0.165788139,4.312687946,3.579293620,1637,548,0
101.700000000,55.700000000,52.700000000,-2.164375000,0.866250000,-0.300000000,0.068750000,-0.012500000,-2.164925000,0.866350000,-0.300000000,2.095315550,0.090140910,0.173893068,4.330375283,3.595637867,1640,549,0
101.700000000,55.700000000,52.700000000,-2.164375000,0.866250000,-0.300000000,0.068750000,-0.012500000,-2.164925000,0.866350000,-0.300000000,2.095315550,0.090140910,0.173893068,4.330375283,3.595637867,1640,549,0
101.800000000,55.800000000,52.800000000,-2.157500000,0.865000000,-0.300000000,0.068750000,-0.012500000,-2.157981250,0.865087500,-0.300000000,2.121393241,0.094820055,0.182610953,4.348144199,3.612000666,1643,550,0
101.800000000,55.800000000,52.800000000,-2.157500000,0.865000000,-0.300000000,0.068750000,-0.012500000,-2.157981250,0.865087500,-0.300000000,2.121393241,0.094820055,0.182610953,4.348144199,3.612000666,1643,550,0
101.900000000,55.900000000,52.900000000,-2.150625000,0.863750000,-0.300000000,0.068750000,-0.012500000,-2.151037500,0.863825000,-0.300000000,2.147428551,0.099729301,0.191413413,4.365850734,3.628305742,1646,551,0
101.900000000,55.900000000,52.900000000,-2.150625000,0.863750000,-0.300000000,0.068750000,-0.012500000,-2.151037500,0.863825000,-0.300000000,2.147428551,0.099729301,0.191413413,4.365850734,3.628305742,1646,551,0
102.000000000,56.000000000,53.000000000,-2.143750000,0.862500000,-0.300000000,0.068750000,-0.012500000,-2.146225000,0.862950000,-0.300000000,2.164761444,0.103128927,0.197239600,4.377434429,3.638968578,1648,552,0
102.000000000,56.000000000,53.000000000,-2.143750000,0.862500000,-0.300000000,0.068750000,-0.012500000,-2.143887500,0.862525000,-0.300000000,2.173420799,0.104866320,0.200065560,4.383286167,3.644372462,1649,552,0
102.100000000,56.100000000,53.100000000,-2.136875000,0.861250000,-0.300000000,0.068750000,-0.012500000,-2.139281250,0.861687500,-0.300000000,2.190725307,0.108414279,0.205576126,4.395040082,3.655251345,1651,553,0
102.100000000,56.100000000,53.100000000,-2.136875000,0.861250000,-0.300000000,0.068750000,-0.012500000,-2.139281250,0.861687500,-0.300000000,2.190725307,0.108414279,0.205576126,4.395040082,3.655251345,1651,553,0
102.200000000,56.200000000,53.200000000,-2.130000000,0.860000000,-0.300000000,0.068750000,-0.012500000,-2.132200000,0.860400000,-0.300000000,2.216648038,0.113909768,0.213176916,4.412451351,3.671435328,1654,554,0
102.200000000,56.200000000,53.200000000,-2.130000000,0.860000000,-0.300000000,0.068750000,-0.012500000,-2.132200000,0.860400000,-0.300000000,2.216648038,0.113909768,0.213176916,4.412451351,3.671435328,1654,554,0
102.300000000,56.300000000,53.300000000,-2.123125000,0.858750000,-0.300000000,0.068750000,-0.012500000,-2.125187500,0.859125000,-0.300000000,2.242532411,0.119592960,0.220023690,4.429885423,3.687735292,1657,555,0
102.300000000,56.300000000,53.300000000,-2.123125000,0.858750000,-0.300000000,0.068750000,-0.012500000,-2.125187500,0.859125000,-0.300000000,2.242532411,0.119592960,0.220023690,4.429885423,3.687735292,1657,555,0
102.400000000,56.400000000,53.400000000,-2.116250000,0.857500000,-0.300000000,0.068750000,-0.012500000,-2.118243750,0.857862500,-0.300000000,2.264173821,0.124383184,0.211418820,4.443374357,3.701891100,1660,556,0
102.400000000,56.400000000,53.400000000,-2.116250000,0.857500000,-0.300000000,0.068750000,-0.012500000,-2.118243750,0.857862500,-0.300000000,2.264173821,0.124383184,0.211418820,4.443374357,3.701891100,1660,556,0
102.500000000,56.500000000,53.500000000,-2.109375000,0.856250000,-0.300000000,0.068750000,-0.012500000,-2.111231250,0.856587500,-0.300000000,2.288512650,0.129502328,0.205673151,4.459416917,3.718287618,1663,557,0
102.500000000,56.500000000,53.500000000,-2.109375000,0.856250000,-0.300000000,0.068750000,-0.012500000,-2.111231250,0.856587500,-0.300000000,2.288512650,0.129502328,0.205673151,4.459416917,3.718287618,1663,557,0
102.600000000,56.600000000,53.600000000,-2.102500000,0.855000000,-0.300000000,0.068750000,-0.012500000,-2.104150000,0.855300000,-0.300000000,2.308106613,0.133653964,0.213620778,4.470881503,3.728562545,1666,558,0
102.600000000,56.600000000,53.600000000,-2.102500000,0.855000000,-0.300000000,0.068750000,-0.012500000,-2.104150000,0.855300000,-0.300000000,2.308106613,0.133653964,0.213620778,4.470881503,3.728562545,1666,558,0
102.700000000,56.700000000,53.700000000,-2.095625000,0.853750000,-0.300000000,0.068750000,-0.012500000,-2.097275000,0.854050000,-0.300000000,2.327504939,0.137935944,0.222213384,4.482353941,3.738788164,1669,559,0
102.700000000,56.700000000,53.700000000,-2.095625000,0.853750000,-0.300000000,0.068750000,-0.012500000,-2.097275000,0.854050000,-0.300000000,2.327504939,0.137935944,0.222213384,4.482353941,3.738788164,1669,559,0
102.800000000,56.800000000,53.800000000,-2.088750000,0.852500000,-0.300000000,0.068750000,-0.012500000,-2.090193750,0.852762500,-0.300000000,2.351957167,0.143579816,0.233298801,4.498404701,3.753263907,1672,560,0
102.800000000,56.800000000,53.800000000,-2.088750000,0.852500000,-0.300000000,0.068750000,-0.012500000,-2.090193750,0.852762500,-0.300000000,2.351957167,0.143579816,0.233298801,4.498404701,3.753263907,1672,560,0
102.900000000,56.900000000,53.900000000,-2.081875000,0.851250000,-0.300000000,0.068750000,-0.012500000,-2.083181250,0.851487500,-0.300000000,2.377689845,0.149840437,0.245852078,4.515714730,3.768853732,1675,561,0
102.900000000,56.900000000,53.900000000,-2.081875000,0.851250000,-0.300000000,0.068750000,-0.012500000,-2.083181250,0.851487500,-0.300000000,2.377689845,0.149840437,0.245852078,4.515714730,3.768853732,1675,561,0
103.000000000,57.000000000,54.000000000,-2.075000000,0.850000000,-0.300000000,0.068750000,-0.012500000,-2.076100000,0.850200000,-0.300000000,2.403329514,0.156421715,0.258495316,4.532837641,3.784286722,1678,562,0
103.000000000,57.000000000,54.000000000,-2.075000000,0.850000000,-0.300000000,0.068750000,-0.012500000,-2.076100000,0.850200000,-0.300000000,2.403329514,0.156421715,0.258495316,4.532837641,3.784286722,1678,562,0
103.100000000,57.100000000,54.100000000,-2.068125000,0.848750000,-0.300000000,0.068750000,-0.012500000,-2.069087500,0.848925000,-0.300000000,2.428538352,0.163242172,0.271954393,4.549593306,3.799319480,1681,563,0
103.100000000,57.100000000,54.100000000,-2.068125000,0.848750000,-0.300000000,0.068750000,-0.012500000,-2.069087500,0.848925000,-0.300000000,2.428538352,0.163242172,0.271954393,4.549593306,3.799319480,1681,563,0
103.200000000,57.200000000,54.200000000,-2.061250000,0.847500000,-0.300000000,0.068750000,-0.012500000,-2.062075000,0.847650000,-0.300000000,2.453458566,0.170355343,0.286239033,4.566045492,3.814023902,1684,564,0
103.200000000,57.200000000,54.200000000,-2.061250000,0.847500000,-0.300000000,0.068750000,-0.012500000,-2.062075000,0.847650000,-0.300000000,2.453458566,0.170355343,0.286239033,4.566045492,3.814023902,1684,564,0
103.300000000,57.300000000,54.300000000,-2.054375000,0.846250000,-0.300000000,0.068750000,-0.012500000,-2.055062500,0.846375000,-0.300000000,2.477792114,0.177684852,0.300996868,4.581911988,3.828165182,1687,565,0
103.300000000,57.300000000,54.300000000,-2.054375000,0.846250000,-0.300000000,0.068750000,-0.012500000,-2.055062500,0.846375000,-0.300000000,2.477792114,0.177684852,0.300996868,4.581911988,3.828165182,1687,565,0
103.400000000,57.400000000,54.400000000,-2.047500000,0.845000000,-0.300000000,0.068750000,-0.012500000,-2.048050000,0.845100000,-0.300000000,2.501668141,0.185274467,0.316902261,4.597314966,3.841817846,1690,566,0
103.400000000,57.400000000,54.400000000,-2.047500000,0.845000000,-0.300000000,0.068750000,-0.012500000,-2.048050000,0.845100000,-0.300000000,2.501668141,0.185274467,0.316902261,4.597314966,3.841817846,1690,566,0
103.500000000,57.500000000,54.500000000,-2.040625000,0.843750000,-0.300000000,0.068750000,-0.012500000,-2.041037500,0.843825000,-0.300000000,2.525162329,0.193174802,0.334448423,4.612323336,3.855033681,1693,567,0
103.500000000,57.500000000,54.500000000,-2.040625000,0.843750000,-0.300000000,0.068750000,-0.012500000,-2.041037500,0.843825000,-0.300000000,2.525162329,0.193174802,0.334448423,4.612323336,3.855033681,1693,567,0
103.600000000,57.600000000,54.600000000,-2.033750000,0.842500000,-0.300000000,0.068750000,-0.012500000,-2.034093750,0.842562500,-0.300000000,2.548411825,0.201467325,0.353339210,4.627133062,3.868056479,1696,568,0
103.600000000,57.600000000,54.600000000,-2.033750000,0.842500000,-0.300000000,0.068750000,-0.012500000,-2.034093750,0.842562500,-0.300000000,2.548411825,0.201467325,0.353339210,4.627133062,3.868056479,1696,568,0
103.700000000,57.700000000,54.700000000,-2.026875000,0.841250000,-0.300000000,0.068750000,-0.012500000,-2.029487500,0.841725000,-0.300000000,2.563897466,0.207270876,0.366185390,4.636994445,3.876769720,1698,569,0
103.700000000,57.700000000,54.700000000,-2.026875000,0.841250000,-0.300000000,0.068750000,-0.012500000,-2.027150000,0.841300000,-0.300000000,2.571670763,0.210270129,0.372634413,4.641912441,3.881129439,1699,569,0
103.800000000,57.800000000,54.800000000,-2.020000000,0.840000000,-0.300000000,0.068750000,-0.012500000,-2.022337500,0.840425000,-0.300000000,2.587259837,0.216458187,0.385471714,4.651636507,3.889774886,1701,570,0
103.800000000,57.800000000,54.800000000,-2.020000000,0.840000000,-0.300000000,0.068750000,-0.012500000,-2.022337500,0.840425000,-0.300000000,2.587259837,0.216458187,0.385471714,4.651636507,3.889774886,1701,570,0
103.900000000,57.900000000,54.900000000,-2.013125000,0.838750000,-0.300000000,0.068750000,-0.012500000,-2.015325000,0.839150000,-0.300000000,2.610679734,0.226187954,0.404199986,4.666437856,3.903068556,1704,571,0
103.900000000,57.900000000,54.900000000,-2.013125000,0.838750000,-0.300000000,0.068750000,-0.012500000,-2.015325000,0.839150000,-0.300000000,2.610679734,0.226187954,0.404199986,4.666437856,3.903068556,1704,571,0
104.000000000,58.000000000,55.000000000,-2.006250000,0.837500000,-0.300000000,0.068750000,-0.012500000,-2.008381250,0.837887500,-0.300000000,2.634360996,0.236540939,0.421928434,4.681524672,3.916774047,1707,572,0
104.000000000,58.000000000,55.000000000,-2.006250000,0.837500000,-0.300000000,0.068750000,-0.012500000,-2.008381250,0.837887500,-0.300000000,2.634360996,0.236540939,0.421928434,4.681524672,3.916774047,1707,572,0
104.100000000,58.100000000,55.100000000,-1.999375000,0.836250000,-0.300000000,0.068750000,-0.012500000,-2.001368750,0.836612500,-0.300000000,2.658186445,0.247442511,0.437980287,4.696655820,3.930653343,1710,573,0
104.100000000,58.100000000,55.100000000,-1.999375000,0.836250000,-0.300000000,0.068750000,-0.012500000,-2.001368750,0.836612500,-0.300000000,2.658186445,0.247442511,0.437980287,4.696655820,3.930653343,1710,573,0
104.200000000,58.200000000,55.200000000,-1.992500000,0.835000000,-0.300000000,0.068750000,-0.012500000,-1.994287500,0.835325000,-0.300000000,2.682064550,0.258811202,0.452000736,4.711755157,3.944613024,1713,574,0
104.200000000,58.200000000,55.200000000,-1.992500000,0.835000000,-0.300000000,0.068750000,-0.012500000,-1.994287500,0.835325000,-0.300000000,2.682064550,0.258811202,0.452000736,4.711755157,3.944613024,1713,574,0
104.300000000,58.300000000,55.300000000,-1.985625000,0.833750000,-0.300000000,0.068750000,-0.012500000,-1.987412500,0.834075000,-0.300000000,2.705833478,0.270506731,0.463450958,4.726961710,3.958781802,1716,575,0
104.300000000,58.300000000,55.300000000,-1.985625000,0.833750000,-0.300000000,0.068750000,-0.012500000,-1.987412500,0.834075000,-0.300000000,2.705833478,0.270506731,0.463450958,4.726961710,3.958781802,1716,575,0
104.400000000,58.400000000,55.400000000,-1.978750000,0.832500000,-0.300000000,0.068750000,-0.012500000,-1.980400000,0.832800000,-0.300000000,2.729487790,0.282449928,0.472414195,4.741932960,3.972789912,1719,576,0
104.400000000,58.400000000,55.400000000,-1.978750000,0.832500000,-0.300000000,0.068750000,-0.012500000,-1.980400000,0.832800000,-0.300000000,2.729487790,0.282449928,0.472414195,4.741932960,3.972789912,1719,576,0
104.500000000,58.500000000,55.500000000,-1.971875000,0.831250000,-0.300000000,0.068750000,-0.012500000,-1.973250000,0.831500000,-0.300000000,2.753051632,0.294586148,0.479276707,4.756700915,3.986645690,1722,577,0
104.500000000,58.500000000,55.500000000,-1.971875000,0.831250000,-0.300000000,0.068750000,-0.012500000,-1.973250000,0.831500000,-0.300000000,2.753051632,0.294586148,0.479276707,4.756700915,3.986645690,1722,577,0
104.600000000,58.600000000,55.600000000,-1.965000000,0.830000000,-0.300000000,0.068750000,-0.012500000,-1.966306250,0.830237500,-0.300000000,2.776547932,0.306864980,0.484115509,4.771643803,4.000719379,1725,578,0
104.600000000,58.600000000,55.600000000,-1.965000000,0.830000000,-0.300000000,0.068750000,-0.012500000,-1.966306250,0.830237500,-0.300000000,2.776547932,0.306864980,0.484115509,4.771643803,4.000719379,1725,578,0
104.700000000,58.700000000,55.700000000,-1.958125000,0.828750000,-0.300000000,0.068750000,-0.012500000,-1.959293750,0.828962500,-0.300000000,2.799997632,0.319241478,0.487193751,4.786509164,4.014751757,1728,579,0
104.700000000,58.700000000,55.700000000,-1.958125000,0.828750000,-0.300000000,0.068750000,-0.012500000,-1.959293750,0.828962500,-0.300000000,2.799997632,0.319241478,0.487193751,4.786509164,4.014751757,1728,579,0
104.800000000,58.800000000,55.800000000,-1.951250000,0.827500000,-0.300000000,0.068750000,-0.012500000,-1.952350000,0.827700000,-0.300000000,2.823424201,0.331671265,0.488354341,4.801464748,4.028917255,1731,580,0
104.800000000,58.800000000,55.800000000,-1.951250000,0.827500000,-0.300000000,0.068750000,-0.012500000,-1.952350000,0.827700000,-0.300000000,2.823424201,0.331671265,0.488354341,4.801464748,4.028917255,1731,580,0
104.900000000,58.900000000,55.900000000,-1.944375000,0.826250000,-0.300000000,0.068750000,-0.012500000,-1.945200000,0.826400000,-0.300000000,2.846851379,0.344110193,0.487477378,4.816259947,4.042975616,1734,581,0
104.900000000,58.900000000,55.900000000,-1.944375000,0.826250000,-0.300000000,0.068750000,-0.012500000,-1.945200000,0.826400000,-0.300000000,2.846851379,0.344110193,0.487477378,4.816259947,4.042975616,1734,581,0
105.000000000,59.000000000,56.000000000,-1.937500000,0.825000000,-0.300000000,0.068750000,-0.012500000,-1.938256250,0.825137500,-0.300000000,2.870302726,0.356512328,0.484862335,4.831340288,4.057380770,1737,582,0
105.000000000,59.000000000,56.000000000,-1.937500000,0.825000000,-0.300000000,0.068750000,-0.012500000,-1.938256250,0.825137500,-0.300000000,2.870302726,0.356512328,0.484862335,4.831340288,4.057380770,1737,582,0
105.100000000,59.100000000,56.100000000,-1.930625000,0.823750000,-0.300000000,0.068750000,-0.012500000,-1.931243750,0.823862500,-0.300000000,2.893800282,0.368835838,0.480465618,4.846452226,4.071896170,1740,583,0
105.100000000,59.100000000,56.100000000,-1.930625000,0.823750000,-0.300000000,0.068750000,-0.012500000,-1.931243750,0.823862500,-0.300000000,2.893800282,0.368835838,0.480465618,4.846452226,4.071896170,1740,583,0
105.200000000,59.200000000,56.200000000,-1.923750000,0.822500000,-0.300000000,0.068750000,-0.012500000,-1.924231250,0.822587500,-0.300000000,2.917365821,0.381040419,0.474367526,4.861689626,4.086634163,1743,584,0
105.200000000,59.200000000,56.200000000,-1.923750000,0.822500000,-0.300000000,0.068750000,-0.012500000,-1.924231250,0.822587500,-0.300000000,2.917365821,0.381040419,0.474367526,4.861689626,4.086634163,1743,584,0
105.300000000,59.300000000,56.300000000,-1.916875000,0.821250000,-0.300000000,0.068750000,-0.012500000,-1.917218750,0.821312500,-0.300000000,2.941024177,0.393081264,0.465760997,4.877079693,4.101676418,1746,585,0
105.300000000,59.300000000,56.300000000,-1.916875000,0.821250000,-0.300000000,0.068750000,-0.012500000,-1.917218750,0.821312500,-0.300000000,2.941024177,0.393081264,0.465760997,4.877079693,4.101676418,1746,585,0
105.400000000,59.400000000,56.400000000,-1.910000000,0.820000000,-0.300000000,0.068750000,-0.012500000,-1.912543750,0.820462500,-0.300000000,2.956863731,0.400984610,0.458525585,4.887442165,4.111916901,1748,586,0
105.400000000,59.400000000,56.400000000,-1.910000000,0.820000000,-0.300000000,0.068750000,-0.012500000,-1.910206250,0.820037500,-0.300000000,2.964806132,0.404892363,0.454595845,4.892656866,4.117103254,1749,586,0
105.500000000,59.500000000,56.500000000,-1.903125000,0.818750000,-0.300000000,0.068750000,-0.012500000,-1.905462500,0.819175000,-0.300000000,2.980740435,0.412610943,0.445965750,4.903088155,4.127557528,1751,587,0
105.500000000,59.500000000,56.500000000,-1.903125000,0.818750000,-0.300000000,0.068750000,-0.012500000,-1.905462500,0.819175000,-0.300000000,2.980740435,0.412610943,0.445965750,4.903088155,4.127557528,1751,587,0
105.600000000,59.600000000,56.600000000,-1.896250000,0.817500000,-0.300000000,0.068750000,-0.012500000,-1.898587500,0.817925000,-0.300000000,3.004776932,0.423915784,0.431304595,4.919169240,4.143890735,1754,588,0
105.600000000,59.600000000,56.600000000,-1.896250000,0.817500000,-0.300000000,0.068750000,-0.012500000,-1.898587500,0.817925000,-0.300000000,3.004776932,0.423915784,0.431304595,4.919169240,4.143890735,1754,588,0
105.700000000,59.700000000,56.700000000,-1.889375000,0.816250000,-0.300000000,0.068750000,-0.012500000,-1.891506250,0.816637500,-0.300000000,3.028986689,0.434853678,0.415349821,4.935282125,4.160508444,1757,589,0
105.700000000,59.700000000,56.700000000,-1.889375000,0.816250000,-0.300000000,0.068750000,-0.012500000,-1.891506250,0.816637500,-0.300000000,3.028986689,0.434853678,0.415349821,4.935282125,4.160508444,1757,589,0
105.800000000,59.800000000,56.800000000,-1.882500000,0.815000000,-0.300000000,0.068750000,-0.012500000,-1.884493750,0.815362500,-0.300000000,3.053374685,0.445394216,0.398447367,4.951708918,4.177698766,1760,590,0
105.800000000,59.800000000,56.800000000,-1.882500000,0.815000000,-0.300000000,0.068750000,-0.012500000,-1.884493750,0.815362500,-0.300000000,3.053374685,0.445394216,0.398447367,4.951708918,4.177698766,1760,590,0
105.900000000,59.900000000,56.900000000,-1.875625000,0.813750000,-0.300000000,0.068750000,-0.012500000,-1.877481250,0.814087500,-0.300000000,3.077940543,0.455517521,0.381238494,4.968377761,4.195357234,1763,591,0
105.900000000,59.900000000,56.900000000,-1.875625000,0.813750000,-0.300000000,0.068750000,-0.012500000,-1.877481250,0.814087500,-0.300000000,3.077940543,0.455517521,0.381238494,4.968377761,4.195357234,1763,591,0
106.000000000,60.000000000,57.000000000,-1.868750000,0.812500000,-0.300000000,0.068750000,-0.012500000,-1.870468750,0.812812500,-0.300000000,3.102678022,0.465217933,0.364117319,4.985279410,4.213441520,1766,592,0
106.000000000,60.000000000,57.000000000,-1.868750000,0.812500000,-0.300000000,0.068750000,-0.012500000,-1.870468750,0.812812500,-0.300000000,3.102678022,0.465217933,0.364117319,4.985279410,4.213441520,1766,592,0
106.100000000,60.100000000,57.100000000,-1.861875000,0.811250000,-0.300000000,0.068750000,-0.012500000,-1.863456250,0.811537500,-0.300000000,3.127577677,0.474496699,0.347251248,5.002401040,4.231914622,1769,593,0
106.100000000,60.100000000,57.100000000,-1.861875000,0.811250000,-0.300000000,0.068750000,-0.012500000,-1.863456250,0.811537500,-0.300000000,3.127577677,0.474496699,0.347251248,5.002401040,4.231914622,1769,593,0
106.200000000,60.200000000,57.200000000,-1.855000000,0.810000000,-0.300000000,0.068750000,-0.012500000,-1.856443750,0.810262500,-0.300000000,3.152628800,0.483358580,0.330724613,5.019728477,4.250741669,1772,594,0
106.200000000,60.200000000,57.200000000,-1.855000000,0.810000000,-0.300000000,0.068750000,-0.012500000,-1.856443750,0.810262500,-0.300000000,3.152628800,0.483358580,0.330724613,5.019728477,4.250741669,1772,594,0
106.300000000,60.300000000,57.300000000,-1.848125000,0.808750000,-0.300000000,0.068750000,-0.012500000,-1.849431250,0.808987500,-0.300000000,3.177821306,0.491809159,0.314556333,5.037248293,4.269893864,1775,595,0
106.300000000,60.300000000,57.300000000,-1.848125000,0.808750000,-0.300000000,0.068750000,-0.012500000,-1.849431250,0.808987500,-0.300000000,3.177821306,0.491809159,0.314556333,5.037248293,4.269893864,1775,595,0
106.400000000,60.400000000,57.400000000,-1.841250000,0.807500000,-0.300000000,0.068750000,-0.012500000,-1.842350000,0.807700000,-0.300000000,3.203143656,0.499856733,0.298931246,5.054876231,4.289249853,1778,596,0
106.400000000,60.400000000,57.400000000,-1.841250000,0.807500000,-0.300000000,0.068750000,-0.012500000,-1.842350000,0.807700000,-0.300000000,3.203143656,0.499856733,0.298931246,5.054876231,4.289249853,1778,596,0
106.500000000,60.500000000,57.500000000,-1.834375000,0.806250000,-0.300000000,0.068750000,-0.012500000,-1.835475000,0.806450000,-0.300000000,3.228584982,0.507513324,0.283784065,5.072875579,4.309065344,1781,597,0
106.500000000,60.500000000,57.500000000,-1.834375000,0.806250000,-0.300000000,0.068750000,-0.012500000,-1.835475000,0.806450000,-0.300000000,3.228584982,0.507513324,0.283784065,5.072875579,4.309065344,1781,597,0
106.600000000,60.600000000,57.600000000,-1.827500000,0.805000000,-0.300000000,0.068750000,-0.012500000,-1.828325000,0.805150000,-0.300000000,3.254136827,0.514788385,0.269066642,5.090749266,4.328834450,1784,598,0
106.600000000,60.600000000,57.600000000,-1.827500000,0.805000000,-0.300000000,0.068750000,-0.012500000,-1.828325000,0.805150000,-0.300000000,3.254136827,0.514788385,0.269066642,5.090749266,4.328834450,1784,598,0
106.700000000,60.700000000,57.700000000,-1.820625000,0.803750000,-0.300000000,0.068750000,-0.012500000,-1.821381250,0.803887500,-0.300000000,3.279791451,0.521691414,0.254763055,5.108972260,4.349022451,1787,599,0
106.700000000,60.700000000,57.700000000,-1.820625000,0.803750000,-0.300000000,0.068750000,-0.012500000,-1.821381250,0.803887500,-0.300000000,3.279791451,0.521691414,0.254763055,5.108972260,4.349022451,1787,599,0
106.800000000,60.800000000,57.800000000,-1.813750000,0.802500000,-0.300000000,0.068750000,-0.012500000,-1.814368750,0.802612500,-0.300000000,3.305539799,0.528233023,0.240999303,5.127255372,4.369307647,1790,600,0
106.800000000,60.800000000,57.800000000,-1.813750000,0.802500000,-0.300000000,0.068750000,-0.012500000,-1.814368750,0.802612500,-0.300000000,3.305539799,0.528233023,0.240999303,5.127255372,4.369307647,1790,600,0
106.900000000,60.900000000,57.900000000,-1.806875000,0.801250000,-0.300000000,0.068750000,-0.012500000,-1.807356250,0.801337500,-0.300000000,3.331373606,0.534425208,0.227748256,5.145657073,4.389739041,1793,601,0
106.900000000,60.900000000,57.900000000,-1.806875000,0.801250000,-0.300000000,0.068750000,-0.012500000,-1.807356250,0.801337500,-0.300000000,3.331373606,0.534425208,0.227748256,5.145657073,4.389739041,1793,601,0
107.000000000,61.000000000,58.000000000,-1.800000000,0.800000000,-0.300000000,0.068750000,-0.012500000,-1.800275000,0.800050000,-0.300000000,3.357284431,0.540281411,0.215111942,5.164097114,4.410206151,1796,602,0
107.000000000,61.000000000,58.000000000,-1.800000000,0.800000000,-0.300000000,0.068750000,-0.012500000,-1.800275000,0.800050000,-0.300000000,3.357284431,0.540281411,0.215111942,5.164097114,4.410206151,1796,602,0
107.100000000,61.100000000,58.100000000,-1.800000000,0.800000000,-0.300000000,0.000000000,0.000000000,-1.795737500,0.799225000,-0.300000000,3.374597299,0.544006220,0.206983614,5.176630038,4.424090324,1798,603,0
107.100000000,61.100000000,58.100000000,-1.800000000,0.800000000,-0.300000000,0.000000000,0.000000000,-1.793400000,0.798800000,-0.300000000,3.383264609,0.545815989,0.202974538,5.182842596,4.430982934,1799,603,0
107.200000000,61.200000000,58.200000000,-1.800000000,0.800000000,-0.300000000,0.000000000,0.000000000,-1.800000000,0.800000000,-0.300000000,3.400620027,0.549331794,0.195100525,5.206657586,4.456170370,1801,604,0
107.200000000,61.200000000,58.200000000,-1.800000000,0.800000000,-0.300000000,0.000000000,0.000000000,-1.800000000,0.800000000,-0.300000000,3.400620027,0.549331794,0.195100525,5.206657586,4.456170370,1801,604,0
107.300000000,61.300000000,58.300000000,-1.800000000,0.800000000,-0.300000000,0.000000000,0.000000000,-1.800000000,0.800000000,-0.300000000,3.426701539,0.554352109,0.183587522,5.232470914,4.484040038,1804,605,0
107.300000000,61.300000000,58.300000000,-1.800000000,0.800000000,-0.300000000,0.000000000,0.000000000,-1.800000000,0.800000000,-0.300000000,3.426701539,0.554352109,0.183587522,5.232470914,4.484040038,1804,605,0
107.400000000,61.400000000,58.400000000,-1.800000000,0.800000000,-0.300000000,0.000000000,0.000000000,-1.800000000,0.800000000,-0.300000000,3.452837303,0.559075473,0.172377798,5.258359474,4.511998295,1807,606,0
107.400000000,61.400000000,58.400000000,-1.800000000,0.800000000,-0.300000000,0.000000000,0.000000000,-1.800000000,0.800000000,-0.300000000,3.452837303,0.559075473,0.172377798,5.258359474,4.511998295,1807,606,0
107.500000000,61.500000000,58.500000000,-1.800000000,0.800000000,-0.300000000,0.000000000,0.000000000,-1.800000000,0.800000000,-0.300000000,3.479023404,0.563509102,0.161503314,5.284317935,4.540027028,1810,607,0
107.500000000,61.500000000,58.500000000,-1.800000000,0.800000000,-0.300000000,0.000000000,0.000000000,-1.800000000,0.800000000,-0.300000000,3.479023404,0.563509102,0.161503314,5.284317935,4.540027028,1810,607,0
107.600000000,61.600000000,58.600000000,-1.800000000,0.800000000,-0.300000000,0.000000000,0.000000000,-1.800000000,0.800000000,-0.300000000,3.505254797,0.567662125,0.151020595,5.310339852,4.568101803,1813,608,0
107.600000000,61.600000000,58.600000000,-1.800000000,0.800000000,-0.300000000,0.000000000,0.000000000,-1.800000000,0.800000000,-0.300000000,3.505254797,0.567662125,0.151020595,5.310339852,4.568101803,1813,608,0
107.700000000,61.700000000,58.700000000,-1.800000000,0.800000000,-0.300000000,0.000000000,0.000000000,-1.800000000,0.800000000,-0.300000000,3.531526693,0.571543790,0.140861652,5.336419129,4.596223322,1816,609,0
107.700000000,61.700000000,58.700000000,-1.800000000,0.800000000,-0.300000000,0.000000000,0.000000000,-1.800000000,0.800000000,-0.300000000,3.531526693,0.571543790,0.140861652,5.336419129,4.596223322,1816,609,0
107.800000000,61.800000000,58.800000000,-1.800000000,0.800000000,-0.300000000,0.000000000,0.000000000,-1.800000000,0.800000000,-0.300000000,3.557835421,0.575162376,0.131064629,5.362550919,4.624372967,1819,610,0
107.800000000,61.800000000,58.800000000,-1.800000000,0.800000000,-0.300000000,0.000000000,0.000000000,-1.800000000,0.800000000,-0.300000000,3.557835421,0.575162376,0.131064629,5.362550919,4.624372967,1819,610,0
107.900000000,61.900000000,58.900000000,-1.800000000,0.800000000,-0.300000000,0.000000000,0.000000000,-1.800000000,0.800000000,-0.300000000,3.584176902,0.578527286,0.121650129,5.388730006,4.652535163,1822,611,0
107.900000000,61.900000000,58.900000000,-1.800000000,0.800000000,-0.300000000,0.000000000,0.000000000,-1.800000000,0.800000000,-0.300000000,3.584176902,0.578527286,0.121650129,5.388730006,4.652535163,1822,611,0
108.000000000,62.000000000,59.000000000,-1.800000000,0.800000000,-0.300000000,0.000000000,0.000000000,-1.800000000,0.800000000,-0.300000000,3.610546278,0.581649180,0.112728476,5.414950425,4.680674162,1825,612,0
108.000000000,62.000000000,59.000000000,-1.800000000,0.800000000,-0.300000000,0.000000000,0.000000000,-1.800000000,0.800000000,-0.300000000,3.610546278,0.581649180,0.112728476,5.414950425,4.680674162,1825,612,0
108.100000000,62.100000000,59.100000000,-1.800000000,0.800000000,-0.300000000,0.000000000,0.000000000,-1.800000000,0.800000000,-0.300000000,3.636939894,0.584540858,0.104251661,5.441207408,4.708789065,1828,613,0
108.100000000,62.100000000,59.100000000,-1.800000000,0.800000000,-0.300000000,0.000000000,0.000000000,-1.800000000,0.800000000,-0.300000000,3.636939894,0.584540858,0.104251661,5.441207408,4.708789065,1828,613,0
108.200000000,62.200000000,59.200000000,-1.800000000,0.800000000,-0.300000000,0.000000000,0.000000000,-1.800000000,0.800000000,-0.300000000,3.663355686,0.587212752,0.096101530,5.467497944,4.736897592,1831,614,0
108.200000000,62.200000000,59.200000000,-1.800000000,0.800000000,-0.300000000,0.000000000,0.000000000,-1.800000000,0.800000000,-0.300000000,3.663355686,0.587212752,0.096101530,5.467497944,4.736897592,1831,614,0
108.300000000,62.300000000,59.300000000,-1.800000000,0.800000000,-0.300000000,0.000000000,0.000000000,-1.800000000,0.800000000,-0.300000000,3.689790802,0.589673824,0.088388896,5.493818358,4.764966720,1834,615,0
108.300000000,62.300000000,59.300000000,-1.800000000,0.800000000,-0.300000000,0.000000000,0.000000000,-1.800000000,0.800000000,-0.300000000,3.689790802,0.589673824,0.088388896,5.493818358,4.764966720,1834,615,0
108.400000000,62.400000000,59.400000000,-1.800000000,0.800000000,-0.300000000,0.000000000,0.000000000,-1.800000000,0.800000000,-0.300000000,3.716242879,0.591934320,0.081006441,5.520165471,4.793013044,1837,616,0
108.400000000,62.400000000,59.400000000,-1.800000000,0.800000000,-0.300000000,0.000000000,0.000000000,-1.800000000,0.800000000,-0.300000000,3.716242879,0.591934320,0.081006441,5.520165471,4.793013044,1837,616,0
108.500000000,62.500000000,59.500000000,-1.800000000,0.800000000,-0.300000000,0.000000000,0.000000000,-1.800000000,0.800000000,-0.300000000,3.742709505,0.594003776,0.073951796,5.546536136,4.821030333,1840,617,0
108.500000000,62.500000000,59.500000000,-1.800000000,0.800000000,-0.300000000,0.000000000,0.000000000,-1.800000000,0.800000000,-0.300000000,3.742709505,0.594003776,0.073951796,5.546536136,4.821030333,1840,617,0
108.600000000,62.600000000,59.600000000,-1.800000000,0.800000000,-0.300000000,0.000000000,0.000000000,-1.800000000,0.800000000,-0.300000000,3.769189177,0.595889315,0.067170434,5.572928248,4.849025954,1843,618,0
108.600000000,62.600000000,59.600000000,-1.800000000,0.800000000,-0.300000000,0.000000000,0.000000000,-1.800000000,0.800000000,-0.300000000,3.769189177,0.595889315,0.067170434,5.572928248,4.849025954,1843,618,0
108.700000000,62.700000000,59.700000000,-1.800000000,0.800000000,-0.300000000,0.000000000,0.000000000,-1.800000000,0.800000000,-0.300000000,3.795679520,0.597599418,0.060791275,5.599338826,4.876963427,1846,619,0
108.700000000,62.700000000,59.700000000,-1.800000000,0.800000000,-0.300000000,0.000000000,0.000000000,-1.800000000,0.800000000,-0.300000000,3.795679520,0.597599418,0.060791275,5.599338826,4.876963427,1846,619,0
108.800000000,62.800000000,59.800000000,-1.800000000,0.800000000,-0.300000000,0.000000000,0.000000000,-1.800000000,0.800000000,-0.300000000,3.813344763,0.598647096,0.056697787,5.616954906,4.895568544,1848,620,0
108.800000000,62.800000000,59.800000000,-1.800000000,0.800000000,-0.300000000,0.000000000,0.000000000,-1.800000000,0.800000000,-0.300000000,3.822178698,0.599144031,0.054697489,5.625765408,4.904864941,1849,620,0
108.900000000,62.900000000,59.900000000,-1.800000000,0.800000000,-0.300000000,0.000000000,0.000000000,-1.800000000,0.800000000,-0.300000000,3.839849179,0.600085151,0.050788662,5.643391242,4.923445154,1851,621,0
108.900000000,62.900000000,59.900000000,-1.800000000,0.800000000,-0.300000000,0.000000000,0.000000000,-1.800000000,0.800000000,-0.300000000,3.839849179,0.600085151,0.050788662,5.643391242,4.923445154,1851,621,0
109.000000000,63.000000000,60.000000000,-1.800000000,0.800000000,-0.300000000,0.000000000,0.000000000,-1.800000000,0.800000000,-0.300000000,3.866360645,0.601369161,0.045120338,5.669841018,4.951290201,1854,622,0
109.000000000,63.000000000,60.000000000,-1.800000000,0.800000000,-0.300000000,0.000000000,0.000000000,-1.800000000,0.800000000,-0.300000000,3.866360645,0.601369161,0.045120338,5.669841018,4.951290201,1854,622,0
109.100000000,63.100000000,60.100000000,-1.800000000,0.800000000,-0.300000000,0.000000000,0.000000000,-1.800000000,0.800000000,-0.300000000,3.892878011,0.602506464,0.039768540,5.696302639,4.979081481,1857,623,0
109.100000000,63.100000000,60.100000000,-1.800000000,0.800000000,-0.300000000,0.000000000,0.000000000,-1.800000000,0.800000000,-0.300000000,3.892878011,0.602506464,0.039768540,5.696302639,4.979081481,1857,623,0
109.200000000,63.200000000,60.200000000,-1.800000000,0.800000000,-0.300000000,0.000000000,0.000000000,-1.800000000,0.800000000,-0.300000000,3.919400096,0.603504555,0.034662115,5.722774495,5.006832880,1860,624,0
109.200000000,63.200000000,60.200000000,-1.800000000,0.800000000,-0.300000000,0.000000000,0.000000000,-1.800000000,0.800000000,-0.300000000,3.919400096,0.603504555,0.034662115,5.722774495,5.006832880,1860,624,0
109.300000000,63.300000000,60.300000000,-1.800000000,0.800000000,-0.300000000,0.000000000,0.000000000,-1.800000000,0.800000000,-0.300000000,3.945925841,0.604370364,0.029863576,5.749255145,5.034525606,1863,625,0
109.300000000,63.300000000,60.300000000,-1.800000000,0.800000000,-0.300000000,0.000000000,0.000000000,-1.800000000,0.800000000,-0.300000000,3.945925841,0.604370364,0.029863576,5.749255145,5.034525606,1863,625,0
109.400000000,63.400000000,60.400000000,-1.800000000,0.800000000,-0.300000000,0.000000000,0.000000000,-1.800000000,0.800000000,-0.300000000,3.972454331,0.605112375,0.025349132,5.775743258,5.062162468,1866,626,0
109.400000000,63.400000000,60.400000000,-1.800000000,0.800000000,-0.300000000,0.000000000,0.000000000,-1.800000000,0.800000000,-0.300000000,3.972454331,0.605112375,0.025349132,5.775743258,5.062162468,1866,626,0
109.500000000,63.500000000,60.500000000,-1.800000000,0.800000000,-0.300000000,0.000000000,0.000000000,-1.800000000,0.800000000,-0.300000000,3.998984907,0.605737352,0.021087633,5.802237838,5.089748783,1869,627,0
109.500000000,63.500000000,60.500000000,-1.800000000,0.800000000,-0.300000000,0.000000000,0.000000000,-1.800000000,0.800000000,-0.300000000,3.998984907,0.605737352,0.021087633,5.802237838,5.089748783,1869,627,0
109.600000000,63.600000000,60.600000000,-1.800000000,0.800000000,-0.300000000,0.000000000,0.000000000,-1.800000000,0.800000000,-0.300000000,4.025516963,0.606252842,0.017152437,5.828737929,5.117263490,1872,628,0
109.600000000,63.600000000,60.600000000,-1.800000000,0.800000000,-0.300000000,0.000000000,0.000000000,-1.800000000,0.800000000,-0.300000000,4.025516963,0.606252842,0.017152437,5.828737929,5.117263490,1872,628,0
109.700000000,63.700000000,60.700000000,-1.800000000,0.800000000,-0.300000000,0.000000000,0.000000000,-1.800000000,0.800000000,-0.300000000,4.052049868,0.606666503,0.013486799,5.855242566,5.144718685,1875,629,0
109.700000000,63.700000000,60.700000000,-1.800000000,0.800000000,-0.300000000,0.000000000,0.000000000,-1.800000000,0.800000000,-0.300000000,4.052049868,0.606666503,0.013486799,5.855242566,5.144718685,1875,629,0
109.800000000,63.800000000,60.800000000,-1.800000000,0.800000000,-0.300000000,0.000000000,0.000000000,-1.800000000,0.800000000,-0.300000000,4.078582631,0.606986769,0.010119265,5.881750408,5.172104486,1878,630,0
109.800000000,63.800000000,60.800000000,-1.800000000,0.800000000,-0.300000000,0.000000000,0.000000000,-1.800000000,0.800000000,-0.300000000,4.078582631,0.606986769,0.010119265,5.881750408,5.172104486,1878,630,0
109.900000000,63.900000000,60.900000000,-1.800000000,0.800000000,-0.300000000,0.000000000,0.000000000,-1.800000000,0.800000000,-0.300000000,4.105115699,0.607220406,0.006982517,5.908261622,5.199437378,1881,631,0
109.900000000,63.900000000,60.900000000,-1.800000000,0.800000000,-0.300000000,0.000000000,0.000000000,-1.800000000,0.800000000,-0.300000000,4.105115699,0.607220406,0.006982517,5.908261622,5.199437378,1881,631,0
110.000000000,64.000000000,61.000000000,-1.800000000,0.800000000,-0.300000000,0.000000000,0.000000000,-1.800000000,0.800000000,-0.300000000,4.131648491,0.607373351,0.004129308,5.934775383,5.226701940,1884,632,0
110.000000000,64.000000000,61.000000000,-1.800000000,0.800000000,-0.300000000,0.000000000,0.000000000,-1.800000000,0.800000000,-0.300000000,4.131648491,0.607373351,0.004129308,5.934775383,5.226701940,1884,632,0
110.100000000,64.100000000,61.100000000,-1.800000000,0.800000000,-0.300000000,0.000000000,0.000000000,-1.800000000,0.800000000,-0.300000000,4.158180809,0.607453185,0.001502260,5.961291205,5.253911808,1887,633,0
110.100000000,64.100000000,61.100000000,-1.800000000,0.800000000,-0.300000000,0.000000000,0.000000000,-1.800000000,0.800000000,-0.300000000,4.158180809,0.607453185,0.001502260,5.961291205,5.253911808,1887,633,0
110.200000000,64.200000000,61.200000000,-1.800000000,0.800000000,-0.300000000,0.000000000,0.000000000,-1.800000000,0.800000000,-0.300000000,4.184712523,0.607466225,-0.000913352,5.987808718,5.281069828,1890,634,0
110.200000000,64.200000000,61.200000000,-1.800000000,0.800000000,-0.300000000,0.000000000,0.000000000,-1.800000000,0.800000000,-0.300000000,4.184712523,0.607466225,-0.000913352,5.987808718,5.281069828,1890,634,0
110.300000000,64.300000000,61.300000000,-1.800000000,0.800000000,-0.300000000,0.000000000,0.000000000,-1.800000000,0.800000000,-0.300000000,4.211243498,0.607416584,-0.003165674,6.014327623,5.308187821,1893,635,0
110.300000000,64.300000000,61.300000000,-1.800000000,0.800000000,-0.300000000,0.000000000,0.000000000,-1.800000000,0.800000000,-0.300000000,4.211243498,0.607416584,-0.003165674,6.014327623,5.308187821,1893,635,0
110.400000000,64.400000000,61.400000000,-1.800000000,0.800000000,-0.300000000,0.000000000,0.000000000,-1.800000000,0.800000000,-0.300000000,4.237773418,0.607309945,-0.005185404,6.040847400,5.335246562,1896,636,0
110.400000000,64.400000000,61.400000000,-1.800000000,0.800000000,-0.300000000,0.000000000,0.000000000,-1.800000000,0.800000000,-0.300000000,4.237773418,0.607309945,-0.005185404,6.040847400,5.335246562,1896,636,0
110.500000000,64.500000000,61.500000000,-1.800000000,0.800000000,-0.300000000,0.000000000,0.000000000,-1.800000000,0.800000000,-0.300000000,4.255459673,0.607209917,-0.006424523,6.058527863,5.353258474,1898,637,0
110.500000000,64.500000000,61.500000000,-1.800000000,0.800000000,-0.300000000,0.000000000,0.000000000,-1.800000000,0.800000000,-0.300000000,4.264302667,0.607151681,-0.007007556,6.067368236,5.362255027,1899,637,0
110.600000000,64.600000000,61.600000000,-1.800000000,0.800000000,-0.300000000,0.000000000,0.000000000,-1.800000000,0.800000000,-0.300000000,4.281988314,0.607020072,-0.008088255,6.085049145,5.380225868,1901,638,0
110.600000000,64.600000000,61.600000000,-1.800000000,0.800000000,-0.300000000,0.000000000,0.000000000,-1.800000000,0.800000000,-0.300000000,4.281988314,0.607020072,-0.008088255,6.085049145,5.380225868,1901,638,0
110.700000000,64.700000000,61.700000000,-1.800000000,0.800000000,-0.300000000,0.000000000,0.000000000,-1.800000000,0.800000000,-0.300000000,4.308515746,0.606789061,-0.009541308,6.111570591,5.407138009,1904,639,0
110.700000000,64.700000000,61.700000000,-1.800000000,0.800000000,-0.300000000,0.000000000,0.000000000,-1.800000000,0.800000000,-0.300000000,4.308515746,0.606789061,-0.009541308,6.111570591,5.407138009,1904,639,0
110.800000000,64.800000000,61.800000000,-1.800000000,0.800000000,-0.300000000,0.000000000,0.000000000,-1.800000000,0.800000000,-0.300000000,4.335042094,0.606521832,-0.010799981,6.138092154,5.433998896,1907,640,0
110.800000000,64.800000000,61.800000000,-1.800000000,0.800000000,-0.300000000,0.000000000,0.000000000,-1.800000000,0.800000000,-0.300000000,4.335042094,0.606521832,-0.010799981,6.138092154,5.433998896,1907,640,0
110.900000000,64.900000000,61.900000000,-1.800000000,0.800000000,-0.300000000,0.000000000,0.000000000,-1.800000000,0.800000000,-0.300000000,4.361567376,0.606222451,-0.011905234,6.164613716,5.460819099,1910,641,0
110.900000000,64.900000000,61.900000000,-1.800000000,0.800000000,-0.300000000,0.000000000,0.000000000,-1.800000000,0.800000000,-0.300000000,4.361567376,0.606222451,-0.011905234,6.164613716,5.460819099,1910,641,0
111.000000000,65.000000000,62.000000000,-1.800000000,0.800000000,-0.300000000,0.000000000,0.000000000,-1.800000000,0.800000000,-0.300000000,4.388091953,0.605895697,-0.012859722,6.191135478,5.487599387,1913,642,0
111.000000000,65.000000000,62.000000000,-1.800000000,0.800000000,-0.300000000,0.000000000,0.000000000,-1.800000000,0.800000000,-0.300000000,4.388091953,0.605895697,-0.012859722,6.191135478,5.487599387,1913,642,0
111.100000000,65.100000000,62.100000000,-1.800000000,0.800000000,-0.300000000,0.000000000,0.000000000,-1.800000000,0.800000000,-0.300000000,4.414615773,0.605545304,-0.013685848,6.217657262,5.514345448,1916,643,0
111.100000000,65.100000000,62.100000000,-1.800000000,0.800000000,-0.300000000,0.000000000,0.000000000,-1.800000000,0.800000000,-0.300000000,4.414615773,0.605545304,-0.013685848,6.217657262,5.514345448,1916,643,0
111.200000000,65.200000000,62.200000000,-1.800000000,0.800000000,-0.300000000,0.000000000,0.000000000,-1.800000000,0.800000000,-0.300000000,4.441139038,0.605173919,-0.014403576,6.244179185,5.541062651,1919,644,0
111.200000000,65.200000000,62.200000000,-1.800000000,0.800000000,-0.300000000,0.000000000,0.000000000,-1.800000000,0.800000000,-0.300000000,4.441139038,0.605173919,-0.014403576,6.244179185,5.541062651,1919,644,0
111.300000000,65.300000000,62.300000000,-1.800000000,0.800000000,-0.300000000,0.000000000,0.000000000,-1.800000000,0.800000000,-0.300000000,4.467661567,0.604785071,-0.014983111,6.270700949,5.567742663,1922,645,0
111.300000000,65.300000000,62.300000000,-1.800000000,0.800000000,-0.300000000,0.000000000,0.000000000,-1.800000000,0.800000000,-0.300000000,4.467661567,0.604785071,-0.014983111,6.270700949,5.567742663,1922,645,0
111.400000000,65.400000000,62.400000000,-1.800000000,0.800000000,-0.300000000,0.000000000,0.000000000,-1.800000000,0.800000000,-0.300000000,4.494183447,0.604382180,-0.015444699,6.297222530,5.594390834,1925,646,0
111.400000000,65.400000000,62.400000000,-1.800000000,0.800000000,-0.300000000,0.000000000,0.000000000,-1.800000000,0.800000000,-0.300000000,4.494183447,0.604382180,-0.015444699,6.297222530,5.594390834,1925,646,0
111.500000000,65.500000000,62.500000000,-1.800000000,0.800000000,-0.300000000,0.000000000,0.000000000,-1.800000000,0.800000000,-0.300000000,4.520705002,0.603967738,-0.015843255,6.323744173,5.621022105,1928,647,0
111.500000000,65.500000000,62.500000000,-1.800000000,0.800000000,-0.300000000,0.000000000,0.000000000,-1.800000000,0.800000000,-0.300000000,4.520705002,0.603967738,-0.015843255,6.323744173,5.621022105,1928,647,0
111.600000000,65.600000000,62.600000000,-1.800000000,0.800000000,-0.300000000,0.000000000,0.000000000,-1.800000000,0.800000000,-0.300000000,4.547226053,0.603543664,-0.016166924,6.350265637,5.647633042,1931,648,0
111.600000000,65.600000000,62.600000000,-1.800000000,0.800000000,-0.300000000,0.000000000,0.000000000,-1.800000000,0.800000000,-0.300000000,4.547226053,0.603543664,-0.016166924,6.350265637,5.647633042,1931,648,0
111.700000000,65.700000000,62.700000000,-1.800000000,0.800000000,-0.300000000,0.000000000,0.000000000,-1.800000000,0.800000000,-0.300000000,4.573746513,0.603111942,-0.016400373,6.376786770,5.674219372,1934,649,0
111.700000000,65.700000000,62.700000000,-1.800000000,0.800000000,-0.300000000,0.000000000,0.000000000,-1.800000000,0.800000000,-0.300000000,4.573746513,0.603111942,-0.016400373,6.376786770,5.674219372,1934,649,0
111.800000000,65.800000000,62.800000000,-1.800000000,0.800000000,-0.300000000,0.000000000,0.000000000,-1.800000000,0.800000000,-0.300000000,4.600266695,0.602674911,-0.016555693,6.403307814,5.700784582,1937,650,0
111.800000000,65.800000000,62.800000000,-1.800000000,0.800000000,-0.300000000,0.000000000,0.000000000,-1.800000000,0.800000000,-0.300000000,4.600266695,0.602674911,-0.016555693,6.403307814,5.700784582,1937,650,0
111.900000000,65.900000000,62.900000000,-1.800000000,0.800000000,-0.300000000,0.000000000,0.000000000,-1.800000000,0.800000000,-0.300000000,4.626786778,0.602234244,-0.016668377,6.429828892,5.727338330,1940,651,0
111.900000000,65.900000000,62.900000000,-1.800000000,0.800000000,-0.300000000,0.000000000,0.000000000,-1.800000000,0.800000000,-0.300000000,4.626786778,0.602234244,-0.016668377,6.429828892,5.727338330,1940,651,0
112.000000000,66.000000000,63.000000000,-1.800000000,0.800000000,-0.300000000,0.000000000,0.000000000,-1.800000000,0.800000000,-0.300000000,4.653306585,0.601791342,-0.016715823,6.456349785,5.753874335,1943,652,0
112.000000000,66.000000000,63.000000000,-1.800000000,0.800000000,-0.300000000,0.000000000,0.000000000,-1.800000000,0.800000000,-0.300000000,4.653306585,0.601791342,-0.016715823,6.456349785,5.753874335,1943,652,0
112.100000000,66.100000000,63.100000000,-1.800000000,0.800000000,-0.300000000,0.000000000,0.000000000,-1.800000000,0.800000000,-0.300000000,4.679826022,0.601348036,-0.016678945,6.482870342,5.780387332,1946,653,0
112.100000000,66.100000000,63.100000000,-1.800000000,0.800000000,-0.300000000,0.000000000,0.000000000,-1.800000000,0.800000000,-0.300000000,4.679826022,0.601348036,-0.016678945,6.482870342,5.780387332,1946,653,0
112.200000000,66.200000000,63.200000000,-1.800000000,0.800000000,-0.300000000,0.000000000,0.000000000,-1.800000000,0.800000000,-0.300000000,4.697505696,0.601053317,-0.016626301,6.500550750,5.798055161,1948,654,0
112.200000000,66.200000000,63.200000000,-1.800000000,0.800000000,-0.300000000,0.000000000,0.000000000,-1.800000000,0.800000000,-0.300000000,4.706345515,0.600906285,-0.016593555,6.509390929,5.806887326,1949,654,0
112.300000000,66.300000000,63.300000000,-1.800000000,0.800000000,-0.300000000,0.000000000,0.000000000,-1.800000000,0.800000000,-0.300000000,4.724025064,0.600613321,-0.016511528,6.527071172,5.824547105,1951,655,0
112.300000000,66.300000000,63.300000000,-1.800000000,0.800000000,-0.300000000,0.000000000,0.000000000,-1.800000000,0.800000000,-0.300000000,4.724025064,0.600613321,-0.016511528,6.527071172,5.824547105,1951,655,0
112.400000000,66.400000000,63.400000000,-1.800000000,0.800000000,-0.300000000,0.000000000,0.000000000,-1.800000000,0.800000000,-0.300000000,4.750544196,0.600176938,-0.016352474,6.553591269,5.851026853,1954,656,0
112.400000000,66.400000000,63.400000000,-1.800000000,0.800000000,-0.300000000,0.000000000,0.000000000,-1.800000000,0.800000000,-0.300000000,4.750544196,0.600176938,-0.016352474,6.553591269,5.851026853,1954,656,0
112.500000000,66.500000000,63.500000000,-1.800000000,0.800000000,-0.300000000,0.000000000,0.000000000,-1.800000000,0.800000000,-0.300000000,4.777063244,0.599745079,-0.016150062,6.580111166,5.877494794,1957,657,0
112.500000000,66.500000000,63.500000000,-1.800000000,0.800000000,-0.300000000,0.000000000,0.000000000,-1.800000000,0.800000000,-0.300000000,4.777063244,0.599745079,-0.016150062,6.580111166,5.877494794,1957,657,0
112.600000000,66.600000000,63.600000000,-1.800000000,0.800000000,-0.300000000,0.000000000,0.000000000,-1.800000000,0.800000000,-0.300000000,4.803582261,0.599319299,-0.015907239,6.606630867,5.903951745,1960,658,0
112.600000000,66.600000000,63.600000000,-1.800000000,0.800000000,-0.300000000,0.000000000,0.000000000,-1.800000000,0.800000000,-0.300000000,4.803582261,0.599319299,-0.015907239,6.606630867,5.903951745,1960,658,0
112.700000000,66.700000000,63.700000000,-1.800000000,0.800000000,-0.300000000,0.000000000,0.000000000,-1.800000000,0.800000000,-0.300000000,4.830101323,0.598899848,-0.015638859,6.633150444,5.930401774,1963,659,0
112.700000000,66.700000000,63.700000000,-1.800000000,0.800000000,-0.300000000,0.000000000,0.000000000,-1.800000000,0.800000000,-0.300000000,4.830101323,0.598899848,-0.015638859,6.633150444,5.930401774,1963,659,0
112.800000000,66.800000000,63.800000000,-1.800000000,0.800000000,-0.300000000,0.000000000,0.000000000,-1.800000000,0.800000000,-0.300000000,4.856620511,0.598488244,-0.015343453,6.659669932,5.956844541,1966,660,0
112.800000000,66.800000000,63.800000000,-1.800000000,0.800000000,-0.300000000,0.000000000,0.000000000,-1.800000000,0.800000000,-0.300000000,4.856620511,0.598488244,-0.015343453,6.659669932,5.956844541,1966,660,0
112.900000000,66.900000000,63.900000000,-1.800000000,0.800000000,-0.300000000,0.000000000,0.000000000,-1.800000000,0.800000000,-0.300000000,4.883139560,0.598084621,-0.015025004,6.686189063,5.983280855,1969,661,0
112.900000000,66.900000000,63.900000000,-1.800000000,0.800000000,-0.300000000,0.000000000,0.000000000,-1.800000000,0.800000000,-0.300000000,4.883139560,0.598084621,-0.015025004,6.686189063,5.983280855,1969,661,0
113.000000000,67.000000000,64.000000000,-1.800000000,0.800000000,-0.300000000,0.000000000,0.000000000,-1.800000000,0.800000000,-0.300000000,4.909658726,0.597689490,-0.014684682,6.712708079,6.009711282,1972,662,0
113.000000000,67.000000000,64.000000000,-1.800000000,0.800000000,-0.300000000,0.000000000,0.000000000,-1.800000000,0.800000000,-0.300000000,4.909658726,0.597689490,-0.014684682,6.712708079,6.009711282,1972,662,0
113.100000000,67.100000000,64.100000000,-1.800000000,0.800000000,-0.300000000,0.000000000,0.000000000,-1.800000000,0.800000000,-0.300000000,4.936178128,0.597303784,-0.014317510,6.739227072,6.036134595,1975,663,0
113.100000000,67.100000000,64.100000000,-1.800000000,0.800000000,-0.300000000,0.000000000,0.000000000,-1.800000000,0.800000000,-0.300000000,4.936178128,0.597303784,-0.014317510,6.739227072,6.036134595,1975,663,0
113.200000000,67.200000000,64.200000000,-1.800000000,0.800000000,-0.300000000,0.000000000,0.000000000,-1.800000000,0.800000000,-0.300000000,4.962697569,0.596928034,-0.013949609,6.765745830,6.062557590,1978,664,0
113.200000000,67.200000000,64.200000000,-1.800000000,0.800000000,-0.300000000,0.000000000,0.000000000,-1.800000000,0.800000000,-0.300000000,4.962697569,0.596928034,-0.013949609,6.765745830,6.062557590,1978,664,0
113.300000000,67.300000000,64.300000000,-1.800000000,0.800000000,-0.300000000,0.000000000,0.000000000,-1.800000000,0.800000000,-0.300000000,4.989216963,0.596561859,-0.013575371,6.792264280,6.088978687,1981,665,0
113.300000000,67.300000000,64.300000000,-1.800000000,0.800000000,-0.300000000,0.000000000,0.000000000,-1.800000000,0.800000000,-0.300000000,4.989216963,0.596561859,-0.013575371,6.792264280,6.088978687,1981,665,0
113.400000000,67.400000000,64.400000000,-1.800000000,0.800000000,-0.300000000,0.000000000,0.000000000,-1.800000000,0.800000000,-0.300000000,5.015736527,0.596205620,-0.013215030,6.818782629,6.115403512,1984,666,0
113.400000000,67.400000000,64.400000000,-1.800000000,0.800000000,-0.300000000,0.000000000,0.000000000,-1.800000000,0.800000000,-0.300000000,5.015736527,0.596205620,-0.013215030,6.818782629,6.115403512,1984,666,0
113.500000000,67.500000000,64.500000000,-1.800000000,0.800000000,-0.300000000,0.000000000,0.000000000,-1.800000000,0.800000000,-0.300000000,5.042256319,0.595858691,-0.012874172,6.845300959,6.141833624,1987,667,0
113.500000000,67.500000000,64.500000000,-1.800000000,0.800000000,-0.300000000,0.000000000,0.000000000,-1.800000000,0.800000000,-0.300000000,5.042256319,0.595858691,-0.012874172,6.845300959,6.141833624,1987,667,0
113.600000000,67.600000000,64.600000000,-1.800000000,0.800000000,-0.300000000,0.000000000,0.000000000,-1.800000000,0.800000000,-0.300000000,5.068776482,0.595520750,-0.012546917,6.871819419,6.168267596,1990,668,0
113.600000000,67.600000000,64.600000000,-1.800000000,0.800000000,-0.300000000,0.000000000,0.000000000,-1.800000000,0.800000000,-0.300000000,5.068776482,0.595520750,-0.012546917,6.871819419,6.168267596,1990,668,0
113.700000000,67.700000000,64.700000000,-1.800000000,0.800000000,-0.300000000,0.000000000,0.000000000,-1.800000000,0.800000000,-0.300000000,5.095296553,0.595191349,-0.012217338,6.898337563,6.194700714,1993,669,0
113.700000000,67.700000000,64.700000000,-1.800000000,0.800000000,-0.300000000,0.000000000,0.000000000,-1.800000000,0.800000000,-0.300000000,5.095296553,0.595191349,-0.012217338,6.898337563,6.194700714,1993,669,0
113.800000000,67.800000000,64.800000000,-1.800000000,0.800000000,-0.300000000,0.000000000,0.000000000,-1.800000000,0.800000000,-0.300000000,5.121816729,0.594870599,-0.011899481,6.924855587,6.221136927,1996,670,0
113.800000000,67.800000000,64.800000000,-1.800000000,0.800000000,-0.300000000,0.000000000,0.000000000,-1.800000000,0.800000000,-0.300000000,5.121816729,0.594870599,-0.011899481,6.924855587,6.221136927,1996,670,0
113.900000000,67.900000000,64.900000000,-1.800000000,0.800000000,-0.300000000,0.000000000,0.000000000,-1.800000000,0.800000000,-0.300000000,5.148337157,0.594558173,-0.011602178,6.951373648,6.247578742,1999,671,0
113.900000000,67.900000000,64.900000000,-1.800000000,0.800000000,-0.300000000,0.000000000,0.000000000,-1.800000000,0.800000000,-0.300000000,5.148337157,0.594558173,-0.011602178,6.951373648,6.247578742,1999,671,0
114.000000000,68.000000000,65.000000000,-1.800000000,0.800000000,-0.300000000,0.000000000,0.000000000,-1.800000000,0.800000000,-0.300000000,5.166017653,0.594353893,-0.011430589,6.969052465,6.265213868,2001,672,0
114.000000000,68.000000000,65.000000000,-1.800000000,0.800000000,-0.300000000,0.000000000,0.000000000,-1.800000000,0.800000000,-0.300000000,5.166017653,0.594353893,-0.011430589,6.969052465,6.265213868,2001,672,0
114.100000000,68.100000000,65.100000000,-1.800000000,0.800000000,-0.300000000,0.000000000,0.000000000,-1.800000000,0.800000000,-0.300000000,5.192538464,0.594053183,-0.011203443,6.995570617,6.291674596,2004,673,0
114.100000000,68.100000000,65.100000000,-1.800000000,0.800000000,-0.300000000,0.000000000,0.000000000,-1.800000000,0.800000000,-0.300000000,5.192538464,0.594053183,-0.011203443,6.995570617,6.291674596,2004,673,0
114.200000000,68.200000000,65.200000000,-1.800000000,0.800000000,-0.300000000,0.000000000,0.000000000,-1.800000000,0.800000000,-0.300000000,5.219059456,0.593758073,-0.011017766,7.022088819,6.318146476,2007,674,0
114.200000000,68.200000000,65.200000000,-1.800000000,0.800000000,-0.300000000,0.000000000,0.000000000,-1.800000000,0.800000000,-0.300000000,5.219059456,0.593758073,-0.011017766,7.022088819,6.318146476,2007,674,0
114.300000000,68.300000000,65.300000000,-1.800000000,0.800000000,-0.300000000,0.000000000,0.000000000,-1.800000000,0.800000000,-0.300000000,5.245580462,0.593467303,-0.010845837,7.048606941,6.344621964,2010,675,0
114.300000000,68.300000000,65.300000000,-1.800000000,0.800000000,-0.300000000,0.000000000,0.000000000,-1.800000000,0.800000000,-0.300000000,5.245580462,0.593467303,-0.010845837,7.048606941,6.344621964,2010,675,0
114.400000000,68.400000000,65.400000000,-1.800000000,0.800000000,-0.300000000,0.000000000,0.000000000,-1.800000000,0.800000000,-0.300000000,5.272101591,0.593181323,-0.010700851,7.075125079,6.371104678,2013,676,0
114.400000000,68.400000000,65.400000000,-1.800000000,0.800000000,-0.300000000,0.000000000,0.000000000,-1.800000000,0.800000000,-0.300000000,5.272101591,0.593181323,-0.010700851,7.075125079,6.371104678,2013,676,0
114.500000000,68.500000000,65.500000000,-1.800000000,0.800000000,-0.300000000,0.000000000,0.000000000,-1.800000000,0.800000000,-0.300000000,5.298623164,0.592898548,-0.010600029,7.101643601,6.397599562,2016,677,0
114.500000000,68.500000000,65.500000000,-1.800000000,0.800000000,-0.300000000,0.000000000,0.000000000,-1.800000000,0.800000000,-0.300000000,5.298623164,0.592898548,-0.010600029,7.101643601,6.397599562,2016,677,0
114.600000000,68.600000000,65.600000000,-1.800000000,0.800000000,-0.300000000,0.000000000,0.000000000,-1.800000000,0.800000000,-0.300000000,5.325144955,0.592617467,-0.010556542,7.128162325,6.424109932,2019,678,0
114.600000000,68.600000000,65.600000000,-1.800000000,0.800000000,-0.300000000,0.000000000,0.000000000,-1.800000000,0.800000000,-0.300000000,5.325144955,0.592617467,-0.010556542,7.128162325,6.424109932,2019,678,0
114.700000000,68.700000000,65.700000000,-1.800000000,0.800000000,-0.300000000,0.000000000,0.000000000,-1.800000000,0.800000000,-0.300000000,5.351666986,0.592337094,-0.010592368,7.154681304,6.450641692,2022,679,0
114.700000000,68.700000000,65.700000000,-1.800000000,0.800000000,-0.300000000,0.000000000,0.000000000,-1.800000000,0.800000000,-0.300000000,5.351666986,0.592337094,-0.010592368,7.154681304,6.450641692,2022,679,0
114.800000000,68.800000000,65.800000000,-1.800000000,0.800000000,-0.300000000,0.000000000,0.000000000,-1.800000000,0.800000000,-0.300000000,5.378188940,0.592055335,-0.010696908,7.181200279,6.477191744,2025,680,0
114.800000000,68.800000000,65.800000000,-1.800000000,0.800000000,-0.300000000,0.000000000,0.000000000,-1.800000000,0.800000000,-0.300000000,5.378188940,0.592055335,-0.010696908,7.181200279,6.477191744,2025,680,0
114.900000000,68.900000000,65.900000000,-1.800000000,0.800000000,-0.300000000,0.000000000,0.000000000,-1.800000000,0.800000000,-0.300000000,5.404710982,0.591769423,-0.010853024,7.207719495,6.503755750,2028,681,0
114.900000000,68.900000000,65.900000000,-1.800000000,0.800000000,-0.300000000,0.000000000,0.000000000,-1.800000000,0.800000000,-0.300000000,5.404710982,0.591769423,-0.010853024,7.207719495,6.503755750,2028,681,0
115.000000000,69.000000000,66.000000000,-1.800000000,0.800000000,-0.300000000,0.000000000,0.000000000,-1.800000000,0.800000000,-0.300000000,5.431233406,0.591479380,-0.011042270,7.234239243,6.530329085,2031,682,0
115.000000000,69.000000000,66.000000000,-1.800000000,0.800000000,-0.300000000,0.000000000,0.000000000,-1.800000000,0.800000000,-0.300000000,5.431233406,0.591479380,-0.011042270,7.234239243,6.530329085,2031,682,0
115.100000000,69.100000000,66.100000000,-1.800000000,0.800000000,-0.300000000,0.000000000,0.000000000,-1.800000000,0.800000000,-0.300000000,5.457755896,0.591184094,-0.011261165,7.260759239,6.556910537,2034,683,0
115.100000000,69.100000000,66.100000000,-1.800000000,0.800000000,-0.300000000,0.000000000,0.000000000,-1.800000000,0.800000000,-0.300000000,5.457755896,0.591184094,-0.011261165,7.260759239,6.556910537,2034,683,0
115.200000000,69.200000000,66.200000000,-1.800000000,0.800000000,-0.300000000,0.000000000,0.000000000,-1.800000000,0.800000000,-0.300000000,5.484278226,0.590882280,-0.011508778,7.287279293,6.583499663,2037,684,0
115.200000000,69.200000000,66.200000000,-1.800000000,0.800000000,-0.300000000,0.000000000,0.000000000,-1.800000000,0.800000000,-0.300000000,5.484278226,0.590882280,-0.011508778,7.287279293,6.583499663,2037,684,0
115.300000000,69.300000000,66.300000000,-1.800000000,0.800000000,-0.300000000,0.000000000,0.000000000,-1.800000000,0.800000000,-0.300000000,5.510800594,0.590574001,-0.011792073,7.313799599,6.610098527,2040,685,0
115.300000000,69.300000000,66.300000000,-1.800000000,0.800000000,-0.300000000,0.000000000,0.000000000,-1.800000000,0.800000000,-0.300000000,5.510800594,0.590574001,-0.011792073,7.313799599,6.610098527,2040,685,0
115.400000000,69.400000000,66.400000000,-1.800000000,0.800000000,-0.300000000,0.000000000,0.000000000,-1.800000000,0.800000000,-0.300000000,5.537323296,0.590257216,-0.012160468,7.340320510,6.636720690,2043,686,0
115.400000000,69.400000000,66.400000000,-1.800000000,0.800000000,-0.300000000,0.000000000,0.000000000,-1.800000000,0.800000000,-0.300000000,5.537323296,0.590257216,-0.012160468,7.340320510,6.636720690,2043,686,0
115.500000000,69.500000000,66.500000000,-1.800000000,0.800000000,-0.300000000,0.000000000,0.000000000,-1.800000000,0.800000000,-0.300000000,5.563846353,0.589929270,-0.012609979,7.366842120,6.663365193,2046,687,0
115.500000000,69.500000000,66.500000000,-1.800000000,0.800000000,-0.300000000,0.000000000,0.000000000,-1.800000000,0.800000000,-0.300000000,5.563846353,0.589929270,-0.012609979,7.366842120,6.663365193,2046,687,0
115.600000000,69.600000000,66.600000000,-1.800000000,0.800000000,-0.300000000,0.000000000,0.000000000,-1.800000000,0.800000000,-0.300000000,5.590369241,0.589589071,-0.013135890,7.393363935,6.690030312,2049,688,0
115.600000000,69.600000000,66.600000000,-1.800000000,0.800000000,-0.300000000,0.000000000,0.000000000,-1.800000000,0.800000000,-0.300000000,5.590369241,0.589589071,-0.013135890,7.393363935,6.690030312,2049,688,0
115.700000000,69.700000000,66.700000000,-1.800000000,0.800000000,-0.300000000,0.000000000,0.000000000,-1.800000000,0.800000000,-0.300000000,5.608051018,0.589354464,-0.013515131,7.411045232,6.707814798,2051,689,0
115.700000000,69.700000000,66.700000000,-1.800000000,0.800000000,-0.300000000,0.000000000,0.000000000,-1.800000000,0.800000000,-0.300000000,5.608051018,0.589354464,-0.013515131,7.411045232,6.707814798,2051,689,0
115.800000000,69.800000000,66.800000000,-1.800000000,0.800000000,-0.300000000,0.000000000,0.000000000,-1.800000000,0.800000000,-0.300000000,5.634573731,0.588989045,-0.014125023,7.437567625,6.734502947,2054,690,0
115.800000000,69.800000000,66.800000000,-1.800000000,0.800000000,-0.300000000,0.000000000,0.000000000,-1.800000000,0.800000000,-0.300000000,5.634573731,0.588989045,-0.014125023,7.437567625,6.734502947,2054,690,0
115.900000000,69.900000000,66.900000000,-1.800000000,0.800000000,-0.300000000,0.000000000,0.000000000,-1.800000000,0.800000000,-0.300000000,5.661096437,0.588607038,-0.014764387,7.464090502,6.761199471,2057,691,0
115.900000000,69.900000000,66.900000000,-1.800000000,0.800000000,-0.300000000,0.000000000,0.000000000,-1.800000000,0.800000000,-0.300000000,5.661096437,0.588607038,-0.014764387,7.464090502,6.761199471,2057,691,0
116.000000000,70.000000000,67.000000000,-1.800000000,0.800000000,-0.300000000,0.000000000,0.000000000,-1.800000000,0.800000000,-0.300000000,5.687618992,0.588208381,-0.015402164,7.490613717,6.787895902,2060,692,0
116.000000000,70.000000000,67.000000000,-1.800000000,0.800000000,-0.300000000,0.000000000,0.000000000,-1.800000000,0.800000000,-0.300000000,5.687618992,0.588208381,-0.015402164,7.490613717,6.787895902,2060,692,0
116.100000000,70.100000000,67.100000000,-1.800000000,0.800000000,-0.300000000,0.000000000,0.000000000,-1.800000000,0.800000000,-0.300000000,5.714141269,0.587792624,-0.016031234,7.517137153,6.814590206,2063,693,0
116.100000000,70.100000000,67.100000000,-1.800000000,0.800000000,-0.300000000,0.000000000,0.000000000,-1.800000000,0.800000000,-0.300000000,5.714141269,0.587792624,-0.016031234,7.517137153,6.814590206,2063,693,0
116.200000000,70.200000000,67.200000000,-1.800000000,0.800000000,-0.300000000,0.000000000,0.000000000,-1.800000000,0.800000000,-0.300000000,5.740663052,0.587360455,-0.016636780,7.543660573,6.841278157,2066,694,0
116.200000000,70.200000000,67.200000000,-1.800000000,0.800000000,-0.300000000,0.000000000,0.000000000,-1.800000000,0.800000000,-0.300000000,5.740663052,0.587360455,-0.016636780,7.543660573,6.841278157,2066,694,0
116.300000000,70.300000000,67.300000000,-1.800000000,0.800000000,-0.300000000,0.000000000,0.000000000,-1.800000000,0.800000000,-0.300000000,5.767184368,0.586913078,-0.017167159,7.570183967,6.867945843,2069,695,0
116.300000000,70.300000000,67.300000000,-1.800000000,0.800000000,-0.300000000,0.000000000,0.000000000,-1.800000000,0.800000000,-0.300000000,5.767184368,0.586913078,-0.017167159,7.570183967,6.867945843,2069,695,0
116.400000000,70.400000000,67.400000000,-1.800000000,0.800000000,-0.300000000,0.000000000,0.000000000,-1.800000000,0.800000000,-0.300000000,5.793705208,0.586452457,-0.017599060,7.596707269,6.894586893,2072,696,0
116.400000000,70.400000000,67.400000000,-1.800000000,0.800000000,-0.300000000,0.000000000,0.000000000,-1.800000000,0.800000000,-0.300000000,5.793705208,0.586452457,-0.017599060,7.596707269,6.894586893,2072,696,0
116.500000000,70.500000000,67.500000000,-1.800000000,0.800000000,-0.300000000,0.000000000,0.000000000,-1.800000000,0.800000000,-0.300000000,5.820225490,0.585981593,-0.017948454,7.623230313,6.921205423,2075,697,0
116.500000000,70.500000000,67.500000000,-1.800000000,0.800000000,-0.300000000,0.000000000,0.000000000,-1.800000000,0.800000000,-0.300000000,5.820225490,0.585981593,-0.017948454,7.623230313,6.921205423,2075,697,0
116.600000000,70.600000000,67.600000000,-1.800000000,0.800000000,-0.300000000,0.000000000,0.000000000,-1.800000000,0.800000000,-0.300000000,5.846745190,0.585502645,-0.018189059,7.649753011,6.947794251,2078,698,0
116.600000000,70.600000000,67.600000000,-1.800000000,0.800000000,-0.300000000,0.000000000,0.000000000,-1.800000000,0.800000000,-0.300000000,5.846745190,0.585502645,-0.018189059,7.649753011,6.947794251,2078,698,0
116.700000000,70.700000000,67.700000000,-1.800000000,0.800000000,-0.300000000,0.000000000,0.000000000,-1.800000000,0.800000000,-0.300000000,5.873264527,0.585017932,-0.018327652,7.676275516,6.974355349,2081,699,0
116.700000000,70.700000000,67.700000000,-1.800000000,0.800000000,-0.300000000,0.000000000,0.000000000,-1.800000000,0.800000000,-0.300000000,5.873264527,0.585017932,-0.018327652,7.676275516,6.974355349,2081,699,0
116.800000000,70.800000000,67.800000000,-1.800000000,0.800000000,-0.300000000,0.000000000,0.000000000,-1.800000000,0.800000000,-0.300000000,5.899783027,0.584532672,-0.018198011,7.702797208,7.000843320,2084,700,0
116.800000000,70.800000000,67.800000000,-1.800000000,0.800000000,-0.300000000,0.000000000,0.000000000,-1.800000000,0.800000000,-0.300000000,5.899783027,0.584532672,-0.018198011,7.702797208,7.000843320,2084,700,0
116.900000000,70.900000000,67.900000000,-1.800000000,0.800000000,-0.300000000,0.000000000,0.000000000,-1.800000000,0.800000000,-0.300000000,5.926300648,0.584054128,-0.017762878,7.729317843,7.027247978,2087,701,0
116.900000000,70.900000000,67.900000000,-1.800000000,0.800000000,-0.300000000,0.000000000,0.000000000,-1.800000000,0.800000000,-0.300000000,5.926300648,0.584054128,-0.017762878,7.729317843,7.027247978,2087,701,0
117.000000000,71.000000000,68.000000000,-1.800000000,0.800000000,-0.300000000,0.000000000,0.000000000,-1.800000000,0.800000000,-0.300000000,5.952817292,0.583590765,-0.016982125,7.755837087,7.053558394,2090,702,0
117.000000000,71.000000000,68.000000000,-1.800000000,0.800000000,-0.300000000,0.000000000,0.000000000,-1.800000000,0.800000000,-0.300000000,5.952817292,0.583590765,-0.016982125,7.755837087,7.053558394,2090,702,0
117.100000000,71.100000000,68.100000000,-1.800000000,0.800000000,-0.300000000,0.000000000,0.000000000,-1.800000000,0.800000000,-0.300000000,5.979333477,0.583150923,-0.015980016,7.782355227,7.079808594,2093,703,0
117.100000000,71.100000000,68.100000000,-1.800000000,0.800000000,-0.300000000,0.000000000,0.000000000,-1.800000000,0.800000000,-0.300000000,5.979333477,0.583150923,-0.015980016,7.782355227,7.079808594,2093,703,0
117.200000000,71.200000000,68.200000000,-1.800000000,0.800000000,-0.300000000,0.000000000,0.000000000,-1.800000000,0.800000000,-0.300000000,6.005849661,0.582739489,-0.014814468,7.808872585,7.106014706,2096,704,0
117.200000000,71.200000000,68.200000000,-1.800000000,0.800000000,-0.300000000,0.000000000,0.000000000,-1.800000000,0.800000000,-0.300000000,6.005849661,0.582739489,-0.014814468,7.808872585,7.106014706,2096,704,0
117.300000000,71.300000000,68.300000000,-1.800000000,0.800000000,-0.300000000,0.000000000,0.000000000,-1.800000000,0.800000000,-0.300000000,6.023527180,0.582482580,-0.013991414,7.826550413,7.123473085,2098,705,0
117.300000000,71.300000000,68.300000000,-1.800000000,0.800000000,-0.300000000,0.000000000,0.000000000,-1.800000000,0.800000000,-0.300000000,6.023527180,0.582482580,-0.013991414,7.826550413,7.123473085,2098,705,0
117.400000000,71.400000000,68.400000000,-1.800000000,0.800000000,-0.300000000,0.000000000,0.000000000,-1.800000000,0.800000000,-0.300000000,6.050043597,0.582125280,-0.012734446,7.853066526,7.149654672,2101,706,0
117.400000000,71.400000000,68.400000000,-1.800000000,0.800000000,-0.300000000,0.000000000,0.000000000,-1.800000000,0.800000000,-0.300000000,6.050043597,0.582125280,-0.012734446,7.853066526,7.149654672,2101,706,0
117.500000000,71.500000000,68.500000000,-1.800000000,0.800000000,-0.300000000,0.000000000,0.000000000,-1.800000000,0.800000000,-0.300000000,6.076560577,0.581800924,-0.011521570,7.879582308,7.175848486,2104,707,0
117.500000000,71.500000000,68.500000000,-1.800000000,0.800000000,-0.300000000,0.000000000,0.000000000,-1.800000000,0.800000000,-0.300000000,6.076560577,0.581800924,-0.011521570,7.879582308,7.175848486,2104,707,0
117.600000000,71.600000000,68.600000000,-1.800000000,0.800000000,-0.300000000,0.000000000,0.000000000,-1.800000000,0.800000000,-0.300000000,6.103078492,0.581507582,-0.010400806,7.906098190,7.202067692,2107,708,0
117.600000000,71.600000000,68.600000000,-1.800000000,0.800000000,-0.300000000,0.000000000,0.000000000,-1.800000000,0.800000000,-0.300000000,6.103078492,0.581507582,-0.010400806,7.906098190,7.202067692,2107,708,0
117.700000000,71.700000000,68.700000000,-1.800000000,0.800000000,-0.300000000,0.000000000,0.000000000,-1.800000000,0.800000000,-0.300000000,6.129597216,0.581242274,-0.009467544,7.932614131,7.228337544,2110,709,0
117.700000000,71.700000000,68.700000000,-1.800000000,0.800000000,-0.300000000,0.000000000,0.000000000,-1.800000000,0.800000000,-0.300000000,6.129597216,0.581242274,-0.009467544,7.932614131,7.228337544,2110,709,0
117.800000000,71.800000000,68.800000000,-1.800000000,0.800000000,-0.300000000,0.000000000,0.000000000,-1.800000000,0.800000000,-0.300000000,6.156117005,0.580999260,-0.008788797,7.959130550,7.254676081,2113,710,0
117.800000000,71.800000000,68.800000000,-1.800000000,0.800000000,-0.300000000,0.000000000,0.000000000,-1.800000000,0.800000000,-0.300000000,6.156117005,0.580999260,-0.008788797,7.959130550,7.254676081,2113,710,0
117.900000000,71.900000000,68.900000000,-1.800000000,0.800000000,-0.300000000,0.000000000,0.000000000,-1.800000000,0.800000000,-0.300000000,6.182637808,0.580770077,-0.008428270,7.985647634,7.281100211,2116,711,0
117.900000000,71.900000000,68.900000000,-1.800000000,0.800000000,-0.300000000,0.000000000,0.000000000,-1.800000000,0.800000000,-0.300000000,6.182637808,0.580770077,-0.008428270,7.985647634,7.281100211,2116,711,0
118.000000000,72.000000000,69.000000000,-1.800000000,0.800000000,-0.300000000,0.000000000,0.000000000,-1.800000000,0.800000000,-0.300000000,6.209159667,0.580548185,-0.008336220,8.012165605,7.307596756,2119,712,0
118.000000000,72.000000000,69.000000000,-1.800000000,0.800000000,-0.300000000,0.000000000,0.000000000,-1.800000000,0.800000000,-0.300000000,6.209159667,0.580548185,-0.008336220,8.012165605,7.307596756,2119,712,0
118.100000000,72.100000000,69.100000000,-1.800000000,0.800000000,-0.300000000,0.000000000,0.000000000,-1.800000000,0.800000000,-0.300000000,6.235682532,0.580325644,-0.008473688,8.038684630,7.334155434,2122,713,0
118.100000000,72.100000000,69.100000000,-1.800000000,0.800000000,-0.300000000,0.000000000,0.000000000,-1.800000000,0.800000000,-0.300000000,6.235682532,0.580325644,-0.008473688,8.038684630,7.334155434,2122,713,0
118.200000000,72.200000000,69.200000000,-1.800000000,0.800000000,-0.300000000,0.000000000,0.000000000,-1.800000000,0.800000000,-0.300000000,6.262205989,0.580097455,-0.008792524,8.065204433,7.360763147,2125,714,0
118.200000000,72.200000000,69.200000000,-1.800000000,0.800000000,-0.300000000,0.000000000,0.000000000,-1.800000000,0.800000000,-0.300000000,6.262205989,0.580097455,-0.008792524,8.065204433,7.360763147,2125,714,0
118.300000000,72.300000000,69.300000000,-1.800000000,0.800000000,-0.300000000,0.000000000,0.000000000,-1.800000000,0.800000000,-0.300000000,6.288729755,0.579858927,-0.009301138,8.091724856,7.387422011,2128,715,0
118.300000000,72.300000000,69.300000000,-1.800000000,0.800000000,-0.300000000,0.000000000,0.000000000,-1.800000000,0.800000000,-0.300000000,6.288729755,0.579858927,-0.009301138,8.091724856,7.387422011,2128,715,0
118.400000000,72.400000000,69.400000000,-1.800000000,0.800000000,-0.300000000,0.000000000,0.000000000,-1.800000000,0.800000000,-0.300000000,6.315253974,0.579604659,-0.009984698,8.118246188,7.414128426,2131,716,0
118.400000000,72.400000000,69.400000000,-1.800000000,0.800000000,-0.300000000,0.000000000,0.000000000,-1.800000000,0.800000000,-0.300000000,6.315253974,0.579604659,-0.009984698,8.118246188,7.414128426,2131,716,0
118.500000000,72.500000000,69.500000000,-1.800000000,0.800000000,-0.300000000,0.000000000,0.000000000,-1.800000000,0.800000000,-0.300000000,6.341778774,0.579330832,-0.010805440,8.144768658,7.440872630,2134,717,0
118.500000000,72.500000000,69.500000000,-1.800000000,0.800000000,-0.300000000,0.000000000,0.000000000,-1.800000000,0.800000000,-0.300000000,6.341778774,0.579330832,-0.010805440,8.144768658,7.440872630,2134,717,0
118.600000000,72.600000000,69.600000000,-1.800000000,0.800000000,-0.300000000,0.000000000,0.000000000,-1.800000000,0.800000000,-0.300000000,6.368303933,0.579033249,-0.011839195,8.171292153,7.467674886,2137,718,0
118.600000000,72.600000000,69.600000000,-1.800000000,0.800000000,-0.300000000,0.000000000,0.000000000,-1.800000000,0.800000000,-0.300000000,6.368303933,0.579033249,-0.011839195,8.171292153,7.467674886,2137,718,0
118.700000000,72.700000000,69.700000000,-1.800000000,0.800000000,-0.300000000,0.000000000,0.000000000,-1.800000000,0.800000000,-0.300000000,6.394829350,0.578705726,-0.013064460,8.197816736,7.494529681,2140,719,0
118.700000000,72.700000000,69.700000000,-1.800000000,0.800000000,-0.300000000,0.000000000,0.000000000,-1.800000000,0.800000000,-0.300000000,6.394829350,0.578705726,-0.013064460,8.197816736,7.494529681,2140,719,0
118.800000000,72.800000000,69.800000000,-1.800000000,0.800000000,-0.300000000,0.000000000,0.000000000,-1.800000000,0.800000000,-0.300000000,6.421354806,0.578344027,-0.014453977,8.224342297,7.521429800,2143,720,0
118.800000000,72.800000000,69.800000000,-1.800000000,0.800000000,-0.300000000,0.000000000,0.000000000,-1.800000000,0.800000000,-0.300000000,6.421354806,0.578344027,-0.014453977,8.224342297,7.521429800,2143,720,0
118.900000000,72.900000000,69.900000000,-1.800000000,0.800000000,-0.300000000,0.000000000,0.000000000,-1.800000000,0.800000000,-0.300000000,6.447880085,0.577944233,-0.015945753,8.250868721,7.548358660,2146,721,0
118.900000000,72.900000000,69.900000000,-1.800000000,0.800000000,-0.300000000,0.000000000,0.000000000,-1.800000000,0.800000000,-0.300000000,6.447880085,0.577944233,-0.015945753,8.250868721,7.548358660,2146,721,0
119.000000000,73.000000000,70.000000000,-1.800000000,0.800000000,-0.300000000,0.000000000,0.000000000,-1.800000000,0.800000000,-0.300000000,6.465563517,0.577655078,-0.016996138,8.268553532,7.566327059,2148,722,0
119.000000000,73.000000000,70.000000000,-1.800000000,0.800000000,-0.300000000,0.000000000,0.000000000,-1.800000000,0.800000000,-0.300000000,6.474405089,0.577503593,-0.017531859,8.277395981,7.575314228,2149,722,0
119.100000000,73.100000000,70.100000000,-1.800000000,0.800000000,-0.300000000,0.000000000,0.000000000,-1.800000000,0.800000000,-0.300000000,6.492088152,0.577186524,-0.018621184,8.295081179,7.593293880,2151,723,0
119.100000000,73.100000000,70.100000000,-1.800000000,0.800000000,-0.300000000,0.000000000,0.000000000,-1.800000000,0.800000000,-0.300000000,6.492088152,0.577186524,-0.018621184,8.295081179,7.593293880,2151,723,0
119.200000000,73.200000000,70.200000000,-1.800000000,0.800000000,-0.300000000,0.000000000,0.000000000,-1.800000000,0.800000000,-0.300000000,6.518612133,0.576674014,-0.020298582,8.321609358,7.620269334,2154,724,0
119.200000000,73.200000000,70.200000000,-1.800000000,0.800000000,-0.300000000,0.000000000,0.000000000,-1.800000000,0.800000000,-0.300000000,6.518612133,0.576674014,-0.020298582,8.321609358,7.620269334,2154,724,0
119.300000000,73.300000000,70.300000000,-1.800000000,0.800000000,-0.300000000,0.000000000,0.000000000,-1.800000000,0.800000000,-0.300000000,6.545135634,0.576116387,-0.022018993,8.348138273,7.647234149,2157,725,0
119.300000000,73.300000000,70.300000000,-1.800000000,0.800000000,-0.300000000,0.000000000,0.000000000,-1.800000000,0.800000000,-0.300000000,6.545135634,0.576116387,-0.022018993,8.348138273,7.647234149,2157,725,0
119.400000000,73.400000000,70.400000000,-1.800000000,0.800000000,-0.300000000,0.000000000,0.000000000,-1.800000000,0.800000000,-0.300000000,6.571658200,0.575512714,-0.023824003,8.374667490,7.674195061,2160,726,0
119.400000000,73.400000000,70.400000000,-1.800000000,0.800000000,-0.300000000,0.000000000,0.000000000,-1.800000000,0.800000000,-0.300000000,6.571658200,0.575512714,-0.023824003,8.374667490,7.674195061,2160,726,0
119.500000000,73.500000000,70.500000000,-1.800000000,0.800000000,-0.300000000,0.000000000,0.000000000,-1.800000000,0.800000000,-0.300000000,6.598179996,0.574859573,-0.025755537,8.401197263,7.701157725,2163,727,0
119.500000000,73.500000000,70.500000000,-1.800000000,0.800000000,-0.300000000,0.000000000,0.000000000,-1.800000000,0.800000000,-0.300000000,6.598179996,0.574859573,-0.025755537,8.401197263,7.701157725,2163,727,0
119.600000000,73.600000000,70.600000000,-1.800000000,0.800000000,-0.300000000,0.000000000,0.000000000,-1.800000000,0.800000000,-0.300000000,6.624701017,0.574153717,-0.027825405,8.427727675,7.728118695,2166,728,0
119.600000000,73.600000000,70.600000000,-1.800000000,0.800000000,-0.300000000,0.000000000,0.000000000,-1.800000000,0.800000000,-0.300000000,6.624701017,0.574153717,-0.027825405,8.427727675,7.728118695,2166,728,0
119.700000000,73.700000000,70.700000000,-1.800000000,0.800000000,-0.300000000,0.000000000,0.000000000,-1.800000000,0.800000000,-0.300000000,6.651220911,0.573391141,-0.030054534,8.454258481,7.755074613,2169,729,0
119.700000000,73.700000000,70.700000000,-1.800000000,0.800000000,-0.300000000,0.000000000,0.000000000,-1.800000000,0.800000000,-0.300000000,6.651220911,0.573391141,-0.030054534,8.454258481,7.755074613,2169,729,0
119.800000000,73.800000000,70.800000000,-1.800000000,0.800000000,-0.300000000,0.000000000,0.000000000,-1.800000000,0.800000000,-0.300000000,6.677739492,0.572567912,-0.032457633,8.480789600,7.782019189,2172,730,0
119.800000000,73.800000000,70.800000000,-1.800000000,0.800000000,-0.300000000,0.000000000,0.000000000,-1.800000000,0.800000000,-0.300000000,6.677739492,0.572567912,-0.032457633,8.480789600,7.782019189,2172,730,0
119.900000000,73.900000000,70.900000000,-1.800000000,0.800000000,-0.300000000,0.000000000,0.000000000,-1.800000000,0.800000000,-0.300000000,6.704256539,0.571678668,-0.035051050,8.507320960,7.808944514,2175,731,0
119.900000000,73.900000000,70.900000000,-1.800000000,0.800000000,-0.300000000,0.000000000,0.000000000,-1.800000000,0.800000000,-0.300000000,6.704256539,0.571678668,-0.035051050,8.507320960,7.808944514,2175,731,0
120.000000000,74.000000000,71.000000000,-1.800000000,0.800000000,-0.300000000,0.000000000,0.000000000,-1.800000000,0.800000000,-0.300000000,6.730771673,0.570718571,-0.037801005,8.533852314,7.835834324,2178,732,0
120.000000000,74.000000000,71.000000000,-1.800000000,0.800000000,-0.300000000,0.000000000,0.000000000,-1.800000000,0.800000000,-0.300000000,6.730771673,0.570718571,-0.037801005,8.533852314,7.835834324,2178,732,0
120.100000000,74.100000000,71.100000000,-1.800000000,0.800000000,-0.300000000,0.000000000,0.000000000,-1.800000000,0.800000000,-0.300000000,6.757285018,0.569684006,-0.040762713,8.560383890,7.862683568,2181,733,0
120.100000000,74.100000000,71.100000000,-1.800000000,0.800000000,-0.300000000,0.000000000,0.000000000,-1.800000000,0.800000000,-0.300000000,6.757285018,0.569684006,-0.040762713,8.560383890,7.862683568,2181,733,0
120.200000000,74.200000000,71.200000000,-1.800000000,0.800000000,-0.300000000,0.000000000,0.000000000,-1.800000000,0.800000000,-0.300000000,6.783796354,0.568566781,-0.044092367,8.586915696,7.889487539,2184,734,0
120.200000000,74.200000000,71.200000000,-1.800000000,0.800000000,-0.300000000,0.000000000,0.000000000,-1.800000000,0.800000000,-0.300000000,6.783796354,0.568566781,-0.044092367,8.586915696,7.889487539,2184,734,0
120.300000000,74.300000000,71.300000000,-1.800000000,0.800000000,-0.300000000,0.000000000,0.000000000,-1.800000000,0.800000000,-0.300000000,6.810304734,0.567356839,-0.047811455,8.613447071,7.916216324,2187,735,0
120.300000000,74.300000000,71.300000000,-1.800000000,0.800000000,-0.300000000,0.000000000,0.000000000,-1.800000000,0.800000000,-0.300000000,6.810304734,0.567356839,-0.047811455,8.613447071,7.916216324,2187,735,0
120.400000000,74.400000000,71.400000000,-1.800000000,0.800000000,-0.300000000,0.000000000,0.000000000,-1.800000000,0.800000000,-0.300000000,6.836809804,0.566042883,-0.052078217,8.639977982,7.942834601,2190,736,0
120.400000000,74.400000000,71.400000000,-1.800000000,0.800000000,-0.300000000,0.000000000,0.000000000,-1.800000000,0.800000000,-0.300000000,6.836809804,0.566042883,-0.052078217,8.639977982,7.942834601,2190,736,0
120.500000000,74.500000000,71.500000000,-1.800000000,0.800000000,-0.300000000,0.000000000,0.000000000,-1.800000000,0.800000000,-0.300000000,6.863310663,0.564608491,-0.057026949,8.666507994,7.969279089,2193,737,0
120.500000000,74.500000000,71.500000000,-1.800000000,0.800000000,-0.300000000,0.000000000,0.000000000,-1.800000000,0.800000000,-0.300000000,6.863310663,0.564608491,-0.057026949,8.666507994,7.969279089,2193,737,0
120.600000000,74.600000000,71.600000000,-1.800000000,0.800000000,-0.300000000,0.000000000,0.000000000,-1.800000000,0.800000000,-0.300000000,6.889805611,0.563036525,-0.062492381,8.693035905,7.995479264,2196,738,0
120.600000000,74.600000000,71.600000000,-1.800000000,0.800000000,-0.300000000,0.000000000,0.000000000,-1.800000000,0.800000000,-0.300000000,6.889805611,0.563036525,-0.062492381,8.693035905,7.995479264,2196,738,0
120.700000000,74.700000000,71.700000000,-1.800000000,0.800000000,-0.300000000,0.000000000,0.000000000,-1.800000000,0.800000000,-0.300000000,6.907464785,0.561906271,-0.066398020,8.710719351,8.012778265,2198,739,0
120.700000000,74.700000000,71.700000000,-1.800000000,0.800000000,-0.300000000,0.000000000,0.000000000,-1.800000000,0.800000000,-0.300000000,6.916292837,0.561315211,-0.068405914,8.719560267,8.021372808,2199,739,0
120.800000000,74.800000000,71.800000000,-1.800000000,0.800000000,-0.300000000,0.000000000,0.000000000,-1.800000000,0.800000000,-0.300000000,6.933945994,0.560078799,-0.072565076,8.737240686,8.038437415,2201,740,0
120.800000000,74.800000000,71.800000000,-1.800000000,0.800000000,-0.300000000,0.000000000,0.000000000,-1.800000000,0.800000000,-0.300000000,6.933945994,0.560078799,-0.072565076,8.737240686,8.038437415,2201,740,0
120.900000000,74.900000000,71.900000000,-1.800000000,0.800000000,-0.300000000,0.000000000,0.000000000,-1.800000000,0.800000000,-0.300000000,6.960416641,0.558082413,-0.079179016,8.763756264,8.063680250,2204,741,0
120.900000000,74.900000000,71.900000000,-1.800000000,0.800000000,-0.300000000,0.000000000,0.000000000,-1.800000000,0.800000000,-0.300000000,6.960416641,0.558082413,-0.079179016,8.763756264,8.063680250,2204,741,0
121.000000000,75.000000000,72.000000000,-1.800000000,0.800000000,-0.300000000,0.000000000,0.000000000,-1.800000000,0.800000000,-0.300000000,6.986874504,0.555907715,-0.086120995,8.790264193,8.088475305,2207,742,0
121.000000000,75.000000000,72.000000000,-1.800000000,0.800000000,-0.300000000,0.000000000,0.000000000,-1.800000000,0.800000000,-0.300000000,6.986874504,0.555907715,-0.086120995,8.790264193,8.088475305,2207,742,0
121.100000000,75.100000000,72.100000000,-1.800000000,0.800000000,-0.300000000,0.000000000,0.000000000,-1.800000000,0.800000000,-0.300000000,7.013317299,0.553544893,-0.093470130,8.816762554,8.113052115,2210,743,0
121.100000000,75.100000000,72.100000000,-1.800000000,0.800000000,-0.300000000,0.000000000,0.000000000,-1.800000000,0.800000000,-0.300000000,7.013317299,0.553544893,-0.093470130,8.816762554,8.113052115,2210,743,0
121.200000000,75.200000000,72.200000000,-1.800000000,0.800000000,-0.300000000,0.000000000,0.000000000,-1.800000000,0.800000000,-0.300000000,7.039742628,0.550983161,-0.101265476,8.843249353,8.137528872,2213,744,0
121.200000000,75.200000000,72.200000000,-1.800000000,0.800000000,-0.300000000,0.000000000,0.000000000,-1.800000000,0.800000000,-0.300000000,7.039742628,0.550983161,-0.101265476,8.843249353,8.137528872,2213,744,0
121.300000000,75.300000000,72.300000000,-1.800000000,0.800000000,-0.300000000,0.000000000,0.000000000,-1.800000000,0.800000000,-0.300000000,7.066147941,0.548209792,-0.109552606,8.869722522,8.161895761,2216,745,0
121.300000000,75.300000000,72.300000000,-1.800000000,0.800000000,-0.300000000,0.000000000,0.000000000,-1.800000000,0.800000000,-0.300000000,7.066147941,0.548209792,-0.109552606,8.869722522,8.161895761,2216,745,0
121.400000000,75.400000000,72.400000000,-1.800000000,0.800000000,-0.300000000,0.000000000,0.000000000,-1.800000000,0.800000000,-0.300000000,7.092530629,0.545211978,-0.118376942,8.896179963,8.186143740,2219,746,0
121.400000000,75.400000000,72.400000000,-1.800000000,0.800000000,-0.300000000,0.000000000,0.000000000,-1.800000000,0.800000000,-0.300000000,7.092530629,0.545211978,-0.118376942,8.896179963,8.186143740,2219,746,0
121.500000000,75.500000000,72.500000000,-1.800000000,0.800000000,-0.300000000,0.000000000,0.000000000,-1.800000000,0.800000000,-0.300000000,7.118886907,0.541975463,-0.127761289,8.922618468,8.210269369,2222,747,0
121.500000000,75.500000000,72.500000000,-1.800000000,0.800000000,-0.300000000,0.000000000,0.000000000,-1.800000000,0.800000000,-0.300000000,7.118886907,0.541975463,-0.127761289,8.922618468,8.210269369,2222,747,0
121.600000000,75.600000000,72.600000000,-1.800000000,0.800000000,-0.300000000,0.000000000,0.000000000,-1.800000000,0.800000000,-0.300000000,7.145212429,0.538486393,-0.137557341,8.949034293,8.234312324,2225,748,0
121.600000000,75.600000000,72.600000000,-1.800000000,0.800000000,-0.300000000,0.000000000,0.000000000,-1.800000000,0.800000000,-0.300000000,7.145212429,0.538486393,-0.137557341,8.949034293,8.234312324,2225,748,0
121.700000000,75.700000000,72.700000000,-1.800000000,0.800000000,-0.300000000,0.000000000,0.000000000,-1.800000000,0.800000000,-0.300000000,7.171503009,0.534736310,-0.147649885,8.975423727,8.258302016,2228,749,0
121.700000000,75.700000000,72.700000000,-1.800000000,0.800000000,-0.300000000,0.000000000,0.000000000,-1.800000000,0.800000000,-0.300000000,7.171503009,0.534736310,-0.147649885,8.975423727,8.258302016,2228,749,0
121.800000000,75.800000000,72.800000000,-1.800000000,0.800000000,-0.300000000,0.000000000,0.000000000,-1.800000000,0.800000000,-0.300000000,7.197755063,0.530717632,-0.158036330,9.001783666,8.282239392,2231,750,0
121.800000000,75.800000000,72.800000000,-1.800000000,0.800000000,-0.300000000,0.000000000,0.000000000,-1.800000000,0.800000000,-0.300000000,7.197755063,0.530717632,-0.158036330,9.001783666,8.282239392,2231,750,0
121.900000000,75.900000000,72.900000000,-1.800000000,0.800000000,-0.300000000,0.000000000,0.000000000,-1.800000000,0.800000000,-0.300000000,7.223964171,0.526424085,-0.168646607,9.028110164,8.306140783,2234,751,0
121.900000000,75.900000000,72.900000000,-1.800000000,0.800000000,-0.300000000,0.000000000,0.000000000,-1.800000000,0.800000000,-0.300000000,7.223964171,0.526424085,-0.168646607,9.028110164,8.306140783,2234,751,0
122.000000000,76.000000000,73.000000000,-1.800000000,0.800000000,-0.300000000,0.000000000,0.000000000,-1.800000000,0.800000000,-0.300000000,7.250125496,0.521851211,-0.179432562,9.054398834,8.330015817,2237,752,0
122.000000000,76.000000000,73.000000000,-1.800000000,0.800000000,-0.300000000,0.000000000,0.000000000,-1.800000000,0.800000000,-0.300000000,7.250125496,0.521851211,-0.179432562,9.054398834,8.330015817,2237,752,0
122.100000000,76.100000000,73.100000000,-1.800000000,0.800000000,-0.300000000,0.000000000,0.000000000,-1.800000000,0.800000000,-0.300000000,7.276235462,0.516992474,-0.190559946,9.080646642,8.353825109,2240,753,0
122.100000000,76.100000000,73.100000000,-1.800000000,0.800000000,-0.300000000,0.000000000,0.000000000,-1.800000000,0.800000000,-0.300000000,7.276235462,0.516992474,-0.190559946,9.080646642,8.353825109,2240,753,0
122.200000000,76.200000000,73.200000000,-1.800000000,0.800000000,-0.300000000,0.000000000,0.000000000,-1.800000000,0.800000000,-0.300000000,7.302290422,0.511838450,-0.202169134,9.106850609,8.377538043,2243,754,0
122.200000000,76.200000000,73.200000000,-1.800000000,0.800000000,-0.300000000,0.000000000,0.000000000,-1.800000000,0.800000000,-0.300000000,7.302290422,0.511838450,-0.202169134,9.106850609,8.377538043,2243,754,0
122.300000000,76.300000000,73.300000000,-1.800000000,0.800000000,-0.300000000,0.000000000,0.000000000,-1.800000000,0.800000000,-0.300000000,7.328283817,0.506380063,-0.213887918,9.133004879,8.401238563,2246,755,0
122.300000000,76.300000000,73.300000000,-1.800000000,0.800000000,-0.300000000,0.000000000,0.000000000,-1.800000000,0.800000000,-0.300000000,7.328283817,0.506380063,-0.213887918,9.133004879,8.401238563,2246,755,0
122.400000000,76.400000000,73.400000000,-1.800000000,0.800000000,-0.300000000,0.000000000,0.000000000,-1.800000000,0.800000000,-0.300000000,7.345576131,0.502573381,-0.221495616,9.150411213,8.417089129,2248,756,0
122.400000000,76.400000000,73.400000000,-1.800000000,0.800000000,-0.300000000,0.000000000,0.000000000,-1.800000000,0.800000000,-0.300000000,7.354211067,0.500620892,-0.225228793,9.159105203,8.425030690,2249,756,0
122.500000000,76.500000000,73.500000000,-1.800000000,0.800000000,-0.300000000,0.000000000,0.000000000,-1.800000000,0.800000000,-0.300000000,7.371458510,0.496620621,-0.232447630,9.176474827,8.440968297,2251,757,0
122.500000000,76.500000000,73.500000000,-1.800000000,0.800000000,-0.300000000,0.000000000,0.000000000,-1.800000000,0.800000000,-0.300000000,7.371458510,0.496620621,-0.232447630,9.176474827,8.440968297,2251,757,0
122.600000000,76.600000000,73.600000000,-1.800000000,0.800000000,-0.300000000,0.000000000,0.000000000,-1.800000000,0.800000000,-0.300000000,7.397274324,0.490393900,-0.242665226,9.202483954,8.465004221,2254,758,0
122.600000000,76.600000000,73.600000000,-1.800000000,0.800000000,-0.300000000,0.000000000,0.000000000,-1.800000000,0.800000000,-0.300000000,7.397274324,0.490393900,-0.242665226,9.202483954,8.465004221,2254,758,0
122.700000000,76.700000000,73.700000000,-1.800000000,0.800000000,-0.300000000,0.000000000,0.000000000,-1.800000000,0.800000000,-0.300000000,7.423024193,0.483911732,-0.252094528,9.228439037,8.489199343,2257,759,0
122.700000000,76.700000000,73.700000000,-1.800000000,0.800000000,-0.300000000,0.000000000,0.000000000,-1.800000000,0.800000000,-0.300000000,7.423024193,0.483911732,-0.252094528,9.228439037,8.489199343,2257,759,0
122.800000000,76.800000000,73.800000000,-1.800000000,0.800000000,-0.300000000,0.000000000,0.000000000,-1.800000000,0.800000000,-0.300000000,7.448710519,0.477198037,-0.260541520,9.254342082,8.513586359,2260,760,0
122.800000000,76.800000000,73.800000000,-1.800000000,0.800000000,-0.300000000,0.000000000,0.000000000,-1.800000000,0.800000000,-0.300000000,7.448710519,0.477198037,-0.260541520,9.254342082,8.513586359,2260,760,0
122.900000000,76.900000000,73.900000000,-1.800000000,0.800000000,-0.300000000,0.000000000,0.000000000,-1.800000000,0.800000000,-0.300000000,7.474338550,0.470279269,-0.268075508,9.280197805,8.538145335,2263,761,0
122.900000000,76.900000000,73.900000000,-1.800000000,0.800000000,-0.300000000,0.000000000,0.000000000,-1.800000000,0.800000000,-0.300000000,7.474338550,0.470279269,-0.268075508,9.280197805,8.538145335,2263,761,0
123.000000000,77.000000000,74.000000000,-1.800000000,0.800000000,-0.300000000,0.000000000,0.000000000,-1.800000000,0.800000000,-0.300000000,7.499913669,0.463175679,-0.274884722,9.306011223,8.562834714,2266,762,0
123.000000000,77.000000000,74.000000000,-1.800000000,0.800000000,-0.300000000,0.000000000,0.000000000,-1.800000000,0.800000000,-0.300000000,7.499913669,0.463175679,-0.274884722,9.306011223,8.562834714,2266,762,0
123.100000000,77.100000000,74.100000000,-1.800000000,0.800000000,-0.300000000,0.000000000,0.000000000,-1.800000000,0.800000000,-0.300000000,7.525440017,0.455906165,-0.280913141,9.331786114,8.587663140,2269,763,0
123.100000000,77.100000000,74.100000000,-1.800000000,0.800000000,-0.300000000,0.000000000,0.000000000,-1.800000000,0.800000000,-0.300000000,7.525440017,0.455906165,-0.280913141,9.331786114,8.587663140,2269,763,0
123.200000000,77.200000000,74.200000000,-1.800000000,0.800000000,-0.300000000,0.000000000,0.000000000,-1.800000000,0.800000000,-0.300000000,7.550922795,0.448492526,-0.286099508,9.357527164,8.612641297,2272,764,0
123.200000000,77.200000000,74.200000000,-1.800000000,0.800000000,-0.300000000,0.000000000,0.000000000,-1.800000000,0.800000000,-0.300000000,7.550922795,0.448492526,-0.286099508,9.357527164,8.612641297,2272,764,0
123.300000000,77.300000000,74.300000000,-1.800000000,0.800000000,-0.300000000,0.000000000,0.000000000,-1.800000000,0.800000000,-0.300000000,7.576367430,0.440954853,-0.290636692,9.383239291,8.637730637,2275,765,0
123.300000000,77.300000000,74.300000000,-1.800000000,0.800000000,-0.300000000,0.000000000,0.000000000,-1.800000000,0.800000000,-0.300000000,7.576367430,0.440954853,-0.290636692,9.383239291,8.637730637,2275,765,0
123.400000000,77.400000000,74.400000000,-1.800000000,0.800000000,-0.300000000,0.000000000,0.000000000,-1.800000000,0.800000000,-0.300000000,7.601778106,0.433306621,-0.294754871,9.408926378,8.662886438,2278,766,0
123.400000000,77.400000000,74.400000000,-1.800000000,0.800000000,-0.300000000,0.000000000,0.000000000,-1.800000000,0.800000000,-0.300000000,7.601778106,0.433306621,-0.294754871,9.408926378,8.662886438,2278,766,0
123.500000000,77.500000000,74.500000000,-1.800000000,0.800000000,-0.300000000,0.000000000,0.000000000,-1.800000000,0.800000000,-0.300000000,7.627156826,0.425557647,-0.298518938,9.434590234,8.688095696,2281,767,0
123.500000000,77.500000000,74.500000000,-1.800000000,0.800000000,-0.300000000,0.000000000,0.000000000,-1.800000000,0.800000000,-0.300000000,7.627156826,0.425557647,-0.298518938,9.434590234,8.688095696,2281,767,0
123.600000000,77.600000000,74.600000000,-1.800000000,0.800000000,-0.300000000,0.000000000,0.000000000,-1.800000000,0.800000000,-0.300000000,7.652505325,0.417717415,-0.301998142,9.460232391,8.713344808,2284,768,0
123.600000000,77.600000000,74.600000000,-1.800000000,0.800000000,-0.300000000,0.000000000,0.000000000,-1.800000000,0.800000000,-0.300000000,7.652505325,0.417717415,-0.301998142,9.460232391,8.713344808,2284,768,0
123.700000000,77.700000000,74.700000000,-1.800000000,0.800000000,-0.300000000,0.000000000,0.000000000,-1.800000000,0.800000000,-0.300000000,7.677825825,0.409790953,-0.305333928,9.485855020,8.738607618,2287,769,0
123.700000000,77.700000000,74.700000000,-1.800000000,0.800000000,-0.300000000,0.000000000,0.000000000,-1.800000000,0.800000000,-0.300000000,7.677825825,0.409790953,-0.305333928,9.485855020,8.738607618,2287,769,0
123.800000000,77.800000000,74.800000000,-1.800000000,0.800000000,-0.300000000,0.000000000,0.000000000,-1.800000000,0.800000000,-0.300000000,7.703119814,0.401780330,-0.308631136,9.511459672,8.763865115,2290,770,0
123.800000000,77.800000000,74.800000000,-1.800000000,0.800000000,-0.300000000,0.000000000,0.000000000,-1.800000000,0.800000000,-0.300000000,7.703119814,0.401780330,-0.308631136,9.511459672,8.763865115,2290,770,0
123.900000000,77.900000000,74.900000000,-1.800000000,0.800000000,-0.300000000,0.000000000,0.000000000,-1.800000000,0.800000000,-0.300000000,7.728387950,0.393686161,-0.311981468,9.537047125,8.789100525,2293,771,0
123.900000000,77.900000000,74.900000000,-1.800000000,0.800000000,-0.300000000,0.000000000,0.000000000,-1.800000000,0.800000000,-0.300000000,7.728387950,0.393686161,-0.311981468,9.537047125,8.789100525,2293,771,0
124.000000000,78.000000000,75.000000000,-1.800000000,0.800000000,-0.300000000,0.000000000,0.000000000,-1.800000000,0.800000000,-0.300000000,7.753629450,0.385505881,-0.315430785,9.562616851,8.814304945,2296,772,0
124.000000000,78.000000000,75.000000000,-1.800000000,0.800000000,-0.300000000,0.000000000,0.000000000,-1.800000000,0.800000000,-0.300000000,7.753629450,0.385505881,-0.315430785,9.562616851,8.814304945,2296,772,0
124.100000000,78.100000000,75.100000000,-1.800000000,0.800000000,-0.300000000,0.000000000,0.000000000,-1.800000000,0.800000000,-0.300000000,7.770441455,0.380003223,-0.317816321,9.579652756,8.831084338,2298,773,0
124.100000000,78.100000000,75.100000000,-1.800000000,0.800000000,-0.300000000,0.000000000,0.000000000,-1.800000000,0.800000000,-0.300000000,7.778842745,0.377236760,-0.319031707,9.588167556,8.839467658,2299,773,0
124.200000000,78.200000000,75.200000000,-1.800000000,0.800000000,-0.300000000,0.000000000,0.000000000,-1.800000000,0.800000000,-0.300000000,7.795635111,0.371672854,-0.321529093,9.605190124,8.856216952,2301,774,0
124.200000000,78.200000000,75.200000000,-1.800000000,0.800000000,-0.300000000,0.000000000,0.000000000,-1.800000000,0.800000000,-0.300000000,7.795635111,0.371672854,-0.321529093,9.605190124,8.856216952,2301,774,0
124.300000000,78.300000000,75.300000000,-1.800000000,0.800000000,-0.300000000,0.000000000,0.000000000,-1.800000000,0.800000000,-0.300000000,7.820797225,0.363246724,-0.325467067,9.630705720,8.881292683,2304,775,0
124.300000000,78.300000000,75.300000000,-1.800000000,0.800000000,-0.300000000,0.000000000,0.000000000,-1.800000000,0.800000000,-0.300000000,7.820797225,0.363246724,-0.325467067,9.630705720,8.881292683,2304,775,0
124.400000000,78.400000000,75.400000000,-1.800000000,0.800000000,-0.300000000,0.000000000,0.000000000,-1.800000000,0.800000000,-0.300000000,7.845924933,0.354718999,-0.329663024,9.656197128,8.906304201,2307,776,0
124.400000000,78.400000000,75.400000000,-1.800000000,0.800000000,-0.300000000,0.000000000,0.000000000,-1.800000000,0.800000000,-0.300000000,7.845924933,0.354718999,-0.329663024,9.656197128,8.906304201,2307,776,0
124.500000000,78.500000000,75.500000000,-1.800000000,0.800000000,-0.300000000,0.000000000,0.000000000,-1.800000000,0.800000000,-0.300000000,7.871010208,0.346084752,-0.334111978,9.681656754,8.931246110,2310,777,0
124.500000000,78.500000000,75.500000000,-1.800000000,0.800000000,-0.300000000,0.000000000,0.000000000,-1.800000000,0.800000000,-0.300000000,7.871010208,0.346084752,-0.334111978,9.681656754,8.931246110,2310,777,0
124.600000000,78.600000000,75.600000000,-1.800000000,0.800000000,-0.300000000,0.000000000,0.000000000,-1.800000000,0.800000000,-0.300000000,7.895984329,0.337361937,-0.338816011,9.707015302,8.956049282,2313,778,0
124.600000000,78.600000000,75.600000000,-1.800000000,0.800000000,-0.300000000,0.000000000,0.000000000,-1.800000000,0.800000000,-0.300000000,7.895984329,0.337361937,-0.338816011,9.707015302,8.956049282,2313,778,0
124.700000000,78.700000000,75.700000000,-1.800000000,0.800000000,-0.300000000,0.000000000,0.000000000,-1.800000000,0.800000000,-0.300000000,7.920781932,0.328565929,-0.343826913,9.732206916,8.980639359,2316,779,0
124.700000000,78.700000000,75.700000000,-1.800000000,0.800000000,-0.300000000,0.000000000,0.000000000,-1.800000000,0.800000000,-0.300000000,7.920781932,0.328565929,-0.343826913,9.732206916,8.980639359,2316,779,0
124.800000000,78.800000000,75.800000000,-1.800000000,0.800000000,-0.300000000,0.000000000,0.000000000,-1.800000000,0.800000000,-0.300000000,7.945383798,0.319697209,-0.349108013,9.757212519,9.005005377,2319,780,0
124.800000000,78.800000000,75.800000000,-1.800000000,0.800000000,-0.300000000,0.000000000,0.000000000,-1.800000000,0.800000000,-0.300000000,7.945383798,0.319697209,-0.349108013,9.757212519,9.005005377,2319,780,0
124.900000000,78.900000000,75.900000000,-1.800000000,0.800000000,-0.300000000,0.000000000,0.000000000,-1.800000000,0.800000000,-0.300000000,7.969791453,0.310749226,-0.354707033,9.782034111,9.029142745,2322,781,0
124.900000000,78.900000000,75.900000000,-1.800000000,0.800000000,-0.300000000,0.000000000,0.000000000,-1.800000000,0.800000000,-0.300000000,7.969791453,0.310749226,-0.354707033,9.782034111,9.029142745,2322,781,0
125.000000000,79.000000000,76.000000000,-1.800000000,0.800000000,-0.300000000,0.000000000,0.000000000,-1.800000000,0.800000000,-0.300000000,7.993939457,0.301738753,-0.360640569,9.806605649,9.052983931,2325,782,0
125.000000000,79.000000000,76.000000000,-1.800000000,0.800000000,-0.300000000,0.000000000,0.000000000,-1.800000000,0.800000000,-0.300000000,7.993939457,0.301738753,-0.360640569,9.806605649,9.052983931,2325,782,0
125.100000000,79.100000000,76.100000000,-1.800000000,0.800000000,-0.300000000,0.000000000,0.000000000,-1.800000000,0.800000000,-0.300000000,8.017719556,0.292700170,-0.366992660,9.830817382,9.076405902,2328,783,0
125.100000000,79.100000000,76.100000000,-1.800000000,0.800000000,-0.300000000,0.000000000,0.000000000,-1.800000000,0.800000000,-0.300000000,8.017719556,0.292700170,-0.366992660,9.830817382,9.076405902,2328,783,0
125.200000000,79.200000000,76.200000000,-1.800000000,0.800000000,-0.300000000,0.000000000,0.000000000,-1.800000000,0.800000000,-0.300000000,8.041208497,0.283596554,-0.373748091,9.854747952,9.099494045,2331,784,0
125.200000000,79.200000000,76.200000000,-1.800000000,0.800000000,-0.300000000,0.000000000,0.000000000,-1.800000000,0.800000000,-0.300000000,8.041208497,0.283596554,-0.373748091,9.854747952,9.099494045,2331,784,0
125.300000000,79.300000000,76.300000000,-1.800000000,0.800000000,-0.300000000,0.000000000,0.000000000,-1.800000000,0.800000000,-0.300000000,8.064386105,0.274428770,-0.380830661,9.878377314,9.122243929,2334,785,0
125.300000000,79.300000000,76.300000000,-1.800000000,0.800000000,-0.300000000,0.000000000,0.000000000,-1.800000000,0.800000000,-0.300000000,8.064386105,0.274428770,-0.380830661,9.878377314,9.122243929,2334,785,0
125.400000000,79.400000000,76.400000000,-1.800000000,0.800000000,-0.300000000,0.000000000,0.000000000,-1.800000000,0.800000000,-0.300000000,8.086920872,0.265326222,-0.388387989,9.901367601,9.144292073,2337,786,0
125.400000000,79.400000000,76.400000000,-1.800000000,0.800000000,-0.300000000,0.000000000,0.000000000,-1.800000000,0.800000000,-0.300000000,8.086920872,0.265326222,-0.388387989,9.901367601,9.144292073,2337,786,0
125.500000000,79.500000000,76.500000000,-1.800000000,0.800000000,-0.300000000,0.000000000,0.000000000,-1.800000000,0.800000000,-0.300000000,8.109622649,0.255952527,-0.394865295,9.924545768,9.166729096,2340,787,0
125.500000000,79.500000000,76.500000000,-1.800000000,0.800000000,-0.300000000,0.000000000,0.000000000,-1.800000000,0.800000000,-0.300000000,8.109622649,0.255952527,-0.394865295,9.924545768,9.166729096,2340,787,0
125.600000000,79.600000000,76.600000000,-1.800000000,0.800000000,-0.300000000,0.000000000,0.000000000,-1.800000000,0.800000000,-0.300000000,8.131187500,0.247006068,-0.391105311,9.946571643,9.189650496,2343,788,0
125.600000000,79.600000000,76.600000000,-1.800000000,0.800000000,-0.300000000,0.000000000,0.000000000,-1.800000000,0.800000000,-0.300000000,8.131187500,0.247006068,-0.391105311,9.946571643,9.189650496,2343,788,0
125.700000000,79.700000000,76.700000000,-1.800000000,0.800000000,-0.300000000,0.000000000,0.000000000,-1.800000000,0.800000000,-0.300000000,8.151898691,0.238470271,-0.390444000,9.967728086,9.211189931,2346,789,0
125.700000000,79.700000000,76.700000000,-1.800000000,0.800000000,-0.300000000,0.000000000,0.000000000,-1.800000000,0.800000000,-0.300000000,8.151898691,0.238470271,-0.390444000,9.967728086,9.211189931,2346,789,0
125.800000000,79.800000000,76.800000000,-1.800000000,0.800000000,-0.300000000,0.000000000,0.000000000,-1.800000000,0.800000000,-0.300000000,8.165075899,0.233059483,-0.387632762,9.981190271,9.225285647,2348,790,0
125.800000000,79.800000000,76.800000000,-1.800000000,0.800000000,-0.300000000,0.000000000,0.000000000,-1.800000000,0.800000000,-0.300000000,8.171648687,0.230379526,-0.385516233,9.987904936,9.232434720,2349,790,0
125.900000000,79.900000000,76.900000000,-1.800000000,0.800000000,-0.300000000,0.000000000,0.000000000,-1.800000000,0.800000000,-0.300000000,8.184382364,0.225242006,-0.379268901,10.000911856,9.246646065,2351,791,0
125.900000000,79.900000000,76.900000000,-1.800000000,0.800000000,-0.300000000,0.000000000,0.000000000,-1.800000000,0.800000000,-0.300000000,8.184382364,0.225242006,-0.379268901,10.000911856,9.246646065,2351,791,0
126.000000000,80.000000000,77.000000000,-1.800000000,0.800000000,-0.300000000,0.000000000,0.000000000,-1.800000000,0.800000000,-0.300000000,8.202750410,0.218036405,-0.364619609,10.019665533,9.268133547,2354,792,0
126.000000000,80.000000000,77.000000000,-1.800000000,0.800000000,-0.300000000,0.000000000,0.000000000,-1.800000000,0.800000000,-0.300000000,8.202750410,0.218036405,-0.364619609,10.019665533,9.268133547,2354,792,0
126.100000000,80.100000000,77.100000000,-1.800000000,0.800000000,-0.300000000,0.000000000,0.000000000,-1.800000000,0.800000000,-0.300000000,8.220666334,0.211348676,-0.346472536,10.037941231,9.289848151,2357,793,0
126.100000000,80.100000000,77.100000000,-1.800000000,0.800000000,-0.300000000,0.000000000,0.000000000,-1.800000000,0.800000000,-0.300000000,8.220666334,0.211348676,-0.346472536,10.037941231,9.289848151,2357,793,0
126.200000000,80.200000000,77.200000000,-1.800000000,0.800000000,-0.300000000,0.000000000,0.000000000,-1.800000000,0.800000000,-0.300000000,8.238098954,0.205201913,-0.327463620,10.055705613,9.311332293,2360,794,0
126.200000000,80.200000000,77.200000000,-1.800000000,0.800000000,-0.300000000,0.000000000,0.000000000,-1.800000000,0.800000000,-0.300000000,8.238098954,0.205201913,-0.327463620,10.055705613,9.311332293,2360,794,0
126.300000000,80.300000000,77.300000000,-1.800000000,0.800000000,-0.300000000,0.000000000,0.000000000,-1.800000000,0.800000000,-0.300000000,8.254832956,0.199667140,-0.306926547,10.072738720,9.332512627,2363,795,0
126.300000000,80.300000000,77.300000000,-1.800000000,0.800000000,-0.300000000,0.000000000,0.000000000,-1.800000000,0.800000000,-0.300000000,8.254832956,0.199667140,-0.306926547,10.072738720,9.332512627,2363,795,0
126.400000000,80.400000000,77.400000000,-1.800000000,0.800000000,-0.300000000,0.000000000,0.000000000,-1.800000000,0.800000000,-0.300000000,8.271066092,0.194673156,-0.285479511,10.089241440,9.353499677,2366,796,0
126.400000000,80.400000000,77.400000000,-1.800000000,0.800000000,-0.300000000,0.000000000,0.000000000,-1.800000000,0.800000000,-0.300000000,8.271066092,0.194673156,-0.285479511,10.089241440,9.353499677,2366,796,0
126.500000000,80.500000000,77.500000000,-1.800000000,0.800000000,-0.300000000,0.000000000,0.000000000,-1.800000000,0.800000000,-0.300000000,8.286744081,0.190217653,-0.263663815,10.105159112,9.374142594,2369,797,0
126.500000000,80.500000000,77.500000000,-1.800000000,0.800000000,-0.300000000,0.000000000,0.000000000,-1.800000000,0.800000000,-0.300000000,8.286744081,0.190217653,-0.263663815,10.105159112,9.374142594,2369,797,0
126.600000000,80.600000000,77.600000000,-1.800000000,0.800000000,-0.300000000,0.000000000,0.000000000,-1.800000000,0.800000000,-0.300000000,8.301518556,0.186364265,-0.241846191,10.120139621,9.394011620,2372,798,0
126.600000000,80.600000000,77.600000000,-1.800000000,0.800000000,-0.300000000,0.000000000,0.000000000,-1.800000000,0.800000000,-0.300000000,8.301518556,0.186364265,-0.241846191,10.120139621,9.394011620,2372,798,0
126.700000000,80.700000000,77.700000000,-1.800000000,0.800000000,-0.300000000,0.000000000,0.000000000,-1.800000000,0.800000000,-0.300000000,8.315064592,0.183141767,-0.220456339,10.133856412,9.412677063,2375,799,0
126.700000000,80.700000000,77.700000000,-1.800000000,0.800000000,-0.300000000,0.000000000,0.000000000,-1.800000000,0.800000000,-0.300000000,8.315064592,0.183141767,-0.220456339,10.133856412,9.412677063,2375,799,0
126.800000000,80.800000000,77.800000000,-1.800000000,0.800000000,-0.300000000,0.000000000,0.000000000,-1.800000000,0.800000000,-0.300000000,8.327827606,0.180389473,-0.199767360,10.146763485,9.430519412,2378,800,0
126.800000000,80.800000000,77.800000000,-1.800000000,0.800000000,-0.300000000,0.000000000,0.000000000,-1.800000000,0.800000000,-0.300000000,8.327827606,0.180389473,-0.199767360,10.146763485,9.430519412,2378,800,0
126.900000000,80.900000000,77.900000000,-1.800000000,0.800000000,-0.300000000,0.000000000,0.000000000,-1.800000000,0.800000000,-0.300000000,8.339855311,0.178050549,-0.179816008,10.158911696,9.447563587,2381,801,0
126.900000000,80.900000000,77.900000000,-1.800000000,0.800000000,-0.300000000,0.000000000,0.000000000,-1.800000000,0.800000000,-0.300000000,8.339855311,0.178050549,-0.179816008,10.158911696,9.447563587,2381,801,0
127.000000000,81.000000000,78.000000000,-1.800000000,0.800000000,-0.300000000,0.000000000,0.000000000,-1.800000000,0.800000000,-0.300000000,8.350895108,0.176126677,-0.160975204,10.170048644,9.463444851,2384,802,0
127.000000000,81.000000000,78.000000000,-1.800000000,0.800000000,-0.300000000,0.000000000,0.000000000,-1.800000000,0.800000000,-0.300000000,8.350895108,0.176126677,-0.160975204,10.170048644,9.463444851,2384,802,0
127.100000000,81.100000000,78.100000000,-1.800000000,0.800000000,-0.300000000,0.000000000,0.000000000,-1.800000000,0.800000000,-0.300000000,8.360776389,0.174589454,-0.143768836,10.180005657,9.477835932,2387,803,0
127.100000000,81.100000000,78.100000000,-1.800000000,0.800000000,-0.300000000,0.000000000,0.000000000,-1.800000000,0.800000000,-0.300000000,8.360776389,0.174589454,-0.143768836,10.180005657,9.477835932,2387,803,0
127.200000000,81.200000000,78.200000000,-1.800000000,0.800000000,-0.300000000,0.000000000,0.000000000,-1.800000000,0.800000000,-0.300000000,8.369974669,0.173313416,-0.128213188,10.189264981,9.491187100,2390,804,0
127.200000000,81.200000000,78.200000000,-1.800000000,0.800000000,-0.300000000,0.000000000,0.000000000,-1.800000000,0.800000000,-0.300000000,8.369974669,0.173313416,-0.128213188,10.189264981,9.491187100,2390,804,0
127.300000000,81.300000000,78.300000000,-1.800000000,0.800000000,-0.300000000,0.000000000,0.000000000,-1.800000000,0.800000000,-0.300000000,8.378585299,0.172250424,-0.113991073,10.197924702,9.503655467,2393,805,0
127.300000000,81.300000000,78.300000000,-1.800000000,0.800000000,-0.300000000,0.000000000,0.000000000,-1.800000000,0.800000000,-0.300000000,8.378585299,0.172250424,-0.113991073,10.197924702,9.503655467,2393,805,0
127.400000000,81.400000000,78.400000000,-1.800000000,0.800000000,-0.300000000,0.000000000,0.000000000,-1.800000000,0.800000000,-0.300000000,8.386303215,0.171404824,-0.101577228,10.205680040,9.514288196,2396,806,0
127.400000000,81.400000000,78.400000000,-1.800000000,0.800000000,-0.300000000,0.000000000,0.000000000,-1.800000000,0.800000000,-0.300000000,8.386303215,0.171404824,-0.101577228,10.205680040,9.514288196,2396,806,0
127.500000000,81.500000000,78.500000000,-1.800000000,0.800000000,-0.300000000,0.000000000,0.000000000,-1.800000000,0.800000000,-0.300000000,8.393417741,0.170709287,-0.090652560,10.212823902,9.522734442,2399,807,0
127.500000000,81.500000000,78.500000000,-1.800000000,0.800000000,-0.300000000,0.000000000,0.000000000,-1.800000000,0.800000000,-0.300000000,8.393417741,0.170709287,-0.090652560,10.212823902,9.522734442,2399,807,0
127.600000000,81.600000000,78.600000000,-1.800000000,0.800000000,-0.300000000,0.000000000,0.000000000,-1.800000000,0.800000000,-0.300000000,8.397817005,0.170317930,-0.084249826,10.217238922,9.527365151,2401,808,0
127.600000000,81.600000000,78.600000000,-1.800000000,0.800000000,-0.300000000,0.000000000,0.000000000,-1.800000000,0.800000000,-0.300000000,8.397817005,0.170317930,-0.084249826,10.217238922,9.527365151,2401,808,0
127.700000000,81.700000000,78.700000000,-1.800000000,0.800000000,-0.300000000,0.000000000,0.000000000,-1.800000000,0.800000000,-0.300000000,8.404088903,0.169808912,-0.075690286,10.223530269,9.533312564,2404,809,0
127.700000000,81.700000000,78.700000000,-1.800000000,0.800000000,-0.300000000,0.000000000,0.000000000,-1.800000000,0.800000000,-0.300000000,8.404088903,0.169808912,-0.075690286,10.223530269,9.533312564,2404,809,0
127.800000000,81.800000000,78.800000000,-1.800000000,0.800000000,-0.300000000,0.000000000,0.000000000,-1.800000000,0.800000000,-0.300000000,8.409918275,0.169383331,-0.068154197,10.229374789,9.538255372,2407,810,0
127.800000000,81.800000000,78.800000000,-1.800000000,0.800000000,-0.300000000,0.000000000,0.000000000,-1.800000000,0.800000000,-0.300000000,8.409918275,0.169383331,-0.068154197,10.229374789,9.538255372,2407,810,0
127.900000000,81.900000000,78.900000000,-1.800000000,0.800000000,-0.300000000,0.000000000,0.000000000,-1.800000000,0.800000000,-0.300000000,8.415338916,0.169026576,-0.061581291,10.234807112,9.542443353,2410,811,0
127.900000000,81.900000000,78.900000000,-1.800000000,0.800000000,-0.300000000,0.000000000,0.000000000,-1.800000000,0.800000000,-0.300000000,8.415338916,0.169026576,-0.061581291,10.234807112,9.542443353,2410,811,0
128.000000000,82.000000000,79.000000000,-1.800000000,0.800000000,-0.300000000,0.000000000,0.000000000,-1.800000000,0.800000000,-0.300000000,8.420401812,0.168725617,-0.055690847,10.239878932,9.546042760,2413,812,0
128.000000000,82.000000000,79.000000000,-1.800000000,0.800000000,-0.300000000,0.000000000,0.000000000,-1.800000000,0.800000000,-0.300000000,8.420401812,0.168725617,-0.055690847,10.239878932,9.546042760,2413,812,0
128.100000000,82.100000000,79.100000000,-1.800000000,0.800000000,-0.300000000,0.000000000,0.000000000,-1.800000000,0.800000000,-0.300000000,8.425177870,0.168468477,-0.050450925,10.244661758,9.549417431,2416,813,0
128.100000000,82.100000000,79.100000000,-1.800000000,0.800000000,-0.300000000,0.000000000,0.000000000,-1.800000000,0.800000000,-0.300000000,8.425177870,0.168468477,-0.050450925,10.244661758,9.549417431,2416,813,0
128.200000000,82.200000000,79.200000000,-1.800000000,0.800000000,-0.300000000,0.000000000,0.000000000,-1.800000000,0.800000000,-0.300000000,8.429625615,0.168251454,-0.045760606,10.249114423,9.552617734,2419,814,0
128.200000000,82.200000000,79.200000000,-1.800000000,0.800000000,-0.300000000,0.000000000,0.000000000,-1.800000000,0.800000000,-0.300000000,8.429625615,0.168251454,-0.045760606,10.249114423,9.552617734,2419,814,0
128.300000000,82.300000000,79.300000000,-1.800000000,0.800000000,-0.300000000,0.000000000,0.000000000,-1.800000000,0.800000000,-0.300000000,8.433757818,0.168068611,-0.041613346,10.253250039,9.555652389,2422,815,0
128.300000000,82.300000000,79.300000000,-1.800000000,0.800000000,-0.300000000,0.000000000,0.000000000,-1.800000000,0.800000000,-0.300000000,8.433757818,0.168068611,-0.041613346,10.253250039,9.555652389,2422,815,0
128.400000000,82.400000000,79.400000000,-1.800000000,0.800000000,-0.300000000,0.000000000,0.000000000,-1.800000000,0.800000000,-0.300000000,8.437607813,0.167913468,-0.037865076,10.257102277,9.558514761,2425,816,0
128.400000000,82.400000000,79.400000000,-1.800000000,0.800000000,-0.300000000,0.000000000,0.000000000,-1.800000000,0.800000000,-0.300000000,8.437607813,0.167913468,-0.037865076,10.257102277,9.558514761,2425,816,0
128.500000000,82.500000000,79.500000000,-1.800000000,0.800000000,-0.300000000,0.000000000,0.000000000,-1.800000000,0.800000000,-0.300000000,8.441231484,0.167779974,-0.034510857,10.260727288,9.561258154,2428,817,0
128.500000000,82.500000000,79.500000000,-1.800000000,0.800000000,-0.300000000,0.000000000,0.000000000,-1.800000000,0.800000000,-0.300000000,8.441231484,0.167779974,-0.034510857,10.260727288,9.561258154,2428,817,0
128.600000000,82.600000000,79.600000000,-1.800000000,0.800000000,-0.300000000,0.000000000,0.000000000,-1.800000000,0.800000000,-0.300000000,8.444658104,0.167665760,-0.031451789,10.264154435,9.563884718,2431,818,0
128.600000000,82.600000000,79.600000000,-1.800000000,0.800000000,-0.300000000,0.000000000,0.000000000,-1.800000000,0.800000000,-0.300000000,8.444658104,0.167665760,-0.031451789,10.264154435,9.563884718,2431,818,0
128.700000000,82.700000000,79.700000000,-1.800000000,0.800000000,-0.300000000,0.000000000,0.000000000,-1.800000000,0.800000000,-0.300000000,8.447777660,0.167570569,-0.028757538,10.267273930,9.566301840,2434,819,0
128.700000000,82.700000000,79.700000000,-1.800000000,0.800000000,-0.300000000,0.000000000,0.000000000,-1.800000000,0.800000000,-0.300000000,8.447777660,0.167570569,-0.028757538,10.267273930,9.566301840,2434,819,0
128.800000000,82.800000000,79.800000000,-1.800000000,0.800000000,-0.300000000,0.000000000,0.000000000,-1.800000000,0.800000000,-0.300000000,8.450680240,0.167489016,-0.026351432,10.270176022,9.568578848,2437,820,0
128.800000000,82.800000000,79.800000000,-1.800000000,0.800000000,-0.300000000,0.000000000,0.000000000,-1.800000000,0.800000000,-0.300000000,8.450680240,0.167489016,-0.026351432,10.270176022,9.568578848,2437,820,0
128.900000000,82.900000000,79.900000000,-1.800000000,0.800000000,-0.300000000,0.000000000,0.000000000,-1.800000000,0.800000000,-0.300000000,8.453412728,0.167419072,-0.024211977,10.272907632,9.570756382,2440,821,0
128.900000000,82.900000000,79.900000000,-1.800000000,0.800000000,-0.300000000,0.000000000,0.000000000,-1.800000000,0.800000000,-0.300000000,8.453412728,0.167419072,-0.024211977,10.272907632,9.570756382,2440,821,0
129.000000000,83.000000000,80.000000000,-1.800000000,0.800000000,-0.300000000,0.000000000,0.000000000,-1.800000000,0.800000000,-0.300000000,8.455999727,0.167358479,-0.022268224,10.275493452,9.572840225,2443,822,0
129.000000000,83.000000000,80.000000000,-1.800000000,0.800000000,-0.300000000,0.000000000,0.000000000,-1.800000000,0.800000000,-0.300000000,8.455999727,0.167358479,-0.022268224,10.275493452,9.572840225,2443,822,0
129.100000000,83.100000000,80.100000000,-1.800000000,0.800000000,-0.300000000,0.000000000,0.000000000,-1.800000000,0.800000000,-0.300000000,8.458327990,0.167307463,-0.020570819,10.277820440,9.574729954,2446,823,0
129.100000000,83.100000000,80.100000000,-1.800000000,0.800000000,-0.300000000,0.000000000,0.000000000,-1.800000000,0.800000000,-0.300000000,8.458327990,0.167307463,-0.020570819,10.277820440,9.574729954,2446,823,0
129.200000000,83.200000000,80.200000000,-1.800000000,0.800000000,-0.300000000,0.000000000,0.000000000,-1.800000000,0.800000000,-0.300000000,8.459816781,0.167276994,-0.019562804,10.279308283,9.575958625,2448,824,0
129.200000000,83.200000000,80.200000000,-1.800000000,0.800000000,-0.300000000,0.000000000,0.000000000,-1.800000000,0.800000000,-0.300000000,8.460529866,0.167263097,-0.019081065,10.280020871,9.576547480,2449,824,0
129.300000000,83.300000000,80.300000000,-1.800000000,0.800000000,-0.300000000,0.000000000,0.000000000,-1.800000000,0.800000000,-0.300000000,8.461913727,0.167237235,-0.018172944,10.281403701,9.577697293,2451,825,0
129.300000000,83.300000000,80.300000000,-1.800000000,0.800000000,-0.300000000,0.000000000,0.000000000,-1.800000000,0.800000000,-0.300000000,8.461913727,0.167237235,-0.018172944,10.281403701,9.577697293,2451,825,0
129.400000000,83.400000000,80.400000000,-1.800000000,0.800000000,-0.300000000,0.000000000,0.000000000,-1.800000000,0.800000000,-0.300000000,8.463897799,0.167201976,-0.016927724,10.283386182,9.579360745,2454,826,0
129.400000000,83.400000000,80.400000000,-1.800000000,0.800000000,-0.300000000,0.000000000,0.000000000,-1.800000000,0.800000000,-0.300000000,8.463897799,0.167201976,-0.016927724,10.283386182,9.579360745,2454,826,0
129.500000000,83.500000000,80.500000000,-1.800000000,0.800000000,-0.300000000,0.000000000,0.000000000,-1.800000000,0.800000000,-0.300000000,8.465753744,0.167170876,-0.015806101,10.285240524,9.580928204,2457,827,0
129.500000000,83.500000000,80.500000000,-1.800000000,0.800000000,-0.300000000,0.000000000,0.000000000,-1.800000000,0.800000000,-0.300000000,8.465753744,0.167170876,-0.015806101,10.285240524,9.580928204,2457,827,0
129.600000000,83.600000000,80.600000000,-1.800000000,0.800000000,-0.300000000,0.000000000,0.000000000,-1.800000000,0.800000000,-0.300000000,8.467487103,0.167144168,-0.014809652,10.286972243,9.582405444,2460,828,0
129.600000000,83.600000000,80.600000000,-1.800000000,0.800000000,-0.300000000,0.000000000,0.000000000,-1.800000000,0.800000000,-0.300000000,8.467487103,0.167144168,-0.014809652,10.286972243,9.582405444,2460,828,0
129.700000000,83.700000000,80.700000000,-1.800000000,0.800000000,-0.300000000,0.000000000,0.000000000,-1.800000000,0.800000000,-0.300000000,8.469112157,0.167120451,-0.013906232,10.288595678,9.583798471,2463,829,0
129.700000000,83.700000000,80.700000000,-1.800000000,0.800000000,-0.300000000,0.000000000,0.000000000,-1.800000000,0.800000000,-0.300000000,8.469112157,0.167120451,-0.013906232,10.288595678,9.583798471,2463,829,0
129.800000000,83.800000000,80.800000000,-1.800000000,0.800000000,-0.300000000,0.000000000,0.000000000,-1.800000000,0.800000000,-0.300000000,8.470650396,0.167099297,-0.013095746,10.290132305,9.585128650,2466,830,0
129.800000000,83.800000000,80.800000000,-1.800000000,0.800000000,-0.300000000,0.000000000,0.000000000,-1.800000000,0.800000000,-0.300000000,8.470650396,0.167099297,-0.013095746,10.290132305,9.585128650,2466,830,0
129.900000000,83.900000000,80.900000000,-1.800000000,0.800000000,-0.300000000,0.000000000,0.000000000,-1.800000000,0.800000000,-0.300000000,8.472085547,0.167080820,-0.012367763,10.291565875,9.586376995,2469,831,0
129.900000000,83.900000000,80.900000000,-1.800000000,0.800000000,-0.300000000,0.000000000,0.000000000,-1.800000000,0.800000000,-0.300000000,8.472085547,0.167080820,-0.012367763,10.291565875,9.586376995,2469,831,0
130.000000000,84.000000000,81.000000000,-1.800000000,0.800000000,-0.300000000,0.000000000,0.000000000,-1.800000000,0.800000000,-0.300000000,8.473424304,0.167064435,-0.011724821,10.292903106,9.587550806,2472,832,0
130.000000000,84.000000000,81.000000000,-1.800000000,0.800000000,-0.300000000,0.000000000,0.000000000,-1.800000000,0.800000000,-0.300000000,8.473424304,0.167064435,-0.011724821,10.292903106,9.587550806,2472,832,0
130.100000000,84.100000000,81.100000000,-1.800000000,0.800000000,-0.300000000,0.000000000,0.000000000,-1.800000000,0.800000000,-0.300000000,8.474680172,0.167049886,-0.011142748,10.294157492,9.588657378,2475,833,0
130.100000000,84.100000000,81.100000000,-1.800000000,0.800000000,-0.300000000,0.000000000,0.000000000,-1.800000000,0.800000000,-0.300000000,8.474680172,0.167049886,-0.011142748,10.294157492,9.588657378,2475,833,0
130.200000000,84.200000000,81.200000000,-1.800000000,0.800000000,-0.300000000,0.000000000,0.000000000,-1.800000000,0.800000000,-0.300000000,8.475870365,0.167036747,-0.010619603,10.295346242,9.589713389,2478,834,0
130.200000000,84.200000000,81.200000000,-1.800000000,0.800000000,-0.300000000,0.000000000,0.000000000,-1.800000000,0.800000000,-0.300000000,8.475870365,0.167036747,-0.010619603,10.295346242,9.589713389,2478,834,0
130.300000000,84.300000000,81.300000000,-1.800000000,0.800000000,-0.300000000,0.000000000,0.000000000,-1.800000000,0.800000000,-0.300000000,8.476985767,0.167025011,-0.010147388,10.296460255,9.590707678,2481,835,0
130.300000000,84.300000000,81.300000000,-1.800000000,0.800000000,-0.300000000,0.000000000,0.000000000,-1.800000000,0.800000000,-0.300000000,8.476985767,0.167025011,-0.010147388,10.296460255,9.590707678,2481,835,0
130.400000000,84.400000000,81.400000000,-1.800000000,0.800000000,-0.300000000,0.000000000,0.000000000,-1.800000000,0.800000000,-0.300000000,8.478015067,0.167014728,-0.009728978,10.297488241,9.591629653,2484,836,0
130.400000000,84.400000000,81.400000000,-1.800000000,0.800000000,-0.300000000,0.000000000,0.000000000,-1.800000000,0.800000000,-0.300000000,8.478015067,0.167014728,-0.009728978,10.297488241,9.591629653,2484,836,0
130.500000000,84.500000000,81.500000000,-1.800000000,0.800000000,-0.300000000,0.000000000,0.000000000,-1.800000000,0.800000000,-0.300000000,8.478992999,0.167005056,-0.009354008,10.298464918,9.592511387,2487,837,0
130.500000000,84.500000000,81.500000000,-1.800000000,0.800000000,-0.300000000,0.000000000,0.000000000,-1.800000000,0.800000000,-0.300000000,8.478992999,0.167005056,-0.009354008,10.298464918,9.592511387,2487,837,0
130.600000000,84.600000000,81.600000000,-1.800000000,0.800000000,-0.300000000,0.000000000,0.000000000,-1.800000000,0.800000000,-0.300000000,8.479925090,0.166996573,-0.009009538,10.299395768,9.593355067,2490,838,0
130.600000000,84.600000000,81.600000000,-1.800000000,0.800000000,-0.300000000,0.000000000,0.000000000,-1.800000000,0.800000000,-0.300000000,8.479925090,0.166996573,-0.009009538,10.299395768,9.593355067,2490,838,0
130.700000000,84.700000000,81.700000000,-1.800000000,0.800000000,-0.300000000,0.000000000,0.000000000,-1.800000000,0.800000000,-0.300000000,8.480784398,0.166988940,-0.008703233,10.300253921,9.594135749,2493,839,0
130.700000000,84.700000000,81.700000000,-1.800000000,0.800000000,-0.300000000,0.000000000,0.000000000,-1.800000000,0.800000000,-0.300000000,8.480784398,0.166988940,-0.008703233,10.300253921,9.594135749,2493,839,0
130.800000000,84.800000000,81.800000000,-1.800000000,0.800000000,-0.300000000,0.000000000,0.000000000,-1.800000000,0.800000000,-0.300000000,8.481592409,0.166981759,-0.008426234,10.301060847,9.594872647,2496,840,0
130.800000000,84.800000000,81.800000000,-1.800000000,0.800000000,-0.300000000,0.000000000,0.000000000,-1.800000000,0.800000000,-0.300000000,8.481592409,0.166981759,-0.008426234,10.301060847,9.594872647,2496,840,0
130.900000000,84.900000000,81.900000000,-1.800000000,0.800000000,-0.300000000,0.000000000,0.000000000,-1.800000000,0.800000000,-0.300000000,8.482100403,0.166977352,-0.008258731,10.301568151,9.595337623,2498,841,0
130.900000000,84.900000000,81.900000000,-1.800000000,0.800000000,-0.300000000,0.000000000,0.000000000,-1.800000000,0.800000000,-0.300000000,8.482347332,0.166975314,-0.008180078,10.301814738,9.595564339,2499,841,0
131.000000000,85.000000000,82.000000000,-1.800000000,0.800000000,-0.300000000,0.000000000,0.000000000,-1.800000000,0.800000000,-0.300000000,8.482820277,0.166971685,-0.008032016,10.302287013,9.595999215,2501,842,0
131.000000000,85.000000000,82.000000000,-1.800000000,0.800000000,-0.300000000,0.000000000,0.000000000,-1.800000000,0.800000000,-0.300000000,8.482820277,0.166971685,-0.008032016,10.302287013,9.595999215,2501,842,0
131.100000000,85.100000000,82.100000000,-1.800000000,0.800000000,-0.300000000,0.000000000,0.000000000,-1.800000000,0.800000000,-0.300000000,8.483497790,0.166966185,-0.007829121,10.302963583,9.596624553,2504,843,0
131.100000000,85.100000000,82.100000000,-1.800000000,0.800000000,-0.300000000,0.000000000,0.000000000,-1.800000000,0.800000000,-0.300000000,8.483497790,0.166966185,-0.007829121,10.302963583,9.596624553,2504,843,0
131.200000000,85.200000000,82.200000000,-1.800000000,0.800000000,-0.300000000,0.000000000,0.000000000,-1.800000000,0.800000000,-0.300000000,8.484137902,0.166961028,-0.007642587,10.303602803,9.597216687,2507,844,0
131.200000000,85.200000000,82.200000000,-1.800000000,0.800000000,-0.300000000,0.000000000,0.000000000,-1.800000000,0.800000000,-0.300000000,8.484137902,0.166961028,-0.007642587,10.303602803,9.597216687,2507,844,0
131.300000000,85.300000000,82.300000000,-1.800000000,0.800000000,-0.300000000,0.000000000,0.000000000,-1.800000000,0.800000000,-0.300000000,8.484747354,0.166956590,-0.007472567,10.304211377,9.597782360,2510,845,0
131.300000000,85.300000000,82.300000000,-1.800000000,0.800000000,-0.300000000,0.000000000,0.000000000,-1.800000000,0.800000000,-0.300000000,8.484747354,0.166956590,-0.007472567,10.304211377,9.597782360,2510,845,0
131.400000000,85.400000000,82.400000000,-1.800000000,0.800000000,-0.300000000,0.000000000,0.000000000,-1.800000000,0.800000000,-0.300000000,8.485329101,0.166952170,-0.007314730,10.304792296,9.598323464,2513,846,0
131.400000000,85.400000000,82.400000000,-1.800000000,0.800000000,-0.300000000,0.000000000,0.000000000,-1.800000000,0.800000000,-0.300000000,8.485329101,0.166952170,-0.007314730,10.304792296,9.598323464,2513,846,0
131.500000000,85.500000000,82.500000000,-1.800000000,0.800000000,-0.300000000,0.000000000,0.000000000,-1.800000000,0.800000000,-0.300000000,8.485874394,0.166948005,-0.007170466,10.305336816,9.598831601,2516,847,0
131.500000000,85.500000000,82.500000000,-1.800000000,0.800000000,-0.300000000,0.000000000,0.000000000,-1.800000000,0.800000000,-0.300000000,8.485874394,0.166948005,-0.007170466,10.305336816,9.598831601,2516,847,0
131.600000000,85.600000000,82.600000000,-1.800000000,0.800000000,-0.300000000,0.000000000,0.000000000,-1.800000000,0.800000000,-0.300000000,8.486377557,0.166944588,-0.007042102,10.305839238,9.599301661,2519,848,0
131.600000000,85.600000000,82.600000000,-1.800000000,0.800000000,-0.300000000,0.000000000,0.000000000,-1.800000000,0.800000000,-0.300000000,8.486377557,0.166944588,-0.007042102,10.305839238,9.599301661,2519,848,0
131.700000000,85.700000000,82.700000000,-1.800000000,0.800000000,-0.300000000,0.000000000,0.000000000,-1.800000000,0.800000000,-0.300000000,8.486855418,0.166941032,-0.006926355,10.306316415,9.599749665,2522,849,0
131.700000000,85.700000000,82.700000000,-1.800000000,0.800000000,-0.300000000,0.000000000,0.000000000,-1.800000000,0.800000000,-0.300000000,8.486855418,0.166941032,-0.006926355,10.306316415,9.599749665,2522,849,0
131.800000000,85.800000000,82.800000000,-1.800000000,0.800000000,-0.300000000,0.000000000,0.000000000,-1.800000000,0.800000000,-0.300000000,8.487310492,0.166937948,-0.006819787,10.306770819,9.600177218,2525,850,0
131.800000000,85.800000000,82.800000000,-1.800000000,0.800000000,-0.300000000,0.000000000,0.000000000,-1.800000000,0.800000000,-0.300000000,8.487310492,0.166937948,-0.006819787,10.306770819,9.600177218,2525,850,0
131.900000000,85.900000000,82.900000000,-1.800000000,0.800000000,-0.300000000,0.000000000,0.000000000,-1.800000000,0.800000000,-0.300000000,8.487736629,0.166935155,-0.006722672,10.307196323,9.600578257,2528,851,0
131.900000000,85.900000000,82.900000000,-1.800000000,0.800000000,-0.300000000,0.000000000,0.000000000,-1.800000000,0.800000000,-0.300000000,8.487736629,0.166935155,-0.006722672,10.307196323,9.600578257,2528,851,0
132.000000000,86.000000000,83.000000000,-1.800000000,0.800000000,-0.300000000,0.000000000,0.000000000,-1.800000000,0.800000000,-0.300000000,8.488135179,0.166932405,-0.006634231,10.307594290,9.600953949,2531,852,0
132.000000000,86.000000000,83.000000000,-1.800000000,0.800000000,-0.300000000,0.000000000,0.000000000,-1.800000000,0.800000000,-0.300000000,8.488135179,0.166932405,-0.006634231,10.307594290,9.600953949,2531,852,0
132.100000000,86.100000000,83.100000000,-1.800000000,0.800000000,-0.300000000,0.000000000,0.000000000,-1.800000000,0.800000000,-0.300000000,8.488509308,0.166929728,-0.006550975,10.307967877,9.601306568,2534,853,0
132.100000000,86.100000000,83.100000000,-1.800000000,0.800000000,-0.300000000,0.000000000,0.000000000,-1.800000000,0.800000000,-0.300000000,8.488509308,0.166929728,-0.006550975,10.307967877,9.601306568,2534,853,0
132.200000000,86.200000000,83.200000000,-1.800000000,0.800000000,-0.300000000,0.000000000,0.000000000,-1.800000000,0.800000000,-0.300000000,8.488863760,0.166927695,-0.006473419,10.308321785,9.601640949,2537,854,0
132.200000000,86.200000000,83.200000000,-1.800000000,0.800000000,-0.300000000,0.000000000,0.000000000,-1.800000000,0.800000000,-0.300000000,8.488863760,0.166927695,-0.006473419,10.308321785,9.601640949,2537,854,0
132.300000000,86.300000000,83.300000000,-1.800000000,0.800000000,-0.300000000,0.000000000,0.000000000,-1.800000000,0.800000000,-0.300000000,8.489190541,0.166925382,-0.006401959,10.308648091,9.601949263,2540,855,0
132.300000000,86.300000000,83.300000000,-1.800000000,0.800000000,-0.300000000,0.000000000,0.000000000,-1.800000000,0.800000000,-0.300000000,8.489190541,0.166925382,-0.006401959,10.308648091,9.601949263,2540,855,0
132.400000000,86.400000000,83.400000000,-1.800000000,0.800000000,-0.300000000,0.000000000,0.000000000,-1.800000000,0.800000000,-0.300000000,8.489498255,0.166923475,-0.006336052,10.308955341,9.602239922,2543,856,0
132.400000000,86.400000000,83.400000000,-1.800000000,0.800000000,-0.300000000,0.000000000,0.000000000,-1.800000000,0.800000000,-0.300000000,8.489498255,0.166923475,-0.006336052,10.308955341,9.602239922,2543,856,0
132.500000000,86.500000000,83.500000000,-1.800000000,0.800000000,-0.300000000,0.000000000,0.000000000,-1.800000000,0.800000000,-0.300000000,8.489790684,0.166921733,-0.006275670,10.309247326,9.602516711,2546,857,0
132.500000000,86.500000000,83.500000000,-1.800000000,0.800000000,-0.300000000,0.000000000,0.000000000,-1.800000000,0.800000000,-0.300000000,8.489790684,0.166921733,-0.006275670,10.309247326,9.602516711,2546,857,0
132.600000000,86.600000000,83.600000000,-1.800000000,0.800000000,-0.300000000,0.000000000,0.000000000,-1.800000000,0.800000000,-0.300000000,8.489975263,0.166920343,-0.006237983,10.309431641,9.602691542,2548,858,0
132.600000000,86.600000000,83.600000000,-1.800000000,0.800000000,-0.300000000,0.000000000,0.000000000,-1.800000000,0.800000000,-0.300000000,8.490064899,0.166919709,-0.006220220,10.309521147,9.602776578,2549,858,0
132.700000000,86.700000000,83.700000000,-1.800000000,0.800000000,-0.300000000,0.000000000,0.000000000,-1.800000000,0.800000000,-0.300000000,8.490240470,0.166918752,-0.006186170,10.309696445,9.602943310,2551,859,0
132.700000000,86.700000000,83.700000000,-1.800000000,0.800000000,-0.300000000,0.000000000,0.000000000,-1.800000000,0.800000000,-0.300000000,8.490240470,0.166918752,-0.006186170,10.309696445,9.602943310,2551,859,0
132.800000000,86.800000000,83.800000000,-1.800000000,0.800000000,-0.300000000,0.000000000,0.000000000,-1.800000000,0.800000000,-0.300000000,8.490489336,0.166917290,-0.006139311,10.309944932,9.603180010,2554,860,0
132.800000000,86.800000000,83.800000000,-1.800000000,0.800000000,-0.300000000,0.000000000,0.000000000,-1.800000000,0.800000000,-0.300000000,8.490489336,0.166917290,-0.006139311,10.309944932,9.603180010,2554,860,0
132.900000000,86.900000000,83.900000000,-1.800000000,0.800000000,-0.300000000,0.000000000,0.000000000,-1.800000000,0.800000000,-0.300000000,8.490719111,0.166915678,-0.006097546,10.310174372,9.603398946,2557,861,0
132.900000000,86.900000000,83.900000000,-1.800000000,0.800000000,-0.300000000,0.000000000,0.000000000,-1.800000000,0.800000000,-0.300000000,8.490719111,0.166915678,-0.006097546,10.310174372,9.603398946,2557,861,0
133.000000000,87.000000000,84.000000000,-1.800000000,0.800000000,-0.300000000,0.000000000,0.000000000,-1.800000000,0.800000000,-0.300000000,8.490937662,0.166914378,-0.006060445,10.310392591,9.603607837,2560,862,0
133.000000000,87.000000000,84.000000000,-1.800000000,0.800000000,-0.300000000,0.000000000,0.000000000,-1.800000000,0.800000000,-0.300000000,8.490937662,0.166914378,-0.006060445,10.310392591,9.603607837,2560,862,0
133.100000000,87.100000000,84.100000000,-1.800000000,0.800000000,-0.300000000,0.000000000,0.000000000,-1.800000000,0.800000000,-0.300000000,8.491142759,0.166913320,-0.006027183,10.310597365,9.603804252,2563,863,0
133.100000000,87.100000000,84.100000000,-1.800000000,0.800000000,-0.300000000,0.000000000,0.000000000,-1.800000000,0.800000000,-0.300000000,8.491142759,0.166913320,-0.006027183,10.310597365,9.603804252,2563,863,0
133.200000000,87.200000000,84.200000000,-1.800000000,0.800000000,-0.300000000,0.000000000,0.000000000,-1.800000000,0.800000000,-0.300000000,8.491334774,0.166911971,-0.005997430,10.310789100,9.603988509,2566,864,0
133.200000000,87.200000000,84.200000000,-1.800000000,0.800000000,-0.300000000,0.000000000,0.000000000,-1.800000000,0.800000000,-0.300000000,8.491334774,0.166911971,-0.005997430,10.310789100,9.603988509,2566,864,0
133.300000000,87.300000000,84.300000000,-1.800000000,0.800000000,-0.300000000,0.000000000,0.000000000,-1.800000000,0.800000000,-0.300000000,8.491515652,0.166910919,-0.005970613,10.310969702,9.604162374,2569,865,0
133.300000000,87.300000000,84.300000000,-1.800000000,0.800000000,-0.300000000,0.000000000,0.000000000,-1.800000000,0.800000000,-0.300000000,8.491515652,0.166910919,-0.005970613,10.310969702,9.604162374,2569,865,0
133.400000000,87.400000000,84.400000000,-1.800000000,0.800000000,-0.300000000,0.000000000,0.000000000,-1.800000000,0.800000000,-0.300000000,8.491687606,0.166909930,-0.005946499,10.311141393,9.604328009,2572,866,0
133.400000000,87.400000000,84.400000000,-1.800000000,0.800000000,-0.300000000,0.000000000,0.000000000,-1.800000000,0.800000000,-0.300000000,8.491687606,0.166909930,-0.005946499,10.311141393,9.604328009,2572,866,0
133.500000000,87.500000000,84.500000000,-1.800000000,0.800000000,-0.300000000,0.000000000,0.000000000,-1.800000000,0.800000000,-0.300000000,8.491849239,0.166909073,-0.005924752,10.311302774,9.604483929,2575,867,0
133.500000000,87.500000000,84.500000000,-1.800000000,0.800000000,-0.300000000,0.000000000,0.000000000,-1.800000000,0.800000000,-0.300000000,8.491849239,0.166909073,-0.005924752,10.311302774,9.604483929,2575,867,0
133.600000000,87.600000000,84.600000000,-1.800000000,0.800000000,-0.300000000,0.000000000,0.000000000,-1.800000000,0.800000000,-0.300000000,8.491998733,0.166907986,-0.005905145,10.311452052,9.604628284,2578,868,0
133.600000000,87.600000000,84.600000000,-1.800000000,0.800000000,-0.300000000,0.000000000,0.000000000,-1.800000000,0.800000000,-0.300000000,8.491998733,0.166907986,-0.005905145,10.311452052,9.604628284,2578,868,0
133.700000000,87.700000000,84.700000000,-1.800000000,0.800000000,-0.300000000,0.000000000,0.000000000,-1.800000000,0.800000000,-0.300000000,8.492140900,0.166907129,-0.005887612,10.311594004,9.604765836,2581,869,0
133.700000000,87.700000000,84.700000000,-1.800000000,0.800000000,-0.300000000,0.000000000,0.000000000,-1.800000000,0.800000000,-0.300000000,8.492140900,0.166907129,-0.005887612,10.311594004,9.604765836,2581,869,0
133.800000000,87.800000000,84.800000000,-1.800000000,0.800000000,-0.300000000,0.000000000,0.000000000,-1.800000000,0.800000000,-0.300000000,8.492271375,0.166906573,-0.005872172,10.311724266,9.604892225,2584,870,0
133.800000000,87.800000000,84.800000000,-1.800000000,0.800000000,-0.300000000,0.000000000,0.000000000,-1.800000000,0.800000000,-0.300000000,8.492271375,0.166906573,-0.005872172,10.311724266,9.604892225,2584,870,0
133.900000000,87.900000000,84.900000000,-1.800000000,0.800000000,-0.300000000,0.000000000,0.000000000,-1.800000000,0.800000000,-0.300000000,8.492395884,0.166905724,-0.005857915,10.311848593,9.605012975,2587,871,0
133.900000000,87.900000000,84.900000000,-1.800000000,0.800000000,-0.300000000,0.000000000,0.000000000,-1.800000000,0.800000000,-0.300000000,8.492395884,0.166905724,-0.005857915,10.311848593,9.605012975,2587,871,0
134.000000000,88.000000000,85.000000000,-1.800000000,0.800000000,-0.300000000,0.000000000,0.000000000,-1.800000000,0.800000000,-0.300000000,8.492515251,0.166904886,-0.005844518,10.311967786,9.605128807,2590,872,0
134.000000000,88.000000000,85.000000000,-1.800000000,0.800000000,-0.300000000,0.000000000,0.000000000,-1.800000000,0.800000000,-0.300000000,8.492515251,0.166904886,-0.005844518,10.311967786,9.605128807,2590,872,0
134.100000000,88.100000000,85.100000000,-1.800000000,0.800000000,-0.300000000,0.000000000,0.000000000,-1.800000000,0.800000000,-0.300000000,8.492625856,0.166904364,-0.005832512,10.312078215,9.605236226,2593,873,0
134.100000000,88.100000000,85.100000000,-1.800000000,0.800000000,-0.300000000,0.000000000,0.000000000,-1.800000000,0.800000000,-0.300000000,8.492625856,0.166904364,-0.005832512,10.312078215,9.605236226,2593,873,0
134.200000000,88.200000000,85.200000000,-1.800000000,0.800000000,-0.300000000,0.000000000,0.000000000,-1.800000000,0.800000000,-0.300000000,8.492730286,0.166903737,-0.005821296,10.312182485,9.605337684,2596,874,0
134.200000000,88.200000000,85.200000000,-1.800000000,0.800000000,-0.300000000,0.000000000,0.000000000,-1.800000000,0.800000000,-0.300000000,8.492730286,0.166903737,-0.005821296,10.312182485,9.605337684,2596,874,0
134.300000000,88.300000000,85.300000000,-1.800000000,0.800000000,-0.300000000,0.000000000,0.000000000,-1.800000000,0.800000000,-0.300000000,8.492796245,0.166903220,-0.005814241,10.312248352,9.605401781,2598,875,0
134.300000000,88.300000000,85.300000000,-1.800000000,0.800000000,-0.300000000,0.000000000,0.000000000,-1.800000000,0.800000000,-0.300000000,8.492828414,0.166903087,-0.005810974,10.312280469,9.605433079,2599,875,0
134.400000000,88.400000000,85.400000000,-1.800000000,0.800000000,-0.300000000,0.000000000,0.000000000,-1.800000000,0.800000000,-0.300000000,8.492891636,0.166902866,-0.005804663,10.312343585,9.605494615,2601,876,0
134.400000000,88.400000000,85.400000000,-1.800000000,0.800000000,-0.300000000,0.000000000,0.000000000,-1.800000000,0.800000000,-0.300000000,8.492891636,0.166902866,-0.005804663,10.312343585,9.605494615,2601,876,0
134.500000000,88.500000000,85.500000000,-1.800000000,0.800000000,-0.300000000,0.000000000,0.000000000,-1.800000000,0.800000000,-0.300000000,8.492982585,0.166902242,-0.005795643,10.312434401,9.605583170,2604,877,0
134.500000000,88.500000000,85.500000000,-1.800000000,0.800000000,-0.300000000,0.000000000,0.000000000,-1.800000000,0.800000000,-0.300000000,8.492982585,0.166902242,-0.005795643,10.312434401,9.605583170,2604,877,0
134.600000000,88.600000000,85.600000000,-1.800000000,0.800000000,-0.300000000,0.000000000,0.000000000,-1.800000000,0.800000000,-0.300000000,8.493070253,0.166901672,-0.005787303,10.312521938,9.605668618,2607,878,0
134.600000000,88.600000000,85.600000000,-1.800000000,0.800000000,-0.300000000,0.000000000,0.000000000,-1.800000000,0.800000000,-0.300000000,8.493070253,0.166901672,-0.005787303,10.312521938,9.605668618,2607,878,0
134.700000000,88.700000000,85.700000000,-1.800000000,0.800000000,-0.300000000,0.000000000,0.000000000,-1.800000000,0.800000000,-0.300000000,8.493152445,0.166901472,-0.005780006,10.312603987,9.605748840,2610,879,0
134.700000000,88.700000000,85.700000000,-1.800000000,0.800000000,-0.300000000,0.000000000,0.000000000,-1.800000000,0.800000000,-0.300000000,8.493152445,0.166901472,-0.005780006,10.312603987,9.605748840,2610,879,0
134.800000000,88.800000000,85.800000000,-1.800000000,0.800000000,-0.300000000,0.000000000,0.000000000,-1.800000000,0.800000000,-0.300000000,8.493230923,0.166900725,-0.005772862,10.312682364,9.605825427,2613,880,0
134.800000000,88.800000000,85.800000000,-1.800000000,0.800000000,-0.300000000,0.000000000,0.000000000,-1.800000000,0.800000000,-0.300000000,8.493230923,0.166900725,-0.005772862,10.312682364,9.605825427,2613,880,0
134.900000000,88.900000000,85.900000000,-1.800000000,0.800000000,-0.300000000,0.000000000,0.000000000,-1.800000000,0.800000000,-0.300000000,8.493304865,0.166900256,-0.005766378,10.312756195,9.605897635,2616,881,0
134.900000000,88.900000000,85.900000000,-1.800000000,0.800000000,-0.300000000,0.000000000,0.000000000,-1.800000000,0.800000000,-0.300000000,8.493304865,0.166900256,-0.005766378,10.312756195,9.605897635,2616,881,0
135.000000000,89.000000000,86.000000000,-1.800000000,0.800000000,-0.300000000,0.000000000,0.000000000,-1.800000000,0.800000000,-0.300000000,8.493375465,0.166900301,-0.005760734,10.312826659,9.605966688,2619,882,0
135.000000000,89.000000000,86.000000000,-1.800000000,0.800000000,-0.300000000,0.000000000,0.000000000,-1.800000000,0.800000000,-0.300000000,8.493375465,0.166900301,-0.005760734,10.312826659,9.605966688,2619,882,0
135.100000000,89.100000000,86.100000000,-1.800000000,0.800000000,-0.300000000,0.000000000,0.000000000,-1.800000000,0.800000000,-0.300000000,8.493440816,0.166899497,-0.005754732,10.312891936,9.606030461,2622,883,0
135.100000000,89.100000000,86.100000000,-1.800000000,0.800000000,-0.300000000,0.000000000,0.000000000,-1.800000000,0.800000000,-0.300000000,8.493440816,0.166899497,-0.005754732,10.312891936,9.606030461,2622,883,0
135.200000000,89.200000000,86.200000000,-1.800000000,0.800000000,-0.300000000,0.000000000,0.000000000,-1.800000000,0.800000000,-0.300000000,8.493502832,0.166899228,-0.005749501,10.312953851,9.606091067,2625,884,0
135.200000000,89.200000000,86.200000000,-1.800000000,0.800000000,-0.300000000,0.000000000,0.000000000,-1.800000000,0.800000000,-0.300000000,8.493502832,0.166899228,-0.005749501,10.312953851,9.606091067,2625,884,0
135.300000000,89.300000000,86.300000000,-1.800000000,0.800000000,-0.300000000,0.000000000,0.000000000,-1.800000000,0.800000000,-0.300000000,8.493561181,0.166899068,-0.005744709,10.313012100,9.606148117,2628,885,0
135.300000000,89.300000000,86.300000000,-1.800000000,0.800000000,-0.300000000,0.000000000,0.000000000,-1.800000000,0.800000000,-0.300000000,8.493561181,0.166899068,-0.005744709,10.313012100,9.606148117,2628,885,0
135.400000000,89.400000000,86.400000000,-1.800000000,0.800000000,-0.300000000,0.000000000,0.000000000,-1.800000000,0.800000000,-0.300000000,8.493614977,0.166898367,-0.005739750,10.313065838,9.606200612,2631,886,0
135.400000000,89.400000000,86.400000000,-1.800000000,0.800000000,-0.300000000,0.000000000,0.000000000,-1.800000000,0.800000000,-0.300000000,8.493614977,0.166898367,-0.005739750,10.313065838,9.606200612,2631,886,0
135.500000000,89.500000000,86.500000000,-1.800000000,0.800000000,-0.300000000,0.000000000,0.000000000,-1.800000000,0.800000000,-0.300000000,8.493666041,0.166898168,-0.005735438,10.313116818,9.606250513,2634,887,0
135.500000000,89.500000000,86.500000000,-1.800000000,0.800000000,-0.300000000,0.000000000,0.000000000,-1.800000000,0.800000000,-0.300000000,8.493666041,0.166898168,-0.005735438,10.313116818,9.606250513,2634,887,0
135.600000000,89.600000000,86.600000000,-1.800000000,0.800000000,-0.300000000,0.000000000,0.000000000,-1.800000000,0.800000000,-0.300000000,8.493714384,0.166898312,-0.005731583,10.313165060,9.606297793,2637,888,0
135.600000000,89.600000000,86.600000000,-1.800000000,0.800000000,-0.300000000,0.000000000,0.000000000,-1.800000000,0.800000000,-0.300000000,8.493714384,0.166898312,-0.005731583,10.313165060,9.606297793,2637,888,0
135.700000000,89.700000000,86.700000000,-1.800000000,0.800000000,-0.300000000,0.000000000,0.000000000,-1.800000000,0.800000000,-0.300000000,8.493758225,0.166897648,-0.005727210,10.313208860,9.606340495,2640,889,0
135.700000000,89.700000000,86.700000000,-1.800000000,0.800000000,-0.300000000,0.000000000,0.000000000,-1.800000000,0.800000000,-0.300000000,8.493758225,0.166897648,-0.005727210,10.313208860,9.606340495,2640,889,0
135.800000000,89.800000000,86.800000000,-1.800000000,0.800000000,-0.300000000,0.000000000,0.000000000,-1.800000000,0.800000000,-0.300000000,8.493800146,0.166897335,-0.005723248,10.313250721,9.606381363,2643,890,0
135.800000000,89.800000000,86.800000000,-1.800000000,0.800000000,-0.300000000,0.000000000,0.000000000,-1.800000000,0.800000000,-0.300000000,8.493800146,0.166897335,-0.005723248,10.313250721,9.606381363,2643,890,0
135.900000000,89.900000000,86.900000000,-1.800000000,0.800000000,-0.300000000,0.000000000,0.000000000,-1.800000000,0.800000000,-0.300000000,8.493839396,0.166897523,-0.005719844,10.313289885,9.606419677,2646,891,0
135.900000000,89.900000000,86.900000000,-1.800000000,0.800000000,-0.300000000,0.000000000,0.000000000,-1.800000000,0.800000000,-0.300000000,8.493839396,0.166897523,-0.005719844,10.313289885,9.606419677,2646,891,0
136.000000000,90.000000000,87.000000000,-1.800000000,0.800000000,-0.300000000,0.000000000,0.000000000,-1.800000000,0.800000000,-0.300000000,8.493864512,0.166897219,-0.005717258,10.313314973,9.606444116,2648,892,0
136.000000000,90.000000000,87.000000000,-1.800000000,0.800000000,-0.300000000,0.000000000,0.000000000,-1.800000000,0.800000000,-0.300000000,8.493876742,0.166896951,-0.005715877,10.313327196,9.606455993,2649,892,0
136.100000000,90.100000000,87.100000000,-1.800000000,0.800000000,-0.300000000,0.000000000,0.000000000,-1.800000000,0.800000000,-0.300000000,8.493899791,0.166896730,-0.005713413,10.313350215,9.606478393,2651,893,0
136.100000000,90.100000000,87.100000000,-1.800000000,0.800000000,-0.300000000,0.000000000,0.000000000,-1.800000000,0.800000000,-0.300000000,8.493899791,0.166896730,-0.005713413,10.313350215,9.606478393,2651,893,0
136.200000000,90.200000000,87.200000000,-1.800000000,0.800000000,-0.300000000,0.000000000,0.000000000,-1.800000000,0.800000000,-0.300000000,8.493932191,0.166897043,-0.005710451,10.313382534,9.606509973,2654,894,0
136.200000000,90.200000000,87.200000000,-1.800000000,0.800000000,-0.300000000,0.000000000,0.000000000,-1.800000000,0.800000000,-0.300000000,8.493932191,0.166897043,-0.005710451,10.313382534,9.606509973,2654,894,0
136.300000000,90.300000000,87.300000000,-1.800000000,0.800000000,-0.300000000,0.000000000,0.000000000,-1.800000000,0.800000000,-0.300000000,8.493963605,0.166896519,-0.005706955,10.313413921,9.606540482,2657,895,0
136.300000000,90.300000000,87.300000000,-1.800000000,0.800000000,-0.300000000,0.000000000,0.000000000,-1.800000000,0.800000000,-0.300000000,8.493963605,0.166896519,-0.005706955,10.313413921,9.606540482,2657,895,0
136.400000000,90.400000000,87.400000000,-1.800000000,0.800000000,-0.300000000,0.000000000,0.000000000,-1.800000000,0.800000000,-0.300000000,8.493992822,0.166896255,-0.005703755,10.313443100,9.606568858,2660,896,0
136.400000000,90.400000000,87.400000000,-1.800000000,0.800000000,-0.300000000,0.000000000,0.000000000,-1.800000000,0.800000000,-0.300000000,8.493992822,0.166896255,-0.005703755,10.313443100,9.606568858,2660,896,0
136.500000000,90.500000000,87.500000000,-1.800000000,0.800000000,-0.300000000,0.000000000,0.000000000,-1.800000000,0.800000000,-0.300000000,8.494020110,0.166896469,-0.005701103,10.313470323,9.606595418,2663,897,0
136.500000000,90.500000000,87.500000000,-1.800000000,0.800000000,-0.300000000,0.000000000,0.000000000,-1.800000000,0.800000000,-0.300000000,8.494020110,0.166896469,-0.005701103,10.313470323,9.606595418,2663,897,0
136.600000000,90.600000000,87.600000000,-1.800000000,0.800000000,-0.300000000,0.000000000,0.000000000,-1.800000000,0.800000000,-0.300000000,8.494045376,0.166896022,-0.005698059,10.313495569,9.606619898,2666,898,0
136.600000000,90.600000000,87.600000000,-1.800000000,0.800000000,-0.300000000,0.000000000,0.000000000,-1.800000000,0.800000000,-0.300000000,8.494045376,0.166896022,-0.005698059,10.313495569,9.606619898,2666,898,0
136.700000000,90.700000000,87.700000000,-1.800000000,0.800000000,-0.300000000,0.000000000,0.000000000,-1.800000000,0.800000000,-0.300000000,8.494069510,0.166895866,-0.005695391,10.313519667,9.606643328,2669,899,0
136.700000000,90.700000000,87.700000000,-1.800000000,0.800000000,-0.300000000,0.000000000,0.000000000,-1.800000000,0.800000000,-0.300000000,8.494069510,0.166895866,-0.005695391,10.313519667,9.606643328,2669,899,0
136.800000000,90.800000000,87.800000000,-1.800000000,0.800000000,-0.300000000,0.000000000,0.000000000,-1.800000000,0.800000000,-0.300000000,8.494092399,0.166895928,-0.005693010,10.313542509,9.606665574,2672,900,0
136.800000000,90.800000000,87.800000000,-1.800000000,0.800000000,-0.300000000,0.000000000,0.000000000,-1.800000000,0.800000000,-0.300000000,8.494092399,0.166895928,-0.005693010,10.313542509,9.606665574,2672,900,0
136.900000000,90.900000000,87.900000000,-1.800000000,0.800000000,-0.300000000,0.000000000,0.000000000,-1.800000000,0.800000000,-0.300000000,8.494113279,0.166895702,-0.005690521,10.313563363,9.606685803,2675,901,0
136.900000000,90.900000000,87.900000000,-1.800000000,0.800000000,-0.300000000,0.000000000,0.000000000,-1.800000000,0.800000000,-0.300000000,8.494113279,0.166895702,-0.005690521,10.313563363,9.606685803,2675,901,0
137.000000000,91.000000000,88.000000000,-1.800000000,0.800000000,-0.300000000,0.000000000,0.000000000,-1.800000000,0.800000000,-0.300000000,8.494132726,0.166895652,-0.005688291,10.313582777,9.606704658,2678,902,0
137.000000000,91.000000000,88.000000000,-1.800000000,0.800000000,-0.300000000,0.000000000,0.000000000,-1.800000000,0.800000000,-0.300000000,8.494132726,0.166895652,-0.005688291,10.313582777,9.606704658,2678,902,0
137.100000000,91.100000000,88.100000000,-1.800000000,0.800000000,-0.300000000,0.000000000,0.000000000,-1.800000000,0.800000000,-0.300000000,8.494151159,0.166895600,-0.005686164,10.313601178,9.606722526,2681,903,0
137.100000000,91.100000000,88.100000000,-1.800000000,0.800000000,-0.300000000,0.000000000,0.000000000,-1.800000000,0.800000000,-0.300000000,8.494151159,0.166895600,-0.005686164,10.313601178,9.606722526,2681,903,0
137.200000000,91.200000000,88.200000000,-1.800000000,0.800000000,-0.300000000,0.000000000,0.000000000,-1.800000000,0.800000000,-0.300000000,8.494168164,0.166895405,-0.005684040,10.313618163,9.606738977,2684,904,0
137.200000000,91.200000000,88.200000000,-1.800000000,0.800000000,-0.300000000,0.000000000,0.000000000,-1.800000000,0.800000000,-0.300000000,8.494168164,0.166895405,-0.005684040,10.313618163,9.606738977,2684,904,0
137.300000000,91.300000000,88.300000000,-1.800000000,0.800000000,-0.300000000,0.000000000,0.000000000,-1.800000000,0.800000000,-0.300000000,8.494184267,0.166895372,-0.005682139,10.313634238,9.606754576,2687,905,0
137.300000000,91.300000000,88.300000000,-1.800000000,0.800000000,-0.300000000,0.000000000,0.000000000,-1.800000000,0.800000000,-0.300000000,8.494184267,0.166895372,-0.005682139,10.313634238,9.606754576,2687,905,0
137.400000000,91.400000000,88.400000000,-1.800000000,0.800000000,-0.300000000,0.000000000,0.000000000,-1.800000000,0.800000000,-0.300000000,8.494199464,0.166895134,-0.005680107,10.313649421,9.606769248,2690,906,0
137.400000000,91.400000000,88.400000000,-1.800000000,0.800000000,-0.300000000,0.000000000,0.000000000,-1.800000000,0.800000000,-0.300000000,8.494199464,0.166895134,-0.005680107,10.313649421,9.606769248,2690,906,0
137.500000000,91.500000000,88.500000000,-1.800000000,0.800000000,-0.300000000,0.000000000,0.000000000,-1.800000000,0.800000000,-0.300000000,8.494213492,0.166895108,-0.005678332,10.313663424,9.606782806,2693,907,0
137.500000000,91.500000000,88.500000000,-1.800000000,0.800000000,-0.300000000,0.000000000,0.000000000,-1.800000000,0.800000000,-0.300000000,8.494213492,0.166895108,-0.005678332,10.313663424,9.606782806,2693,907,0
137.600000000,91.600000000,88.600000000,-1.800000000,0.800000000,-0.300000000,0.000000000,0.000000000,-1.800000000,0.800000000,-0.300000000,8.494226603,0.166895099,-0.005676654,10.313676510,9.606795472,2696,908,0
137.600000000,91.600000000,88.600000000,-1.800000000,0.800000000,-0.300000000,0.000000000,0.000000000,-1.800000000,0.800000000,-0.300000000,8.494226603,0.166895099,-0.005676654,10.313676510,9.606795472,2696,908,0
137.700000000,91.700000000,88.700000000,-1.800000000,0.800000000,-0.300000000,0.000000000,0.000000000,-1.800000000,0.800000000,-0.300000000,8.494234935,0.166895046,-0.005675544,10.313684831,9.606803513,2698,909,0
137.700000000,91.700000000,88.700000000,-1.800000000,0.800000000,-0.300000000,0.000000000,0.000000000,-1.800000000,0.800000000,-0.300000000,8.494238948,0.166894910,-0.005674910,10.313688844,9.606807367,2699,909,0
137.800000000,91.800000000,88.800000000,-1.800000000,0.800000000,-0.300000000,0.000000000,0.000000000,-1.800000000,0.800000000,-0.300000000,8.494246898,0.166894812,-0.005673794,10.313696785,9.606815028,2701,910,0
137.800000000,91.800000000,88.800000000,-1.800000000,0.800000000,-0.300000000,0.000000000,0.000000000,-1.800000000,0.800000000,-0.300000000,8.494246898,0.166894812,-0.005673794,10.313696785,9.606815028,2701,910,0
137.900000000,91.900000000,88.900000000,-1.800000000,0.800000000,-0.300000000,0.000000000,0.000000000,-1.800000000,0.800000000,-0.300000000,8.494258051,0.166894887,-0.005672373,10.313707913,9.606825799,2704,911,0
137.900000000,91.900000000,88.900000000,-1.800000000,0.800000000,-0.300000000,0.000000000,0.000000000,-1.800000000,0.800000000,-0.300000000,8.494258051,0.166894887,-0.005672373,10.313707913,9.606825799,2704,911,0
138.000000000,92.000000000,89.000000000,-1.800000000,0.800000000,-0.300000000,0.000000000,0.000000000,-1.800000000,0.800000000,-0.300000000,8.494268520,0.166894871,-0.005670935,10.313718363,9.606835889,2707,912,0
138.000000000,92.000000000,89.000000000,-1.800000000,0.800000000,-0.300000000,0.000000000,0.000000000,-1.800000000,0.800000000,-0.300000000,8.494268520,0.166894871,-0.005670935,10.313718363,9.606835889,2707,912,0
138.100000000,92.100000000,89.100000000,-1.800000000,0.800000000,-0.300000000,0.000000000,0.000000000,-1.800000000,0.800000000,-0.300000000,8.494278170,0.166894662,-0.005669397,10.313728007,9.606845146,2710,913,0
138.100000000,92.100000000,89.100000000,-1.800000000,0.800000000,-0.300000000,0.000000000,0.000000000,-1.800000000,0.800000000,-0.300000000,8.494278170,0.166894662,-0.005669397,10.313728007,9.606845146,2710,913,0
138.200000000,92.200000000,89.200000000,-1.800000000,0.800000000,-0.300000000,0.000000000,0.000000000,-1.800000000,0.800000000,-0.300000000,8.494287443,0.166894697,-0.005668133,10.313737261,9.606854083,2713,914,0
138.200000000,92.200000000,89.200000000,-1.800000000,0.800000000,-0.300000000,0.000000000,0.000000000,-1.800000000,0.800000000,-0.300000000,8.494287443,0.166894697,-0.005668133,10.313737261,9.606854083,2713,914,0
138.300000000,92.300000000,89.300000000,-1.800000000,0.800000000,-0.300000000,0.000000000,0.000000000,-1.800000000,0.800000000,-0.300000000,8.494296245,0.166894634,-0.005666826,10.313746050,9.606862543,2716,915,0
138.300000000,92.300000000,89.300000000,-1.800000000,0.800000000,-0.300000000,0.000000000,0.000000000,-1.800000000,0.800000000,-0.300000000,8.494296245,0.166894634,-0.005666826,10.313746050,9.606862543,2716,915,0
138.400000000,92.400000000,89.400000000,-1.800000000,0.800000000,-0.300000000,0.000000000,0.000000000,-1.800000000,0.800000000,-0.300000000,8.494304467,0.166894464,-0.005665453,10.313754266,9.606870415,2719,916,0
138.400000000,92.400000000,89.400000000,-1.800000000,0.800000000,-0.300000000,0.000000000,0.000000000,-1.800000000,0.800000000,-0.300000000,8.494304467,0.166894464,-0.005665453,10.313754266,9.606870415,2719,916,0
138.500000000,92.500000000,89.500000000,-1.800000000,0.800000000,-0.300000000,0.000000000,0.000000000,-1.800000000,0.800000000,-0.300000000,8.494311878,0.166894608,-0.005664420,10.313761656,9.606877545,2722,917,0
138.500000000,92.500000000,89.500000000,-1.800000000,0.800000000,-0.300000000,0.000000000,0.000000000,-1.800000000,0.800000000,-0.300000000,8.494311878,0.166894608,-0.005664420,10.313761656,9.606877545,2722,917,0
138.600000000,92.600000000,89.600000000,-1.800000000,0.800000000,-0.300000000,0.000000000,0.000000000,-1.800000000,0.800000000,-0.300000000,8.494318831,0.166894541,-0.005663262,10.313768599,9.606884197,2725,918,0
138.600000000,92.600000000,89.600000000,-1.800000000,0.800000000,-0.300000000,0.000000000,0.000000000,-1.800000000,0.800000000,-0.300000000,8.494318831,0.166894541,-0.005663262,10.313768599,9.606884197,2725,918,0
138.700000000,92.700000000,89.700000000,-1.800000000,0.800000000,-0.300000000,0.000000000,0.000000000,-1.800000000,0.800000000,-0.300000000,8.494325598,0.166894437,-0.005662089,10.313775360,9.606890663,2728,919,0
138.700000000,92.700000000,89.700000000,-1.800000000,0.800000000,-0.300000000,0.000000000,0.000000000,-1.800000000,0.800000000,-0.300000000,8.494325598,0.166894437,-0.005662089,10.313775360,9.606890663,2728,919,0
138.800000000,92.800000000,89.800000000,-1.800000000,0.800000000,-0.300000000,0.000000000,0.000000000,-1.800000000,0.800000000,-0.300000000,8.494331842,0.166894563,-0.005661164,10.313781584,9.606896656,2731,920,0
138.800000000,92.800000000,89.800000000,-1.800000000,0.800000000,-0.300000000,0.000000000,0.000000000,-1.800000000,0.800000000,-0.300000000,8.494331842,0.166894563,-0.005661164,10.313781584,9.606896656,2731,920,0
138.900000000,92.900000000,89.900000000,-1.800000000,0.800000000,-0.300000000,0.000000000,0.000000000,-1.800000000,0.800000000,-0.300000000,8.494337582,0.166894395,-0.005660014,10.313787324,9.606902106,2734,921,0
138.900000000,92.900000000,89.900000000,-1.800000000,0.800000000,-0.300000000,0.000000000,0.000000000,-1.800000000,0.800000000,-0.300000000,8.494337582,0.166894395,-0.005660014,10.313787324,9.606902106,2734,921,0
139.000000000,93.000000000,90.000000000,-1.800000000,0.800000000,-0.300000000,0.000000000,0.000000000,-1.800000000,0.800000000,-0.300000000,8.494343162,0.166894362,-0.005658996,10.313792895,9.606907421,2737,922,0
139.000000000,93.000000000,90.000000000,-1.800000000,0.800000000,-0.300000000,0.000000000,0.000000000,-1.800000000,0.800000000,-0.300000000,8.494343162,0.166894362,-0.005658996,10.313792895,9.606907421,2737,922,0
139.100000000,93.100000000,90.100000000,-1.800000000,0.800000000,-0.300000000,0.000000000,0.000000000,-1.800000000,0.800000000,-0.300000000,8.494348047,0.166894500,-0.005658172,10.313797763,9.606912082,2740,923,0
139.100000000,93.100000000,90.100000000,-1.800000000,0.800000000,-0.300000000,0.000000000,0.000000000,-1.800000000,0.800000000,-0.300000000,8.494348047,0.166894500,-0.005658172,10.313797763,9.606912082,2740,923,0
139.200000000,93.200000000,90.200000000,-1.800000000,0.800000000,-0.300000000,0.000000000,0.000000000,-1.800000000,0.800000000,-0.300000000,8.494352650,0.166894323,-0.005657109,10.313802368,9.606916420,2743,924,0
139.200000000,93.200000000,90.200000000,-1.800000000,0.800000000,-0.300000000,0.000000000,0.000000000,-1.800000000,0.800000000,-0.300000000,8.494352650,0.166894323,-0.005657109,10.313802368,9.606916420,2743,924,0
139.300000000,93.300000000,90.300000000,-1.800000000,0.800000000,-0.300000000,0.000000000,0.000000000,-1.800000000,0.800000000,-0.300000000,8.494357130,0.166894197,-0.005656110,10.313806847,9.606920647,2746,925,0
139.300000000,93.300000000,90.300000000,-1.800000000,0.800000000,-0.300000000,0.000000000,0.000000000,-1.800000000,0.800000000,-0.300000000,8.494357130,0.166894197,-0.005656110,10.313806847,9.606920647,2746,925,0
139.400000000,93.400000000,90.400000000,-1.800000000,0.800000000,-0.300000000,0.000000000,0.000000000,-1.800000000,0.800000000,-0.300000000,8.494360028,0.166894315,-0.005655624,10.313809733,9.606923411,2748,926,0
139.400000000,93.400000000,90.400000000,-1.800000000,0.800000000,-0.300000000,0.000000000,0.000000000,-1.800000000,0.800000000,-0.300000000,8.494361481,0.166894337,-0.005655356,10.313811181,9.606924793,2749,926,0
139.500000000,93.500000000,90.500000000,-1.800000000,0.800000000,-0.300000000,0.000000000,0.000000000,-1.800000000,0.800000000,-0.300000000,8.494364086,0.166894181,-0.005654651,10.313813791,9.606927224,2751,927,0
139.500000000,93.500000000,90.500000000,-1.800000000,0.800000000,-0.300000000,0.000000000,0.000000000,-1.800000000,0.800000000,-0.300000000,8.494364086,0.166894181,-0.005654651,10.313813791,9.606927224,2751,927,0
139.600000000,93.600000000,90.600000000,-1.800000000,0.800000000,-0.300000000,0.000000000,0.000000000,-1.800000000,0.800000000,-0.300000000,8.494367631,0.166894229,-0.005653854,10.313817327,9.606930560,2754,928,0
139.600000000,93.600000000,90.600000000,-1.800000000,0.800000000,-0.300000000,0.000000000,0.000000000,-1.800000000,0.800000000,-0.300000000,8.494367631,0.166894229,-0.005653854,10.313817327,9.606930560,2754,928,0
139.700000000,93.700000000,90.700000000,-1.800000000,0.800000000,-0.300000000,0.000000000,0.000000000,-1.800000000,0.800000000,-0.300000000,8.494371186,0.166894252,-0.005653067,10.313820874,9.606933909,2757,929,0
139.700000000,93.700000000,90.700000000,-1.800000000,0.800000000,-0.300000000,0.000000000,0.000000000,-1.800000000,0.800000000,-0.300000000,8.494371186,0.166894252,-0.005653067,10.313820874,9.606933909,2757,929,0
139.800000000,93.800000000,90.800000000,-1.800000000,0.800000000,-0.300000000,0.000000000,0.000000000,-1.800000000,0.800000000,-0.300000000,8.494374514,0.166894129,-0.005652169,10.313824203,9.606937012,2760,930,0
139.800000000,93.800000000,90.800000000,-1.800000000,0.800000000,-0.300000000,0.000000000,0.000000000,-1.800000000,0.800000000,-0.300000000,8.494374514,0.166894129,-0.005652169,10.313824203,9.606937012,2760,930,0
139.900000000,93.900000000,90.900000000,-1.800000000,0.800000000,-0.300000000,0.000000000,0.000000000,-1.800000000,0.800000000,-0.300000000,8.494377633,0.166894193,-0.005651448,10.313827312,9.606939940,2763,931,0
139.900000000,93.900000000,90.900000000,-1.800000000,0.800000000,-0.300000000,0.000000000,0.000000000,-1.800000000,0.800000000,-0.300000000,8.494377633,0.166894193,-0.005651448,10.313827312,9.606939940,2763,931,0
140.000000000,94.000000000,91.000000000,-1.800000000,0.800000000,-0.300000000,0.000000000,0.000000000,-1.800000000,0.800000000,-0.300000000,8.494380443,0.166894175,-0.005650689,10.313830118,9.606942555,2766,932,0
140.000000000,94.000000000,91.000000000,-1.800000000,0.800000000,-0.300000000,0.000000000,0.000000000,-1.800000000,0.800000000,-0.300000000,8.494380443,0.166894175,-0.005650689,10.313830118,9.606942555,2766,932,0
140.100000000,94.100000000,91.100000000,-1.800000000,0.800000000,-0.300000000,0.000000000,0.000000000,-1.800000000,0.800000000,-0.300000000,8.494383013,0.166894230,-0.005650009,10.313832679,9.606944945,2769,933,0
140.100000000,94.100000000,91.100000000,-1.800000000,0.800000000,-0.300000000,0.000000000,0.000000000,-1.800000000,0.800000000,-0.300000000,8.494383013,0.166894230,-0.005650009,10.313832679,9.606944945,2769,933,0
140.200000000,94.200000000,91.200000000,-1.800000000,0.800000000,-0.300000000,0.000000000,0.000000000,-1.800000000,0.800000000,-0.300000000,8.494385656,0.166894074,-0.005649162,10.313835327,9.606947379,2772,934,0
140.200000000,94.200000000,91.200000000,-1.800000000,0.800000000,-0.300000000,0.000000000,0.000000000,-1.800000000,0.800000000,-0.300000000,8.494385656,0.166894074,-0.005649162,10.313835327,9.606947379,2772,934,0
140.300000000,94.300000000,91.300000000,-1.800000000,0.800000000,-0.300000000,0.000000000,0.000000000,-1.800000000,0.800000000,-0.300000000,8.494387881,0.166894143,-0.005648512,10.313837544,9.606949433,2775,935,0
140.300000000,94.300000000,91.300000000,-1.800000000,0.800000000,-0.300000000,0.000000000,0.000000000,-1.800000000,0.800000000,-0.300000000,8.494387881,0.166894143,-0.005648512,10.313837544,9.606949433,2775,935,0
140.400000000,94.400000000,91.400000000,-1.800000000,0.800000000,-0.300000000,0.000000000,0.000000000,-1.800000000,0.800000000,-0.300000000,8.494389990,0.166894088,-0.005647789,10.313839652,9.606951358,2778,936,0
140.400000000,94.400000000,91.400000000,-1.800000000,0.800000000,-0.300000000,0.000000000,0.000000000,-1.800000000,0.800000000,-0.300000000,8.494389990,0.166894088,-0.005647789,10.313839652,9.606951358,2778,936,0
140.500000000,94.500000000,91.500000000,-1.800000000,0.800000000,-0.300000000,0.000000000,0.000000000,-1.800000000,0.800000000,-0.300000000,8.494392083,0.166894092,-0.005647129,10.313841741,9.606953282,2781,937,0
140.500000000,94.500000000,91.500000000,-1.800000000,0.800000000,-0.300000000,0.000000000,0.000000000,-1.800000000,0.800000000,-0.300000000,8.494392083,0.166894092,-0.005647129,10.313841741,9.606953282,2781,937,0
140.600000000,94.600000000,91.600000000,-1.800000000,0.800000000,-0.300000000,0.000000000,0.000000000,-1.800000000,0.800000000,-0.300000000,8.494394134,0.166894093,-0.005646474,10.313843788,9.606955163,2784,938,0
140.600000000,94.600000000,91.600000000,-1.800000000,0.800000000,-0.300000000,0.000000000,0.000000000,-1.800000000,0.800000000,-0.300000000,8.494394134,0.166894093,-0.005646474,10.313843788,9.606955163,2784,938,0
140.700000000,94.700000000,91.700000000,-1.800000000,0.800000000,-0.300000000,0.000000000,0.000000000,-1.800000000,0.800000000,-0.300000000,8.494395815,0.166894047,-0.005645792,10.313845468,9.606956672,2787,939,0
140.700000000,94.700000000,91.700000000,-1.800000000,0.800000000,-0.300000000,0.000000000,0.000000000,-1.800000000,0.800000000,-0.300000000,8.494395815,0.166894047,-0.005645792,10.313845468,9.606956672,2787,939,0
140.800000000,94.800000000,91.800000000,-1.800000000,0.800000000,-0.300000000,0.000000000,0.000000000,-1.800000000,0.800000000,-0.300000000,8.494397448,0.166894075,-0.005645179,10.313847097,9.606958147,2790,940,0
140.800000000,94.800000000,91.800000000,-1.800000000,0.800000000,-0.300000000,0.000000000,0.000000000,-1.800000000,0.800000000,-0.300000000,8.494397448,0.166894075,-0.005645179,10.313847097,9.606958147,2790,940,0
140.900000000,94.900000000,91.900000000,-1.800000000,0.800000000,-0.300000000,0.000000000,0.000000000,-1.800000000,0.800000000,-0.300000000,8.494398964,0.166894053,-0.005644527,10.313848611,9.606959496,2793,941,0
140.900000000,94.900000000,91.900000000,-1.800000000,0.800000000,-0.300000000,0.000000000,0.000000000,-1.800000000,0.800000000,-0.300000000,8.494398964,0.166894053,-0.005644527,10.313848611,9.606959496,2793,941,0
141.000000000,95.000000000,92.000000000,-1.800000000,0.800000000,-0.300000000,0.000000000,0.000000000,-1.800000000,0.800000000,-0.300000000,8.494400563,0.166893996,-0.005643867,10.313850211,9.606960930,2796,942,0
141.000000000,95.000000000,92.000000000,-1.800000000,0.800000000,-0.300000000,0.000000000,0.000000000,-1.800000000,0.800000000,-0.300000000,8.494400563,0.166893996,-0.005643867,10.313850211,9.606960930,2796,942,0
141.100000000,95.100000000,92.100000000,-1.800000000,0.800000000,-0.300000000,0.000000000,0.000000000,-1.800000000,0.800000000,-0.300000000,8.494401864,0.166894054,-0.005643301,10.313851506,9.606962083,2799,943,0
141.100000000,95.100000000,92.100000000,-1.800000000,0.800000000,-0.300000000,0.000000000,0.000000000,-1.800000000,0.800000000,-0.300000000,8.494401864,0.166894054,-0.005643301,10.313851506,9.606962083,2799,943,0
141.200000000,95.200000000,92.200000000,-1.800000000,0.800000000,-0.300000000,0.000000000,0.000000000,-1.800000000,0.800000000,-0.300000000,8.494402663,0.166893979,-0.005642837,10.313852307,9.606962767,2801,944,0
141.200000000,95.200000000,92.200000000,-1.800000000,0.800000000,-0.300000000,0.000000000,0.000000000,-1.800000000,0.800000000,-0.300000000,8.494402663,0.166893979,-0.005642837,10.313852307,9.606962767,2801,944,0
141.300000000,95.300000000,92.300000000,-1.800000000,0.800000000,-0.300000000,0.000000000,0.000000000,-1.800000000,0.800000000,-0.300000000,8.494403797,0.166893987,-0.005642252,10.313853439,9.606963751,2804,945,0
141.300000000,95.300000000,92.300000000,-1.800000000,0.800000000,-0.300000000,0.000000000,0.000000000,-1.800000000,0.800000000,-0.300000000,8.494403797,0.166893987,-0.005642252,10.313853439,9.606963751,2804,945,0
141.400000000,95.400000000,92.400000000,-1.800000000,0.800000000,-0.300000000,0.000000000,0.000000000,-1.800000000,0.800000000,-0.300000000,8.494404973,0.166894114,-0.005641788,10.313854605,9.606964801,2807,946,0
141.400000000,95.400000000,92.400000000,-1.800000000,0.800000000,-0.300000000,0.000000000,0.000000000,-1.800000000,0.800000000,-0.300000000,8.494404973,0.166894114,-0.005641788,10.313854605,9.606964801,2807,946,0
141.500000000,95.500000000,92.500000000,-1.800000000,0.800000000,-0.300000000,0.000000000,0.000000000,-1.800000000,0.800000000,-0.300000000,8.494406077,0.166894033,-0.005641161,10.313855712,9.606965749,2810,947,0
141.500000000,95.500000000,92.500000000,-1.800000000,0.800000000,-0.300000000,0.000000000,0.000000000,-1.800000000,0.800000000,-0.300000000,8.494406077,0.166894033,-0.005641161,10.313855712,9.606965749,2810,947,0
141.600000000,95.600000000,92.600000000,-1.800000000,0.800000000,-0.300000000,0.000000000,0.000000000,-1.800000000,0.800000000,-0.300000000,8.494407243,0.166893787,-0.005640373,10.313856891,9.606966729,2813,948,0
141.600000000,95.600000000,92.600000000,-1.800000000,0.800000000,-0.300000000,0.000000000,0.000000000,-1.800000000,0.800000000,-0.300000000,8.494407243,0.166893787,-0.005640373,10.313856891,9.606966729,2813,948,0
141.700000000,95.700000000,92.700000000,-1.800000000,0.800000000,-0.300000000,0.000000000,0.000000000,-1.800000000,0.800000000,-0.300000000,8.494408091,0.166894098,-0.005640069,10.313857718,9.606967481,2816,949,0
141.700000000,95.700000000,92.700000000,-1.800000000,0.800000000,-0.300000000,0.000000000,0.000000000,-1.800000000,0.800000000,-0.300000000,8.494408091,0.166894098,-0.005640069,10.313857718,9.606967481,2816,949,0
141.800000000,95.800000000,92.800000000,-1.800000000,0.800000000,-0.300000000,0.000000000,0.000000000,-1.800000000,0.800000000,-0.300000000,8.494408920,0.166894138,-0.005639562,10.313858543,9.606968178,2819,950,0
141.800000000,95.800000000,92.800000000,-1.800000000,0.800000000,-0.300000000,0.000000000,0.000000000,-1.800000000,0.800000000,-0.300000000,8.494408920,0.166894138,-0.005639562,10.313858543,9.606968178,2819,950,0
141.900000000,95.900000000,92.900000000,-1.800000000,0.800000000,-0.300000000,0.000000000,0.000000000,-1.800000000,0.800000000,-0.300000000,8.494409649,0.166893847,-0.005638760,10.313859289,9.606968721,2822,951,0
141.900000000,95.900000000,92.900000000,-1.800000000,0.800000000,-0.300000000,0.000000000,0.000000000,-1.800000000,0.800000000,-0.300000000,8.494409649,0.166893847,-0.005638760,10.313859289,9.606968721,2822,951,0
142.000000000,96.000000000,93.000000000,-1.800000000,0.800000000,-0.300000000,0.000000000,0.000000000,-1.800000000,0.800000000,-0.300000000,8.494410309,0.166894036,-0.005638361,10.313859936,9.606969268,2825,952,0
142.000000000,96.000000000,93.000000000,-1.800000000,0.800000000,-0.300000000,0.000000000,0.000000000,-1.800000000,0.800000000,-0.300000000,8.494410309,0.166894036,-0.005638361,10.313859936,9.606969268,2825,952,0
142.100000000,96.100000000,93.100000000,-1.800000000,0.800000000,-0.300000000,0.000000000,0.000000000,-1.800000000,0.800000000,-0.300000000,8.494411019,0.166894090,-0.005637873,10.313860641,9.606969851,2828,953,0
142.100000000,96.100000000,93.100000000,-1.800000000,0.800000000,-0.300000000,0.000000000,0.000000000,-1.800000000,0.800000000,-0.300000000,8.494411019,0.166894090,-0.005637873,10.313860641,9.606969851,2828,953,0
142.200000000,96.200000000,93.200000000,-1.800000000,0.800000000,-0.300000000,0.000000000,0.000000000,-1.800000000,0.800000000,-0.300000000,8.494411888,0.166893754,-0.005637038,10.313861529,9.606970527,2831,954,0
142.200000000,96.200000000,93.200000000,-1.800000000,0.800000000,-0.300000000,0.000000000,0.000000000,-1.800000000,0.800000000,-0.300000000,8.494411888,0.166893754,-0.005637038,10.313861529,9.606970527,2831,954,0
142.300000000,96.300000000,93.300000000,-1.800000000,0.800000000,-0.300000000,0.000000000,0.000000000,-1.800000000,0.800000000,-0.300000000,8.494412463,0.166893973,-0.005636679,10.313862090,9.606970998,2834,955,0
142.300000000,96.300000000,93.300000000,-1.800000000,0.800000000,-0.300000000,0.000000000,0.000000000,-1.800000000,0.800000000,-0.300000000,8.494412463,0.166893973,-0.005636679,10.313862090,9.606970998,2834,955,0
142.400000000,96.400000000,93.400000000,-1.800000000,0.800000000,-0.300000000,0.000000000,0.000000000,-1.800000000,0.800000000,-0.300000000,8.494412846,0.166894067,-0.005636245,10.313862466,9.606971265,2837,956,0
142.400000000,96.400000000,93.400000000,-1.800000000,0.800000000,-0.300000000,0.000000000,0.000000000,-1.800000000,0.800000000,-0.300000000,8.494412846,0.166894067,-0.005636245,10.313862466,9.606971265,2837,956,0
142.500000000,96.500000000,93.500000000,-1.800000000,0.800000000,-0.300000000,0.000000000,0.000000000,-1.800000000,0.800000000,-0.300000000,8.494413320,0.166893854,-0.005635543,10.313862952,9.606971573,2840,957,0
142.500000000,96.500000000,93.500000000,-1.800000000,0.800000000,-0.300000000,0.000000000,0.000000000,-1.800000000,0.800000000,-0.300000000,8.494413320,0.166893854,-0.005635543,10.313862952,9.606971573,2840,957,0
142.600000000,96.600000000,93.600000000,-1.800000000,0.800000000,-0.300000000,0.000000000,0.000000000,-1.800000000,0.800000000,-0.300000000,8.494413822,0.166894059,-0.005635202,10.313863440,9.606971976,2843,958,0
142.600000000,96.600000000,93.600000000,-1.800000000,0.800000000,-0.300000000,0.000000000,0.000000000,-1.800000000,0.800000000,-0.300000000,8.494413822,0.166894059,-0.005635202,10.313863440,9.606971976,2843,958,0
142.700000000,96.700000000,93.700000000,-1.800000000,0.800000000,-0.300000000,0.000000000,0.000000000,-1.800000000,0.800000000,-0.300000000,8.494414319,0.166893975,-0.005634629,10.313863942,9.606972333,2846,959,0
142.700000000,96.700000000,93.700000000,-1.800000000,0.800000000,-0.300000000,0.000000000,0.000000000,-1.800000000,0.800000000,-0.300000000,8.494414319,0.166893975,-0.005634629,10.313863942,9.606972333,2846,959,0
142.800000000,96.800000000,93.800000000,-1.800000000,0.800000000,-0.300000000,0.000000000,0.000000000,-1.800000000,0.800000000,-0.300000000,8.494414864,0.166894118,-0.005634242,10.313864477,9.606972772,2849,960,0
142.800000000,96.800000000,93.800000000,-1.800000000,0.800000000,-0.300000000,0.000000000,0.000000000,-1.800000000,0.800000000,-0.300000000,8.494414864,0.166894118,-0.005634242,10.313864477,9.606972772,2849,960,0
142.900000000,96.900000000,93.900000000,-1.800000000,0.800000000,-0.300000000,0.000000000,0.000000000,-1.800000000,0.800000000,-0.300000000,8.494415107,0.166894070,-0.005633863,10.313864722,9.606972921,2851,961,0
142.900000000,96.900000000,93.900000000,-1.800000000,0.800000000,-0.300000000,0.000000000,0.000000000,-1.800000000,0.800000000,-0.300000000,8.494415107,0.166894070,-0.005633863,10.313864722,9.606972921,2851,961,0
143.000000000,97.000000000,94.000000000,-1.800000000,0.800000000,-0.300000000,0.000000000,0.000000000,-1.800000000,0.800000000,-0.300000000,8.494415324,0.166893747,-0.005633067,10.313864959,9.606972956,2854,962,0
143.000000000,97.000000000,94.000000000,-1.800000000,0.800000000,-0.300000000,0.000000000,0.000000000,-1.800000000,0.800000000,-0.300000000,8.494415324,0.166893747,-0.005633067,10.313864959,9.606972956,2854,962,0
143.100000000,97.100000000,94.100000000,-1.800000000,0.800000000,-0.300000000,0.000000000,0.000000000,-1.800000000,0.800000000,-0.300000000,8.494415538,0.166894056,-0.005632815,10.313865154,9.606973088,2857,963,0
143.100000000,97.100000000,94.100000000,-1.800000000,0.800000000,-0.300000000,0.000000000,0.000000000,-1.800000000,0.800000000,-0.300000000,8.494415538,0.166894056,-0.005632815,10.313865154,9.606973088,2857,963,0
143.200000000,97.200000000,94.200000000,-1.800000000,0.800000000,-0.300000000,0.000000000,0.000000000,-1.800000000,0.800000000,-0.300000000,8.494415963,0.166893904,-0.005632202,10.313865587,9.606973366,2860,964,0
143.200000000,97.200000000,94.200000000,-1.800000000,0.800000000,-0.300000000,0.000000000,0.000000000,-1.800000000,0.800000000,-0.300000000,8.494415963,0.166893904,-0.005632202,10.313865587,9.606973366,2860,964,0
143.300000000,97.300000000,94.300000000,-1.800000000,0.800000000,-0.300000000,0.000000000,0.000000000,-1.800000000,0.800000000,-0.300000000,8.494416443,0.166893860,-0.005631659,10.313866069,9.606973711,2863,965,0
143.300000000,97.300000000,94.300000000,-1.800000000,0.800000000,-0.300000000,0.000000000,0.000000000,-1.800000000,0.800000000,-0.300000000,8.494416443,0.166893860,-0.005631659,10.313866069,9.606973711,2863,965,0
143.400000000,97.400000000,94.400000000,-1.800000000,0.800000000,-0.300000000,0.000000000,0.000000000,-1.800000000,0.800000000,-0.300000000,8.494416486,0.166894080,-0.005631345,10.313866098,9.606973661,2866,966,0
143.400000000,97.400000000,94.400000000,-1.800000000,0.800000000,-0.300000000,0.000000000,0.000000000,-1.800000000,0.800000000,-0.300000000,8.494416486,0.166894080,-0.005631345,10.313866098,9.606973661,2866,966,0
143.500000000,97.500000000,94.500000000,-1.800000000,0.800000000,-0.300000000,0.000000000,0.000000000,-1.800000000,0.800000000,-0.300000000,8.494416638,0.166893823,-0.005630641,10.313866266,9.606973651,2869,967,0
143.500000000,97.500000000,94.500000000,-1.800000000,0.800000000,-0.300000000,0.000000000,0.000000000,-1.800000000,0.800000000,-0.300000000,8.494416638,0.166893823,-0.005630641,10.313866266,9.606973651,2869,967,0
143.600000000,97.600000000,94.600000000,-1.800000000,0.800000000,-0.300000000,0.000000000,0.000000000,-1.800000000,0.800000000,-0.300000000,8.494416947,0.166894008,-0.005630314,10.313866563,9.606973866,2872,968,0
143.600000000,97.600000000,94.600000000,-1.800000000,0.800000000,-0.300000000,0.000000000,0.000000000,-1.800000000,0.800000000,-0.300000000,8.494416947,0.166894008,-0.005630314,10.313866563,9.606973866,2872,968,0
143.700000000,97.700000000,94.700000000,-1.800000000,0.800000000,-0.300000000,0.000000000,0.000000000,-1.800000000,0.800000000,-0.300000000,8.494417203,0.166893924,-0.005629762,10.313866823,9.606973987,2875,969,0
143.700000000,97.700000000,94.700000000,-1.800000000,0.800000000,-0.300000000,0.000000000,0.000000000,-1.800000000,0.800000000,-0.300000000,8.494417203,0.166893924,-0.005629762,10.313866823,9.606973987,2875,969,0
143.800000000,97.800000000,94.800000000,-1.800000000,0.800000000,-0.300000000,0.000000000,0.000000000,-1.800000000,0.800000000,-0.300000000,8.494417483,0.166893865,-0.005629218,10.313867107,9.606974133,2878,970,0
143.800000000,97.800000000,94.800000000,-1.800000000,0.800000000,-0.300000000,0.000000000,0.000000000,-1.800000000,0.800000000,-0.300000000,8.494417483,0.166893865,-0.005629218,10.313867107,9.606974133,2878,970,0
143.900000000,97.900000000,94.900000000,-1.800000000,0.800000000,-0.300000000,0.000000000,0.000000000,-1.800000000,0.800000000,-0.300000000,8.494417504,0.166894117,-0.005628959,10.313867112,9.606974074,2881,971,0
143.900000000,97.900000000,94.900000000,-1.800000000,0.800000000,-0.300000000,0.000000000,0.000000000,-1.800000000,0.800000000,-0.300000000,8.494417504,0.166894117,-0.005628959,10.313867112,9.606974074,2881,971,0
144.000000000,98.000000000,95.000000000,-1.800000000,0.800000000,-0.300000000,0.000000000,0.000000000,-1.800000000,0.800000000,-0.300000000,8.494417644,0.166893822,-0.005628231,10.313867270,9.606974047,2884,972,0
144.000000000,98.000000000,95.000000000,-1.800000000,0.800000000,-0.300000000,0.000000000,0.000000000,-1.800000000,0.800000000,-0.300000000,8.494417644,0.166893822,-0.005628231,10.313867270,9.606974047,2884,972,0
144.100000000,98.100000000,95.100000000,-1.800000000,0.800000000,-0.300000000,0.000000000,0.000000000,-1.800000000,0.800000000,-0.300000000,8.494417706,0.166893783,-0.005627704,10.313867334,9.606973979,2887,973,0
144.100000000,98.100000000,95.100000000,-1.800000000,0.800000000,-0.300000000,0.000000000,0.000000000,-1.800000000,0.800000000,-0.300000000,8.494417706,0.166893783,-0.005627704,10.313867334,9.606973979,2887,973,0
144.200000000,98.200000000,95.200000000,-1.800000000,0.800000000,-0.300000000,0.000000000,0.000000000,-1.800000000,0.800000000,-0.300000000,8.494417866,0.166894025,-0.005627440,10.313867479,9.606974057,2890,974,0
144.200000000,98.200000000,95.200000000,-1.800000000,0.800000000,-0.300000000,0.000000000,0.000000000,-1.800000000,0.800000000,-0.300000000,8.494417866,0.166894025,-0.005627440,10.313867479,9.606974057,2890,974,0
144.300000000,98.300000000,95.300000000,-1.800000000,0.800000000,-0.300000000,0.000000000,0.000000000,-1.800000000,0.800000000,-0.300000000,8.494418072,0.166893786,-0.005626765,10.313867700,9.606974107,2893,975,0
144.300000000,98.300000000,95.300000000,-1.800000000,0.800000000,-0.300000000,0.000000000,0.000000000,-1.800000000,0.800000000,-0.300000000,8.494418072,0.166893786,-0.005626765,10.313867700,9.606974107,2893,975,0
144.400000000,98.400000000,95.400000000,-1.800000000,0.800000000,-0.300000000,0.000000000,0.000000000,-1.800000000,0.800000000,-0.300000000,8.494418090,0.166893891,-0.005626378,10.313867711,9.606974022,2896,976,0
144.400000000,98.400000000,95.400000000,-1.800000000,0.800000000,-0.300000000,0.000000000,0.000000000,-1.800000000,0.800000000,-0.300000000,8.494418090,0.166893891,-0.005626378,10.313867711,9.606974022,2896,976,0
144.500000000,98.500000000,95.500000000,-1.800000000,0.800000000,-0.300000000,0.000000000,0.000000000,-1.800000000,0.800000000,-0.300000000,8.494418044,0.166893970,-0.005626137,10.313867660,9.606973910,2898,977,0
144.500000000,98.500000000,95.500000000,-1.800000000,0.800000000,-0.300000000,0.000000000,0.000000000,-1.800000000,0.800000000,-0.300000000,8.494418119,0.166893948,-0.005625965,10.313867736,9.606973942,2899,977,0
144.600000000,98.600000000,95.600000000,-1.800000000,0.800000000,-0.300000000,0.000000000,0.000000000,-1.800000000,0.800000000,-0.300000000,8.494418072,0.166893821,-0.005625550,10.313867697,9.606973798,2901,978,0
144.600000000,98.600000000,95.600000000,-1.800000000,0.800000000,-0.300000000,0.000000000,0.000000000,-1.800000000,0.800000000,-0.300000000,8.494418072,0.166893821,-0.005625550,10.313867697,9.606973798,2901,978,0
144.700000000,98.700000000,95.700000000,-1.800000000,0.800000000,-0.300000000,0.000000000,0.000000000,-1.800000000,0.800000000,-0.300000000,8.494418260,0.166893972,-0.005625228,10.313867875,9.606973895,2904,979,0
144.700000000,98.700000000,95.700000000,-1.800000000,0.800000000,-0.300000000,0.000000000,0.000000000,-1.800000000,0.800000000,-0.300000000,8.494418260,0.166893972,-0.005625228,10.313867875,9.606973895,2904,979,0
144.800000000,98.800000000,95.800000000,-1.800000000,0.800000000,-0.300000000,0.000000000,0.000000000,-1.800000000,0.800000000,-0.300000000,8.494418343,0.166893862,-0.005624685,10.313867965,9.606973848,2907,980,0
144.800000000,98.800000000,95.800000000,-1.800000000,0.800000000,-0.300000000,0.000000000,0.000000000,-1.800000000,0.800000000,-0.300000000,8.494418343,0.166893862,-0.005624685,10.313867965,9.606973848,2907,980,0
144.900000000,98.900000000,95.900000000,-1.800000000,0.800000000,-0.300000000,0.000000000,0.000000000,-1.800000000,0.800000000,-0.300000000,8.494418306,0.166893911,-0.005624268,10.313867925,9.606973703,2910,981,0
144.900000000,98.900000000,95.900000000,-1.800000000,0.800000000,-0.300000000,0.000000000,0.000000000,-1.800000000,0.800000000,-0.300000000,8.494418306,0.166893911,-0.005624268,10.313867925,9.606973703,2910,981,0
145.000000000,99.000000000,96.000000000,-1.800000000,0.800000000,-0.300000000,0.000000000,0.000000000,-1.800000000,0.800000000,-0.300000000,8.494418320,0.166893960,-0.005623862,10.313867937,9.606973612,2913,982,0
145.000000000,99.000000000,96.000000000,-1.800000000,0.800000000,-0.300000000,0.000000000,0.000000000,-1.800000000,0.800000000,-0.300000000,8.494418320,0.166893960,-0.005623862,10.313867937,9.606973612,2913,982,0
145.100000000,99.100000000,96.100000000,-1.800000000,0.800000000,-0.300000000,0.000000000,0.000000000,-1.800000000,0.800000000,-0.300000000,8.494418487,0.166893780,-0.005623252,10.313868114,9.606973635,2916,983,0
145.100000000,99.100000000,96.100000000,-1.800000000,0.800000000,-0.300000000,0.000000000,0.000000000,-1.800000000,0.800000000,-0.300000000,8.494418487,0.166893780,-0.005623252,10.313868114,9.606973635,2916,983,0
145.200000000,99.200000000,96.200000000,-1.800000000,0.800000000,-0.300000000,0.000000000,0.000000000,-1.800000000,0.800000000,-0.300000000,8.494418410,0.166893948,-0.005622935,10.313868027,9.606973468,2919,984,0
145.200000000,99.200000000,96.200000000,-1.800000000,0.800000000,-0.300000000,0.000000000,0.000000000,-1.800000000,0.800000000,-0.300000000,8.494418410,0.166893948,-0.005622935,10.313868027,9.606973468,2919,984,0
145.300000000,99.300000000,96.300000000,-1.800000000,0.800000000,-0.300000000,0.000000000,0.000000000,-1.800000000,0.800000000,-0.300000000,8.494418371,0.166893857,-0.005622405,10.313867993,9.606973301,2922,985,0
145.300000000,99.300000000,96.300000000,-1.800000000,0.800000000,-0.300000000,0.000000000,0.000000000,-1.800000000,0.800000000,-0.300000000,8.494418371,0.166893857,-0.005622405,10.313867993,9.606973301,2922,985,0
145.400000000,99.400000000,96.400000000,-1.800000000,0.800000000,-0.300000000,0.000000000,0.000000000,-1.800000000,0.800000000,-0.300000000,8.494418425,0.166894005,-0.005622083,10.313868038,9.606973265,2925,986,0
145.400000000,99.400000000,96.400000000,-1.800000000,0.800000000,-0.300000000,0.000000000,0.000000000,-1.800000000,0.800000000,-0.300000000,8.494418425,0.166894005,-0.005622083,10.313868038,9.606973265,2925,986,0
145.500000000,99.500000000,96.500000000,-1.800000000,0.800000000,-0.300000000,0.000000000,0.000000000,-1.800000000,0.800000000,-0.300000000,8.494418550,0.166893857,-0.005621515,10.313868172,9.606973256,2928,987,0
145.500000000,99.500000000,96.500000000,-1.800000000,0.800000000,-0.300000000,0.000000000,0.000000000,-1.800000000,0.800000000,-0.300000000,8.494418550,0.166893857,-0.005621515,10.313868172,9.606973256,2928,987,0
145.600000000,99.600000000,96.600000000,-1.800000000,0.800000000,-0.300000000,0.000000000,0.000000000,-1.800000000,0.800000000,-0.300000000,8.494418567,0.166893845,-0.005621042,10.313868189,9.606973153,2931,988,0
145.600000000,99.600000000,96.600000000,-1.800000000,0.800000000,-0.300000000,0.000000000,0.000000000,-1.800000000,0.800000000,-0.300000000,8.494418567,0.166893845,-0.005621042,10.313868189,9.606973153,2931,988,0
145.700000000,99.700000000,96.700000000,-1.800000000,0.800000000,-0.300000000,0.000000000,0.000000000,-1.800000000,0.800000000,-0.300000000,8.494418527,0.166893993,-0.005620724,10.313868141,9.606973025,2934,989,0
145.700000000,99.700000000,96.700000000,-1.800000000,0.800000000,-0.300000000,0.000000000,0.000000000,-1.800000000,0.800000000,-0.300000000,8.494418527,0.166893993,-0.005620724,10.313868141,9.606973025,2934,989,0
145.800000000,99.800000000,96.800000000,-1.800000000,0.800000000,-0.300000000,0.000000000,0.000000000,-1.800000000,0.800000000,-0.300000000,8.494418424,0.166893742,-0.005620064,10.313868053,9.606972770,2937,990,0
145.800000000,99.800000000,96.800000000,-1.800000000,0.800000000,-0.300000000,0.000000000,0.000000000,-1.800000000,0.800000000,-0.300000000,8.494418424,0.166893742,-0.005620064,10.313868053,9.606972770,2937,990,0
145.900000000,99.900000000,96.900000000,-1.800000000,0.800000000,-0.300000000,0.000000000,0.000000000,-1.800000000,0.800000000,-0.300000000,8.494418342,0.166893978,-0.005619810,10.313867957,9.606972611,2940,991,0
145.900000000,99.900000000,96.900000000,-1.800000000,0.800000000,-0.300000000,0.000000000,0.000000000,-1.800000000,0.800000000,-0.300000000,8.494418342,0.166893978,-0.005619810,10.313867957,9.606972611,2940,991,0
146.000000000,100.000000000,97.000000000,-1.800000000,0.800000000,-0.300000000,0.000000000,0.000000000,-1.800000000,0.800000000,-0.300000000,8.494418494,0.166893975,-0.005619362,10.313868109,9.606972650,2943,992,0
146.000000000,100.000000000,97.000000000,-1.800000000,0.800000000,-0.300000000,0.000000000,0.000000000,-1.800000000,0.800000000,-0.300000000,8.494418494,0.166893975,-0.005619362,10.313868109,9.606972650,2943,992,0
146.100000000,100.100000000,97.100000000,-1.800000000,0.800000000,-0.300000000,0.000000000,0.000000000,-1.800000000,0.800000000,-0.300000000,8.494418473,0.166893637,-0.005618612,10.313868109,9.606972459,2946,993,0
146.100000000,100.100000000,97.100000000,-1.800000000,0.800000000,-0.300000000,0.000000000,0.000000000,-1.800000000,0.800000000,-0.300000000,8.494418473,0.166893637,-0.005618612,10.313868109,9.606972459,2946,993,0
146.200000000,100.200000000,97.200000000,-1.800000000,0.800000000,-0.300000000,0.000000000,0.000000000,-1.800000000,0.800000000,-0.300000000,8.494418446,0.166893818,-0.005618456,10.313868070,9.606972382,2948,994,0
146.200000000,100.200000000,97.200000000,-1.800000000,0.800000000,-0.300000000,0.000000000,0.000000000,-1.800000000,0.800000000,-0.300000000,8.494418343,0.166894002,-0.005618467,10.313867957,9.606972272,2949,994,0
146.300000000,100.300000000,97.300000000,-1.800000000,0.800000000,-0.300000000,0.000000000,0.000000000,-1.800000000,0.800000000,-0.300000000,8.494418348,0.166894101,-0.005618272,10.313867955,9.606972221,2951,995,0
146.300000000,100.300000000,97.300000000,-1.800000000,0.800000000,-0.300000000,0.000000000,0.000000000,-1.800000000,0.800000000,-0.300000000,8.494418348,0.166894101,-0.005618272,10.313867955,9.606972221,2951,995,0
146.400000000,100.400000000,97.400000000,-1.800000000,0.800000000,-0.300000000,0.000000000,0.000000000,-1.800000000,0.800000000,-0.300000000,8.494418444,0.166893731,-0.005617520,10.313868074,9.606972149,2954,996,0
146.400000000,100.400000000,97.400000000,-1.800000000,0.800000000,-0.300000000,0.000000000,0.000000000,-1.800000000,0.800000000,-0.300000000,8.494418444,0.166893731,-0.005617520,10.313868074,9.606972149,2954,996,0
146.500000000,100.500000000,97.500000000,-1.800000000,0.800000000,-0.300000000,0.000000000,0.000000000,-1.800000000,0.800000000,-0.300000000,8.494418366,0.166893688,-0.005617016,10.313867999,9.606971947,2957,997,0
146.500000000,100.500000000,97.500000000,-1.800000000,0.800000000,-0.300000000,0.000000000,0.000000000,-1.800000000,0.800000000,-0.300000000,8.494418366,0.166893688,-0.005617016,10.313867999,9.606971947,2957,997,0
146.600000000,100.600000000,97.600000000,-1.800000000,0.800000000,-0.300000000,0.000000000,0.000000000,-1.800000000,0.800000000,-0.300000000,8.494418253,0.166894172,-0.005617006,10.313867856,9.606971803,2960,998,0
146.600000000,100.600000000,97.600000000,-1.800000000,0.800000000,-0.300000000,0.000000000,0.000000000,-1.800000000,0.800000000,-0.300000000,8.494418253,0.166894172,-0.005617006,10.313867856,9.606971803,2960,998,0
146.700000000,100.700000000,97.700000000,-1.800000000,0.800000000,-0.300000000,0.000000000,0.000000000,-1.800000000,0.800000000,-0.300000000,8.494418316,0.166893911,-0.005616368,10.313867935,9.606971720,2963,999,0
146.700000000,100.700000000,97.700000000,-1.800000000,0.800000000,-0.300000000,0.000000000,0.000000000,-1.800000000,0.800000000,-0.300000000,8.494418316,0.166893911,-0.005616368,10.313867935,9.606971720,2963,999,0
146.800000000,100.800000000,97.800000000,-1.800000000,0.800000000,-0.300000000,0.000000000,0.000000000,-1.800000000,0.800000000,-0.300000000,8.494418221,0.166893595,-0.005615637,10.313867859,9.606971459,2966,1000,0
146.800000000,100.800000000,97.800000000,-1.800000000,0.800000000,-0.300000000,0.000000000,0.000000000,-1.800000000,0.800000000,-0.300000000,8.494418221,0.166893595,-0.005615637,10.313867859,9.606971459,2966,1000,0
146.900000000,100.900000000,97.900000000,-1.800000000,0.800000000,-0.300000000,0.000000000,0.000000000,-1.800000000,0.800000000,-0.300000000,8.494418070,0.166894155,-0.005615683,10.313867674,9.606971287,2969,1001,0
146.900000000,100.900000000,97.900000000,-1.800000000,0.800000000,-0.300000000,0.000000000,0.000000000,-1.800000000,0.800000000,-0.300000000,8.494418070,0.166894155,-0.005615683,10.313867674,9.606971287,2969,1001,0
147.000000000,101.000000000,98.000000000,-1.800000000,0.800000000,-0.300000000,0.000000000,0.000000000,-1.800000000,0.800000000,-0.300000000,8.494418184,0.166893921,-0.005615076,10.313867803,9.606971262,2972,1002,0
147.000000000,101.000000000,98.000000000,-1.800000000,0.800000000,-0.300000000,0.000000000,0.000000000,-1.800000000,0.800000000,-0.300000000,8.494418184,0.166893921,-0.005615076,10.313867803,9.606971262,2972,1002,0
147.100000000,101.100000000,98.100000000,-1.800000000,0.800000000,-0.300000000,0.000000000,0.000000000,-1.800000000,0.800000000,-0.300000000,8.494418113,0.166893579,-0.005614329,10.313867753,9.606971022,2975,1003,0
147.100000000,101.100000000,98.100000000,-1.800000000,0.800000000,-0.300000000,0.000000000,0.000000000,-1.800000000,0.800000000,-0.300000000,8.494418113,0.166893579,-0.005614329,10.313867753,9.606971022,2975,1003,0
147.200000000,101.200000000,98.200000000,-1.800000000,0.800000000,-0.300000000,0.000000000,0.000000000,-1.800000000,0.800000000,-0.300000000,8.494418049,0.166893873,-0.005614117,10.313867671,9.606970889,2978,1004,0
147.200000000,101.200000000,98.200000000,-1.800000000,0.800000000,-0.300000000,0.000000000,0.000000000,-1.800000000,0.800000000,-0.300000000,8.494418049,0.166893873,-0.005614117,10.313867671,9.606970889,2978,1004,0
147.300000000,101.300000000,98.300000000,-1.800000000,0.800000000,-0.300000000,0.000000000,0.000000000,-1.800000000,0.800000000,-0.300000000,8.494417834,0.166893971,-0.005613775,10.313867451,9.606970582,2981,1005,0
147.300000000,101.300000000,98.300000000,-1.800000000,0.800000000,-0.300000000,0.000000000,0.000000000,-1.800000000,0.800000000,-0.300000000,8.494417834,0.166893971,-0.005613775,10.313867451,9.606970582,2981,1005,0
147.400000000,101.400000000,98.400000000,-1.800000000,0.800000000,-0.300000000,0.000000000,0.000000000,-1.800000000,0.800000000,-0.300000000,8.494417748,0.166893736,-0.005613142,10.313867379,9.606970350,2984,1006,0
147.400000000,101.400000000,98.400000000,-1.800000000,0.800000000,-0.300000000,0.000000000,0.000000000,-1.800000000,0.800000000,-0.300000000,8.494417748,0.166893736,-0.005613142,10.313867379,9.606970350,2984,1006,0
147.500000000,101.500000000,98.500000000,-1.800000000,0.800000000,-0.300000000,0.000000000,0.000000000,-1.800000000,0.800000000,-0.300000000,8.494417745,0.166893942,-0.005612886,10.313867364,9.606970270,2987,1007,0
147.500000000,101.500000000,98.500000000,-1.800000000,0.800000000,-0.300000000,0.000000000,0.000000000,-1.800000000,0.800000000,-0.300000000,8.494417745,0.166893942,-0.005612886,10.313867364,9.606970270,2987,1007,0
147.600000000,101.600000000,98.600000000,-1.800000000,0.800000000,-0.300000000,0.000000000,0.000000000,-1.800000000,0.800000000,-0.300000000,8.494417771,0.166893963,-0.005612497,10.313867388,9.606970197,2990,1008,0
147.600000000,101.600000000,98.600000000,-1.800000000,0.800000000,-0.300000000,0.000000000,0.000000000,-1.800000000,0.800000000,-0.300000000,8.494417771,0.166893963,-0.005612497,10.313867388,9.606970197,2990,1008,0
147.700000000,101.700000000,98.700000000,-1.800000000,0.800000000,-0.300000000,0.000000000,0.000000000,-1.800000000,0.800000000,-0.300000000,8.494417731,0.166893766,-0.005611903,10.313867361,9.606970019,2993,1009,0
147.700000000,101.700000000,98.700000000,-1.800000000,0.800000000,-0.300000000,0.000000000,0.000000000,-1.800000000,0.800000000,-0.300000000,8.494417731,0.166893766,-0.005611903,10.313867361,9.606970019,2993,1009,0
147.800000000,101.800000000,98.800000000,-1.800000000,0.800000000,-0.300000000,0.000000000,0.000000000,-1.800000000,0.800000000,-0.300000000,8.494417638,0.166893949,-0.005611637,10.313867257,9.606969848,2996,1010,0
147.800000000,101.800000000,98.800000000,-1.800000000,0.800000000,-0.300000000,0.000000000,0.000000000,-1.800000000,0.800000000,-0.300000000,8.494417638,0.166893949,-0.005611637,10.313867257,9.606969848,2996,1010,0
147.900000000,101.900000000,98.900000000,-1.800000000,0.800000000,-0.300000000,0.000000000,0.000000000,-1.800000000,0.800000000,-0.300000000,8.494417572,0.166893954,-0.005611366,10.313867190,9.606969714,2998,1011,0
147.900000000,101.900000000,98.900000000,-1.800000000,0.800000000,-0.300000000,0.000000000,0.000000000,-1.800000000,0.800000000,-0.300000000,8.494417647,0.166893859,-0.005611146,10.313867271,9.606969738,2999,1011,0
148.000000000,102.000000000,99.000000000,-1.800000000,0.800000000,-0.300000000,0.000000000,0.000000000,-1.800000000,0.800000000,-0.300000000,8.494417641,0.166893747,-0.005610759,10.313867272,9.606969641,3001,1012,0
148.000000000,102.000000000,99.000000000,-1.800000000,0.800000000,-0.300000000,0.000000000,0.000000000,-1.800000000,0.800000000,-0.300000000,8.494417641,0.166893747,-0.005610759,10.313867272,9.606969641,3001,1012,0
148.100000000,102.100000000,99.100000000,-1.800000000,0.800000000,-0.300000000,0.000000000,0.000000000,-1.800000000,0.800000000,-0.300000000,8.494417448,0.166893898,-0.005610450,10.313867069,9.606969361,3004,1013,0
148.100000000,102.100000000,99.100000000,-1.800000000,0.800000000,-0.300000000,0.000000000,0.000000000,-1.800000000,0.800000000,-0.300000000,8.494417448,0.166893898,-0.005610450,10.313867069,9.606969361,3004,1013,0
148.200000000,102.200000000,99.200000000,-1.800000000,0.800000000,-0.300000000,0.000000000,0.000000000,-1.800000000,0.800000000,-0.300000000,8.494417283,0.166893949,-0.005610077,10.313866902,9.606969100,3007,1014,0
148.200000000,102.200000000,99.200000000,-1.800000000,0.800000000,-0.300000000,0.000000000,0.000000000,-1.800000000,0.800000000,-0.300000000,8.494417283,0.166893949,-0.005610077,10.313866902,9.606969100,3007,1014,0
148.300000000,102.300000000,99.300000000,-1.800000000,0.800000000,-0.300000000,0.000000000,0.000000000,-1.800000000,0.800000000,-0.300000000,8.494417352,0.166893876,-0.005609595,10.313866976,9.606969052,3010,1015,0
148.300000000,102.300000000,99.300000000,-1.800000000,0.800000000,-0.300000000,0.000000000,0.000000000,-1.800000000,0.800000000,-0.300000000,8.494417352,0.166893876,-0.005609595,10.313866976,9.606969052,3010,1015,0
148.400000000,102.400000000,99.400000000,-1.800000000,0.800000000,-0.300000000,0.000000000,0.000000000,-1.800000000,0.800000000,-0.300000000,8.494417297,0.166893869,-0.005609153,10.313866920,9.606968885,3013,1016,0
148.400000000,102.400000000,99.400000000,-1.800000000,0.800000000,-0.300000000,0.000000000,0.000000000,-1.800000000,0.800000000,-0.300000000,8.494417297,0.166893869,-0.005609153,10.313866920,9.606968885,3013,1016,0
148.500000000,102.500000000,99.500000000,-1.800000000,0.800000000,-0.300000000,0.000000000,0.000000000,-1.800000000,0.800000000,-0.300000000,8.494417280,0.166893933,-0.005608789,10.313866900,9.606968773,3016,1017,0
148.500000000,102.500000000,99.500000000,-1.800000000,0.800000000,-0.300000000,0.000000000,0.000000000,-1.800000000,0.800000000,-0.300000000,8.494417280,0.166893933,-0.005608789,10.313866900,9.606968773,3016,1017,0
148.600000000,102.600000000,99.600000000,-1.800000000,0.800000000,-0.300000000,0.000000000,0.000000000,-1.800000000,0.800000000,-0.300000000,8.494417148,0.166893801,-0.005608248,10.313866776,9.606968512,3019,1018,0
148.600000000,102.600000000,99.600000000,-1.800000000,0.800000000,-0.300000000,0.000000000,0.000000000,-1.800000000,0.800000000,-0.300000000,8.494417148,0.166893801,-0.005608248,10.313866776,9.606968512,3019,1018,0
148.700000000,102.700000000,99.700000000,-1.800000000,0.800000000,-0.300000000,0.000000000,0.000000000,-1.800000000,0.800000000,-0.300000000,8.494417213,0.166893948,-0.005607953,10.313866832,9.606968494,3022,1019,0
148.700000000,102.700000000,99.700000000,-1.800000000,0.800000000,-0.300000000,0.000000000,0.000000000,-1.800000000,0.800000000,-0.300000000,8.494417213,0.166893948,-0.005607953,10.313866832,9.606968494,3022,1019,0
148.800000000,102.800000000,99.800000000,-1.800000000,0.800000000,-0.300000000,0.000000000,0.000000000,-1.800000000,0.800000000,-0.300000000,8.494417142,0.166893899,-0.005607489,10.313866764,9.606968309,3025,1020,0
148.800000000,102.800000000,99.800000000,-1.800000000,0.800000000,-0.300000000,0.000000000,0.000000000,-1.800000000,0.800000000,-0.300000000,8.494417142,0.166893899,-0.005607489,10.313866764,9.606968309,3025,1020,0
148.900000000,102.900000000,99.900000000,-1.800000000,0.800000000,-0.300000000,0.000000000,0.000000000,-1.800000000,0.800000000,-0.300000000,8.494416989,0.166893809,-0.005606987,10.313866617,9.606968035,3028,1021,0
148.900000000,102.900000000,99.900000000,-1.800000000,0.800000000,-0.300000000,0.000000000,0.000000000,-1.800000000,0.800000000,-0.300000000,8.494416989,0.166893809,-0.005606987,10.313866617,9.606968035,3028,1021,0
149.000000000,103.000000000,100.000000000,-1.800000000,0.800000000,-0.300000000,0.000000000,0.000000000,-1.800000000,0.800000000,-0.300000000,8.494416998,0.166893866,-0.005606618,10.313866622,9.606967947,3031,1022,0
149.000000000,103.000000000,100.000000000,-1.800000000,0.800000000,-0.300000000,0.000000000,0.000000000,-1.800000000,0.800000000,-0.300000000,8.494416998,0.166893866,-0.005606618,10.313866622,9.606967947,3031,1022,0
149.100000000,103.100000000,100.100000000,-1.800000000,0.800000000,-0.300000000,0.000000000,0.000000000,-1.800000000,0.800000000,-0.300000000,8.494416888,0.166893947,-0.005606281,10.313866507,9.606967747,3034,1023,0
149.100000000,103.100000000,100.100000000,-1.800000000,0.800000000,-0.300000000,0.000000000,0.000000000,-1.800000000,0.800000000,-0.300000000,8.494416888,0.166893947,-0.005606281,10.313866507,9.606967747,3034,1023,0
149.200000000,103.200000000,100.200000000,-1.800000000,0.800000000,-0.300000000,0.000000000,0.000000000,-1.800000000,0.800000000,-0.300000000,8.494416902,0.166893921,-0.005605844,10.313866524,9.606967654,3037,1024,0
149.200000000,103.200000000,100.200000000,-1.800000000,0.800000000,-0.300000000,0.000000000,0.000000000,-1.800000000,0.800000000,-0.300000000,8.494416902,0.166893921,-0.005605844,10.313866524,9.606967654,3037,1024,0
149.300000000,103.300000000,100.300000000,-1.800000000,0.800000000,-0.300000000,0.000000000,0.000000000,-1.800000000,0.800000000,-0.300000000,8.494416717,0.166893813,-0.005605338,10.313866345,9.606967347,3040,1025,0
149.300000000,103.300000000,100.300000000,-1.800000000,0.800000000,-0.300000000,0.000000000,0.000000000,-1.800000000,0.800000000,-0.300000000,8.494416717,0.166893813,-0.005605338,10.313866345,9.606967347,3040,1025,0
149.400000000,103.400000000,100.400000000,-1.800000000,0.800000000,-0.300000000,0.000000000,0.000000000,-1.800000000,0.800000000,-0.300000000,8.494416582,0.166893882,-0.005604985,10.313866206,9.606967119,3043,1026,0
149.400000000,103.400000000,100.400000000,-1.800000000,0.800000000,-0.300000000,0.000000000,0.000000000,-1.800000000,0.800000000,-0.300000000,8.494416582,0.166893882,-0.005604985,10.313866206,9.606967119,3043,1026,0
149.500000000,103.500000000,100.500000000,-1.800000000,0.800000000,-0.300000000,0.000000000,0.000000000,-1.800000000,0.800000000,-0.300000000,8.494416610,0.166893824,-0.005604528,10.313866238,9.606967035,3046,1027,0
149.500000000,103.500000000,100.500000000,-1.800000000,0.800000000,-0.300000000,0.000000000,0.000000000,-1.800000000,0.800000000,-0.300000000,8.494416610,0.166893824,-0.005604528,10.313866238,9.606967035,3046,1027,0
149.600000000,103.600000000,100.600000000,-1.800000000,0.800000000,-0.300000000,0.000000000,0.000000000,-1.800000000,0.800000000,-0.300000000,8.494416585,0.166893847,-0.005604272,10.313866211,9.606966944,3048,1028,0
149.600000000,103.600000000,100.600000000,-1.800000000,0.800000000,-0.300000000,0.000000000,0.000000000,-1.800000000,0.800000000,-0.300000000,8.494416512,0.166893864,-0.005604151,10.313866137,9.606966840,3049,1028,0
149.700000000,103.700000000,100.700000000,-1.800000000,0.800000000,-0.300000000,0.000000000,0.000000000,-1.800000000,0.800000000,-0.300000000,8.494416491,0.166893957,-0.005603961,10.313866111,9.606966766,3051,1029,0
149.700000000,103.700000000,100.700000000,-1.800000000,0.800000000,-0.300000000,0.000000000,0.000000000,-1.800000000,0.800000000,-0.300000000,8.494416491,0.166893957,-0.005603961,10.313866111,9.606966766,3051,1029,0
149.800000000,103.800000000,100.800000000,-1.800000000,0.800000000,-0.300000000,0.000000000,0.000000000,-1.800000000,0.800000000,-0.300000000,8.494416494,0.166893790,-0.005603418,10.313866124,9.606966642,3054,1030,0
149.800000000,103.800000000,100.800000000,-1.800000000,0.800000000,-0.300000000,0.000000000,0.000000000,-1.800000000,0.800000000,-0.300000000,8.494416494,0.166893790,-0.005603418,10.313866124,9.606966642,3054,1030,0
149.900000000,103.900000000,100.900000000,-1.800000000,0.800000000,-0.300000000,0.000000000,0.000000000,-1.800000000,0.800000000,-0.300000000,8.494416297,0.166893889,-0.005603098,10.313865921,9.606966358,3057,1031,0
149.900000000,103.900000000,100.900000000,-1.800000000,0.800000000,-0.300000000,0.000000000,0.000000000,-1.800000000,0.800000000,-0.300000000,8.494416297,0.166893889,-0.005603098,10.313865921,9.606966358,3057,1031,0
150.000000000,104.000000000,101.000000000,-1.800000000,0.800000000,-0.300000000,0.000000000,0.000000000,-1.800000000,0.800000000,-0.300000000,8.494416176,0.166893839,-0.005602661,10.313865804,9.606966130,3060,1032,0
150.000000000,104.000000000,101.000000000,-1.800000000,0.800000000,-0.300000000,0.000000000,0.000000000,-1.800000000,0.800000000,-0.300000000,8.494416176,0.166893839,-0.005602661,10.313865804,9.606966130,3060,1032,0
150.100000000,104.100000000,101.100000000,-1.800000000,0.800000000,-0.300000000,0.000000000,0.000000000,-1.800000000,0.800000000,-0.300000000,8.494416228,0.166893727,-0.005602158,10.313865862,9.606966062,3063,1033,0
150.100000000,104.100000000,101.100000000,-1.800000000,0.800000000,-0.300000000,0.000000000,0.000000000,-1.800000000,0.800000000,-0.300000000,8.494416228,0.166893727,-0.005602158,10.313865862,9.606966062,3063,1033,0
150.200000000,104.200000000,101.200000000,-1.800000000,0.800000000,-0.300000000,0.000000000,0.000000000,-1.800000000,0.800000000,-0.300000000,8.494416107,0.166893918,-0.005601912,10.313865730,9.606965868,3066,1034,0
150.200000000,104.200000000,101.200000000,-1.800000000,0.800000000,-0.300000000,0.000000000,0.000000000,-1.800000000,0.800000000,-0.300000000,8.494416107,0.166893918,-0.005601912,10.313865730,9.606965868,3066,1034,0
150.300000000,104.300000000,101.300000000,-1.800000000,0.800000000,-0.300000000,0.000000000,0.000000000,-1.800000000,0.800000000,-0.300000000,8.494416058,0.166893779,-0.005601389,10.313865689,9.606965695,3069,1035,0
150.300000000,104.300000000,101.300000000,-1.800000000,0.800000000,-0.300000000,0.000000000,0.000000000,-1.800000000,0.800000000,-0.300000000,8.494416058,0.166893779,-0.005601389,10.313865689,9.606965695,3069,1035,0
150.400000000,104.400000000,101.400000000,-1.800000000,0.800000000,-0.300000000,0.000000000,0.000000000,-1.800000000,0.800000000,-0.300000000,8.494415910,0.166893813,-0.005601004,10.313865540,9.606965448,3072,1036,0
150.400000000,104.400000000,101.400000000,-1.800000000,0.800000000,-0.300000000,0.000000000,0.000000000,-1.800000000,0.800000000,-0.300000000,8.494415910,0.166893813,-0.005601004,10.313865540,9.606965448,3072,1036,0
150.500000000,104.500000000,101.500000000,-1.800000000,0.800000000,-0.300000000,0.000000000,0.000000000,-1.800000000,0.800000000,-0.300000000,8.494415833,0.166894078,-0.005600847,10.313865446,9.606965316,3075,1037,0
150.500000000,104.500000000,101.500000000,-1.800000000,0.800000000,-0.300000000,0.000000000,0.000000000,-1.800000000,0.800000000,-0.300000000,8.494415833,0.166894078,-0.005600847,10.313865446,9.606965316,3075,1037,0
150.600000000,104.600000000,101.600000000,-1.800000000,0.800000000,-0.300000000,0.000000000,0.000000000,-1.800000000,0.800000000,-0.300000000,8.494415843,0.166893774,-0.005600191,10.313865475,9.606965179,3078,1038,0
150.600000000,104.600000000,101.600000000,-1.800000000,0.800000000,-0.300000000,0.000000000,0.000000000,-1.800000000,0.800000000,-0.300000000,8.494415843,0.166893774,-0.005600191,10.313865475,9.606965179,3078,1038,0
150.700000000,104.700000000,101.700000000,-1.800000000,0.800000000,-0.300000000,0.000000000,0.000000000,-1.800000000,0.800000000,-0.300000000,8.494415703,0.166893791,-0.005599776,10.313865335,9.606964933,3081,1039,0
150.700000000,104.700000000,101.700000000,-1.800000000,0.800000000,-0.300000000,0.000000000,0.000000000,-1.800000000,0.800000000,-0.300000000,8.494415703,0.166893791,-0.005599776,10.313865335,9.606964933,3081,1039,0
150.800000000,104.800000000,101.800000000,-1.800000000,0.800000000,-0.300000000,0.000000000,0.000000000,-1.800000000,0.800000000,-0.300000000,8.494415673,0.166894095,-0.005599643,10.313865286,9.606964852,3084,1040,0
150.800000000,104.800000000,101.800000000,-1.800000000,0.800000000,-0.300000000,0.000000000,0.000000000,-1.800000000,0.800000000,-0.300000000,8.494415673,0.166894095,-0.005599643,10.313865286,9.606964852,3084,1040,0
150.900000000,104.900000000,101.900000000,-1.800000000,0.800000000,-0.300000000,0.000000000,0.000000000,-1.800000000,0.800000000,-0.300000000,8.494415603,0.166893737,-0.005598926,10.313865238,9.606964622,3087,1041,0
150.900000000,104.900000000,101.900000000,-1.800000000,0.800000000,-0.300000000,0.000000000,0.000000000,-1.800000000,0.800000000,-0.300000000,8.494415603,0.166893737,-0.005598926,10.313865238,9.606964622,3087,1041,0
151.000000000,105.000000000,102.000000000,-1.800000000,0.800000000,-0.300000000,0.000000000,0.000000000,-1.800000000,0.800000000,-0.300000000,8.494415420,0.166893988,-0.005598724,10.313865040,9.606964374,3090,1042,0
151.000000000,105.000000000,102.000000000,-1.800000000,0.800000000,-0.300000000,0.000000000,0.000000000,-1.800000000,0.800000000,-0.300000000,8.494415420,0.166893988,-0.005598724,10.313865040,9.606964374,3090,1042,0
151.100000000,105.100000000,102.100000000,-1.800000000,0.800000000,-0.300000000,0.000000000,0.000000000,-1.800000000,0.800000000,-0.300000000,8.494415386,0.166894037,-0.005598395,10.313865003,9.606964254,3093,1043,0
151.100000000,105.100000000,102.100000000,-1.800000000,0.800000000,-0.300000000,0.000000000,0.000000000,-1.800000000,0.800000000,-0.300000000,8.494415386,0.166894037,-0.005598395,10.313865003,9.606964254,3093,1043,0
151.200000000,105.200000000,102.200000000,-1.800000000,0.800000000,-0.300000000,0.000000000,0.000000000,-1.800000000,0.800000000,-0.300000000,8.494415529,0.166893804,-0.005597796,10.313865160,9.606964259,3096,1044,0
151.200000000,105.200000000,102.200000000,-1.800000000,0.800000000,-0.300000000,0.000000000,0.000000000,-1.800000000,0.800000000,-0.300000000,8.494415529,0.166893804,-0.005597796,10.313865160,9.606964259,3096,1044,0
151.300000000,105.300000000,102.300000000,-1.800000000,0.800000000,-0.300000000,0.000000000,0.000000000,-1.800000000,0.800000000,-0.300000000,8.494415475,0.166893965,-0.005597667,10.313865097,9.606964164,3098,1045,0
151.300000000,105.300000000,102.300000000,-1.800000000,0.800000000,-0.300000000,0.000000000,0.000000000,-1.800000000,0.800000000,-0.300000000,8.494415349,0.166894035,-0.005597596,10.313864966,9.606964016,3099,1045,0
151.400000000,105.400000000,102.400000000,-1.800000000,0.800000000,-0.300000000,0.000000000,0.000000000,-1.800000000,0.800000000,-0.300000000,8.494415225,0.166893924,-0.005597246,10.313864849,9.606963810,3101,1046,0
151.400000000,105.400000000,102.400000000,-1.800000000,0.800000000,-0.300000000,0.000000000,0.000000000,-1.800000000,0.800000000,-0.300000000,8.494415225,0.166893924,-0.005597246,10.313864849,9.606963810,3101,1046,0
151.500000000,105.500000000,102.500000000,-1.800000000,0.800000000,-0.300000000,0.000000000,0.000000000,-1.800000000,0.800000000,-0.300000000,8.494415036,0.166893683,-0.005596634,10.313864675,9.606963481,3104,1047,0
151.500000000,105.500000000,102.500000000,-1.800000000,0.800000000,-0.300000000,0.000000000,0.000000000,-1.800000000,0.800000000,-0.300000000,8.494415036,0.166893683,-0.005596634,10.313864675,9.606963481,3104,1047,0
151.600000000,105.600000000,102.600000000,-1.800000000,0.800000000,-0.300000000,0.000000000,0.000000000,-1.800000000,0.800000000,-0.300000000,8.494414864,0.166894077,-0.005596573,10.313864479,9.606963271,3107,1048,0
151.600000000,105.600000000,102.600000000,-1.800000000,0.800000000,-0.300000000,0.000000000,0.000000000,-1.800000000,0.800000000,-0.300000000,8.494414864,0.166894077,-0.005596573,10.313864479,9.606963271,3107,1048,0
151.700000000,105.700000000,102.700000000,-1.800000000,0.800000000,-0.300000000,0.000000000,0.000000000,-1.800000000,0.800000000,-0.300000000,8.494415079,0.166893890,-0.005596039,10.313864705,9.606963361,3110,1049,0
151.700000000,105.700000000,102.700000000,-1.800000000,0.800000000,-0.300000000,0.000000000,0.000000000,-1.800000000,0.800000000,-0.300000000,8.494415079,0.166893890,-0.005596039,10.313864705,9.606963361,3110,1049,0
151.800000000,105.800000000,102.800000000,-1.800000000,0.800000000,-0.300000000,0.000000000,0.000000000,-1.800000000,0.800000000,-0.300000000,8.494415012,0.166893758,-0.005595515,10.313864647,9.606963170,3113,1050,0
151.800000000,105.800000000,102.800000000,-1.800000000,0.800000000,-0.300000000,0.000000000,0.000000000,-1.800000000,0.800000000,-0.300000000,8.494415012,0.166893758,-0.005595515,10.313864647,9.606963170,3113,1050,0
151.900000000,105.900000000,102.900000000,-1.800000000,0.800000000,-0.300000000,0.000000000,0.000000000,-1.800000000,0.800000000,-0.300000000,8.494414893,0.166893962,-0.005595296,10.313864516,9.606962984,3116,1051,0
151.900000000,105.900000000,102.900000000,-1.800000000,0.800000000,-0.300000000,0.000000000,0.000000000,-1.800000000,0.800000000,-0.300000000,8.494414893,0.166893962,-0.005595296,10.313864516,9.606962984,3116,1051,0
152.000000000,106.000000000,103.000000000,-1.800000000,0.800000000,-0.300000000,0.000000000,0.000000000,-1.800000000,0.800000000,-0.300000000,8.494414850,0.166893849,-0.005594822,10.313864479,9.606962828,3119,1052,0
152.000000000,106.000000000,103.000000000,-1.800000000,0.800000000,-0.300000000,0.000000000,0.000000000,-1.800000000,0.800000000,-0.300000000,8.494414850,0.166893849,-0.005594822,10.313864479,9.606962828,3119,1052,0
152.100000000,106.100000000,103.100000000,-1.800000000,0.800000000,-0.300000000,0.000000000,0.000000000,-1.800000000,0.800000000,-0.300000000,8.494414818,0.166893817,-0.005594402,10.313864450,9.606962693,3122,1053,0
152.100000000,106.100000000,103.100000000,-1.800000000,0.800000000,-0.300000000,0.000000000,0.000000000,-1.800000000,0.800000000,-0.300000000,8.494414818,0.166893817,-0.005594402,10.313864450,9.606962693,3122,1053,0
152.200000000,106.200000000,103.200000000,-1.800000000,0.800000000,-0.300000000,0.000000000,0.000000000,-1.800000000,0.800000000,-0.300000000,8.494414664,0.166893988,-0.005594171,10.313864285,9.606962470,3125,1054,0
152.200000000,106.200000000,103.200000000,-1.800000000,0.800000000,-0.300000000,0.000000000,0.000000000,-1.800000000,0.800000000,-0.300000000,8.494414664,0.166893988,-0.005594171,10.313864285,9.606962470,3125,1054,0
152.300000000,106.300000000,103.300000000,-1.800000000,0.800000000,-0.300000000,0.000000000,0.000000000,-1.800000000,0.800000000,-0.300000000,8.494414676,0.166893857,-0.005593683,10.313864305,9.606962366,3128,1055,0
152.300000000,106.300000000,103.300000000,-1.800000000,0.800000000,-0.300000000,0.000000000,0.000000000,-1.800000000,0.800000000,-0.300000000,8.494414676,0.166893857,-0.005593683,10.313864305,9.606962366,3128,1055,0
152.400000000,106.400000000,103.400000000,-1.800000000,0.800000000,-0.300000000,0.000000000,0.000000000,-1.800000000,0.800000000,-0.300000000,8.494414519,0.166893745,-0.005593188,10.313864156,9.606962092,3131,1056,0
152.400000000,106.400000000,103.400000000,-1.800000000,0.800000000,-0.300000000,0.000000000,0.000000000,-1.800000000,0.800000000,-0.300000000,8.494414519,0.166893745,-0.005593188,10.313864156,9.606962092,3131,1056,0
152.500000000,106.500000000,103.500000000,-1.800000000,0.800000000,-0.300000000,0.000000000,0.000000000,-1.800000000,0.800000000,-0.300000000,8.494414501,0.166894002,-0.005593029,10.313864122,9.606962019,3134,1057,0
152.500000000,106.500000000,103.500000000,-1.800000000,0.800000000,-0.300000000,0.000000000,0.000000000,-1.800000000,0.800000000,-0.300000000,8.494414501,0.166894002,-0.005593029,10.313864122,9.606962019,3134,1057,0
152.600000000,106.600000000,103.600000000,-1.800000000,0.800000000,-0.300000000,0.000000000,0.000000000,-1.800000000,0.800000000,-0.300000000,8.494414416,0.166893790,-0.005592475,10.313864050,9.606961806,3137,1058,0
152.600000000,106.600000000,103.600000000,-1.800000000,0.800000000,-0.300000000,0.000000000,0.000000000,-1.800000000,0.800000000,-0.300000000,8.494414416,0.166893790,-0.005592475,10.313864050,9.606961806,3137,1058,0
152.700000000,106.700000000,103.700000000,-1.800000000,0.800000000,-0.300000000,0.000000000,0.000000000,-1.800000000,0.800000000,-0.300000000,8.494414247,0.166893838,-0.005592129,10.313863878,9.606961548,3140,1059,0
152.700000000,106.700000000,103.700000000,-1.800000000,0.800000000,-0.300000000,0.000000000,0.000000000,-1.800000000,0.800000000,-0.300000000,8.494414247,0.166893838,-0.005592129,10.313863878,9.606961548,3140,1059,0
152.800000000,106.800000000,103.800000000,-1.800000000,0.800000000,-0.300000000,0.000000000,0.000000000,-1.800000000,0.800000000,-0.300000000,8.494414169,0.166893951,-0.005591846,10.313863794,9.606961392,3143,1060,0
152.800000000,106.800000000,103.800000000,-1.800000000,0.800000000,-0.300000000,0.000000000,0.000000000,-1.800000000,0.800000000,-0.300000000,8.494414169,0.166893951,-0.005591846,10.313863794,9.606961392,3143,1060,0
152.900000000,106.900000000,103.900000000,-1.800000000,0.800000000,-0.300000000,0.000000000,0.000000000,-1.800000000,0.800000000,-0.300000000,8.494414131,0.166893878,-0.005591413,10.313863760,9.606961249,3146,1061,0
152.900000000,106.900000000,103.900000000,-1.800000000,0.800000000,-0.300000000,0.000000000,0.000000000,-1.800000000,0.800000000,-0.300000000,8.494414131,0.166893878,-0.005591413,10.313863760,9.606961249,3146,1061,0
153.000000000,107.000000000,104.000000000,-1.800000000,0.800000000,-0.300000000,0.000000000,0.000000000,-1.800000000,0.800000000,-0.300000000,8.494414125,0.166893806,-0.005591097,10.313863759,9.606961168,3148,1062,0
153.000000000,107.000000000,104.000000000,-1.800000000,0.800000000,-0.300000000,0.000000000,0.000000000,-1.800000000,0.800000000,-0.300000000,8.494414045,0.166893801,-0.005590966,10.313863679,9.606961054,3149,1062,0
153.100000000,107.100000000,104.100000000,-1.800000000,0.800000000,-0.300000000,0.000000000,0.000000000,-1.800000000,0.800000000,-0.300000000,8.494414054,0.166893836,-0.005590741,10.313863686,9.606961005,3151,1063,0
153.100000000,107.100000000,104.100000000,-1.800000000,0.800000000,-0.300000000,0.000000000,0.000000000,-1.800000000,0.800000000,-0.300000000,8.494414054,0.166893836,-0.005590741,10.313863686,9.606961005,3151,1063,0
153.200000000,107.200000000,104.200000000,-1.800000000,0.800000000,-0.300000000,0.000000000,0.000000000,-1.800000000,0.800000000,-0.300000000,8.494414096,0.166893932,-0.005590443,10.313863722,9.606960966,3154,1064,0
153.200000000,107.200000000,104.200000000,-1.800000000,0.800000000,-0.300000000,0.000000000,0.000000000,-1.800000000,0.800000000,-0.300000000,8.494414096,0.166893932,-0.005590443,10.313863722,9.606960966,3154,1064,0
153.300000000,107.300000000,104.300000000,-1.800000000,0.800000000,-0.300000000,0.000000000,0.000000000,-1.800000000,0.800000000,-0.300000000,8.494413947,0.166893872,-0.005590007,10.313863577,9.606960711,3157,1065,0
153.300000000,107.300000000,104.300000000,-1.800000000,0.800000000,-0.300000000,0.000000000,0.000000000,-1.800000000,0.800000000,-0.300000000,8.494413947,0.166893872,-0.005590007,10.313863577,9.606960711,3157,1065,0
153.400000000,107.400000000,104.400000000,-1.800000000,0.800000000,-0.300000000,0.000000000,0.000000000,-1.800000000,0.800000000,-0.300000000,8.494413849,0.166893826,-0.005589580,10.313863482,9.606960509,3160,1066,0
153.400000000,107.400000000,104.400000000,-1.800000000,0.800000000,-0.300000000,0.000000000,0.000000000,-1.800000000,0.800000000,-0.300000000,8.494413849,0.166893826,-0.005589580,10.313863482,9.606960509,3160,1066,0
153.500000000,107.500000000,104.500000000,-1.800000000,0.800000000,-0.300000000,0.000000000,0.000000000,-1.800000000,0.800000000,-0.300000000,8.494413740,0.166893871,-0.005589236,10.313863371,9.606960310,3163,1067,0
153.500000000,107.500000000,104.500000000,-1.800000000,0.800000000,-0.300000000,0.000000000,0.000000000,-1.800000000,0.800000000,-0.300000000,8.494413740,0.166893871,-0.005589236,10.313863371,9.606960310,3163,1067,0
153.600000000,107.600000000,104.600000000,-1.800000000,0.800000000,-0.300000000,0.000000000,0.000000000,-1.800000000,0.800000000,-0.300000000,8.494413723,0.166893814,-0.005588806,10.313863356,9.606960187,3166,1068,0
153.600000000,107.600000000,104.600000000,-1.800000000,0.800000000,-0.300000000,0.000000000,0.000000000,-1.800000000,0.800000000,-0.300000000,8.494413723,0.166893814,-0.005588806,10.313863356,9.606960187,3166,1068,0
153.700000000,107.700000000,104.700000000,-1.800000000,0.800000000,-0.300000000,0.000000000,0.000000000,-1.800000000,0.800000000,-0.300000000,8.494413641,0.166893835,-0.005588436,10.313863273,9.606960011,3169,1069,0
153.700000000,107.700000000,104.700000000,-1.800000000,0.800000000,-0.300000000,0.000000000,0.000000000,-1.800000000,0.800000000,-0.300000000,8.494413641,0.166893835,-0.005588436,10.313863273,9.606960011,3169,1069,0
153.800000000,107.800000000,104.800000000,-1.800000000,0.800000000,-0.300000000,0.000000000,0.000000000,-1.800000000,0.800000000,-0.300000000,8.494413663,0.166893967,-0.005588175,10.313863287,9.606959960,3172,1070,0
153.800000000,107.800000000,104.800000000,-1.800000000,0.800000000,-0.300000000,0.000000000,0.000000000,-1.800000000,0.800000000,-0.300000000,8.494413663,0.166893967,-0.005588175,10.313863287,9.606959960,3172,1070,0
153.900000000,107.900000000,104.900000000,-1.800000000,0.800000000,-0.300000000,0.000000000,0.000000000,-1.800000000,0.800000000,-0.300000000,8.494413512,0.166893760,-0.005587623,10.313863150,9.606959682,3175,1071,0
153.900000000,107.900000000,104.900000000,-1.800000000,0.800000000,-0.300000000,0.000000000,0.000000000,-1.800000000,0.800000000,-0.300000000,8.494413512,0.166893760,-0.005587623,10.313863150,9.606959682,3175,1071,0
154.000000000,108.000000000,105.000000000,-1.800000000,0.800000000,-0.300000000,0.000000000,0.000000000,-1.800000000,0.800000000,-0.300000000,8.494413316,0.166893815,-0.005587276,10.313862950,9.606959395,3178,1072,0
154.000000000,108.000000000,105.000000000,-1.800000000,0.800000000,-0.300000000,0.000000000,0.000000000,-1.800000000,0.800000000,-0.300000000,8.494413316,0.166893815,-0.005587276,10.313862950,9.606959395,3178,1072,0
154.100000000,108.100000000,105.100000000,-1.800000000,0.800000000,-0.300000000,0.000000000,0.000000000,-1.800000000,0.800000000,-0.300000000,8.494413290,0.166893970,-0.005587052,10.313862915,9.606959304,3181,1073,0
154.100000000,108.100000000,105.100000000,-1.800000000,0.800000000,-0.300000000,0.000000000,0.000000000,-1.800000000,0.800000000,-0.300000000,8.494413290,0.166893970,-0.005587052,10.313862915,9.606959304,3181,1073,0
154.200000000,108.200000000,105.200000000,-1.800000000,0.800000000,-0.300000000,0.000000000,0.000000000,-1.800000000,0.800000000,-0.300000000,8.494413409,0.166893608,-0.005586365,10.313863056,9.606959271,3184,1074,0
154.200000000,108.200000000,105.200000000,-1.800000000,0.800000000,-0.300000000,0.000000000,0.000000000,-1.800000000,0.800000000,-0.300000000,8.494413409,0.166893608,-0.005586365,10.313863056,9.606959271,3184,1074,0
154.300000000,108.300000000,105.300000000,-1.800000000,0.800000000,-0.300000000,0.000000000,0.000000000,-1.800000000,0.800000000,-0.300000000,8.494413317,0.166893666,-0.005586018,10.313862961,9.606959088,3187,1075,0
154.300000000,108.300000000,105.300000000,-1.800000000,0.800000000,-0.300000000,0.000000000,0.000000000,-1.800000000,0.800000000,-0.300000000,8.494413317,0.166893666,-0.005586018,10.313862961,9.606959088,3187,1075,0
154.400000000,108.400000000,105.400000000,-1.800000000,0.800000000,-0.300000000,0.000000000,0.000000000,-1.800000000,0.800000000,-0.300000000,8.494413244,0.166894168,-0.005586078,10.313862857,9.606959001,3190,1076,0
154.400000000,108.400000000,105.400000000,-1.800000000,0.800000000,-0.300000000,0.000000000,0.000000000,-1.800000000,0.800000000,-0.300000000,8.494413244,0.166894168,-0.005586078,10.313862857,9.606959001,3190,1076,0
154.500000000,108.500000000,105.500000000,-1.800000000,0.800000000,-0.300000000,0.000000000,0.000000000,-1.800000000,0.800000000,-0.300000000,8.494412975,0.166893905,-0.005585496,10.313862605,9.606958601,3193,1077,0
154.500000000,108.500000000,105.500000000,-1.800000000,0.800000000,-0.300000000,0.000000000,0.000000000,-1.800000000,0.800000000,-0.300000000,8.494412975,0.166893905,-0.005585496,10.313862605,9.606958601,3193,1077,0
154.600000000,108.600000000,105.600000000,-1.800000000,0.800000000,-0.300000000,0.000000000,0.000000000,-1.800000000,0.800000000,-0.300000000,8.494413000,0.166893611,-0.005584854,10.313862648,9.606958481,3196,1078,0
154.600000000,108.600000000,105.600000000,-1.800000000,0.800000000,-0.300000000,0.000000000,0.000000000,-1.800000000,0.800000000,-0.300000000,8.494413000,0.166893611,-0.005584854,10.313862648,9.606958481,3196,1078,0
154.700000000,108.700000000,105.700000000,-1.800000000,0.800000000,-0.300000000,0.000000000,0.000000000,-1.800000000,0.800000000,-0.300000000,8.494412962,0.166893958,-0.005584897,10.313862589,9.606958434,3198,1079,0
154.700000000,108.700000000,105.700000000,-1.800000000,0.800000000,-0.300000000,0.000000000,0.000000000,-1.800000000,0.800000000,-0.300000000,8.494412949,0.166894093,-0.005584894,10.313862568,9.606958413,3199,1079,0
154.800000000,108.800000000,105.800000000,-1.800000000,0.800000000,-0.300000000,0.000000000,0.000000000,-1.800000000,0.800000000,-0.300000000,8.494412889,0.166894042,-0.005584617,10.313862510,9.606958285,3201,1080,0
154.800000000,108.800000000,105.800000000,-1.800000000,0.800000000,-0.300000000,0.000000000,0.000000000,-1.800000000,0.800000000,-0.300000000,8.494412889,0.166894042,-0.005584617,10.313862510,9.606958285,3201,1080,0
154.900000000,108.900000000,105.900000000,-1.800000000,0.800000000,-0.300000000,0.000000000,0.000000000,-1.800000000,0.800000000,-0.300000000,8.494412686,0.166893728,-0.005583977,10.313862327,9.606957940,3204,1081,0
154.900000000,108.900000000,105.900000000,-1.800000000,0.800000000,-0.300000000,0.000000000,0.000000000,-1.800000000,0.800000000,-0.300000000,8.494412686,0.166893728,-0.005583977,10.313862327,9.606957940,3204,1081,0
155.000000000,109.000000000,106.000000000,-1.800000000,0.800000000,-0.300000000,0.000000000,0.000000000,-1.800000000,0.800000000,-0.300000000,8.494412722,0.166893775,-0.005583645,10.313862360,9.606957889,3207,1082,0
155.000000000,109.000000000,106.000000000,-1.800000000,0.800000000,-0.300000000,0.000000000,0.000000000,-1.800000000,0.800000000,-0.300000000,8.494412722,0.166893775,-0.005583645,10.313862360,9.606957889,3207,1082,0
155.100000000,109.100000000,106.100000000,-1.800000000,0.800000000,-0.300000000,0.000000000,0.000000000,-1.800000000,0.800000000,-0.300000000,8.494412686,0.166893766,-0.005583275,10.313862325,9.606957760,3210,1083,0
155.100000000,109.100000000,106.100000000,-1.800000000,0.800000000,-0.300000000,0.000000000,0.000000000,-1.800000000,0.800000000,-0.300000000,8.494412686,0.166893766,-0.005583275,10.313862325,9.606957760,3210,1083,0
155.200000000,109.200000000,106.200000000,-1.800000000,0.800000000,-0.300000000,0.000000000,0.000000000,-1.800000000,0.800000000,-0.300000000,8.494412684,0.166893997,-0.005583110,10.313862308,9.606957703,3213,1084,0
155.200000000,109.200000000,106.200000000,-1.800000000,0.800000000,-0.300000000,0.000000000,0.000000000,-1.800000000,0.800000000,-0.300000000,8.494412684,0.166893997,-0.005583110,10.313862308,9.606957703,3213,1084,0
155.300000000,109.300000000,106.300000000,-1.800000000,0.800000000,-0.300000000,0.000000000,0.000000000,-1.800000000,0.800000000,-0.300000000,8.494412500,0.166893902,-0.005582678,10.313862131,9.606957416,3216,1085,0
155.300000000,109.300000000,106.300000000,-1.800000000,0.800000000,-0.300000000,0.000000000,0.000000000,-1.800000000,0.800000000,-0.300000000,8.494412500,0.166893902,-0.005582678,10.313862131,9.606957416,3216,1085,0
155.400000000,109.400000000,106.400000000,-1.800000000,0.800000000,-0.300000000,0.000000000,0.000000000,-1.800000000,0.800000000,-0.300000000,8.494412345,0.166893739,-0.005582177,10.313861986,9.606957145,3219,1086,0
155.400000000,109.400000000,106.400000000,-1.800000000,0.800000000,-0.300000000,0.000000000,0.000000000,-1.800000000,0.800000000,-0.300000000,8.494412345,0.166893739,-0.005582177,10.313861986,9.606957145,3219,1086,0
155.500000000,109.500000000,106.500000000,-1.800000000,0.800000000,-0.300000000,0.000000000,0.000000000,-1.800000000,0.800000000,-0.300000000,8.494412418,0.166893909,-0.005581961,10.313862048,9.606957152,3222,1087,0
155.500000000,109.500000000,106.500000000,-1.800000000,0.800000000,-0.300000000,0.000000000,0.000000000,-1.800000000,0.800000000,-0.300000000,8.494412418,0.166893909,-0.005581961,10.313862048,9.606957152,3222,1087,0
155.600000000,109.600000000,106.600000000,-1.800000000,0.800000000,-0.300000000,0.000000000,0.000000000,-1.800000000,0.800000000,-0.300000000,8.494412322,0.166893933,-0.005581622,10.313861951,9.606956970,3225,1088,0
155.600000000,109.600000000,106.600000000,-1.800000000,0.800000000,-0.300000000,0.000000000,0.000000000,-1.800000000,0.800000000,-0.300000000,8.494412322,0.166893933,-0.005581622,10.313861951,9.606956970,3225,1088,0
155.700000000,109.700000000,106.700000000,-1.800000000,0.800000000,-0.300000000,0.000000000,0.000000000,-1.800000000,0.800000000,-0.300000000,8.494412272,0.166893854,-0.005581189,10.313861906,9.606956815,3228,1089,0
155.700000000,109.700000000,106.700000000,-1.800000000,0.800000000,-0.300000000,0.000000000,0.000000000,-1.800000000,0.800000000,-0.300000000,8.494412272,0.166893854,-0.005581189,10.313861906,9.606956815,3228,1089,0
155.800000000,109.800000000,106.800000000,-1.800000000,0.800000000,-0.300000000,0.000000000,0.000000000,-1.800000000,0.800000000,-0.300000000,8.494412145,0.166893800,-0.005580774,10.313861783,9.606956588,3231,1090,0
155.800000000,109.800000000,106.800000000,-1.800000000,0.800000000,-0.300000000,0.000000000,0.000000000,-1.800000000,0.800000000,-0.300000000,8.494412145,0.166893800,-0.005580774,10.313861783,9.606956588,3231,1090,0
155.900000000,109.900000000,106.900000000,-1.800000000,0.800000000,-0.300000000,0.000000000,0.000000000,-1.800000000,0.800000000,-0.300000000,8.494412039,0.166893865,-0.005580468,10.313861673,9.606956401,3234,1091,0
155.900000000,109.900000000,106.900000000,-1.800000000,0.800000000,-0.300000000,0.000000000,0.000000000,-1.800000000,0.800000000,-0.300000000,8.494412039,0.166893865,-0.005580468,10.313861673,9.606956401,3234,1091,0
156.000000000,110.000000000,107.000000000,-1.800000000,0.800000000,-0.300000000,0.000000000,0.000000000,-1.800000000,0.800000000,-0.300000000,8.494412091,0.166893865,-0.005580103,10.313861725,9.606956360,3237,1092,0
156.000000000,110.000000000,107.000000000,-1.800000000,0.800000000,-0.300000000,0.000000000,0.000000000,-1.800000000,0.800000000,-0.300000000,8.494412091,0.166893865,-0.005580103,10.313861725,9.606956360,3237,1092,0
156.100000000,110.100000000,107.100000000,-1.800000000,0.800000000,-0.300000000,0.000000000,0.000000000,-1.800000000,0.800000000,-0.300000000,8.494411947,0.166893824,-0.005579692,10.313861583,9.606956115,3240,1093,0
156.100000000,110.100000000,107.100000000,-1.800000000,0.800000000,-0.300000000,0.000000000,0.000000000,-1.800000000,0.800000000,-0.300000000,8.494411947,0.166893824,-0.005579692,10.313861583,9.606956115,3240,1093,0
156.200000000,110.200000000,107.200000000,-1.800000000,0.800000000,-0.300000000,0.000000000,0.000000000,-1.800000000,0.800000000,-0.300000000,8.494411923,0.166893784,-0.005579283,10.313861562,9.606955990,3243,1094,0
156.200000000,110.200000000,107.200000000,-1.800000000,0.800000000,-0.300000000,0.000000000,0.000000000,-1.800000000,0.800000000,-0.300000000,8.494411923,0.166893784,-0.005579283,10.313861562,9.606955990,3243,1094,0
156.300000000,110.300000000,107.300000000,-1.800000000,0.800000000,-0.300000000,0.000000000,0.000000000,-1.800000000,0.800000000,-0.300000000,8.494411862,0.166893863,-0.005578988,10.313861496,9.606955850,3246,1095,0
156.300000000,110.300000000,107.300000000,-1.800000000,0.800000000,-0.300000000,0.000000000,0.000000000,-1.800000000,0.800000000,-0.300000000,8.494411862,0.166893863,-0.005578988,10.313861496,9.606955850,3246,1095,0
156.400000000,110.400000000,107.400000000,-1.800000000,0.800000000,-0.300000000,0.000000000,0.000000000,-1.800000000,0.800000000,-0.300000000,8.494411828,0.166893936,-0.005578810,10.313861458,9.606955767,3248,1096,0
156.400000000,110.400000000,107.400000000,-1.800000000,0.800000000,-0.300000000,0.000000000,0.000000000,-1.800000000,0.800000000,-0.300000000,8.494411756,0.166893876,-0.005578640,10.313861390,9.606955656,3249,1096,0
156.500000000,110.500000000,107.500000000,-1.800000000,0.800000000,-0.300000000,0.000000000,0.000000000,-1.800000000,0.800000000,-0.300000000,8.494411623,0.166893693,-0.005578241,10.313861269,9.606955434,3251,1097,0
156.500000000,110.500000000,107.500000000,-1.800000000,0.800000000,-0.300000000,0.000000000,0.000000000,-1.800000000,0.800000000,-0.300000000,8.494411623,0.166893693,-0.005578241,10.313861269,9.606955434,3251,1097,0
156.600000000,110.600000000,107.600000000,-1.800000000,0.800000000,-0.300000000,0.000000000,0.000000000,-1.800000000,0.800000000,-0.300000000,8.494411646,0.166893917,-0.005578077,10.313861277,9.606955402,3254,1098,0
156.600000000,110.600000000,107.600000000,-1.800000000,0.800000000,-0.300000000,0.000000000,0.000000000,-1.800000000,0.800000000,-0.300000000,8.494411646,0.166893917,-0.005578077,10.313861277,9.606955402,3254,1098,0
156.700000000,110.700000000,107.700000000,-1.800000000,0.800000000,-0.300000000,0.000000000,0.000000000,-1.800000000,0.800000000,-0.300000000,8.494411631,0.166893887,-0.005577716,10.313861264,9.606955298,3257,1099,0
156.700000000,110.700000000,107.700000000,-1.800000000,0.800000000,-0.300000000,0.000000000,0.000000000,-1.800000000,0.800000000,-0.300000000,8.494411631,0.166893887,-0.005577716,10.313861264,9.606955298,3257,1099,0
156.800000000,110.800000000,107.800000000,-1.800000000,0.800000000,-0.300000000,0.000000000,0.000000000,-1.800000000,0.800000000,-0.300000000,8.494411630,0.166893932,-0.005577411,10.313861261,9.606955217,3260,1100,0
156.800000000,110.800000000,107.800000000,-1.800000000,0.800000000,-0.300000000,0.000000000,0.000000000,-1.800000000,0.800000000,-0.300000000,8.494411630,0.166893932,-0.005577411,10.313861261,9.606955217,3260,1100,0
156.900000000,110.900000000,107.900000000,-1.800000000,0.800000000,-0.300000000,0.000000000,0.000000000,-1.800000000,0.800000000,-0.300000000,8.494411509,0.166893572,-0.005576740,10.313861162,9.606954948,3263,1101,0
156.900000000,110.900000000,107.900000000,-1.800000000,0.800000000,-0.300000000,0.000000000,0.000000000,-1.800000000,0.800000000,-0.300000000,8.494411509,0.166893572,-0.005576740,10.313861162,9.606954948,3263,1101,0
157.000000000,111.000000000,108.000000000,-1.800000000,0.800000000,-0.300000000,0.000000000,0.000000000,-1.800000000,0.800000000,-0.300000000,8.494411267,0.166893949,-0.005576698,10.313860897,9.606954674,3266,1102,0
157.000000000,111.000000000,108.000000000,-1.800000000,0.800000000,-0.300000000,0.000000000,0.000000000,-1.800000000,0.800000000,-0.300000000,8.494411267,0.166893949,-0.005576698,10.313860897,9.606954674,3266,1102,0
157.100000000,111.100000000,108.100000000,-1.800000000,0.800000000,-0.300000000,0.000000000,0.000000000,-1.800000000,0.800000000,-0.300000000,8.494411241,0.166893937,-0.005576358,10.313860872,9.606954563,3269,1103,0
157.100000000,111.100000000,108.100000000,-1.800000000,0.800000000,-0.300000000,0.000000000,0.000000000,-1.800000000,0.800000000,-0.300000000,8.494411241,0.166893937,-0.005576358,10.313860872,9.606954563,3269,1103,0
157.200000000,111.200000000,108.200000000,-1.800000000,0.800000000,-0.300000000,0.000000000,0.000000000,-1.800000000,0.800000000,-0.300000000,8.494411307,0.166893757,-0.005575848,10.313860949,9.606954510,3272,1104,0
157.200000000,111.200000000,108.200000000,-1.800000000,0.800000000,-0.300000000,0.000000000,0.000000000,-1.800000000,0.800000000,-0.300000000,8.494411307,0.166893757,-0.005575848,10.313860949,9.606954510,3272,1104,0
157.300000000,111.300000000,108.300000000,-1.800000000,0.800000000,-0.300000000,0.000000000,0.000000000,-1.800000000,0.800000000,-0.300000000,8.494411189,0.166893994,-0.005575699,10.313860816,9.606954341,3275,1105,0
157.300000000,111.300000000,108.300000000,-1.800000000,0.800000000,-0.300000000,0.000000000,0.000000000,-1.800000000,0.800000000,-0.300000000,8.494411189,0.166893994,-0.005575699,10.313860816,9.606954341,3275,1105,0
157.400000000,111.400000000,108.400000000,-1.800000000,0.800000000,-0.300000000,0.000000000,0.000000000,-1.800000000,0.800000000,-0.300000000,8.494411092,0.166893784,-0.005575167,10.313860733,9.606954123,3278,1106,0
157.400000000,111.400000000,108.400000000,-1.800000000,0.800000000,-0.300000000,0.000000000,0.000000000,-1.800000000,0.800000000,-0.300000000,8.494411092,0.166893784,-0.005575167,10.313860733,9.606954123,3278,1106,0
157.500000000,111.500000000,108.500000000,-1.800000000,0.800000000,-0.300000000,0.000000000,0.000000000,-1.800000000,0.800000000,-0.300000000,8.494411012,0.166893844,-0.005574854,10.313860649,9.606953960,3281,1107,0
157.500000000,111.500000000,108.500000000,-1.800000000,0.800000000,-0.300000000,0.000000000,0.000000000,-1.800000000,0.800000000,-0.300000000,8.494411012,0.166893844,-0.005574854,10.313860649,9.606953960,3281,1107,0
157.600000000,111.600000000,108.600000000,-1.800000000,0.800000000,-0.300000000,0.000000000,0.000000000,-1.800000000,0.800000000,-0.300000000,8.494410918,0.166893877,-0.005574534,10.313860553,9.606953783,3284,1108,0
157.600000000,111.600000000,108.600000000,-1.800000000,0.800000000,-0.300000000,0.000000000,0.000000000,-1.800000000,0.800000000,-0.300000000,8.494410918,0.166893877,-0.005574534,10.313860553,9.606953783,3284,1108,0
157.700000000,111.700000000,108.700000000,-1.800000000,0.800000000,-0.300000000,0.000000000,0.000000000,-1.800000000,0.800000000,-0.300000000,8.494410966,0.166893860,-0.005574176,10.313860602,9.606953742,3287,1109,0
157.700000000,111.700000000,108.700000000,-1.800000000,0.800000000,-0.300000000,0.000000000,0.000000000,-1.800000000,0.800000000,-0.300000000,8.494410966,0.166893860,-0.005574176,10.313860602,9.606953742,3287,1109,0
157.800000000,111.800000000,108.800000000,-1.800000000,0.800000000,-0.300000000,0.000000000,0.000000000,-1.800000000,0.800000000,-0.300000000,8.494410900,0.166893836,-0.005573797,10.313860537,9.606953582,3290,1110,0
157.800000000,111.800000000,108.800000000,-1.800000000,0.800000000,-0.300000000,0.000000000,0.000000000,-1.800000000,0.800000000,-0.300000000,8.494410900,0.166893836,-0.005573797,10.313860537,9.606953582,3290,1110,0
157.900000000,111.900000000,108.900000000,-1.800000000,0.800000000,-0.300000000,0.000000000,0.000000000,-1.800000000,0.800000000,-0.300000000,8.494410771,0.166893716,-0.005573328,10.313860416,9.606953342,3293,1111,0
157.900000000,111.900000000,108.900000000,-1.800000000,0.800000000,-0.300000000,0.000000000,0.000000000,-1.800000000,0.800000000,-0.300000000,8.494410771,0.166893716,-0.005573328,10.313860416,9.606953342,3293,1111,0
158.000000000,112.000000000,109.000000000,-1.800000000,0.800000000,-0.300000000,0.000000000,0.000000000,-1.800000000,0.800000000,-0.300000000,8.494410708,0.166893963,-0.005573181,10.313860338,9.606953228,3296,1112,0
158.000000000,112.000000000,109.000000000,-1.800000000,0.800000000,-0.300000000,0.000000000,0.000000000,-1.800000000,0.800000000,-0.300000000,8.494410708,0.166893963,-0.005573181,10.313860338,9.606953228,3296,1112,0
158.100000000,112.100000000,109.100000000,-1.800000000,0.800000000,-0.300000000,0.000000000,0.000000000,-1.800000000,0.800000000,-0.300000000,8.494410669,0.166894042,-0.005573026,10.313860295,9.606953145,3298,1113,0
158.100000000,112.100000000,109.100000000,-1.800000000,0.800000000,-0.300000000,0.000000000,0.000000000,-1.800000000,0.800000000,-0.300000000,8.494410741,0.166893976,-0.005572858,10.313860370,9.606953178,3299,1113,0
158.200000000,112.200000000,109.200000000,-1.800000000,0.800000000,-0.300000000,0.000000000,0.000000000,-1.800000000,0.800000000,-0.300000000,8.494410662,0.166893757,-0.005572438,10.313860305,9.606953006,3301,1114,0
158.200000000,112.200000000,109.200000000,-1.800000000,0.800000000,-0.300000000,0.000000000,0.000000000,-1.800000000,0.800000000,-0.300000000,8.494410662,0.166893757,-0.005572438,10.313860305,9.606953006,3301,1114,0
158.300000000,112.300000000,109.300000000,-1.800000000,0.800000000,-0.300000000,0.000000000,0.000000000,-1.800000000,0.800000000,-0.300000000,8.494410510,0.166893829,-0.005572140,10.313860149,9.606952776,3304,1115,0
158.300000000,112.300000000,109.300000000,-1.800000000,0.800000000,-0.300000000,0.000000000,0.000000000,-1.800000000,0.800000000,-0.300000000,8.494410510,0.166893829,-0.005572140,10.313860149,9.606952776,3304,1115,0
158.400000000,112.400000000,109.400000000,-1.800000000,0.800000000,-0.300000000,0.000000000,0.000000000,-1.800000000,0.800000000,-0.300000000,8.494410447,0.166893925,-0.005571881,10.313860080,9.606952642,3307,1116,0
158.400000000,112.400000000,109.400000000,-1.800000000,0.800000000,-0.300000000,0.000000000,0.000000000,-1.800000000,0.800000000,-0.300000000,8.494410447,0.166893925,-0.005571881,10.313860080,9.606952642,3307,1116,0
158.500000000,112.500000000,109.500000000,-1.800000000,0.800000000,-0.300000000,0.000000000,0.000000000,-1.800000000,0.800000000,-0.300000000,8.494410430,0.166893669,-0.005571322,10.313860078,9.606952498,3310,1117,0
158.500000000,112.500000000,109.500000000,-1.800000000,0.800000000,-0.300000000,0.000000000,0.000000000,-1.800000000,0.800000000,-0.300000000,8.494410430,0.166893669,-0.005571322,10.313860078,9.606952498,3310,1117,0
158.600000000,112.600000000,109.600000000,-1.800000000,0.800000000,-0.300000000,0.000000000,0.000000000,-1.800000000,0.800000000,-0.300000000,8.494410537,0.166893826,-0.005571100,10.313860176,9.606952540,3313,1118,0
158.600000000,112.600000000,109.600000000,-1.800000000,0.800000000,-0.300000000,0.000000000,0.000000000,-1.800000000,0.800000000,-0.300000000,8.494410537,0.166893826,-0.005571100,10.313860176,9.606952540,3313,1118,0
158.700000000,112.700000000,109.700000000,-1.800000000,0.800000000,-0.300000000,0.000000000,0.000000000,-1.800000000,0.800000000,-0.300000000,8.494410339,0.166894147,-0.005571046,10.313859959,9.606952310,3316,1119,0
158.700000000,112.700000000,109.700000000,-1.800000000,0.800000000,-0.300000000,0.000000000,0.000000000,-1.800000000,0.800000000,-0.300000000,8.494410339,0.166894147,-0.005571046,10.313859959,9.606952310,3316,1119,0
158.800000000,112.800000000,109.800000000,-1.800000000,0.800000000,-0.300000000,0.000000000,0.000000000,-1.800000000,0.800000000,-0.300000000,8.494410290,0.166893612,-0.005570250,10.313859942,9.606952091,3319,1120,0
158.800000000,112.800000000,109.800000000,-1.800000000,0.800000000,-0.300000000,0.000000000,0.000000000,-1.800000000,0.800000000,-0.300000000,8.494410290,0.166893612,-0.005570250,10.313859942,9.606952091,3319,1120,0
158.900000000,112.900000000,109.900000000,-1.800000000,0.800000000,-0.300000000,0.000000000,0.000000000,-1.800000000,0.800000000,-0.300000000,8.494410087,0.166893786,-0.005570024,10.313859729,9.606951822,3322,1121,0
158.900000000,112.900000000,109.900000000,-1.800000000,0.800000000,-0.300000000,0.000000000,0.000000000,-1.800000000,0.800000000,-0.300000000,8.494410087,0.166893786,-0.005570024,10.313859729,9.606951822,3322,1121,0
159.000000000,113.000000000,110.000000000,-1.800000000,0.800000000,-0.300000000,0.000000000,0.000000000,-1.800000000,0.800000000,-0.300000000,8.494410013,0.166894130,-0.005570009,10.313859634,9.606951724,3325,1122,0
159.000000000,113.000000000,110.000000000,-1.800000000,0.800000000,-0.300000000,0.000000000,0.000000000,-1.800000000,0.800000000,-0.300000000,8.494410013,0.166894130,-0.005570009,10.313859634,9.606951724,3325,1122,0
159.100000000,113.100000000,110.100000000,-1.800000000,0.800000000,-0.300000000,0.000000000,0.000000000,-1.800000000,0.800000000,-0.300000000,8.494410115,0.166893534,-0.005569170,10.313859773,9.606951649,3328,1123,0
159.100000000,113.100000000,110.100000000,-1.800000000,0.800000000,-0.300000000,0.000000000,0.000000000,-1.800000000,0.800000000,-0.300000000,8.494410115,0.166893534,-0.005569170,10.313859773,9.606951649,3328,1123,0
159.200000000,113.200000000,110.200000000,-1.800000000,0.800000000,-0.300000000,0.000000000,0.000000000,-1.800000000,0.800000000,-0.300000000,8.494409993,0.166894233,-0.005569400,10.313859608,9.606951544,3331,1124,0
159.200000000,113.200000000,110.200000000,-1.800000000,0.800000000,-0.300000000,0.000000000,0.000000000,-1.800000000,0.800000000,-0.300000000,8.494409993,0.166894233,-0.005569400,10.313859608,9.606951544,3331,1124,0
159.300000000,113.300000000,110.300000000,-1.800000000,0.800000000,-0.300000000,0.000000000,0.000000000,-1.800000000,0.800000000,-0.300000000,8.494409767,0.166894080,-0.005568982,10.313859392,9.606951222,3334,1125,0
159.300000000,113.300000000,110.300000000,-1.800000000,0.800000000,-0.300000000,0.000000000,0.000000000,-1.800000000,0.800000000,-0.300000000,8.494409767,0.166894080,-0.005568982,10.313859392,9.606951222,3334,1125,0
159.400000000,113.400000000,110.400000000,-1.800000000,0.800000000,-0.300000000,0.000000000,0.000000000,-1.800000000,0.800000000,-0.300000000,8.494409785,0.166893427,-0.005568060,10.313859450,9.606951045,3337,1126,0
159.400000000,113.400000000,110.400000000,-1.800000000,0.800000000,-0.300000000,0.000000000,0.000000000,-1.800000000,0.800000000,-0.300000000,8.494409785,0.166893427,-0.005568060,10.313859450,9.606951045,3337,1126,0
159.500000000,113.500000000,110.500000000,-1.800000000,0.800000000,-0.300000000,0.000000000,0.000000000,-1.800000000,0.800000000,-0.300000000,8.494409800,0.166894118,-0.005568293,10.313859422,9.606951079,3340,1127,0
159.500000000,113.500000000,110.500000000,-1.800000000,0.800000000,-0.300000000,0.000000000,0.000000000,-1.800000000,0.800000000,-0.300000000,8.494409800,0.166894118,-0.005568293,10.313859422,9.606951079,3340,1127,0
159.600000000,113.600000000,110.600000000,-1.800000000,0.800000000,-0.300000000,0.000000000,0.000000000,-1.800000000,0.800000000,-0.300000000,8.494409914,0.166893857,-0.005567756,10.313859553,9.606951073,3343,1128,0
159.600000000,113.600000000,110.600000000,-1.800000000,0.800000000,-0.300000000,0.000000000,0.000000000,-1.800000000,0.800000000,-0.300000000,8.494409914,0.166893857,-0.005567756,10.313859553,9.606951073,3343,1128,0
159.700000000,113.700000000,110.700000000,-1.800000000,0.800000000,-0.300000000,0.000000000,0.000000000,-1.800000000,0.800000000,-0.300000000,8.494409713,0.166893673,-0.005567226,10.313859363,9.606950749,3346,1129,0
159.700000000,113.700000000,110.700000000,-1.800000000,0.800000000,-0.300000000,0.000000000,0.000000000,-1.800000000,0.800000000,-0.300000000,8.494409713,0.166893673,-0.005567226,10.313859363,9.606950749,3346,1129,0
159.800000000,113.800000000,110.800000000,-1.800000000,0.800000000,-0.300000000,0.000000000,0.000000000,-1.800000000,0.800000000,-0.300000000,8.494409503,0.166894051,-0.005567322,10.313859130,9.606950542,3348,1130,0
159.800000000,113.800000000,110.800000000,-1.800000000,0.800000000,-0.300000000,0.000000000,0.000000000,-1.800000000,0.800000000,-0.300000000,8.494409518,0.166894119,-0.005567277,10.313859141,9.606950542,3349,1130,0
159.900000000,113.900000000,110.900000000,-1.800000000,0.800000000,-0.300000000,0.000000000,0.000000000,-1.800000000,0.800000000,-0.300000000,8.494409530,0.166893889,-0.005566873,10.313859167,9.606950465,3351,1131,0
159.900000000,113.900000000,110.900000000,-1.800000000,0.800000000,-0.300000000,0.000000000,0.000000000,-1.800000000,0.800000000,-0.300000000,8.494409530,0.166893889,-0.005566873,10.313859167,9.606950465,3351,1131,0
160.000000000,114.000000000,111.000000000,-1.800000000,0.800000000,-0.300000000,0.000000000,0.000000000,-1.800000000,0.800000000,-0.300000000,8.494409588,0.166893492,-0.005566184,10.313859249,9.606950372,3354,1132,0
160.000000000,114.000000000,111.000000000,-1.800000000,0.800000000,-0.300000000,0.000000000,0.000000000,-1.800000000,0.800000000,-0.300000000,8.494409588,0.166893492,-0.005566184,10.313859249,9.606950372,3354,1132,0
160.100000000,114.100000000,111.100000000,-1.800000000,0.800000000,-0.300000000,0.000000000,0.000000000,-1.800000000,0.800000000,-0.300000000,8.494409441,0.166894147,-0.005566388,10.313859063,9.606950239,3357,1133,0
160.100000000,114.100000000,111.100000000,-1.800000000,0.800000000,-0.300000000,0.000000000,0.000000000,-1.800000000,0.800000000,-0.300000000,8.494409441,0.166894147,-0.005566388,10.313859063,9.606950239,3357,1133,0
160.200000000,114.200000000,111.200000000,-1.800000000,0.800000000,-0.300000000,0.000000000,0.000000000,-1.800000000,0.800000000,-0.300000000,8.494409299,0.166893942,-0.005565912,10.313858933,9.606949989,3360,1134,0
160.200000000,114.200000000,111.200000000,-1.800000000,0.800000000,-0.300000000,0.000000000,0.000000000,-1.800000000,0.800000000,-0.300000000,8.494409299,0.166893942,-0.005565912,10.313858933,9.606949989,3360,1134,0
160.300000000,114.300000000,111.300000000,-1.800000000,0.800000000,-0.300000000,0.000000000,0.000000000,-1.800000000,0.800000000,-0.300000000,8.494409418,0.166893681,-0.005565334,10.313859068,9.606949976,3363,1135,0
160.300000000,114.300000000,111.300000000,-1.800000000,0.800000000,-0.300000000,0.000000000,0.000000000,-1.800000000,0.800000000,-0.300000000,8.494409418,0.166893681,-0.005565334,10.313859068,9.606949976,3363,1135,0
160.400000000,114.400000000,111.400000000,-1.800000000,0.800000000,-0.300000000,0.000000000,0.000000000,-1.800000000,0.800000000,-0.300000000,8.494409377,0.166894037,-0.005565305,10.313859005,9.606949907,3366,1136,0
160.400000000,114.400000000,111.400000000,-1.800000000,0.800000000,-0.300000000,0.000000000,0.000000000,-1.800000000,0.800000000,-0.300000000,8.494409377,0.166894037,-0.005565305,10.313859005,9.606949907,3366,1136,0
160.500000000,114.500000000,111.500000000,-1.800000000,0.800000000,-0.300000000,0.000000000,0.000000000,-1.800000000,0.800000000,-0.300000000,8.494409320,0.166893729,-0.005564717,10.313858967,9.606949720,3369,1137,0
160.500000000,114.500000000,111.500000000,-1.800000000,0.800000000,-0.300000000,0.000000000,0.000000000,-1.800000000,0.800000000,-0.300000000,8.494409320,0.166893729,-0.005564717,10.313858967,9.606949720,3369,1137,0
160.600000000,114.600000000,111.600000000,-1.800000000,0.800000000,-0.300000000,0.000000000,0.000000000,-1.800000000,0.800000000,-0.300000000,8.494409141,0.166893758,-0.005564392,10.313858786,9.606949458,3372,1138,0
160.600000000,114.600000000,111.600000000,-1.800000000,0.800000000,-0.300000000,0.000000000,0.000000000,-1.800000000,0.800000000,-0.300000000,8.494409141,0.166893758,-0.005564392,10.313858786,9.606949458,3372,1138,0
160.700000000,114.700000000,111.700000000,-1.800000000,0.800000000,-0.300000000,0.000000000,0.000000000,-1.800000000,0.800000000,-0.300000000,8.494409084,0.166893886,-0.005564178,10.313858722,9.606949340,3375,1139,0
160.700000000,114.700000000,111.700000000,-1.800000000,0.800000000,-0.300000000,0.000000000,0.000000000,-1.800000000,0.800000000,-0.300000000,8.494409084,0.166893886,-0.005564178,10.313858722,9.606949340,3375,1139,0
160.800000000,114.800000000,111.800000000,-1.800000000,0.800000000,-0.300000000,0.000000000,0.000000000,-1.800000000,0.800000000,-0.300000000,8.494409069,0.166893806,-0.005563782,10.313858712,9.606949230,3378,1140,0
160.800000000,114.800000000,111.800000000,-1.800000000,0.800000000,-0.300000000,0.000000000,0.000000000,-1.800000000,0.800000000,-0.300000000,8.494409069,0.166893806,-0.005563782,10.313858712,9.606949230,3378,1140,0
160.900000000,114.900000000,111.900000000,-1.800000000,0.800000000,-0.300000000,0.000000000,0.000000000,-1.800000000,0.800000000,-0.300000000,8.494409021,0.166893866,-0.005563511,10.313858660,9.606949110,3381,1141,0
160.900000000,114.900000000,111.900000000,-1.800000000,0.800000000,-0.300000000,0.000000000,0.000000000,-1.800000000,0.800000000,-0.300000000,8.494409021,0.166893866,-0.005563511,10.313858660,9.606949110,3381,1141,0
161.000000000,115.000000000,112.000000000,-1.800000000,0.800000000,-0.300000000,0.000000000,0.000000000,-1.800000000,0.800000000,-0.300000000,8.494408860,0.166893967,-0.005563281,10.313858494,9.606948886,3384,1142,0
161.000000000,115.000000000,112.000000000,-1.800000000,0.800000000,-0.300000000,0.000000000,0.000000000,-1.800000000,0.800000000,-0.300000000,8.494408860,0.166893967,-0.005563281,10.313858494,9.606948886,3384,1142,0
161.100000000,115.100000000,112.100000000,-1.800000000,0.800000000,-0.300000000,0.000000000,0.000000000,-1.800000000,0.800000000,-0.300000000,8.494408912,0.166893775,-0.005562793,10.313858558,9.606948826,3387,1143,0
161.100000000,115.100000000,112.100000000,-1.800000000,0.800000000,-0.300000000,0.000000000,0.000000000,-1.800000000,0.800000000,-0.300000000,8.494408912,0.166893775,-0.005562793,10.313858558,9.606948826,3387,1143,0
161.200000000,115.200000000,112.200000000,-1.800000000,0.800000000,-0.300000000,0.000000000,0.000000000,-1.800000000,0.800000000,-0.300000000,8.494408811,0.166893853,-0.005562529,10.313858452,9.606948654,3390,1144,0
161.200000000,115.200000000,112.200000000,-1.800000000,0.800000000,-0.300000000,0.000000000,0.000000000,-1.800000000,0.800000000,-0.300000000,8.494408811,0.166893853,-0.005562529,10.313858452,9.606948654,3390,1144,0
161.300000000,115.300000000,112.300000000,-1.800000000,0.800000000,-0.300000000,0.000000000,0.000000000,-1.800000000,0.800000000,-0.300000000,8.494408715,0.166893845,-0.005562200,10.313858356,9.606948475,3393,1145,0
161.300000000,115.300000000,112.300000000,-1.800000000,0.800000000,-0.300000000,0.000000000,0.000000000,-1.800000000,0.800000000,-0.300000000,8.494408715,0.166893845,-0.005562200,10.313858356,9.606948475,3393,1145,0
161.400000000,115.400000000,112.400000000,-1.800000000,0.800000000,-0.300000000,0.000000000,0.000000000,-1.800000000,0.800000000,-0.300000000,8.494408691,0.166893725,-0.005561768,10.313858339,9.606948349,3396,1146,0
161.400000000,115.400000000,112.400000000,-1.800000000,0.800000000,-0.300000000,0.000000000,0.000000000,-1.800000000,0.800000000,-0.300000000,8.494408691,0.166893725,-0.005561768,10.313858339,9.606948349,3396,1146,0
161.500000000,115.500000000,112.500000000,-1.800000000,0.800000000,-0.300000000,0.000000000,0.000000000,-1.800000000,0.800000000,-0.300000000,8.494408615,0.166893825,-0.005561638,10.313858258,9.606948235,3398,1147,0
161.500000000,115.500000000,112.500000000,-1.800000000,0.800000000,-0.300000000,0.000000000,0.000000000,-1.800000000,0.800000000,-0.300000000,8.494408573,0.166893915,-0.005561611,10.313858210,9.606948180,3399,1147,0
161.600000000,115.600000000,112.600000000,-1.800000000,0.800000000,-0.300000000,0.000000000,0.000000000,-1.800000000,0.800000000,-0.300000000,8.494408581,0.166893948,-0.005561433,10.313858216,9.606948141,3401,1148,0
161.600000000,115.600000000,112.600000000,-1.800000000,0.800000000,-0.300000000,0.000000000,0.000000000,-1.800000000,0.800000000,-0.300000000,8.494408581,0.166893948,-0.005561433,10.313858216,9.606948141,3401,1148,0
161.700000000,115.700000000,112.700000000,-1.800000000,0.800000000,-0.300000000,0.000000000,0.000000000,-1.800000000,0.800000000,-0.300000000,8.494408507,0.166893713,-0.005560910,10.313858157,9.606947950,3404,1149,0
161.700000000,115.700000000,112.700000000,-1.800000000,0.800000000,-0.300000000,0.000000000,0.000000000,-1.800000000,0.800000000,-0.300000000,8.494408507,0.166893713,-0.005560910,10.313858157,9.606947950,3404,1149,0
161.800000000,115.800000000,112.800000000,-1.800000000,0.800000000,-0.300000000,0.000000000,0.000000000,-1.800000000,0.800000000,-0.300000000,8.494408450,0.166893873,-0.005560725,10.313858090,9.606947837,3407,1150,0
161.800000000,115.800000000,112.800000000,-1.800000000,0.800000000,-0.300000000,0.000000000,0.000000000,-1.800000000,0.800000000,-0.300000000,8.494408450,0.166893873,-0.005560725,10.313858090,9.606947837,3407,1150,0
161.900000000,115.900000000,112.900000000,-1.800000000,0.800000000,-0.300000000,0.000000000,0.000000000,-1.800000000,0.800000000,-0.300000000,8.494408484,0.166893767,-0.005560315,10.313858131,9.606947774,3410,1151,0
161.900000000,115.900000000,112.900000000,-1.800000000,0.800000000,-0.300000000,0.000000000,0.000000000,-1.800000000,0.800000000,-0.300000000,8.494408484,0.166893767,-0.005560315,10.313858131,9.606947774,3410,1151,0
162.000000000,116.000000000,113.000000000,-1.800000000,0.800000000,-0.300000000,0.000000000,0.000000000,-1.800000000,0.800000000,-0.300000000,8.494408398,0.166893850,-0.005560063,10.313858039,9.606947619,3413,1152,0
162.000000000,116.000000000,113.000000000,-1.800000000,0.800000000,-0.300000000,0.000000000,0.000000000,-1.800000000,0.800000000,-0.300000000,8.494408398,0.166893850,-0.005560063,10.313858039,9.606947619,3413,1152,0
162.100000000,116.100000000,113.100000000,-1.800000000,0.800000000,-0.300000000,0.000000000,0.000000000,-1.800000000,0.800000000,-0.300000000,8.494408326,0.166893921,-0.005559805,10.313857964,9.606947478,3416,1153,0
162.100000000,116.100000000,113.100000000,-1.800000000,0.800000000,-0.300000000,0.000000000,0.000000000,-1.800000000,0.800000000,-0.300000000,8.494408326,0.166893921,-0.005559805,10.313857964,9.606947478,3416,1153,0
162.200000000,116.200000000,113.200000000,-1.800000000,0.800000000,-0.300000000,0.000000000,0.000000000,-1.800000000,0.800000000,-0.300000000,8.494408140,0.166893904,-0.005559476,10.313857779,9.606947211,3419,1154,0
162.200000000,116.200000000,113.200000000,-1.800000000,0.800000000,-0.300000000,0.000000000,0.000000000,-1.800000000,0.800000000,-0.300000000,8.494408140,0.166893904,-0.005559476,10.313857779,9.606947211,3419,1154,0
162.300000000,116.300000000,113.300000000,-1.800000000,0.800000000,-0.300000000,0.000000000,0.000000000,-1.800000000,0.800000000,-0.300000000,8.494408063,0.166893745,-0.005559015,10.313857711,9.606947026,3422,1155,0
162.300000000,116.300000000,113.300000000,-1.800000000,0.800000000,-0.300000000,0.000000000,0.000000000,-1.800000000,0.800000000,-0.300000000,8.494408063,0.166893745,-0.005559015,10.313857711,9.606947026,3422,1155,0
162.400000000,116.400000000,113.400000000,-1.800000000,0.800000000,-0.300000000,0.000000000,0.000000000,-1.800000000,0.800000000,-0.300000000,8.494408126,0.166893812,-0.005558740,10.313857770,9.606947016,3425,1156,0
162.400000000,116.400000000,113.400000000,-1.800000000,0.800000000,-0.300000000,0.000000000,0.000000000,-1.800000000,0.800000000,-0.300000000,8.494408126,0.166893812,-0.005558740,10.313857770,9.606947016,3425,1156,0
162.500000000,116.500000000,113.500000000,-1.800000000,0.800000000,-0.300000000,0.000000000,0.000000000,-1.800000000,0.800000000,-0.300000000,8.494408126,0.166893909,-0.005558504,10.313857765,9.606946951,3428,1157,0
162.500000000,116.500000000,113.500000000,-1.800000000,0.800000000,-0.300000000,0.000000000,0.000000000,-1.800000000,0.800000000,-0.300000000,8.494408126,0.166893909,-0.005558504,10.313857765,9.606946951,3428,1157,0
162.600000000,116.600000000,113.600000000,-1.800000000,0.800000000,-0.300000000,0.000000000,0.000000000,-1.800000000,0.800000000,-0.300000000,8.494407927,0.166893737,-0.005558035,10.313857577,9.606946644,3431,1158,0
162.600000000,116.600000000,113.600000000,-1.800000000,0.800000000,-0.300000000,0.000000000,0.000000000,-1.800000000,0.800000000,-0.300000000,8.494407927,0.166893737,-0.005558035,10.313857577,9.606946644,3431,1158,0
162.700000000,116.700000000,113.700000000,-1.800000000,0.800000000,-0.300000000,0.000000000,0.000000000,-1.800000000,0.800000000,-0.300000000,8.494407791,0.166893782,-0.005557744,10.313857438,9.606946432,3434,1159,0
162.700000000,116.700000000,113.700000000,-1.800000000,0.800000000,-0.300000000,0.000000000,0.000000000,-1.800000000,0.800000000,-0.300000000,8.494407791,0.166893782,-0.005557744,10.313857438,9.606946432,3434,1159,0
162.800000000,116.800000000,113.800000000,-1.800000000,0.800000000,-0.300000000,0.000000000,0.000000000,-1.800000000,0.800000000,-0.300000000,8.494407934,0.166893855,-0.005557497,10.313857576,9.606946508,3437,1160,0
162.800000000,116.800000000,113.800000000,-1.800000000,0.800000000,-0.300000000,0.000000000,0.000000000,-1.800000000,0.800000000,-0.300000000,8.494407934,0.166893855,-0.005557497,10.313857576,9.606946508,3437,1160,0
162.900000000,116.900000000,113.900000000,-1.800000000,0.800000000,-0.300000000,0.000000000,0.000000000,-1.800000000,0.800000000,-0.300000000,8.494407833,0.166893991,-0.005557310,10.313857467,9.606946352,3440,1161,0
162.900000000,116.900000000,113.900000000,-1.800000000,0.800000000,-0.300000000,0.000000000,0.000000000,-1.800000000,0.800000000,-0.300000000,8.494407833,0.166893991,-0.005557310,10.313857467,9.606946352,3440,1161,0
163.000000000,117.000000000,114.000000000,-1.800000000,0.800000000,-0.300000000,0.000000000,0.000000000,-1.800000000,0.800000000,-0.300000000,8.494407783,0.166893679,-0.005556724,10.313857436,9.606946173,3443,1162,0
163.000000000,117.000000000,114.000000000,-1.800000000,0.800000000,-0.300000000,0.000000000,0.000000000,-1.800000000,0.800000000,-0.300000000,8.494407783,0.166893679,-0.005556724,10.313857436,9.606946173,3443,1162,0
163.100000000,117.100000000,114.100000000,-1.800000000,0.800000000,-0.300000000,0.000000000,0.000000000,-1.800000000,0.800000000,-0.300000000,8.494407561,0.166893953,-0.005556638,10.313857198,9.606945914,3446,1163,0
163.100000000,117.100000000,114.100000000,-1.800000000,0.800000000,-0.300000000,0.000000000,0.000000000,-1.800000000,0.800000000,-0.300000000,8.494407561,0.166893953,-0.005556638,10.313857198,9.606945914,3446,1163,0
163.200000000,117.200000000,114.200000000,-1.800000000,0.800000000,-0.300000000,0.000000000,0.000000000,-1.800000000,0.800000000,-0.300000000,8.494407571,0.166894036,-0.005556521,10.313857203,9.606945889,3448,1164,0
163.200000000,117.200000000,114.200000000,-1.800000000,0.800000000,-0.300000000,0.000000000,0.000000000,-1.800000000,0.800000000,-0.300000000,8.494407555,0.166893930,-0.005556334,10.313857194,9.606945833,3449,1164,0
163.300000000,117.300000000,114.300000000,-1.800000000,0.800000000,-0.300000000,0.000000000,0.000000000,-1.800000000,0.800000000,-0.300000000,8.494407641,0.166893679,-0.005555915,10.313857295,9.606945827,3451,1165,0
163.300000000,117.300000000,114.300000000,-1.800000000,0.800000000,-0.300000000,0.000000000,0.000000000,-1.800000000,0.800000000,-0.300000000,8.494407641,0.166893679,-0.005555915,10.313857295,9.606945827,3451,1165,0
163.400000000,117.400000000,114.400000000,-1.800000000,0.800000000,-0.300000000,0.000000000,0.000000000,-1.800000000,0.800000000,-0.300000000,8.494407689,0.166893830,-0.005555719,10.313857333,9.606945817,3454,1166,0
163.400000000,117.400000000,114.400000000,-1.800000000,0.800000000,-0.300000000,0.000000000,0.000000000,-1.800000000,0.800000000,-0.300000000,8.494407689,0.166893830,-0.005555719,10.313857333,9.606945817,3454,1166,0
163.500000000,117.500000000,114.500000000,-1.800000000,0.800000000,-0.300000000,0.000000000,0.000000000,-1.800000000,0.800000000,-0.300000000,8.494407391,0.166893981,-0.005555542,10.313857026,9.606945466,3457,1167,0
163.500000000,117.500000000,114.500000000,-1.800000000,0.800000000,-0.300000000,0.000000000,0.000000000,-1.800000000,0.800000000,-0.300000000,8.494407391,0.166893981,-0.005555542,10.313857026,9.606945466,3457,1167,0
163.600000000,117.600000000,114.600000000,-1.800000000,0.800000000,-0.300000000,0.000000000,0.000000000,-1.800000000,0.800000000,-0.300000000,8.494407236,0.166893714,-0.005555011,10.313856888,9.606945193,3460,1168,0
163.600000000,117.600000000,114.600000000,-1.800000000,0.800000000,-0.300000000,0.000000000,0.000000000,-1.800000000,0.800000000,-0.300000000,8.494407236,0.166893714,-0.005555011,10.313856888,9.606945193,3460,1168,0
163.700000000,117.700000000,114.700000000,-1.800000000,0.800000000,-0.300000000,0.000000000,0.000000000,-1.800000000,0.800000000,-0.300000000,8.494407313,0.166893771,-0.005554736,10.313856961,9.606945197,3463,1169,0
163.700000000,117.700000000,114.700000000,-1.800000000,0.800000000,-0.300000000,0.000000000,0.000000000,-1.800000000,0.800000000,-0.300000000,8.494407313,0.166893771,-0.005554736,10.313856961,9.606945197,3463,1169,0
163.800000000,117.800000000,114.800000000,-1.800000000,0.800000000,-0.300000000,0.000000000,0.000000000,-1.800000000,0.800000000,-0.300000000,8.494407337,0.166894124,-0.005554739,10.313856964,9.606945201,3466,1170,0
163.800000000,117.800000000,114.800000000,-1.800000000,0.800000000,-0.300000000,0.000000000,0.000000000,-1.800000000,0.800000000,-0.300000000,8.494407337,0.166894124,-0.005554739,10.313856964,9.606945201,3466,1170,0
163.900000000,117.900000000,114.900000000,-1.800000000,0.800000000,-0.300000000,0.000000000,0.000000000,-1.800000000,0.800000000,-0.300000000,8.494407189,0.166893823,-0.005554181,10.313856835,9.606944931,3469,1171,0
163.900000000,117.900000000,114.900000000,-1.800000000,0.800000000,-0.300000000,0.000000000,0.000000000,-1.800000000,0.800000000,-0.300000000,8.494407189,0.166893823,-0.005554181,10.313856835,9.606944931,3469,1171,0
164.000000000,118.000000000,115.000000000,-1.800000000,0.800000000,-0.300000000,0.000000000,0.000000000,-1.800000000,0.800000000,-0.300000000,8.494407038,0.166893719,-0.005553761,10.313856691,9.606944680,3472,1172,0
164.000000000,118.000000000,115.000000000,-1.800000000,0.800000000,-0.300000000,0.000000000,0.000000000,-1.800000000,0.800000000,-0.300000000,8.494407038,0.166893719,-0.005553761,10.313856691,9.606944680,3472,1172,0
164.100000000,118.100000000,115.100000000,-1.800000000,0.800000000,-0.300000000,0.000000000,0.000000000,-1.800000000,0.800000000,-0.300000000,8.494407082,0.166893808,-0.005553524,10.313856729,9.606944658,3475,1173,0
164.100000000,118.100000000,115.100000000,-1.800000000,0.800000000,-0.300000000,0.000000000,0.000000000,-1.800000000,0.800000000,-0.300000000,8.494407082,0.166893808,-0.005553524,10.313856729,9.606944658,3475,1173,0
164.200000000,118.200000000,115.200000000,-1.800000000,0.800000000,-0.300000000,0.000000000,0.000000000,-1.800000000,0.800000000,-0.300000000,8.494407063,0.166894008,-0.005553388,10.313856697,9.606944593,3478,1174,0
164.200000000,118.200000000,115.200000000,-1.800000000,0.800000000,-0.300000000,0.000000000,0.000000000,-1.800000000,0.800000000,-0.300000000,8.494407063,0.166894008,-0.005553388,10.313856697,9.606944593,3478,1174,0
164.300000000,118.300000000,115.300000000,-1.800000000,0.800000000,-0.300000000,0.000000000,0.000000000,-1.800000000,0.800000000,-0.300000000,8.494407069,0.166893806,-0.005552903,10.313856716,9.606944489,3481,1175,0
164.300000000,118.300000000,115.300000000,-1.800000000,0.800000000,-0.300000000,0.000000000,0.000000000,-1.800000000,0.800000000,-0.300000000,8.494407069,0.166893806,-0.005552903,10.313856716,9.606944489,3481,1175,0
164.400000000,118.400000000,115.400000000,-1.800000000,0.800000000,-0.300000000,0.000000000,0.000000000,-1.800000000,0.800000000,-0.300000000,8.494406855,0.166893739,-0.005552519,10.313856507,9.606944182,3484,1176,0
164.400000000,118.400000000,115.400000000,-1.800000000,0.800000000,-0.300000000,0.000000000,0.000000000,-1.800000000,0.800000000,-0.300000000,8.494406855,0.166893739,-0.005552519,10.313856507,9.606944182,3484,1176,0
164.500000000,118.500000000,115.500000000,-1.800000000,0.800000000,-0.300000000,0.000000000,0.000000000,-1.800000000,0.800000000,-0.300000000,8.494406841,0.166893887,-0.005552336,10.313856483,9.606944113,3487,1177,0
164.500000000,118.500000000,115.500000000,-1.800000000,0.800000000,-0.300000000,0.000000000,0.000000000,-1.800000000,0.800000000,-0.300000000,8.494406841,0.166893887,-0.005552336,10.313856483,9.606944113,3487,1177,0
164.600000000,118.600000000,115.600000000,-1.800000000,0.800000000,-0.300000000,0.000000000,0.000000000,-1.800000000,0.800000000,-0.300000000,8.494406787,0.166893829,-0.005551983,10.313856433,9.606943975,3490,1178,0
164.600000000,118.600000000,115.600000000,-1.800000000,0.800000000,-0.300000000,0.000000000,0.000000000,-1.800000000,0.800000000,-0.300000000,8.494406787,0.166893829,-0.005551983,10.313856433,9.606943975,3490,1178,0
164.700000000,118.700000000,115.700000000,-1.800000000,0.800000000,-0.300000000,0.000000000,0.000000000,-1.800000000,0.800000000,-0.300000000,8.494406648,0.166893914,-0.005551744,10.313856289,9.606943770,3493,1179,0
164.700000000,118.700000000,115.700000000,-1.800000000,0.800000000,-0.300000000,0.000000000,0.000000000,-1.800000000,0.800000000,-0.300000000,8.494406648,0.166893914,-0.005551744,10.313856289,9.606943770,3493,1179,0
164.800000000,118.800000000,115.800000000,-1.800000000,0.800000000,-0.300000000,0.000000000,0.000000000,-1.800000000,0.800000000,-0.300000000,8.494406698,0.166893712,-0.005551266,10.313856351,9.606943711,3496,1180,0
164.800000000,118.800000000,115.800000000,-1.800000000,0.800000000,-0.300000000,0.000000000,0.000000000,-1.800000000,0.800000000,-0.300000000,8.494406698,0.166893712,-0.005551266,10.313856351,9.606943711,3496,1180,0
164.900000000,118.900000000,115.900000000,-1.800000000,0.800000000,-0.300000000,0.000000000,0.000000000,-1.800000000,0.800000000,-0.300000000,8.494406654,0.166893771,-0.005551106,10.313856304,9.606943623,3498,1181,0
164.900000000,118.900000000,115.900000000,-1.800000000,0.800000000,-0.300000000,0.000000000,0.000000000,-1.800000000,0.800000000,-0.300000000,8.494406563,0.166893826,-0.005551050,10.313856210,9.606943515,3499,1181,0
165.000000000,119.000000000,116.000000000,-1.800000000,0.800000000,-0.300000000,0.000000000,0.000000000,-1.800000000,0.800000000,-0.300000000,8.494406505,0.166893920,-0.005550933,10.313856146,9.606943423,3501,1182,0
165.000000000,119.000000000,116.000000000,-1.800000000,0.800000000,-0.300000000,0.000000000,0.000000000,-1.800000000,0.800000000,-0.300000000,8.494406505,0.166893920,-0.005550933,10.313856146,9.606943423,3501,1182,0
165.100000000,119.100000000,116.100000000,-1.800000000,0.800000000,-0.300000000,0.000000000,0.000000000,-1.800000000,0.800000000,-0.300000000,8.494406429,0.166893840,-0.005550580,10.313856075,9.606943262,3504,1183,0
165.100000000,119.100000000,116.100000000,-1.800000000,0.800000000,-0.300000000,0.000000000,0.000000000,-1.800000000,0.800000000,-0.300000000,8.494406429,0.166893840,-0.005550580,10.313856075,9.606943262,3504,1183,0
165.200000000,119.200000000,116.200000000,-1.800000000,0.800000000,-0.300000000,0.000000000,0.000000000,-1.800000000,0.800000000,-0.300000000,8.494406480,0.166893790,-0.005550232,10.313856129,9.606943228,3507,1184,0
165.200000000,119.200000000,116.200000000,-1.800000000,0.800000000,-0.300000000,0.000000000,0.000000000,-1.800000000,0.800000000,-0.300000000,8.494406480,0.166893790,-0.005550232,10.313856129,9.606943228,3507,1184,0
165.300000000,119.300000000,116.300000000,-1.800000000,0.800000000,-0.300000000,0.000000000,0.000000000,-1.800000000,0.800000000,-0.300000000,8.494406462,0.166893841,-0.005549978,10.313856108,9.606943143,3510,1185,0
165.300000000,119.300000000,116.300000000,-1.800000000,0.800000000,-0.300000000,0.000000000,0.000000000,-1.800000000,0.800000000,-0.300000000,8.494406462,0.166893841,-0.005549978,10.313856108,9.606943143,3510,1185,0
165.400000000,119.400000000,116.400000000,-1.800000000,0.800000000,-0.300000000,0.000000000,0.000000000,-1.800000000,0.800000000,-0.300000000,8.494406308,0.166893899,-0.005549729,10.313855951,9.606942924,3513,1186,0
165.400000000,119.400000000,116.400000000,-1.800000000,0.800000000,-0.300000000,0.000000000,0.000000000,-1.800000000,0.800000000,-0.300000000,8.494406308,0.166893899,-0.005549729,10.313855951,9.606942924,3513,1186,0
165.500000000,119.500000000,116.500000000,-1.800000000,0.800000000,-0.300000000,0.000000000,0.000000000,-1.800000000,0.800000000,-0.300000000,8.494406211,0.166893841,-0.005549381,10.313855857,9.606942742,3516,1187,0
165.500000000,119.500000000,116.500000000,-1.800000000,0.800000000,-0.300000000,0.000000000,0.000000000,-1.800000000,0.800000000,-0.300000000,8.494406211,0.166893841,-0.005549381,10.313855857,9.606942742,3516,1187,0
165.600000000,119.600000000,116.600000000,-1.800000000,0.800000000,-0.300000000,0.000000000,0.000000000,-1.800000000,0.800000000,-0.300000000,8.494406171,0.166893869,-0.005549104,10.313855815,9.606942630,3519,1188,0
165.600000000,119.600000000,116.600000000,-1.800000000,0.800000000,-0.300000000,0.000000000,0.000000000,-1.800000000,0.800000000,-0.300000000,8.494406171,0.166893869,-0.005549104,10.313855815,9.606942630,3519,1188,0
165.700000000,119.700000000,116.700000000,-1.800000000,0.800000000,-0.300000000,0.000000000,0.000000000,-1.800000000,0.800000000,-0.300000000,8.494406202,0.166893871,-0.005548808,10.313855847,9.606942587,3522,1189,0
165.700000000,119.700000000,116.700000000,-1.800000000,0.800000000,-0.300000000,0.000000000,0.000000000,-1.800000000,0.800000000,-0.300000000,8.494406202,0.166893871,-0.005548808,10.313855847,9.606942587,3522,1189,0
165.800000000,119.800000000,116.800000000,-1.800000000,0.800000000,-0.300000000,0.000000000,0.000000000,-1.800000000,0.800000000,-0.300000000,8.494406223,0.166893706,-0.005548359,10.313855878,9.606942504,3525,1190,0
165.800000000,119.800000000,116.800000000,-1.800000000,0.800000000,-0.300000000,0.000000000,0.000000000,-1.800000000,0.800000000,-0.300000000,8.494406223,0.166893706,-0.005548359,10.313855878,9.606942504,3525,1190,0
165.900000000,119.900000000,116.900000000,-1.800000000,0.800000000,-0.300000000,0.000000000,0.000000000,-1.800000000,0.800000000,-0.300000000,8.494406210,0.166894048,-0.005548345,10.313855844,9.606942468,3528,1191,0
165.900000000,119.900000000,116.900000000,-1.800000000,0.800000000,-0.300000000,0.000000000,0.000000000,-1.800000000,0.800000000,-0.300000000,8.494406210,0.166894048,-0.005548345,10.313855844,9.606942468,3528,1191,0
166.000000000,120.000000000,117.000000000,-1.800000000,0.800000000,-0.300000000,0.000000000,0.000000000,-1.800000000,0.800000000,-0.300000000,8.494405982,0.166893849,-0.005547886,10.313855629,9.606942136,3531,1192,0
166.000000000,120.000000000,117.000000000,-1.800000000,0.800000000,-0.300000000,0.000000000,0.000000000,-1.800000000,0.800000000,-0.300000000,8.494405982,0.166893849,-0.005547886,10.313855629,9.606942136,3531,1192,0
166.100000000,120.100000000,117.100000000,-1.800000000,0.800000000,-0.300000000,0.000000000,0.000000000,-1.800000000,0.800000000,-0.300000000,8.494405892,0.166893715,-0.005547460,10.313855546,9.606941946,3534,1193,0
166.100000000,120.100000000,117.100000000,-1.800000000,0.800000000,-0.300000000,0.000000000,0.000000000,-1.800000000,0.800000000,-0.300000000,8.494405892,0.166893715,-0.005547460,10.313855546,9.606941946,3534,1193,0
166.200000000,120.200000000,117.200000000,-1.800000000,0.800000000,-0.300000000,0.000000000,0.000000000,-1.800000000,0.800000000,-0.300000000,8.494405858,0.166893958,-0.005547368,10.313855498,9.606941875,3537,1194,0
166.200000000,120.200000000,117.200000000,-1.800000000,0.800000000,-0.300000000,0.000000000,0.000000000,-1.800000000,0.800000000,-0.300000000,8.494405858,0.166893958,-0.005547368,10.313855498,9.606941875,3537,1194,0
166.300000000,120.300000000,117.300000000,-1.800000000,0.800000000,-0.300000000,0.000000000,0.000000000,-1.800000000,0.800000000,-0.300000000,8.494405831,0.166893830,-0.005546963,10.313855478,9.606941753,3540,1195,0
166.300000000,120.300000000,117.300000000,-1.800000000,0.800000000,-0.300000000,0.000000000,0.000000000,-1.800000000,0.800000000,-0.300000000,8.494405831,0.166893830,-0.005546963,10.313855478,9.606941753,3540,1195,0
166.400000000,120.400000000,117.400000000,-1.800000000,0.800000000,-0.300000000,0.000000000,0.000000000,-1.800000000,0.800000000,-0.300000000,8.494405918,0.166893551,-0.005546409,10.313855583,9.606941717,3543,1196,0
166.400000000,120.400000000,117.400000000,-1.800000000,0.800000000,-0.300000000,0.000000000,0.000000000,-1.800000000,0.800000000,-0.300000000,8.494405918,0.166893551,-0.005546409,10.313855583,9.606941717,3543,1196,0
166.500000000,120.500000000,117.500000000,-1.800000000,0.800000000,-0.300000000,0.000000000,0.000000000,-1.800000000,0.800000000,-0.300000000,8.494405781,0.166893863,-0.005546367,10.313855427,9.606941551,3546,1197,0
166.500000000,120.500000000,117.500000000,-1.800000000,0.800000000,-0.300000000,0.000000000,0.000000000,-1.800000000,0.800000000,-0.300000000,8.494405781,0.166893863,-0.005546367,10.313855427,9.606941551,3546,1197,0
166.600000000,120.600000000,117.600000000,-1.800000000,0.800000000,-0.300000000,0.000000000,0.000000000,-1.800000000,0.800000000,-0.300000000,8.494405714,0.166894087,-0.005546376,10.313855346,9.606941473,3548,1198,0
166.600000000,120.600000000,117.600000000,-1.800000000,0.800000000,-0.300000000,0.000000000,0.000000000,-1.800000000,0.800000000,-0.300000000,8.494405745,0.166894042,-0.005546249,10.313855380,9.606941475,3549,1198,0
166.700000000,120.700000000,117.700000000,-1.800000000,0.800000000,-0.300000000,0.000000000,0.000000000,-1.800000000,0.800000000,-0.300000000,8.494405497,0.166893800,-0.005545853,10.313855147,9.606941142,3551,1199,0
166.700000000,120.700000000,117.700000000,-1.800000000,0.800000000,-0.300000000,0.000000000,0.000000000,-1.800000000,0.800000000,-0.300000000,8.494405497,0.166893800,-0.005545853,10.313855147,9.606941142,3551,1199,0
166.800000000,120.800000000,117.800000000,-1.800000000,0.800000000,-0.300000000,0.000000000,0.000000000,-1.800000000,0.800000000,-0.300000000,8.494405511,0.166893729,-0.005545494,10.313855166,9.606941070,3554,1200,0
166.800000000,120.800000000,117.800000000,-1.800000000,0.800000000,-0.300000000,0.000000000,0.000000000,-1.800000000,0.800000000,-0.300000000,8.494405511,0.166893729,-0.005545494,10.313855166,9.606941070,3554,1200,0
166.900000000,120.900000000,117.900000000,-1.800000000,0.800000000,-0.300000000,0.000000000,0.000000000,-1.800000000,0.800000000,-0.300000000,8.494405570,0.166893885,-0.005545340,10.313855215,9.606941081,3557,1201,0
166.900000000,120.900000000,117.900000000,-1.800000000,0.800000000,-0.300000000,0.000000000,0.000000000,-1.800000000,0.800000000,-0.300000000,8.494405570,0.166893885,-0.005545340,10.313855215,9.606941081,3557,1201,0
167.000000000,121.000000000,118.000000000,-1.800000000,0.800000000,-0.300000000,0.000000000,0.000000000,-1.800000000,0.800000000,-0.300000000,8.494405409,0.166893963,-0.005545124,10.313855049,9.606940860,3560,1202,0
167.000000000,121.000000000,118.000000000,-1.800000000,0.800000000,-0.300000000,0.000000000,0.000000000,-1.800000000,0.800000000,-0.300000000,8.494405409,0.166893963,-0.005545124,10.313855049,9.606940860,3560,1202,0
167.100000000,121.100000000,118.100000000,-1.800000000,0.800000000,-0.300000000,0.000000000,0.000000000,-1.800000000,0.800000000,-0.300000000,8.494405389,0.166893661,-0.005544574,10.313855047,9.606940719,3563,1203,0
167.100000000,121.100000000,118.100000000,-1.800000000,0.800000000,-0.300000000,0.000000000,0.000000000,-1.800000000,0.800000000,-0.300000000,8.494405389,0.166893661,-0.005544574,10.313855047,9.606940719,3563,1203,0
167.200000000,121.200000000,118.200000000,-1.800000000,0.800000000,-0.300000000,0.000000000,0.000000000,-1.800000000,0.800000000,-0.300000000,8.494405262,0.166893899,-0.005544476,10.313854906,9.606940554,3566,1204,0
167.200000000,121.200000000,118.200000000,-1.800000000,0.800000000,-0.300000000,0.000000000,0.000000000,-1.800000000,0.800000000,-0.300000000,8.494405262,0.166893899,-0.005544476,10.313854906,9.606940554,3566,1204,0
167.300000000,121.300000000,118.300000000,-1.800000000,0.800000000,-0.300000000,0.000000000,0.000000000,-1.800000000,0.800000000,-0.300000000,8.494405295,0.166893796,-0.005544117,10.313854946,9.606940502,3569,1205,0
167.300000000,121.300000000,118.300000000,-1.800000000,0.800000000,-0.300000000,0.000000000,0.000000000,-1.800000000,0.800000000,-0.300000000,8.494405295,0.166893796,-0.005544117,10.313854946,9.606940502,3569,1205,0
167.400000000,121.400000000,118.400000000,-1.800000000,0.800000000,-0.300000000,0.000000000,0.000000000,-1.800000000,0.800000000,-0.300000000,8.494405373,0.166893755,-0.005543784,10.313855026,9.606940498,3572,1206,0
167.400000000,121.400000000,118.400000000,-1.800000000,0.800000000,-0.300000000,0.000000000,0.000000000,-1.800000000,0.800000000,-0.300000000,8.494405373,0.166893755,-0.005543784,10.313855026,9.606940498,3572,1206,0
167.500000000,121.500000000,118.500000000,-1.800000000,0.800000000,-0.300000000,0.000000000,0.000000000,-1.800000000,0.800000000,-0.300000000,8.494405269,0.166894075,-0.005543776,10.313854903,9.606940374,3575,1207,0
167.500000000,121.500000000,118.500000000,-1.800000000,0.800000000,-0.300000000,0.000000000,0.000000000,-1.800000000,0.800000000,-0.300000000,8.494405269,0.166894075,-0.005543776,10.313854903,9.606940374,3575,1207,0
167.600000000,121.600000000,118.600000000,-1.800000000,0.800000000,-0.300000000,0.000000000,0.000000000,-1.800000000,0.800000000,-0.300000000,8.494405114,0.166893765,-0.005543226,10.313854767,9.606940099,3578,1208,0
167.600000000,121.600000000,118.600000000,-1.800000000,0.800000000,-0.300000000,0.000000000,0.000000000,-1.800000000,0.800000000,-0.300000000,8.494405114,0.166893765,-0.005543226,10.313854767,9.606940099,3578,1208,0
167.700000000,121.700000000,118.700000000,-1.800000000,0.800000000,-0.300000000,0.000000000,0.000000000,-1.800000000,0.800000000,-0.300000000,8.494404998,0.166893701,-0.005542860,10.313854655,9.606939894,3581,1209,0
167.700000000,121.700000000,118.700000000,-1.800000000,0.800000000,-0.300000000,0.000000000,0.000000000,-1.800000000,0.800000000,-0.300000000,8.494404998,0.166893701,-0.005542860,10.313854655,9.606939894,3581,1209,0
167.800000000,121.800000000,118.800000000,-1.800000000,0.800000000,-0.300000000,0.000000000,0.000000000,-1.800000000,0.800000000,-0.300000000,8.494405064,0.166893949,-0.005542791,10.313854706,9.606939928,3584,1210,0
167.800000000,121.800000000,118.800000000,-1.800000000,0.800000000,-0.300000000,0.000000000,0.000000000,-1.800000000,0.800000000,-0.300000000,8.494405064,0.166893949,-0.005542791,10.313854706,9.606939928,3584,1210,0
167.900000000,121.900000000,118.900000000,-1.800000000,0.800000000,-0.300000000,0.000000000,0.000000000,-1.800000000,0.800000000,-0.300000000,8.494405034,0.166893705,-0.005542300,10.313854690,9.606939788,3587,1211,0
167.900000000,121.900000000,118.900000000,-1.800000000,0.800000000,-0.300000000,0.000000000,0.000000000,-1.800000000,0.800000000,-0.300000000,8.494405034,0.166893705,-0.005542300,10.313854690,9.606939788,3587,1211,0
168.000000000,122.000000000,119.000000000,-1.800000000,0.800000000,-0.300000000,0.000000000,0.000000000,-1.800000000,0.800000000,-0.300000000,8.494405015,0.166893933,-0.005542206,10.313854657,9.606939732,3590,1212,0
168.000000000,122.000000000,119.000000000,-1.800000000,0.800000000,-0.300000000,0.000000000,0.000000000,-1.800000000,0.800000000,-0.300000000,8.494405015,0.166893933,-0.005542206,10.313854657,9.606939732,3590,1212,0
168.100000000,122.100000000,119.100000000,-1.800000000,0.800000000,-0.300000000,0.000000000,0.000000000,-1.800000000,0.800000000,-0.300000000,8.494404797,0.166893820,-0.005541830,10.313854447,9.606939427,3593,1213,0
168.100000000,122.100000000,119.100000000,-1.800000000,0.800000000,-0.300000000,0.000000000,0.000000000,-1.800000000,0.800000000,-0.300000000,8.494404797,0.166893820,-0.005541830,10.313854447,9.606939427,3593,1213,0
168.200000000,122.200000000,119.200000000,-1.800000000,0.800000000,-0.300000000,0.000000000,0.000000000,-1.800000000,0.800000000,-0.300000000,8.494404811,0.166893750,-0.005541486,10.313854466,9.606939359,3596,1214,0
168.200000000,122.200000000,119.200000000,-1.800000000,0.800000000,-0.300000000,0.000000000,0.000000000,-1.800000000,0.800000000,-0.300000000,8.494404811,0.166893750,-0.005541486,10.313854466,9.606939359,3596,1214,0
168.300000000,122.300000000,119.300000000,-1.800000000,0.800000000,-0.300000000,0.000000000,0.000000000,-1.800000000,0.800000000,-0.300000000,8.494404828,0.166893890,-0.005541420,10.313854474,9.606939351,3598,1215,0
168.300000000,122.300000000,119.300000000,-1.800000000,0.800000000,-0.300000000,0.000000000,0.000000000,-1.800000000,0.800000000,-0.300000000,8.494404820,0.166893934,-0.005541366,10.313854463,9.606939326,3599,1215,0
168.400000000,122.400000000,119.400000000,-1.800000000,0.800000000,-0.300000000,0.000000000,0.000000000,-1.800000000,0.800000000,-0.300000000,8.494404829,0.166893753,-0.005541024,10.313854483,9.606939259,3601,1216,0
168.400000000,122.400000000,119.400000000,-1.800000000,0.800000000,-0.300000000,0.000000000,0.000000000,-1.800000000,0.800000000,-0.300000000,8.494404829,0.166893753,-0.005541024,10.313854483,9.606939259,3601,1216,0
168.500000000,122.500000000,119.500000000,-1.800000000,0.800000000,-0.300000000,0.000000000,0.000000000,-1.800000000,0.800000000,-0.300000000,8.494404701,0.166893599,-0.005540589,10.313854365,9.606939031,3604,1217,0
168.500000000,122.500000000,119.500000000,-1.800000000,0.800000000,-0.300000000,0.000000000,0.000000000,-1.800000000,0.800000000,-0.300000000,8.494404701,0.166893599,-0.005540589,10.313854365,9.606939031,3604,1217,0
168.600000000,122.600000000,119.600000000,-1.800000000,0.800000000,-0.300000000,0.000000000,0.000000000,-1.800000000,0.800000000,-0.300000000,8.494404581,0.166893979,-0.005540631,10.313854222,9.606938900,3607,1218,0
168.600000000,122.600000000,119.600000000,-1.800000000,0.800000000,-0.300000000,0.000000000,0.000000000,-1.800000000,0.800000000,-0.300000000,8.494404581,0.166893979,-0.005540631,10.313854222,9.606938900,3607,1218,0
168.700000000,122.700000000,119.700000000,-1.800000000,0.800000000,-0.300000000,0.000000000,0.000000000,-1.800000000,0.800000000,-0.300000000,8.494404505,0.166893771,-0.005540188,10.313854159,9.606938724,3610,1219,0
168.700000000,122.700000000,119.700000000,-1.800000000,0.800000000,-0.300000000,0.000000000,0.000000000,-1.800000000,0.800000000,-0.300000000,8.494404505,0.166893771,-0.005540188,10.313854159,9.606938724,3610,1219,0
168.800000000,122.800000000,119.800000000,-1.800000000,0.800000000,-0.300000000,0.000000000,0.000000000,-1.800000000,0.800000000,-0.300000000,8.494404439,0.166893829,-0.005539956,10.313854090,9.606938597,3613,1220,0
168.800000000,122.800000000,119.800000000,-1.800000000,0.800000000,-0.300000000,0.000000000,0.000000000,-1.800000000,0.800000000,-0.300000000,8.494404439,0.166893829,-0.005539956,10.313854090,9.606938597,3613,1220,0
168.900000000,122.900000000,119.900000000,-1.800000000,0.800000000,-0.300000000,0.000000000,0.000000000,-1.800000000,0.800000000,-0.300000000,8.494404483,0.166893767,-0.005539622,10.313854137,9.606938560,3616,1221,0
168.900000000,122.900000000,119.900000000,-1.800000000,0.800000000,-0.300000000,0.000000000,0.000000000,-1.800000000,0.800000000,-0.300000000,8.494404483,0.166893767,-0.005539622,10.313854137,9.606938560,3616,1221,0
169.000000000,123.000000000,120.000000000,-1.800000000,0.800000000,-0.300000000,0.000000000,0.000000000,-1.800000000,0.800000000,-0.300000000,8.494404358,0.166893834,-0.005539398,10.313854008,9.606938374,3619,1222,0
169.000000000,123.000000000,120.000000000,-1.800000000,0.800000000,-0.300000000,0.000000000,0.000000000,-1.800000000,0.800000000,-0.300000000,8.494404358,0.166893834,-0.005539398,10.313854008,9.606938374,3619,1222,0
169.100000000,123.100000000,120.100000000,-1.800000000,0.800000000,-0.300000000,0.000000000,0.000000000,-1.800000000,0.800000000,-0.300000000,8.494404213,0.166893752,-0.005539051,10.313853868,9.606938147,3622,1223,0
169.100000000,123.100000000,120.100000000,-1.800000000,0.800000000,-0.300000000,0.000000000,0.000000000,-1.800000000,0.800000000,-0.300000000,8.494404213,0.166893752,-0.005539051,10.313853868,9.606938147,3622,1223,0
169.200000000,123.200000000,120.200000000,-1.800000000,0.800000000,-0.300000000,0.000000000,0.000000000,-1.800000000,0.800000000,-0.300000000,8.494404258,0.166893823,-0.005538835,10.313853909,9.606938134,3625,1224,0
169.200000000,123.200000000,120.200000000,-1.800000000,0.800000000,-0.300000000,0.000000000,0.000000000,-1.800000000,0.800000000,-0.300000000,8.494404258,0.166893823,-0.005538835,10.313853909,9.606938134,3625,1224,0
169.300000000,123.300000000,120.300000000,-1.800000000,0.800000000,-0.300000000,0.000000000,0.000000000,-1.800000000,0.800000000,-0.300000000,8.494404350,0.166893974,-0.005538703,10.313853992,9.606938183,3628,1225,0
169.300000000,123.300000000,120.300000000,-1.800000000,0.800000000,-0.300000000,0.000000000,0.000000000,-1.800000000,0.800000000,-0.300000000,8.494404350,0.166893974,-0.005538703,10.313853992,9.606938183,3628,1225,0
169.400000000,123.400000000,120.400000000,-1.800000000,0.800000000,-0.300000000,0.000000000,0.000000000,-1.800000000,0.800000000,-0.300000000,8.494404248,0.166893546,-0.005538051,10.313853916,9.606937941,3631,1226,0
169.400000000,123.400000000,120.400000000,-1.800000000,0.800000000,-0.300000000,0.000000000,0.000000000,-1.800000000,0.800000000,-0.300000000,8.494404248,0.166893546,-0.005538051,10.313853916,9.606937941,3631,1226,0
169.500000000,123.500000000,120.500000000,-1.800000000,0.800000000,-0.300000000,0.000000000,0.000000000,-1.800000000,0.800000000,-0.300000000,8.494404095,0.166893794,-0.005537954,10.313853748,9.606937750,3634,1227,0
169.500000000,123.500000000,120.500000000,-1.800000000,0.800000000,-0.300000000,0.000000000,0.000000000,-1.800000000,0.800000000,-0.300000000,8.494404095,0.166893794,-0.005537954,10.313853748,9.606937750,3634,1227,0
169.600000000,123.600000000,120.600000000,-1.800000000,0.800000000,-0.300000000,0.000000000,0.000000000,-1.800000000,0.800000000,-0.300000000,8.494404005,0.166894061,-0.005537922,10.313853642,9.606937636,3637,1228,0
169.600000000,123.600000000,120.600000000,-1.800000000,0.800000000,-0.300000000,0.000000000,0.000000000,-1.800000000,0.800000000,-0.300000000,8.494404005,0.166894061,-0.005537922,10.313853642,9.606937636,3637,1228,0
169.700000000,123.700000000,120.700000000,-1.800000000,0.800000000,-0.300000000,0.000000000,0.000000000,-1.800000000,0.800000000,-0.300000000,8.494404006,0.166893590,-0.005537249,10.313853671,9.606937495,3640,1229,0
169.700000000,123.700000000,120.700000000,-1.800000000,0.800000000,-0.300000000,0.000000000,0.000000000,-1.800000000,0.800000000,-0.300000000,8.494404006,0.166893590,-0.005537249,10.313853671,9.606937495,3640,1229,0
169.800000000,123.800000000,120.800000000,-1.800000000,0.800000000,-0.300000000,0.000000000,0.000000000,-1.800000000,0.800000000,-0.300000000,8.494404126,0.166893674,-0.005537018,10.313853786,9.606937551,3643,1230,0
169.800000000,123.800000000,120.800000000,-1.800000000,0.800000000,-0.300000000,0.000000000,0.000000000,-1.800000000,0.800000000,-0.300000000,8.494404126,0.166893674,-0.005537018,10.313853786,9.606937551,3643,1230,0
169.900000000,123.900000000,120.900000000,-1.800000000,0.800000000,-0.300000000,0.000000000,0.000000000,-1.800000000,0.800000000,-0.300000000,8.494403958,0.166894128,-0.005537125,10.313853591,9.606937384,3646,1231,0
169.900000000,123.900000000,120.900000000,-1.800000000,0.800000000,-0.300000000,0.000000000,0.000000000,-1.800000000,0.800000000,-0.300000000,8.494403958,0.166894128,-0.005537125,10.313853591,9.606937384,3646,1231,0
170.000000000,124.000000000,121.000000000,-1.800000000,0.800000000,-0.300000000,0.000000000,0.000000000,-1.800000000,0.800000000,-0.300000000,8.494403840,0.166893979,-0.005536866,10.313853482,9.606937210,3648,1232,0
170.000000000,124.000000000,121.000000000,-1.800000000,0.800000000,-0.300000000,0.000000000,0.000000000,-1.800000000,0.800000000,-0.300000000,8.494403886,0.166893762,-0.005536601,10.313853542,9.606937202,3649,1232,0
170.100000000,124.100000000,121.100000000,-1.800000000,0.800000000,-0.300000000,0.000000000,0.000000000,-1.800000000,0.800000000,-0.300000000,8.494403795,0.166893555,-0.005536259,10.313853463,9.606937037,3651,1233,0
170.100000000,124.100000000,121.100000000,-1.800000000,0.800000000,-0.300000000,0.000000000,0.000000000,-1.800000000,0.800000000,-0.300000000,8.494403795,0.166893555,-0.005536259,10.313853463,9.606937037,3651,1233,0
170.200000000,124.200000000,121.200000000,-1.800000000,0.800000000,-0.300000000,0.000000000,0.000000000,-1.800000000,0.800000000,-0.300000000,8.494403787,0.166893977,-0.005536323,10.313853430,9.606937021,3654,1234,0
170.200000000,124.200000000,121.200000000,-1.800000000,0.800000000,-0.300000000,0.000000000,0.000000000,-1.800000000,0.800000000,-0.300000000,8.494403787,0.166893977,-0.005536323,10.313853430,9.606937021,3654,1234,0
170.300000000,124.300000000,121.300000000,-1.800000000,0.800000000,-0.300000000,0.000000000,0.000000000,-1.800000000,0.800000000,-0.300000000,8.494403714,0.166893912,-0.005536066,10.313853361,9.606936887,3657,1235,0
170.300000000,124.300000000,121.300000000,-1.800000000,0.800000000,-0.300000000,0.000000000,0.000000000,-1.800000000,0.800000000,-0.300000000,8.494403714,0.166893912,-0.005536066,10.313853361,9.606936887,3657,1235,0
170.400000000,124.400000000,121.400000000,-1.800000000,0.800000000,-0.300000000,0.000000000,0.000000000,-1.800000000,0.800000000,-0.300000000,8.494403674,0.166893710,-0.005535708,10.313853334,9.606936768,3660,1236,0
170.400000000,124.400000000,121.400000000,-1.800000000,0.800000000,-0.300000000,0.000000000,0.000000000,-1.800000000,0.800000000,-0.300000000,8.494403674,0.166893710,-0.005535708,10.313853334,9.606936768,3660,1236,0
170.500000000,124.500000000,121.500000000,-1.800000000,0.800000000,-0.300000000,0.000000000,0.000000000,-1.800000000,0.800000000,-0.300000000,8.494403554,0.166894034,-0.005535761,10.313853193,9.606936643,3663,1237,0
170.500000000,124.500000000,121.500000000,-1.800000000,0.800000000,-0.300000000,0.000000000,0.000000000,-1.800000000,0.800000000,-0.300000000,8.494403554,0.166894034,-0.005535761,10.313853193,9.606936643,3663,1237,0
170.600000000,124.600000000,121.600000000,-1.800000000,0.800000000,-0.300000000,0.000000000,0.000000000,-1.800000000,0.800000000,-0.300000000,8.494403552,0.166893858,-0.005535486,10.313853202,9.606936582,3666,1238,0
170.600000000,124.600000000,121.600000000,-1.800000000,0.800000000,-0.300000000,0.000000000,0.000000000,-1.800000000,0.800000000,-0.300000000,8.494403552,0.166893858,-0.005535486,10.313853202,9.606936582,3666,1238,0
170.700000000,124.700000000,121.700000000,-1.800000000,0.800000000,-0.300000000,0.000000000,0.000000000,-1.800000000,0.800000000,-0.300000000,8.494403545,0.166893816,-0.005535251,10.313853198,9.606936518,3669,1239,0
170.700000000,124.700000000,121.700000000,-1.800000000,0.800000000,-0.300000000,0.000000000,0.000000000,-1.800000000,0.800000000,-0.300000000,8.494403545,0.166893816,-0.005535251,10.313853198,9.606936518,3669,1239,0
170.800000000,124.800000000,121.800000000,-1.800000000,0.800000000,-0.300000000,0.000000000,0.000000000,-1.800000000,0.800000000,-0.300000000,8.494403534,0.166894051,-0.005535421,10.313853172,9.606936536,3672,1240,0
170.800000000,124.800000000,121.800000000,-1.800000000,0.800000000,-0.300000000,0.000000000,0.000000000,-1.800000000,0.800000000,-0.300000000,8.494403534,0.166894051,-0.005535421,10.313853172,9.606936536,3672,1240,0
170.900000000,124.900000000,121.900000000,-1.800000000,0.800000000,-0.300000000,0.000000000,0.000000000,-1.800000000,0.800000000,-0.300000000,8.494403388,0.166894024,-0.005535250,10.313853029,9.606936349,3675,1241,0
170.900000000,124.900000000,121.900000000,-1.800000000,0.800000000,-0.300000000,0.000000000,0.000000000,-1.800000000,0.800000000,-0.300000000,8.494403388,0.166894024,-0.005535250,10.313853029,9.606936349,3675,1241,0
171.000000000,125.000000000,122.000000000,-1.800000000,0.800000000,-0.300000000,0.000000000,0.000000000,-1.800000000,0.800000000,-0.300000000,8.494403224,0.166893753,-0.005534861,10.313852881,9.606936103,3678,1242,0
171.000000000,125.000000000,122.000000000,-1.800000000,0.800000000,-0.300000000,0.000000000,0.000000000,-1.800000000,0.800000000,-0.300000000,8.494403224,0.166893753,-0.005534861,10.313852881,9.606936103,3678,1242,0
171.100000000,125.100000000,122.100000000,-1.800000000,0.800000000,-0.300000000,0.000000000,0.000000000,-1.800000000,0.800000000,-0.300000000,8.494403207,0.166894051,-0.005535106,10.313852846,9.606936130,3681,1243,0
171.100000000,125.100000000,122.100000000,-1.800000000,0.800000000,-0.300000000,0.000000000,0.000000000,-1.800000000,0.800000000,-0.300000000,8.494403207,0.166894051,-0.005535106,10.313852846,9.606936130,3681,1243,0
171.200000000,125.200000000,122.200000000,-1.800000000,0.800000000,-0.300000000,0.000000000,0.000000000,-1.800000000,0.800000000,-0.300000000,8.494403295,0.166893905,-0.005534781,10.313852943,9.606936145,3684,1244,0
171.200000000,125.200000000,122.200000000,-1.800000000,0.800000000,-0.300000000,0.000000000,0.000000000,-1.800000000,0.800000000,-0.300000000,8.494403295,0.166893905,-0.005534781,10.313852943,9.606936145,3684,1244,0
171.300000000,125.300000000,122.300000000,-1.800000000,0.800000000,-0.300000000,0.000000000,0.000000000,-1.800000000,0.800000000,-0.300000000,8.494403276,0.166893869,-0.005534728,10.313852926,9.606936114,3687,1245,0
171.300000000,125.300000000,122.300000000,-1.800000000,0.800000000,-0.300000000,0.000000000,0.000000000,-1.800000000,0.800000000,-0.300000000,8.494403276,0.166893869,-0.005534728,10.313852926,9.606936114,3687,1245,0
171.400000000,125.400000000,122.400000000,-1.800000000,0.800000000,-0.300000000,0.000000000,0.000000000,-1.800000000,0.800000000,-0.300000000,8.494403198,0.166894083,-0.005534716,10.313852835,9.606936020,3690,1246,0
171.400000000,125.400000000,122.400000000,-1.800000000,0.800000000,-0.300000000,0.000000000,0.000000000,-1.800000000,0.800000000,-0.300000000,8.494403198,0.166894083,-0.005534716,10.313852835,9.606936020,3690,1246,0
171.500000000,125.500000000,122.500000000,-1.800000000,0.800000000,-0.300000000,0.000000000,0.000000000,-1.800000000,0.800000000,-0.300000000,8.494402925,0.166893803,-0.005534286,10.313852580,9.606935656,3693,1247,0
171.500000000,125.500000000,122.500000000,-1.800000000,0.800000000,-0.300000000,0.000000000,0.000000000,-1.800000000,0.800000000,-0.300000000,8.494402925,0.166893803,-0.005534286,10.313852580,9.606935656,3693,1247,0
171.600000000,125.600000000,122.600000000,-1.800000000,0.800000000,-0.300000000,0.000000000,0.000000000,-1.800000000,0.800000000,-0.300000000,8.494402786,0.166893886,-0.005534290,10.313852436,9.606935514,3696,1248,0
171.600000000,125.600000000,122.600000000,-1.800000000,0.800000000,-0.300000000,0.000000000,0.000000000,-1.800000000,0.800000000,-0.300000000,8.494402786,0.166893886,-0.005534290,10.313852436,9.606935514,3696,1248,0
171.700000000,125.700000000,122.700000000,-1.800000000,0.800000000,-0.300000000,0.000000000,0.000000000,-1.800000000,0.800000000,-0.300000000,8.494402889,0.166894010,-0.005534322,10.313852531,9.606935617,3698,1249,0
171.700000000,125.700000000,122.700000000,-1.800000000,0.800000000,-0.300000000,0.000000000,0.000000000,-1.800000000,0.800000000,-0.300000000,8.494403051,0.166893982,-0.005534281,10.313852694,9.606935770,3699,1249,0
171.800000000,125.800000000,122.800000000,-1.800000000,0.800000000,-0.300000000,0.000000000,0.000000000,-1.800000000,0.800000000,-0.300000000,8.494403109,0.166893721,-0.005533972,10.313852769,9.606935766,3701,1250,0
171.800000000,125.800000000,122.800000000,-1.800000000,0.800000000,-0.300000000,0.000000000,0.000000000,-1.800000000,0.800000000,-0.300000000,8.494403109,0.166893721,-0.005533972,10.313852769,9.606935766,3701,1250,0
171.900000000,125.900000000,122.900000000,-1.800000000,0.800000000,-0.300000000,0.000000000,0.000000000,-1.800000000,0.800000000,-0.300000000,8.494402855,0.166894007,-0.005534079,10.313852497,9.606935522,3704,1251,0
171.900000000,125.900000000,122.900000000,-1.800000000,0.800000000,-0.300000000,0.000000000,0.000000000,-1.800000000,0.800000000,-0.300000000,8.494402855,0.166894007,-0.005534079,10.313852497,9.606935522,3704,1251,0
172.000000000,126.000000000,123.000000000,-1.800000000,0.800000000,-0.300000000,0.000000000,0.000000000,-1.800000000,0.800000000,-0.300000000,8.494402662,0.166894164,-0.005534054,10.313852295,9.606935314,3707,1252,0
172.000000000,126.000000000,123.000000000,-1.800000000,0.800000000,-0.300000000,0.000000000,0.000000000,-1.800000000,0.800000000,-0.300000000,8.494402662,0.166894164,-0.005534054,10.313852295,9.606935314,3707,1252,0
172.100000000,126.100000000,123.100000000,-1.800000000,0.800000000,-0.300000000,0.000000000,0.000000000,-1.800000000,0.800000000,-0.300000000,8.494402737,0.166893617,-0.005533578,10.313852403,9.606935300,3710,1253,0
172.100000000,126.100000000,123.100000000,-1.800000000,0.800000000,-0.300000000,0.000000000,0.000000000,-1.800000000,0.800000000,-0.300000000,8.494402737,0.166893617,-0.005533578,10.313852403,9.606935300,3710,1253,0
172.200000000,126.200000000,123.200000000,-1.800000000,0.800000000,-0.300000000,0.000000000,0.000000000,-1.800000000,0.800000000,-0.300000000,8.494402824,0.166894000,-0.005533666,10.313852467,9.606935388,3713,1254,0
172.200000000,126.200000000,123.200000000,-1.800000000,0.800000000,-0.300000000,0.000000000,0.000000000,-1.800000000,0.800000000,-0.300000000,8.494402824,0.166894000,-0.005533666,10.313852467,9.606935388,3713,1254,0
172.300000000,126.300000000,123.300000000,-1.800000000,0.800000000,-0.300000000,0.000000000,0.000000000,-1.800000000,0.800000000,-0.300000000,8.494402745,0.166893923,-0.005533457,10.313852393,9.606935261,3716,1255,0
172.300000000,126.300000000,123.300000000,-1.800000000,0.800000000,-0.300000000,0.000000000,0.000000000,-1.800000000,0.800000000,-0.300000000,8.494402745,0.166893923,-0.005533457,10.313852393,9.606935261,3716,1255,0
172.400000000,126.400000000,123.400000000,-1.800000000,0.800000000,-0.300000000,0.000000000,0.000000000,-1.800000000,0.800000000,-0.300000000,8.494402683,0.166893600,-0.005533041,10.313852351,9.606935113,3719,1256,0
172.400000000,126.400000000,123.400000000,-1.800000000,0.800000000,-0.300000000,0.000000000,0.000000000,-1.800000000,0.800000000,-0.300000000,8.494402683,0.166893600,-0.005533041,10.313852351,9.606935113,3719,1256,0
172.500000000,126.500000000,123.500000000,-1.800000000,0.800000000,-0.300000000,0.000000000,0.000000000,-1.800000000,0.800000000,-0.300000000,8.494402549,0.166894244,-0.005533342,10.313852178,9.606935017,3722,1257,0
172.500000000,126.500000000,123.500000000,-1.800000000,0.800000000,-0.300000000,0.000000000,0.000000000,-1.800000000,0.800000000,-0.300000000,8.494402549,0.166894244,-0.005533342,10.313852178,9.606935017,3722,1257,0
172.600000000,126.600000000,123.600000000,-1.800000000,0.800000000,-0.300000000,0.000000000,0.000000000,-1.800000000,0.800000000,-0.300000000,8.494402513,0.166893836,-0.005532994,10.313852166,9.606934917,3725,1258,0
172.600000000,126.600000000,123.600000000,-1.800000000,0.800000000,-0.300000000,0.000000000,0.000000000,-1.800000000,0.800000000,-0.300000000,8.494402513,0.166893836,-0.005532994,10.313852166,9.606934917,3725,1258,0
172.700000000,126.700000000,123.700000000,-1.800000000,0.800000000,-0.300000000,0.000000000,0.000000000,-1.800000000,0.800000000,-0.300000000,8.494402576,0.166893779,-0.005532701,10.313852233,9.606934910,3728,1259,0
172.700000000,126.700000000,123.700000000,-1.800000000,0.800000000,-0.300000000,0.000000000,0.000000000,-1.800000000,0.800000000,-0.300000000,8.494402576,0.166893779,-0.005532701,10.313852233,9.606934910,3728,1259,0
172.800000000,126.800000000,123.800000000,-1.800000000,0.800000000,-0.300000000,0.000000000,0.000000000,-1.800000000,0.800000000,-0.300000000,8.494402421,0.166894009,-0.005532704,10.313852064,9.606934742,3731,1260,0
172.800000000,126.800000000,123.800000000,-1.800000000,0.800000000,-0.300000000,0.000000000,0.000000000,-1.800000000,0.800000000,-0.300000000,8.494402421,0.166894009,-0.005532704,10.313852064,9.606934742,3731,1260,0
172.900000000,126.900000000,123.900000000,-1.800000000,0.800000000,-0.300000000,0.000000000,0.000000000,-1.800000000,0.800000000,-0.300000000,8.494402332,0.166893960,-0.005532628,10.313851978,9.606934636,3734,1261,0
172.900000000,126.900000000,123.900000000,-1.800000000,0.800000000,-0.300000000,0.000000000,0.000000000,-1.800000000,0.800000000,-0.300000000,8.494402332,0.166893960,-0.005532628,10.313851978,9.606934636,3734,1261,0
173.000000000,127.000000000,124.000000000,-1.800000000,0.800000000,-0.300000000,0.000000000,0.000000000,-1.800000000,0.800000000,-0.300000000,8.494402450,0.166893814,-0.005532397,10.313852105,9.606934705,3737,1262,0
173.000000000,127.000000000,124.000000000,-1.800000000,0.800000000,-0.300000000,0.000000000,0.000000000,-1.800000000,0.800000000,-0.300000000,8.494402450,0.166893814,-0.005532397,10.313852105,9.606934705,3737,1262,0
173.100000000,127.100000000,124.100000000,-1.800000000,0.800000000,-0.300000000,0.000000000,0.000000000,-1.800000000,0.800000000,-0.300000000,8.494402351,0.166894072,-0.005532300,10.313851991,9.606934567,3740,1263,0
173.100000000,127.100000000,124.100000000,-1.800000000,0.800000000,-0.300000000,0.000000000,0.000000000,-1.800000000,0.800000000,-0.300000000,8.494402351,0.166894072,-0.005532300,10.313851991,9.606934567,3740,1263,0
173.200000000,127.200000000,124.200000000,-1.800000000,0.800000000,-0.300000000,0.000000000,0.000000000,-1.800000000,0.800000000,-0.300000000,8.494402219,0.166894046,-0.005532078,10.313851860,9.606934380,3743,1264,0
173.200000000,127.200000000,124.200000000,-1.800000000,0.800000000,-0.300000000,0.000000000,0.000000000,-1.800000000,0.800000000,-0.300000000,8.494402219,0.166894046,-0.005532078,10.313851860,9.606934380,3743,1264,0
173.300000000,127.300000000,124.300000000,-1.800000000,0.800000000,-0.300000000,0.000000000,0.000000000,-1.800000000,0.800000000,-0.300000000,8.494402229,0.166893796,-0.005531868,10.313851886,9.606934352,3746,1265,0
173.300000000,127.300000000,124.300000000,-1.800000000,0.800000000,-0.300000000,0.000000000,0.000000000,-1.800000000,0.800000000,-0.300000000,8.494402229,0.166893796,-0.005531868,10.313851886,9.606934352,3746,1265,0
173.400000000,127.400000000,124.400000000,-1.800000000,0.800000000,-0.300000000,0.000000000,0.000000000,-1.800000000,0.800000000,-0.300000000,8.494402145,0.166893974,-0.005531724,10.313851791,9.606934221,3748,1266,0
173.400000000,127.400000000,124.400000000,-1.800000000,0.800000000,-0.300000000,0.000000000,0.000000000,-1.800000000,0.800000000,-0.300000000,8.494402243,0.166893929,-0.005531721,10.313851891,9.606934321,3749,1266,0
173.500000000,127.500000000,124.500000000,-1.800000000,0.800000000,-0.300000000,0.000000000,0.000000000,-1.800000000,0.800000000,-0.300000000,8.494402269,0.166893906,-0.005531556,10.313851919,9.606934307,3751,1267,0
173.500000000,127.500000000,124.500000000,-1.800000000,0.800000000,-0.300000000,0.000000000,0.000000000,-1.800000000,0.800000000,-0.300000000,8.494402269,0.166893906,-0.005531556,10.313851919,9.606934307,3751,1267,0
173.600000000,127.600000000,124.600000000,-1.800000000,0.800000000,-0.300000000,0.000000000,0.000000000,-1.800000000,0.800000000,-0.300000000,8.494402189,0.166894275,-0.005531446,10.313851816,9.606934178,3754,1268,0
173.600000000,127.600000000,124.600000000,-1.800000000,0.800000000,-0.300000000,0.000000000,0.000000000,-1.800000000,0.800000000,-0.300000000,8.494402189,0.166894275,-0.005531446,10.313851816,9.606934178,3754,1268,0
173.700000000,127.700000000,124.700000000,-1.800000000,0.800000000,-0.300000000,0.000000000,0.000000000,-1.800000000,0.800000000,-0.300000000,8.494402135,0.166893741,-0.005531043,10.313851796,9.606934053,3757,1269,0
173.700000000,127.700000000,124.700000000,-1.800000000,0.800000000,-0.300000000,0.000000000,0.000000000,-1.800000000,0.800000000,-0.300000000,8.494402135,0.166893741,-0.005531043,10.313851796,9.606934053,3757,1269,0
173.800000000,127.800000000,124.800000000,-1.800000000,0.800000000,-0.300000000,0.000000000,0.000000000,-1.800000000,0.800000000,-0.300000000,8.494402026,0.166894180,-0.005530885,10.313851660,9.606933879,3760,1270,0
173.800000000,127.800000000,124.800000000,-1.800000000,0.800000000,-0.300000000,0.000000000,0.000000000,-1.800000000,0.800000000,-0.300000000,8.494402026,0.166894180,-0.005530885,10.313851660,9.606933879,3760,1270,0
173.900000000,127.900000000,124.900000000,-1.800000000,0.800000000,-0.300000000,0.000000000,0.000000000,-1.800000000,0.800000000,-0.300000000,8.494402023,0.166893897,-0.005530589,10.313851674,9.606933818,3763,1271,0
173.900000000,127.900000000,124.900000000,-1.800000000,0.800000000,-0.300000000,0.000000000,0.000000000,-1.800000000,0.800000000,-0.300000000,8.494402023,0.166893897,-0.005530589,10.313851674,9.606933818,3763,1271,0
174.000000000,128.000000000,125.000000000,-1.800000000,0.800000000,-0.300000000,0.000000000,0.000000000,-1.800000000,0.800000000,-0.300000000,8.494402059,0.166894113,-0.005530465,10.313851697,9.606933810,3766,1272,0
174.000000000,128.000000000,125.000000000,-1.800000000,0.800000000,-0.300000000,0.000000000,0.000000000,-1.800000000,0.800000000,-0.300000000,8.494402059,0.166894113,-0.005530465,10.313851697,9.606933810,3766,1272,0
174.100000000,128.100000000,125.100000000,-1.800000000,0.800000000,-0.300000000,0.000000000,0.000000000,-1.800000000,0.800000000,-0.300000000,8.494401912,0.166894182,-0.005530184,10.313851546,9.606933588,3769,1273,0
174.100000000,128.100000000,125.100000000,-1.800000000,0.800000000,-0.300000000,0.000000000,0.000000000,-1.800000000,0.800000000,-0.300000000,8.494401912,0.166894182,-0.005530184,10.313851546,9.606933588,3769,1273,0
174.200000000,128.200000000,125.200000000,-1.800000000,0.800000000,-0.300000000,0.000000000,0.000000000,-1.800000000,0.800000000,-0.300000000,8.494401815,0.166893851,-0.005529794,10.313851469,9.606933412,3772,1274,0
174.200000000,128.200000000,125.200000000,-1.800000000,0.800000000,-0.300000000,0.000000000,0.000000000,-1.800000000,0.800000000,-0.300000000,8.494401815,0.166893851,-0.005529794,10.313851469,9.606933412,3772,1274,0
174.300000000,128.300000000,125.300000000,-1.800000000,0.800000000,-0.300000000,0.000000000,0.000000000,-1.800000000,0.800000000,-0.300000000,8.494401765,0.166894013,-0.005529706,10.313851410,9.606933331,3775,1275,0
174.300000000,128.300000000,125.300000000,-1.800000000,0.800000000,-0.300000000,0.000000000,0.000000000,-1.800000000,0.800000000,-0.300000000,8.494401765,0.166894013,-0.005529706,10.313851410,9.606933331,3775,1275,0
174.400000000,128.400000000,125.400000000,-1.800000000,0.800000000,-0.300000000,0.000000000,0.000000000,-1.800000000,0.800000000,-0.300000000,8.494401804,0.166894215,-0.005529309,10.313851436,9.606933258,3778,1276,0
174.400000000,128.400000000,125.400000000,-1.800000000,0.800000000,-0.300000000,0.000000000,0.000000000,-1.800000000,0.800000000,-0.300000000,8.494401804,0.166894215,-0.005529309,10.313851436,9.606933258,3778,1276,0
174.500000000,128.500000000,125.500000000,-1.800000000,0.800000000,-0.300000000,0.000000000,0.000000000,-1.800000000,0.800000000,-0.300000000,8.494401906,0.166893670,-0.005528792,10.313851571,9.606933261,3781,1277,0
174.500000000,128.500000000,125.500000000,-1.800000000,0.800000000,-0.300000000,0.000000000,0.000000000,-1.800000000,0.800000000,-0.300000000,8.494401906,0.166893670,-0.005528792,10.313851571,9.606933261,3781,1277,0
174.600000000,128.600000000,125.600000000,-1.800000000,0.800000000,-0.300000000,0.000000000,0.000000000,-1.800000000,0.800000000,-0.300000000,8.494401829,0.166894344,-0.005528791,10.313851453,9.606933145,3784,1278,0
174.600000000,128.600000000,125.600000000,-1.800000000,0.800000000,-0.300000000,0.000000000,0.000000000,-1.800000000,0.800000000,-0.300000000,8.494401829,0.166894344,-0.005528791,10.313851453,9.606933145,3784,1278,0
174.700000000,128.700000000,125.700000000,-1.800000000,0.800000000,-0.300000000,0.000000000,0.000000000,-1.800000000,0.800000000,-0.300000000,8.494401693,0.166894401,-0.005528757,10.313851314,9.606932997,3787,1279,0
174.700000000,128.700000000,125.700000000,-1.800000000,0.800000000,-0.300000000,0.000000000,0.000000000,-1.800000000,0.800000000,-0.300000000,8.494401693,0.166894401,-0.005528757,10.313851314,9.606932997,3787,1279,0
174.800000000,128.800000000,125.800000000,-1.800000000,0.800000000,-0.300000000,0.000000000,0.000000000,-1.800000000,0.800000000,-0.300000000,8.494401586,0.166893742,-0.005528047,10.313851247,9.606932749,3790,1280,0
174.800000000,128.800000000,125.800000000,-1.800000000,0.800000000,-0.300000000,0.000000000,0.000000000,-1.800000000,0.800000000,-0.300000000,8.494401586,0.166893742,-0.005528047,10.313851247,9.606932749,3790,1280,0
174.900000000,128.900000000,125.900000000,-1.800000000,0.800000000,-0.300000000,0.000000000,0.000000000,-1.800000000,0.800000000,-0.300000000,8.494401475,0.166893986,-0.005527892,10.313851122,9.606932586,3793,1281,0
174.900000000,128.900000000,125.900000000,-1.800000000,0.800000000,-0.300000000,0.000000000,0.000000000,-1.800000000,0.800000000,-0.300000000,8.494401475,0.166893986,-0.005527892,10.313851122,9.606932586,3793,1281,0
175.000000000,129.000000000,126.000000000,-1.800000000,0.800000000,-0.300000000,0.000000000,0.000000000,-1.800000000,0.800000000,-0.300000000,8.494401569,0.166894489,-0.005527867,10.313851184,9.606932643,3796,1282,0
175.000000000,129.000000000,126.000000000,-1.800000000,0.800000000,-0.300000000,0.000000000,0.000000000,-1.800000000,0.800000000,-0.300000000,8.494401569,0.166894489,-0.005527867,10.313851184,9.606932643,3796,1282,0
175.100000000,129.100000000,126.100000000,-1.800000000,0.800000000,-0.300000000,0.000000000,0.000000000,-1.800000000,0.800000000,-0.300000000,8.494401645,0.166894245,-0.005527426,10.313851276,9.606932623,3798,1283,0
175.100000000,129.100000000,126.100000000,-1.800000000,0.800000000,-0.300000000,0.000000000,0.000000000,-1.800000000,0.800000000,-0.300000000,8.494401658,0.166893926,-0.005527127,10.313851308,9.606932579,3799,1283,0
175.200000000,129.200000000,126.200000000,-1.800000000,0.800000000,-0.300000000,0.000000000,0.000000000,-1.800000000,0.800000000,-0.300000000,8.494401543,0.166893939,-0.005526808,10.313851192,9.606932382,3801,1284,0
175.200000000,129.200000000,126.200000000,-1.800000000,0.800000000,-0.300000000,0.000000000,0.000000000,-1.800000000,0.800000000,-0.300000000,8.494401543,0.166893939,-0.005526808,10.313851192,9.606932382,3801,1284,0
175.300000000,129.300000000,126.300000000,-1.800000000,0.800000000,-0.300000000,0.000000000,0.000000000,-1.800000000,0.800000000,-0.300000000,8.494401419,0.166894266,-0.005526964,10.313851048,9.606932279,3804,1285,0
175.300000000,129.300000000,126.300000000,-1.800000000,0.800000000,-0.300000000,0.000000000,0.000000000,-1.800000000,0.800000000,-0.300000000,8.494401419,0.166894266,-0.005526964,10.313851048,9.606932279,3804,1285,0
175.400000000,129.400000000,126.400000000,-1.800000000,0.800000000,-0.300000000,0.000000000,0.000000000,-1.800000000,0.800000000,-0.300000000,8.494401359,0.166894229,-0.005526387,10.313850990,9.606932075,3807,1286,0
175.400000000,129.400000000,126.400000000,-1.800000000,0.800000000,-0.300000000,0.000000000,0.000000000,-1.800000000,0.800000000,-0.300000000,8.494401359,0.166894229,-0.005526387,10.313850990,9.606932075,3807,1286,0
175.500000000,129.500000000,126.500000000,-1.800000000,0.800000000,-0.300000000,0.000000000,0.000000000,-1.800000000,0.800000000,-0.300000000,8.494401375,0.166894119,-0.005526045,10.313851013,9.606932011,3810,1287,0
175.500000000,129.500000000,126.500000000,-1.800000000,0.800000000,-0.300000000,0.000000000,0.000000000,-1.800000000,0.800000000,-0.300000000,8.494401375,0.166894119,-0.005526045,10.313851013,9.606932011,3810,1287,0
175.600000000,129.600000000,126.600000000,-1.800000000,0.800000000,-0.300000000,0.000000000,0.000000000,-1.800000000,0.800000000,-0.300000000,8.494401305,0.166894198,-0.005525895,10.313850938,9.606931899,3813,1288,0
175.600000000,129.600000000,126.600000000,-1.800000000,0.800000000,-0.300000000,0.000000000,0.000000000,-1.800000000,0.800000000,-0.300000000,8.494401305,0.166894198,-0.005525895,10.313850938,9.606931899,3813,1288,0
175.700000000,129.700000000,126.700000000,-1.800000000,0.800000000,-0.300000000,0.000000000,0.000000000,-1.800000000,0.800000000,-0.300000000,8.494401280,0.166894065,-0.005525291,10.313850922,9.606931730,3816,1289,0
175.700000000,129.700000000,126.700000000,-1.800000000,0.800000000,-0.300000000,0.000000000,0.000000000,-1.800000000,0.800000000,-0.300000000,8.494401280,0.166894065,-0.005525291,10.313850922,9.606931730,3816,1289,0
175.800000000,129.800000000,126.800000000,-1.800000000,0.800000000,-0.300000000,0.000000000,0.000000000,-1.800000000,0.800000000,-0.300000000,8.494401217,0.166894243,-0.005525077,10.313850848,9.606931603,3819,1290,0
175.800000000,129.800000000,126.800000000,-1.800000000,0.800000000,-0.300000000,0.000000000,0.000000000,-1.800000000,0.800000000,-0.300000000,8.494401217,0.166894243,-0.005525077,10.313850848,9.606931603,3819,1290,0
175.900000000,129.900000000,126.900000000,-1.800000000,0.800000000,-0.300000000,0.000000000,0.000000000,-1.800000000,0.800000000,-0.300000000,8.494401175,0.166894418,-0.005525036,10.313850795,9.606931540,3822,1291,0
175.900000000,129.900000000,126.900000000,-1.800000000,0.800000000,-0.300000000,0.000000000,0.000000000,-1.800000000,0.800000000,-0.300000000,8.494401175,0.166894418,-0.005525036,10.313850795,9.606931540,3822,1291,0
176.000000000,130.000000000,127.000000000,-1.800000000,0.800000000,-0.300000000,0.000000000,0.000000000,-1.800000000,0.800000000,-0.300000000,8.494401248,0.166893996,-0.005524351,10.313850894,9.606931464,3825,1292,0
176.000000000,130.000000000,127.000000000,-1.800000000,0.800000000,-0.300000000,0.000000000,0.000000000,-1.800000000,0.800000000,-0.300000000,8.494401248,0.166893996,-0.005524351,10.313850894,9.606931464,3825,1292,0
176.100000000,130.100000000,127.100000000,-1.800000000,0.800000000,-0.300000000,0.000000000,0.000000000,-1.800000000,0.800000000,-0.300000000,8.494401300,0.166893997,-0.005523971,10.313850946,9.606931421,3828,1293,0
176.100000000,130.100000000,127.100000000,-1.800000000,0.800000000,-0.300000000,0.000000000,0.000000000,-1.800000000,0.800000000,-0.300000000,8.494401300,0.166893997,-0.005523971,10.313850946,9.606931421,3828,1293,0
176.200000000,130.200000000,127.200000000,-1.800000000,0.800000000,-0.300000000,0.000000000,0.000000000,-1.800000000,0.800000000,-0.300000000,8.494401160,0.166894258,-0.005523972,10.313850790,9.606931266,3831,1294,0
176.200000000,130.200000000,127.200000000,-1.800000000,0.800000000,-0.300000000,0.000000000,0.000000000,-1.800000000,0.800000000,-0.300000000,8.494401160,0.166894258,-0.005523972,10.313850790,9.606931266,3831,1294,0
176.300000000,130.300000000,127.300000000,-1.800000000,0.800000000,-0.300000000,0.000000000,0.000000000,-1.800000000,0.800000000,-0.300000000,8.494400990,0.166894217,-0.005523463,10.313850623,9.606930970,3834,1295,0
176.300000000,130.300000000,127.300000000,-1.800000000,0.800000000,-0.300000000,0.000000000,0.000000000,-1.800000000,0.800000000,-0.300000000,8.494400990,0.166894217,-0.005523463,10.313850623,9.606930970,3834,1295,0
176.400000000,130.400000000,127.400000000,-1.800000000,0.800000000,-0.300000000,0.000000000,0.000000000,-1.800000000,0.800000000,-0.300000000,8.494400913,0.166894152,-0.005523127,10.313850550,9.606930812,3837,1296,0
176.400000000,130.400000000,127.400000000,-1.800000000,0.800000000,-0.300000000,0.000000000,0.000000000,-1.800000000,0.800000000,-0.300000000,8.494400913,0.166894152,-0.005523127,10.313850550,9.606930812,3837,1296,0
176.500000000,130.500000000,127.500000000,-1.800000000,0.800000000,-0.300000000,0.000000000,0.000000000,-1.800000000,0.800000000,-0.300000000,8.494400885,0.166894206,-0.005522958,10.313850519,9.606930739,3840,1297,0
176.500000000,130.500000000,127.500000000,-1.800000000,0.800000000,-0.300000000,0.000000000,0.000000000,-1.800000000,0.800000000,-0.300000000,8.494400885,0.166894206,-0.005522958,10.313850519,9.606930739,3840,1297,0
176.600000000,130.600000000,127.600000000,-1.800000000,0.800000000,-0.300000000,0.000000000,0.000000000,-1.800000000,0.800000000,-0.300000000,8.494400899,0.166894151,-0.005522446,10.313850536,9.606930627,3843,1298,0
176.600000000,130.600000000,127.600000000,-1.800000000,0.800000000,-0.300000000,0.000000000,0.000000000,-1.800000000,0.800000000,-0.300000000,8.494400899,0.166894151,-0.005522446,10.313850536,9.606930627,3843,1298,0
176.700000000,130.700000000,127.700000000,-1.800000000,0.800000000,-0.300000000,0.000000000,0.000000000,-1.800000000,0.800000000,-0.300000000,8.494400953,0.166894345,-0.005522329,10.313850578,9.606930640,3846,1299,0
176.700000000,130.700000000,127.700000000,-1.800000000,0.800000000,-0.300000000,0.000000000,0.000000000,-1.800000000,0.800000000,-0.300000000,8.494400953,0.166894345,-0.005522329,10.313850578,9.606930640,3846,1299,0
176.800000000,130.800000000,127.800000000,-1.800000000,0.800000000,-0.300000000,0.000000000,0.000000000,-1.800000000,0.800000000,-0.300000000,8.494400830,0.166894230,-0.005521902,10.313850463,9.606930416,3849,1300,0
176.800000000,130.800000000,127.800000000,-1.800000000,0.800000000,-0.300000000,0.000000000,0.000000000,-1.800000000,0.800000000,-0.300000000,8.494400830,0.166894230,-0.005521902,10.313850463,9.606930416,3849,1300,0
176.900000000,130.900000000,127.900000000,-1.800000000,0.800000000,-0.300000000,0.000000000,0.000000000,-1.800000000,0.800000000,-0.300000000,8.494400728,0.166894148,-0.005521588,10.313850366,9.606930240,3851,1301,0
176.900000000,130.900000000,127.900000000,-1.800000000,0.800000000,-0.300000000,0.000000000,0.000000000,-1.800000000,0.800000000,-0.300000000,8.494400728,0.166894148,-0.005521588,10.313850366,9.606930240,3851,1301,0
177.000000000,131.000000000,128.000000000,-1.800000000,0.800000000,-0.300000000,0.000000000,0.000000000,-1.800000000,0.800000000,-0.300000000,8.494400566,0.166894239,-0.005521476,10.313850199,9.606930045,3854,1302,0
177.000000000,131.000000000,128.000000000,-1.800000000,0.800000000,-0.300000000,0.000000000,0.000000000,-1.800000000,0.800000000,-0.300000000,8.494400566,0.166894239,-0.005521476,10.313850199,9.606930045,3854,1302,0
177.100000000,131.100000000,128.100000000,-1.800000000,0.800000000,-0.300000000,0.000000000,0.000000000,-1.800000000,0.800000000,-0.300000000,8.494400604,0.166894274,-0.005521104,10.313850234,9.606929986,3857,1303,0
177.100000000,131.100000000,128.100000000,-1.800000000,0.800000000,-0.300000000,0.000000000,0.000000000,-1.800000000,0.800000000,-0.300000000,8.494400604,0.166894274,-0.005521104,10.313850234,9.606929986,3857,1303,0
177.200000000,131.200000000,128.200000000,-1.800000000,0.800000000,-0.300000000,0.000000000,0.000000000,-1.800000000,0.800000000,-0.300000000,8.494400805,0.166894385,-0.005520886,10.313850428,9.606930126,3860,1304,0
177.200000000,131.200000000,128.200000000,-1.800000000,0.800000000,-0.300000000,0.000000000,0.000000000,-1.800000000,0.800000000,-0.300000000,8.494400805,0.166894385,-0.005520886,10.313850428,9.606930126,3860,1304,0
177.300000000,131.300000000,128.300000000,-1.800000000,0.800000000,-0.300000000,0.000000000,0.000000000,-1.800000000,0.800000000,-0.300000000,8.494400620,0.166894238,-0.005520522,10.313850252,9.606929857,3863,1305,0
177.300000000,131.300000000,128.300000000,-1.800000000,0.800000000,-0.300000000,0.000000000,0.000000000,-1.800000000,0.800000000,-0.300000000,8.494400620,0.166894238,-0.005520522,10.313850252,9.606929857,3863,1305,0
177.400000000,131.400000000,128.400000000,-1.800000000,0.800000000,-0.300000000,0.000000000,0.000000000,-1.800000000,0.800000000,-0.300000000,8.494400509,0.166894119,-0.005520029,10.313850149,9.606929629,3866,1306,0
177.400000000,131.400000000,128.400000000,-1.800000000,0.800000000,-0.300000000,0.000000000,0.000000000,-1.800000000,0.800000000,-0.300000000,8.494400509,0.166894119,-0.005520029,10.313850149,9.606929629,3866,1306,0
177.500000000,131.500000000,128.500000000,-1.800000000,0.800000000,-0.300000000,0.000000000,0.000000000,-1.800000000,0.800000000,-0.300000000,8.494400563,0.166894330,-0.005519932,10.313850190,9.606929647,3869,1307,0
177.500000000,131.500000000,128.500000000,-1.800000000,0.800000000,-0.300000000,0.000000000,0.000000000,-1.800000000,0.800000000,-0.300000000,8.494400563,0.166894330,-0.005519932,10.313850190,9.606929647,3869,1307,0
177.600000000,131.600000000,128.600000000,-1.800000000,0.800000000,-0.300000000,0.000000000,0.000000000,-1.800000000,0.800000000,-0.300000000,8.494400504,0.166894191,-0.005519495,10.313850140,9.606929486,3872,1308,0
177.600000000,131.600000000,128.600000000,-1.800000000,0.800000000,-0.300000000,0.000000000,0.000000000,-1.800000000,0.800000000,-0.300000000,8.494400504,0.166894191,-0.005519495,10.313850140,9.606929486,3872,1308,0
177.700000000,131.700000000,128.700000000,-1.800000000,0.800000000,-0.300000000,0.000000000,0.000000000,-1.800000000,0.800000000,-0.300000000,8.494400368,0.166894147,-0.005519129,10.313850007,9.606929261,3875,1309,0
177.700000000,131.700000000,128.700000000,-1.800000000,0.800000000,-0.300000000,0.000000000,0.000000000,-1.800000000,0.800000000,-0.300000000,8.494400368,0.166894147,-0.005519129,10.313850007,9.606929261,3875,1309,0
177.800000000,131.800000000,128.800000000,-1.800000000,0.800000000,-0.300000000,0.000000000,0.000000000,-1.800000000,0.800000000,-0.300000000,8.494400341,0.166894372,-0.005519013,10.313849966,9.606929191,3878,1310,0
177.800000000,131.800000000,128.800000000,-1.800000000,0.800000000,-0.300000000,0.000000000,0.000000000,-1.800000000,0.800000000,-0.300000000,8.494400341,0.166894372,-0.005519013,10.313849966,9.606929191,3878,1310,0
177.900000000,131.900000000,128.900000000,-1.800000000,0.800000000,-0.300000000,0.000000000,0.000000000,-1.800000000,0.800000000,-0.300000000,8.494400300,0.166894190,-0.005518585,10.313849936,9.606929053,3881,1311,0
177.900000000,131.900000000,128.900000000,-1.800000000,0.800000000,-0.300000000,0.000000000,0.000000000,-1.800000000,0.800000000,-0.300000000,8.494400300,0.166894190,-0.005518585,10.313849936,9.606929053,3881,1311,0
178.000000000,132.000000000,129.000000000,-1.800000000,0.800000000,-0.300000000,0.000000000,0.000000000,-1.800000000,0.800000000,-0.300000000,8.494400213,0.166894199,-0.005518301,10.313849848,9.606928893,3884,1312,0
178.000000000,132.000000000,129.000000000,-1.800000000,0.800000000,-0.300000000,0.000000000,0.000000000,-1.800000000,0.800000000,-0.300000000,8.494400213,0.166894199,-0.005518301,10.313849848,9.606928893,3884,1312,0
178.100000000,132.100000000,129.100000000,-1.800000000,0.800000000,-0.300000000,0.000000000,0.000000000,-1.800000000,0.800000000,-0.300000000,8.494400199,0.166894300,-0.005518088,10.313849829,9.606928820,3887,1313,0
178.100000000,132.100000000,129.100000000,-1.800000000,0.800000000,-0.300000000,0.000000000,0.000000000,-1.800000000,0.800000000,-0.300000000,8.494400199,0.166894300,-0.005518088,10.313849829,9.606928820,3887,1313,0
178.200000000,132.200000000,129.200000000,-1.800000000,0.800000000,-0.300000000,0.000000000,0.000000000,-1.800000000,0.800000000,-0.300000000,8.494400241,0.166894148,-0.005517686,10.313849880,9.606928770,3890,1314,0
178.200000000,132.200000000,129.200000000,-1.800000000,0.800000000,-0.300000000,0.000000000,0.000000000,-1.800000000,0.800000000,-0.300000000,8.494400241,0.166894148,-0.005517686,10.313849880,9.606928770,3890,1314,0
178.300000000,132.300000000,129.300000000,-1.800000000,0.800000000,-0.300000000,0.000000000,0.000000000,-1.800000000,0.800000000,-0.300000000,8.494400184,0.166894257,-0.005517502,10.313849816,9.606928660,3893,1315,0
178.300000000,132.300000000,129.300000000,-1.800000000,0.800000000,-0.300000000,0.000000000,0.000000000,-1.800000000,0.800000000,-0.300000000,8.494400184,0.166894257,-0.005517502,10.313849816,9.606928660,3893,1315,0
178.400000000,132.400000000,129.400000000,-1.800000000,0.800000000,-0.300000000,0.000000000,0.000000000,-1.800000000,0.800000000,-0.300000000,8.494400182,0.166894365,-0.005517344,10.313849807,9.606928611,3896,1316,0
178.400000000,132.400000000,129.400000000,-1.800000000,0.800000000,-0.300000000,0.000000000,0.000000000,-1.800000000,0.800000000,-0.300000000,8.494400182,0.166894365,-0.005517344,10.313849807,9.606928611,3896,1316,0
178.500000000,132.500000000,129.500000000,-1.800000000,0.800000000,-0.300000000,0.000000000,0.000000000,-1.800000000,0.800000000,-0.300000000,8.494400049,0.166894157,-0.005516978,10.313849688,9.606928399,3898,1317,0
178.500000000,132.500000000,129.500000000,-1.800000000,0.800000000,-0.300000000,0.000000000,0.000000000,-1.800000000,0.800000000,-0.300000000,8.494399931,0.166894051,-0.005516815,10.313849577,9.606928246,3899,1317,0
178.600000000,132.600000000,129.600000000,-1.800000000,0.800000000,-0.300000000,0.000000000,0.000000000,-1.800000000,0.800000000,-0.300000000,8.494399889,0.166894205,-0.005516757,10.313849525,9.606928180,3901,1318,0
178.600000000,132.600000000,129.600000000,-1.800000000,0.800000000,-0.300000000,0.000000000,0.000000000,-1.800000000,0.800000000,-0.300000000,8.494399889,0.166894205,-0.005516757,10.313849525,9.606928180,3901,1318,0
178.700000000,132.700000000,129.700000000,-1.800000000,0.800000000,-0.300000000,0.000000000,0.000000000,-1.800000000,0.800000000,-0.300000000,8.494399905,0.166894315,-0.005516612,10.313849534,9.606928153,3904,1319,0
178.700000000,132.700000000,129.700000000,-1.800000000,0.800000000,-0.300000000,0.000000000,0.000000000,-1.800000000,0.800000000,-0.300000000,8.494399905,0.166894315,-0.005516612,10.313849534,9.606928153,3904,1319,0
178.800000000,132.800000000,129.800000000,-1.800000000,0.800000000,-0.300000000,0.000000000,0.000000000,-1.800000000,0.800000000,-0.300000000,8.494400010,0.166894118,-0.005516173,10.313849651,9.606928159,3907,1320,0
178.800000000,132.800000000,129.800000000,-1.800000000,0.800000000,-0.300000000,0.000000000,0.000000000,-1.800000000,0.800000000,-0.300000000,8.494400010,0.166894118,-0.005516173,10.313849651,9.606928159,3907,1320,0
178.900000000,132.900000000,129.900000000,-1.800000000,0.800000000,-0.300000000,0.000000000,0.000000000,-1.800000000,0.800000000,-0.300000000,8.494399881,0.166894304,-0.005516096,10.313849511,9.606928000,3910,1321,0
178.900000000,132.900000000,129.900000000,-1.800000000,0.800000000,-0.300000000,0.000000000,0.000000000,-1.800000000,0.800000000,-0.300000000,8.494399881,0.166894304,-0.005516096,10.313849511,9.606928000,3910,1321,0
179.000000000,133.000000000,130.000000000,-1.800000000,0.800000000,-0.300000000,0.000000000,0.000000000,-1.800000000,0.800000000,-0.300000000,8.494399807,0.166894262,-0.005515804,10.313849440,9.606927855,3913,1322,0
179.000000000,133.000000000,130.000000000,-1.800000000,0.800000000,-0.300000000,0.000000000,0.000000000,-1.800000000,0.800000000,-0.300000000,8.494399807,0.166894262,-0.005515804,10.313849440,9.606927855,3913,1322,0
179.100000000,133.100000000,130.100000000,-1.800000000,0.800000000,-0.300000000,0.000000000,0.000000000,-1.800000000,0.800000000,-0.300000000,8.494399697,0.166894137,-0.005515445,10.313849338,9.606927662,3916,1323,0
179.100000000,133.100000000,130.100000000,-1.800000000,0.800000000,-0.300000000,0.000000000,0.000000000,-1.800000000,0.800000000,-0.300000000,8.494399697,0.166894137,-0.005515445,10.313849338,9.606927662,3916,1323,0
179.200000000,133.200000000,130.200000000,-1.800000000,0.800000000,-0.300000000,0.000000000,0.000000000,-1.800000000,0.800000000,-0.300000000,8.494399673,0.166894275,-0.005515342,10.313849305,9.606927604,3919,1324,0
179.200000000,133.200000000,130.200000000,-1.800000000,0.800000000,-0.300000000,0.000000000,0.000000000,-1.800000000,0.800000000,-0.300000000,8.494399673,0.166894275,-0.005515342,10.313849305,9.606927604,3919,1324,0
179.300000000,133.300000000,130.300000000,-1.800000000,0.800000000,-0.300000000,0.000000000,0.000000000,-1.800000000,0.800000000,-0.300000000,8.494399681,0.166894121,-0.005514957,10.313849322,9.606927524,3922,1325,0
179.300000000,133.300000000,130.300000000,-1.800000000,0.800000000,-0.300000000,0.000000000,0.000000000,-1.800000000,0.800000000,-0.300000000,8.494399681,0.166894121,-0.005514957,10.313849322,9.606927524,3922,1325,0
179.400000000,133.400000000,130.400000000,-1.800000000,0.800000000,-0.300000000,0.000000000,0.000000000,-1.800000000,0.800000000,-0.300000000,8.494399666,0.166894326,-0.005514878,10.313849295,9.606927477,3925,1326,0
179.400000000,133.400000000,130.400000000,-1.800000000,0.800000000,-0.300000000,0.000000000,0.000000000,-1.800000000,0.800000000,-0.300000000,8.494399666,0.166894326,-0.005514878,10.313849295,9.606927477,3925,1326,0
179.500000000,133.500000000,130.500000000,-1.800000000,0.800000000,-0.300000000,0.000000000,0.000000000,-1.800000000,0.800000000,-0.300000000,8.494399532,0.166894295,-0.005514637,10.313849163,9.606927284,3928,1327,0
179.500000000,133.500000000,130.500000000,-1.800000000,0.800000000,-0.300000000,0.000000000,0.000000000,-1.800000000,0.800000000,-0.300000000,8.494399532,0.166894295,-0.005514637,10.313849163,9.606927284,3928,1327,0
179.600000000,133.600000000,130.600000000,-1.800000000,0.800000000,-0.300000000,0.000000000,0.000000000,-1.800000000,0.800000000,-0.300000000,8.494399599,0.166894063,-0.005514167,10.313849245,9.606927246,3931,1328,0
179.600000000,133.600000000,130.600000000,-1.800000000,0.800000000,-0.300000000,0.000000000,0.000000000,-1.800000000,0.800000000,-0.300000000,8.494399599,0.166894063,-0.005514167,10.313849245,9.606927246,3931,1328,0
179.700000000,133.700000000,130.700000000,-1.800000000,0.800000000,-0.300000000,0.000000000,0.000000000,-1.800000000,0.800000000,-0.300000000,8.494399480,0.166894270,-0.005514099,10.313849112,9.606927098,3934,1329,0
179.700000000,133.700000000,130.700000000,-1.800000000,0.800000000,-0.300000000,0.000000000,0.000000000,-1.800000000,0.800000000,-0.300000000,8.494399480,0.166894270,-0.005514099,10.313849112,9.606927098,3934,1329,0
179.800000000,133.800000000,130.800000000,-1.800000000,0.800000000,-0.300000000,0.000000000,0.000000000,-1.800000000,0.800000000,-0.300000000,8.494399307,0.166894268,-0.005513874,10.313848940,9.606926869,3937,1330,0
179.800000000,133.800000000,130.800000000,-1.800000000,0.800000000,-0.300000000,0.000000000,0.000000000,-1.800000000,0.800000000,-0.300000000,8.494399307,0.166894268,-0.005513874,10.313848940,9.606926869,3937,1330,0
179.900000000,133.900000000,130.900000000,-1.800000000,0.800000000,-0.300000000,0.000000000,0.000000000,-1.800000000,0.800000000,-0.300000000,8.494399306,0.166894101,-0.005513482,10.313848949,9.606926778,3940,1331,0
179.900000000,133.900000000,130.900000000,-1.800000000,0.800000000,-0.300000000,0.000000000,0.000000000,-1.800000000,0.800000000,-0.300000000,8.494399306,0.166894101,-0.005513482,10.313848949,9.606926778,3940,1331,0
180.000000000,134.000000000,131.000000000,-1.800000000,0.800000000,-0.300000000,0.000000000,0.000000000,-1.800000000,0.800000000,-0.300000000,8.494399343,0.166894262,-0.005513361,10.313848976,9.606926776,3943,1332,0
180.000000000,134.000000000,131.000000000,-1.800000000,0.800000000,-0.300000000,0.000000000,0.000000000,-1.800000000,0.800000000,-0.300000000,8.494399343,0.166894262,-0.005513361,10.313848976,9.606926776,3943,1332,0
180.100000000,134.100000000,131.100000000,-1.800000000,0.800000000,-0.300000000,0.000000000,0.000000000,-1.800000000,0.800000000,-0.300000000,8.494399369,0.166894171,-0.005513068,10.313849008,9.606926733,3946,1333,0
180.100000000,134.100000000,131.100000000,-1.800000000,0.800000000,-0.300000000,0.000000000,0.000000000,-1.800000000,0.800000000,-0.300000000,8.494399369,0.166894171,-0.005513068,10.313849008,9.606926733,3946,1333,0
180.200000000,134.200000000,131.200000000,-1.800000000,0.800000000,-0.300000000,0.000000000,0.000000000,-1.800000000,0.800000000,-0.300000000,8.494399376,0.166894288,-0.005513012,10.313849008,9.606926719,3948,1334,0
180.200000000,134.200000000,131.200000000,-1.800000000,0.800000000,-0.300000000,0.000000000,0.000000000,-1.800000000,0.800000000,-0.300000000,8.494399401,0.166894247,-0.005512880,10.313849035,9.606926713,3949,1334,0
180.300000000,134.300000000,131.300000000,-1.800000000,0.800000000,-0.300000000,0.000000000,0.000000000,-1.800000000,0.800000000,-0.300000000,8.494399265,0.166894111,-0.005512602,10.313848908,9.606926515,3951,1335,0
180.300000000,134.300000000,131.300000000,-1.800000000,0.800000000,-0.300000000,0.000000000,0.000000000,-1.800000000,0.800000000,-0.300000000,8.494399265,0.166894111,-0.005512602,10.313848908,9.606926515,3951,1335,0
180.400000000,134.400000000,131.400000000,-1.800000000,0.800000000,-0.300000000,0.000000000,0.000000000,-1.800000000,0.800000000,-0.300000000,8.494399162,0.166894212,-0.005512437,10.313848799,9.606926364,3954,1336,0
180.400000000,134.400000000,131.400000000,-1.800000000,0.800000000,-0.300000000,0.000000000,0.000000000,-1.800000000,0.800000000,-0.300000000,8.494399162,0.166894212,-0.005512437,10.313848799,9.606926364,3954,1336,0
180.500000000,134.500000000,131.500000000,-1.800000000,0.800000000,-0.300000000,0.000000000,0.000000000,-1.800000000,0.800000000,-0.300000000,8.494399141,0.166894183,-0.005512206,10.313848779,9.606926287,3957,1337,0
180.500000000,134.500000000,131.500000000,-1.800000000,0.800000000,-0.300000000,0.000000000,0.000000000,-1.800000000,0.800000000,-0.300000000,8.494399141,0.166894183,-0.005512206,10.313848779,9.606926287,3957,1337,0
180.600000000,134.600000000,131.600000000,-1.800000000,0.800000000,-0.300000000,0.000000000,0.000000000,-1.800000000,0.800000000,-0.300000000,8.494399108,0.166894255,-0.005512027,10.313848743,9.606926205,3960,1338,0
180.600000000,134.600000000,131.600000000,-1.800000000,0.800000000,-0.300000000,0.000000000,0.000000000,-1.800000000,0.800000000,-0.300000000,8.494399108,0.166894255,-0.005512027,10.313848743,9.606926205,3960,1338,0
180.700000000,134.700000000,131.700000000,-1.800000000,0.800000000,-0.300000000,0.000000000,0.000000000,-1.800000000,0.800000000,-0.300000000,8.494399121,0.166894245,-0.005511786,10.313848756,9.606926158,3963,1339,0
180.700000000,134.700000000,131.700000000,-1.800000000,0.800000000,-0.300000000,0.000000000,0.000000000,-1.800000000,0.800000000,-0.300000000,8.494399121,0.166894245,-0.005511786,10.313848756,9.606926158,3963,1339,0
180.800000000,134.800000000,131.800000000,-1.800000000,0.800000000,-0.300000000,0.000000000,0.000000000,-1.800000000,0.800000000,-0.300000000,8.494398974,0.166894276,-0.005511592,10.313848608,9.606925960,3966,1340,0
180.800000000,134.800000000,131.800000000,-1.800000000,0.800000000,-0.300000000,0.000000000,0.000000000,-1.800000000,0.800000000,-0.300000000,8.494398974,0.166894276,-0.005511592,10.313848608,9.606925960,3966,1340,0
180.900000000,134.900000000,131.900000000,-1.800000000,0.800000000,-0.300000000,0.000000000,0.000000000,-1.800000000,0.800000000,-0.300000000,8.494398885,0.166894039,-0.005511168,10.313848533,9.606925778,3969,1341,0
180.900000000,134.900000000,131.900000000,-1.800000000,0.800000000,-0.300000000,0.000000000,0.000000000,-1.800000000,0.800000000,-0.300000000,8.494398885,0.166894039,-0.005511168,10.313848533,9.606925778,3969,1341,0
181.000000000,135.000000000,132.000000000,-1.800000000,0.800000000,-0.300000000,0.000000000,0.000000000,-1.800000000,0.800000000,-0.300000000,8.494398836,0.166894282,-0.005511134,10.313848469,9.606925706,3972,1342,0
181.000000000,135.000000000,132.000000000,-1.800000000,0.800000000,-0.300000000,0.000000000,0.000000000,-1.800000000,0.800000000,-0.300000000,8.494398836,0.166894282,-0.005511134,10.313848469,9.606925706,3972,1342,0
181.100000000,135.100000000,132.100000000,-1.800000000,0.800000000,-0.300000000,0.000000000,0.000000000,-1.800000000,0.800000000,-0.300000000,8.494398906,0.166894326,-0.005510940,10.313848537,9.606925725,3975,1343,0
181.100000000,135.100000000,132.100000000,-1.800000000,0.800000000,-0.300000000,0.000000000,0.000000000,-1.800000000,0.800000000,-0.300000000,8.494398906,0.166894326,-0.005510940,10.313848537,9.606925725,3975,1343,0
181.200000000,135.200000000,132.200000000,-1.800000000,0.800000000,-0.300000000,0.000000000,0.000000000,-1.800000000,0.800000000,-0.300000000,8.494398948,0.166894095,-0.005510512,10.313848593,9.606925673,3978,1344,0
181.200000000,135.200000000,132.200000000,-1.800000000,0.800000000,-0.300000000,0.000000000,0.000000000,-1.800000000,0.800000000,-0.300000000,8.494398948,0.166894095,-0.005510512,10.313848593,9.606925673,3978,1344,0
181.300000000,135.300000000,132.300000000,-1.800000000,0.800000000,-0.300000000,0.000000000,0.000000000,-1.800000000,0.800000000,-0.300000000,8.494398902,0.166894398,-0.005510523,10.313848528,9.606925611,3981,1345,0
181.300000000,135.300000000,132.300000000,-1.800000000,0.800000000,-0.300000000,0.000000000,0.000000000,-1.800000000,0.800000000,-0.300000000,8.494398902,0.166894398,-0.005510523,10.313848528,9.606925611,3981,1345,0
181.400000000,135.400000000,132.400000000,-1.800000000,0.800000000,-0.300000000,0.000000000,0.000000000,-1.800000000,0.800000000,-0.300000000,8.494398791,0.166894198,-0.005510128,10.313848429,9.606925413,3984,1346,0
181.400000000,135.400000000,132.400000000,-1.800000000,0.800000000,-0.300000000,0.000000000,0.000000000,-1.800000000,0.800000000,-0.300000000,8.494398791,0.166894198,-0.005510128,10.313848429,9.606925413,3984,1346,0
181.500000000,135.500000000,132.500000000,-1.800000000,0.800000000,-0.300000000,0.000000000,0.000000000,-1.800000000,0.800000000,-0.300000000,8.494398609,0.166894090,-0.005509800,10.313848254,9.606925155,3987,1347,0
181.500000000,135.500000000,132.500000000,-1.800000000,0.800000000,-0.300000000,0.000000000,0.000000000,-1.800000000,0.800000000,-0.300000000,8.494398609,0.166894090,-0.005509800,10.313848254,9.606925155,3987,1347,0
181.600000000,135.600000000,132.600000000,-1.800000000,0.800000000,-0.300000000,0.000000000,0.000000000,-1.800000000,0.800000000,-0.300000000,8.494398754,0.166894256,-0.005509695,10.313848389,9.606925263,3990,1348,0
181.600000000,135.600000000,132.600000000,-1.800000000,0.800000000,-0.300000000,0.000000000,0.000000000,-1.800000000,0.800000000,-0.300000000,8.494398754,0.166894256,-0.005509695,10.313848389,9.606925263,3990,1348,0
181.700000000,135.700000000,132.700000000,-1.800000000,0.800000000,-0.300000000,0.000000000,0.000000000,-1.800000000,0.800000000,-0.300000000,8.494398699,0.166894152,-0.005509382,10.313848341,9.606925136,3993,1349,0
181.700000000,135.700000000,132.700000000,-1.800000000,0.800000000,-0.300000000,0.000000000,0.000000000,-1.800000000,0.800000000,-0.300000000,8.494398699,0.166894152,-0.005509382,10.313848341,9.606925136,3993,1349,0
181.800000000,135.800000000,132.800000000,-1.800000000,0.800000000,-0.300000000,0.000000000,0.000000000,-1.800000000,0.800000000,-0.300000000,8.494398489,0.166894268,-0.005509258,10.313848124,9.606924888,3996,1350,0
181.800000000,135.800000000,132.800000000,-1.800000000,0.800000000,-0.300000000,0.000000000,0.000000000,-1.800000000,0.800000000,-0.300000000,8.494398489,0.166894268,-0.005509258,10.313848124,9.606924888,3996,1350,0
181.900000000,135.900000000,132.900000000,-1.800000000,0.800000000,-0.300000000,0.000000000,0.000000000,-1.800000000,0.800000000,-0.300000000,8.494398456,0.166894172,-0.005509039,10.313848097,9.606924806,3998,1351,0
181.900000000,135.900000000,132.900000000,-1.800000000,0.800000000,-0.300000000,0.000000000,0.000000000,-1.800000000,0.800000000,-0.300000000,8.494398557,0.166894144,-0.005508924,10.313848199,9.606924879,3999,1351,0
182.000000000,136.000000000,133.000000000,-1.800000000,0.800000000,-0.300000000,0.000000000,0.000000000,-1.800000000,0.800000000,-0.300000000,8.494398541,0.166894155,-0.005508783,10.313848183,9.606924827,4001,1352,0
182.000000000,136.000000000,133.000000000,-1.800000000,0.800000000,-0.300000000,0.000000000,0.000000000,-1.800000000,0.800000000,-0.300000000,8.494398541,0.166894155,-0.005508783,10.313848183,9.606924827,4001,1352,0
182.100000000,136.100000000,133.100000000,-1.800000000,0.800000000,-0.300000000,0.000000000,0.000000000,-1.800000000,0.800000000,-0.300000000,8.494398529,0.166894278,-0.005508676,10.313848163,9.606924781,4004,1353,0
182.100000000,136.100000000,133.100000000,-1.800000000,0.800000000,-0.300000000,0.000000000,0.000000000,-1.800000000,0.800000000,-0.300000000,8.494398529,0.166894278,-0.005508676,10.313848163,9.606924781,4004,1353,0
182.200000000,136.200000000,133.200000000,-1.800000000,0.800000000,-0.300000000,0.000000000,0.000000000,-1.800000000,0.800000000,-0.300000000,8.494398388,0.166894158,-0.005508354,10.313848030,9.606924565,4007,1354,0
182.200000000,136.200000000,133.200000000,-1.800000000,0.800000000,-0.300000000,0.000000000,0.000000000,-1.800000000,0.800000000,-0.300000000,8.494398388,0.166894158,-0.005508354,10.313848030,9.606924565,4007,1354,0
182.300000000,136.300000000,133.300000000,-1.800000000,0.800000000,-0.300000000,0.000000000,0.000000000,-1.800000000,0.800000000,-0.300000000,8.494398256,0.166894110,-0.005508072,10.313847900,9.606924365,4010,1355,0
182.300000000,136.300000000,133.300000000,-1.800000000,0.800000000,-0.300000000,0.000000000,0.000000000,-1.800000000,0.800000000,-0.300000000,8.494398256,0.166894110,-0.005508072,10.313847900,9.606924365,4010,1355,0
182.400000000,136.400000000,133.400000000,-1.800000000,0.800000000,-0.300000000,0.000000000,0.000000000,-1.800000000,0.800000000,-0.300000000,8.494398454,0.166894166,-0.005507898,10.313848095,9.606924516,4013,1356,0
182.400000000,136.400000000,133.400000000,-1.800000000,0.800000000,-0.300000000,0.000000000,0.000000000,-1.800000000,0.800000000,-0.300000000,8.494398454,0.166894166,-0.005507898,10.313848095,9.606924516,4013,1356,0
182.500000000,136.500000000,133.500000000,-1.800000000,0.800000000,-0.300000000,0.000000000,0.000000000,-1.800000000,0.800000000,-0.300000000,8.494398367,0.166894413,-0.005507905,10.313847993,9.606924417,4016,1357,0
182.500000000,136.500000000,133.500000000,-1.800000000,0.800000000,-0.300000000,0.000000000,0.000000000,-1.800000000,0.800000000,-0.300000000,8.494398367,0.166894413,-0.005507905,10.313847993,9.606924417,4016,1357,0
182.600000000,136.600000000,133.600000000,-1.800000000,0.800000000,-0.300000000,0.000000000,0.000000000,-1.800000000,0.800000000,-0.300000000,8.494398341,0.166894142,-0.005507433,10.313847984,9.606924287,4019,1358,0
182.600000000,136.600000000,133.600000000,-1.800000000,0.800000000,-0.300000000,0.000000000,0.000000000,-1.800000000,0.800000000,-0.300000000,8.494398341,0.166894142,-0.005507433,10.313847984,9.606924287,4019,1358,0
182.700000000,136.700000000,133.700000000,-1.800000000,0.800000000,-0.300000000,0.000000000,0.000000000,-1.800000000,0.800000000,-0.300000000,8.494398176,0.166894118,-0.005507194,10.313847821,9.606924064,4022,1359,0
182.700000000,136.700000000,133.700000000,-1.800000000,0.800000000,-0.300000000,0.000000000,0.000000000,-1.800000000,0.800000000,-0.300000000,8.494398176,0.166894118,-0.005507194,10.313847821,9.606924064,4022,1359,0
182.800000000,136.800000000,133.800000000,-1.800000000,0.800000000,-0.300000000,0.000000000,0.000000000,-1.800000000,0.800000000,-0.300000000,8.494398272,0.166894242,-0.005507061,10.313847909,9.606924119,4025,1360,0
182.800000000,136.800000000,133.800000000,-1.800000000,0.800000000,-0.300000000,0.000000000,0.000000000,-1.800000000,0.800000000,-0.300000000,8.494398272,0.166894242,-0.005507061,10.313847909,9.606924119,4025,1360,0
182.900000000,136.900000000,133.900000000,-1.800000000,0.800000000,-0.300000000,0.000000000,0.000000000,-1.800000000,0.800000000,-0.300000000,8.494398198,0.166894229,-0.005506833,10.313847836,9.606923988,4028,1361,0
182.900000000,136.900000000,133.900000000,-1.800000000,0.800000000,-0.300000000,0.000000000,0.000000000,-1.800000000,0.800000000,-0.300000000,8.494398198,0.166894229,-0.005506833,10.313847836,9.606923988,4028,1361,0
183.000000000,137.000000000,134.000000000,-1.800000000,0.800000000,-0.300000000,0.000000000,0.000000000,-1.800000000,0.800000000,-0.300000000,8.494398103,0.166894159,-0.005506538,10.313847745,9.606923823,4031,1362,0
183.000000000,137.000000000,134.000000000,-1.800000000,0.800000000,-0.300000000,0.000000000,0.000000000,-1.800000000,0.800000000,-0.300000000,8.494398103,0.166894159,-0.005506538,10.313847745,9.606923823,4031,1362,0
183.100000000,137.100000000,134.100000000,-1.800000000,0.800000000,-0.300000000,0.000000000,0.000000000,-1.800000000,0.800000000,-0.300000000,8.494398079,0.166894245,-0.005506379,10.313847716,9.606923753,4034,1363,0
183.100000000,137.100000000,134.100000000,-1.800000000,0.800000000,-0.300000000,0.000000000,0.000000000,-1.800000000,0.800000000,-0.300000000,8.494398079,0.166894245,-0.005506379,10.313847716,9.606923753,4034,1363,0
183.200000000,137.200000000,134.200000000,-1.800000000,0.800000000,-0.300000000,0.000000000,0.000000000,-1.800000000,0.800000000,-0.300000000,8.494398008,0.166894200,-0.005506135,10.313847648,9.606923624,4037,1364,0
183.200000000,137.200000000,134.200000000,-1.800000000,0.800000000,-0.300000000,0.000000000,0.000000000,-1.800000000,0.800000000,-0.300000000,8.494398008,0.166894200,-0.005506135,10.313847648,9.606923624,4037,1364,0
183.300000000,137.300000000,134.300000000,-1.800000000,0.800000000,-0.300000000,0.000000000,0.000000000,-1.800000000,0.800000000,-0.300000000,8.494397866,0.166894232,-0.005505944,10.313847504,9.606923432,4040,1365,0
183.300000000,137.300000000,134.300000000,-1.800000000,0.800000000,-0.300000000,0.000000000,0.000000000,-1.800000000,0.800000000,-0.300000000,8.494397866,0.166894232,-0.005505944,10.313847504,9.606923432,4040,1365,0
183.400000000,137.400000000,134.400000000,-1.800000000,0.800000000,-0.300000000,0.000000000,0.000000000,-1.800000000,0.800000000,-0.300000000,8.494397987,0.166894050,-0.005505548,10.313847636,9.606923463,4043,1366,0
183.400000000,137.400000000,134.400000000,-1.800000000,0.800000000,-0.300000000,0.000000000,0.000000000,-1.800000000,0.800000000,-0.300000000,8.494397987,0.166894050,-0.005505548,10.313847636,9.606923463,4043,1366,0
183.500000000,137.500000000,134.500000000,-1.800000000,0.800000000,-0.300000000,0.000000000,0.000000000,-1.800000000,0.800000000,-0.300000000,8.494397929,0.166894237,-0.005505496,10.313847566,9.606923381,4046,1367,0
183.500000000,137.500000000,134.500000000,-1.800000000,0.800000000,-0.300000000,0.000000000,0.000000000,-1.800000000,0.800000000,-0.300000000,8.494397929,0.166894237,-0.005505496,10.313847566,9.606923381,4046,1367,0
183.600000000,137.600000000,134.600000000,-1.800000000,0.800000000,-0.300000000,0.000000000,0.000000000,-1.800000000,0.800000000,-0.300000000,8.494397908,0.166894224,-0.005505342,10.313847547,9.606923323,4048,1368,0
183.600000000,137.600000000,134.600000000,-1.800000000,0.800000000,-0.300000000,0.000000000,0.000000000,-1.800000000,0.800000000,-0.300000000,8.494397943,0.166894140,-0.005505178,10.313847586,9.606923321,4049,1368,0
183.700000000,137.700000000,134.700000000,-1.800000000,0.800000000,-0.300000000,0.000000000,0.000000000,-1.800000000,0.800000000,-0.300000000,8.494397869,0.166894102,-0.005504987,10.313847515,9.606923202,4051,1369,0
183.700000000,137.700000000,134.700000000,-1.800000000,0.800000000,-0.300000000,0.000000000,0.000000000,-1.800000000,0.800000000,-0.300000000,8.494397869,0.166894102,-0.005504987,10.313847515,9.606923202,4051,1369,0
183.800000000,137.800000000,134.800000000,-1.800000000,0.800000000,-0.300000000,0.000000000,0.000000000,-1.800000000,0.800000000,-0.300000000,8.494397728,0.166894152,-0.005504829,10.313847372,9.606923018,4054,1370,0
183.800000000,137.800000000,134.800000000,-1.800000000,0.800000000,-0.300000000,0.000000000,0.000000000,-1.800000000,0.800000000,-0.300000000,8.494397728,0.166894152,-0.005504829,10.313847372,9.606923018,4054,1370,0
183.900000000,137.900000000,134.900000000,-1.800000000,0.800000000,-0.300000000,0.000000000,0.000000000,-1.800000000,0.800000000,-0.300000000,8.494397696,0.166894275,-0.005504717,10.313847331,9.606922950,4057,1371,0
183.900000000,137.900000000,134.900000000,-1.800000000,0.800000000,-0.300000000,0.000000000,0.000000000,-1.800000000,0.800000000,-0.300000000,8.494397696,0.166894275,-0.005504717,10.313847331,9.606922950,4057,1371,0
184.000000000,138.000000000,135.000000000,-1.800000000,0.800000000,-0.300000000,0.000000000,0.000000000,-1.800000000,0.800000000,-0.300000000,8.494397772,0.166894007,-0.005504273,10.313847424,9.606922929,4060,1372,0
184.000000000,138.000000000,135.000000000,-1.800000000,0.800000000,-0.300000000,0.000000000,0.000000000,-1.800000000,0.800000000,-0.300000000,8.494397772,0.166894007,-0.005504273,10.313847424,9.606922929,4060,1372,0
184.100000000,138.100000000,135.100000000,-1.800000000,0.800000000,-0.300000000,0.000000000,0.000000000,-1.800000000,0.800000000,-0.300000000,8.494397635,0.166894205,-0.005504221,10.313847275,9.606922768,4063,1373,0
184.100000000,138.100000000,135.100000000,-1.800000000,0.800000000,-0.300000000,0.000000000,0.000000000,-1.800000000,0.800000000,-0.300000000,8.494397635,0.166894205,-0.005504221,10.313847275,9.606922768,4063,1373,0
184.200000000,138.200000000,135.200000000,-1.800000000,0.800000000,-0.300000000,0.000000000,0.000000000,-1.800000000,0.800000000,-0.300000000,8.494397563,0.166894311,-0.005504097,10.313847197,9.606922659,4066,1374,0
184.200000000,138.200000000,135.200000000,-1.800000000,0.800000000,-0.300000000,0.000000000,0.000000000,-1.800000000,0.800000000,-0.300000000,8.494397563,0.166894311,-0.005504097,10.313847197,9.606922659,4066,1374,0
184.300000000,138.300000000,135.300000000,-1.800000000,0.800000000,-0.300000000,0.000000000,0.000000000,-1.800000000,0.800000000,-0.300000000,8.494397549,0.166894032,-0.005503664,10.313847200,9.606922552,4069,1375,0
184.300000000,138.300000000,135.300000000,-1.800000000,0.800000000,-0.300000000,0.000000000,0.000000000,-1.800000000,0.800000000,-0.300000000,8.494397549,0.166894032,-0.005503664,10.313847200,9.606922552,4069,1375,0
184.400000000,138.400000000,135.400000000,-1.800000000,0.800000000,-0.300000000,0.000000000,0.000000000,-1.800000000,0.800000000,-0.300000000,8.494397500,0.166894324,-0.005503702,10.313847133,9.606922495,4072,1376,0
184.400000000,138.400000000,135.400000000,-1.800000000,0.800000000,-0.300000000,0.000000000,0.000000000,-1.800000000,0.800000000,-0.300000000,8.494397500,0.166894324,-0.005503702,10.313847133,9.606922495,4072,1376,0
184.500000000,138.500000000,135.500000000,-1.800000000,0.800000000,-0.300000000,0.000000000,0.000000000,-1.800000000,0.800000000,-0.300000000,8.494397579,0.166894097,-0.005503303,10.313847226,9.606922487,4075,1377,0
184.500000000,138.500000000,135.500000000,-1.800000000,0.800000000,-0.300000000,0.000000000,0.000000000,-1.800000000,0.800000000,-0.300000000,8.494397579,0.166894097,-0.005503303,10.313847226,9.606922487,4075,1377,0
184.600000000,138.600000000,135.600000000,-1.800000000,0.800000000,-0.300000000,0.000000000,0.000000000,-1.800000000,0.800000000,-0.300000000,8.494397463,0.166894024,-0.005503018,10.313847115,9.606922304,4078,1378,0
184.600000000,138.600000000,135.600000000,-1.800000000,0.800000000,-0.300000000,0.000000000,0.000000000,-1.800000000,0.800000000,-0.300000000,8.494397463,0.166894024,-0.005503018,10.313847115,9.606922304,4078,1378,0
184.700000000,138.700000000,135.700000000,-1.800000000,0.800000000,-0.300000000,0.000000000,0.000000000,-1.800000000,0.800000000,-0.300000000,8.494397430,0.166894278,-0.005503003,10.313847066,9.606922253,4081,1379,0
184.700000000,138.700000000,135.700000000,-1.800000000,0.800000000,-0.300000000,0.000000000,0.000000000,-1.800000000,0.800000000,-0.300000000,8.494397430,0.166894278,-0.005503003,10.313847066,9.606922253,4081,1379,0
184.800000000,138.800000000,135.800000000,-1.800000000,0.800000000,-0.300000000,0.000000000,0.000000000,-1.800000000,0.800000000,-0.300000000,8.494397360,0.166894041,-0.005502659,10.313847011,9.606922109,4084,1380,0
184.800000000,138.800000000,135.800000000,-1.800000000,0.800000000,-0.300000000,0.000000000,0.000000000,-1.800000000,0.800000000,-0.300000000,8.494397360,0.166894041,-0.005502659,10.313847011,9.606922109,4084,1380,0
184.900000000,138.900000000,135.900000000,-1.800000000,0.800000000,-0.300000000,0.000000000,0.000000000,-1.800000000,0.800000000,-0.300000000,8.494397358,0.166894190,-0.005502519,10.313846999,9.606922063,4087,1381,0
184.900000000,138.900000000,135.900000000,-1.800000000,0.800000000,-0.300000000,0.000000000,0.000000000,-1.800000000,0.800000000,-0.300000000,8.494397358,0.166894190,-0.005502519,10.313846999,9.606922063,4087,1381,0
185.000000000,139.000000000,136.000000000,-1.800000000,0.800000000,-0.300000000,0.000000000,0.000000000,-1.800000000,0.800000000,-0.300000000,8.494397330,0.166894138,-0.005502323,10.313846975,9.606921989,4090,1382,0
185.000000000,139.000000000,136.000000000,-1.800000000,0.800000000,-0.300000000,0.000000000,0.000000000,-1.800000000,0.800000000,-0.300000000,8.494397330,0.166894138,-0.005502323,10.313846975,9.606921989,4090,1382,0
185.100000000,139.100000000,136.100000000,-1.800000000,0.800000000,-0.300000000,0.000000000,0.000000000,-1.800000000,0.800000000,-0.300000000,8.494397166,0.166894187,-0.005502188,10.313846808,9.606921789,4093,1383,0
185.100000000,139.100000000,136.100000000,-1.800000000,0.800000000,-0.300000000,0.000000000,0.000000000,-1.800000000,0.800000000,-0.300000000,8.494397166,0.166894187,-0.005502188,10.313846808,9.606921789,4093,1383,0
185.200000000,139.200000000,136.200000000,-1.800000000,0.800000000,-0.300000000,0.000000000,0.000000000,-1.800000000,0.800000000,-0.300000000,8.494397067,0.166893970,-0.005501824,10.313846723,9.606921611,4096,1384,0
185.200000000,139.200000000,136.200000000,-1.800000000,0.800000000,-0.300000000,0.000000000,0.000000000,-1.800000000,0.800000000,-0.300000000,8.494397067,0.166893970,-0.005501824,10.313846723,9.606921611,4096,1384,0
185.300000000,139.300000000,136.300000000,-1.800000000,0.800000000,-0.300000000,0.000000000,0.000000000,-1.800000000,0.800000000,-0.300000000,8.494397105,0.166894013,-0.005501732,10.313846758,9.606921623,4098,1385,0
185.300000000,139.300000000,136.300000000,-1.800000000,0.800000000,-0.300000000,0.000000000,0.000000000,-1.800000000,0.800000000,-0.300000000,8.494397188,0.166894180,-0.005501756,10.313846830,9.606921701,4099,1385,0
185.400000000,139.400000000,136.400000000,-1.800000000,0.800000000,-0.300000000,0.000000000,0.000000000,-1.800000000,0.800000000,-0.300000000,8.494397230,0.166894209,-0.005501671,10.313846871,9.606921721,4101,1386,0
185.400000000,139.400000000,136.400000000,-1.800000000,0.800000000,-0.300000000,0.000000000,0.000000000,-1.800000000,0.800000000,-0.300000000,8.494397230,0.166894209,-0.005501671,10.313846871,9.606921721,4101,1386,0
185.500000000,139.500000000,136.500000000,-1.800000000,0.800000000,-0.300000000,0.000000000,0.000000000,-1.800000000,0.800000000,-0.300000000,8.494397142,0.166894220,-0.005501525,10.313846782,9.606921595,4104,1387,0
185.500000000,139.500000000,136.500000000,-1.800000000,0.800000000,-0.300000000,0.000000000,0.000000000,-1.800000000,0.800000000,-0.300000000,8.494397142,0.166894220,-0.005501525,10.313846782,9.606921595,4104,1387,0
185.600000000,139.600000000,136.600000000,-1.800000000,0.800000000,-0.300000000,0.000000000,0.000000000,-1.800000000,0.800000000,-0.300000000,8.494397037,0.166894005,-0.005501136,10.313846690,9.606921405,4107,1388,0
185.600000000,139.600000000,136.600000000,-1.800000000,0.800000000,-0.300000000,0.000000000,0.000000000,-1.800000000,0.800000000,-0.300000000,8.494397037,0.166894005,-0.005501136,10.313846690,9.606921405,4107,1388,0
185.700000000,139.700000000,136.700000000,-1.800000000,0.800000000,-0.300000000,0.000000000,0.000000000,-1.800000000,0.800000000,-0.300000000,8.494397060,0.166894127,-0.005501034,10.313846706,9.606921395,4110,1389,0
185.700000000,139.700000000,136.700000000,-1.800000000,0.800000000,-0.300000000,0.000000000,0.000000000,-1.800000000,0.800000000,-0.300000000,8.494397060,0.166894127,-0.005501034,10.313846706,9.606921395,4110,1389,0
185.800000000,139.800000000,136.800000000,-1.800000000,0.800000000,-0.300000000,0.000000000,0.000000000,-1.800000000,0.800000000,-0.300000000,8.494397013,0.166894278,-0.005501081,10.313846650,9.606921352,4113,1390,0
185.800000000,139.800000000,136.800000000,-1.800000000,0.800000000,-0.300000000,0.000000000,0.000000000,-1.800000000,0.800000000,-0.300000000,8.494397013,0.166894278,-0.005501081,10.313846650,9.606921352,4113,1390,0
185.900000000,139.900000000,136.900000000,-1.800000000,0.800000000,-0.300000000,0.000000000,0.000000000,-1.800000000,0.800000000,-0.300000000,8.494396936,0.166894071,-0.005500662,10.313846586,9.606921181,4116,1391,0
185.900000000,139.900000000,136.900000000,-1.800000000,0.800000000,-0.300000000,0.000000000,0.000000000,-1.800000000,0.800000000,-0.300000000,8.494396936,0.166894071,-0.005500662,10.313846586,9.606921181,4116,1391,0
186.000000000,140.000000000,137.000000000,-1.800000000,0.800000000,-0.300000000,0.000000000,0.000000000,-1.800000000,0.800000000,-0.300000000,8.494396968,0.166894093,-0.005500472,10.313846616,9.606921163,4119,1392,0
186.000000000,140.000000000,137.000000000,-1.800000000,0.800000000,-0.300000000,0.000000000,0.000000000,-1.800000000,0.800000000,-0.300000000,8.494396968,0.166894093,-0.005500472,10.313846616,9.606921163,4119,1392,0
186.100000000,140.100000000,137.100000000,-1.800000000,0.800000000,-0.300000000,0.000000000,0.000000000,-1.800000000,0.800000000,-0.300000000,8.494396942,0.166894307,-0.005500558,10.313846577,9.606921147,4122,1393,0
186.100000000,140.100000000,137.100000000,-1.800000000,0.800000000,-0.300000000,0.000000000,0.000000000,-1.800000000,0.800000000,-0.300000000,8.494396942,0.166894307,-0.005500558,10.313846577,9.606921147,4122,1393,0
186.200000000,140.200000000,137.200000000,-1.800000000,0.800000000,-0.300000000,0.000000000,0.000000000,-1.800000000,0.800000000,-0.300000000,8.494396916,0.166894078,-0.005500089,10.313846566,9.606921016,4125,1394,0
186.200000000,140.200000000,137.200000000,-1.800000000,0.800000000,-0.300000000,0.000000000,0.000000000,-1.800000000,0.800000000,-0.300000000,8.494396916,0.166894078,-0.005500089,10.313846566,9.606921016,4125,1394,0
186.300000000,140.300000000,137.300000000,-1.800000000,0.800000000,-0.300000000,0.000000000,0.000000000,-1.800000000,0.800000000,-0.300000000,8.494396796,0.166894200,-0.005500010,10.313846438,9.606920869,4128,1395,0
186.300000000,140.300000000,137.300000000,-1.800000000,0.800000000,-0.300000000,0.000000000,0.000000000,-1.800000000,0.800000000,-0.300000000,8.494396796,0.166894200,-0.005500010,10.313846438,9.606920869,4128,1395,0
186.400000000,140.400000000,137.400000000,-1.800000000,0.800000000,-0.300000000,0.000000000,0.000000000,-1.800000000,0.800000000,-0.300000000,8.494396796,0.166894047,-0.005499756,10.313846447,9.606920813,4131,1396,0
186.400000000,140.400000000,137.400000000,-1.800000000,0.800000000,-0.300000000,0.000000000,0.000000000,-1.800000000,0.800000000,-0.300000000,8.494396796,0.166894047,-0.005499756,10.313846447,9.606920813,4131,1396,0
186.500000000,140.500000000,137.500000000,-1.800000000,0.800000000,-0.300000000,0.000000000,0.000000000,-1.800000000,0.800000000,-0.300000000,8.494396933,0.166894212,-0.005499624,10.313846574,9.606920908,4134,1397,0
186.500000000,140.500000000,137.500000000,-1.800000000,0.800000000,-0.300000000,0.000000000,0.000000000,-1.800000000,0.800000000,-0.300000000,8.494396933,0.166894212,-0.005499624,10.313846574,9.606920908,4134,1397,0
186.600000000,140.600000000,137.600000000,-1.800000000,0.800000000,-0.300000000,0.000000000,0.000000000,-1.800000000,0.800000000,-0.300000000,8.494396789,0.166894214,-0.005499530,10.313846430,9.606920740,4137,1398,0
186.600000000,140.600000000,137.600000000,-1.800000000,0.800000000,-0.300000000,0.000000000,0.000000000,-1.800000000,0.800000000,-0.300000000,8.494396789,0.166894214,-0.005499530,10.313846430,9.606920740,4137,1398,0
186.700000000,140.700000000,137.700000000,-1.800000000,0.800000000,-0.300000000,0.000000000,0.000000000,-1.800000000,0.800000000,-0.300000000,8.494396715,0.166893912,-0.005498975,10.313846375,9.606920544,4140,1399,0
186.700000000,140.700000000,137.700000000,-1.800000000,0.800000000,-0.300000000,0.000000000,0.000000000,-1.800000000,0.800000000,-0.300000000,8.494396715,0.166893912,-0.005498975,10.313846375,9.606920544,4140,1399,0
186.800000000,140.800000000,137.800000000,-1.800000000,0.800000000,-0.300000000,0.000000000,0.000000000,-1.800000000,0.800000000,-0.300000000,8.494396736,0.166894010,-0.005498912,10.313846390,9.606920543,4143,1400,0
186.800000000,140.800000000,137.800000000,-1.800000000,0.800000000,-0.300000000,0.000000000,0.000000000,-1.800000000,0.800000000,-0.300000000,8.494396736,0.166894010,-0.005498912,10.313846390,9.606920543,4143,1400,0
186.900000000,140.900000000,137.900000000,-1.800000000,0.800000000,-0.300000000,0.000000000,0.000000000,-1.800000000,0.800000000,-0.300000000,8.494396659,0.166894163,-0.005498896,10.313846304,9.606920454,4146,1401,0
186.900000000,140.900000000,137.900000000,-1.800000000,0.800000000,-0.300000000,0.000000000,0.000000000,-1.800000000,0.800000000,-0.300000000,8.494396659,0.166894163,-0.005498896,10.313846304,9.606920454,4146,1401,0
187.000000000,141.000000000,138.000000000,-1.800000000,0.800000000,-0.300000000,0.000000000,0.000000000,-1.800000000,0.800000000,-0.300000000,8.494396617,0.166893988,-0.005498701,10.313846272,9.606920372,4148,1402,0
187.000000000,141.000000000,138.000000000,-1.800000000,0.800000000,-0.300000000,0.000000000,0.000000000,-1.800000000,0.800000000,-0.300000000,8.494396592,0.166894032,-0.005498559,10.313846244,9.606920309,4149,1402,0
187.100000000,141.100000000,138.100000000,-1.800000000,0.800000000,-0.300000000,0.000000000,0.000000000,-1.800000000,0.800000000,-0.300000000,8.494396458,0.166894089,-0.005498563,10.313846108,9.606920173,4151,1403,0
187.100000000,141.100000000,138.100000000,-1.800000000,0.800000000,-0.300000000,0.000000000,0.000000000,-1.800000000,0.800000000,-0.300000000,8.494396458,0.166894089,-0.005498563,10.313846108,9.606920173,4151,1403,0
187.200000000,141.200000000,138.200000000,-1.800000000,0.800000000,-0.300000000,0.000000000,0.000000000,-1.800000000,0.800000000,-0.300000000,8.494396466,0.166894292,-0.005498646,10.313846103,9.606920190,4154,1404,0
187.200000000,141.200000000,138.200000000,-1.800000000,0.800000000,-0.300000000,0.000000000,0.000000000,-1.800000000,0.800000000,-0.300000000,8.494396466,0.166894292,-0.005498646,10.313846103,9.606920190,4154,1404,0
187.300000000,141.300000000,138.300000000,-1.800000000,0.800000000,-0.300000000,0.000000000,0.000000000,-1.800000000,0.800000000,-0.300000000,8.494396715,0.166893909,-0.005498212,10.313846375,9.606920351,4157,1405,0
187.300000000,141.300000000,138.300000000,-1.800000000,0.800000000,-0.300000000,0.000000000,0.000000000,-1.800000000,0.800000000,-0.300000000,8.494396715,0.166893909,-0.005498212,10.313846375,9.606920351,4157,1405,0
187.400000000,141.400000000,138.400000000,-1.800000000,0.800000000,-0.300000000,0.000000000,0.000000000,-1.800000000,0.800000000,-0.300000000,8.494396577,0.166894205,-0.005498499,10.313846219,9.606920269,4160,1406,0
187.400000000,141.400000000,138.400000000,-1.800000000,0.800000000,-0.300000000,0.000000000,0.000000000,-1.800000000,0.800000000,-0.300000000,8.494396577,0.166894205,-0.005498499,10.313846219,9.606920269,4160,1406,0
187.500000000,141.500000000,138.500000000,-1.800000000,0.800000000,-0.300000000,0.000000000,0.000000000,-1.800000000,0.800000000,-0.300000000,8.494396495,0.166894199,-0.005498880,10.313846138,9.606920284,4163,1407,0
187.500000000,141.500000000,138.500000000,-1.800000000,0.800000000,-0.300000000,0.000000000,0.000000000,-1.800000000,0.800000000,-0.300000000,8.494396495,0.166894199,-0.005498880,10.313846138,9.606920284,4163,1407,0
187.600000000,141.600000000,138.600000000,-1.800000000,0.800000000,-0.300000000,0.000000000,0.000000000,-1.800000000,0.800000000,-0.300000000,8.494396549,0.166893931,-0.005498736,10.313846208,9.606920316,4166,1408,0
187.600000000,141.600000000,138.600000000,-1.800000000,0.800000000,-0.300000000,0.000000000,0.000000000,-1.800000000,0.800000000,-0.300000000,8.494396549,0.166893931,-0.005498736,10.313846208,9.606920316,4166,1408,0
187.700000000,141.700000000,138.700000000,-1.800000000,0.800000000,-0.300000000,0.000000000,0.000000000,-1.800000000,0.800000000,-0.300000000,8.494396365,0.166894074,-0.005499203,10.313846016,9.606920242,4169,1409,0
187.700000000,141.700000000,138.700000000,-1.800000000,0.800000000,-0.300000000,0.000000000,0.000000000,-1.800000000,0.800000000,-0.300000000,8.494396365,0.166894074,-0.005499203,10.313846016,9.606920242,4169,1409,0
187.800000000,141.800000000,138.800000000,-1.800000000,0.800000000,-0.300000000,0.000000000,0.000000000,-1.800000000,0.800000000,-0.300000000,8.494396580,0.166894249,-0.005499547,10.313846220,9.606920534,4172,1410,0
187.800000000,141.800000000,138.800000000,-1.800000000,0.800000000,-0.300000000,0.000000000,0.000000000,-1.800000000,0.800000000,-0.300000000,8.494396580,0.166894249,-0.005499547,10.313846220,9.606920534,4172,1410,0
187.900000000,141.900000000,138.900000000,-1.800000000,0.800000000,-0.300000000,0.000000000,0.000000000,-1.800000000,0.800000000,-0.300000000,8.494396833,0.166893750,-0.005499740,10.313846503,9.606920864,4175,1411,0
187.900000000,141.900000000,138.900000000,-1.800000000,0.800000000,-0.300000000,0.000000000,0.000000000,-1.800000000,0.800000000,-0.300000000,8.494396833,0.166893750,-0.005499740,10.313846503,9.606920864,4175,1411,0
188.000000000,142.000000000,139.000000000,-1.800000000,0.800000000,-0.300000000,0.000000000,0.000000000,-1.800000000,0.800000000,-0.300000000,8.494396673,0.166894035,-0.005500500,10.313846325,9.606920879,4178,1412,0
188.000000000,142.000000000,139.000000000,-1.800000000,0.800000000,-0.300000000,0.000000000,0.000000000,-1.800000000,0.800000000,-0.300000000,8.494396673,0.166894035,-0.005500500,10.313846325,9.606920879,4178,1412,0
188.100000000,142.100000000,139.100000000,-1.800000000,0.800000000,-0.300000000,0.000000000,0.000000000,-1.800000000,0.800000000,-0.300000000,8.494396529,0.166894042,-0.005501063,10.313846181,9.606920877,4181,1413,0
188.100000000,142.100000000,139.100000000,-1.800000000,0.800000000,-0.300000000,0.000000000,0.000000000,-1.800000000,0.800000000,-0.300000000,8.494396529,0.166894042,-0.005501063,10.313846181,9.606920877,4181,1413,0
188.200000000,142.200000000,139.200000000,-1.800000000,0.800000000,-0.300000000,0.000000000,0.000000000,-1.800000000,0.800000000,-0.300000000,8.494396662,0.166893972,-0.005501464,10.313846318,9.606921115,4184,1414,0
188.200000000,142.200000000,139.200000000,-1.800000000,0.800000000,-0.300000000,0.000000000,0.000000000,-1.800000000,0.800000000,-0.300000000,8.494396662,0.166893972,-0.005501464,10.313846318,9.606921115,4184,1414,0
188.300000000,142.300000000,139.300000000,-1.800000000,0.800000000,-0.300000000,0.000000000,0.000000000,-1.800000000,0.800000000,-0.300000000,8.494396908,0.166893992,-0.005502064,10.313846563,9.606921511,4187,1415,0
188.300000000,142.300000000,139.300000000,-1.800000000,0.800000000,-0.300000000,0.000000000,0.000000000,-1.800000000,0.800000000,-0.300000000,8.494396908,0.166893992,-0.005502064,10.313846563,9.606921511,4187,1415,0
188.400000000,142.400000000,139.400000000,-1.800000000,0.800000000,-0.300000000,0.000000000,0.000000000,-1.800000000,0.800000000,-0.300000000,8.494396918,0.166893975,-0.005502796,10.313846573,9.606921706,4190,1416,0
188.400000000,142.400000000,139.400000000,-1.800000000,0.800000000,-0.300000000,0.000000000,0.000000000,-1.800000000,0.800000000,-0.300000000,8.494396918,0.166893975,-0.005502796,10.313846573,9.606921706,4190,1416,0
188.500000000,142.500000000,139.500000000,-1.800000000,0.800000000,-0.300000000,0.000000000,0.000000000,-1.800000000,0.800000000,-0.300000000,8.494397039,0.166894020,-0.005503278,10.313846692,9.606921946,4193,1417,0
188.500000000,142.500000000,139.500000000,-1.800000000,0.800000000,-0.300000000,0.000000000,0.000000000,-1.800000000,0.800000000,-0.300000000,8.494397039,0.166894020,-0.005503278,10.313846692,9.606921946,4193,1417,0
188.600000000,142.600000000,139.600000000,-1.800000000,0.800000000,-0.300000000,0.000000000,0.000000000,-1.800000000,0.800000000,-0.300000000,8.494396977,0.166893927,-0.005503890,10.313846635,9.606922044,4196,1418,0
188.600000000,142.600000000,139.600000000,-1.800000000,0.800000000,-0.300000000,0.000000000,0.000000000,-1.800000000,0.800000000,-0.300000000,8.494396977,0.166893927,-0.005503890,10.313846635,9.606922044,4196,1418,0
188.700000000,142.700000000,139.700000000,-1.800000000,0.800000000,-0.300000000,0.000000000,0.000000000,-1.800000000,0.800000000,-0.300000000,8.494396935,0.166894272,-0.005504466,10.313846572,9.606922127,4198,1419,0
188.700000000,142.700000000,139.700000000,-1.800000000,0.800000000,-0.300000000,0.000000000,0.000000000,-1.800000000,0.800000000,-0.300000000,8.494396962,0.166894119,-0.005504698,10.313846609,9.606922222,4199,1419,0
188.800000000,142.800000000,139.800000000,-1.800000000,0.800000000,-0.300000000,0.000000000,0.000000000,-1.800000000,0.800000000,-0.300000000,8.494397141,0.166893962,-0.005504929,10.313846797,9.606922468,4201,1420,0
188.800000000,142.800000000,139.800000000,-1.800000000,0.800000000,-0.300000000,0.000000000,0.000000000,-1.800000000,0.800000000,-0.300000000,8.494397141,0.166893962,-0.005504929,10.313846797,9.606922468,4201,1420,0
188.900000000,142.900000000,139.900000000,-1.800000000,0.800000000,-0.300000000,0.000000000,0.000000000,-1.800000000,0.800000000,-0.300000000,8.494397288,0.166893699,-0.005505282,10.313846960,9.606922719,4204,1421,0
188.900000000,142.900000000,139.900000000,-1.800000000,0.800000000,-0.300000000,0.000000000,0.000000000,-1.800000000,0.800000000,-0.300000000,8.494397288,0.166893699,-0.005505282,10.313846960,9.606922719,4204,1421,0
189.000000000,143.000000000,140.000000000,-1.800000000,0.800000000,-0.300000000,0.000000000,0.000000000,-1.800000000,0.800000000,-0.300000000,8.494397479,0.166894174,-0.005505998,10.313847121,9.606923063,4207,1422,0
189.000000000,143.000000000,140.000000000,-1.800000000,0.800000000,-0.300000000,0.000000000,0.000000000,-1.800000000,0.800000000,-0.300000000,8.494397479,0.166894174,-0.005505998,10.313847121,9.606923063,4207,1422,0
189.100000000,143.100000000,140.100000000,-1.800000000,0.800000000,-0.300000000,0.000000000,0.000000000,-1.800000000,0.800000000,-0.300000000,8.494397495,0.166893937,-0.005506522,10.313847152,9.606923225,4210,1423,0
189.100000000,143.100000000,140.100000000,-1.800000000,0.800000000,-0.300000000,0.000000000,0.000000000,-1.800000000,0.800000000,-0.300000000,8.494397495,0.166893937,-0.005506522,10.313847152,9.606923225,4210,1423,0
189.200000000,143.200000000,140.200000000,-1.800000000,0.800000000,-0.300000000,0.000000000,0.000000000,-1.800000000,0.800000000,-0.300000000,8.494397579,0.166893805,-0.005506752,10.313847244,9.606923374,4213,1424,0
189.200000000,143.200000000,140.200000000,-1.800000000,0.800000000,-0.300000000,0.000000000,0.000000000,-1.800000000,0.800000000,-0.300000000,8.494397579,0.166893805,-0.005506752,10.313847244,9.606923374,4213,1424,0
189.300000000,143.300000000,140.300000000,-1.800000000,0.800000000,-0.300000000,0.000000000,0.000000000,-1.800000000,0.800000000,-0.300000000,8.494397694,0.166893943,-0.005507490,10.313847350,9.606923667,4216,1425,0
189.300000000,143.300000000,140.300000000,-1.800000000,0.800000000,-0.300000000,0.000000000,0.000000000,-1.800000000,0.800000000,-0.300000000,8.494397694,0.166893943,-0.005507490,10.313847350,9.606923667,4216,1425,0
189.400000000,143.400000000,140.400000000,-1.800000000,0.800000000,-0.300000000,0.000000000,0.000000000,-1.800000000,0.800000000,-0.300000000,8.494397824,0.166893853,-0.005507903,10.313847486,9.606923907,4219,1426,0
189.400000000,143.400000000,140.400000000,-1.800000000,0.800000000,-0.300000000,0.000000000,0.000000000,-1.800000000,0.800000000,-0.300000000,8.494397824,0.166893853,-0.005507903,10.313847486,9.606923907,4219,1426,0
189.500000000,143.500000000,140.500000000,-1.800000000,0.800000000,-0.300000000,0.000000000,0.000000000,-1.800000000,0.800000000,-0.300000000,8.494397959,0.166893983,-0.005508358,10.313847612,9.606924148,4222,1427,0
189.500000000,143.500000000,140.500000000,-1.800000000,0.800000000,-0.300000000,0.000000000,0.000000000,-1.800000000,0.800000000,-0.300000000,8.494397959,0.166893983,-0.005508358,10.313847612,9.606924148,4222,1427,0
189.600000000,143.600000000,140.600000000,-1.800000000,0.800000000,-0.300000000,0.000000000,0.000000000,-1.800000000,0.800000000,-0.300000000,8.494397991,0.166893968,-0.005508955,10.313847645,9.606924331,4225,1428,0
189.600000000,143.600000000,140.600000000,-1.800000000,0.800000000,-0.300000000,0.000000000,0.000000000,-1.800000000,0.800000000,-0.300000000,8.494397991,0.166893968,-0.005508955,10.313847645,9.606924331,4225,1428,0
189.700000000,143.700000000,140.700000000,-1.800000000,0.800000000,-0.300000000,0.000000000,0.000000000,-1.800000000,0.800000000,-0.300000000,8.494398156,0.166894009,-0.005509330,10.313847807,9.606924589,4228,1429,0
189.700000000,143.700000000,140.700000000,-1.800000000,0.800000000,-0.300000000,0.000000000,0.000000000,-1.800000000,0.800000000,-0.300000000,8.494398156,0.166894009,-0.005509330,10.313847807,9.606924589,4228,1429,0
189.800000000,143.800000000,140.800000000,-1.800000000,0.800000000,-0.300000000,0.000000000,0.000000000,-1.800000000,0.800000000,-0.300000000,8.494398228,0.166893721,-0.005509588,10.313847896,9.606924742,4231,1430,0
189.800000000,143.800000000,140.800000000,-1.800000000,0.800000000,-0.300000000,0.000000000,0.000000000,-1.800000000,0.800000000,-0.300000000,8.494398228,0.166893721,-0.005509588,10.313847896,9.606924742,4231,1430,0
189.900000000,143.900000000,140.900000000,-1.800000000,0.800000000,-0.300000000,0.000000000,0.000000000,-1.800000000,0.800000000,-0.300000000,8.494398296,0.166893970,-0.005510165,10.313847949,9.606924941,4234,1431,0
189.900000000,143.900000000,140.900000000,-1.800000000,0.800000000,-0.300000000,0.000000000,0.000000000,-1.800000000,0.800000000,-0.300000000,8.494398296,0.166893970,-0.005510165,10.313847949,9.606924941,4234,1431,0
190.000000000,144.000000000,141.000000000,-1.800000000,0.800000000,-0.300000000,0.000000000,0.000000000,-1.800000000,0.800000000,-0.300000000,8.494398503,0.166893900,-0.005510306,10.313848160,9.606925187,4237,1432,0
190.000000000,144.000000000,141.000000000,-1.800000000,0.800000000,-0.300000000,0.000000000,0.000000000,-1.800000000,0.800000000,-0.300000000,8.494398503,0.166893900,-0.005510306,10.313848160,9.606925187,4237,1432,0
190.100000000,144.100000000,141.100000000,-1.800000000,0.800000000,-0.300000000,0.000000000,0.000000000,-1.800000000,0.800000000,-0.300000000,8.494398553,0.166893839,-0.005510717,10.313848214,9.606925344,4240,1433,0
190.100000000,144.100000000,141.100000000,-1.800000000,0.800000000,-0.300000000,0.000000000,0.000000000,-1.800000000,0.800000000,-0.300000000,8.494398553,0.166893839,-0.005510717,10.313848214,9.606925344,4240,1433,0
190.200000000,144.200000000,141.200000000,-1.800000000,0.800000000,-0.300000000,0.000000000,0.000000000,-1.800000000,0.800000000,-0.300000000,8.494398625,0.166893837,-0.005511018,10.313848286,9.606925493,4243,1434,0
190.200000000,144.200000000,141.200000000,-1.800000000,0.800000000,-0.300000000,0.000000000,0.000000000,-1.800000000,0.800000000,-0.300000000,8.494398625,0.166893837,-0.005511018,10.313848286,9.606925493,4243,1434,0
190.300000000,144.300000000,141.300000000,-1.800000000,0.800000000,-0.300000000,0.000000000,0.000000000,-1.800000000,0.800000000,-0.300000000,8.494398825,0.166893875,-0.005511253,10.313848483,9.606925749,4246,1435,0
190.300000000,144.300000000,141.300000000,-1.800000000,0.800000000,-0.300000000,0.000000000,0.000000000,-1.800000000,0.800000000,-0.300000000,8.494398825,0.166893875,-0.005511253,10.313848483,9.606925749,4246,1435,0
190.400000000,144.400000000,141.400000000,-1.800000000,0.800000000,-0.300000000,0.000000000,0.000000000,-1.800000000,0.800000000,-0.300000000,8.494398907,0.166894014,-0.005511607,10.313848557,9.606925912,4248,1436,0
190.400000000,144.400000000,141.400000000,-1.800000000,0.800000000,-0.300000000,0.000000000,0.000000000,-1.800000000,0.800000000,-0.300000000,8.494398899,0.166893919,-0.005511713,10.313848554,9.606925936,4249,1436,0
190.500000000,144.500000000,141.500000000,-1.800000000,0.800000000,-0.300000000,0.000000000,0.000000000,-1.800000000,0.800000000,-0.300000000,8.494398988,0.166893884,-0.005511815,10.313848645,9.606926053,4251,1437,0
190.500000000,144.500000000,141.500000000,-1.800000000,0.800000000,-0.300000000,0.000000000,0.000000000,-1.800000000,0.800000000,-0.300000000,8.494398988,0.166893884,-0.005511815,10.313848645,9.606926053,4251,1437,0
190.600000000,144.600000000,141.600000000,-1.800000000,0.800000000,-0.300000000,0.000000000,0.000000000,-1.800000000,0.800000000,-0.300000000,8.494399145,0.166893778,-0.005511994,10.313848809,9.606926262,4254,1438,0
190.600000000,144.600000000,141.600000000,-1.800000000,0.800000000,-0.300000000,0.000000000,0.000000000,-1.800000000,0.800000000,-0.300000000,8.494399145,0.166893778,-0.005511994,10.313848809,9.606926262,4254,1438,0
190.700000000,144.700000000,141.700000000,-1.800000000,0.800000000,-0.300000000,0.000000000,0.000000000,-1.800000000,0.800000000,-0.300000000,8.494399215,0.166893928,-0.005512329,10.313848869,9.606926407,4257,1439,0
190.700000000,144.700000000,141.700000000,-1.800000000,0.800000000,-0.300000000,0.000000000,0.000000000,-1.800000000,0.800000000,-0.300000000,8.494399215,0.166893928,-0.005512329,10.313848869,9.606926407,4257,1439,0
190.800000000,144.800000000,141.800000000,-1.800000000,0.800000000,-0.300000000,0.000000000,0.000000000,-1.800000000,0.800000000,-0.300000000,8.494399278,0.166893836,-0.005512553,10.313848938,9.606926532,4260,1440,0
190.800000000,144.800000000,141.800000000,-1.800000000,0.800000000,-0.300000000,0.000000000,0.000000000,-1.800000000,0.800000000,-0.300000000,8.494399278,0.166893836,-0.005512553,10.313848938,9.606926532,4260,1440,0
190.900000000,144.900000000,141.900000000,-1.800000000,0.800000000,-0.300000000,0.000000000,0.000000000,-1.800000000,0.800000000,-0.300000000,8.494399357,0.166893958,-0.005512865,10.313849009,9.606926683,4263,1441,0
190.900000000,144.900000000,141.900000000,-1.800000000,0.800000000,-0.300000000,0.000000000,0.000000000,-1.800000000,0.800000000,-0.300000000,8.494399357,0.166893958,-0.005512865,10.313849009,9.606926683,4263,1441,0
191.000000000,145.000000000,142.000000000,-1.800000000,0.800000000,-0.300000000,0.000000000,0.000000000,-1.800000000,0.800000000,-0.300000000,8.494399477,0.166893834,-0.005513025,10.313849137,9.606926850,4266,1442,0
191.000000000,145.000000000,142.000000000,-1.800000000,0.800000000,-0.300000000,0.000000000,0.000000000,-1.800000000,0.800000000,-0.300000000,8.494399477,0.166893834,-0.005513025,10.313849137,9.606926850,4266,1442,0
191.100000000,145.100000000,142.100000000,-1.800000000,0.800000000,-0.300000000,0.000000000,0.000000000,-1.800000000,0.800000000,-0.300000000,8.494399722,0.166893631,-0.005513059,10.313849393,9.606927114,4269,1443,0
191.100000000,145.100000000,142.100000000,-1.800000000,0.800000000,-0.300000000,0.000000000,0.000000000,-1.800000000,0.800000000,-0.300000000,8.494399722,0.166893631,-0.005513059,10.313849393,9.606927114,4269,1443,0
191.200000000,145.200000000,142.200000000,-1.800000000,0.800000000,-0.300000000,0.000000000,0.000000000,-1.800000000,0.800000000,-0.300000000,8.494399830,0.166893871,-0.005513468,10.313849487,9.606927312,4272,1444,0
191.200000000,145.200000000,142.200000000,-1.800000000,0.800000000,-0.300000000,0.000000000,0.000000000,-1.800000000,0.800000000,-0.300000000,8.494399830,0.166893871,-0.005513468,10.313849487,9.606927312,4272,1444,0
191.300000000,145.300000000,142.300000000,-1.800000000,0.800000000,-0.300000000,0.000000000,0.000000000,-1.800000000,0.800000000,-0.300000000,8.494399732,0.166893996,-0.005513920,10.313849381,9.606927321,4275,1445,0
191.300000000,145.300000000,142.300000000,-1.800000000,0.800000000,-0.300000000,0.000000000,0.000000000,-1.800000000,0.800000000,-0.300000000,8.494399732,0.166893996,-0.005513920,10.313849381,9.606927321,4275,1445,0
191.400000000,145.400000000,142.400000000,-1.800000000,0.800000000,-0.300000000,0.000000000,0.000000000,-1.800000000,0.800000000,-0.300000000,8.494399919,0.166893699,-0.005513827,10.313849586,9.606927501,4278,1446,0
191.400000000,145.400000000,142.400000000,-1.800000000,0.800000000,-0.300000000,0.000000000,0.000000000,-1.800000000,0.800000000,-0.300000000,8.494399919,0.166893699,-0.005513827,10.313849586,9.606927501,4278,1446,0
191.500000000,145.500000000,142.500000000,-1.800000000,0.800000000,-0.300000000,0.000000000,0.000000000,-1.800000000,0.800000000,-0.300000000,8.494399983,0.166893842,-0.005514247,10.313849641,9.606927662,4281,1447,0
191.500000000,145.500000000,142.500000000,-1.800000000,0.800000000,-0.300000000,0.000000000,0.000000000,-1.800000000,0.800000000,-0.300000000,8.494399983,0.166893842,-0.005514247,10.313849641,9.606927662,4281,1447,0
191.600000000,145.600000000,142.600000000,-1.800000000,0.800000000,-0.300000000,0.000000000,0.000000000,-1.800000000,0.800000000,-0.300000000,8.494399958,0.166893953,-0.005514685,10.313849609,9.606927742,4284,1448,0
191.600000000,145.600000000,142.600000000,-1.800000000,0.800000000,-0.300000000,0.000000000,0.000000000,-1.800000000,0.800000000,-0.300000000,8.494399958,0.166893953,-0.005514685,10.313849609,9.606927742,4284,1448,0
191.700000000,145.700000000,142.700000000,-1.800000000,0.800000000,-0.300000000,0.000000000,0.000000000,-1.800000000,0.800000000,-0.300000000,8.494400242,0.166893665,-0.005514657,10.313849910,9.606928034,4287,1449,0
191.700000000,145.700000000,142.700000000,-1.800000000,0.800000000,-0.300000000,0.000000000,0.000000000,-1.800000000,0.800000000,-0.300000000,8.494400242,0.166893665,-0.005514657,10.313849910,9.606928034,4287,1449,0
191.800000000,145.800000000,142.800000000,-1.800000000,0.800000000,-0.300000000,0.000000000,0.000000000,-1.800000000,0.800000000,-0.300000000,8.494400327,0.166893911,-0.005515157,10.313849980,9.606928232,4290,1450,0
191.800000000,145.800000000,142.800000000,-1.800000000,0.800000000,-0.300000000,0.000000000,0.000000000,-1.800000000,0.800000000,-0.300000000,8.494400327,0.166893911,-0.005515157,10.313849980,9.606928232,4290,1450,0
191.900000000,145.900000000,142.900000000,-1.800000000,0.800000000,-0.300000000,0.000000000,0.000000000,-1.800000000,0.800000000,-0.300000000,8.494400489,0.166893802,-0.005515358,10.313850148,9.606928450,4293,1451,0
191.900000000,145.900000000,142.900000000,-1.800000000,0.800000000,-0.300000000,0.000000000,0.000000000,-1.800000000,0.800000000,-0.300000000,8.494400489,0.166893802,-0.005515358,10.313850148,9.606928450,4293,1451,0
192.000000000,146.000000000,143.000000000,-1.800000000,0.800000000,-0.300000000,0.000000000,0.000000000,-1.800000000,0.800000000,-0.300000000,8.494400467,0.166893761,-0.005515560,10.313850129,9.606928481,4296,1452,0
192.000000000,146.000000000,143.000000000,-1.800000000,0.800000000,-0.300000000,0.000000000,0.000000000,-1.800000000,0.800000000,-0.300000000,8.494400467,0.166893761,-0.005515560,10.313850129,9.606928481,4296,1452,0
192.100000000,146.100000000,143.100000000,-1.800000000,0.800000000,-0.300000000,0.000000000,0.000000000,-1.800000000,0.800000000,-0.300000000,8.494402598,0.166893798,-0.005519215,10.313852254,9.606931529,4299,1453,0
192.100000000,146.100000000,143.100000000,-1.800000000,0.800000000,-0.300000000,0.000000000,0.000000000,-1.800000000,0.800000000,-0.300000000,8.494402598,0.166893798,-0.005519215,10.313852254,9.606931529,4299,1453,0
192.200000000,146.200000000,143.200000000,-1.800000000,0.800000000,-0.300000000,0.000000000,0.000000000,-1.800000000,0.800000000,-0.300000000,8.494402658,0.166893882,-0.005520661,10.313852309,9.606931948,4301,1454,0
192.200000000,146.200000000,143.200000000,-1.800000000,0.800000000,-0.300000000,0.000000000,0.000000000,-1.800000000,0.800000000,-0.300000000,8.494402658,0.166893882,-0.005520661,10.313852309,9.606931948,4301,1454,0
192.300000000,146.300000000,143.300000000,-1.800000000,0.800000000,-0.300000000,0.000000000,0.000000000,-1.800000000,0.800000000,-0.300000000,8.494402750,0.166893751,-0.005521084,10.313852408,9.606932154,4304,1455,0
192.300000000,146.300000000,143.300000000,-1.800000000,0.800000000,-0.300000000,0.000000000,0.000000000,-1.800000000,0.800000000,-0.300000000,8.494402750,0.166893751,-0.005521084,10.313852408,9.606932154,4304,1455,0
192.400000000,146.400000000,143.400000000,-1.800000000,0.800000000,-0.300000000,0.000000000,0.000000000,-1.800000000,0.800000000,-0.300000000,8.494402901,0.166893852,-0.005521157,10.313852553,9.606932318,4307,1456,0
192.400000000,146.400000000,143.400000000,-1.800000000,0.800000000,-0.300000000,0.000000000,0.000000000,-1.800000000,0.800000000,-0.300000000,8.494402901,0.166893852,-0.005521157,10.313852553,9.606932318,4307,1456,0
192.500000000,146.500000000,143.500000000,-1.800000000,0.800000000,-0.300000000,0.000000000,0.000000000,-1.800000000,0.800000000,-0.300000000,8.494402903,0.166893746,-0.005520808,10.313852561,9.606932238,4310,1457,0
192.500000000,146.500000000,143.500000000,-1.800000000,0.800000000,-0.300000000,0.000000000,0.000000000,-1.800000000,0.800000000,-0.300000000,8.494402903,0.166893746,-0.005520808,10.313852561,9.606932238,4310,1457,0
192.600000000,146.600000000,143.600000000,-1.800000000,0.800000000,-0.300000000,0.000000000,0.000000000,-1.800000000,0.800000000,-0.300000000,8.494402887,0.166893816,-0.005520475,10.313852541,9.606932134,4313,1458,0
192.600000000,146.600000000,143.600000000,-1.800000000,0.800000000,-0.300000000,0.000000000,0.000000000,-1.800000000,0.800000000,-0.300000000,8.494402887,0.166893816,-0.005520475,10.313852541,9.606932134,4313,1458,0
192.700000000,146.700000000,143.700000000,-1.800000000,0.800000000,-0.300000000,0.000000000,0.000000000,-1.800000000,0.800000000,-0.300000000,8.494402991,0.166893817,-0.005520002,10.313852645,9.606932118,4316,1459,0
192.700000000,146.700000000,143.700000000,-1.800000000,0.800000000,-0.300000000,0.000000000,0.000000000,-1.800000000,0.800000000,-0.300000000,8.494402991,0.166893817,-0.005520002,10.313852645,9.606932118,4316,1459,0
192.800000000,146.800000000,143.800000000,-1.800000000,0.800000000,-0.300000000,0.000000000,0.000000000,-1.800000000,0.800000000,-0.300000000,8.494402919,0.166893784,-0.005519461,10.313852575,9.606931912,4319,1460,0
192.800000000,146.800000000,143.800000000,-1.800000000,0.800000000,-0.300000000,0.000000000,0.000000000,-1.800000000,0.800000000,-0.300000000,8.494402919,0.166893784,-0.005519461,10.313852575,9.606931912,4319,1460,0
192.900000000,146.900000000,143.900000000,-1.800000000,0.800000000,-0.300000000,0.000000000,0.000000000,-1.800000000,0.800000000,-0.300000000,8.494402901,0.166893839,-0.005518970,10.313852554,9.606931767,4322,1461,0
192.900000000,146.900000000,143.900000000,-1.800000000,0.800000000,-0.300000000,0.000000000,0.000000000,-1.800000000,0.800000000,-0.300000000,8.494402901,0.166893839,-0.005518970,10.313852554,9.606931767,4322,1461,0
193.000000000,147.000000000,144.000000000,-1.800000000,0.800000000,-0.300000000,0.000000000,0.000000000,-1.800000000,0.800000000,-0.300000000,8.494402842,0.166893746,-0.005518367,10.313852500,9.606931561,4325,1462,0
193.000000000,147.000000000,144.000000000,-1.800000000,0.800000000,-0.300000000,0.000000000,0.000000000,-1.800000000,0.800000000,-0.300000000,8.494402842,0.166893746,-0.005518367,10.313852500,9.606931561,4325,1462,0
193.100000000,147.100000000,144.100000000,-1.800000000,0.800000000,-0.300000000,0.000000000,0.000000000,-1.800000000,0.800000000,-0.300000000,8.494402898,0.166893746,-0.005517860,10.313852557,9.606931490,4328,1463,0
193.100000000,147.100000000,144.100000000,-1.800000000,0.800000000,-0.300000000,0.000000000,0.000000000,-1.800000000,0.800000000,-0.300000000,8.494402898,0.166893746,-0.005517860,10.313852557,9.606931490,4328,1463,0
193.200000000,147.200000000,144.200000000,-1.800000000,0.800000000,-0.300000000,0.000000000,0.000000000,-1.800000000,0.800000000,-0.300000000,8.494403032,0.166893877,-0.005517498,10.313852682,9.606931524,4331,1464,0
193.200000000,147.200000000,144.200000000,-1.800000000,0.800000000,-0.300000000,0.000000000,0.000000000,-1.800000000,0.800000000,-0.300000000,8.494403032,0.166893877,-0.005517498,10.313852682,9.606931524,4331,1464,0
193.300000000,147.300000000,144.300000000,-1.800000000,0.800000000,-0.300000000,0.000000000,0.000000000,-1.800000000,0.800000000,-0.300000000,8.494402985,0.166893968,-0.005517141,10.313852629,9.606931382,4334,1465,0
193.300000000,147.300000000,144.300000000,-1.800000000,0.800000000,-0.300000000,0.000000000,0.000000000,-1.800000000,0.800000000,-0.300000000,8.494402985,0.166893968,-0.005517141,10.313852629,9.606931382,4334,1465,0
193.400000000,147.400000000,144.400000000,-1.800000000,0.800000000,-0.300000000,0.000000000,0.000000000,-1.800000000,0.800000000,-0.300000000,8.494402789,0.166893655,-0.005516454,10.313852453,9.606931031,4337,1466,0
193.400000000,147.400000000,144.400000000,-1.800000000,0.800000000,-0.300000000,0.000000000,0.000000000,-1.800000000,0.800000000,-0.300000000,8.494402789,0.166893655,-0.005516454,10.313852453,9.606931031,4337,1466,0
193.500000000,147.500000000,144.500000000,-1.800000000,0.800000000,-0.300000000,0.000000000,0.000000000,-1.800000000,0.800000000,-0.300000000,8.494402633,0.166893903,-0.005516258,10.313852282,9.606930812,4340,1467,0
193.500000000,147.500000000,144.500000000,-1.800000000,0.800000000,-0.300000000,0.000000000,0.000000000,-1.800000000,0.800000000,-0.300000000,8.494402633,0.166893903,-0.005516258,10.313852282,9.606930812,4340,1467,0
193.600000000,147.600000000,144.600000000,-1.800000000,0.800000000,-0.300000000,0.000000000,0.000000000,-1.800000000,0.800000000,-0.300000000,8.494402855,0.166893735,-0.005515767,10.313852514,9.606930919,4343,1468,0
193.600000000,147.600000000,144.600000000,-1.800000000,0.800000000,-0.300000000,0.000000000,0.000000000,-1.800000000,0.800000000,-0.300000000,8.494402855,0.166893735,-0.005515767,10.313852514,9.606930919,4343,1468,0
193.700000000,147.700000000,144.700000000,-1.800000000,0.800000000,-0.300000000,0.000000000,0.000000000,-1.800000000,0.800000000,-0.300000000,8.494402880,0.166893828,-0.005515508,10.313852534,9.606930874,4346,1469,0
193.700000000,147.700000000,144.700000000,-1.800000000,0.800000000,-0.300000000,0.000000000,0.000000000,-1.800000000,0.800000000,-0.300000000,8.494402880,0.166893828,-0.005515508,10.313852534,9.606930874,4346,1469,0
193.800000000,147.800000000,144.800000000,-1.800000000,0.800000000,-0.300000000,0.000000000,0.000000000,-1.800000000,0.800000000,-0.300000000,8.494402756,0.166893958,-0.005515411,10.313852401,9.606930717,4348,1470,0
193.800000000,147.800000000,144.800000000,-1.800000000,0.800000000,-0.300000000,0.000000000,0.000000000,-1.800000000,0.800000000,-0.300000000,8.494402653,0.166893963,-0.005515317,10.313852298,9.606930590,4349,1470,0
193.900000000,147.900000000,144.900000000,-1.800000000,0.800000000,-0.300000000,0.000000000,0.000000000,-1.800000000,0.800000000,-0.300000000,8.494402510,0.166893808,-0.005514995,10.313852166,9.606930376,4351,1471,0
193.900000000,147.900000000,144.900000000,-1.800000000,0.800000000,-0.300000000,0.000000000,0.000000000,-1.800000000,0.800000000,-0.300000000,8.494402510,0.166893808,-0.005514995,10.313852166,9.606930376,4351,1471,0
194.000000000,148.000000000,145.000000000,-1.800000000,0.800000000,-0.300000000,0.000000000,0.000000000,-1.800000000,0.800000000,-0.300000000,8.494402468,0.166893723,-0.005514636,10.313852128,9.606930248,4354,1472,0
194.000000000,148.000000000,145.000000000,-1.800000000,0.800000000,-0.300000000,0.000000000,0.000000000,-1.800000000,0.800000000,-0.300000000,8.494402468,0.166893723,-0.005514636,10.313852128,9.606930248,4354,1472,0
194.100000000,148.100000000,145.100000000,-1.800000000,0.800000000,-0.300000000,0.000000000,0.000000000,-1.800000000,0.800000000,-0.300000000,8.494402605,0.166893905,-0.005514521,10.313852254,9.606930346,4357,1473,0
194.100000000,148.100000000,145.100000000,-1.800000000,0.800000000,-0.300000000,0.000000000,0.000000000,-1.800000000,0.800000000,-0.300000000,8.494402605,0.166893905,-0.005514521,10.313852254,9.606930346,4357,1473,0
194.200000000,148.200000000,145.200000000,-1.800000000,0.800000000,-0.300000000,0.000000000,0.000000000,-1.800000000,0.800000000,-0.300000000,8.494402661,0.166893765,-0.005514154,10.313852319,9.606930317,4360,1474,0
194.200000000,148.200000000,145.200000000,-1.800000000,0.800000000,-0.300000000,0.000000000,0.000000000,-1.800000000,0.800000000,-0.300000000,8.494402661,0.166893765,-0.005514154,10.313852319,9.606930317,4360,1474,0
194.300000000,148.300000000,145.300000000,-1.800000000,0.800000000,-0.300000000,0.000000000,0.000000000,-1.800000000,0.800000000,-0.300000000,8.494402367,0.166893704,-0.005513836,10.313852029,9.606929947,4363,1475,0
194.300000000,148.300000000,145.300000000,-1.800000000,0.800000000,-0.300000000,0.000000000,0.000000000,-1.800000000,0.800000000,-0.300000000,8.494402367,0.166893704,-0.005513836,10.313852029,9.606929947,4363,1475,0
194.400000000,148.400000000,145.400000000,-1.800000000,0.800000000,-0.300000000,0.000000000,0.000000000,-1.800000000,0.800000000,-0.300000000,8.494402352,0.166893879,-0.005513748,10.313852003,9.606929899,4366,1476,0
194.400000000,148.400000000,145.400000000,-1.800000000,0.800000000,-0.300000000,0.000000000,0.000000000,-1.800000000,0.800000000,-0.300000000,8.494402352,0.166893879,-0.005513748,10.313852003,9.606929899,4366,1476,0
194.500000000,148.500000000,145.500000000,-1.800000000,0.800000000,-0.300000000,0.000000000,0.000000000,-1.800000000,0.800000000,-0.300000000,8.494402465,0.166893783,-0.005513454,10.313852122,9.606929943,4369,1477,0
194.500000000,148.500000000,145.500000000,-1.800000000,0.800000000,-0.300000000,0.000000000,0.000000000,-1.800000000,0.800000000,-0.300000000,8.494402465,0.166893783,-0.005513454,10.313852122,9.606929943,4369,1477,0
194.600000000,148.600000000,145.600000000,-1.800000000,0.800000000,-0.300000000,0.000000000,0.000000000,-1.800000000,0.800000000,-0.300000000,8.494402422,0.166893922,-0.005513340,10.313852070,9.606929864,4372,1478,0
194.600000000,148.600000000,145.600000000,-1.800000000,0.800000000,-0.300000000,0.000000000,0.000000000,-1.800000000,0.800000000,-0.300000000,8.494402422,0.166893922,-0.005513340,10.313852070,9.606929864,4372,1478,0
194.700000000,148.700000000,145.700000000,-1.800000000,0.800000000,-0.300000000,0.000000000,0.000000000,-1.800000000,0.800000000,-0.300000000,8.494402262,0.166893877,-0.005513082,10.313851914,9.606929642,4375,1479,0
194.700000000,148.700000000,145.700000000,-1.800000000,0.800000000,-0.300000000,0.000000000,0.000000000,-1.800000000,0.800000000,-0.300000000,8.494402262,0.166893877,-0.005513082,10.313851914,9.606929642,4375,1479,0
194.800000000,148.800000000,145.800000000,-1.800000000,0.800000000,-0.300000000,0.000000000,0.000000000,-1.800000000,0.800000000,-0.300000000,8.494402172,0.166893694,-0.005512699,10.313851835,9.606929466,4378,1480,0
194.800000000,148.800000000,145.800000000,-1.800000000,0.800000000,-0.300000000,0.000000000,0.000000000,-1.800000000,0.800000000,-0.300000000,8.494402172,0.166893694,-0.005512699,10.313851835,9.606929466,4378,1480,0
194.900000000,148.900000000,145.900000000,-1.800000000,0.800000000,-0.300000000,0.000000000,0.000000000,-1.800000000,0.800000000,-0.300000000,8.494402205,0.166893889,-0.005512645,10.313851856,9.606929474,4381,1481,0
194.900000000,148.900000000,145.900000000,-1.800000000,0.800000000,-0.300000000,0.000000000,0.000000000,-1.800000000,0.800000000,-0.300000000,8.494402205,0.166893889,-0.005512645,10.313851856,9.606929474,4381,1481,0
195.000000000,149.000000000,146.000000000,-1.800000000,0.800000000,-0.300000000,0.000000000,0.000000000,-1.800000000,0.800000000,-0.300000000,8.494402371,0.166893681,-0.005512259,10.313852034,9.606929554,4384,1482,0
195.000000000,149.000000000,146.000000000,-1.800000000,0.800000000,-0.300000000,0.000000000,0.000000000,-1.800000000,0.800000000,-0.300000000,8.494402371,0.166893681,-0.005512259,10.313852034,9.606929554,4384,1482,0
195.100000000,149.100000000,146.100000000,-1.800000000,0.800000000,-0.300000000,0.000000000,0.000000000,-1.800000000,0.800000000,-0.300000000,8.494402116,0.166893762,-0.005512096,10.313851775,9.606929254,4387,1483,0
195.100000000,149.100000000,146.100000000,-1.800000000,0.800000000,-0.300000000,0.000000000,0.000000000,-1.800000000,0.800000000,-0.300000000,8.494402116,0.166893762,-0.005512096,10.313851775,9.606929254,4387,1483,0
195.200000000,149.200000000,146.200000000,-1.800000000,0.800000000,-0.300000000,0.000000000,0.000000000,-1.800000000,0.800000000,-0.300000000,8.494401952,0.166893981,-0.005512087,10.313851598,9.606929075,4390,1484,0
195.200000000,149.200000000,146.200000000,-1.800000000,0.800000000,-0.300000000,0.000000000,0.000000000,-1.800000000,0.800000000,-0.300000000,8.494401952,0.166893981,-0.005512087,10.313851598,9.606929075,4390,1484,0
195.300000000,149.300000000,146.300000000,-1.800000000,0.800000000,-0.300000000,0.000000000,0.000000000,-1.800000000,0.800000000,-0.300000000,8.494401991,0.166893768,-0.005511711,10.313851650,9.606929032,4393,1485,0
195.300000000,149.300000000,146.300000000,-1.800000000,0.800000000,-0.300000000,0.000000000,0.000000000,-1.800000000,0.800000000,-0.300000000,8.494401991,0.166893768,-0.005511711,10.313851650,9.606929032,4393,1485,0
195.400000000,149.400000000,146.400000000,-1.800000000,0.800000000,-0.300000000,0.000000000,0.000000000,-1.800000000,0.800000000,-0.300000000,8.494402072,0.166893741,-0.005511485,10.313851732,9.606929057,4396,1486,0
195.400000000,149.400000000,146.400000000,-1.800000000,0.800000000,-0.300000000,0.000000000,0.000000000,-1.800000000,0.800000000,-0.300000000,8.494402072,0.166893741,-0.005511485,10.313851732,9.606929057,4396,1486,0
195.500000000,149.500000000,146.500000000,-1.800000000,0.800000000,-0.300000000,0.000000000,0.000000000,-1.800000000,0.800000000,-0.300000000,8.494402081,0.166893906,-0.005511494,10.313851732,9.606929059,4398,1487,0
195.500000000,149.500000000,146.500000000,-1.800000000,0.800000000,-0.300000000,0.000000000,0.000000000,-1.800000000,0.800000000,-0.300000000,8.494402058,0.166894003,-0.005511508,10.313851702,9.606929033,4399,1487,0
195.600000000,149.600000000,146.600000000,-1.800000000,0.800000000,-0.300000000,0.000000000,0.000000000,-1.800000000,0.800000000,-0.300000000,8.494402055,0.166893887,-0.005511282,10.313851707,9.606928980,4401,1488,0
195.600000000,149.600000000,146.600000000,-1.800000000,0.800000000,-0.300000000,0.000000000,0.000000000,-1.800000000,0.800000000,-0.300000000,8.494402055,0.166893887,-0.005511282,10.313851707,9.606928980,4401,1488,0
195.700000000,149.700000000,146.700000000,-1.800000000,0.800000000,-0.300000000,0.000000000,0.000000000,-1.800000000,0.800000000,-0.300000000,8.494401953,0.166893570,-0.005510800,10.313851624,9.606928775,4404,1489,0
195.700000000,149.700000000,146.700000000,-1.800000000,0.800000000,-0.300000000,0.000000000,0.000000000,-1.800000000,0.800000000,-0.300000000,8.494401953,0.166893570,-0.005510800,10.313851624,9.606928775,4404,1489,0
195.800000000,149.800000000,146.800000000,-1.800000000,0.800000000,-0.300000000,0.000000000,0.000000000,-1.800000000,0.800000000,-0.300000000,8.494401758,0.166893885,-0.005510856,10.313851410,9.606928576,4407,1490,0
195.800000000,149.800000000,146.800000000,-1.800000000,0.800000000,-0.300000000,0.000000000,0.000000000,-1.800000000,0.800000000,-0.300000000,8.494401758,0.166893885,-0.005510856,10.313851410,9.606928576,4407,1490,0
195.900000000,149.900000000,146.900000000,-1.800000000,0.800000000,-0.300000000,0.000000000,0.000000000,-1.800000000,0.800000000,-0.300000000,8.494401847,0.166893851,-0.005510639,10.313851501,9.606928613,4410,1491,0
195.900000000,149.900000000,146.900000000,-1.800000000,0.800000000,-0.300000000,0.000000000,0.000000000,-1.800000000,0.800000000,-0.300000000,8.494401847,0.166893851,-0.005510639,10.313851501,9.606928613,4410,1491,0
196.000000000,150.000000000,147.000000000,-1.800000000,0.800000000,-0.300000000,0.000000000,0.000000000,-1.800000000,0.800000000,-0.300000000,8.494401844,0.166893641,-0.005510263,10.313851511,9.606928527,4413,1492,0
196.000000000,150.000000000,147.000000000,-1.800000000,0.800000000,-0.300000000,0.000000000,0.000000000,-1.800000000,0.800000000,-0.300000000,8.494401844,0.166893641,-0.005510263,10.313851511,9.606928527,4413,1492,0
196.100000000,150.100000000,147.100000000,-1.800000000,0.800000000,-0.300000000,0.000000000,0.000000000,-1.800000000,0.800000000,-0.300000000,8.494401807,0.166894001,-0.005510365,10.313851452,9.606928495,4416,1493,0
196.100000000,150.100000000,147.100000000,-1.800000000,0.800000000,-0.300000000,0.000000000,0.000000000,-1.800000000,0.800000000,-0.300000000,8.494401807,0.166894001,-0.005510365,10.313851452,9.606928495,4416,1493,0
196.200000000,150.200000000,147.200000000,-1.800000000,0.800000000,-0.300000000,0.000000000,0.000000000,-1.800000000,0.800000000,-0.300000000,8.494401663,0.166893920,-0.005510120,10.313851313,9.606928294,4419,1494,0
196.200000000,150.200000000,147.200000000,-1.800000000,0.800000000,-0.300000000,0.000000000,0.000000000,-1.800000000,0.800000000,-0.300000000,8.494401663,0.166893920,-0.005510120,10.313851313,9.606928294,4419,1494,0
196.300000000,150.300000000,147.300000000,-1.800000000,0.800000000,-0.300000000,0.000000000,0.000000000,-1.800000000,0.800000000,-0.300000000,8.494401481,0.166893641,-0.005509676,10.313851149,9.606928017,4422,1495,0
196.300000000,150.300000000,147.300000000,-1.800000000,0.800000000,-0.300000000,0.000000000,0.000000000,-1.800000000,0.800000000,-0.300000000,8.494401481,0.166893641,-0.005509676,10.313851149,9.606928017,4422,1495,0
196.400000000,150.400000000,147.400000000,-1.800000000,0.800000000,-0.300000000,0.000000000,0.000000000,-1.800000000,0.800000000,-0.300000000,8.494401586,0.166893940,-0.005509730,10.313851235,9.606928117,4425,1496,0
196.400000000,150.400000000,147.400000000,-1.800000000,0.800000000,-0.300000000,0.000000000,0.000000000,-1.800000000,0.800000000,-0.300000000,8.494401586,0.166893940,-0.005509730,10.313851235,9.606928117,4425,1496,0
196.500000000,150.500000000,147.500000000,-1.800000000,0.800000000,-0.300000000,0.000000000,0.000000000,-1.800000000,0.800000000,-0.300000000,8.494401646,0.166893726,-0.005509366,10.313851308,9.606928098,4428,1497,0
196.500000000,150.500000000,147.500000000,-1.800000000,0.800000000,-0.300000000,0.000000000,0.000000000,-1.800000000,0.800000000,-0.300000000,8.494401646,0.166893726,-0.005509366,10.313851308,9.606928098,4428,1497,0
196.600000000,150.600000000,147.600000000,-1.800000000,0.800000000,-0.300000000,0.000000000,0.000000000,-1.800000000,0.800000000,-0.300000000,8.494401589,0.166893552,-0.005508997,10.313851262,9.606927959,4431,1498,0
196.600000000,150.600000000,147.600000000,-1.800000000,0.800000000,-0.300000000,0.000000000,0.000000000,-1.800000000,0.800000000,-0.300000000,8.494401589,0.166893552,-0.005508997,10.313851262,9.606927959,4431,1498,0
196.700000000,150.700000000,147.700000000,-1.800000000,0.800000000,-0.300000000,0.000000000,0.000000000,-1.800000000,0.800000000,-0.300000000,8.494401501,0.166893956,-0.005509148,10.313851149,9.606927885,4434,1499,0
196.700000000,150.700000000,147.700000000,-1.800000000,0.800000000,-0.300000000,0.000000000,0.000000000,-1.800000000,0.800000000,-0.300000000,8.494401501,0.166893956,-0.005509148,10.313851149,9.606927885,4434,1499,0
196.800000000,150.800000000,147.800000000,-1.800000000,0.800000000,-0.300000000,0.000000000,0.000000000,-1.800000000,0.800000000,-0.300000000,8.494401369,0.166893968,-0.005508994,10.313851017,9.606927714,4437,1500,0
196.800000000,150.800000000,147.800000000,-1.800000000,0.800000000,-0.300000000,0.000000000,0.000000000,-1.800000000,0.800000000,-0.300000000,8.494401369,0.166893968,-0.005508994,10.313851017,9.606927714,4437,1500,0
196.900000000,150.900000000,147.900000000,-1.800000000,0.800000000,-0.300000000,0.000000000,0.000000000,-1.800000000,0.800000000,-0.300000000,8.494401396,0.166893587,-0.005508484,10.313851067,9.606927634,4440,1501,0
196.900000000,150.900000000,147.900000000,-1.800000000,0.800000000,-0.300000000,0.000000000,0.000000000,-1.800000000,0.800000000,-0.300000000,8.494401396,0.166893587,-0.005508484,10.313851067,9.606927634,4440,1501,0
197.000000000,151.000000000,148.000000000,-1.800000000,0.800000000,-0.300000000,0.000000000,0.000000000,-1.800000000,0.800000000,-0.300000000,8.494401295,0.166893999,-0.005508626,10.313850940,9.606927545,4443,1502,0
197.000000000,151.000000000,148.000000000,-1.800000000,0.800000000,-0.300000000,0.000000000,0.000000000,-1.800000000,0.800000000,-0.300000000,8.494401295,0.166893999,-0.005508626,10.313850940,9.606927545,4443,1502,0
197.100000000,151.100000000,148.100000000,-1.800000000,0.800000000,-0.300000000,0.000000000,0.000000000,-1.800000000,0.800000000,-0.300000000,8.494401260,0.166893924,-0.005508398,10.313850911,9.606927457,4446,1503,0
197.100000000,151.100000000,148.100000000,-1.800000000,0.800000000,-0.300000000,0.000000000,0.000000000,-1.800000000,0.800000000,-0.300000000,8.494401260,0.166893924,-0.005508398,10.313850911,9.606927457,4446,1503,0
197.200000000,151.200000000,148.200000000,-1.800000000,0.800000000,-0.300000000,0.000000000,0.000000000,-1.800000000,0.800000000,-0.300000000,8.494401197,0.166893706,-0.005508089,10.313850861,9.606927329,4448,1504,0
197.200000000,151.200000000,148.200000000,-1.800000000,0.800000000,-0.300000000,0.000000000,0.000000000,-1.800000000,0.800000000,-0.300000000,8.494401213,0.166893728,-0.005508034,10.313850876,9.606927330,4449,1504,0
197.300000000,151.300000000,148.300000000,-1.800000000,0.800000000,-0.300000000,0.000000000,0.000000000,-1.800000000,0.800000000,-0.300000000,8.494401263,0.166893770,-0.005507935,10.313850923,9.606927352,4451,1505,0
197.300000000,151.300000000,148.300000000,-1.800000000,0.800000000,-0.300000000,0.000000000,0.000000000,-1.800000000,0.800000000,-0.300000000,8.494401263,0.166893770,-0.005507935,10.313850923,9.606927352,4451,1505,0
197.400000000,151.400000000,148.400000000,-1.800000000,0.800000000,-0.300000000,0.000000000,0.000000000,-1.800000000,0.800000000,-0.300000000,8.494401241,0.166893877,-0.005507843,10.313850895,9.606927301,4454,1506,0
197.400000000,151.400000000,148.400000000,-1.800000000,0.800000000,-0.300000000,0.000000000,0.000000000,-1.800000000,0.800000000,-0.300000000,8.494401241,0.166893877,-0.005507843,10.313850895,9.606927301,4454,1506,0
197.500000000,151.500000000,148.500000000,-1.800000000,0.800000000,-0.300000000,0.000000000,0.000000000,-1.800000000,0.800000000,-0.300000000,8.494401157,0.166893799,-0.005507590,10.313850816,9.606927158,4457,1507,0
197.500000000,151.500000000,148.500000000,-1.800000000,0.800000000,-0.300000000,0.000000000,0.000000000,-1.800000000,0.800000000,-0.300000000,8.494401157,0.166893799,-0.005507590,10.313850816,9.606927158,4457,1507,0
197.600000000,151.600000000,148.600000000,-1.800000000,0.800000000,-0.300000000,0.000000000,0.000000000,-1.800000000,0.800000000,-0.300000000,8.494401131,0.166893894,-0.005507489,10.313850784,9.606927101,4460,1508,0
197.600000000,151.600000000,148.600000000,-1.800000000,0.800000000,-0.300000000,0.000000000,0.000000000,-1.800000000,0.800000000,-0.300000000,8.494401131,0.166893894,-0.005507489,10.313850784,9.606927101,4460,1508,0
197.700000000,151.700000000,148.700000000,-1.800000000,0.800000000,-0.300000000,0.000000000,0.000000000,-1.800000000,0.800000000,-0.300000000,8.494401000,0.166893730,-0.005507169,10.313850662,9.606926898,4463,1509,0
197.700000000,151.700000000,148.700000000,-1.800000000,0.800000000,-0.300000000,0.000000000,0.000000000,-1.800000000,0.800000000,-0.300000000,8.494401000,0.166893730,-0.005507169,10.313850662,9.606926898,4463,1509,0
197.800000000,151.800000000,148.800000000,-1.800000000,0.800000000,-0.300000000,0.000000000,0.000000000,-1.800000000,0.800000000,-0.300000000,8.494400883,0.166893786,-0.005507021,10.313850543,9.606926741,4466,1510,0
197.800000000,151.800000000,148.800000000,-1.800000000,0.800000000,-0.300000000,0.000000000,0.000000000,-1.800000000,0.800000000,-0.300000000,8.494400883,0.166893786,-0.005507021,10.313850543,9.606926741,4466,1510,0
197.900000000,151.900000000,148.900000000,-1.800000000,0.800000000,-0.300000000,0.000000000,0.000000000,-1.800000000,0.800000000,-0.300000000,8.494400960,0.166894073,-0.005507092,10.313850602,9.606926820,4469,1511,0
197.900000000,151.900000000,148.900000000,-1.800000000,0.800000000,-0.300000000,0.000000000,0.000000000,-1.800000000,0.800000000,-0.300000000,8.494400960,0.166894073,-0.005507092,10.313850602,9.606926820,4469,1511,0
198.000000000,152.000000000,149.000000000,-1.800000000,0.800000000,-0.300000000,0.000000000,0.000000000,-1.800000000,0.800000000,-0.300000000,8.494401042,0.166893764,-0.005506657,10.313850703,9.606926810,4472,1512,0
198.000000000,152.000000000,149.000000000,-1.800000000,0.800000000,-0.300000000,0.000000000,0.000000000,-1.800000000,0.800000000,-0.300000000,8.494401042,0.166893764,-0.005506657,10.313850703,9.606926810,4472,1512,0
198.100000000,152.100000000,149.100000000,-1.800000000,0.800000000,-0.300000000,0.000000000,0.000000000,-1.800000000,0.800000000,-0.300000000,8.494400912,0.166893858,-0.005506526,10.313850567,9.606926641,4475,1513,0
198.100000000,152.100000000,149.100000000,-1.800000000,0.800000000,-0.300000000,0.000000000,0.000000000,-1.800000000,0.800000000,-0.300000000,8.494400912,0.166893858,-0.005506526,10.313850567,9.606926641,4475,1513,0
198.200000000,152.200000000,149.200000000,-1.800000000,0.800000000,-0.300000000,0.000000000,0.000000000,-1.800000000,0.800000000,-0.300000000,8.494400877,0.166893888,-0.005506366,10.313850531,9.606926564,4478,1514,0
198.200000000,152.200000000,149.200000000,-1.800000000,0.800000000,-0.300000000,0.000000000,0.000000000,-1.800000000,0.800000000,-0.300000000,8.494400877,0.166893888,-0.005506366,10.313850531,9.606926564,4478,1514,0
198.300000000,152.300000000,149.300000000,-1.800000000,0.800000000,-0.300000000,0.000000000,0.000000000,-1.800000000,0.800000000,-0.300000000,8.494400924,0.166893713,-0.005506033,10.313850588,9.606926538,4481,1515,0
198.300000000,152.300000000,149.300000000,-1.800000000,0.800000000,-0.300000000,0.000000000,0.000000000,-1.800000000,0.800000000,-0.300000000,8.494400924,0.166893713,-0.005506033,10.313850588,9.606926538,4481,1515,0
198.400000000,152.400000000,149.400000000,-1.800000000,0.800000000,-0.300000000,0.000000000,0.000000000,-1.800000000,0.800000000,-0.300000000,8.494400870,0.166893903,-0.005505993,10.313850522,9.606926462,4484,1516,0
198.400000000,152.400000000,149.400000000,-1.800000000,0.800000000,-0.300000000,0.000000000,0.000000000,-1.800000000,0.800000000,-0.300000000,8.494400870,0.166893903,-0.005505993,10.313850522,9.606926462,4484,1516,0
198.500000000,152.500000000,149.500000000,-1.800000000,0.800000000,-0.300000000,0.000000000,0.000000000,-1.800000000,0.800000000,-0.300000000,8.494400812,0.166893729,-0.005505660,10.313850475,9.606926331,4487,1517,0
198.500000000,152.500000000,149.500000000,-1.800000000,0.800000000,-0.300000000,0.000000000,0.000000000,-1.800000000,0.800000000,-0.300000000,8.494400812,0.166893729,-0.005505660,10.313850475,9.606926331,4487,1517,0
198.600000000,152.600000000,149.600000000,-1.800000000,0.800000000,-0.300000000,0.000000000,0.000000000,-1.800000000,0.800000000,-0.300000000,8.494400683,0.166893864,-0.005505579,10.313850339,9.606926174,4490,1518,0
198.600000000,152.600000000,149.600000000,-1.800000000,0.800000000,-0.300000000,0.000000000,0.000000000,-1.800000000,0.800000000,-0.300000000,8.494400683,0.166893864,-0.005505579,10.313850339,9.606926174,4490,1518,0
198.700000000,152.700000000,149.700000000,-1.800000000,0.800000000,-0.300000000,0.000000000,0.000000000,-1.800000000,0.800000000,-0.300000000,8.494400602,0.166893978,-0.005505510,10.313850250,9.606926069,4493,1519,0
198.700000000,152.700000000,149.700000000,-1.800000000,0.800000000,-0.300000000,0.000000000,0.000000000,-1.800000000,0.800000000,-0.300000000,8.494400602,0.166893978,-0.005505510,10.313850250,9.606926069,4493,1519,0
198.800000000,152.800000000,149.800000000,-1.800000000,0.800000000,-0.300000000,0.000000000,0.000000000,-1.800000000,0.800000000,-0.300000000,8.494400786,0.166893587,-0.005504999,10.313850458,9.606926146,4496,1520,0
198.800000000,152.800000000,149.800000000,-1.800000000,0.800000000,-0.300000000,0.000000000,0.000000000,-1.800000000,0.800000000,-0.300000000,8.494400786,0.166893587,-0.005504999,10.313850458,9.606926146,4496,1520,0
198.900000000,152.900000000,149.900000000,-1.800000000,0.800000000,-0.300000000,0.000000000,0.000000000,-1.800000000,0.800000000,-0.300000000,8.494400879,0.166893637,-0.005504908,10.313850547,9.606926213,4498,1521,0
198.900000000,152.900000000,149.900000000,-1.800000000,0.800000000,-0.300000000,0.000000000,0.000000000,-1.800000000,0.800000000,-0.300000000,8.494400829,0.166893716,-0.005504912,10.313850494,9.606926160,4499,1521,0
199.000000000,153.000000000,150.000000000,-1.800000000,0.800000000,-0.300000000,0.000000000,0.000000000,-1.800000000,0.800000000,-0.300000000,8.494400649,0.166893851,-0.005504902,10.313850305,9.606925969,4501,1522,0
199.000000000,153.000000000,150.000000000,-1.800000000,0.800000000,-0.300000000,0.000000000,0.000000000,-1.800000000,0.800000000,-0.300000000,8.494400649,0.166893851,-0.005504902,10.313850305,9.606925969,4501,1522,0
199.100000000,153.100000000,150.100000000,-1.800000000,0.800000000,-0.300000000,0.000000000,0.000000000,-1.800000000,0.800000000,-0.300000000,8.494400421,0.166893912,-0.005504787,10.313850074,9.606925710,4504,1523,0
199.100000000,153.100000000,150.100000000,-1.800000000,0.800000000,-0.300000000,0.000000000,0.000000000,-1.800000000,0.800000000,-0.300000000,8.494400421,0.166893912,-0.005504787,10.313850074,9.606925710,4504,1523,0
199.200000000,153.200000000,150.200000000,-1.800000000,0.800000000,-0.300000000,0.000000000,0.000000000,-1.800000000,0.800000000,-0.300000000,8.494400444,0.166893763,-0.005504497,10.313850106,9.606925668,4507,1524,0
199.200000000,153.200000000,150.200000000,-1.800000000,0.800000000,-0.300000000,0.000000000,0.000000000,-1.800000000,0.800000000,-0.300000000,8.494400444,0.166893763,-0.005504497,10.313850106,9.606925668,4507,1524,0
199.300000000,153.300000000,150.300000000,-1.800000000,0.800000000,-0.300000000,0.000000000,0.000000000,-1.800000000,0.800000000,-0.300000000,8.494400571,0.166893784,-0.005504323,10.313850231,9.606925749,4510,1525,0
199.300000000,153.300000000,150.300000000,-1.800000000,0.800000000,-0.300000000,0.000000000,0.000000000,-1.800000000,0.800000000,-0.300000000,8.494400571,0.166893784,-0.005504323,10.313850231,9.606925749,4510,1525,0
199.400000000,153.400000000,150.400000000,-1.800000000,0.800000000,-0.300000000,0.000000000,0.000000000,-1.800000000,0.800000000,-0.300000000,8.494400544,0.166893880,-0.005504227,10.313850199,9.606925693,4513,1526,0
199.400000000,153.400000000,150.400000000,-1.800000000,0.800000000,-0.300000000,0.000000000,0.000000000,-1.800000000,0.800000000,-0.300000000,8.494400544,0.166893880,-0.005504227,10.313850199,9.606925693,4513,1526,0
199.500000000,153.500000000,150.500000000,-1.800000000,0.800000000,-0.300000000,0.000000000,0.000000000,-1.800000000,0.800000000,-0.300000000,8.494400519,0.166893855,-0.005504027,10.313850175,9.606925619,4516,1527,0
199.500000000,153.500000000,150.500000000,-1.800000000,0.800000000,-0.300000000,0.000000000,0.000000000,-1.800000000,0.800000000,-0.300000000,8.494400519,0.166893855,-0.005504027,10.313850175,9.606925619,4516,1527,0
199.600000000,153.600000000,150.600000000,-1.800000000,0.800000000,-0.300000000,0.000000000,0.000000000,-1.800000000,0.800000000,-0.300000000,8.494400388,0.166893760,-0.005503761,10.313850050,9.606925427,4519,1528,0
199.600000000,153.600000000,150.600000000,-1.800000000,0.800000000,-0.300000000,0.000000000,0.000000000,-1.800000000,0.800000000,-0.300000000,8.494400388,0.166893760,-0.005503761,10.313850050,9.606925427,4519,1528,0
199.700000000,153.700000000,150.700000000,-1.800000000,0.800000000,-0.300000000,0.000000000,0.000000000,-1.800000000,0.800000000,-0.300000000,8.494400243,0.166893943,-0.005503736,10.313849894,9.606925265,4522,1529,0
199.700000000,153.700000000,150.700000000,-1.800000000,0.800000000,-0.300000000,0.000000000,0.000000000,-1.800000000,0.800000000,-0.300000000,8.494400243,0.166893943,-0.005503736,10.313849894,9.606925265,4522,1529,0
199.800000000,153.800000000,150.800000000,-1.800000000,0.800000000,-0.300000000,0.000000000,0.000000000,-1.800000000,0.800000000,-0.300000000,8.494400294,0.166893766,-0.005503412,10.313849956,9.606925244,4525,1530,0
199.800000000,153.800000000,150.800000000,-1.800000000,0.800000000,-0.300000000,0.000000000,0.000000000,-1.800000000,0.800000000,-0.300000000,8.494400294,0.166893766,-0.005503412,10.313849956,9.606925244,4525,1530,0
199.900000000,153.900000000,150.900000000,-1.800000000,0.800000000,-0.300000000,0.000000000,0.000000000,-1.800000000,0.800000000,-0.300000000,8.494400361,0.166893732,-0.005503197,10.313850025,9.606925259,4528,1531,0
199.900000000,153.900000000,150.900000000,-1.800000000,0.800000000,-0.300000000,0.000000000,0.000000000,-1.800000000,0.800000000,-0.300000000,8.494400361,0.166893732,-0.005503197,10.313850025,9.606925259,4528,1531,0
200.000000000,154.000000000,151.000000000,-1.800000000,0.800000000,-0.300000000,0.000000000,0.000000000,-1.800000000,0.800000000,-0.300000000,8.494400282,0.166893915,-0.005503174,10.313849935,9.606925164,4531,1532,0
200.000000000,154.000000000,151.000000000,-1.800000000,0.800000000,-0.300000000,0.000000000,0.000000000,-1.800000000,0.800000000,-0.300000000,8.494400282,0.166893915,-0.005503174,10.313849935,9.606925164,4531,1532,0
200.100000000,154.100000000,151.100000000,-1.800000000,0.800000000,-0.300000000,0.000000000,0.000000000,-1.800000000,0.800000000,-0.300000000,8.494400242,0.166893812,-0.005502912,10.313849901,9.606925063,4534,1533,0
200.100000000,154.100000000,151.100000000,-1.800000000,0.800000000,-0.300000000,0.000000000,0.000000000,-1.800000000,0.800000000,-0.300000000,8.494400242,0.166893812,-0.005502912,10.313849901,9.606925063,4534,1533,0
200.200000000,154.200000000,151.200000000,-1.800000000,0.800000000,-0.300000000,0.000000000,0.000000000,-1.800000000,0.800000000,-0.300000000,8.494400143,0.166893860,-0.005502774,10.313849800,9.606924927,4537,1534,0
200.200000000,154.200000000,151.200000000,-1.800000000,0.800000000,-0.300000000,0.000000000,0.000000000,-1.800000000,0.800000000,-0.300000000,8.494400143,0.166893860,-0.005502774,10.313849800,9.606924927,4537,1534,0
200.300000000,154.300000000,151.300000000,-1.800000000,0.800000000,-0.300000000,0.000000000,0.000000000,-1.800000000,0.800000000,-0.300000000,8.494400052,0.166893720,-0.005502475,10.313849717,9.606924769,4540,1535,0
200.300000000,154.300000000,151.300000000,-1.800000000,0.800000000,-0.300000000,0.000000000,0.000000000,-1.800000000,0.800000000,-0.300000000,8.494400052,0.166893720,-0.005502475,10.313849717,9.606924769,4540,1535,0
200.400000000,154.400000000,151.400000000,-1.800000000,0.800000000,-0.300000000,0.000000000,0.000000000,-1.800000000,0.800000000,-0.300000000,8.494400149,0.166893847,-0.005502393,10.313849807,9.606924838,4543,1536,0
200.400000000,154.400000000,151.400000000,-1.800000000,0.800000000,-0.300000000,0.000000000,0.000000000,-1.800000000,0.800000000,-0.300000000,8.494400149,0.166893847,-0.005502393,10.313849807,9.606924838,4543,1536,0
200.500000000,154.500000000,151.500000000,-1.800000000,0.800000000,-0.300000000,0.000000000,0.000000000,-1.800000000,0.800000000,-0.300000000,8.494400159,0.166894003,-0.005502367,10.313849807,9.606924832,4546,1537,0
200.500000000,154.500000000,151.500000000,-1.800000000,0.800000000,-0.300000000,0.000000000,0.000000000,-1.800000000,0.800000000,-0.300000000,8.494400159,0.166894003,-0.005502367,10.313849807,9.606924832,4546,1537,0
200.600000000,154.600000000,151.600000000,-1.800000000,0.800000000,-0.300000000,0.000000000,0.000000000,-1.800000000,0.800000000,-0.300000000,8.494400117,0.166893517,-0.005501769,10.313849795,9.606924668,4549,1538,0
200.600000000,154.600000000,151.600000000,-1.800000000,0.800000000,-0.300000000,0.000000000,0.000000000,-1.800000000,0.800000000,-0.300000000,8.494400117,0.166893517,-0.005501769,10.313849795,9.606924668,4549,1538,0
200.700000000,154.700000000,151.700000000,-1.800000000,0.800000000,-0.300000000,0.000000000,0.000000000,-1.800000000,0.800000000,-0.300000000,8.494399958,0.166893583,-0.005501686,10.313849632,9.606924484,4551,1539,0
200.700000000,154.700000000,151.700000000,-1.800000000,0.800000000,-0.300000000,0.000000000,0.000000000,-1.800000000,0.800000000,-0.300000000,8.494399958,0.166893583,-0.005501686,10.313849632,9.606924484,4551,1539,0
200.800000000,154.800000000,151.800000000,-1.800000000,0.800000000,-0.300000000,0.000000000,0.000000000,-1.800000000,0.800000000,-0.300000000,8.494399962,0.166894081,-0.005501942,10.313849605,9.606924523,4554,1540,0
200.800000000,154.800000000,151.800000000,-1.800000000,0.800000000,-0.300000000,0.000000000,0.000000000,-1.800000000,0.800000000,-0.300000000,8.494399962,0.166894081,-0.005501942,10.313849605,9.606924523,4554,1540,0
200.900000000,154.900000000,151.900000000,-1.800000000,0.800000000,-0.300000000,0.000000000,0.000000000,-1.800000000,0.800000000,-0.300000000,8.494399916,0.166893715,-0.005501481,10.313849582,9.606924383,4557,1541,0
200.900000000,154.900000000,151.900000000,-1.800000000,0.800000000,-0.300000000,0.000000000,0.000000000,-1.800000000,0.800000000,-0.300000000,8.494399916,0.166893715,-0.005501481,10.313849582,9.606924383,4557,1541,0
201.000000000,155.000000000,152.000000000,-1.800000000,0.800000000,-0.300000000,0.000000000,0.000000000,-1.800000000,0.800000000,-0.300000000,8.494400057,0.166893571,-0.005501161,10.313849732,9.606924452,4560,1542,0
201.000000000,155.000000000,152.000000000,-1.800000000,0.800000000,-0.300000000,0.000000000,0.000000000,-1.800000000,0.800000000,-0.300000000,8.494400057,0.166893571,-0.005501161,10.313849732,9.606924452,4560,1542,0
201.100000000,155.100000000,152.100000000,-1.800000000,0.800000000,-0.300000000,0.000000000,0.000000000,-1.800000000,0.800000000,-0.300000000,8.494399937,0.166894014,-0.005501361,10.313849585,9.606924356,4563,1543,0
201.100000000,155.100000000,152.100000000,-1.800000000,0.800000000,-0.300000000,0.000000000,0.000000000,-1.800000000,0.800000000,-0.300000000,8.494399937,0.166894014,-0.005501361,10.313849585,9.606924356,4563,1543,0
201.200000000,155.200000000,152.200000000,-1.800000000,0.800000000,-0.300000000,0.000000000,0.000000000,-1.800000000,0.800000000,-0.300000000,8.494399907,0.166894029,-0.005501230,10.313849553,9.606924292,4566,1544,0
201.200000000,155.200000000,152.200000000,-1.800000000,0.800000000,-0.300000000,0.000000000,0.000000000,-1.800000000,0.800000000,-0.300000000,8.494399907,0.166894029,-0.005501230,10.313849553,9.606924292,4566,1544,0
201.300000000,155.300000000,152.300000000,-1.800000000,0.800000000,-0.300000000,0.000000000,0.000000000,-1.800000000,0.800000000,-0.300000000,8.494399670,0.166893707,-0.005500780,10.313849337,9.606923961,4569,1545,0
201.300000000,155.300000000,152.300000000,-1.800000000,0.800000000,-0.300000000,0.000000000,0.000000000,-1.800000000,0.800000000,-0.300000000,8.494399670,0.166893707,-0.005500780,10.313849337,9.606923961,4569,1545,0
201.400000000,155.400000000,152.400000000,-1.800000000,0.800000000,-0.300000000,0.000000000,0.000000000,-1.800000000,0.800000000,-0.300000000,8.494399730,0.166893819,-0.005500686,10.313849390,9.606923990,4572,1546,0
201.400000000,155.400000000,152.400000000,-1.800000000,0.800000000,-0.300000000,0.000000000,0.000000000,-1.800000000,0.800000000,-0.300000000,8.494399730,0.166893819,-0.005500686,10.313849390,9.606923990,4572,1546,0
201.500000000,155.500000000,152.500000000,-1.800000000,0.800000000,-0.300000000,0.000000000,0.000000000,-1.800000000,0.800000000,-0.300000000,8.494399772,0.166893898,-0.005500587,10.313849427,9.606924003,4575,1547,0
201.500000000,155.500000000,152.500000000,-1.800000000,0.800000000,-0.300000000,0.000000000,0.000000000,-1.800000000,0.800000000,-0.300000000,8.494399772,0.166893898,-0.005500587,10.313849427,9.606924003,4575,1547,0
201.600000000,155.600000000,152.600000000,-1.800000000,0.800000000,-0.300000000,0.000000000,0.000000000,-1.800000000,0.800000000,-0.300000000,8.494399641,0.166893715,-0.005500259,10.313849308,9.606923800,4578,1548,0
201.600000000,155.600000000,152.600000000,-1.800000000,0.800000000,-0.300000000,0.000000000,0.000000000,-1.800000000,0.800000000,-0.300000000,8.494399641,0.166893715,-0.005500259,10.313849308,9.606923800,4578,1548,0
201.700000000,155.700000000,152.700000000,-1.800000000,0.800000000,-0.300000000,0.000000000,0.000000000,-1.800000000,0.800000000,-0.300000000,8.494399687,0.166893728,-0.005500085,10.313849353,9.606923802,4581,1549,0
201.700000000,155.700000000,152.700000000,-1.800000000,0.800000000,-0.300000000,0.000000000,0.000000000,-1.800000000,0.800000000,-0.300000000,8.494399687,0.166893728,-0.005500085,10.313849353,9.606923802,4581,1549,0
201.800000000,155.800000000,152.800000000,-1.800000000,0.800000000,-0.300000000,0.000000000,0.000000000,-1.800000000,0.800000000,-0.300000000,8.494399574,0.166893899,-0.005500054,10.313849229,9.606923671,4584,1550,0
201.800000000,155.800000000,152.800000000,-1.800000000,0.800000000,-0.300000000,0.000000000,0.000000000,-1.800000000,0.800000000,-0.300000000,8.494399574,0.166893899,-0.005500054,10.313849229,9.606923671,4584,1550,0
201.900000000,155.900000000,152.900000000,-1.800000000,0.800000000,-0.300000000,0.000000000,0.000000000,-1.800000000,0.800000000,-0.300000000,8.494399465,0.166893781,-0.005499788,10.313849128,9.606923502,4587,1551,0
201.900000000,155.900000000,152.900000000,-1.800000000,0.800000000,-0.300000000,0.000000000,0.000000000,-1.800000000,0.800000000,-0.300000000,8.494399465,0.166893781,-0.005499788,10.313849128,9.606923502,4587,1551,0
202.000000000,156.000000000,153.000000000,-1.800000000,0.800000000,-0.300000000,0.000000000,0.000000000,-1.800000000,0.800000000,-0.300000000,8.494399457,0.166893762,-0.005499592,10.313849121,9.606923445,4590,1552,0
202.000000000,156.000000000,153.000000000,-1.800000000,0.800000000,-0.300000000,0.000000000,0.000000000,-1.800000000,0.800000000,-0.300000000,8.494399457,0.166893762,-0.005499592,10.313849121,9.606923445,4590,1552,0
202.100000000,156.100000000,153.100000000,-1.800000000,0.800000000,-0.300000000,0.000000000,0.000000000,-1.800000000,0.800000000,-0.300000000,8.494399631,0.166893903,-0.005499545,10.313849286,9.606923600,4593,1553,0
202.100000000,156.100000000,153.100000000,-1.800000000,0.800000000,-0.300000000,0.000000000,0.000000000,-1.800000000,0.800000000,-0.300000000,8.494399631,0.166893903,-0.005499545,10.313849286,9.606923600,4593,1553,0
202.200000000,156.200000000,153.200000000,-1.800000000,0.800000000,-0.300000000,0.000000000,0.000000000,-1.800000000,0.800000000,-0.300000000,8.494399502,0.166893658,-0.005499163,10.313849172,9.606923388,4596,1554,0
202.200000000,156.200000000,153.200000000,-1.800000000,0.800000000,-0.300000000,0.000000000,0.000000000,-1.800000000,0.800000000,-0.300000000,8.494399502,0.166893658,-0.005499163,10.313849172,9.606923388,4596,1554,0
202.300000000,156.300000000,153.300000000,-1.800000000,0.800000000,-0.300000000,0.000000000,0.000000000,-1.800000000,0.800000000,-0.300000000,8.494399384,0.166893997,-0.005499330,10.313849034,9.606923293,4598,1555,0
202.300000000,156.300000000,153.300000000,-1.800000000,0.800000000,-0.300000000,0.000000000,0.000000000,-1.800000000,0.800000000,-0.300000000,8.494399319,0.166894065,-0.005499338,10.313848965,9.606923226,4599,1555,0
202.400000000,156.400000000,153.400000000,-1.800000000,0.800000000,-0.300000000,0.000000000,0.000000000,-1.800000000,0.800000000,-0.300000000,8.494399323,0.166893904,-0.005499105,10.313848979,9.606923181,4601,1556,0
202.400000000,156.400000000,153.400000000,-1.800000000,0.800000000,-0.300000000,0.000000000,0.000000000,-1.800000000,0.800000000,-0.300000000,8.494399323,0.166893904,-0.005499105,10.313848979,9.606923181,4601,1556,0
202.500000000,156.500000000,153.500000000,-1.800000000,0.800000000,-0.300000000,0.000000000,0.000000000,-1.800000000,0.800000000,-0.300000000,8.494399454,0.166893714,-0.005498772,10.313849121,9.606923238,4604,1557,0
202.500000000,156.500000000,153.500000000,-1.800000000,0.800000000,-0.300000000,0.000000000,0.000000000,-1.800000000,0.800000000,-0.300000000,8.494399454,0.166893714,-0.005498772,10.313849121,9.606923238,4604,1557,0
202.600000000,156.600000000,153.600000000,-1.800000000,0.800000000,-0.300000000,0.000000000,0.000000000,-1.800000000,0.800000000,-0.300000000,8.494399380,0.166893945,-0.005498792,10.313849033,9.606923156,4607,1558,0
202.600000000,156.600000000,153.600000000,-1.800000000,0.800000000,-0.300000000,0.000000000,0.000000000,-1.800000000,0.800000000,-0.300000000,8.494399380,0.166893945,-0.005498792,10.313849033,9.606923156,4607,1558,0
202.700000000,156.700000000,153.700000000,-1.800000000,0.800000000,-0.300000000,0.000000000,0.000000000,-1.800000000,0.800000000,-0.300000000,8.494399370,0.166893811,-0.005498511,10.313849031,9.606923083,4610,1559,0
202.700000000,156.700000000,153.700000000,-1.800000000,0.800000000,-0.300000000,0.000000000,0.000000000,-1.800000000,0.800000000,-0.300000000,8.494399370,0.166893811,-0.005498511,10.313849031,9.606923083,4610,1559,0
202.800000000,156.800000000,153.800000000,-1.800000000,0.800000000,-0.300000000,0.000000000,0.000000000,-1.800000000,0.800000000,-0.300000000,8.494399276,0.166893813,-0.005498337,10.313848937,9.606922945,4613,1560,0
202.800000000,156.800000000,153.800000000,-1.800000000,0.800000000,-0.300000000,0.000000000,0.000000000,-1.800000000,0.800000000,-0.300000000,8.494399276,0.166893813,-0.005498337,10.313848937,9.606922945,4613,1560,0
202.900000000,156.900000000,153.900000000,-1.800000000,0.800000000,-0.300000000,0.000000000,0.000000000,-1.800000000,0.800000000,-0.300000000,8.494399193,0.166893711,-0.005498078,10.313848860,9.606922803,4616,1561,0
202.900000000,156.900000000,153.900000000,-1.800000000,0.800000000,-0.300000000,0.000000000,0.000000000,-1.800000000,0.800000000,-0.300000000,8.494399193,0.166893711,-0.005498078,10.313848860,9.606922803,4616,1561,0
203.000000000,157.000000000,154.000000000,-1.800000000,0.800000000,-0.300000000,0.000000000,0.000000000,-1.800000000,0.800000000,-0.300000000,8.494399268,0.166893720,-0.005497909,10.313848935,9.606922835,4619,1562,0
203.000000000,157.000000000,154.000000000,-1.800000000,0.800000000,-0.300000000,0.000000000,0.000000000,-1.800000000,0.800000000,-0.300000000,8.494399268,0.166893720,-0.005497909,10.313848935,9.606922835,4619,1562,0
203.100000000,157.100000000,154.100000000,-1.800000000,0.800000000,-0.300000000,0.000000000,0.000000000,-1.800000000,0.800000000,-0.300000000,8.494399200,0.166893859,-0.005497862,10.313848859,9.606922747,4622,1563,0
203.100000000,157.100000000,154.100000000,-1.800000000,0.800000000,-0.300000000,0.000000000,0.000000000,-1.800000000,0.800000000,-0.300000000,8.494399200,0.166893859,-0.005497862,10.313848859,9.606922747,4622,1563,0
203.200000000,157.200000000,154.200000000,-1.800000000,0.800000000,-0.300000000,0.000000000,0.000000000,-1.800000000,0.800000000,-0.300000000,8.494399259,0.166893895,-0.005497732,10.313848915,9.606922771,4625,1564,0
203.200000000,157.200000000,154.200000000,-1.800000000,0.800000000,-0.300000000,0.000000000,0.000000000,-1.800000000,0.800000000,-0.300000000,8.494399259,0.166893895,-0.005497732,10.313848915,9.606922771,4625,1564,0
203.300000000,157.300000000,154.300000000,-1.800000000,0.800000000,-0.300000000,0.000000000,0.000000000,-1.800000000,0.800000000,-0.300000000,8.494399113,0.166893698,-0.005497398,10.313848782,9.606922553,4628,1565,0
203.300000000,157.300000000,154.300000000,-1.800000000,0.800000000,-0.300000000,0.000000000,0.000000000,-1.800000000,0.800000000,-0.300000000,8.494399113,0.166893698,-0.005497398,10.313848782,9.606922553,4628,1565,0
203.400000000,157.400000000,154.400000000,-1.800000000,0.800000000,-0.300000000,0.000000000,0.000000000,-1.800000000,0.800000000,-0.300000000,8.494398995,0.166893872,-0.005497367,10.313848653,9.606922416,4631,1566,0
203.400000000,157.400000000,154.400000000,-1.800000000,0.800000000,-0.300000000,0.000000000,0.000000000,-1.800000000,0.800000000,-0.300000000,8.494398995,0.166893872,-0.005497367,10.313848653,9.606922416,4631,1566,0
203.500000000,157.500000000,154.500000000,-1.800000000,0.800000000,-0.300000000,0.000000000,0.000000000,-1.800000000,0.800000000,-0.300000000,8.494398963,0.166893915,-0.005497245,10.313848618,9.606922351,4634,1567,0
203.500000000,157.500000000,154.500000000,-1.800000000,0.800000000,-0.300000000,0.000000000,0.000000000,-1.800000000,0.800000000,-0.300000000,8.494398963,0.166893915,-0.005497245,10.313848618,9.606922351,4634,1567,0
203.600000000,157.600000000,154.600000000,-1.800000000,0.800000000,-0.300000000,0.000000000,0.000000000,-1.800000000,0.800000000,-0.300000000,8.494399006,0.166893682,-0.005496885,10.313848676,9.606922318,4637,1568,0
203.600000000,157.600000000,154.600000000,-1.800000000,0.800000000,-0.300000000,0.000000000,0.000000000,-1.800000000,0.800000000,-0.300000000,8.494399006,0.166893682,-0.005496885,10.313848676,9.606922318,4637,1568,0
203.700000000,157.700000000,154.700000000,-1.800000000,0.800000000,-0.300000000,0.000000000,0.000000000,-1.800000000,0.800000000,-0.300000000,8.494398940,0.166893795,-0.005496798,10.313848603,9.606922223,4640,1569,0
203.700000000,157.700000000,154.700000000,-1.800000000,0.800000000,-0.300000000,0.000000000,0.000000000,-1.800000000,0.800000000,-0.300000000,8.494398940,0.166893795,-0.005496798,10.313848603,9.606922223,4640,1569,0
203.800000000,157.800000000,154.800000000,-1.800000000,0.800000000,-0.300000000,0.000000000,0.000000000,-1.800000000,0.800000000,-0.300000000,8.494399004,0.166893947,-0.005496765,10.313848657,9.606922269,4643,1570,0
203.800000000,157.800000000,154.800000000,-1.800000000,0.800000000,-0.300000000,0.000000000,0.000000000,-1.800000000,0.800000000,-0.300000000,8.494399004,0.166893947,-0.005496765,10.313848657,9.606922269,4643,1570,0
203.900000000,157.900000000,154.900000000,-1.800000000,0.800000000,-0.300000000,0.000000000,0.000000000,-1.800000000,0.800000000,-0.300000000,8.494398927,0.166893681,-0.005496376,10.313848596,9.606922110,4646,1571,0
203.900000000,157.900000000,154.900000000,-1.800000000,0.800000000,-0.300000000,0.000000000,0.000000000,-1.800000000,0.800000000,-0.300000000,8.494398927,0.166893681,-0.005496376,10.313848596,9.606922110,4646,1571,0
204.000000000,158.000000000,155.000000000,-1.800000000,0.800000000,-0.300000000,0.000000000,0.000000000,-1.800000000,0.800000000,-0.300000000,8.494398887,0.166893745,-0.005496305,10.313848553,9.606922049,4648,1572,0
204.000000000,158.000000000,155.000000000,-1.800000000,0.800000000,-0.300000000,0.000000000,0.000000000,-1.800000000,0.800000000,-0.300000000,8.494398811,0.166893861,-0.005496345,10.313848470,9.606921976,4649,1572,0
204.100000000,158.100000000,155.100000000,-1.800000000,0.800000000,-0.300000000,0.000000000,0.000000000,-1.800000000,0.800000000,-0.300000000,8.494398796,0.166893891,-0.005496267,10.313848453,9.606921939,4651,1573,0
204.100000000,158.100000000,155.100000000,-1.800000000,0.800000000,-0.300000000,0.000000000,0.000000000,-1.800000000,0.800000000,-0.300000000,8.494398796,0.166893891,-0.005496267,10.313848453,9.606921939,4651,1573,0
204.200000000,158.200000000,155.200000000,-1.800000000,0.800000000,-0.300000000,0.000000000,0.000000000,-1.800000000,0.800000000,-0.300000000,8.494398891,0.166893662,-0.005495902,10.313848562,9.606921955,4654,1574,0
204.200000000,158.200000000,155.200000000,-1.800000000,0.800000000,-0.300000000,0.000000000,0.000000000,-1.800000000,0.800000000,-0.300000000,8.494398891,0.166893662,-0.005495902,10.313848562,9.606921955,4654,1574,0
204.300000000,158.300000000,155.300000000,-1.800000000,0.800000000,-0.300000000,0.000000000,0.000000000,-1.800000000,0.800000000,-0.300000000,8.494398773,0.166893872,-0.005495905,10.313848431,9.606921826,4657,1575,0
204.300000000,158.300000000,155.300000000,-1.800000000,0.800000000,-0.300000000,0.000000000,0.000000000,-1.800000000,0.800000000,-0.300000000,8.494398773,0.166893872,-0.005495905,10.313848431,9.606921826,4657,1575,0
204.400000000,158.400000000,155.400000000,-1.800000000,0.800000000,-0.300000000,0.000000000,0.000000000,-1.800000000,0.800000000,-0.300000000,8.494398727,0.166893769,-0.005495656,10.313848392,9.606921724,4660,1576,0
204.400000000,158.400000000,155.400000000,-1.800000000,0.800000000,-0.300000000,0.000000000,0.000000000,-1.800000000,0.800000000,-0.300000000,8.494398727,0.166893769,-0.005495656,10.313848392,9.606921724,4660,1576,0
204.500000000,158.500000000,155.500000000,-1.800000000,0.800000000,-0.300000000,0.000000000,0.000000000,-1.800000000,0.800000000,-0.300000000,8.494398728,0.166893781,-0.005495511,10.313848392,9.606921687,4663,1577,0
204.500000000,158.500000000,155.500000000,-1.800000000,0.800000000,-0.300000000,0.000000000,0.000000000,-1.800000000,0.800000000,-0.300000000,8.494398728,0.166893781,-0.005495511,10.313848392,9.606921687,4663,1577,0
204.600000000,158.600000000,155.600000000,-1.800000000,0.800000000,-0.300000000,0.000000000,0.000000000,-1.800000000,0.800000000,-0.300000000,8.494398632,0.166893932,-0.005495474,10.313848287,9.606921573,4666,1578,0
204.600000000,158.600000000,155.600000000,-1.800000000,0.800000000,-0.300000000,0.000000000,0.000000000,-1.800000000,0.800000000,-0.300000000,8.494398632,0.166893932,-0.005495474,10.313848287,9.606921573,4666,1578,0
204.700000000,158.700000000,155.700000000,-1.800000000,0.800000000,-0.300000000,0.000000000,0.000000000,-1.800000000,0.800000000,-0.300000000,8.494398560,0.166893729,-0.005495141,10.313848228,9.606921429,4669,1579,0
204.700000000,158.700000000,155.700000000,-1.800000000,0.800000000,-0.300000000,0.000000000,0.000000000,-1.800000000,0.800000000,-0.300000000,8.494398560,0.166893729,-0.005495141,10.313848228,9.606921429,4669,1579,0
204.800000000,158.800000000,155.800000000,-1.800000000,0.800000000,-0.300000000,0.000000000,0.000000000,-1.800000000,0.800000000,-0.300000000,8.494398622,0.166893862,-0.005495089,10.313848282,9.606921471,4672,1580,0
204.800000000,158.800000000,155.800000000,-1.800000000,0.800000000,-0.300000000,0.000000000,0.000000000,-1.800000000,0.800000000,-0.300000000,8.494398622,0.166893862,-0.005495089,10.313848282,9.606921471,4672,1580,0
204.900000000,158.900000000,155.900000000,-1.800000000,0.800000000,-0.300000000,0.000000000,0.000000000,-1.800000000,0.800000000,-0.300000000,8.494398590,0.166893880,-0.005494945,10.313848248,9.606921401,4675,1581,0
204.900000000,158.900000000,155.900000000,-1.800000000,0.800000000,-0.300000000,0.000000000,0.000000000,-1.800000000,0.800000000,-0.300000000,8.494398590,0.166893880,-0.005494945,10.313848248,9.606921401,4675,1581,0
205.000000000,159.000000000,156.000000000,-1.800000000,0.800000000,-0.300000000,0.000000000,0.000000000,-1.800000000,0.800000000,-0.300000000,8.494398621,0.166893656,-0.005494583,10.313848293,9.606921354,4678,1582,0
205.000000000,159.000000000,156.000000000,-1.800000000,0.800000000,-0.300000000,0.000000000,0.000000000,-1.800000000,0.800000000,-0.300000000,8.494398621,0.166893656,-0.005494583,10.313848293,9.606921354,4678,1582,0
205.100000000,159.100000000,156.100000000,-1.800000000,0.800000000,-0.300000000,0.000000000,0.000000000,-1.800000000,0.800000000,-0.300000000,8.494398518,0.166893817,-0.005494548,10.313848180,9.606921233,4681,1583,0
205.100000000,159.100000000,156.100000000,-1.800000000,0.800000000,-0.300000000,0.000000000,0.000000000,-1.800000000,0.800000000,-0.300000000,8.494398518,0.166893817,-0.005494548,10.313848180,9.606921233,4681,1583,0
205.200000000,159.200000000,156.200000000,-1.800000000,0.800000000,-0.300000000,0.000000000,0.000000000,-1.800000000,0.800000000,-0.300000000,8.494398508,0.166893866,-0.005494429,10.313848167,9.606921190,4684,1584,0
205.200000000,159.200000000,156.200000000,-1.800000000,0.800000000,-0.300000000,0.000000000,0.000000000,-1.800000000,0.800000000,-0.300000000,8.494398508,0.166893866,-0.005494429,10.313848167,9.606921190,4684,1584,0
205.300000000,159.300000000,156.300000000,-1.800000000,0.800000000,-0.300000000,0.000000000,0.000000000,-1.800000000,0.800000000,-0.300000000,8.494398437,0.166893770,-0.005494192,10.313848103,9.606921065,4687,1585,0
205.300000000,159.300000000,156.300000000,-1.800000000,0.800000000,-0.300000000,0.000000000,0.000000000,-1.800000000,0.800000000,-0.300000000,8.494398437,0.166893770,-0.005494192,10.313848103,9.606921065,4687,1585,0
205.400000000,159.400000000,156.400000000,-1.800000000,0.800000000,-0.300000000,0.000000000,0.000000000,-1.800000000,0.800000000,-0.300000000,8.494398395,0.166893755,-0.005494016,10.313848061,9.606920979,4690,1586,0
205.400000000,159.400000000,156.400000000,-1.800000000,0.800000000,-0.300000000,0.000000000,0.000000000,-1.800000000,0.800000000,-0.300000000,8.494398395,0.166893755,-0.005494016,10.313848061,9.606920979,4690,1586,0
205.500000000,159.500000000,156.500000000,-1.800000000,0.800000000,-0.300000000,0.000000000,0.000000000,-1.800000000,0.800000000,-0.300000000,8.494398380,0.166893907,-0.005493982,10.313848037,9.606920947,4693,1587,0
205.500000000,159.500000000,156.500000000,-1.800000000,0.800000000,-0.300000000,0.000000000,0.000000000,-1.800000000,0.800000000,-0.300000000,8.494398380,0.166893907,-0.005493982,10.313848037,9.606920947,4693,1587,0
205.600000000,159.600000000,156.600000000,-1.800000000,0.800000000,-0.300000000,0.000000000,0.000000000,-1.800000000,0.800000000,-0.300000000,8.494398345,0.166893889,-0.005493817,10.313848003,9.606920871,4696,1588,0
205.600000000,159.600000000,156.600000000,-1.800000000,0.800000000,-0.300000000,0.000000000,0.000000000,-1.800000000,0.800000000,-0.300000000,8.494398345,0.166893889,-0.005493817,10.313848003,9.606920871,4696,1588,0
205.700000000,159.700000000,156.700000000,-1.800000000,0.800000000,-0.300000000,0.000000000,0.000000000,-1.800000000,0.800000000,-0.300000000,8.494398368,0.166893616,-0.005493477,10.313848043,9.606920824,4698,1589,0
205.700000000,159.700000000,156.700000000,-1.800000000,0.800000000,-0.300000000,0.000000000,0.000000000,-1.800000000,0.800000000,-0.300000000,8.494398324,0.166893554,-0.005493373,10.313848003,9.606920758,4699,1589,0
205.800000000,159.800000000,156.800000000,-1.800000000,0.800000000,-0.300000000,0.000000000,0.000000000,-1.800000000,0.800000000,-0.300000000,8.494398328,0.166893821,-0.005493480,10.313847991,9.606920773,4701,1590,0
205.800000000,159.800000000,156.800000000,-1.800000000,0.800000000,-0.300000000,0.000000000,0.000000000,-1.800000000,0.800000000,-0.300000000,8.494398328,0.166893821,-0.005493480,10.313847991,9.606920773,4701,1590,0
205.900000000,159.900000000,156.900000000,-1.800000000,0.800000000,-0.300000000,0.000000000,0.000000000,-1.800000000,0.800000000,-0.300000000,8.494398305,0.166893921,-0.005493419,10.313847962,9.606920730,4704,1591,0
205.900000000,159.900000000,156.900000000,-1.800000000,0.800000000,-0.300000000,0.000000000,0.000000000,-1.800000000,0.800000000,-0.300000000,8.494398305,0.166893921,-0.005493419,10.313847962,9.606920730,4704,1591,0
206.000000000,160.000000000,157.000000000,-1.800000000,0.800000000,-0.300000000,0.000000000,0.000000000,-1.800000000,0.800000000,-0.300000000,8.494398249,0.166893626,-0.005493010,10.313847924,9.606920588,4707,1592,0
206.000000000,160.000000000,157.000000000,-1.800000000,0.800000000,-0.300000000,0.000000000,0.000000000,-1.800000000,0.800000000,-0.300000000,8.494398249,0.166893626,-0.005493010,10.313847924,9.606920588,4707,1592,0
206.100000000,160.100000000,157.100000000,-1.800000000,0.800000000,-0.300000000,0.000000000,0.000000000,-1.800000000,0.800000000,-0.300000000,8.494398166,0.166893904,-0.005493081,10.313847823,9.606920506,4710,1593,0
206.100000000,160.100000000,157.100000000,-1.800000000,0.800000000,-0.300000000,0.000000000,0.000000000,-1.800000000,0.800000000,-0.300000000,8.494398166,0.166893904,-0.005493081,10.313847823,9.606920506,4710,1593,0
206.200000000,160.200000000,157.200000000,-1.800000000,0.800000000,-0.300000000,0.000000000,0.000000000,-1.800000000,0.800000000,-0.300000000,8.494398255,0.166893915,-0.005492949,10.313847912,9.606920562,4713,1594,0
206.200000000,160.200000000,157.200000000,-1.800000000,0.800000000,-0.300000000,0.000000000,0.000000000,-1.800000000,0.800000000,-0.300000000,8.494398255,0.166893915,-0.005492949,10.313847912,9.606920562,4713,1594,0
206.300000000,160.300000000,157.300000000,-1.800000000,0.800000000,-0.300000000,0.000000000,0.000000000,-1.800000000,0.800000000,-0.300000000,8.494398248,0.166893645,-0.005492562,10.313847921,9.606920472,4716,1595,0
206.300000000,160.300000000,157.300000000,-1.800000000,0.800000000,-0.300000000,0.000000000,0.000000000,-1.800000000,0.800000000,-0.300000000,8.494398248,0.166893645,-0.005492562,10.313847921,9.606920472,4716,1595,0
206.400000000,160.400000000,157.400000000,-1.800000000,0.800000000,-0.300000000,0.000000000,0.000000000,-1.800000000,0.800000000,-0.300000000,8.494398149,0.166893955,-0.005492654,10.313847803,9.606920378,4719,1596,0
206.400000000,160.400000000,157.400000000,-1.800000000,0.800000000,-0.300000000,0.000000000,0.000000000,-1.800000000,0.800000000,-0.300000000,8.494398149,0.166893955,-0.005492654,10.313847803,9.606920378,4719,1596,0
206.500000000,160.500000000,157.500000000,-1.800000000,0.800000000,-0.300000000,0.000000000,0.000000000,-1.800000000,0.800000000,-0.300000000,8.494398057,0.166893913,-0.005492474,10.313847714,9.606920244,4722,1597,0
206.500000000,160.500000000,157.500000000,-1.800000000,0.800000000,-0.300000000,0.000000000,0.000000000,-1.800000000,0.800000000,-0.300000000,8.494398057,0.166893913,-0.005492474,10.313847714,9.606920244,4722,1597,0
206.600000000,160.600000000,157.600000000,-1.800000000,0.800000000,-0.300000000,0.000000000,0.000000000,-1.800000000,0.800000000,-0.300000000,8.494398053,0.166893682,-0.005492118,10.313847724,9.606920163,4725,1598,0
206.600000000,160.600000000,157.600000000,-1.800000000,0.800000000,-0.300000000,0.000000000,0.000000000,-1.800000000,0.800000000,-0.300000000,8.494398053,0.166893682,-0.005492118,10.313847724,9.606920163,4725,1598,0
206.700000000,160.700000000,157.700000000,-1.800000000,0.800000000,-0.300000000,0.000000000,0.000000000,-1.800000000,0.800000000,-0.300000000,8.494398102,0.166893925,-0.005492159,10.313847759,9.606920209,4728,1599,0
206.700000000,160.700000000,157.700000000,-1.800000000,0.800000000,-0.300000000,0.000000000,0.000000000,-1.800000000,0.800000000,-0.300000000,8.494398102,0.166893925,-0.005492159,10.313847759,9.606920209,4728,1599,0
206.800000000,160.800000000,157.800000000,-1.800000000,0.800000000,-0.300000000,0.000000000,0.000000000,-1.800000000,0.800000000,-0.300000000,8.494397940,0.166893744,-0.005491856,10.313847608,9.606919981,4731,1600,0
206.800000000,160.800000000,157.800000000,-1.800000000,0.800000000,-0.300000000,0.000000000,0.000000000,-1.800000000,0.800000000,-0.300000000,8.494397940,0.166893744,-0.005491856,10.313847608,9.606919981,4731,1600,0
206.900000000,160.900000000,157.900000000,-1.800000000,0.800000000,-0.300000000,0.000000000,0.000000000,-1.800000000,0.800000000,-0.300000000,8.494397809,0.166893907,-0.005491830,10.313847467,9.606919834,4734,1601,0
206.900000000,160.900000000,157.900000000,-1.800000000,0.800000000,-0.300000000,0.000000000,0.000000000,-1.800000000,0.800000000,-0.300000000,8.494397809,0.166893907,-0.005491830,10.313847467,9.606919834,4734,1601,0
207.000000000,161.000000000,158.000000000,-1.800000000,0.800000000,-0.300000000,0.000000000,0.000000000,-1.800000000,0.800000000,-0.300000000,8.494397990,0.166893861,-0.005491642,10.313847651,9.606919970,4737,1602,0
207.000000000,161.000000000,158.000000000,-1.800000000,0.800000000,-0.300000000,0.000000000,0.000000000,-1.800000000,0.800000000,-0.300000000,8.494397990,0.166893861,-0.005491642,10.313847651,9.606919970,4737,1602,0
207.100000000,161.100000000,158.100000000,-1.800000000,0.800000000,-0.300000000,0.000000000,0.000000000,-1.800000000,0.800000000,-0.300000000,8.494398010,0.166893578,-0.005491240,10.313847688,9.606919905,4740,1603,0
207.100000000,161.100000000,158.100000000,-1.800000000,0.800000000,-0.300000000,0.000000000,0.000000000,-1.800000000,0.800000000,-0.300000000,8.494398010,0.166893578,-0.005491240,10.313847688,9.606919905,4740,1603,0
207.200000000,161.200000000,158.200000000,-1.800000000,0.800000000,-0.300000000,0.000000000,0.000000000,-1.800000000,0.800000000,-0.300000000,8.494397930,0.166893995,-0.005491419,10.313847583,9.606919847,4743,1604,0
207.200000000,161.200000000,158.200000000,-1.800000000,0.800000000,-0.300000000,0.000000000,0.000000000,-1.800000000,0.800000000,-0.300000000,8.494397930,0.166893995,-0.005491419,10.313847583,9.606919847,4743,1604,0
207.300000000,161.300000000,158.300000000,-1.800000000,0.800000000,-0.300000000,0.000000000,0.000000000,-1.800000000,0.800000000,-0.300000000,8.494397827,0.166893937,-0.005491238,10.313847483,9.606919701,4746,1605,0
207.300000000,161.300000000,158.300000000,-1.800000000,0.800000000,-0.300000000,0.000000000,0.000000000,-1.800000000,0.800000000,-0.300000000,8.494397827,0.166893937,-0.005491238,10.313847483,9.606919701,4746,1605,0
207.400000000,161.400000000,158.400000000,-1.800000000,0.800000000,-0.300000000,0.000000000,0.000000000,-1.800000000,0.800000000,-0.300000000,8.494397660,0.166893657,-0.005490838,10.313847334,9.606919450,4749,1606,0
207.400000000,161.400000000,158.400000000,-1.800000000,0.800000000,-0.300000000,0.000000000,0.000000000,-1.800000000,0.800000000,-0.300000000,8.494397660,0.166893657,-0.005490838,10.313847334,9.606919450,4749,1606,0
207.500000000,161.500000000,158.500000000,-1.800000000,0.800000000,-0.300000000,0.000000000,0.000000000,-1.800000000,0.800000000,-0.300000000,8.494397704,0.166893760,-0.005490810,10.313847371,9.606919480,4751,1607,0
207.500000000,161.500000000,158.500000000,-1.800000000,0.800000000,-0.300000000,0.000000000,0.000000000,-1.800000000,0.800000000,-0.300000000,8.494397704,0.166893760,-0.005490810,10.313847371,9.606919480,4751,1607,0
207.600000000,161.600000000,158.600000000,-1.800000000,0.800000000,-0.300000000,0.000000000,0.000000000,-1.800000000,0.800000000,-0.300000000,8.494397670,0.166893860,-0.005490741,10.313847331,9.606919423,4754,1608,0
207.600000000,161.600000000,158.600000000,-1.800000000,0.800000000,-0.300000000,0.000000000,0.000000000,-1.800000000,0.800000000,-0.300000000,8.494397670,0.166893860,-0.005490741,10.313847331,9.606919423,4754,1608,0
207.700000000,161.700000000,158.700000000,-1.800000000,0.800000000,-0.300000000,0.000000000,0.000000000,-1.800000000,0.800000000,-0.300000000,8.494397675,0.166893804,-0.005490542,10.313847340,9.606919382,4757,1609,0
207.700000000,161.700000000,158.700000000,-1.800000000,0.800000000,-0.300000000,0.000000000,0.000000000,-1.800000000,0.800000000,-0.300000000,8.494397675,0.166893804,-0.005490542,10.313847340,9.606919382,4757,1609,0
207.800000000,161.800000000,158.800000000,-1.800000000,0.800000000,-0.300000000,0.000000000,0.000000000,-1.800000000,0.800000000,-0.300000000,8.494397724,0.166893873,-0.005490450,10.313847384,9.606919403,4760,1610,0
207.800000000,161.800000000,158.800000000,-1.800000000,0.800000000,-0.300000000,0.000000000,0.000000000,-1.800000000,0.800000000,-0.300000000,8.494397724,0.166893873,-0.005490450,10.313847384,9.606919403,4760,1610,0
207.900000000,161.900000000,158.900000000,-1.800000000,0.800000000,-0.300000000,0.000000000,0.000000000,-1.800000000,0.800000000,-0.300000000,8.494397642,0.166893840,-0.005490270,10.313847305,9.606919278,4763,1611,0
207.900000000,161.900000000,158.900000000,-1.800000000,0.800000000,-0.300000000,0.000000000,0.000000000,-1.800000000,0.800000000,-0.300000000,8.494397642,0.166893840,-0.005490270,10.313847305,9.606919278,4763,1611,0
208.000000000,162.000000000,159.000000000,-1.800000000,0.800000000,-0.300000000,0.000000000,0.000000000,-1.800000000,0.800000000,-0.300000000,8.494397705,0.166893746,-0.005490034,10.313847373,9.606919286,4766,1612,0
208.000000000,162.000000000,159.000000000,-1.800000000,0.800000000,-0.300000000,0.000000000,0.000000000,-1.800000000,0.800000000,-0.300000000,8.494397705,0.166893746,-0.005490034,10.313847373,9.606919286,4766,1612,0
208.100000000,162.100000000,159.100000000,-1.800000000,0.800000000,-0.300000000,0.000000000,0.000000000,-1.800000000,0.800000000,-0.300000000,8.494397572,0.166893930,-0.005490042,10.313847229,9.606919145,4769,1613,0
208.100000000,162.100000000,159.100000000,-1.800000000,0.800000000,-0.300000000,0.000000000,0.000000000,-1.800000000,0.800000000,-0.300000000,8.494397572,0.166893930,-0.005490042,10.313847229,9.606919145,4769,1613,0
208.200000000,162.200000000,159.200000000,-1.800000000,0.800000000,-0.300000000,0.000000000,0.000000000,-1.800000000,0.800000000,-0.300000000,8.494397450,0.166893819,-0.005489803,10.313847115,9.606918970,4772,1614,0
208.200000000,162.200000000,159.200000000,-1.800000000,0.800000000,-0.300000000,0.000000000,0.000000000,-1.800000000,0.800000000,-0.300000000,8.494397450,0.166893819,-0.005489803,10.313847115,9.606918970,4772,1614,0
208.300000000,162.300000000,159.300000000,-1.800000000,0.800000000,-0.300000000,0.000000000,0.000000000,-1.800000000,0.800000000,-0.300000000,8.494397494,0.166893713,-0.005489550,10.313847165,9.606918956,4775,1615,0
208.300000000,162.300000000,159.300000000,-1.800000000,0.800000000,-0.300000000,0.000000000,0.000000000,-1.800000000,0.800000000,-0.300000000,8.494397494,0.166893713,-0.005489550,10.313847165,9.606918956,4775,1615,0
208.400000000,162.400000000,159.400000000,-1.800000000,0.800000000,-0.300000000,0.000000000,0.000000000,-1.800000000,0.800000000,-0.300000000,8.494397587,0.166894078,-0.005489720,10.313847236,9.606919071,4778,1616,0
208.400000000,162.400000000,159.400000000,-1.800000000,0.800000000,-0.300000000,0.000000000,0.000000000,-1.800000000,0.800000000,-0.300000000,8.494397587,0.166894078,-0.005489720,10.313847236,9.606919071,4778,1616,0
208.500000000,162.500000000,159.500000000,-1.800000000,0.800000000,-0.300000000,0.000000000,0.000000000,-1.800000000,0.800000000,-0.300000000,8.494397506,0.166893792,-0.005489340,10.313847171,9.606918910,4781,1617,0
208.500000000,162.500000000,159.500000000,-1.800000000,0.800000000,-0.300000000,0.000000000,0.000000000,-1.800000000,0.800000000,-0.300000000,8.494397506,0.166893792,-0.005489340,10.313847171,9.606918910,4781,1617,0
208.600000000,162.600000000,159.600000000,-1.800000000,0.800000000,-0.300000000,0.000000000,0.000000000,-1.800000000,0.800000000,-0.300000000,8.494397489,0.166893781,-0.005489163,10.313847156,9.606918849,4784,1618,0
208.600000000,162.600000000,159.600000000,-1.800000000,0.800000000,-0.300000000,0.000000000,0.000000000,-1.800000000,0.800000000,-0.300000000,8.494397489,0.166893781,-0.005489163,10.313847156,9.606918849,4784,1618,0
208.700000000,162.700000000,159.700000000,-1.800000000,0.800000000,-0.300000000,0.000000000,0.000000000,-1.800000000,0.800000000,-0.300000000,8.494397356,0.166893890,-0.005489100,10.313847016,9.606918695,4787,1619,0
208.700000000,162.700000000,159.700000000,-1.800000000,0.800000000,-0.300000000,0.000000000,0.000000000,-1.800000000,0.800000000,-0.300000000,8.494397356,0.166893890,-0.005489100,10.313847016,9.606918695,4787,1619,0
208.800000000,162.800000000,159.800000000,-1.800000000,0.800000000,-0.300000000,0.000000000,0.000000000,-1.800000000,0.800000000,-0.300000000,8.494397384,0.166893712,-0.005488793,10.313847055,9.606918655,4790,1620,0
208.800000000,162.800000000,159.800000000,-1.800000000,0.800000000,-0.300000000,0.000000000,0.000000000,-1.800000000,0.800000000,-0.300000000,8.494397384,0.166893712,-0.005488793,10.313847055,9.606918655,4790,1620,0
208.900000000,162.900000000,159.900000000,-1.800000000,0.800000000,-0.300000000,0.000000000,0.000000000,-1.800000000,0.800000000,-0.300000000,8.494397372,0.166893772,-0.005488682,10.313847039,9.606918611,4793,1621,0
208.900000000,162.900000000,159.900000000,-1.800000000,0.800000000,-0.300000000,0.000000000,0.000000000,-1.800000000,0.800000000,-0.300000000,8.494397372,0.166893772,-0.005488682,10.313847039,9.606918611,4793,1621,0
209.000000000,163.000000000,160.000000000,-1.800000000,0.800000000,-0.300000000,0.000000000,0.000000000,-1.800000000,0.800000000,-0.300000000,8.494397355,0.166893864,-0.005488615,10.313847016,9.606918572,4796,1622,0
209.000000000,163.000000000,160.000000000,-1.800000000,0.800000000,-0.300000000,0.000000000,0.000000000,-1.800000000,0.800000000,-0.300000000,8.494397355,0.166893864,-0.005488615,10.313847016,9.606918572,4796,1622,0
209.100000000,163.100000000,160.100000000,-1.800000000,0.800000000,-0.300000000,0.000000000,0.000000000,-1.800000000,0.800000000,-0.300000000,8.494397371,0.166893887,-0.005488485,10.313847031,9.606918554,4799,1623,0
209.100000000,163.100000000,160.100000000,-1.800000000,0.800000000,-0.300000000,0.000000000,0.000000000,-1.800000000,0.800000000,-0.300000000,8.494397371,0.166893887,-0.005488485,10.313847031,9.606918554,4799,1623,0
209.200000000,163.200000000,160.200000000,-1.800000000,0.800000000,-0.300000000,0.000000000,0.000000000,-1.800000000,0.800000000,-0.300000000,8.494397325,0.166893802,-0.005488312,10.313846990,9.606918469,4801,1624,0
209.200000000,163.200000000,160.200000000,-1.800000000,0.800000000,-0.300000000,0.000000000,0.000000000,-1.800000000,0.800000000,-0.300000000,8.494397325,0.166893802,-0.005488312,10.313846990,9.606918469,4801,1624,0
209.300000000,163.300000000,160.300000000,-1.800000000,0.800000000,-0.300000000,0.000000000,0.000000000,-1.800000000,0.800000000,-0.300000000,8.494397256,0.166893827,-0.005488186,10.313846920,9.606918368,4804,1625,0
209.300000000,163.300000000,160.300000000,-1.800000000,0.800000000,-0.300000000,0.000000000,0.000000000,-1.800000000,0.800000000,-0.300000000,8.494397256,0.166893827,-0.005488186,10.313846920,9.606918368,4804,1625,0
209.400000000,163.400000000,160.400000000,-1.800000000,0.800000000,-0.300000000,0.000000000,0.000000000,-1.800000000,0.800000000,-0.300000000,8.494397247,0.166893800,-0.005488005,10.313846913,9.606918315,4807,1626,0
209.400000000,163.400000000,160.400000000,-1.800000000,0.800000000,-0.300000000,0.000000000,0.000000000,-1.800000000,0.800000000,-0.300000000,8.494397247,0.166893800,-0.005488005,10.313846913,9.606918315,4807,1626,0
209.500000000,163.500000000,160.500000000,-1.800000000,0.800000000,-0.300000000,0.000000000,0.000000000,-1.800000000,0.800000000,-0.300000000,8.494397150,0.166893906,-0.005487946,10.313846809,9.606918197,4810,1627,0
209.500000000,163.500000000,160.500000000,-1.800000000,0.800000000,-0.300000000,0.000000000,0.000000000,-1.800000000,0.800000000,-0.300000000,8.494397150,0.166893906,-0.005487946,10.313846809,9.606918197,4810,1627,0
209.600000000,163.600000000,160.600000000,-1.800000000,0.800000000,-0.300000000,0.000000000,0.000000000,-1.800000000,0.800000000,-0.300000000,8.494397065,0.166893754,-0.005487670,10.313846734,9.606918051,4813,1628,0
209.600000000,163.600000000,160.600000000,-1.800000000,0.800000000,-0.300000000,0.000000000,0.000000000,-1.800000000,0.800000000,-0.300000000,8.494397065,0.166893754,-0.005487670,10.313846734,9.606918051,4813,1628,0
209.700000000,163.700000000,160.700000000,-1.800000000,0.800000000,-0.300000000,0.000000000,0.000000000,-1.800000000,0.800000000,-0.300000000,8.494397076,0.166893836,-0.005487587,10.313846739,9.606918036,4816,1629,0
209.700000000,163.700000000,160.700000000,-1.800000000,0.800000000,-0.300000000,0.000000000,0.000000000,-1.800000000,0.800000000,-0.300000000,8.494397076,0.166893836,-0.005487587,10.313846739,9.606918036,4816,1629,0
209.800000000,163.800000000,160.800000000,-1.800000000,0.800000000,-0.300000000,0.000000000,0.000000000,-1.800000000,0.800000000,-0.300000000,8.494397168,0.166893640,-0.005487263,10.313846844,9.606918058,4819,1630,0
209.800000000,163.800000000,160.800000000,-1.800000000,0.800000000,-0.300000000,0.000000000,0.000000000,-1.800000000,0.800000000,-0.300000000,8.494397168,0.166893640,-0.005487263,10.313846844,9.606918058,4819,1630,0
209.900000000,163.900000000,160.900000000,-1.800000000,0.800000000,-0.300000000,0.000000000,0.000000000,-1.800000000,0.800000000,-0.300000000,8.494397138,0.166893856,-0.005487294,10.313846800,9.606918023,4822,1631,0
209.900000000,163.900000000,160.900000000,-1.800000000,0.800000000,-0.300000000,0.000000000,0.000000000,-1.800000000,0.800000000,-0.300000000,8.494397138,0.166893856,-0.005487294,10.313846800,9.606918023,4822,1631,0
210.000000000,164.000000000,161.000000000,-1.800000000,0.800000000,-0.300000000,0.000000000,0.000000000,-1.800000000,0.800000000,-0.300000000,8.494397142,0.166893946,-0.005487229,10.313846799,9.606918005,4825,1632,0
210.000000000,164.000000000,161.000000000,-1.800000000,0.800000000,-0.300000000,0.000000000,0.000000000,-1.800000000,0.800000000,-0.300000000,8.494397142,0.166893946,-0.005487229,10.313846799,9.606918005,4825,1632,0
210.100000000,164.100000000,161.100000000,-1.800000000,0.800000000,-0.300000000,0.000000000,0.000000000,-1.800000000,0.800000000,-0.300000000,8.494396949,0.166893697,-0.005486867,10.313846622,9.606917736,4828,1633,0
210.100000000,164.100000000,161.100000000,-1.800000000,0.800000000,-0.300000000,0.000000000,0.000000000,-1.800000000,0.800000000,-0.300000000,8.494396949,0.166893697,-0.005486867,10.313846622,9.606917736,4828,1633,0
210.200000000,164.200000000,161.200000000,-1.800000000,0.800000000,-0.300000000,0.000000000,0.000000000,-1.800000000,0.800000000,-0.300000000,8.494396882,0.166893937,-0.005486923,10.313846540,9.606917669,4831,1634,0
210.200000000,164.200000000,161.200000000,-1.800000000,0.800000000,-0.300000000,0.000000000,0.000000000,-1.800000000,0.800000000,-0.300000000,8.494396882,0.166893937,-0.005486923,10.313846540,9.606917669,4831,1634,0
210.300000000,164.300000000,161.300000000,-1.800000000,0.800000000,-0.300000000,0.000000000,0.000000000,-1.800000000,0.800000000,-0.300000000,8.494397004,0.166893925,-0.005486778,10.313846663,9.606917756,4834,1635,0
210.300000000,164.300000000,161.300000000,-1.800000000,0.800000000,-0.300000000,0.000000000,0.000000000,-1.800000000,0.800000000,-0.300000000,8.494397004,0.166893925,-0.005486778,10.313846663,9.606917756,4834,1635,0
210.400000000,164.400000000,161.400000000,-1.800000000,0.800000000,-0.300000000,0.000000000,0.000000000,-1.800000000,0.800000000,-0.300000000,8.494397144,0.166893546,-0.005486296,10.313846826,9.606917796,4837,1636,0
210.400000000,164.400000000,161.400000000,-1.800000000,0.800000000,-0.300000000,0.000000000,0.000000000,-1.800000000,0.800000000,-0.300000000,8.494397144,0.166893546,-0.005486296,10.313846826,9.606917796,4837,1636,0
210.500000000,164.500000000,161.500000000,-1.800000000,0.800000000,-0.300000000,0.000000000,0.000000000,-1.800000000,0.800000000,-0.300000000,8.494396930,0.166893934,-0.005486457,10.313846588,9.606917600,4840,1637,0
210.500000000,164.500000000,161.500000000,-1.800000000,0.800000000,-0.300000000,0.000000000,0.000000000,-1.800000000,0.800000000,-0.300000000,8.494396930,0.166893934,-0.005486457,10.313846588,9.606917600,4840,1637,0
210.600000000,164.600000000,161.600000000,-1.800000000,0.800000000,-0.300000000,0.000000000,0.000000000,-1.800000000,0.800000000,-0.300000000,8.494396872,0.166893989,-0.005486379,10.313846527,9.606917519,4843,1638,0
210.600000000,164.600000000,161.600000000,-1.800000000,0.800000000,-0.300000000,0.000000000,0.000000000,-1.800000000,0.800000000,-0.300000000,8.494396872,0.166893989,-0.005486379,10.313846527,9.606917519,4843,1638,0
210.700000000,164.700000000,161.700000000,-1.800000000,0.800000000,-0.300000000,0.000000000,0.000000000,-1.800000000,0.800000000,-0.300000000,8.494396775,0.166893669,-0.005485967,10.313846449,9.606917337,4846,1639,0
210.700000000,164.700000000,161.700000000,-1.800000000,0.800000000,-0.300000000,0.000000000,0.000000000,-1.800000000,0.800000000,-0.300000000,8.494396775,0.166893669,-0.005485967,10.313846449,9.606917337,4846,1639,0
210.800000000,164.800000000,161.800000000,-1.800000000,0.800000000,-0.300000000,0.000000000,0.000000000,-1.800000000,0.800000000,-0.300000000,8.494396789,0.166893733,-0.005485917,10.313846460,9.606917334,4848,1640,0
210.800000000,164.800000000,161.800000000,-1.800000000,0.800000000,-0.300000000,0.000000000,0.000000000,-1.800000000,0.800000000,-0.300000000,8.494396873,0.166893833,-0.005485951,10.313846538,9.606917422,4849,1640,0
210.900000000,164.900000000,161.900000000,-1.800000000,0.800000000,-0.300000000,0.000000000,0.000000000,-1.800000000,0.800000000,-0.300000000,8.494396861,0.166893834,-0.005485861,10.313846525,9.606917386,4851,1641,0
210.900000000,164.900000000,161.900000000,-1.800000000,0.800000000,-0.300000000,0.000000000,0.000000000,-1.800000000,0.800000000,-0.300000000,8.494396861,0.166893834,-0.005485861,10.313846525,9.606917386,4851,1641,0
211.000000000,165.000000000,162.000000000,-1.800000000,0.800000000,-0.300000000,0.000000000,0.000000000,-1.800000000,0.800000000,-0.300000000,8.494396731,0.166893870,-0.005485755,10.313846393,9.606917228,4854,1642,0
211.000000000,165.000000000,162.000000000,-1.800000000,0.800000000,-0.300000000,0.000000000,0.000000000,-1.800000000,0.800000000,-0.300000000,8.494396731,0.166893870,-0.005485755,10.313846393,9.606917228,4854,1642,0
211.100000000,165.100000000,162.100000000,-1.800000000,0.800000000,-0.300000000,0.000000000,0.000000000,-1.800000000,0.800000000,-0.300000000,8.494396599,0.166893678,-0.005485440,10.313846274,9.606917028,4857,1643,0
211.100000000,165.100000000,162.100000000,-1.800000000,0.800000000,-0.300000000,0.000000000,0.000000000,-1.800000000,0.800000000,-0.300000000,8.494396599,0.166893678,-0.005485440,10.313846274,9.606917028,4857,1643,0
211.200000000,165.200000000,162.200000000,-1.800000000,0.800000000,-0.300000000,0.000000000,0.000000000,-1.800000000,0.800000000,-0.300000000,8.494396610,0.166893906,-0.005485487,10.313846271,9.606917038,4860,1644,0
211.200000000,165.200000000,162.200000000,-1.800000000,0.800000000,-0.300000000,0.000000000,0.000000000,-1.800000000,0.800000000,-0.300000000,8.494396610,0.166893906,-0.005485487,10.313846271,9.606917038,4860,1644,0
211.300000000,165.300000000,162.300000000,-1.800000000,0.800000000,-0.300000000,0.000000000,0.000000000,-1.800000000,0.800000000,-0.300000000,8.494396687,0.166893818,-0.005485286,10.313846353,9.606917069,4863,1645,0
211.300000000,165.300000000,162.300000000,-1.800000000,0.800000000,-0.300000000,0.000000000,0.000000000,-1.800000000,0.800000000,-0.300000000,8.494396687,0.166893818,-0.005485286,10.313846353,9.606917069,4863,1645,0
211.400000000,165.400000000,162.400000000,-1.800000000,0.800000000,-0.300000000,0.000000000,0.000000000,-1.800000000,0.800000000,-0.300000000,8.494396712,0.166893862,-0.005485177,10.313846374,9.606917063,4866,1646,0
211.400000000,165.400000000,162.400000000,-1.800000000,0.800000000,-0.300000000,0.000000000,0.000000000,-1.800000000,0.800000000,-0.300000000,8.494396712,0.166893862,-0.005485177,10.313846374,9.606917063,4866,1646,0
211.500000000,165.500000000,162.500000000,-1.800000000,0.800000000,-0.300000000,0.000000000,0.000000000,-1.800000000,0.800000000,-0.300000000,8.494396686,0.166894043,-0.005485200,10.313846337,9.606917033,4869,1647,0
211.500000000,165.500000000,162.500000000,-1.800000000,0.800000000,-0.300000000,0.000000000,0.000000000,-1.800000000,0.800000000,-0.300000000,8.494396686,0.166894043,-0.005485200,10.313846337,9.606917033,4869,1647,0
211.600000000,165.600000000,162.600000000,-1.800000000,0.800000000,-0.300000000,0.000000000,0.000000000,-1.800000000,0.800000000,-0.300000000,8.494396464,0.166893739,-0.005484797,10.313846135,9.606916727,4872,1648,0
211.600000000,165.600000000,162.600000000,-1.800000000,0.800000000,-0.300000000,0.000000000,0.000000000,-1.800000000,0.800000000,-0.300000000,8.494396464,0.166893739,-0.005484797,10.313846135,9.606916727,4872,1648,0
211.700000000,165.700000000,162.700000000,-1.800000000,0.800000000,-0.300000000,0.000000000,0.000000000,-1.800000000,0.800000000,-0.300000000,8.494396428,0.166893823,-0.005484710,10.313846093,9.606916664,4875,1649,0
211.700000000,165.700000000,162.700000000,-1.800000000,0.800000000,-0.300000000,0.000000000,0.000000000,-1.800000000,0.800000000,-0.300000000,8.494396428,0.166893823,-0.005484710,10.313846093,9.606916664,4875,1649,0
211.800000000,165.800000000,162.800000000,-1.800000000,0.800000000,-0.300000000,0.000000000,0.000000000,-1.800000000,0.800000000,-0.300000000,8.494396600,0.166893888,-0.005484626,10.313846262,9.606916811,4878,1650,0
211.800000000,165.800000000,162.800000000,-1.800000000,0.800000000,-0.300000000,0.000000000,0.000000000,-1.800000000,0.800000000,-0.300000000,8.494396600,0.166893888,-0.005484626,10.313846262,9.606916811,4878,1650,0
211.900000000,165.900000000,162.900000000,-1.800000000,0.800000000,-0.300000000,0.000000000,0.000000000,-1.800000000,0.800000000,-0.300000000,8.494396580,0.166893896,-0.005484485,10.313846241,9.606916755,4881,1651,0
211.900000000,165.900000000,162.900000000,-1.800000000,0.800000000,-0.300000000,0.000000000,0.000000000,-1.800000000,0.800000000,-0.300000000,8.494396580,0.166893896,-0.005484485,10.313846241,9.606916755,4881,1651,0
212.000000000,166.000000000,163.000000000,-1.800000000,0.800000000,-0.300000000,0.000000000,0.000000000,-1.800000000,0.800000000,-0.300000000,8.494396412,0.166893716,-0.005484164,10.313846085,9.606916517,4884,1652,0
212.000000000,166.000000000,163.000000000,-1.800000000,0.800000000,-0.300000000,0.000000000,0.000000000,-1.800000000,0.800000000,-0.300000000,8.494396412,0.166893716,-0.005484164,10.313846085,9.606916517,4884,1652,0
212.100000000,166.100000000,163.100000000,-1.800000000,0.800000000,-0.300000000,0.000000000,0.000000000,-1.800000000,0.800000000,-0.300000000,8.494396339,0.166894094,-0.005484353,10.313845988,9.606916469,4887,1653,0
212.100000000,166.100000000,163.100000000,-1.800000000,0.800000000,-0.300000000,0.000000000,0.000000000,-1.800000000,0.800000000,-0.300000000,8.494396339,0.166894094,-0.005484353,10.313845988,9.606916469,4887,1653,0
212.200000000,166.200000000,163.200000000,-1.800000000,0.800000000,-0.300000000,0.000000000,0.000000000,-1.800000000,0.800000000,-0.300000000,8.494396404,0.166893771,-0.005483956,10.313846073,9.606916454,4890,1654,0
212.200000000,166.200000000,163.200000000,-1.800000000,0.800000000,-0.300000000,0.000000000,0.000000000,-1.800000000,0.800000000,-0.300000000,8.494396404,0.166893771,-0.005483956,10.313846073,9.606916454,4890,1654,0
212.300000000,166.300000000,163.300000000,-1.800000000,0.800000000,-0.300000000,0.000000000,0.000000000,-1.800000000,0.800000000,-0.300000000,8.509548475,0.166903880,0.018881857,10.328968993,9.616002296,4893,1655,0
212.300000000,166.300000000,163.300000000,-1.800000000,0.800000000,-0.300000000,0.000000000,0.000000000,-1.800000000,0.800000000,-0.300000000,8.509548475,0.166903880,0.018881857,10.328968993,9.616002296,4893,1655,0
212.400000000,166.400000000,163.400000000,-1.800000000,0.800000000,-0.300000000,0.000000000,0.000000000,-1.800000000,0.800000000,-0.300000000,8.516513794,0.167132182,0.064186769,10.335907243,9.612285832,4896,1656,0
212.400000000,166.400000000,163.400000000,-1.800000000,0.800000000,-0.300000000,0.000000000,0.000000000,-1.800000000,0.800000000,-0.300000000,8.516513794,0.167132182,0.064186769,10.335907243,9.612285832,4896,1656,0
212.500000000,166.500000000,163.500000000,-1.800000000,0.800000000,-0.300000000,0.000000000,0.000000000,-1.800000000,0.800000000,-0.300000000,8.519543231,0.167361054,0.099427057,10.338916991,9.607536758,4898,1657,0
212.500000000,166.500000000,163.500000000,-1.800000000,0.800000000,-0.300000000,0.000000000,0.000000000,-1.800000000,0.800000000,-0.300000000,8.520954469,0.167506628,0.117515767,10.340316678,9.605137598,4899,1657,0
212.600000000,166.600000000,163.600000000,-1.800000000,0.800000000,-0.300000000,0.000000000,0.000000000,-1.800000000,0.800000000,-0.300000000,8.523635397,0.167853418,0.145002022,10.342971387,9.602261999,4901,1658,0
212.600000000,166.600000000,163.600000000,-1.800000000,0.800000000,-0.300000000,0.000000000,0.000000000,-1.800000000,0.800000000,-0.300000000,8.523635397,0.167853418,0.145002022,10.342971387,9.602261999,4901,1658,0
212.700000000,166.700000000,163.700000000,-1.800000000,0.800000000,-0.300000000,0.000000000,0.000000000,-1.800000000,0.800000000,-0.300000000,8.525922284,0.168210115,0.172685045,10.345232210,9.599252498,4904,1659,0
212.700000000,166.700000000,163.700000000,-1.800000000,0.800000000,-0.300000000,0.000000000,0.000000000,-1.800000000,0.800000000,-0.300000000,8.525922284,0.168210115,0.172685045,10.345232210,9.599252498,4904,1659,0
212.800000000,166.800000000,163.800000000,-1.800000000,0.800000000,-0.300000000,0.000000000,0.000000000,-1.800000000,0.800000000,-0.300000000,8.525986154,0.168223861,0.174738476,10.345295121,9.598936647,4907,1660,0
212.800000000,166.800000000,163.800000000,-1.800000000,0.800000000,-0.300000000,0.000000000,0.000000000,-1.800000000,0.800000000,-0.300000000,8.525986154,0.168223861,0.174738476,10.345295121,9.598936647,4907,1660,0
212.900000000,166.900000000,163.900000000,-1.800000000,0.800000000,-0.300000000,0.000000000,0.000000000,-1.800000000,0.800000000,-0.300000000,8.525965686,0.168220930,0.189398570,10.345274870,9.596261878,4910,1661,0
212.900000000,166.900000000,163.900000000,-1.800000000,0.800000000,-0.300000000,0.000000000,0.000000000,-1.800000000,0.800000000,-0.300000000,8.525965686,0.168220930,0.189398570,10.345274870,9.596261878,4910,1661,0
213.000000000,167.000000000,164.000000000,-1.800000000,0.800000000,-0.300000000,0.000000000,0.000000000,-1.800000000,0.800000000,-0.300000000,8.525940270,0.168213035,0.205250002,10.345249983,9.593464267,4913,1662,0
213.000000000,167.000000000,164.000000000,-1.800000000,0.800000000,-0.300000000,0.000000000,0.000000000,-1.800000000,0.800000000,-0.300000000,8.525940270,0.168213035,0.205250002,10.345249983,9.593464267,4913,1662,0
213.100000000,167.100000000,164.100000000,-1.800000000,0.800000000,-0.300000000,0.000000000,0.000000000,-1.800000000,0.800000000,-0.300000000,8.525943886,0.168215759,0.204695273,10.345253426,9.593563011,4916,1663,0
213.100000000,167.100000000,164.100000000,-1.800000000,0.800000000,-0.300000000,0.000000000,0.000000000,-1.800000000,0.800000000,-0.300000000,8.525943886,0.168215759,0.204695273,10.345253426,9.593563011,4916,1663,0
213.200000000,167.200000000,164.200000000,-1.800000000,0.800000000,-0.300000000,0.000000000,0.000000000,-1.800000000,0.800000000,-0.300000000,8.525945491,0.168216408,0.205141242,10.345254989,9.593487932,4919,1664,0
213.200000000,167.200000000,164.200000000,-1.800000000,0.800000000,-0.300000000,0.000000000,0.000000000,-1.800000000,0.800000000,-0.300000000,8.525945491,0.168216408,0.205141242,10.345254989,9.593487932,4919,1664,0
213.300000000,167.300000000,164.300000000,-1.800000000,0.800000000,-0.300000000,0.000000000,0.000000000,-1.800000000,0.800000000,-0.300000000,8.525950940,0.168217622,0.206226046,10.345260353,9.593307207,4922,1665,0
213.300000000,167.300000000,164.300000000,-1.800000000,0.800000000,-0.300000000,0.000000000,0.000000000,-1.800000000,0.800000000,-0.300000000,8.525950940,0.168217622,0.206226046,10.345260353,9.593307207,4922,1665,0
213.400000000,167.400000000,164.400000000,-1.800000000,0.800000000,-0.300000000,0.000000000,0.000000000,-1.800000000,0.800000000,-0.300000000,8.525903925,0.168206654,0.231686553,10.345214096,9.589031496,4925,1666,0
213.400000000,167.400000000,164.400000000,-1.800000000,0.800000000,-0.300000000,0.000000000,0.000000000,-1.800000000,0.800000000,-0.300000000,8.525903925,0.168206654,0.231686553,10.345214096,9.589031496,4925,1666,0
213.500000000,167.500000000,164.500000000,-1.800000000,0.800000000,-0.300000000,0.000000000,0.000000000,-1.800000000,0.800000000,-0.300000000,8.525683964,0.168143695,0.314929472,10.344998392,9.576863046,4928,1667,0
213.500000000,167.500000000,164.500000000,-1.800000000,0.800000000,-0.300000000,0.000000000,0.000000000,-1.800000000,0.800000000,-0.300000000,8.525683964,0.168143695,0.314929472,10.344998392,9.576863046,4928,1667,0
213.600000000,167.600000000,164.600000000,-1.800000000,0.800000000,-0.300000000,0.000000000,0.000000000,-1.800000000,0.800000000,-0.300000000,8.525406262,0.168049385,0.415953314,10.344726969,9.566043720,4931,1668,0
213.600000000,167.600000000,164.600000000,-1.800000000,0.800000000,-0.300000000,0.000000000,0.000000000,-1.800000000,0.800000000,-0.300000000,8.525406262,0.168049385,0.415953314,10.344726969,9.566043720,4931,1668,0
213.700000000,167.700000000,164.700000000,-1.800000000,0.800000000,-0.300000000,0.000000000,0.000000000,-1.800000000,0.800000000,-0.300000000,8.525157441,0.167938322,0.517793764,10.344485398,9.559676243,4934,1669,0
213.700000000,167.700000000,164.700000000,-1.800000000,0.800000000,-0.300000000,0.000000000,0.000000000,-1.800000000,0.800000000,-0.300000000,8.525157441,0.167938322,0.517793764,10.344485398,9.559676243,4934,1669,0
213.800000000,167.800000000,164.800000000,-1.800000000,0.800000000,-0.300000000,0.000000000,0.000000000,-1.800000000,0.800000000,-0.300000000,8.524940959,0.167810096,0.619632803,10.344277156,9.557939667,4937,1670,0
213.800000000,167.800000000,164.800000000,-1.800000000,0.800000000,-0.300000000,0.000000000,0.000000000,-1.800000000,0.800000000,-0.300000000,8.524940959,0.167810096,0.619632803,10.344277156,9.557939667,4937,1670,0
213.900000000,167.900000000,164.900000000,-1.800000000,0.800000000,-0.300000000,0.000000000,0.000000000,-1.800000000,0.800000000,-0.300000000,8.524755086,0.167664252,0.720649511,10.344100545,9.560807164,4940,1671,0
213.900000000,167.900000000,164.900000000,-1.800000000,0.800000000,-0.300000000,0.000000000,0.000000000,-1.800000000,0.800000000,-0.300000000,8.524755086,0.167664252,0.720649511,10.344100545,9.560807164,4940,1671,0
214.000000000,168.000000000,165.000000000,-1.800000000,0.800000000,-0.300000000,0.000000000,0.000000000,-1.800000000,0.800000000,-0.300000000,8.524597402,0.167500894,0.820003984,10.343953143,9.568050159,4943,1672,0
214.000000000,168.000000000,165.000000000,-1.800000000,0.800000000,-0.300000000,0.000000000,0.000000000,-1.800000000,0.800000000,-0.300000000,8.524597402,0.167500894,0.820003984,10.343953143,9.568050159,4943,1672,0
214.100000000,168.100000000,165.100000000,-1.800000000,0.800000000,-0.300000000,0.000000000,0.000000000,-1.800000000,0.800000000,-0.300000000,8.524466063,0.167319659,0.917063074,10.343833134,9.579280744,4946,1673,0
214.100000000,168.100000000,165.100000000,-1.800000000,0.800000000,-0.300000000,0.000000000,0.000000000,-1.800000000,0.800000000,-0.300000000,8.524466063,0.167319659,0.917063074,10.343833134,9.579280744,4946,1673,0
214.200000000,168.200000000,165.200000000,-1.800000000,0.800000000,-0.300000000,0.000000000,0.000000000,-1.800000000,0.800000000,-0.300000000,8.524391266,0.167189689,0.980363685,10.343766428,9.588760168,4948,1674,0
214.200000000,168.200000000,165.200000000,-1.800000000,0.800000000,-0.300000000,0.000000000,0.000000000,-1.800000000,0.800000000,-0.300000000,8.524369848,0.167138762,1.013517973,10.343748165,9.594399386,4949,1674,0
214.300000000,168.300000000,165.300000000,-1.800000000,0.800000000,-0.300000000,0.000000000,0.000000000,-1.800000000,0.800000000,-0.300000000,8.524308717,0.166989409,1.081065826,10.343696288,9.607240298,4951,1675,0
214.300000000,168.300000000,165.300000000,-1.800000000,0.800000000,-0.300000000,0.000000000,0.000000000,-1.800000000,0.800000000,-0.300000000,8.524308717,0.166989409,1.081065826,10.343696288,9.607240298,4951,1675,0
214.400000000,168.400000000,165.400000000,-1.800000000,0.800000000,-0.300000000,0.000000000,0.000000000,-1.800000000,0.800000000,-0.300000000,8.524270932,0.166823832,1.183371893,10.343668708,9.630092247,4954,1676,0
214.400000000,168.400000000,165.400000000,-1.800000000,0.800000000,-0.300000000,0.000000000,0.000000000,-1.800000000,0.800000000,-0.300000000,8.524270932,0.166823832,1.183371893,10.343668708,9.630092247,4954,1676,0
214.500000000,168.500000000,165.500000000,-1.800000000,0.800000000,-0.300000000,0.000000000,0.000000000,-1.800000000,0.800000000,-0.300000000,8.524243411,0.166618017,1.291652823,10.343653840,9.658428943,4957,1677,0
214.500000000,168.500000000,165.500000000,-1.800000000,0.800000000,-0.300000000,0.000000000,0.000000000,-1.800000000,0.800000000,-0.300000000,8.524243411,0.166618017,1.291652823,10.343653840,9.658428943,4957,1677,0
214.600000000,168.600000000,165.600000000,-1.800000000,0.800000000,-0.300000000,0.000000000,0.000000000,-1.800000000,0.800000000,-0.300000000,8.524220326,0.166400001,1.387115297,10.343644150,9.686656143,4960,1678,0
214.600000000,168.600000000,165.600000000,-1.800000000,0.800000000,-0.300000000,0.000000000,0.000000000,-1.800000000,0.800000000,-0.300000000,8.524220326,0.166400001,1.387115297,10.343644150,9.686656143,4960,1678,0
214.700000000,168.700000000,165.700000000,-1.800000000,0.800000000,-0.300000000,0.000000000,0.000000000,-1.800000000,0.800000000,-0.300000000,8.524206265,0.166089886,1.483192362,10.343649116,9.713577906,4963,1679,0
214.700000000,168.700000000,165.700000000,-1.800000000,0.800000000,-0.300000000,0.000000000,0.000000000,-1.800000000,0.800000000,-0.300000000,8.524206265,0.166089886,1.483192362,10.343649116,9.713577906,4963,1679,0
214.800000000,168.800000000,165.800000000,-1.800000000,0.800000000,-0.300000000,0.000000000,0.000000000,-1.800000000,0.800000000,-0.300000000,8.524235642,0.166201912,1.582215698,10.343671573,9.688390299,4966,1680,0
214.800000000,168.800000000,165.800000000,-1.800000000,0.800000000,-0.300000000,0.000000000,0.000000000,-1.800000000,0.800000000,-0.300000000,8.524235642,0.166201912,1.582215698,10.343671573,9.688390299,4966,1680,0
214.900000000,168.900000000,165.900000000,-1.800000000,0.800000000,-0.300000000,0.000000000,0.000000000,-1.800000000,0.800000000,-0.300000000,8.524231120,0.166472970,1.643482498,10.343650454,9.669818770,4969,1681,0
214.900000000,168.900000000,165.900000000,-1.800000000,0.800000000,-0.300000000,0.000000000,0.000000000,-1.800000000,0.800000000,-0.300000000,8.524231120,0.166472970,1.643482498,10.343650454,9.669818770,4969,1681,0
215.000000000,169.000000000,166.000000000,-1.800000000,0.800000000,-0.300000000,0.000000000,0.000000000,-1.800000000,0.800000000,-0.300000000,8.524264039,0.166020770,1.647189877,10.343711017,9.668791158,4972,1682,0
215.000000000,169.000000000,166.000000000,-1.800000000,0.800000000,-0.300000000,0.000000000,0.000000000,-1.800000000,0.800000000,-0.300000000,8.524264039,0.166020770,1.647189877,10.343711017,9.668791158,4972,1682,0
215.100000000,169.100000000,166.100000000,-1.800000000,0.800000000,-0.300000000,0.000000000,0.000000000,-1.800000000,0.800000000,-0.300000000,8.524451503,0.163273514,1.635432678,10.344066872,9.672582091,4975,1683,0
215.100000000,169.100000000,166.100000000,-1.800000000,0.800000000,-0.300000000,0.000000000,0.000000000,-1.800000000,0.800000000,-0.300000000,8.524451503,0.163273514,1.635432678,10.344066872,9.672582091,4975,1683,0
215.200000000,169.200000000,166.200000000,-1.800000000,0.800000000,-0.300000000,0.000000000,0.000000000,-1.800000000,0.800000000,-0.300000000,8.524741788,0.158566116,1.628833255,10.344647429,9.675084879,4978,1684,0
215.200000000,169.200000000,166.200000000,-1.800000000,0.800000000,-0.300000000,0.000000000,0.000000000,-1.800000000,0.800000000,-0.300000000,8.524741788,0.158566116,1.628833255,10.344647429,9.675084879,4978,1684,0
215.300000000,169.300000000,166.300000000,-1.800000000,0.800000000,-0.300000000,0.000000000,0.000000000,-1.800000000,0.800000000,-0.300000000,8.525119509,0.151485665,1.617558665,10.345465853,9.679222433,4981,1685,0
215.300000000,169.300000000,166.300000000,-1.800000000,0.800000000,-0.300000000,0.000000000,0.000000000,-1.800000000,0.800000000,-0.300000000,8.525119509,0.151485665,1.617558665,10.345465853,9.679222433,4981,1685,0
215.400000000,169.400000000,166.400000000,-1.800000000,0.800000000,-0.300000000,0.000000000,0.000000000,-1.800000000,0.800000000,-0.300000000,8.525470442,0.142413297,1.598303728,10.346388748,9.685919993,4984,1686,0
215.400000000,169.400000000,166.400000000,-1.800000000,0.800000000,-0.300000000,0.000000000,0.000000000,-1.800000000,0.800000000,-0.300000000,8.525470442,0.142413297,1.598303728,10.346388748,9.685919993,4984,1686,0
215.500000000,169.500000000,166.500000000,-1.800000000,0.800000000,-0.300000000,0.000000000,0.000000000,-1.800000000,0.800000000,-0.300000000,8.525633958,0.132537567,1.573410721,10.347184290,9.694350498,4987,1687,0
215.500000000,169.500000000,166.500000000,-1.800000000,0.800000000,-0.300000000,0.000000000,0.000000000,-1.800000000,0.800000000,-0.300000000,8.525633958,0.132537567,1.573410721,10.347184290,9.694350498,4987,1687,0
215.600000000,169.600000000,166.600000000,-1.800000000,0.800000000,-0.300000000,0.000000000,0.000000000,-1.800000000,0.800000000,-0.300000000,8.525528093,0.122231449,1.544654738,10.347748577,9.703956983,4990,1688,0
215.600000000,169.600000000,166.600000000,-1.800000000,0.800000000,-0.300000000,0.000000000,0.000000000,-1.800000000,0.800000000,-0.300000000,8.525528093,0.122231449,1.544654738,10.347748577,9.703956983,4990,1688,0
215.700000000,169.700000000,166.700000000,-1.800000000,0.800000000,-0.300000000,0.000000000,0.000000000,-1.800000000,0.800000000,-0.300000000,8.525102782,0.111592695,1.512605257,10.348026482,9.714553118,4993,1689,0
215.700000000,169.700000000,166.700000000,-1.800000000,0.800000000,-0.300000000,0.000000000,0.000000000,-1.800000000,0.800000000,-0.300000000,8.525102782,0.111592695,1.512605257,10.348026482,9.714553118,4993,1689,0
215.800000000,169.800000000,166.800000000,-1.800000000,0.800000000,-0.300000000,0.000000000,0.000000000,-1.800000000,0.800000000,-0.300000000,8.524313722,0.100983103,1.475894467,10.347950447,9.719283545,4996,1690,0
215.800000000,169.800000000,166.800000000,-1.800000000,0.800000000,-0.300000000,0.000000000,0.000000000,-1.800000000,0.800000000,-0.300000000,8.524313722,0.100983103,1.475894467,10.347950447,9.719283545,4996,1690,0
215.900000000,169.900000000,166.900000000,-1.800000000,0.800000000,-0.300000000,0.000000000,0.000000000,-1.800000000,0.800000000,-0.300000000,8.523571430,0.094013128,1.449052374,10.347683052,9.714457096,4998,1691,0
215.900000000,169.900000000,166.900000000,-1.800000000,0.800000000,-0.300000000,0.000000000,0.000000000,-1.800000000,0.800000000,-0.300000000,8.523132238,0.090563840,1.434848919,10.347480798,9.709798293,4999,1691,0
216.000000000,170.000000000,167.000000000,-1.800000000,0.800000000,-0.300000000,0.000000000,0.000000000,-1.800000000,0.800000000,-0.300000000,8.522110829,0.083738878,1.405223010,10.346932008,9.700070731,5001,1692,0
216.000000000,170.000000000,167.000000000,-1.800000000,0.800000000,-0.300000000,0.000000000,0.000000000,-1.800000000,0.800000000,-0.300000000,8.522110829,0.083738878,1.405223010,10.346932008,9.700070731,5001,1692,0
216.100000000,170.100000000,167.100000000,-1.800000000,0.800000000,-0.300000000,0.000000000,0.000000000,-1.800000000,0.800000000,-0.300000000,8.520230892,0.073823889,1.357131050,10.345747794,9.684450885,5004,1693,0
216.100000000,170.100000000,167.100000000,-1.800000000,0.800000000,-0.300000000,0.000000000,0.000000000,-1.800000000,0.800000000,-0.300000000,8.520230892,0.073823889,1.357131050,10.345747794,9.684450885,5004,1693,0
216.200000000,170.200000000,167.200000000,-1.800000000,0.800000000,-0.300000000,0.000000000,0.000000000,-1.800000000,0.800000000,-0.300000000,8.517910148,0.064204484,1.307697056,10.344112570,9.668662040,5007,1694,0
216.200000000,170.200000000,167.200000000,-1.800000000,0.800000000,-0.300000000,0.000000000,0.000000000,-1.800000000,0.800000000,-0.300000000,8.517910148,0.064204484,1.307697056,10.344112570,9.668662040,5007,1694,0
216.300000000,170.300000000,167.300000000,-1.800000000,0.800000000,-0.300000000,0.000000000,0.000000000,-1.800000000,0.800000000,-0.300000000,8.515195780,0.055008606,1.257271994,10.342063439,9.652930144,5010,1695,0
216.300000000,170.300000000,167.300000000,-1.800000000,0.800000000,-0.300000000,0.000000000,0.000000000,-1.800000000,0.800000000,-0.300000000,8.515195780,0.055008606,1.257271994,10.342063439,9.652930144,5010,1695,0
216.400000000,170.400000000,167.400000000,-1.800000000,0.800000000,-0.300000000,0.000000000,0.000000000,-1.800000000,0.800000000,-0.300000000,8.512112641,0.046216356,1.212590183,10.339625569,9.639094752,5013,1696,0
216.400000000,170.400000000,167.400000000,-1.800000000,0.800000000,-0.300000000,0.000000000,0.000000000,-1.800000000,0.800000000,-0.300000000,8.512112641,0.046216356,1.212590183,10.339625569,9.639094752,5013,1696,0
216.500000000,170.500000000,167.500000000,-1.800000000,0.800000000,-0.300000000,0.000000000,0.000000000,-1.800000000,0.800000000,-0.300000000,8.508834495,0.038015606,1.163706563,10.336957427,9.624664553,5016,1697,0
216.500000000,170.500000000,167.500000000,-1.800000000,0.800000000,-0.300000000,0.000000000,0.000000000,-1.800000000,0.800000000,-0.300000000,8.508834495,0.038015606,1.163706563,10.336957427,9.624664553,5016,1697,0
216.600000000,170.600000000,167.600000000,-1.800000000,0.800000000,-0.300000000,0.000000000,0.000000000,-1.800000000,0.800000000,-0.300000000,8.505375579,0.030577196,1.112733430,10.334059090,9.610349854,5019,1698,0
216.600000000,170.600000000,167.600000000,-1.800000000,0.800000000,-0.300000000,0.000000000,0.000000000,-1.800000000,0.800000000,-0.300000000,8.505375579,0.030577196,1.112733430,10.334059090,9.610349854,5019,1698,0
216.700000000,170.700000000,167.700000000,-1.800000000,0.800000000,-0.300000000,0.000000000,0.000000000,-1.800000000,0.800000000,-0.300000000,8.501980058,0.024039202,1.063225043,10.331162000,9.597247054,5022,1699,0
216.700000000,170.700000000,167.700000000,-1.800000000,0.800000000,-0.300000000,0.000000000,0.000000000,-1.800000000,0.800000000,-0.300000000,8.501980058,0.024039202,1.063225043,10.331162000,9.597247054,5022,1699,0
216.800000000,170.800000000,167.800000000,-1.800000000,0.800000000,-0.300000000,0.000000000,0.000000000,-1.800000000,0.800000000,-0.300000000,8.498432880,0.018096358,1.008488304,10.328073057,9.583903839,5025,1700,0
216.800000000,170.800000000,167.800000000,-1.800000000,0.800000000,-0.300000000,0.000000000,0.000000000,-1.800000000,0.800000000,-0.300000000,8.498432880,0.018096358,1.008488304,10.328073057,9.583903839,5025,1700,0
216.900000000,170.900000000,167.900000000,-1.800000000,0.800000000,-0.300000000,0.000000000,0.000000000,-1.800000000,0.800000000,-0.300000000,8.495264007,0.013377968,0.953474593,10.325271677,9.571930559,5028,1701,0
216.900000000,170.900000000,167.900000000,-1.800000000,0.800000000,-0.300000000,0.000000000,0.000000000,-1.800000000,0.800000000,-0.300000000,8.495264007,0.013377968,0.953474593,10.325271677,9.571930559,5028,1701,0
217.000000000,171.000000000,168.000000000,-1.800000000,0.800000000,-0.300000000,0.000000000,0.000000000,-1.800000000,0.800000000,-0.300000000,8.491946639,0.008954482,0.897298974,10.322302003,9.560844108,5031,1702,0
217.000000000,171.000000000,168.000000000,-1.800000000,0.800000000,-0.300000000,0.000000000,0.000000000,-1.800000000,0.800000000,-0.300000000,8.491946639,0.008954482,0.897298974,10.322302003,9.560844108,5031,1702,0
217.100000000,171.100000000,168.100000000,-1.800000000,0.800000000,-0.300000000,0.000000000,0.000000000,-1.800000000,0.800000000,-0.300000000,8.489346879,0.005763322,0.857921485,10.319954995,9.553588791,5034,1703,0
217.100000000,171.100000000,168.100000000,-1.800000000,0.800000000,-0.300000000,0.000000000,0.000000000,-1.800000000,0.800000000,-0.300000000,8.489346879,0.005763322,0.857921485,10.319954995,9.553588791,5034,1703,0
217.200000000,171.200000000,168.200000000,-1.800000000,0.800000000,-0.300000000,0.000000000,0.000000000,-1.800000000,0.800000000,-0.300000000,8.486398618,0.002585671,0.806050009,10.317260593,9.545387767,5037,1704,0
217.200000000,171.200000000,168.200000000,-1.800000000,0.800000000,-0.300000000,0.000000000,0.000000000,-1.800000000,0.800000000,-0.300000000,8.486398618,0.002585671,0.806050009,10.317260593,9.545387767,5037,1704,0
217.300000000,171.300000000,168.300000000,-1.800000000,0.800000000,-0.300000000,0.000000000,0.000000000,-1.800000000,0.800000000,-0.300000000,8.483591512,-0.000142992,0.747872885,10.314673199,9.537966570,5040,1705,0
217.300000000,171.300000000,168.300000000,-1.800000000,0.800000000,-0.300000000,0.000000000,0.000000000,-1.800000000,0.800000000,-0.300000000,8.483591512,-0.000142992,0.747872885,10.314673199,9.537966570,5040,1705,0
217.400000000,171.400000000,168.400000000,-1.800000000,0.800000000,-0.300000000,0.000000000,0.000000000,-1.800000000,0.800000000,-0.300000000,8.480889952,-0.002470672,0.696508482,10.312160655,9.532405350,5043,1706,0
217.400000000,171.400000000,168.400000000,-1.800000000,0.800000000,-0.300000000,0.000000000,0.000000000,-1.800000000,0.800000000,-0.300000000,8.480889952,-0.002470672,0.696508482,10.312160655,9.532405350,5043,1706,0
217.500000000,171.500000000,168.500000000,-1.800000000,0.800000000,-0.300000000,0.000000000,0.000000000,-1.800000000,0.800000000,-0.300000000,8.478399686,-0.004447571,0.646668385,10.309832006,9.528214950,5046,1707,0
217.500000000,171.500000000,168.500000000,-1.800000000,0.800000000,-0.300000000,0.000000000,0.000000000,-1.800000000,0.800000000,-0.300000000,8.478399686,-0.004447571,0.646668385,10.309832006,9.528214950,5046,1707,0
217.600000000,171.600000000,168.600000000,-1.800000000,0.800000000,-0.300000000,0.000000000,0.000000000,-1.800000000,0.800000000,-0.300000000,8.477161021,-0.005341609,0.620737299,10.308666924,9.526510299,5048,1708,0
217.600000000,171.600000000,168.600000000,-1.800000000,0.800000000,-0.300000000,0.000000000,0.000000000,-1.800000000,0.800000000,-0.300000000,8.476484671,-0.005774932,0.607961671,10.308026505,9.525713193,5049,1708,0
217.700000000,171.700000000,168.700000000,-1.800000000,0.800000000,-0.300000000,0.000000000,0.000000000,-1.800000000,0.800000000,-0.300000000,8.475152896,-0.006702909,0.579321337,10.306771396,9.524367551,5051,1709,0
217.700000000,171.700000000,168.700000000,-1.800000000,0.800000000,-0.300000000,0.000000000,0.000000000,-1.800000000,0.800000000,-0.300000000,8.475152896,-0.006702909,0.579321337,10.306771396,9.524367551,5051,1709,0
217.800000000,171.800000000,168.800000000,-1.800000000,0.800000000,-0.300000000,0.000000000,0.000000000,-1.800000000,0.800000000,-0.300000000,8.473245485,-0.007917999,0.534562229,10.304965031,9.523140773,5054,1710,0
217.800000000,171.800000000,168.800000000,-1.800000000,0.800000000,-0.300000000,0.000000000,0.000000000,-1.800000000,0.800000000,-0.300000000,8.473245485,-0.007917999,0.534562229,10.304965031,9.523140773,5054,1710,0
217.900000000,171.900000000,168.900000000,-1.800000000,0.800000000,-0.300000000,0.000000000,0.000000000,-1.800000000,0.800000000,-0.300000000,8.471258643,-0.009032097,0.490896585,10.303071729,9.522665067,5057,1711,0
217.900000000,171.900000000,168.900000000,-1.800000000,0.800000000,-0.300000000,0.000000000,0.000000000,-1.800000000,0.800000000,-0.300000000,8.471258643,-0.009032097,0.490896585,10.303071729,9.522665067,5057,1711,0
218.000000000,172.000000000,169.000000000,-1.800000000,0.800000000,-0.300000000,0.000000000,0.000000000,-1.800000000,0.800000000,-0.300000000,8.469739321,-0.009764862,0.443510858,10.301614672,9.523687834,5060,1712,0
218.000000000,172.000000000,169.000000000,-1.800000000,0.800000000,-0.300000000,0.000000000,0.000000000,-1.800000000,0.800000000,-0.300000000,8.469739321,-0.009764862,0.443510858,10.301614672,9.523687834,5060,1712,0
218.100000000,172.100000000,169.100000000,-1.800000000,0.800000000,-0.300000000,0.000000000,0.000000000,-1.800000000,0.800000000,-0.300000000,8.468669293,-0.010261323,0.406869487,10.300586996,9.525252347,5063,1713,0
218.100000000,172.100000000,169.100000000,-1.800000000,0.800000000,-0.300000000,0.000000000,0.000000000,-1.800000000,0.800000000,-0.300000000,8.468669293,-0.010261323,0.406869487,10.300586996,9.525252347,5063,1713,0
218.200000000,172.200000000,169.200000000,-1.800000000,0.800000000,-0.300000000,0.000000000,0.000000000,-1.800000000,0.800000000,-0.300000000,8.467636040,-0.010682111,0.372264177,10.299590057,9.527240559,5066,1714,0
218.200000000,172.200000000,169.200000000,-1.800000000,0.800000000,-0.300000000,0.000000000,0.000000000,-1.800000000,0.800000000,-0.300000000,8.467636040,-0.010682111,0.372264177,10.299590057,9.527240559,5066,1714,0
218.300000000,172.300000000,169.300000000,-1.800000000,0.800000000,-0.300000000,0.000000000,0.000000000,-1.800000000,0.800000000,-0.300000000,8.466492733,-0.011130068,0.330611345,10.298485570,9.530415348,5069,1715,0
218.300000000,172.300000000,169.300000000,-1.800000000,0.800000000,-0.300000000,0.000000000,0.000000000,-1.800000000,0.800000000,-0.300000000,8.466492733,-0.011130068,0.330611345,10.298485570,9.530415348,5069,1715,0
218.400000000,172.400000000,169.400000000,-1.800000000,0.800000000,-0.300000000,0.000000000,0.000000000,-1.800000000,0.800000000,-0.300000000,8.466108303,-0.011225533,0.298942337,10.298109854,9.533787811,5072,1716,0
218.400000000,172.400000000,169.400000000,-1.800000000,0.800000000,-0.300000000,0.000000000,0.000000000,-1.800000000,0.800000000,-0.300000000,8.466108303,-0.011225533,0.298942337,10.298109854,9.533787811,5072,1716,0
218.500000000,172.500000000,169.500000000,-1.800000000,0.800000000,-0.300000000,0.000000000,0.000000000,-1.800000000,0.800000000,-0.300000000,8.465713998,-0.011351555,0.272904069,10.297726702,9.536806162,5075,1717,0
218.500000000,172.500000000,169.500000000,-1.800000000,0.800000000,-0.300000000,0.000000000,0.000000000,-1.800000000,0.800000000,-0.300000000,8.465713998,-0.011351555,0.272904069,10.297726702,9.536806162,5075,1717,0
218.600000000,172.600000000,169.600000000,-1.800000000,0.800000000,-0.300000000,0.000000000,0.000000000,-1.800000000,0.800000000,-0.300000000,8.464966976,-0.011559609,0.244827489,10.296998399,9.540065903,5078,1718,0
218.600000000,172.600000000,169.600000000,-1.800000000,0.800000000,-0.300000000,0.000000000,0.000000000,-1.800000000,0.800000000,-0.300000000,8.464966976,-0.011559609,0.244827489,10.296998399,9.540065903,5078,1718,0
218.700000000,172.700000000,169.700000000,-1.800000000,0.800000000,-0.300000000,0.000000000,0.000000000,-1.800000000,0.800000000,-0.300000000,8.464324613,-0.011701691,0.211256117,10.296369234,9.544634449,5081,1719,0
218.700000000,172.700000000,169.700000000,-1.800000000,0.800000000,-0.300000000,0.000000000,0.000000000,-1.800000000,0.800000000,-0.300000000,8.464324613,-0.011701691,0.211256117,10.296369234,9.544634449,5081,1719,0
218.800000000,172.800000000,169.800000000,-1.800000000,0.800000000,-0.300000000,0.000000000,0.000000000,-1.800000000,0.800000000,-0.300000000,8.464389679,-0.011688536,0.189048156,10.296433060,9.548390376,5084,1720,0
218.800000000,172.800000000,169.800000000,-1.800000000,0.800000000,-0.300000000,0.000000000,0.000000000,-1.800000000,0.800000000,-0.300000000,8.464389679,-0.011688536,0.189048156,10.296433060,9.548390376,5084,1720,0
218.900000000,172.900000000,169.900000000,-1.800000000,0.800000000,-0.300000000,0.000000000,0.000000000,-1.800000000,0.800000000,-0.300000000,8.464429331,-0.011667989,0.171476037,10.296470969,9.551491881,5087,1721,0
218.900000000,172.900000000,169.900000000,-1.800000000,0.800000000,-0.300000000,0.000000000,0.000000000,-1.800000000,0.800000000,-0.300000000,8.464429331,-0.011667989,0.171476037,10.296470969,9.551491881,5087,1721,0
219.000000000,173.000000000,170.000000000,-1.800000000,0.800000000,-0.300000000,0.000000000,0.000000000,-1.800000000,0.800000000,-0.300000000,8.464470534,-0.011686661,0.156166437,10.296513516,9.554305276,5090,1722,0
219.000000000,173.000000000,170.000000000,-1.800000000,0.800000000,-0.300000000,0.000000000,0.000000000,-1.800000000,0.800000000,-0.300000000,8.464470534,-0.011686661,0.156166437,10.296513516,9.554305276,5090,1722,0
219.100000000,173.100000000,170.100000000,-1.800000000,0.800000000,-0.300000000,0.000000000,0.000000000,-1.800000000,0.800000000,-0.300000000,8.464225385,-0.011706743,0.133629036,10.296270712,9.558311903,5093,1723,0
219.100000000,173.100000000,170.100000000,-1.800000000,0.800000000,-0.300000000,0.000000000,0.000000000,-1.800000000,0.800000000,-0.300000000,8.464225385,-0.011706743,0.133629036,10.296270712,9.558311903,5093,1723,0
219.200000000,173.200000000,170.200000000,-1.800000000,0.800000000,-0.300000000,0.000000000,0.000000000,-1.800000000,0.800000000,-0.300000000,8.464005486,-0.011729442,0.120122600,10.296053288,9.560737510,5096,1724,0
219.200000000,173.200000000,170.200000000,-1.800000000,0.800000000,-0.300000000,0.000000000,0.000000000,-1.800000000,0.800000000,-0.300000000,8.464005486,-0.011729442,0.120122600,10.296053288,9.560737510,5096,1724,0
219.300000000,173.300000000,170.300000000,-1.800000000,0.800000000,-0.300000000,0.000000000,0.000000000,-1.800000000,0.800000000,-0.300000000,8.464068795,-0.011729709,0.119792949,10.296116420,9.560866031,5098,1725,0
219.300000000,173.300000000,170.300000000,-1.800000000,0.800000000,-0.300000000,0.000000000,0.000000000,-1.800000000,0.800000000,-0.300000000,8.464123094,-0.011725595,0.120749728,10.296170227,9.560730108,5099,1725,0
219.400000000,173.400000000,170.400000000,-1.800000000,0.800000000,-0.300000000,0.000000000,0.000000000,-1.800000000,0.800000000,-0.300000000,8.464147515,-0.011716421,0.123570387,10.296193848,9.560196521,5101,1726,0
219.400000000,173.400000000,170.400000000,-1.800000000,0.800000000,-0.300000000,0.000000000,0.000000000,-1.800000000,0.800000000,-0.300000000,8.464147515,-0.011716421,0.123570387,10.296193848,9.560196521,5101,1726,0
219.500000000,173.500000000,170.500000000,-1.800000000,0.800000000,-0.300000000,0.000000000,0.000000000,-1.800000000,0.800000000,-0.300000000,8.464212770,-0.011735233,0.128219030,10.296260383,9.559351661,5104,1727,0
219.500000000,173.500000000,170.500000000,-1.800000000,0.800000000,-0.300000000,0.000000000,0.000000000,-1.800000000,0.800000000,-0.300000000,8.464212770,-0.011735233,0.128219030,10.296260383,9.559351661,5104,1727,0
219.600000000,173.600000000,170.600000000,-1.800000000,0.800000000,-0.300000000,0.000000000,0.000000000,-1.800000000,0.800000000,-0.300000000,8.464170543,-0.011716795,0.132175075,10.296216834,9.558539127,5107,1728,0
219.600000000,173.600000000,170.600000000,-1.800000000,0.800000000,-0.300000000,0.000000000,0.000000000,-1.800000000,0.800000000,-0.300000000,8.464170543,-0.011716795,0.132175075,10.296216834,9.558539127,5107,1728,0
219.700000000,173.700000000,170.700000000,-1.800000000,0.800000000,-0.300000000,0.000000000,0.000000000,-1.800000000,0.800000000,-0.300000000,8.464384043,-0.011724917,0.136002228,10.296430310,9.558014570,5110,1729,0
219.700000000,173.700000000,170.700000000,-1.800000000,0.800000000,-0.300000000,0.000000000,0.000000000,-1.800000000,0.800000000,-0.300000000,8.464384043,-0.011724917,0.136002228,10.296430310,9.558014570,5110,1729,0
219.800000000,173.800000000,170.800000000,-1.800000000,0.800000000,-0.300000000,0.000000000,0.000000000,-1.800000000,0.800000000,-0.300000000,8.464231196,-0.011708327,0.137971181,10.296276630,9.557483454,5113,1730,0
219.800000000,173.800000000,170.800000000,-1.800000000,0.800000000,-0.300000000,0.000000000,0.000000000,-1.800000000,0.800000000,-0.300000000,8.464231196,-0.011708327,0.137971181,10.296276630,9.557483454,5113,1730,0
219.900000000,173.900000000,170.900000000,-1.800000000,0.800000000,-0.300000000,0.000000000,0.000000000,-1.800000000,0.800000000,-0.300000000,8.463848803,-0.011806128,0.138329817,10.295903139,9.557041843,5116,1731,0
219.900000000,173.900000000,170.900000000,-1.800000000,0.800000000,-0.300000000,0.000000000,0.000000000,-1.800000000,0.800000000,-0.300000000,8.463848803,-0.011806128,0.138329817,10.295903139,9.557041843,5116,1731,0
220.000000000,174.000000000,171.000000000,-1.800000000,0.800000000,-0.300000000,0.000000000,0.000000000,-1.800000000,0.800000000,-0.300000000,8.464131018,-0.011794177,0.138683107,10.296183532,9.557254605,5119,1732,0
220.000000000,174.000000000,171.000000000,-1.800000000,0.800000000,-0.300000000,0.000000000,0.000000000,-1.800000000,0.800000000,-0.300000000,8.464131018,-0.011794177,0.138683107,10.296183532,9.557254605,5119,1732,0
220.100000000,174.100000000,171.100000000,-1.800000000,0.800000000,-0.300000000,0.000000000,0.000000000,-1.800000000,0.800000000,-0.300000000,8.463645879,-0.011855337,0.134425816,10.295704727,9.557592923,5122,1733,0
220.100000000,174.100000000,171.100000000,-1.800000000,0.800000000,-0.300000000,0.000000000,0.000000000,-1.800000000,0.800000000,-0.300000000,8.463645879,-0.011855337,0.134425816,10.295704727,9.557592923,5122,1733,0
220.200000000,174.200000000,171.200000000,-1.800000000,0.800000000,-0.300000000,0.000000000,0.000000000,-1.800000000,0.800000000,-0.300000000,8.463694745,-0.011825760,0.132419412,10.295751108,9.558026606,5125,1734,0
220.200000000,174.200000000,171.200000000,-1.800000000,0.800000000,-0.300000000,0.000000000,0.000000000,-1.800000000,0.800000000,-0.300000000,8.463694745,-0.011825760,0.132419412,10.295751108,9.558026606,5125,1734,0
220.300000000,174.300000000,171.300000000,-1.800000000,0.800000000,-0.300000000,0.000000000,0.000000000,-1.800000000,0.800000000,-0.300000000,8.463761474,-0.011879472,0.135537287,10.295821865,9.557496184,5128,1735,0
220.300000000,174.300000000,171.300000000,-1.800000000,0.800000000,-0.300000000,0.000000000,0.000000000,-1.800000000,0.800000000,-0.300000000,8.463761474,-0.011879472,0.135537287,10.295821865,9.557496184,5128,1735,0
220.400000000,174.400000000,171.400000000,-1.800000000,0.800000000,-0.300000000,0.000000000,0.000000000,-1.800000000,0.800000000,-0.300000000,8.463582189,-0.011853783,0.138269790,10.295641112,9.556791540,5131,1736,0
220.400000000,174.400000000,171.400000000,-1.800000000,0.800000000,-0.300000000,0.000000000,0.000000000,-1.800000000,0.800000000,-0.300000000,8.463582189,-0.011853783,0.138269790,10.295641112,9.556791540,5131,1736,0
220.500000000,174.500000000,171.500000000,-1.800000000,0.800000000,-0.300000000,0.000000000,0.000000000,-1.800000000,0.800000000,-0.300000000,8.462814338,-0.011989991,0.135272285,10.294886395,9.556612325,5134,1737,0
220.500000000,174.500000000,171.500000000,-1.800000000,0.800000000,-0.300000000,0.000000000,0.000000000,-1.800000000,0.800000000,-0.300000000,8.462814338,-0.011989991,0.135272285,10.294886395,9.556612325,5134,1737,0
220.600000000,174.600000000,171.600000000,-1.800000000,0.800000000,-0.300000000,0.000000000,0.000000000,-1.800000000,0.800000000,-0.300000000,8.462922639,-0.011988345,0.134472837,10.294994229,9.556874022,5137,1738,0
220.600000000,174.600000000,171.600000000,-1.800000000,0.800000000,-0.300000000,0.000000000,0.000000000,-1.800000000,0.800000000,-0.300000000,8.462922639,-0.011988345,0.134472837,10.294994229,9.556874022,5137,1738,0
220.700000000,174.700000000,171.700000000,-1.800000000,0.800000000,-0.300000000,0.000000000,0.000000000,-1.800000000,0.800000000,-0.300000000,8.462820686,-0.011953137,0.137703102,10.294889816,9.556149215,5140,1739,0
220.700000000,174.700000000,171.700000000,-1.800000000,0.800000000,-0.300000000,0.000000000,0.000000000,-1.800000000,0.800000000,-0.300000000,8.462820686,-0.011953137,0.137703102,10.294889816,9.556149215,5140,1739,0
220.800000000,174.800000000,171.800000000,-1.800000000,0.800000000,-0.300000000,0.000000000,0.000000000,-1.800000000,0.800000000,-0.300000000,8.462157701,-0.012131284,0.136261417,10.294242950,9.555779496,5143,1740,0
220.800000000,174.800000000,171.800000000,-1.800000000,0.800000000,-0.300000000,0.000000000,0.000000000,-1.800000000,0.800000000,-0.300000000,8.462157701,-0.012131284,0.136261417,10.294242950,9.555779496,5143,1740,0
220.900000000,174.900000000,171.900000000,-1.800000000,0.800000000,-0.300000000,0.000000000,0.000000000,-1.800000000,0.800000000,-0.300000000,8.462183762,-0.012085767,0.137199082,10.294265338,9.555621904,5146,1741,0
220.900000000,174.900000000,171.900000000,-1.800000000,0.800000000,-0.300000000,0.000000000,0.000000000,-1.800000000,0.800000000,-0.300000000,8.462183762,-0.012085767,0.137199082,10.294265338,9.555621904,5146,1741,0
221.000000000,175.000000000,172.000000000,-1.800000000,0.800000000,-0.300000000,0.000000000,0.000000000,-1.800000000,0.800000000,-0.300000000,8.462054836,-0.012097265,0.139069155,10.294137721,9.555136789,5149,1742,0
221.000000000,175.000000000,172.000000000,-1.800000000,0.800000000,-0.300000000,0.000000000,0.000000000,-1.800000000,0.800000000,-0.300000000,8.462054836,-0.012097265,0.139069155,10.294137721,9.555136789,5149,1742,0
221.100000000,175.100000000,172.100000000,-1.800000000,0.800000000,-0.300000000,0.000000000,0.000000000,-1.800000000,0.800000000,-0.300000000,8.462020529,-0.012112808,0.136497004,10.294104747,9.555596057,5151,1743,0
221.100000000,175.100000000,172.100000000,-1.800000000,0.800000000,-0.300000000,0.000000000,0.000000000,-1.800000000,0.800000000,-0.300000000,8.462020529,-0.012112808,0.136497004,10.294104747,9.555596057,5151,1743,0
221.200000000,175.200000000,172.200000000,-1.800000000,0.800000000,-0.300000000,0.000000000,0.000000000,-1.800000000,0.800000000,-0.300000000,8.461740498,-0.012236967,0.135095416,10.293835386,9.555596498,5154,1744,0
221.200000000,175.200000000,172.200000000,-1.800000000,0.800000000,-0.300000000,0.000000000,0.000000000,-1.800000000,0.800000000,-0.300000000,8.461740498,-0.012236967,0.135095416,10.293835386,9.555596498,5154,1744,0
221.300000000,175.300000000,172.300000000,-1.800000000,0.800000000,-0.300000000,0.000000000,0.000000000,-1.800000000,0.800000000,-0.300000000,8.461824135,-0.012161316,0.132556767,10.293912792,9.556163353,5157,1745,0
221.300000000,175.300000000,172.300000000,-1.800000000,0.800000000,-0.300000000,0.000000000,0.000000000,-1.800000000,0.800000000,-0.300000000,8.461824135,-0.012161316,0.132556767,10.293912792,9.556163353,5157,1745,0
221.400000000,175.400000000,172.400000000,-1.800000000,0.800000000,-0.300000000,0.000000000,0.000000000,-1.800000000,0.800000000,-0.300000000,8.461197071,-0.012304739,0.133783657,10.293299000,9.555313225,5160,1746,0
221.400000000,175.400000000,172.400000000,-1.800000000,0.800000000,-0.300000000,0.000000000,0.000000000,-1.800000000,0.800000000,-0.300000000,8.461197071,-0.012304739,0.133783657,10.293299000,9.555313225,5160,1746,0
