segment,segment_name,wall_time,wall_elapsed_s,sim_time,x,y,yaw
1,M->N,1788165631.3582814,0.0,34.892,-8.498882468098628,2.9805904558187737e-07,0.0009944244017146893
1,M->N,1788165634.179349,2.152614263992291,37.0,-8.488744478879523,-2.247686082090166e-07,-0.0030483282892567317
1,M->N,1788165634.4656558,2.438921688008122,37.17,-8.451768159327647,-0.00045636682371946676,-0.02252228226864492
1,M->N,1788165634.7495325,2.7227981900214218,37.34,-8.404094006140628,-0.0021397970812904836,-0.05227773043046289
1,M->N,1788165634.762645,2.735910139977932,37.408,-8.385038080627199,-0.0032318999456212214,-0.06588606625692256
1,M->N,1788165634.7740035,2.7472680310020223,37.476,-8.365996868131614,-0.004589986313999092,-0.08043010612356012
1,M->N,1788165634.9166358,2.889900880982168,37.578,-8.337473488235696,-0.007159131149521948,-0.10351288784967975
1,M->N,1788165635.5519624,3.525228201993741,37.918,-8.242983771955258,-0.02070568755929015,-0.1869374399053969
1,M->N,1788165635.5654922,3.5387576700304635,37.986,-8.224242470970061,-0.024374327889784306,-0.20430556523884347
1,M->N,1788165635.5768008,3.5500654350034893,38.054,-8.205567967366754,-0.028369076999814044,-0.22181975215281846
1,M->N,1788165635.7249486,3.6982142300112173,38.19,-8.168444828947594,-0.0373395056892591,-0.25709588626289154
1,M->N,1788165635.941754,3.9150200210278854,38.326,-8.131664304012878,-0.047615022657458206,-0.2923882137687249
1,M->N,1788165635.9559166,3.929181843996048,38.394,-8.113416938734797,-0.05323742570904959,-0.3099606128073843
1,M->N,1788165636.1007943,4.074060167011339,38.496,-8.086239502471926,-0.06226797203820683,-0.33619063635091284
1,M->N,1788165636.2459605,4.219225988024846,38.598,-8.059309963242619,-0.0720043507110062,-0.36202431622365583
1,M->N,1788165636.3923004,4.365565552026965,38.7,-8.032642307659073,-0.08242744205513,-0.38740020580617723
1,M->N,1788165636.606018,4.579283887986094,38.836,-7.997513469852192,-0.09735950808205285,-0.4204511165653749
1,M->N,1788165636.8297381,4.803004176006652,39.006,-7.954323109143121,-0.11762090397768092,-0.46047637114769624
1,M->N,1788165636.8433976,4.81666251597926,39.074,-7.937279299908822,-0.12620109177385008,-0.4759382621267662
1,M->N,1788165636.9873555,4.960620887984987,39.176,-7.911966047434408,-0.13955545301968042,-0.4984829000226719
1,M->N,1788165637.1361094,5.109375303029083,39.278,-7.886959583156446,-0.15347017839673308,-0.5203408982406091
1,M->N,1788165637.6368482,5.610114060982596,39.55,-7.82178061710821,-0.19311788483199605,-0.5747620778958126
1,M->N,1788165637.6496284,5.622893573017791,39.618,-7.805837212306298,-0.2035686091902608,-0.589359685142465
1,M->N,1788165637.660383,5.633647656009998,39.686,-7.790043445630232,-0.21427525009754086,-0.6059468286890501
1,M->N,1788165638.0799491,6.053214600018691,39.924,-7.736245182031554,-0.25383115935710676,-0.6652527561661978
1,M->N,1788165638.094974,6.068239354994148,39.992,-7.721310461490719,-0.2657033502939084,-0.6813495393573638
1,M->N,1788165638.309275,6.282540148997214,40.128,-7.692014897352159,-0.2901450583481508,-0.712257751575124
1,M->N,1788165638.3219836,6.295249047980178,40.196,-7.677651731594293,-0.3026985039677986,-0.727253137477365
1,M->N,1788165638.4681203,6.441385740006808,40.298,-7.6564595717283765,-0.3219210863533746,-0.7488636277706663
1,M->N,1788165638.6868086,6.660074451996479,40.434,-7.628847634568854,-0.34823850629591874,-0.7764537822673963
1,M->N,1788165638.9799733,6.953238425019663,40.638,-7.588779335984068,-0.389072792144713,-0.8152854795773133
1,M->N,1788165639.3412254,7.314490663993638,40.876,-7.544007523529198,-0.4385653623229814,-0.8572978843340515
1,M->N,1788165639.3540416,7.327306760998908,40.944,-7.531609132515518,-0.4530197618567129,-0.8679560937656708
1,M->N,1788165639.505763,7.479028751025908,41.08,-7.507156306552028,-0.482255002831003,-0.880494937413957
1,M->N,1788165639.931108,7.904373964993283,41.318,-7.465051244666363,-0.5339553784650345,-0.8939577613837492
1,M->N,1788165639.9452026,7.918467919982504,41.386,-7.45313923752536,-0.5488195098447489,-0.8969224451001169
1,M->N,1788165640.3041804,8.27744580898434,41.59,-7.417630658008391,-0.5935893831235498,-0.9034639108609795
1,M->N,1788165640.3809009,8.354166125995107,41.658,-7.405852946465841,-0.6085570690831812,-0.9049340586961798
1,M->N,1788165640.4632878,8.436553112987895,41.76,-7.388220921636347,-0.631032533671624,-0.9061681531974566
1,M->N,1788165640.620474,8.593740159005392,41.896,-7.364736081395127,-0.6610132135969584,-0.9061077826306978
1,M->N,1788165640.7650712,8.738337394024711,41.998,-7.347112515780708,-0.6834875102095576,-0.9052464027336652
1,M->N,1788165640.8419447,8.815210552013014,42.066,-7.3353497794997775,-0.6984573731524811,-0.9039900756649216
1,M->N,1788165641.138813,9.11207834398374,42.27,-7.29985603930512,-0.7431873843084704,-0.8935799604950475
1,M->N,1788165641.2854352,9.258700524980668,42.372,-7.281887653213559,-0.7653654020164572,-0.8846591155663167
1,M->N,1788165641.6368184,9.610084132989869,42.576,-7.245269594489797,-0.8091394581047253,-0.861058171896309
1,M->N,1788165641.6511405,9.624405595008284,42.644,-7.232822911553471,-0.8235224898853125,-0.8520070964391503
1,M->N,1788165641.7344108,9.707676550024189,42.746,-7.213906622367574,-0.8448798099538336,-0.8379906996460821
1,M->N,1788165642.3086743,10.281939876032993,43.086,-7.14869223648782,-0.9140871655915616,-0.7907525654972015
1,M->N,1788165642.3234868,10.296752077003475,43.154,-7.135266077825507,-0.9275622744470496,-0.7819810319053637
1,M->N,1788165642.4108186,10.384117169014644,43.256,-7.114909133561238,-0.9475571364663447,-0.769314496733889
1,M->N,1788165642.6352007,10.608466484001838,43.426,-7.080440893787541,-0.9803263787614874,-0.7496308637174696
1,M->N,1788165642.649108,10.622373196005356,43.494,-7.066477038346863,-0.9932473824471704,-0.7420983968393294
1,M->N,1788165643.072298,11.045563505031168,43.732,-7.0168286031425255,-1.037612657243233,-0.7146776845926281
1,M->N,1788165643.0877187,11.060984048002865,43.8,-7.002421307223251,-1.0500365709690087,-0.7069777255074279
1,M->N,1788165643.1662202,11.13948601699667,43.868,-6.987919385111526,-1.0623506035288326,-0.6994860743441319
1,M->N,1788165643.2436745,11.216940022015478,43.936,-6.973326376807739,-1.0745574130665143,-0.6921980100723037
1,M->N,1788165643.6071513,11.580416727985721,44.174,-6.921579310238658,-1.1164703389723336,-0.6686643589293103
1,M->N,1788165643.8217084,11.794974280986935,44.31,-6.891594845374224,-1.1399083362560547,-0.6572582300168684
1,M->N,1788165643.8351169,11.808381956012454,44.378,-6.876505261271777,-1.1515035526768256,-0.6520500398466459
1,M->N,1788165643.980437,11.95370269601699,44.48,-6.853760922197813,-1.1687538984326216,-0.6447541835962984
1,M->N,1788165644.3362668,12.309532105980907,44.684,-6.80791859365224,-1.2027879150537049,-0.6318971134341145
1,M->N,1788165644.4121783,12.385443184990436,44.752,-6.792543776023653,-1.2140066984608104,-0.6280162480136379
1,M->N,1788165644.7722466,12.745511945977341,44.99,-6.738414318890008,-1.2528453508526882,-0.6167729915023565
1,M->N,1788165644.786239,12.759503997978754,45.058,-6.722874447395975,-1.2638410216922384,-0.6142901466658419
1,M->N,1788165645.0061967,12.97946211398812,45.228,-6.6839183574563945,-1.2911834342156483,-0.609570117275104
1,M->N,1788165645.0198364,12.99310147302458,45.296,-6.668303037978349,-1.3020752335020798,-0.6082630608306787
1,M->N,1788165645.164114,13.137379083025735,45.398,-6.644855736458965,-1.3183803800098652,-0.6068790430138294
1,M->N,1788165645.5195653,13.492830877017695,45.602,-6.597915236866134,-1.3509349050985413,-0.6062201431642521
1,M->N,1788165645.5337992,13.507064198027365,45.67,-6.582266565848445,-1.3617865722425815,-0.6064732606661419
1,M->N,1788165645.680103,13.653368706989568,45.772,-6.5588005262455376,-1.378075749752822,-0.6073091424827323
1,M->N,1788165646.2416346,14.214899550017435,46.078,-6.488525187470422,-1.4271259074166647,-0.6120829733046707
1,M->N,1788165646.2546115,14.227876753022429,46.146,-6.472943868604559,-1.4380771400279018,-0.6134777543890355
1,M->N,1788165646.2655246,14.23878966801567,46.214,-6.457378028999014,-1.449050869846545,-0.6149668897708105
1,M->N,1788165646.2755325,14.24879708897788,46.282,-6.441828270028679,-1.460048299733942,-0.6165111545608069
1,M->N,1788165646.6296573,14.60292308498174,46.486,-6.395282837158037,-1.4931924894594457,-0.622068278248034
1,M->N,1788165646.843815,14.81708151201019,46.622,-6.364386201205974,-1.5154873398455082,-0.6290888664738611
1,M->N,1788165646.8564923,14.829757081985008,46.69,-6.348999400392685,-1.5267207586712694,-0.6330124802718563
1,M->N,1788165647.002695,14.975960421026684,46.792,-6.326003448885466,-1.5436859097642261,-0.6391035512004393
1,M->N,1788165647.286012,15.259277100034524,46.962,-6.287910604409784,-1.5722762629671756,-0.6494972950229264
1,M->N,1788165647.370552,15.34381759702228,47.064,-6.265198464323513,-1.589621024101408,-0.6557753116098436
1,M->N,1788165647.6592696,15.63253527902998,47.268,-6.220060938814734,-1.6246678946363369,-0.6641174374586868
1,M->N,1788165647.7366736,15.7099390149815,47.336,-6.205070893805977,-1.6364169741300418,-0.6656274159071123
1,M->N,1788165648.4465601,16.41982559498865,47.744,-6.1153589482798045,-1.7072109775261908,-0.6820616733918605
1,M->N,1788165648.4600656,16.433330914995167,47.812,-6.100603368013297,-1.7192784581531775,-0.6907307164673516
1,M->N,1788165648.4722178,16.44548270001542,47.88,-6.085952222371649,-1.7314710492566983,-0.6990138958053278
1,M->N,1788165648.482434,16.45569869101746,47.948,-6.0714011813121695,-1.743781713786097,-0.7069266646720083
1,M->N,1788165648.8389494,16.812214990030043,48.186,-6.021217104289664,-1.7877230132378203,-0.7322144312130529
1,M->N,1788165649.122341,17.095606010989286,48.356,-5.98601991043619,-1.8198272485411213,-0.7475759879667215
1,M->N,1788165649.2050867,17.17835370299872,48.458,-5.9651305770374865,-1.8393350968651712,-0.7558111024675643
1,M->N,1788165649.7111826,17.68444811401423,48.764,-5.9033554538087865,-1.8987833500220348,-0.7765333274830629
1,M->N,1788165649.72567,17.698935182008427,48.832,-5.889786839807191,-1.9121556568830493,-0.7803765910436429
1,M->N,1788165649.738348,17.7116130880313,48.9,-5.876268427507211,-1.9255780917084226,-0.7839723948036614
1,M->N,1788165649.8125286,17.78579419403104,48.968,-5.86279735113731,-1.9390474632137344,-0.787317960800316
1,M->N,1788165649.9585104,17.931776221026666,49.07,-5.842673070813699,-1.9593322508406845,-0.7919169245422838
1,M->N,1788165650.103292,18.07655707898084,49.172,-5.82263887364409,-1.9797042011928623,-0.7960376854008429
1,M->N,1788165650.1831033,18.15636841801461,49.24,-5.80932800849717,-1.9933289783707568,-0.7985101986458377
1,M->N,1788165650.5424821,18.51576814200962,49.478,-5.762985046191211,-2.0412476644969044,-0.8057672553770561
1,M->N,1788165650.8414395,18.81470491399523,49.648,-5.730075313172461,-2.07565670606582,-0.8097108377543619
1,M->N,1788165650.8550777,18.828342997992877,49.716,-5.71694716517549,-2.089454601390953,-0.8110661899399064
1,M->N,1788165650.8673654,18.840630270016845,49.784,-5.703837275445598,-2.1032695555737386,-0.8122983639259538
1,M->N,1788165651.0107489,18.98401451500831,49.886,-5.684203215399091,-2.124019988908016,-0.8139005106674714
1,M->N,1788165651.8465343,19.819799193006475,50.328,-5.5994344178427236,-2.214220248840864,-0.8185563799309309
1,M->N,1788165651.8586874,19.831952510983683,50.396,-5.586425347878659,-2.2281274687331396,-0.819043731776952
1,M->N,1788165651.8687842,19.842048847989645,50.464,-5.573422919769715,-2.2420411260983273,-0.8194895605465682
1,M->N,1788165651.8780046,19.851269181002863,50.532,-5.560426718407854,-2.2559605286771323,-0.8199175342390189
1,M->N,1788165651.8868725,19.860137199983,50.6,-5.547436399053135,-2.2698850634720067,-0.8203387892714352
1,M->N,1788165651.959788,19.933053069980815,50.668,-5.534451997808395,-2.283814864130375,-0.8207562065491011
1,M->N,1788165652.454042,20.427307328034658,50.94,-5.482576584212204,-2.3395905616848993,-0.8226114105872367
1,M->N,1788165652.5413258,20.514591535029467,51.042,-5.463151627812622,-2.360533005337887,-0.8234604941224195
1,M->N,1788165653.0419135,21.015178973029833,51.348,-5.405002216054051,-2.4234841240675395,-0.8271233595640572
1,M->N,1788165653.054233,21.027497950999532,51.416,-5.3921156653597535,-2.437506710920292,-0.8282688521019147
1,M->N,1788165653.0652564,21.03852124401601,51.484,-5.379245918160714,-2.451544981567505,-0.829557670079028
1,M->N,1788165653.2085187,21.181784940999933,51.586,-5.359977460526173,-2.4726360824182967,-0.8318614552301126
1,M->N,1788165653.3541615,21.327427123032976,51.688,-5.340761247159971,-2.4937756278013925,-0.834578333460432
1,M->N,1788165653.779891,21.753156158025376,51.926,-5.296178349507448,-2.543339931280945,-0.8428250031339016
1,M->N,1788165653.794422,21.7676873599994,51.994,-5.28352039819515,-2.5575752548239743,-0.8457337301248369
1,M->N,1788165654.0072403,21.98050535802031,52.13,-5.258337878555827,-2.5861654771764298,-0.8523917181838457
1,M->N,1788165654.0207212,21.993986435991246,52.198,-5.245820586205124,-2.600526236982646,-0.8561158622001531
1,M->N,1788165654.1651304,22.13839551003184,52.3,-5.227149450941093,-2.6221597791007003,-0.8622758344157465
1,M->N,1788165654.5196083,22.492873807030264,52.504,-5.190238366976956,-2.6657986621846663,-0.8763876381788601
1,M->N,1788165654.5338333,22.507098597998265,52.572,-5.178076034324513,-2.6804656451255946,-0.8815686860940979
1,M->N,1788165654.611384,22.584649502008688,52.64,-5.165990627336047,-2.695197574204642,-0.8869764569301789
1,M->N,1788165654.9702668,22.94353216601303,52.878,-5.124342115330237,-2.747288259976545,-0.9069942095505135
1,M->N,1788165655.0467365,23.020001576980576,52.946,-5.112637916642106,-2.762325879381042,-0.9129113305877075
1,M->N,1788165655.4736457,23.446910916012712,53.218,-5.0667136270938045,-2.823154714587237,-0.9361300925552505
1,M->N,1788165655.4877293,23.460994530993048,53.286,-5.055450363036314,-2.8385237292439585,-0.941544184703202
1,M->N,1788165655.7722466,23.745512138004415,53.456,-5.027642063949355,-2.8772003561727137,-0.9539835889166793
1,M->N,1788165655.8559573,23.82922283001244,53.558,-5.011179293346724,-2.9005617430794404,-0.9605141256336548
1,M->N,1788165656.0089557,23.98222111002542,53.694,-4.989451149332019,-2.9318603641428203,-0.9677750427619006
1,M->N,1788165656.1546683,24.127933448995464,53.796,-4.973291738346027,-2.9554241810747985,-0.9718644268462133
1,M->N,1788165656.301658,24.27492344402708,53.898,-4.957216371700614,-2.9790400561659367,-0.9745524347626914
1,M->N,1788165656.4470415,24.4203066379996,54.0,-4.941192117341739,-3.002686901046686,-0.9758375669699497
1,M->N,1788165656.802107,24.775372331030667,54.204,-4.9091501237904245,-3.049975709729231,-0.9733693552065839
1,M->N,1788165656.816846,24.790110845002346,54.272,-4.898426782220846,-3.0657046600661872,-0.9708570725049287
1,M->N,1788165656.8291934,24.802458323014434,54.34,-4.887660046747,-3.081400691406079,-0.9674161146220677
1,M->N,1788165657.3285906,25.301856118021533,54.646,-4.838254338757688,-3.151323565438663,-0.9390405060760231
1,M->N,1788165657.6903129,25.663578403997235,54.884,-4.805521399769821,-3.1957711175993553,-0.9248282735673756
1,M->N,1788165657.7032433,25.676508056989405,54.952,-4.796098257496638,-3.208153980653085,-0.9131880675329213
1,M->N,1788165659.8123996,27.785665707022417,56.142,-4.678497626686012,-3.3354655724222413,-0.6904478281702356
1,M->N,1788165660.5223076,28.495572977990378,57.094,-4.646056972505703,-3.3619145309454006,-0.670740082910581
1,M->N,1788165660.6692545,28.64252044801833,57.196,-4.6276606616165905,-3.3760959730628604,-0.6345148937682868
1,M->N,1788165661.231783,29.20504825102398,57.502,-4.572547233805243,-3.411892511098604,-0.5156277870013858
1,M->N,1788165661.2441077,29.217372935032472,57.57,-4.560087173597881,-3.4188072199713577,-0.4915207344721121
1,M->N,1788165661.8043933,29.777658340986818,57.876,-4.503056330257951,-3.445750323191483,-0.3846213220822693
1,M->N,1788165661.8168738,29.790138827986084,57.944,-4.490218582388338,-3.4508198916236426,-0.3610842897265395
1,M->N,1788165661.8282855,29.801550228032283,58.012,-4.477277256830036,-3.4555811336216022,-0.33759310721831737
1,M->N,1788165661.8382714,29.811536420020275,58.08,-4.464298327384246,-3.4600146100893165,-0.3141293607846646
1,M->N,1788165661.9814053,29.954670268984046,58.182,-4.444711719959664,-3.466071472805593,-0.27894815144117163
1,M->N,1788165662.1261265,30.099391799012665,58.284,-4.424956770287308,-3.471425127276482,-0.2437305649263898
1,M->N,1788165662.410513,30.383779898984358,58.454,-4.391667921082994,-3.478787314083603,-0.1847914862483427
1,M->N,1788165662.4952073,30.46847263298696,58.556,-4.371472443808187,-3.482261377770202,-0.14920297956856016
1,M->N,1788165662.650197,30.623462399002165,58.692,-4.344259591202336,-3.4857827792610143,-0.10138273530825662
1,M->N,1788165663.0773382,31.050603749987204,58.93,-4.295857275184962,-3.4887996584394365,-0.016374413092472083
1,M->N,1788165663.0909004,31.06416554399766,58.998,-4.28186247191284,-3.4889020901327976,0.008290657622977234
1,M->N,1788165663.3044856,31.27775104099419,59.134,-4.253445229797582,-3.4880475910044706,0.05820156886573602
1,M->N,1788165663.4574285,31.43069403700065,59.27,-4.224703167278276,-3.4857310931380767,0.1089476141689452
1,M->N,1788165663.5356605,31.50892605999252,59.338,-4.210106833800903,-3.4839897359194194,0.13464514243904802
1,M->N,1788165663.8272824,31.80054835800547,59.542,-4.165794495627223,-3.4763406791926066,0.21302392996394345
1,M->N,1788165663.9813774,31.954642631986644,59.678,-4.135547053115292,-3.4690380184650036,0.2662713279684832
1,M->N,1788165664.1287317,32.101997076009866,59.78,-4.112452634584781,-3.462302027832642,0.3066542286530986
1,M->N,1788165664.2740793,32.24734445102513,59.882,-4.088795056064399,-3.454347074924878,0.34734099130483187
1,M->N,1788165664.6261766,32.59944177902071,60.086,-4.041149060088945,-3.4349652397352433,0.42752961052203553
1,M->N,1788165664.6392999,32.61256466101622,60.154,-4.024477185586456,-3.4271563717646276,0.4528993439821892
1,M->N,1788165664.998315,32.97158039401984,60.392,-3.966181429206116,-3.395544905512866,0.5449714015365615
1,M->N,1788165665.0125082,32.98577337799361,60.46,-3.950055304360443,-3.38553922445742,0.5696694706861538
1,M->N,1788165665.5765336,33.549799034022726,60.8,-3.8730133298257434,-3.330111200706812,0.6765280070059613
1,M->N,1788165665.5910077,33.56427273398731,60.868,-3.8582880994705877,-3.318103005946697,0.6944551847232683
1,M->N,1788165665.6687024,33.64196871401509,60.936,-3.8437719330184725,-3.3058391273697545,0.7112386152257122
1,M->N,1788165665.8203382,33.793603329977486,61.072,-3.8153337023949994,-3.2806143861056594,0.7417611746258637
1,M->N,1788165666.1060293,34.079294670023955,61.242,-3.780797084175862,-3.24795946205155,0.7744271151957974
1,M->N,1788165666.2575734,34.23083882202627,61.378,-3.753887546734926,-3.2210819751460367,0.7964824230634017
1,M->N,1788165666.6093757,34.58264176198281,61.582,-3.714536257226601,-3.179764228667621,0.8236388529675505
1,M->N,1788165666.6221952,34.595460009993985,61.65,-3.703909937335068,-3.1681968951173083,0.8342988409908211
1,M->N,1788165666.98417,34.95743638003478,61.888,-3.676785966545683,-3.138346610450602,0.7999119135936713
1,M->N,1788165666.9975111,34.97077662701486,61.956,-3.6694538225898765,-3.130969793240167,0.7718328933917129
1,M->N,1788165667.2836964,35.25696179398801,62.16,-3.645642265536258,-3.109495255917279,0.6925642182166319
1,M->N,1788165667.6402056,35.61347094603116,62.398,-3.6138981255543574,-3.0853460943112156,0.6059255810027538
1,M->N,1788165667.6518533,35.62511846702546,62.466,-3.6041064005092216,-3.078705998355231,0.5821389527093259
1,M->N,1788165667.6616597,35.634924612997565,62.534,-3.593748789533399,-3.0720401637121344,0.5573619779557106
1,M->N,1788165667.8085616,35.78182721498888,62.67,-3.5665636834636674,-3.0561293783216676,0.4995579217783261
1,M->N,1788165667.955946,35.929211772978306,62.772,-3.569667656217714,-3.0719162055173994,0.46860999824106825
1,M->N,1788165668.375318,36.34858320700005,63.01,-3.575601352661292,-3.1072730343237747,0.42158744664620107
1,M->N,1788165668.6061704,36.579435559979174,63.214,-3.5927318405876822,-3.138579754899915,0.3030424313467697
1,M->N,1788165668.6178045,36.591069362009875,63.282,-3.5970768929371038,-3.1508685038317505,0.27352082788688215
1,M->N,1788165668.904281,36.877546616015024,63.452,-3.603472528021444,-3.180876841075062,0.21818522597309847
1,M->N,1788165669.0598972,37.0331623450038,63.588,-3.6071847085693043,-3.206756358430435,0.18584028066401367
1,M->N,1788165669.07416,37.047425393015146,63.656,-3.6070272918136097,-3.2205826123742303,0.18673445486668275
1,M->N,1788165669.572603,37.54586794000352,63.962,-3.6059163178339615,-3.275024194756998,0.19906164450088343
1,M->N,1788165669.5862834,37.55954860901693,64.03,-3.6058416699847577,-3.286825444909359,0.20261088909547725
1,M->N,1788165669.5985534,37.57181812799536,64.098,-3.6058807112740814,-3.298699104598398,0.20533263981646063
1,M->N,1788165669.8838341,37.85709959000815,64.268,-3.6057466914147143,-3.328596528485725,0.20714426768423203
1,M->N,1788165670.02865,38.0019151539891,64.37,-3.6063229863749084,-3.347104132010869,0.20134856415525415
1,M->N,1788165670.2608106,38.234075453015976,64.54,-3.605761987432911,-3.335871690677962,0.19966275928640764
1,M->N,1788165670.4128304,38.38609588902909,64.676,-3.5917730899892555,-3.3220287947160188,0.27132061330931967
1,M->N,1788165670.6294234,38.60268907499267,64.812,-3.5593058646561344,-3.3049542996163956,0.3527266608867027
1,M->N,1788165670.927379,38.90064423298463,65.05,-3.537346486974847,-3.293618637568331,0.4289229116603727
1,M->N,1788165671.790078,39.763343547005206,65.628,-3.0998333250847554,-3.0687642741509125,0.4061345040390715
1,M->N,1788165671.7967868,39.77005160902627,65.662,-3.0880726831252048,-3.0636644658699552,0.3601319705828813
1,M->N,1788165671.8034024,39.776667646015994,65.696,-3.076721884913059,-3.0591846541693477,0.31453550497365934
1,M->N,1788165671.8146193,39.787884511984885,65.764,-3.062279847301934,-3.0503277118363505,0.22296420679533216
1,M->N,1788165671.8248758,39.798140525992494,65.832,-3.0507832172401432,-3.0419145282994577,0.12870908448423016
1,M->N,1788165671.8343496,39.80761412600987,65.9,-3.0386387857248423,-3.0344768990043987,0.031691549912976166
1,M->N,1788165671.9078722,39.88113982899813,65.968,-3.0284258870562835,-3.027853085808104,-0.06763324697098202
1,M->N,1788165672.398741,40.37200637598289,66.24,-3.0675439557792683,-2.9930205481340737,-0.4327880994034541
1,M->N,1788165672.4824328,40.45569873001659,66.342,-3.0794548239329735,-2.9770460225238167,-0.5596818493590245
1,M->N,1788165672.6353796,40.60864520998439,66.478,-3.0647086498067995,-2.9760054677416896,-0.7210120992677748
1,M->N,1788165672.991855,40.96511997602647,66.682,-3.037500509953683,-3.005773430645542,-0.9545114473427231
1,M->N,1788165673.0051506,40.97841573000187,66.75,-3.031549695021217,-3.0144943082909923,-1.0314493373375762
1,M->N,1788165673.295571,41.26883681397885,66.954,-3.0237820582715216,-3.0277338287047755,-1.179251654268939
1,M->N,1788165673.8903096,41.863574803981464,67.43,-3.027203169162464,-3.01821408418656,-1.0722657146451444
1,M->N,1788165677.4136791,45.38694416498765,70.048,-3.0174052491771306,-3.0286776059960143,-0.6391998361897328
1,M->N,1788165677.4223402,45.395604650024325,70.15,-3.0070193229244153,-3.0363060950352185,-0.6118535620476448
1,M->N,1788165677.564902,45.53816713800188,70.286,-2.9934944274936797,-3.0454443726621054,-0.5553929504292631
1,M->N,1788165678.1257267,46.09899236599449,70.592,-2.9748388634500946,-3.05645755234759,-0.47439251998113596
1,M->N,1788165679.5390012,47.51226628298173,71.68,-2.9639816944332185,-3.0620841170754454,-0.47900360165904604
1,M->N,1788165679.566427,47.53969140001573,71.782,-2.9519860352433613,-3.0681526364938736,-0.4502292126141303
1,M->N,1788165680.350285,48.32355064898729,72.19,-2.8986778582781865,-3.089391492875609,-0.30168032297177616
1,M->N,1788165680.3706708,48.34393616497982,72.292,-2.884542712868673,-3.0935974396639048,-0.26470428918452843
1,M->N,1788165680.3862698,48.35953422199236,72.394,-2.8701095608480487,-3.09732341910676,-0.22777888072449393
1,M->N,1788165680.4616902,48.4349552129861,72.462,-2.860315994810015,-3.0995348077289595,-0.20318054322532644
1,M->N,1788165680.7548573,48.728122127999086,72.666,-2.8301386068267003,-3.1048015922619903,-0.12940165580062532
1,M->N,1788165681.3234248,49.296690577990375,73.006,-2.777197259879704,-3.1086789994077813,-0.005932646886725756
1,M->N,1788165681.3378396,49.31110514199827,73.074,-2.766265918940676,-3.1086598164959307,0.018938080018843045
1,M->N,1788165681.3505173,49.32378263602732,73.142,-2.755206857128665,-3.1083603693208044,0.04389478948547792
1,M->N,1788165681.7198715,49.69313702703221,73.38,-2.7153914015671514,-3.1049692046870168,0.13210437537572328
1,M->N,1788165681.8644729,49.83773797401227,73.482,-2.697774533465989,-3.1023219754957054,0.17039265404919982
1,M->N,1788165682.0085795,49.98184456600575,73.584,-2.679753214489627,-3.098901241177635,0.2088968902361743
1,M->N,1788165682.0849032,50.05816857598256,73.652,-2.6675257108920034,-3.0961738495711124,0.2346989604235413
1,M->N,1788165682.3764572,50.349722307990305,73.856,-2.629578058483932,-3.0856340007102587,0.3127316994530753
1,M->N,1788165682.6710722,50.64433789800387,74.06,-2.59341457594676,-3.072466678724166,0.40010120023628065
1,M->N,1788165683.3780382,51.351303294999525,74.468,-2.507924740762821,-3.0280610774790215,0.5543554445772066
1,M->N,1788165683.390605,51.36386974499328,74.536,-2.4925382760506456,-3.018338404984242,0.577678144970227
1,M->N,1788165683.4027684,51.37603323900839,74.604,-2.4769627719925373,-3.007956554138698,0.6025938809439887
1,M->N,1788165683.412789,51.38605373399332,74.672,-2.4614852011638426,-2.997067452873933,0.6275817965399173
1,M->N,1788165683.4866254,51.459890387021005,74.74,-2.4465280154078033,-2.9860047560158187,0.6468458782791521
1,M->N,1788165683.6383128,51.611578137031756,74.876,-2.416382722794207,-2.9628402401122877,0.6632725296863843
1,M->N,1788165683.784432,51.7576979129808,74.978,-2.3939618109193557,-2.9451329399603847,0.6746048771926899
1,M->N,1788165683.930073,51.90333838301012,75.08,-2.3717125270037998,-2.9271607891536675,0.6854407132230279
1,M->N,1788165684.081507,52.05477238103049,75.182,-2.349664968624233,-2.9089686803050965,0.6955954019035439
1,M->N,1788165684.228864,52.20212884503417,75.284,-2.3278114084376957,-2.890574370413027,0.7050227038636012
1,M->N,1788165684.379227,52.35249213199131,75.386,-2.306139984443205,-2.871992890080091,0.7137812516816135
1,M->N,1788165684.4589825,52.432247560995165,75.454,-2.291787814768022,-2.8595088168282907,0.7192057260507485
1,M->N,1788165685.0981715,53.07143667398486,75.828,-2.2140193847201335,-2.7896163294879903,0.7420167664905581
1,M->N,1788165685.111785,53.085049732995685,75.896,-2.199985633582396,-2.7767246304825233,0.7443091647609467
1,M->N,1788165685.1233263,53.096591003995854,75.964,-2.18598312672076,-2.7638002365664405,0.7469558128328175
1,M->N,1788165685.2720068,53.24527192802634,76.1,-2.158131430110778,-2.737834776264611,0.755569529575647
1,M->N,1788165685.5561402,53.529405377979856,76.27,-2.1237905584264523,-2.704966771677102,0.7738284753211615
1,M->N,1788165685.7015226,53.674787531024776,76.372,-2.103513255002174,-2.684906396228965,0.7880061336267005
1,M->N,1788165685.777124,53.75038919597864,76.44,-2.090151777847393,-2.671361685597988,0.7987655020480819
1,M->N,1788165685.9308236,53.904089285992086,76.576,-2.063904420051969,-2.6438238196500885,0.8226184983638611
1,M->N,1788165686.0096385,53.982903913012706,76.644,-2.051045274288335,-2.6298245317215767,0.8354479786758862
1,M->N,1788165686.164763,54.13802818901604,76.78,-2.0258987793703978,-2.601322849370514,0.8628538317903566
1,M->N,1788165686.3093662,54.28263117198367,76.882,-2.007560754354043,-2.579487876027192,0.8846289664537917
1,M->N,1788165686.5937502,54.56701522500953,77.052,-1.97810151929986,-2.5421993133278162,0.9228030793211169
1,M->N,1788165686.7498908,54.723155946005136,77.188,-1.9555879798877311,-2.5115738349078187,0.9541578095297716
1,M->N,1788165686.8961306,54.86939596000593,77.29,-1.9393456726405738,-2.488148606228628,0.9780012067674255
1,M->N,1788165687.1098928,55.083157779998146,77.426,-1.9185668922931358,-2.456326825483895,1.0099995041874368
1,M->N,1788165687.124063,55.097327821014915,77.494,-1.908562811897474,-2.440170111200838,1.025987389611198
1,M->N,1788165687.2714963,55.244761374022346,77.596,-1.8940434168314177,-2.4156423262890114,1.0499524654504362
1,M->N,1788165687.347163,55.32042789302068,77.664,-1.8846903985573642,-2.399102024069675,1.0658743471931182
1,M->N,1788165687.4982252,55.47149052802706,77.8,-1.8667804929668463,-2.3655852301645863,1.0975178634712244
1,M->N,1788165687.7128081,55.68607357802102,77.936,-1.8499302299602132,-2.331524789437014,1.1287969631916057
1,M->N,1788165687.8646195,55.837884924025275,78.072,-1.8341488640654386,-2.2969563166433247,1.1596107623395044
1,M->N,1788165689.186936,57.16020106599899,78.752,-1.7500902500128264,-2.126071729351691,1.0147626651872128
1,M->N,1788165689.2015207,57.17478565702913,78.82,-1.7399249943405408,-2.1099303707782657,0.9995712857330518
1,M->N,1788165689.2132447,57.18650961498497,78.888,-1.7295335043050137,-2.093968246511868,0.9859465435376935
1,M->N,1788165689.225094,57.19835876801517,78.956,-1.7189429385654558,-2.0781161413594824,0.9753829524527465
1,M->N,1788165689.2349226,57.20818711898755,79.024,-1.708202439409383,-2.062402772850542,0.9659611664078083
1,M->N,1788165689.2426648,57.21592905698344,79.092,-1.697328383907689,-2.0467549118570254,0.9594212430043677
1,M->N,1788165689.2499454,57.22320972097805,79.16,-1.6863302708589079,-2.0311840202874323,0.9498210183414241
1,M->N,1788165689.3262131,57.29947959398851,79.262,-1.6695076268675706,-2.008049743323153,0.9318135143631918
1,M->N,1788165690.1695528,58.142818269028794,79.738,-1.587010204607214,-1.903343277408388,0.8873907685933246
1,M->N,1788165690.3908002,58.36406592099229,79.908,-1.5569953874973301,-1.8664023285418974,0.8901500297936572
1,M->N,1788165690.4043603,58.377625118009746,79.976,-1.545043226795145,-1.8516297364119432,0.8913419908968064
1,M->N,1788165690.824121,58.79738599201664,80.214,-1.502955178835816,-1.7999086513755214,0.8763529496026046
1,M->N,1788165690.8368514,58.810116721026134,80.282,-1.4907103765901708,-1.7853047106880637,0.8681791508934693
1,M->N,1788165691.205409,59.178674245020375,80.486,-1.453277388576197,-1.742093499685136,0.8447197815850045
1,M->N,1788165691.219383,59.19264758902136,80.554,-1.440583127392876,-1.727880066708878,0.8376556252264642
1,M->N,1788165691.3685658,59.341831188008655,80.69,-1.414907763800353,-1.699712380433604,0.8247491545509461
1,M->N,1788165692.003159,59.97642443398945,81.03,-1.3493410615374608,-1.630597549087111,0.7992554196326722
1,M->N,1788165692.0165365,59.98980151000433,81.098,-1.3360365180670521,-1.6169656934548355,0.7951377288237793
1,M->N,1788165692.0277746,60.00103946903255,81.166,-1.3226776618114635,-1.6033875199261958,0.7913166408170703
1,M->N,1788165692.1100059,60.08327059401199,81.268,-1.3025458685556612,-1.5831122217408127,0.7861184860850847
1,M->N,1788165692.6681962,60.64146126300329,81.574,-1.2416023556721363,-1.5228288488224448,0.7741367904909205
1,M->N,1788165693.2283857,61.20165074302349,81.88,-1.1909477652020382,-1.4737368405248854,0.7662808113429451
1,M->N,1788165693.2425036,61.21576897398336,81.948,-1.1806655562245754,-1.4638331524212334,0.7673449139611358
1,M->N,1788165693.2535632,61.22682787501253,82.016,-1.1703981746242158,-1.4539153000394565,0.7692377568928617
1,M->N,1788165693.263846,61.23711046099197,82.084,-1.1601532706081015,-1.443974929114124,0.771968990861303
1,M->N,1788165693.2726324,61.245896800013725,82.152,-1.149938523399727,-1.4340043293719236,0.7753784189402436
1,M->N,1788165693.628466,61.60173107200535,82.39,-1.1145362506778078,-1.3987656645888944,0.7930344386895078
1,M->N,1788165693.7737205,61.74698579800315,82.492,-1.0995823613716473,-1.383451489862269,0.802959412688756
1,M->N,1788165693.919948,61.89321349200327,82.594,-1.0847913873658375,-1.367984374381501,0.8139905038019131
1,M->N,1788165694.0654073,62.03867233399069,82.696,-1.0701816288479704,-1.3523528466853318,0.8259393798209141
1,M->N,1788165694.1406634,62.11392820102628,82.764,-1.0605502716973811,-1.341835278693375,0.8343890982981205
1,M->N,1788165694.2954695,62.26873567700386,82.9,-1.0415680742547246,-1.3205529135411256,0.852440003222804
1,M->N,1788165694.5176332,62.49089828901924,83.036,-1.0229871317735664,-1.2989209907170747,0.8718018849144182
1,M->N,1788165694.7418945,62.7151598429773,83.206,-1.0003695981712841,-1.2713706954915958,0.8971554955301002
1,M->N,1788165694.7552826,62.72854782099603,83.274,-0.9915219654672417,-1.2601900854646573,0.907605647776779
1,M->N,1788165694.901994,62.8752589590149,83.376,-0.9784705884910742,-1.2432463642906255,0.9234038095115392
1,M->N,1788165695.0464091,63.01967449299991,83.478,-0.9656889680079084,-1.226097163475769,0.9393970846835831
1,M->N,1788165695.329831,63.30309599702014,83.648,-0.945008500535425,-1.1970672280633465,0.966464100113903
1,M->N,1788165695.482304,63.455568913021125,83.784,-0.9290397714941279,-1.173450968855156,0.9883632970960942
1,M->N,1788165695.6290135,63.60227858403232,83.886,-0.9174062706587381,-1.1555125149045735,1.0049039030116822
1,M->N,1788165695.7077913,63.68105724098859,83.954,-0.9098156079319365,-1.1434472581518533,1.0159446634446083
1,M->N,1788165696.620377,64.59364220302086,84.464,-0.8572150065609289,-1.0504140988873474,1.0988893465875091
1,M->N,1788165696.6343527,64.60761763900518,84.532,-0.8507893332331378,-1.0376918707723544,1.1098820116158485
1,M->N,1788165696.6470747,64.62033961497946,84.6,-0.8445036494099646,-1.0249001351529043,1.120844928948877
1,M->N,1788165696.6566155,64.6298802709789,84.668,-0.8383585061160765,-1.0120403571846508,1.131769288111345
1,M->N,1788165696.732414,64.70567901298637,84.736,-0.8323537912920081,-0.9991141342534225,1.142662335475111
1,M->N,1788165696.884106,64.85737089801114,84.872,-0.8207670097706715,-0.973069959807423,1.1643775310003937
1,M->N,1788165697.3043697,65.27763461897848,85.11,-0.8018569422853704,-0.9269163653590036,1.2020941194879466
1,M->N,1788165697.318595,65.29185988300014,85.178,-0.7967738118005666,-0.9136022793655733,1.2127751761394252
1,M->N,1788165697.8112495,65.78451492602471,85.45,-0.7794307123371417,-0.8650117559215493,1.2486359480315916
1,M->N,1788165697.824972,65.79823691502679,85.518,-0.7749809324824457,-0.8514803679973731,1.260384659013978
1,M->N,1788165697.8375607,65.8108257940039,85.586,-0.7706835316580739,-0.8378957917568144,1.2712303673196914
1,M->N,1788165697.9811203,65.95438510098029,85.688,-0.764508586033811,-0.8174318410328263,1.286889523766918
1,M->N,1788165698.12598,66.09924514801241,85.79,-0.7586510984247642,-0.7968725525027549,1.3022311888711091
1,M->N,1788165698.2751372,66.24840226903325,85.892,-0.7531070123096237,-0.7762266858724614,1.3173066169774157
1,M->N,1788165698.3514395,66.32470455899602,85.96,-0.7495840515365997,-0.762418177654923,1.327287789460662
1,M->N,1788165698.5027268,66.47599240997806,86.096,-0.743200239220008,-0.7357764474106495,1.3482569022883406
1,M->N,1788165698.6479423,66.62120747001609,86.198,-0.7394986635932821,-0.7187564707386056,1.3672559406384637
1,M->N,1788165698.7930055,66.76627077098237,86.3,-0.7360678208638908,-0.7016800554433509,1.3796053221520588
1,M->N,1788165699.0761642,67.0494294409873,86.47,-0.7307673809132637,-0.673078828989979,1.3972586019414355
1,M->N,1788165699.1522353,67.1255003749975,86.538,-0.7287811806403045,-0.6615821674314298,1.4041121487562844
1,M->N,1788165699.2373497,67.21061483898666,86.64,-0.7259494863072058,-0.64431218995885,1.4142973696449221
1,M->N,1788165699.5957708,67.56903578399215,86.878,-0.7200178963634203,-0.6039078250686947,1.4375761316287994
1,M->N,1788165699.949148,67.92241381801432,87.082,-0.7156763808834655,-0.569170238380734,1.4570686747767194
1,M->N,1788165699.9631488,67.9364136410295,87.15,-0.7143787016842617,-0.557572920829055,1.4634278308608024
1,M->N,1788165700.1138492,68.08711430901894,87.286,-0.711569487794919,-0.5294296547795034,1.4835325248806475
1,M->N,1788165700.335445,68.30871165997814,87.422,-0.7091232659397945,-0.4984180431196663,1.5023966446183374
1,M->N,1788165700.3494577,68.32272275100695,87.49,-0.7081081414481961,-0.48289319181568535,1.5106358812057636
1,M->N,1788165700.5020156,68.47528061899357,87.592,-0.7068181013265453,-0.4595907716992422,1.5223867105947384
1,M->N,1788165700.6494012,68.62266647000797,87.694,-0.7057961858871897,-0.4362729781032583,1.5335404534563717
1,M->N,1788165700.9366078,68.90987767500337,87.864,-0.7046606330008608,-0.39738438370069673,1.5513661378699766
1,M->N,1788165701.300574,69.27383913297672,88.102,-0.7041839127034991,-0.3429106534870592,1.5739917996863464
1,M->N,1788165701.313816,69.2870810200111,88.17,-0.7042678563000078,-0.3273442942050595,1.5799094695018039
1,M->N,1788165702.2230847,70.19635042198934,88.646,-0.7072171555515382,-0.21840906154531195,1.6154220416927207
1,M->N,1788165702.2370605,70.21032544400077,88.714,-0.7079366001710093,-0.20285348867109138,1.6196229242121658
1,M->N,1788165702.2490163,70.22228101099608,88.782,-0.7087199655035329,-0.1873000038950796,1.623667314063334
1,M->N,1788165702.259934,70.23319855699083,88.85,-0.7095650984597834,-0.17174882395542743,1.6274891625206245
1,M->N,1788165702.269528,70.24279232602566,88.918,-0.710468353339461,-0.15620007998824872,1.6310447515933073
1,M->N,1788165702.2777812,70.25104564602952,88.986,-0.7114259203306635,-0.1406541766817192,1.6344273534975151
1,M->N,1788165702.9739769,70.94724181399215,89.36,-0.7175214289166002,-0.055197166895555816,1.6492993646519483
1,M->N,1788165703.056213,71.02947868203046,89.462,-0.7193840811281189,-0.031903192149481334,1.6523541658570746
1,M->N,1788165703.2090983,71.18236355303088,89.598,-0.7219706498954698,-0.0008498527928760954,1.6557670692296331
1,M->N,1788165703.4950695,71.4683347499813,89.768,-0.725362706709485,0.03794758790576514,1.6626782692780142
1,M->N,1788165703.57066,71.54392529599136,89.836,-0.7268200711644971,0.053449241267610456,1.6677456957099905
1,M->N,1788165703.8586304,71.8318952510017,90.04,-0.731672992747637,0.09990341572237946,1.6831924368427877
1,M->N,1788165703.939965,71.91323013801593,90.142,-0.7343635752944592,0.12310341597134483,1.6904649453000404
1,M->N,1788165704.092353,72.0656184059917,90.278,-0.7382108417340009,0.1540036051799974,1.7006141284637306
1,M->N,1788165704.6629183,72.63618367502932,90.584,-0.7481815745947428,0.22333655854058707,1.7275101598775726
1,M->N,1788165704.6782,72.65146480803378,90.652,-0.7506415970379501,0.23871138605050907,1.7325624278283551
1,M->N,1788165704.6900628,72.6633286330034,90.72,-0.7531773560272841,0.25407481149093325,1.7373242669025526
1,M->N,1788165704.7001615,72.673426192021,90.788,-0.7562795142823152,0.272153330221941,1.7472772649031214
1,M->N,1788165705.3252087,73.29847372800577,91.128,-0.7739109968035673,0.3656768781348273,1.763614407369925
1,M->N,1788165705.3367445,73.31000893900637,91.196,-0.7775698797775626,0.38435733858300214,1.7651332451009383
1,M->N,1788165705.5533624,73.52662730700104,91.332,-0.7849538371598972,0.42171029056128145,1.7672407202582705
1,M->N,1788165705.5662444,73.53950890601845,91.4,-0.788690346332438,0.4403714610730815,1.770624446141721
1,M->N,1788165706.054315,74.027580554015,91.672,-0.8043441948288864,0.514861221592823,1.7852821056567645
1,M->N,1788165706.0675309,74.04079564003041,91.74,-0.8084129792252539,0.5334547464954499,1.7876777966053987
1,M->N,1788165706.704588,74.67785300198011,92.114,-0.8312740565138126,0.6356414675643531,1.79201198325588
1,M->N,1788165706.7180514,74.69131623802241,92.182,-0.8354470614141705,0.6542228224984844,1.791236414678319
1,M->N,1788165706.7293675,74.70263264200184,92.25,-0.839603487944548,0.6728087156368417,1.7901183415748343
1,M->N,1788165707.0167816,74.99004723702092,92.454,-0.8520052745788741,0.7285679891623698,1.791046318736043
1,M->N,1788165707.310813,75.28407819900895,92.658,-0.864587583337291,0.7842766173424579,1.794770713226282
1,M->N,1788165707.3940372,75.36730280402116,92.76,-0.870941800431917,0.8121197961162312,1.7956124698051874
1,M->N,1788165707.554535,75.52780013700249,92.896,-0.8794314446286203,0.8492454163053789,1.7953454662120774
1,M->N,1788165707.7084603,75.6817254369962,92.998,-0.8857781994978364,0.8770975220520325,1.7940705288638368
1,M->N,1788165707.7843976,75.75766255898634,93.066,-0.8899858174592354,0.895672450694213,1.7927509536828603
1,M->N,1788165708.0723393,76.04560434701853,93.27,-0.9024175023831207,0.9514482624379245,1.7864660850865206
1,M->N,1788165708.218386,76.1916514140321,93.372,-0.9084836667623826,0.9793720961807983,1.782252946475404
1,M->N,1788165708.2946823,76.26794759102631,93.44,-0.9124594281188965,0.998003855365422,1.7790901779786001
1,M->N,1788165708.445944,76.41920948500047,93.576,-0.920225413158194,1.0353098810308816,1.7720789924123066
1,M->N,1788165708.7312424,76.7045072580222,93.746,-0.9295373462067358,1.0820281259874442,1.7618969287483668
1,M->N,1788165709.095996,77.0692610309925,93.984,-0.9417200717126853,1.1476033326218222,1.7457586462071368
1,M->N,1788165709.1110382,77.08430325699737,94.052,-0.9450018170870657,1.1663761313915513,1.7408545927157693
1,M->N,1788165709.2672284,77.24049441702664,94.188,-0.9512848088636247,1.2039696993372324,1.7307278118858187
1,M->N,1788165710.041266,78.01453090598807,94.596,-0.9681080036600341,1.3170365338122707,1.7120372635765522
1,M->N,1788165710.0542374,78.0275027549942,94.664,-0.9707829062547624,1.3358919111663916,1.7112343249375894
1,M->N,1788165710.0658927,78.03915726498235,94.732,-0.9734416811525847,1.354750197110721,1.7102149541778962
1,M->N,1788165710.075645,78.04890958103351,94.8,-0.9760793191586621,1.373611881367278,1.7089746749867427
1,M->N,1788165710.086067,78.05933162203291,94.868,-0.9786921533090046,1.3924771779094465,1.7075606238500114
1,M->N,1788165710.4345777,78.40784298098879,95.072,-0.9863488057419288,1.4491040078897859,1.702143110189993
1,M->N,1788165711.2751415,79.2484072180232,95.514,-1.0016297043578055,1.5719822607763827,1.6853965362236343
1,M->N,1788165711.288888,79.26215316500748,95.582,-1.0037862583404864,1.5909106710815508,1.6823967776823305
1,M->N,1788165711.3001719,79.27343647001544,95.65,-1.0058857435007806,1.6098456618678005,1.679306717914265
1,M->N,1788165711.313704,79.28696884802775,95.718,-1.0079262958065875,1.6287878591961105,1.6761389100187498
1,M->N,1788165711.3249037,79.29816801397828,95.786,-1.0099063833511193,1.6477374624429224,1.6729058653999274
1,M->N,1788165711.675949,79.64921459398465,95.99,-1.0154721389681436,1.7046253901820432,1.6629104594204127
1,M->N,1788165711.901533,79.87479784002062,96.126,-1.0188637980275015,1.7425800201559074,1.6560829345465797
1,M->N,1788165711.920807,79.89407177001704,96.194,-1.0204618880176177,1.7615659669713535,1.6526284347454447
1,M->N,1788165712.0660608,80.03932559199166,96.296,-1.022735700182707,1.7900543456537847,1.6474678857555867
1,M->N,1788165712.2110686,80.18433372600703,96.398,-1.0248630194485238,1.8185537151567257,1.642316254803242
1,M->N,1788165712.3552263,80.32849215099122,96.5,-1.0268440987540666,1.8470644747020526,1.6371994188827481
1,M->N,1788165712.775647,80.7489122269908,96.738,-1.0309044777634189,1.9136270793103785,1.6254957618370247
1,M->N,1788165712.8582594,80.83152447402244,96.84,-1.0324086027360493,1.9421665282052205,1.6206434294837986
1,M->N,1788165713.491026,81.46429110597819,97.214,-1.0367729507238719,2.046857311239081,1.6038343248226186
1,M->N,1788165713.5037947,81.47705945500638,97.282,-1.0373815517471865,2.0658992335846884,1.6009694792094462
1,M->N,1788165713.5146158,81.48788061598316,97.35,-1.0379359938947312,2.0849427601585706,1.5981749938513432
1,M->N,1788165713.6627457,81.63601139798993,97.486,-1.0388883180786284,2.1230331070058255,1.5928334482322781
1,M->N,1788165714.2269783,82.20024339301744,97.792,-1.0403247800933593,2.2087428913319616,1.5819531286367847
1,M->N,1788165714.2400868,82.21335146500496,97.86,-1.0405214280832562,2.227790092676559,1.5797645601844992
1,M->N,1788165714.3202937,82.29355876299087,97.962,-1.0407402054882213,2.2563619322114112,1.576636842440235
1,M->N,1788165714.612389,82.58565432298928,98.166,-1.0409219729970622,2.313506681184667,1.5709799629755012
1,M->N,1788165714.9753516,82.94861710601253,98.404,-1.04075409691926,2.3801710560281446,1.5653423035936205
1,M->N,1788165714.9906743,82.96393936598906,98.472,-1.040639709526341,2.3992161696599315,1.5639077043709793
1,M->N,1788165715.2747688,83.24803385097766,98.642,-1.0402403301705105,2.4468276312286696,1.5607045354829157
1,M->N,1788165715.565305,83.53857065900229,98.846,-1.0395765650635826,2.5039597824767617,1.5574911030965686
1,M->N,1788165715.9298797,83.90314445499098,99.084,-1.0385936092604955,2.570608938986199,1.5545471102782409
1,M->N,1788165715.9438512,83.91711613402003,99.152,-1.0382791116634618,2.5896495821924472,1.5538646093763488
1,M->N,1788165716.0958633,84.06912898999872,99.288,-1.0376140935448643,2.6277289334417677,1.5527352766907503
1,M->N,1788165716.3101504,84.28341602900764,99.424,-1.036911195156652,2.665807579250951,1.5518654979454796
1,M->N,1788165716.3232014,84.2964668609784,99.492,-1.036547957843598,2.684846922959777,1.5515062632281442
1,M->N,1788165716.4669573,84.44022257102188,99.594,-1.0359913684612827,2.7134057689917817,1.5510905750870447
1,M->N,1788165716.9542198,84.92748521402245,99.866,-1.0344630840410087,2.789559160763299,1.5504836322010271
1,M->N,1788165716.9673784,84.94064341502963,99.934,-1.0340759165466378,2.808595965870635,1.5504611803659387
1,M->N,1788165717.3246465,85.29791220399784,100.172,-1.0327254191363802,2.875224805520986,1.5506905532599404
1,M->N,1788165717.6105826,85.58384784898954,100.342,-1.0317763477916624,2.922818300502084,1.5511163844258897
1,M->N,1788165717.6239247,85.59718959301244,100.41,-1.0314028971409057,2.941855941533439,1.5513383264055756
1,M->N,1788165717.6383533,85.61161857098341,100.478,-1.031033926326054,2.9608934277799444,1.5515852402540848
1,M->N,1788165718.4749851,86.44825036101975,100.92,-1.028776037882294,3.0846319626532788,1.5537555313547677
1,M->N,1788165718.4880793,86.46134452201659,100.988,-1.0284543177606102,3.1036694921624712,1.554148051998396
1,M->N,1788165718.4987633,86.4720278410241,101.056,-1.0281399727103118,3.1227074096150256,1.554542942787432
1,M->N,1788165718.5774097,86.55067542399047,101.158,-1.027682405527164,3.151264794752452,1.5551306621063832
1,M->N,1788165718.7291474,86.70241241698386,101.294,-1.0270981996000648,3.1893411399378553,1.5558864971550688
1,M->N,1788165718.873874,86.84713879303308,101.396,-1.0266783408001017,3.2178975587836556,1.5563781467517535
1,M->N,1788165719.0897913,87.06305671099108,101.532,-1.0261376665487447,3.2559734456919784,1.5568785009170867
1,M->N,1788165719.1026762,87.07594109303318,101.6,-1.0258738434736447,3.2750120374080387,1.5570648150594342
1,M->N,1788165719.52237,87.4956352210138,101.838,-1.024953047028004,3.3416531208729103,1.5565629841351816
1,M->N,1788165719.6038988,87.57716415403411,101.94,-1.0245354651536824,3.3702166768529094,1.5554949249088954
1,M->N,1788165719.9597206,87.93298583501019,102.178,-1.0233710954946966,3.436868767752464,1.5500487824783347
1,M->N,1788165720.0378714,88.01113631098997,102.246,-1.0229595402096239,3.4559128437249966,1.5477141191940371
1,M->N,1788165720.1905136,88.16377884801477,102.382,-1.0219907713945293,3.4940016747105824,1.5421466605088294
1,M->N,1788165721.4469955,89.4202608190244,103.028,-1.0137599780568136,3.674825756322829,1.5043248181335198
1,M->N,1788165721.4606223,89.43388729298022,103.096,-1.0124603887703942,3.6938388119116516,1.4995484079442698
1,M->N,1788165721.4727056,89.4459701970336,103.164,-1.0110700276513627,3.7128456685882267,1.4947770114971575
1,M->N,1788165721.4830594,89.45632406102959,103.232,-1.0095892789984116,3.731845573368959,1.4900828374949702
1,M->N,1788165721.493007,89.46627164201345,103.3,-1.0080205586257007,3.7508382198919294,1.4855249891767888
1,M->N,1788165721.5018404,89.4751047900063,103.368,-1.0063662361657255,3.7698234586597037,1.4810961982057251
1,M->N,1788165721.5743783,89.54764340800466,103.436,-1.004629100832898,3.7888005571039063,1.4768648413542482
1,M->N,1788165721.934972,89.90823727700626,103.674,-0.9979461725773818,3.8551537917914342,1.4632176550277067
1,M->N,1788165722.2211404,90.19440653099446,103.844,-0.9926332070591638,3.9024899636776875,1.4538617135748968
1,M->N,1788165722.8538136,90.8270790859824,104.218,-0.979373545934797,4.00644473846796,1.4332631583361863
1,M->N,1788165722.8667693,90.84003424103139,104.286,-0.9767373734498984,4.025314028500687,1.429856492944433
1,M->N,1788165722.8792002,90.85246489802375,104.354,-0.9740385125191744,4.044173406135587,1.426628158212305
1,M->N,1788165723.0308924,91.00415737298317,104.49,-0.9684674675143381,4.0818641538661256,1.4208769664943584
1,M->N,1788165723.1761022,91.14936733600916,104.592,-0.9641554846793899,4.110110369658204,1.4172103208150317
1,M->N,1788165723.463474,91.43673920299625,104.762,-0.9567621145527948,4.15715401354677,1.412305544497449
1,M->N,1788165723.5464127,91.51967798598344,104.864,-0.9522227163225787,4.185362672163492,1.4097495435216447
1,M->N,1788165723.7070937,91.6803592449869,105.0,-0.946059255514149,4.222954966973712,1.4063746184378514
1,M->N,1788165723.7833402,91.7566052399925,105.068,-0.9433820929272886,4.238973212210122,1.4026807715019187
1,M->N,1788165723.9279156,91.90118056401843,105.17,-0.9394213687440148,4.262031740060851,1.3981600821447315
1,M->N,1788165724.0773842,92.05064960400341,105.272,-0.9353667572671712,4.285068197989216,1.3943150014953343
1,M->N,1788165724.1534624,92.1267279710155,105.34,-0.9326135230327828,4.300417845727066,1.391559656780573
1,M->N,1788165724.5229645,92.49622955999803,105.578,-0.922608279111678,4.354086059743549,1.3798386189527827
1,M->N,1788165724.8770716,92.85033669602126,105.782,-0.9134407710122529,4.399985991177557,1.3656409369472118
1,M->N,1788165724.8915684,92.86483384697931,105.85,-0.9102302645020381,4.4152569387424805,1.3599212816115704
1,M->N,1788165725.6815102,93.65477521601133,106.292,-0.8936980015785297,4.487140420256709,1.3279454175059768
1,M->N,1788165725.7077003,93.68096469901502,106.394,-0.8899486134625384,4.502406634699556,1.3329045944900664
1,M->N,1788165725.7212594,93.69452344998717,106.462,-0.886700682643196,4.515874863159795,1.3359831168113603
1,M->N,1788165725.8016443,93.77490954601672,106.564,-0.8818704937751634,4.536112624657756,1.3366458739078142
1,M->N,1788165725.9532716,93.92653657600749,106.7,-0.8754074709888233,4.563101634732508,1.3339971698438924
1,M->N,1788165726.931703,94.90496807399904,107.21,-0.8495956835764403,4.663980770703709,1.2986637848419729
1,M->N,1788165726.9452107,94.91847538400907,107.278,-0.8460505402090979,4.676568144872003,1.2926481424927914
1,M->N,1788165726.9565036,94.92976839101175,107.346,-0.8426928639028806,4.688263591847647,1.2881261344224075
1,M->N,1788165727.1764212,95.14968609501375,107.516,-0.8339581198055971,4.717423883311801,1.2680740154127095
1,M->N,1788165727.1886945,95.16195959498873,107.584,-0.8302870122655257,4.729039148634654,1.258579223065228
1,M->N,1788165727.7492776,95.72254284500377,107.89,-0.8141920769917959,4.777039754593648,1.2374155711753398
1,M->N,1788165727.7631624,95.73642725503305,107.958,-0.8101602197549264,4.78853838617228,1.226339675502818
1,M->N,1788165728.1190534,96.09231924498454,108.196,-0.7949063979431826,4.828383451531804,1.1793566737818073
1,M->N,1788165728.1320188,96.10528364701895,108.264,-0.7901949569962206,4.839629053561834,1.1650221438775274
1,M->N,1788165728.4225569,96.39582185598556,108.468,-0.7801842631633379,4.862079754901485,1.1304312667222673
1,M->N,1788165728.6532435,96.626508707006,108.672,-0.7748711142494606,4.8730743424857925,1.1186553215415027
1,M->N,1788165729.077743,97.05100829800358,108.91,-0.7577245083884525,4.907279677811445,1.0833421306705937
1,M->N,1788165729.0904565,97.06372151599498,108.978,-0.7523633202332826,4.917257831360534,1.0688868327754948
1,M->N,1788165730.1298604,98.10312531900126,109.522,-0.7060905566713509,4.99163319125758,0.9569182743820102
1,M->N,1788165730.1399868,98.11325105500873,109.59,-0.6996304309499776,5.0006874689458245,0.9420262108026126
1,M->N,1788165730.149036,98.12230032001389,109.658,-0.6930363378668104,5.009644180768302,0.9271828303365796
1,M->N,1788165730.1570966,98.13036097597796,109.726,-0.686310728949116,5.018501884460623,0.9124588899723337
1,M->N,1788165730.1647158,98.1379800690338,109.794,-0.6794557256664474,5.027259476003052,0.8978893109020119
1,M->N,1788165730.1721146,98.1453790210071,109.862,-0.6724741832681421,5.035916549539674,0.8835408934651487
1,M->N,1788165730.8684018,98.84166686801473,110.27,-0.6262368961709448,5.087930521684119,0.8078158810768693
1,M->N,1788165731.0131352,98.98640023899497,110.372,-0.6140370539106482,5.1004838481701,0.7889954938167238
1,M->N,1788165731.0915513,99.06481679598801,110.44,-0.6057712853926156,5.1087218517149395,0.7761188094539492
1,M->N,1788165731.247828,99.22109328798251,110.576,-0.5867858158546023,5.126989554249781,0.7534406904578012
1,M->N,1788165731.4599907,99.433255343989,110.712,-0.5681439782685994,5.144068572396026,0.7277147108723543
1,M->N,1788165731.4696646,99.44292933301767,110.78,-0.5586656875454132,5.152422865168735,0.7150912364990791
1,M->N,1788165731.6147208,99.58798619301524,110.882,-0.5428020102436798,5.165981535754871,0.6993497919072162
1,M->N,1788165731.761115,99.73438066698145,110.984,-0.5263639039284245,5.179622341479918,0.6833642157740404
1,M->N,1788165732.0483932,100.02165819099173,111.154,-0.49889240581982236,5.201353926671395,0.653202946245343
1,M->N,1788165732.1326277,100.10589301399887,111.256,-0.4821058781911607,5.213993949063294,0.6358251934664337
1,M->N,1788165732.9083462,100.88161127897911,111.698,-0.39294978386607715,5.274938182460992,0.5647228390104548
1,M->N,1788165732.9215434,100.89480818301672,111.766,-0.37679026284999695,5.285066196217173,0.553079711558302
1,M->N,1788165732.9325316,100.90579625603277,111.834,-0.36051304733892586,5.295006046441005,0.5414845495803972
1,M->N,1788165733.8451824,101.81844787800219,112.344,-0.23524222132095998,5.363924735276695,0.46615617539062526
1,M->N,1788165733.8580878,101.83135241700802,112.412,-0.218179623313421,5.372431472472317,0.45734734957555706
1,M->N,1788165733.8695655,101.84282996802358,112.48,-0.20104328807988867,5.380788205056356,0.4486810525714089
1,M->N,1788165733.880007,101.85327144397888,112.548,-0.18383579539827047,5.388997208518691,0.44013752700269065
1,M->N,1788165733.9599612,101.93322642002022,112.65,-0.157895074689616,5.4010365407095025,0.4274544395377018
1,M->N,1788165735.7254133,103.69867837999482,113.568,0.08188693889852791,5.49424615647692,0.3108496930567569
1,M->N,1788165735.7381938,103.71145842899568,113.636,0.10006419253731691,5.500013224909337,0.30182727438488444
1,M->N,1788165735.7488477,103.72211196599528,113.704,0.11829347149781487,5.505616017952376,0.29276573421586854
1,M->N,1788165735.7588441,103.73210875102086,113.772,0.1365729800240941,5.5110530526729775,0.28367079749179247
1,M->N,1788165735.768149,103.74141362402588,113.84,0.15490105895385042,5.516323593120533,0.27455689726398186
1,M->N,1788165735.7763066,103.74957098101731,113.908,0.17327634547067897,5.521427104781315,0.26542639165599474
1,M->N,1788165735.7834759,103.75674024701584,113.976,0.19169736429828763,5.526362973937589,0.2562851705840364
1,M->N,1788165735.7902184,103.76348249497823,114.044,0.21016275817858673,5.531130398074623,0.24715444508410153
1,M->N,1788165735.943955,103.91722000902519,114.18,0.24721916494905638,5.540158583593261,0.2289757347745319
1,M->N,1788165736.3025029,104.27576783898985,114.384,0.30309761517137285,5.5524428756266895,0.20192503958023753
1,M->N,1788165736.7252836,104.69854870100971,114.622,0.36868085712196574,5.56487346825386,0.17086232605316543
1,M->N,1788165736.7376177,104.71088225900894,114.69,0.3863916030797378,5.56786912179195,0.161771877835848
1,M->N,1788165736.8815994,104.8548645870178,114.792,0.40696668631947586,5.571064491912916,0.13926295564994257
1,M->N,1788165736.9575632,104.93082813499495,114.86,0.41999977709321085,5.572772893723025,0.1158734036845012
1,M->N,1788165737.1199837,105.0932487330283,114.996,0.44690596348882705,5.575334045424803,0.06709897126794634
1,M->N,1788165737.333266,105.30653100798372,115.132,0.47554490800140653,5.576557178865539,0.013028637512319668
1,M->N,1788165737.3465216,105.31978688301751,115.2,0.49108923078607997,5.5766071833319115,-0.01276595940193894
1,M->N,1788165737.8358724,105.80913817300461,115.472,0.5650293542686456,5.5719324435747515,-0.11786889042665517
1,M->N,1788165738.1208792,106.09414414397907,115.642,0.6098196668932633,5.565360581064635,-0.1833784508878976
1,M->N,1788165738.1335485,106.10681370698148,115.71,0.6268941166662814,5.562018142348614,-0.21055527208489241
1,M->N,1788165738.1453032,106.11856799002271,115.778,0.6443446177249569,5.558108328283894,-0.23740967524832307
1,M->N,1788165739.190029,107.16329388000304,116.322,0.7857675773013174,5.508557780894407,-0.44470532316841105
1,M->N,1788165739.2028983,107.1761629889952,116.39,0.8029363541746881,5.500176377286256,-0.4697893758511343
1,M->N,1788165739.2149005,107.18816560402047,116.458,0.8198882785387284,5.4913653937796605,-0.49478750615993594
1,M->N,1788165739.2252727,107.19853711803444,116.526,0.8366143192635265,5.482138928219107,-0.5188540167251667
1,M->N,1788165739.2346764,107.2079409880098,116.594,0.8530896905554122,5.472537856159946,-0.5411887857067232
1,M->N,1788165739.2428663,107.21613058500225,116.662,0.8693743552674601,5.462579581591036,-0.5609524070330039
1,M->N,1788165739.73989,107.71315571299056,116.968,0.9402671867313075,5.414197977241925,-0.6372952897660172
1,M->N,1788165740.0285826,108.001847765001,117.138,0.9779714030199014,5.385026474330305,-0.6861960877287537
1,M->N,1788165740.3880122,108.36127730301814,117.376,1.0281901960412931,5.340982956725158,-0.7562919899394682
1,M->N,1788165740.5343335,108.50759873702191,117.478,1.048773602409121,5.321098513103013,-0.7830655131407354
1,M->N,1788165740.5481257,108.52139057603199,117.546,1.062200966087446,5.307550516778881,-0.7998158093506659
1,M->N,1788165740.979947,108.95321237301687,117.818,1.1137408739467685,5.251324962832375,-0.8583014574324556
1,M->N,1788165740.992982,108.96624684002018,117.886,1.1261319026581427,5.2368302124879,-0.8709011421240647
1,M->N,1788165741.2770967,109.25036200799514,118.056,1.156343850713827,5.199957803620275,-0.8991217035466941
1,M->N,1788165741.3597615,109.33302735199686,118.158,1.1739904724707664,5.177454471921772,-0.9139676275849717
1,M->N,1788165741.654516,109.62778233701829,118.362,1.2083406136440358,5.131752319137914,-0.9390969685150661
1,M->N,1788165741.7429712,109.71623648999957,118.464,1.2251088749966603,5.108602598600575,-0.9498254280011869
1,M->N,1788165741.8946633,109.86792851402424,118.6,1.2470751118990107,5.07745490339498,-0.9672586100186068
1,M->N,1788165742.1090336,110.08229836198734,118.736,1.2684821762810865,5.045923585134429,-0.9811719193811304
1,M->N,1788165742.4023447,110.37560985801974,118.94,1.2997123144224614,4.998040829169152,-1.014257582990925
1,M->N,1788165742.5556588,110.52892441902077,119.076,1.319617209242101,4.965552226505582,-1.0258971169943427
1,M->N,1788165742.6330159,110.60628078499576,119.144,1.3294761927614875,4.949261015623529,-1.0271669535453982
1,M->N,1788165742.9260738,110.89933894597925,119.348,1.358828034879738,4.900250876584819,-1.0365562937138573
1,M->N,1788165743.0784764,111.05174192599952,119.484,1.3781717393582504,4.867443865402107,-1.0402447702001174
1,M->N,1788165743.2934644,111.26672974298708,119.62,1.3973309961380465,4.834529905642212,-1.0445871115076406
1,M->N,1788165743.3073344,111.28059957601363,119.688,1.4068612931785274,4.818025903574927,-1.0530296498492573
1,M->N,1788165743.4502168,111.42348175100051,119.79,1.4208262210403475,4.793100054009456,-1.0658869582222228
1,M->N,1788165744.220442,112.19370724901091,120.198,1.4765194710554206,4.693404018101657,-1.0538532348184175
1,M->N,1788165744.2388325,112.21209749497939,120.266,1.4859307089489084,4.676846856129224,-1.054564198083152
1,M->N,1788165744.2539616,112.2272261690232,120.334,1.4953350811795258,4.6603014495801816,-1.0522391521744205
1,M->N,1788165744.3358104,112.30907556298189,120.436,1.509524940774392,4.635497995619138,-1.0543985905884532
1,M->N,1788165744.4878457,112.46111083601136,120.572,1.5281420190012598,4.6022811329173585,-1.0613568563631812
1,M->N,1788165744.6322732,112.60553821601206,120.674,1.5421345075586248,4.577404471223662,-1.0544958880622062
1,M->N,1788165744.7771077,112.75037256401265,120.776,1.5562908840194973,4.5526254200069,-1.0470674867330567
1,M->N,1788165745.0662801,113.03954553703079,120.946,1.5802497213082893,4.5115037583879944,-1.0385653423243946
1,M->N,1788165745.282983,113.25624899100512,121.116,1.6045297338782338,4.470571840925975,-1.0306984847094425
1,M->N,1788165745.296185,113.26944996300153,121.184,1.61431338824366,4.454246227049175,-1.0299582977835462
1,M->N,1788165745.4395962,113.4128618480172,121.286,1.6290955864816496,4.42980245422785,-1.024615170884496
1,M->N,1788165745.7228475,113.69611288700253,121.456,1.6535286143385737,4.388948774569871,-1.033423067048333
1,M->N,1788165746.7751615,114.74842688499484,122.034,1.7399171971710554,4.252244980867397,-0.9813342169670055
1,M->N,1788165746.791516,114.76478408201365,122.102,1.750548522952335,4.2364486394661895,-0.9756456385250709
1,M->N,1788165746.8041341,114.77739883202594,122.17,1.761203064575567,4.220659301232276,-0.9798367972170434
1,M->N,1788165746.8131466,114.78641103103291,122.238,1.7718013877976633,4.204843890725258,-0.9796700593236295
1,M->N,1788165746.8218007,114.79506522999145,122.306,1.7824401256382774,4.189071020004048,-0.9732213057055658
1,M->N,1788165746.8295193,114.80278358998476,122.374,1.7931968214265483,4.173386814661877,-0.9639946016589879
1,M->N,1788165747.4649498,115.43821465299698,122.714,1.8492345533971497,4.096580287918512,-0.9125169465358988
1,M->N,1788165747.4775624,115.45082722097868,122.782,1.8609374068680615,4.081601974718644,-0.9001180647167815
1,M->N,1788165747.5518,115.52506492700195,122.85,1.872827163619389,4.0667710490119084,-0.8874109818180685
1,M->N,1788165747.7044427,115.67770783498418,122.986,1.8971794864959428,4.0375770438264125,-0.8608665349037044
1,M->N,1788165747.8506188,115.82388392701978,123.088,1.915962468755643,4.016126299093589,-0.8393317285868392
1,M->N,1788165747.9956076,115.9688731720089,123.19,1.9352129185785272,3.995091571559677,-0.8169137717546329
1,M->N,1788165748.1436105,116.1168756330153,123.292,1.9549381160436288,3.9745035540906324,-0.7934235424386832
1,M->N,1788165748.2194734,116.19273838499794,123.36,1.9683556677299368,3.9610454911782913,-0.7769737604360404
1,M->N,1788165748.3724043,116.34567002399126,123.496,1.9958518655401747,3.9348224072535816,-0.7428333261113167
1,M->N,1788165748.5176992,116.49096497200662,123.598,2.0170533413407052,3.9157855298506146,-0.7169692463440344
1,M->N,1788165748.6623363,116.63560112001142,123.7,2.0352063078067766,3.9001695764436297,-0.7040868666989741
1,M->N,1788165748.739043,116.71230822900543,123.768,2.0470535134856798,3.890181261962271,-0.6938526380487242
1,M->N,1788165748.8830812,116.85634717502398,123.87,2.068586131324712,3.872605273334508,-0.6710966053923484
1,M->N,1788165748.9594316,116.93269665900152,123.938,2.081246340065091,3.862691325761351,-0.6531729299484568
1,M->N,1788165749.1129985,117.08626367902616,124.074,2.1051642427214325,3.84491175881085,-0.622971798945357
1,M->N,1788165749.2563949,117.22966036503203,124.176,2.1266631586377827,3.829750181119574,-0.6017033074839118
1,M->N,1788165749.6804404,117.65370543301105,124.414,2.1693057233565955,3.801855485165318,-0.5554316122776952
1,M->N,1788165749.696751,117.67001600499498,124.482,2.180822183780456,3.794780792463235,-0.5436804625690083
1,M->N,1788165749.9094796,117.8827447090298,124.618,2.205865464867471,3.7799896368396326,-0.5203684445579702
1,M->N,1788165749.923224,117.8964893760276,124.686,2.218824763411801,3.7726344144204114,-0.5096258629459874
1,M->N,1788165750.0678446,118.04110980202677,124.788,2.2372279468838023,3.7625325731209545,-0.49149948989368236
1,M->N,1788165750.3551555,118.32842032599729,124.958,2.2681027616045952,3.74609337915061,-0.4973651154009713
1,M->N,1788165750.441844,118.41510973498225,125.06,2.2868399388463154,3.7357391860838427,-0.5151055498786494
1,M->N,1788165750.8696716,118.84293685603188,125.332,2.3374127838638965,3.7056885392765397,-0.5584128115853346
1,M->N,1788165750.8824615,118.85572905902518,125.4,2.3495478521297963,3.6980482980116935,-0.567532951471117
1,M->N,1788165751.1667242,119.1399892839836,125.57,2.386317580607163,3.674075446805928,-0.5886907170166044
1,M->N,1788165751.24259,119.21585555101046,125.638,2.4021345326673464,3.66343517302527,-0.5976600790286292
1,M->N,1788165752.4386463,120.41191139101284,126.284,2.5427289121772008,3.5608900986669894,-0.6580231475277235
1,M->N,1788165752.4515557,120.42482076003216,126.352,2.5577784487562285,3.549211241312949,-0.6628105190366779
1,M->N,1788165752.4629312,120.43619605799904,126.42,2.572775605849152,3.5374620070446916,-0.6671366289490104
1,M->N,1788165752.4732413,120.44650583801558,126.488,2.587725031297067,3.525649062033188,-0.6711076536961558
1,M->N,1788165752.4827476,120.45601231901674,126.556,2.6026293872823993,3.513778450640694,-0.6746956520441629
1,M->N,1788165752.4923596,120.46562420600094,126.624,2.6174921818619596,3.501857804600933,-0.6778687830737522
1,M->N,1788165752.502192,120.47545669501415,126.692,2.6323166729303016,3.4898938470377714,-0.6807120585757904
1,M->N,1788165752.8554542,120.82871923601488,126.896,2.6765933751133275,3.4537903660114897,-0.687415316429831
1,M->N,1788165753.0027483,120.97601324901916,126.998,2.698647367848043,3.4356446394689977,-0.6897584665620503
1,M->N,1788165753.4279416,121.40120695199585,127.236,2.74999206171771,3.3931462857067785,-0.6926195836186242
1,M->N,1788165753.5785654,121.5518309000181,127.372,2.7793020811550995,3.3688185934419086,-0.6927437181353697
1,M->N,1788165753.6549296,121.62819513003342,127.44,2.7939565392930605,3.3566588992250317,-0.6923503037596136
1,M->N,1788165753.8081937,121.78145901899552,127.576,2.823280902354465,3.332374151176429,-0.6905966974846783
1,M->N,1788165754.229374,122.20263917499688,127.814,2.874730223381868,3.290057840571466,-0.6851270032165184
1,M->N,1788165754.243394,122.21665869001299,127.882,2.8894808605029914,3.2780252789957824,-0.6828449578954204
1,M->N,1788165754.604543,122.57780935999472,128.086,2.9339751827320555,3.2422574145174017,-0.6656941418802197
1,M->N,1788165754.618661,122.59192592703039,128.154,2.9489794280501362,3.2305656104522575,-0.6561225328045908
1,M->N,1788165755.1150868,123.08835191902472,128.46,3.017817963898051,3.1797387822794163,-0.6150162561153197
1,M->N,1788165755.1280859,123.10135058901506,128.528,3.033387082024307,3.1688162566136366,-0.6067789596938495
1,M->N,1788165755.139757,123.11302179802442,128.596,3.0490465984801864,3.1580192276970993,-0.5987958076190204
1,M->N,1788165755.4912598,123.464524807001,128.8,3.0965307733173835,3.1263525523868885,-0.5760966492116221
1,M->N,1788165755.5043766,123.47764163702959,128.868,3.112516026155898,3.1160329142622953,-0.5688222311800273
1,M->N,1788165755.7883947,123.76165978098288,129.038,3.1527932575226685,3.0907463582143766,-0.5508259883822856
1,M->N,1788165756.0816185,124.05488409101963,129.242,3.20170813216994,3.0613708739682965,-0.5290281663117329
1,M->N,1788165756.3054118,124.27867679402698,129.412,3.2429646841022364,3.037722705688525,-0.5100779861182041
1,M->N,1788165756.3177538,124.29101843101671,129.48,3.2595933143687383,3.0284842944048904,-0.5023041244787957
1,M->N,1788165756.4637327,124.43699780700263,129.582,3.284672239447302,3.014872748553116,-0.49028976560816784
1,M->N,1788165757.0231082,124.99637424002867,129.888,3.3608729987948394,2.9759279710187587,-0.45209802282746636
1,M->N,1788165757.0358334,125.00909861602122,129.956,3.378006483176814,2.9676789309958433,-0.4431393503839601
1,M->N,1788165757.2560954,125.22936130902963,130.126,3.421162040729936,2.9477407576912187,-0.42007757323105555
1,M->N,1788165757.2699733,125.24323820701102,130.194,3.4385514537889934,2.9400478052538053,-0.4105985861985483
1,M->N,1788165757.4162056,125.38947114802431,130.296,3.4647715568587922,2.92882042333324,-0.39613719638816686
1,M->N,1788165757.5619175,125.53518235502997,130.398,3.491151262844015,2.917976542762414,-0.3814292456528437
1,M->N,1788165757.7787082,125.75197373598348,130.534,3.52656477343921,2.9041297673602493,-0.36151034789328673
1,M->N,1788165757.929184,125.902449221001,130.67,3.562246842686773,2.8909958855254816,-0.3412567936018057
1,M->N,1788165758.2200952,126.19336028501857,130.84,3.6072121878903878,2.8756070624788075,-0.3155728649147977
1,M->N,1788165758.7217605,126.69502543099225,131.146,3.6890854040866334,2.850849637019345,-0.26908826677017417
1,M->N,1788165758.7357287,126.70899349800311,131.214,3.7074298677402795,2.8458655789354976,-0.2588120611928552
1,M->N,1788165758.748119,126.72138390201144,131.282,3.7258259452766547,2.841070595556215,-0.24858305756215343
1,M->N,1788165759.514026,127.48729099199409,131.69,3.837130951507433,2.8162362753632744,-0.18826899679600295
1,M->N,1788165759.527311,127.50057600298896,131.758,3.8558160037723392,2.8127455495802516,-0.1785863362457864
1,M->N,1788165759.5385597,127.51182442699792,131.826,3.87453324519396,2.809435193721634,-0.16898752322450372
1,M->N,1788165759.5485125,127.52177756500896,131.894,3.8932821835256965,2.8063042171285697,-0.15942127704577505
1,M->N,1788165759.6228485,127.5961163030006,131.962,3.912062494610366,2.8033508337825297,-0.15008400934540964
1,M->N,1788165760.32672,128.29998509801226,132.37,4.025247042640986,2.789208603166489,-0.09702328607304017
1,M->N,1788165760.3407252,128.3139902210096,132.438,4.044175223986131,2.7874250567196572,-0.0887481472423211
1,M->N,1788165760.419792,128.3930574739934,132.54,4.072593587908394,2.7850389723889446,-0.07681687229115351
1,M->N,1788165760.7762494,128.7495144639979,132.778,4.139009694252088,2.7807427690861872,-0.05077188463551381
1,M->N,1788165760.8520627,128.82532782200724,132.846,4.158007725700227,2.7798267304979563,-0.043831014909180156
1,M->N,1788165761.0066876,128.97995332803112,132.982,4.196021008785483,2.7783821471387156,-0.030506209231536567
1,M->N,1788165761.644866,129.61813157203142,133.322,4.291104888184246,2.7768582214802273,-0.0009841224509525395
1,M->N,1788165761.659104,129.6323689109995,133.39,4.310128086532127,2.776876254464985,0.004202073423792636
1,M->N,1788165761.6717837,129.64504824997857,133.458,4.329152943578707,2.776991117304576,0.009112918269131388
1,M->N,1788165761.8202372,129.79350231902208,133.594,4.367204943099688,2.777493288870306,0.018311443783951283
1,M->N,1788165761.9657075,129.9389726180234,133.696,4.395742762920847,2.7780910840882194,0.024579307141375562
1,M->N,1788165762.3221145,130.29538005997892,133.9,4.452802960459627,2.7797883498071583,0.035529325321398006
1,M->N,1788165762.3357282,130.30899279000005,133.968,4.471818536842605,2.7804868996155214,0.0387019782635906
1,M->N,1788165762.6220565,130.59532165998826,134.138,4.519353802659069,2.782478960481894,0.0456064026481355
1,M->N,1788165763.1217284,131.09499351400882,134.444,4.604907130218927,2.786796034190928,0.05513233191601602
1,M->N,1788165763.135524,131.10878891998436,134.512,4.623914686205563,2.7878562000050073,0.05668444140865473
1,M->N,1788165763.1468778,131.12014240201097,134.58,4.642919760815286,2.788944535710929,0.05806145082459942
1,M->N,1788165763.63535,131.60861514997669,134.852,4.718930265540199,2.79350529972404,0.06162353942360159
1,M->N,1788165763.649103,131.62236748199211,134.92,4.7379342900259465,2.7946813366002,0.0620818445243693
1,M->N,1788165763.6605422,131.633806806989,134.988,4.7569394580710735,2.795864576497156,0.06235956446614683
1,M->N,1788165764.0799267,132.0531916799955,135.226,4.823462679712704,2.800020999078328,0.062197947432036244
1,M->N,1788165764.0945106,132.06777560000774,135.294,4.8424688417173405,2.8012019117617397,0.0618227523714655
1,M->N,1788165764.3756497,132.34891455702018,135.464,4.889983967145519,2.804113933883858,0.060361752443243225
1,M->N,1788165764.527265,132.5005299639888,135.6,4.9280027530890695,2.8063835254065714,0.05865137654037641
1,M->N,1788165764.602634,132.57589848601492,135.668,4.947016190143507,2.8074922654525882,0.05756586293928337
1,M->N,1788165764.954525,132.927790894988,135.872,5.0040716209796425,2.81067978213909,0.05355764525143385
1,M->N,1788165764.9690506,132.94231598899933,135.94,5.02309385193564,2.8116879116791806,0.0519314109150492
1,M->N,1788165765.2573678,133.23063311702572,136.144,5.080165861263397,2.8145109977856944,0.04625377569414748
1,M->N,1788165765.8278677,133.80113302898826,136.484,5.175336670785337,2.8183728020712238,0.03345473609794569
1,M->N,1788165765.8408356,133.8141002380289,136.552,5.1943814765929375,2.8189873265370626,0.030274589957439993
1,M->N,1788165766.0616577,134.03492329397704,136.722,5.242004108333548,2.8202423685051903,0.02126297692417791
1,M->N,1788165766.0741227,134.04738758702297,136.79,5.261055736626765,2.8206183534448495,0.017174821084969618
1,M->N,1788165766.2172868,134.19055176101392,136.892,5.289636166765335,2.8210297518136676,0.01036115962061714
1,M->N,1788165766.362305,134.33556994399987,136.994,5.318220920834128,2.8212377309941457,0.0028109396424842235
1,M->N,1788165768.4578936,136.4311590110301,138.15,5.641493400189017,2.8007879392359696,-0.15823853899705073
1,M->N,1788165768.470008,136.4432727760286,138.218,5.660328902344414,2.7976774741501558,-0.17313325020710604
1,M->N,1788165768.4813232,136.45458787400275,138.286,5.679116627526269,2.794281604106939,-0.18871144631981618
1,M->N,1788165768.4911752,136.46443957003066,138.354,5.697849656827351,2.7905892830696186,-0.20492222164096752
1,M->N,1788165768.5001287,136.47339336998994,138.422,5.716519634920555,2.786590024031668,-0.22166429070166724
1,M->N,1788165768.508254,136.48151838802733,138.49,5.734021876072372,2.7825412156936995,-0.23573316694683746
1,M->N,1788165768.5159283,136.48919269198086,138.558,5.749194803353856,2.7788735995903258,-0.23965706591091335
1,M->N,1788165768.5226634,136.49592767399736,138.626,5.764356322862255,2.7751200337673154,-0.24940330670191457
1,M->N,1788165768.5292933,136.50255765998736,138.694,5.77948594861221,2.771184962318563,-0.263746122364989
1,M->N,1788165768.5353792,136.5086440939922,138.762,5.794558899476546,2.767021588024862,-0.27989607065476335
1,M->N,1788165770.1996548,138.17292034602724,139.646,5.969687843724731,2.6961341629176134,-0.4941347111894536
1,M->N,1788165770.213003,138.18626792402938,139.714,5.982288282334108,2.689262908183099,-0.5080425030336008
1,M->N,1788165770.2246711,138.19793580600526,139.782,5.993286058012532,2.6830733986138635,-0.5200313157250657
1,M->N,1788165770.237318,138.21058291202644,139.85,6.004220820265571,2.6767447140022886,-0.5326666339794539
1,M->N,1788165770.2473404,138.22060533700278,139.918,6.015073926454592,2.6702752350705556,-0.5458473338164738
1,M->N,1788165770.2558048,138.2290694739786,139.986,6.026027838576642,2.6635487796374937,-0.5579393970583775
1,M->N,1788165770.750288,138.7235532850027,140.258,6.068947188904432,2.635493477635593,-0.6027117281792322
1,M->N,1788165770.9004536,138.87371886603069,140.394,6.089430784544696,2.6212201574917473,-0.616655470379201
1,M->N,1788165771.324998,139.29826301598223,140.632,6.125592775475605,2.594622214709819,-0.6542509349922141
1,M->N,1788165771.337821,139.3110857970314,140.7,6.1358258526600595,2.5867067401660604,-0.6651260239302562
1,M->N,1788165771.6917834,139.66504899202846,140.904,6.164451253632176,2.563610324801898,-0.6947129588569082
1,M->N,1788165771.706406,139.6796710920171,140.972,6.1748029680010665,2.5549195688691126,-0.7040721031672902
1,M->N,1788165772.2062855,140.17955068597803,141.244,6.214377774086872,2.520092134459188,-0.7410294857961001
1,M->N,1788165772.2196805,140.19294527597958,141.312,6.224631635650059,2.5106450034252346,-0.7497488894572848
1,M->N,1788165772.2305183,140.2037831050111,141.38,6.2348465143453575,2.5010680921740502,-0.7583954848180251
1,M->N,1788165772.373584,140.3468495340203,141.482,6.250016557361215,2.4865394887554957,-0.7707995358445577
1,M->N,1788165772.5187361,140.49200124997878,141.584,6.2646727955110775,2.4721417161574704,-0.7837983976643249
1,M->N,1788165772.6631057,140.6363712240127,141.686,6.2803275897453394,2.4563553915267833,-0.7966507389848323
1,M->N,1788165772.8118064,140.78507151600206,141.788,6.295789129734215,2.440386268982871,-0.8076613999879183
1,M->N,1788165773.0950072,141.0682720519835,141.958,6.322407888861982,2.412041673274165,-0.8295195097961615
1,M->N,1788165773.2471173,141.2203826479963,142.094,6.347822079532972,2.3836847843821976,-0.8509391180336249
1,M->N,1788165773.322681,141.2959459220292,142.162,6.360341278797966,2.369313859267772,-0.8585481906670329
1,M->N,1788165773.473569,141.4468339140294,142.298,6.38507949233664,2.3403188760985345,-0.8709707815207555
1,M->N,1788165773.618268,141.5915333420271,142.4,6.403413680472372,2.3183889713324244,-0.878675670991557
1,M->N,1788165773.9771502,141.95041517802747,142.604,6.439615989300502,2.274167513410059,-0.8909234135272867
1,M->N,1788165773.990539,141.96380408701953,142.672,6.451569018452235,2.2593402690390865,-0.8941835563501719
1,M->N,1788165774.765103,142.73836847400526,143.08,6.522363880602265,2.1696248576570585,-0.912999981628934
1,M->N,1788165774.7779071,142.75117235601647,143.148,6.533999915961298,2.1545451182946906,-0.914136423750909
1,M->N,1788165774.7907164,142.76398115698248,143.216,6.54562194012989,2.139458667362508,-0.914510487526966
1,M->N,1788165774.8005805,142.77384540397907,143.284,6.557212876439451,2.1243445879132894,-0.920139377066022
1,M->N,1788165774.8738847,142.84714974102098,143.352,6.568727185777207,2.1091746707907695,-0.9228658858347025
1,M->N,1788165775.1651683,143.13843433803413,143.556,6.603089629581683,2.0635269315077447,-0.9375700530641077
1,M->N,1788165775.3172681,143.29053325997666,143.692,6.625460669286026,2.0326943538142506,-0.9450088264495848
1,M->N,1788165775.4607792,143.43404432898387,143.794,6.6422233504270904,2.009580745937203,-0.9403768742820179
1,M->N,1788165776.1688988,144.14216411998495,144.168,6.704373840301396,1.925331706530426,-0.9312863739649191
1,M->N,1788165776.1824794,144.155744254007,144.236,6.7157426887937826,1.9100646901754845,-0.9291699662402294
1,M->N,1788165776.1937594,144.1670244190027,144.304,6.727156982440295,1.8948368183736575,-0.924861634714243
1,M->N,1788165776.204027,144.1772914790199,144.372,6.738612881321707,1.8796201546890678,-0.9279213632033648
1,M->N,1788165777.470138,145.44340386998374,145.018,6.853373940733391,1.74015653193813,-0.8338323697320518
1,M->N,1788165777.4873178,145.46058284601895,145.086,6.8662015277811665,1.7261098048344752,-0.8261282043875456
1,M->N,1788165777.498346,145.47161052399315,145.154,6.879136122995649,1.7121580896927344,-0.8188963001595224
1,M->N,1788165777.5070226,145.48028699000133,145.222,6.8921573715848705,1.6982495772482586,-0.8200521790631587
1,M->N,1788165777.5160606,145.48932518297806,145.29,6.905114742932004,1.6842666749138202,-0.8283986820777784
1,M->N,1788165777.6598027,145.63306776300306,145.392,6.924340676760822,1.6631026859013662,-0.8394508139783646
1,M->N,1788165777.9436228,145.9168876890326,145.562,6.95588355241286,1.627406010464691,-0.8553480286413377
1,M->N,1788165778.238078,146.21134315500967,145.766,6.993179177071984,1.584144976189673,-0.8569786266069496
1,M->N,1788165778.252036,146.22530116100097,145.834,7.005668360760643,1.5697898840309406,-0.8512580616845238
1,M->N,1788165778.5417533,146.51501849398483,146.038,7.0436676016737,1.527188720732092,-0.8324954021139463
1,M->N,1788165778.6926215,146.66588743199827,146.174,7.069459526035882,1.4992085098832357,-0.8174592300361849
1,M->N,1788165779.6753168,147.64858161797747,146.684,7.168491331747905,1.3963896640618565,-0.8081653294117414
1,M->N,1788165779.692509,147.6657740160008,146.752,7.181658964032174,1.3826396667224066,-0.8051256259759251
1,M->N,1788165779.7078352,147.68109982600436,146.82,7.194870794451179,1.3689320439095036,-0.8017792544086458
1,M->N,1788165779.7216032,147.69486800400773,146.888,7.208127558361782,1.355269391964574,-0.7984667721875292
1,M->N,1788165779.7332866,147.7065513349953,146.956,7.221426893144363,1.3416518986654082,-0.7952981827374737
1,M->N,1788165780.2306917,148.2039570530178,147.262,7.281739319642948,1.280850586898662,-0.7837874845343129
1,M->N,1788165780.3818526,148.35511819599196,147.398,7.3087511645800385,1.254016288016332,-0.780114744995839
1,M->N,1788165780.5969079,148.57017329800874,147.534,7.335858603621021,1.2272660962333881,-0.7771641062953335
1,M->N,1788165780.9567156,148.92998049303424,147.772,7.383453089963724,1.180625287548926,-0.7733970659230839
1,M->N,1788165781.0286279,149.0018924140022,147.84,7.397076883311771,1.1673325783730657,-0.7726305280222473
1,M->N,1788165781.1758392,149.14910421101376,147.976,7.424353093408472,1.1407736138664204,-0.7714058025749811
1,M->N,1788165781.3200994,149.29336445900844,148.078,7.444832857579957,1.1208691345913044,-0.770744680152632
1,M->N,1788165781.4651325,149.43839754798682,148.18,7.465328887845652,1.1009730976909835,-0.7702812042687743
1,M->N,1788165781.5407908,149.51405594003154,148.248,7.47899888977429,1.08771195367993,-0.770080193630472
1,M->N,1788165781.9698634,149.94312837102916,148.52,7.533682411833988,1.0346905740802783,-0.7699402066454116
1,M->N,1788165781.9829156,149.95618018798996,148.588,7.547348666867776,1.0214385841187235,-0.7700607281904145
1,M->N,1788165782.3361719,150.30943715502508,148.792,7.588336315246053,0.981662024157642,-0.7708280162676375
1,M->N,1788165782.3489802,150.3222456839867,148.86,7.601994117324402,0.968391451889762,-0.7712138485645306
1,M->N,1788165782.8471987,150.8204641439952,149.166,7.663385221994045,0.9085864203732206,-0.7736177001752759
1,M->N,1788165782.8610241,150.83428941702005,149.234,7.677002549743511,0.8952783895128666,-0.7743248600043197
1,M->N,1788165783.503333,151.47659812198253,149.608,7.751697249738259,0.8218776826269594,-0.7795415850204305
1,M->N,1788165783.5221004,151.49536506499862,149.676,7.765237524313105,0.8084811019389941,-0.7807588116747394
1,M->N,1788165783.53638,151.50964461499825,149.744,7.778762253908138,0.7950670302967842,-0.782023819507781
1,M->N,1788165783.822994,151.79625905503053,149.948,7.819222210328699,0.7547204587978549,-0.7862996048594102
1,M->N,1788165784.1837294,152.15699488902465,150.186,7.866170966276635,0.7074234447512275,-0.7923280020203286
1,M->N,1788165784.2648587,152.2381241809926,150.254,7.879532428765455,0.6938533303089814,-0.7942789667040954
1,M->N,1788165784.3510234,152.32428883598186,150.356,7.8995260776881135,0.6734443703341794,-0.7973960987094393
1,M->N,1788165784.9287043,152.9019702009973,150.696,7.961484514006871,0.6093965452632157,-0.8103348934461594
1,M->N,1788165784.942138,152.9154026369797,150.764,7.972840647417149,0.597392416376097,-0.817179257167851
1,M->N,1788165784.9538798,152.92714448203333,150.832,7.983698823403414,0.5857619552296277,-0.8233046215109215
1,M->N,1788165784.9644992,152.93776370800333,150.9,7.994354278912484,0.5742308237149776,-0.8265863960793866
1,M->N,1788165785.3870656,153.36033062799834,151.138,8.029433190441608,0.5356789726789438,-0.8403470867060117
1,M->N,1788165785.8843925,153.8576573689934,151.444,8.069634506881487,0.48995519409174243,-0.8556879632558282
1,M->N,1788165785.8972285,153.87049326498527,151.512,8.077876233227538,0.48042697154083847,-0.8598152338849395
1,M->N,1788165785.9085517,153.88181635399815,151.58,8.08583392367898,0.47117762823452264,-0.8606290116598873
1,M->N,1788165786.0526216,154.02588674903382,151.682,8.097471239967007,0.4575569548786928,-0.8700283453054244
1,M->N,1788165786.476125,154.44938996899873,151.92,8.12252083556664,0.42756987778147304,-0.8780758226465705
1,M->N,1788165786.4891798,154.46244485100033,151.988,8.129438935231619,0.4192289557643767,-0.8793816325751093
1,M->N,1788165787.3229122,155.29617728100857,152.43,8.168940214048877,0.3703442463908633,-0.8954071373296262
1,M->N,1788165787.344726,155.31799065001542,152.532,8.177194175768117,0.3600404288326655,-0.8969897814249604
1,M->N,1788165787.3611467,155.33441126602702,152.634,8.185126092140123,0.3500773731152312,-0.9030903368624499
1,M->N,1788165787.649988,155.6232530940324,152.838,8.199705603849079,0.3313052895575055,-0.9118752168151114
1,M->N,1788165788.360541,156.33380631898763,153.246,8.225943032598051,0.2971142965007437,-0.9281369197510869
1,M->N,1788165788.3854172,156.35868205298902,153.382,8.233703967621029,0.286714787171216,-0.9296029126245936
1,M->N,1788165788.7505724,156.7238374989829,153.654,8.24820633307922,0.2672815944544909,-0.9331010391771495
1,M->N,1788165788.8999696,156.87323444901267,153.79,8.254755521313442,0.2583317970372188,-0.9426905704865629
1,M->N,1788165789.1819422,157.15520746598486,153.96,8.262530681003659,0.24764543106447734,-0.9396320302120298
1,M->N,1788165789.4166663,157.3899316280149,154.13,8.269945779077728,0.23747877009293383,-0.9448096760104032
1,M->N,1788165789.574901,157.54816720401868,154.3,8.276872192441532,0.22776986216522307,-0.9530496568337945
1,M->N,1788165790.0662162,158.03948166099144,154.572,8.287925333256522,0.2122724629759968,-0.9502140609889238
1,M->N,1788165790.3674505,158.34071564598707,154.844,8.298949350596676,0.19672132642204035,-0.9579524995339306
1,M->N,1788165790.6583962,158.63166172802448,155.082,8.30841213905521,0.18296582260026453,-0.9810504993197813
1,M->N,1788165791.171951,159.14521654200507,155.422,8.316087395654728,0.1715445767615565,-0.9738702072440637
2,N->X,1788165796.3000944,0.0,159.4,8.314338670031939,0.17208522415800262,0.10082075102611704
2,N->X,1788165801.6290398,5.05536033998942,163.004,8.319335396951942,0.1926358807262345,1.3201849626072217
2,N->X,1788165801.643819,5.070139227027539,163.106,8.32253987823029,0.20587888788184625,1.3489167988541362
2,N->X,1788165801.6563933,5.082713189010974,163.208,8.325461288932445,0.2195347248443694,1.3763426031279689
2,N->X,1788165801.6678555,5.094175542006269,163.31,8.327977828688272,0.23320110293884744,1.4077375408287478
2,N->X,1788165801.676691,5.1030107290134765,163.412,8.330085397861831,0.24709147924758185,1.440540060836084
2,N->X,1788165801.6841593,5.1104790570097975,163.514,8.331763513747154,0.26147725465507704,1.4789689918799713
2,N->X,1788165802.7297323,6.156053163984325,164.126,8.329885853336856,0.3539351884326354,1.699112327609399
2,N->X,1788165802.7448916,6.1712126469938084,164.194,8.328219092606721,0.36595818108603967,1.7240794963443182
2,N->X,1788165802.8898287,6.316149324004073,164.296,8.325100484515081,0.3841867868705007,1.7632323618909242
2,N->X,1788165803.0351293,6.461449866998009,164.398,8.321184239441054,0.4026031183501451,1.8033899171653183
2,N->X,1788165803.1817875,6.608108351007104,164.5,8.31637110010513,0.42157274948033074,1.8388118091873498
2,N->X,1788165803.7520752,7.1783960569882765,164.806,8.29544246397768,0.4846861532253803,1.9531524063261942
2,N->X,1788165803.7655404,7.191861181985587,164.874,8.289354390676868,0.4993797334701659,1.9794317174653355
2,N->X,1788165803.8424685,7.268790071015246,164.942,8.282609121349015,0.5146123734319059,1.9991794897671094
2,N->X,1788165804.2077665,7.634088400984183,165.18,8.253277084692774,0.5726626524484063,2.0871541206489597
2,N->X,1788165804.283312,7.709633546008263,165.248,8.243746252169519,0.5890659417098117,2.1119519790628125
2,N->X,1788165804.7799144,8.206235754012596,165.554,8.196707500517437,0.6604577829298964,2.189111318243927
2,N->X,1788165804.7929513,8.219271466019563,165.622,8.185563901067527,0.6759010095738489,2.206034604999256
2,N->X,1788165804.8032591,8.229579413018655,165.69,8.174172884725373,0.691147634716183,2.2218538821801994
2,N->X,1788165804.879654,8.305974691989832,165.758,8.162536796201529,0.7062418874936153,2.235351706677083
2,N->X,1788165805.028043,8.454363616998307,165.894,8.138711591333188,0.735989090446697,2.256440766300447
2,N->X,1788165805.171495,8.597815460001584,165.996,8.120600178102082,0.7580524131356513,2.261492848385627
2,N->X,1788165805.4522154,8.878536418022122,166.166,8.089887371184199,0.794369523387912,2.2877738897809308
2,N->X,1788165805.5339484,8.9602690860047,166.268,8.070983320899956,0.8157817825419319,2.301527506490128
2,N->X,1788165805.8197944,9.246115488000214,166.438,8.038886834834408,0.8508959905613795,2.3234234348298695
2,N->X,1788165806.1095219,9.535843110003043,166.642,7.99967140878197,0.8925129142190519,2.3293038480202144
2,N->X,1788165806.6054964,10.031817451992538,166.948,7.939769825979003,0.9536739841296464,2.3634676744599292
2,N->X,1788165806.617946,10.0442663700087,167.016,7.926172325841284,0.9670182318821217,2.3684646151908435
2,N->X,1788165806.6295347,10.05585509503726,167.084,7.912534820933725,0.9802665805447206,2.3742243394158624
2,N->X,1788165806.77184,10.19816049002111,167.186,7.89189515537583,1.000018228647541,2.3826784755602253
2,N->X,1788165807.2706294,10.69695061299717,167.458,7.836299337853601,1.0520329571513467,2.3990063279339324
2,N->X,1788165807.2859006,10.712221047026105,167.526,7.822255184727493,1.0648791798337285,2.403392538162039
2,N->X,1788165807.2975092,10.723829608992673,167.594,7.808156581880512,1.0776629830159694,2.4073528204181422
2,N->X,1788165807.785871,11.212191804021131,167.866,7.751355594694292,1.128339651757506,2.4183835929979622
2,N->X,1788165807.799193,11.22551337000914,167.934,7.73707769154211,1.140926032495656,2.420154982652109
2,N->X,1788165807.9575362,11.383856855041813,168.07,7.708459144310126,1.1660451206217848,2.422542765541964
2,N->X,1788165808.1014454,11.5277666390175,168.172,7.6869587591612785,1.1848479188435717,2.423535732907863
2,N->X,1788165809.2852478,12.711568562022876,168.784,7.557966877662403,1.297601855544956,2.4216272152360916
2,N->X,1788165809.3016117,12.727932443027385,168.852,7.543654572580008,1.3101632499914078,2.4210078222283977
2,N->X,1788165809.316487,12.742807489994448,168.92,7.529348981639724,1.3227316313461635,2.4203177385175336
2,N->X,1788165809.326387,12.752707099018153,168.988,7.515054425305501,1.3353091468494982,2.419559809096523
2,N->X,1788165809.3348992,12.761219581007026,169.056,7.500773070464117,1.3478976296329557,2.4187337901820793
2,N->X,1788165809.342403,12.768722912005614,169.124,7.486503685032207,1.3604968972018927,2.4178615161409223
2,N->X,1788165809.34927,12.775589935015887,169.192,7.472244954624583,1.3731059044886045,2.416972822982492
2,N->X,1788165809.8391798,13.265501221001614,169.464,7.4153244157536085,1.4236708509165839,2.4136059575581217
2,N->X,1788165809.9959683,13.42228946700925,169.6,7.386914437521396,1.4490331254378417,2.411997468497688
2,N->X,1788165810.2090693,13.635390339011792,169.736,7.358548546180808,1.4744419038143441,2.410271232014895
2,N->X,1788165810.3608625,13.787183095992077,169.872,7.330233633085563,1.4998917645328536,2.408477772864294
2,N->X,1788165810.503346,13.929666460026056,169.974,7.3090335779585835,1.519012040315797,2.4071478466756586
2,N->X,1788165810.648053,14.074373895011377,170.076,7.287856626742186,1.5381550960258725,2.40589985267756
2,N->X,1788165810.7926848,14.219005805032793,170.178,7.266701038686769,1.55732902739838,2.4047580884181685
2,N->X,1788165811.1472285,14.573549774999265,170.382,7.224436832388884,1.5957607343809252,2.4025409426098636
2,N->X,1788165811.288843,14.715163808024954,170.484,7.20334107921692,1.6150112101841294,2.4013886095081953
2,N->X,1788165811.3017554,14.728076008032076,170.552,7.189291317165708,1.6278552865889102,2.4006094816128627
2,N->X,1788165811.7289596,15.155280477018096,170.824,7.133204097158212,1.6793269408676605,2.3976841975930485
2,N->X,1788165811.7430344,15.169355054036714,170.892,7.119202367410482,1.692219146733574,2.3970415944985297
2,N->X,1788165811.9617965,15.388117470021825,171.028,7.091216769297036,1.718042488858342,2.395829243663042
2,N->X,1788165811.977178,15.403498593019322,171.096,7.077233341945897,1.7309688441307567,2.395221874269246
2,N->X,1788165812.1202471,15.5465686339885,171.198,7.056273926368496,1.7503694846017634,2.394264006476271
2,N->X,1788165812.2727156,15.699036418984178,171.3,7.03534089811763,1.7697887572154034,2.3932641979357596
2,N->X,1788165812.561311,15.987631953030359,171.47,7.000501665627024,1.8021914091780473,2.3916096107845637
2,N->X,1788165812.7116282,16.137949494994245,171.572,6.9796266924785275,1.8216588561260623,2.3907386765942658
2,N->X,1788165812.728741,16.15506155299954,171.64,6.965715816884517,1.834648905313163,2.3902175808658814
2,N->X,1788165812.8780224,16.304342503019143,171.776,6.9379025550192965,1.8606582807106329,2.3892175644234888
2,N->X,1788165813.0239394,16.450260494020768,171.878,6.917059627410052,1.8801880410065246,2.388440887948048
2,N->X,1788165813.1694603,16.595780951029155,171.98,6.896233808441212,1.8997271643221583,2.387619925265567
2,N->X,1788165813.3143132,16.74063393101096,172.082,6.875430645264332,1.9192814629842752,2.3867851234854967
2,N->X,1788165813.458267,16.884587609034497,172.184,6.854647821519185,1.9388499057894397,2.3859641071717688
2,N->X,1788165813.6027262,17.029047188989352,172.286,6.833881312219779,1.9584306899042119,2.385216654029567
2,N->X,1788165813.9570162,17.383337593986653,172.49,6.792374140555401,1.9976526782096833,2.3839431422925537
2,N->X,1788165813.969459,17.39577977900626,172.558,6.778544231812097,2.0107428010084343,2.3835323987932266
2,N->X,1788165814.3361697,17.76249049103353,172.796,6.730197280234797,2.0565924483409086,2.3819520426832677
2,N->X,1788165814.348791,17.775111160008237,172.864,6.716402304644894,2.069703750705154,2.3814794642091184
2,N->X,1788165814.4979248,17.92424599803053,173.0,6.688872695356173,2.0960386716737767,2.37535590495585
2,N->X,1788165814.9906228,18.416943331016228,173.272,6.634118800017872,2.1490056149764394,2.3681175343455347
2,N->X,1788165815.0061252,18.4324456989998,173.34,6.620504804510963,2.1623122990956034,2.3674458066422917
2,N->X,1788165816.127547,19.553868215007242,173.952,6.499793877261059,2.283948613832646,2.3483515648488407
2,N->X,1788165816.140596,19.56691661203513,174.02,6.48641144801329,2.2975318043484934,2.3491477969065553
2,N->X,1788165816.1533003,19.57962121203309,174.088,6.4730519696842945,2.3110951964612565,2.348801666493767
2,N->X,1788165816.1638756,19.59019574400736,174.156,6.45968911429869,2.324638377013668,2.351142333500003
2,N->X,1788165816.173086,19.599406531022396,174.224,6.4462866808527775,2.33813829283925,2.3551981437604983
2,N->X,1788165816.1820147,19.608334705990274,174.292,6.432804003208378,2.3516490509627213,2.354145399621623
2,N->X,1788165816.3239493,19.750271019991487,174.394,6.412713340978756,2.3719307684276276,2.349867296718409
2,N->X,1788165816.6759355,20.102257132995874,174.598,6.372370752716864,2.412230473338302,2.3687244563336427
2,N->X,1788165816.96014,20.386460839014035,174.768,6.337981816553184,2.4451205717618896,2.389888524306589
2,N->X,1788165817.1068742,20.533194523013663,174.87,6.317018640136158,2.464490671515541,2.403407234028772
2,N->X,1788165817.3200715,20.746391995984595,175.006,6.288663970293832,2.4898606856321415,2.4219641152909936
2,N->X,1788165817.3341095,20.760429956018925,175.074,6.274311026153457,2.5023434530559934,2.431474191431141
2,N->X,1788165817.4088264,20.835147236008197,175.142,6.262196253095098,2.512700907690944,2.43817355657458
2,N->X,1788165817.9744747,21.400795941997785,175.482,6.205624493911478,2.5593764627280775,2.4693835046001786
2,N->X,1788165817.9888184,21.41513937601121,175.55,6.194322908977962,2.568317207042584,2.476553374017289
2,N->X,1788165818.2099411,21.63626199803548,175.72,6.166952837346528,2.5894680749198953,2.492631461664112
2,N->X,1788165818.2220397,21.648360522987787,175.788,6.156146213090801,2.5976190824354393,2.4998665896799324
2,N->X,1788165818.365731,21.792052889999468,175.89,6.139378007544085,2.610021423331603,2.5107827683046295
2,N->X,1788165818.5088875,21.935207817004994,175.992,6.1228874874543635,2.6219504669211307,2.521420215925842
2,N->X,1788165818.9974582,22.423779164033476,176.264,6.0792118318132,2.6522695279740627,2.5502128255641536
2,N->X,1788165819.1486795,22.575000151002314,176.4,6.05779849122892,2.6664554117469526,2.5639559472622113
2,N->X,1788165819.161746,22.5880666890298,176.468,6.046071644544126,2.6740458299948107,2.572059454766546
2,N->X,1788165819.3085988,22.734919573005755,176.57,6.029018888905888,2.6848396232417313,2.585127577894587
2,N->X,1788165820.0756242,23.50194561103126,176.978,5.958497339019882,2.726266424900998,2.6397804054099914
2,N->X,1788165820.0888014,23.5151216990198,177.046,5.945906693334292,2.733092366878111,2.6516009959975464
2,N->X,1788165820.0998433,23.526163700036705,177.114,5.933415408514748,2.7396946710624865,2.662202880518144
2,N->X,1788165820.1102662,23.53658668004209,177.182,5.9209963056804735,2.7460438304123276,2.680748543420912
2,N->X,1788165820.6697974,24.09611846599728,177.488,5.856810526704567,2.775605020369211,2.738813131498427
2,N->X,1788165820.8145685,24.24088998901425,177.59,5.835264818045416,2.7846290163841445,2.7527080328809195
2,N->X,1788165820.827768,24.254088826011866,177.658,5.820825971461354,2.7904792844461603,2.761985889008524
2,N->X,1788165821.4652267,24.891547696024645,178.032,5.734571238466928,2.8212511328732632,2.83785836795652
2,N->X,1788165821.4785666,24.904887295037042,178.1,5.7165886692621095,2.826798086703792,2.8492276731158688
2,N->X,1788165821.489313,24.915637313039042,178.168,5.698554939913901,2.8321280814271566,2.8619791715488967
2,N->X,1788165821.6347365,25.061057312006596,178.27,5.671304061991732,2.8397315850345337,2.8825247602725925
2,N->X,1788165821.7811651,25.207485919992905,178.372,5.643641895162629,2.846720167241031,2.9086413518675975
2,N->X,1788165821.9309762,25.357297164038755,178.474,5.615811764878824,2.8531077090417636,2.9244262744243494
2,N->X,1788165822.008928,25.43524853902636,178.542,5.597226199540721,2.8571303179134095,2.935398409630797
2,N->X,1788165822.1628423,25.589163488999475,178.678,5.559920288735075,2.864597146141094,2.956451327700256
2,N->X,1788165822.3086655,25.73498595901765,178.78,5.531802852216085,2.8697058343641726,2.967646909705212
2,N->X,1788165822.4562418,25.882563004037365,178.882,5.503685827330222,2.8745620512796193,2.9761030448899692
2,N->X,1788165822.534732,25.961053245002404,178.95,5.4849186276774935,2.8775847345437984,2.9917671661360115
2,N->X,1788165822.8263326,26.252653267001733,179.154,5.428326798404531,2.8853168330901755,3.0159144601550203
2,N->X,1788165822.9783146,26.40463559300406,179.29,5.390534747638694,2.889969070779345,3.022712908399739
2,N->X,1788165823.608355,27.03467573900707,179.63,5.295917712790917,2.900537858960284,3.0391280398182787
2,N->X,1788165823.621448,27.04776851204224,179.698,5.27697338676066,2.9024590402290253,3.0427558133291615
2,N->X,1788165823.6321628,27.05848305299878,179.766,5.258025223493657,2.904307966347292,3.046481074169092
2,N->X,1788165823.711158,27.137479077035096,179.868,5.229595694706209,2.9069495693523084,3.0522547351297096
2,N->X,1788165823.856859,27.283179600024596,179.97,5.2011531329280825,2.90942735638955,3.0583043927177096
2,N->X,1788165824.0019817,27.428302423038986,180.072,5.17269380775651,2.9117246890925466,3.0646263094323762
2,N->X,1788165824.3601205,27.78644204302691,180.276,5.115710361714886,2.915801765736559,3.074839773864499
2,N->X,1788165824.5077105,27.934031034004875,180.378,5.087200173914971,2.9176876705285513,3.0760991500997124
2,N->X,1788165824.6518078,28.07812866102904,180.48,5.058693008757992,2.9195492894672923,3.0767439364156606
2,N->X,1788165824.7275295,28.15385043801507,180.548,5.039690107851313,2.9207797920846548,3.0771194195643856
2,N->X,1788165825.225828,28.65214920701692,180.854,4.9541783823531444,2.92619932855827,3.0799221239606385
2,N->X,1788165825.2406273,28.666947652993258,180.922,4.9351707547196995,2.9273642313843613,3.080812503752494
2,N->X,1788165825.2523046,28.67862496501766,180.99,4.9161605048095405,2.928514442157177,3.0818027367161447
2,N->X,1788165825.326732,28.75305300898617,181.058,4.897148940101853,2.929646276936124,3.0828960795307014
2,N->X,1788165825.481813,28.908133588032797,181.194,4.859125895363144,2.9318373076258086,3.0853511147695705
2,N->X,1788165825.6294177,29.05573863099562,181.296,4.830608644734922,2.93341945064786,3.0873486828577277
2,N->X,1788165825.776457,29.202778375998605,181.398,4.802090107615201,2.9349416466293206,3.0895322325730787
2,N->X,1788165826.2095952,29.635916199011263,181.636,4.7355360060199585,2.938230936154122,3.095410752512739
2,N->X,1788165826.2235641,29.649884909042157,181.704,4.716512879270935,2.939095138525788,3.0972226215052467
2,N->X,1788165826.235968,29.66228886001045,181.772,4.697487400787398,2.939926761476248,3.099096270847169
2,N->X,1788165826.3790736,29.80539435602259,181.874,4.668949544618909,2.941107490791652,3.102020634153521
2,N->X,1788165826.5269895,29.953311362012755,181.976,4.640411497775726,2.9421990042867487,3.1049955848902964
2,N->X,1788165826.6756794,30.102000223996583,182.078,4.611870296798382,2.9432085615085044,3.108010872486479
2,N->X,1788165827.1665409,30.59286144800717,182.35,4.53575536029855,2.9454620890929184,3.1166147617136217
2,N->X,1788165827.1814797,30.607800191035494,182.418,4.516720077820828,2.9459224160554953,3.11883350711775
2,N->X,1788165827.1935878,30.61990817601327,182.486,4.497681970872874,2.9463388743405163,3.1210650155114608
2,N->X,1788165827.4765325,30.90285314602079,182.656,4.450090873285798,2.9471978107278765,3.1266261345457402
2,N->X,1788165827.6296248,31.05594559601741,182.792,4.412017256549422,2.9476919638982673,3.1310170721641586
2,N->X,1788165827.77493,31.20125119900331,182.894,4.383460023039054,2.9479571233256636,3.1342826775276746
2,N->X,1788165827.8506145,31.276935264992062,182.962,4.364424628023912,2.948081432052742,3.1364758787321825
2,N->X,1788165828.0032551,31.429576028021984,183.098,4.326352688870461,2.9482012724725597,3.1408424832272184
2,N->X,1788165828.4248314,31.851152478018776,183.336,4.259710017711094,2.9480233358809755,-3.135006187482756
2,N->X,1788165828.5075219,31.93384271702962,183.438,4.23115557239868,2.9478008537315903,-3.132038593137319
2,N->X,1788165829.142908,32.56922842201311,183.812,4.12645852426972,2.946293937816313,-3.122047073814199
2,N->X,1788165829.1524842,32.57880429702345,183.88,4.107422236813333,2.945909536863958,-3.1203637624004608
2,N->X,1788165829.160896,32.58721605100436,183.948,4.088383683530941,2.945495503854019,-3.1187360411670584
2,N->X,1788165829.306829,32.733149615,184.084,4.050313386505494,2.9445750593055777,-3.1158661700173145
2,N->X,1788165829.5877147,33.014035076019354,184.254,4.0027254176754745,2.9433109695852155,-3.114557034738452
2,N->X,1788165829.7401528,33.16647378902417,184.39,3.9646419086856053,2.9423074656495602,-3.1167739694523413
2,N->X,1788165830.0946996,33.52102037303848,184.594,3.9075298916813996,2.941046033905612,-3.121712210898992
2,N->X,1788165830.2409525,33.66727359400829,184.696,3.878957292757164,2.9405046751805544,-3.1243314979055268
2,N->X,1788165830.3859437,33.81226441299077,184.798,3.8503811654775686,2.9400650128952104,-3.1288789280583513
2,N->X,1788165830.529957,33.95627768500708,184.9,3.821805023705526,2.939775103575707,-3.1354612930275296
2,N->X,1788165830.6117887,34.0381101880339,184.968,3.802750359262649,2.9396951140237726,-3.140915381167239
2,N->X,1788165830.7602403,34.186561384995,185.07,3.7741636359258046,2.9397902656096058,3.1326221759911257
2,N->X,1788165831.0422654,34.46858583501307,185.24,3.7265325556786837,2.940598388919755,3.1143314300935545
2,N->X,1788165831.0548964,34.48121680901386,185.308,3.7074833967380623,2.9411756684824057,3.106245468557953
2,N->X,1788165831.066445,34.49276540603023,185.376,3.6884359974058736,2.941910248949583,3.0976960622600864
2,N->X,1788165831.209254,34.635574878018815,185.478,3.6598777300079828,2.943320411497207,3.0845659728063177
2,N->X,1788165831.3526978,34.77901873004157,185.58,3.6313410643505977,2.9451015816772004,3.0717737191762464
2,N->X,1788165831.4989493,34.92527060199063,185.682,3.60283079725462,2.9472510835978087,3.0585334457116002
2,N->X,1788165831.6463976,35.0727187700104,185.784,3.574355530144092,2.9497817734096867,3.0447258332299247
2,N->X,1788165831.9309304,35.357251433015335,185.954,3.526986676586826,2.954882695339762,3.021419475106145
2,N->X,1788165832.2209148,35.64723575901007,186.158,3.470309318188754,2.9624906131886806,2.991832235331899
2,N->X,1788165832.856008,36.282328750996385,186.532,3.3670020600089554,2.980009612846832,2.9543362189318705
2,N->X,1788165832.869367,36.295687440026086,186.6,3.348328617610073,2.98360738805616,2.947419113366588
2,N->X,1788165832.8814654,36.30778577103047,186.668,3.329634950344437,2.987306126351409,2.943272546969495
2,N->X,1788165833.0943072,36.52062774600927,186.804,3.292350802288679,2.9950550657200563,2.9288587583304544
2,N->X,1788165833.109618,36.535938388027716,186.872,3.273560127379695,2.9990931725473087,2.9322420803139106
2,N->X,1788165833.2540457,36.68036666500848,186.974,3.2455779834061844,3.005028114200879,2.9301025022191443
2,N->X,1788165834.2310586,37.657379712036345,187.484,3.1069491190194203,3.0400260075630166,2.8553244376673903
2,N->X,1788165834.2441874,37.670508126029745,187.552,3.088665865571113,3.0454868781758146,2.843516557506079
2,N->X,1788165834.2565503,37.68287079798756,187.62,3.0704271383234976,3.0511860192924787,2.831541188788492
2,N->X,1788165834.2676928,37.69401301903417,187.688,3.052305034082023,3.057024861853894,2.8276048642525624
2,N->X,1788165834.277637,37.70395732601173,187.756,3.0342142587191105,3.062933790598579,2.8216334319855814
2,N->X,1788165834.7743416,38.20066274999408,188.062,2.9536775104694484,3.092217372430695,2.7596643906600034
2,N->X,1788165835.0658689,38.49218969501089,188.266,2.901068080941881,3.114505321358809,2.7187672536533567
2,N->X,1788165835.0792224,38.505542770028114,188.334,2.8837081804869955,3.1224245684957213,2.7046452622052763
2,N->X,1788165835.437475,38.86379605601542,188.572,2.8236897264517604,3.1513044358026354,2.6776955476831548
2,N->X,1788165835.6526096,39.07893040898489,188.708,2.7897954352695606,3.168794148041599,2.6487845572702806
2,N->X,1788165835.6671147,39.09343542798888,188.776,2.7730469660419206,3.1778982510735183,2.6348318304319376
2,N->X,1788165835.8112042,39.237524841038976,188.878,2.7481853479678806,3.1919541592215475,2.616251686443926
2,N->X,1788165835.9576535,39.38397507602349,188.98,2.7235758680694664,3.206502328313793,2.595706256557141
2,N->X,1788165836.1733,39.59962124103913,189.116,2.691187812736887,3.2265937167218497,2.5741936071273357
2,N->X,1788165836.192286,39.618606525007635,189.184,2.675160230616118,3.236913120877075,2.562316384450795
2,N->X,1788165837.0283606,40.45468150603119,189.626,2.572904324293191,3.3069517791514067,2.513814600666915
2,N->X,1788165837.0427623,40.46908261603676,189.694,2.5575306409313057,3.3182035275187847,2.503743369212123
2,N->X,1788165837.054814,40.48113478301093,189.762,2.5422707903792814,3.329604629122443,2.4940713710275104
2,N->X,1788165837.2718303,40.69815172301605,189.932,2.504589396079322,3.3587148922786496,2.4723677346408466
2,N->X,1788165837.284779,40.711099295993336,190.0,2.4896885542510687,3.370575068310357,2.4646456295938677
2,N->X,1788165837.3595428,40.78586358600296,190.068,2.4748795099659127,3.3825513080102443,2.4569543350072367
2,N->X,1788165837.5081346,40.93445650202921,190.17,2.4528392620100807,3.4007268543725915,2.445733352882764
2,N->X,1788165837.868841,41.29516172700096,190.374,2.4093469626599053,3.437787627889216,2.425052032089782
2,N->X,1788165838.0141087,41.44042996800272,190.476,2.387885505882456,3.4566386843373818,2.415650169669303
2,N->X,1788165838.02967,41.45599031902384,190.544,2.373675985755372,3.469313170186379,2.4098040050852365
2,N->X,1788165838.1807647,41.607085455034394,190.68,2.345477294700733,3.494898795812119,2.398873562585929
2,N->X,1788165838.3268216,41.75314247200731,190.782,2.324510341446802,3.514282673429808,2.3911834320116285
2,N->X,1788165838.4719043,41.89822560903849,190.884,2.3036862025225866,3.533825064990495,2.38397058161483
2,N->X,1788165838.619141,42.04546375403879,190.986,2.282990166181213,3.5535115995916344,2.3780224331941016
2,N->X,1788165838.6915088,42.11782895500073,191.054,2.269223275990318,3.5667355906339773,2.373722780855707
2,N->X,1788165838.9756398,42.401960402028635,191.258,2.2282697215035974,3.6068256651895334,2.358701727565697
2,N->X,1788165839.127737,42.554058214009274,191.394,2.2013188063294873,3.633966919657035,2.344705602322774
2,N->X,1788165839.2744458,42.70076656201854,191.496,2.1814565683375493,3.6544580964919766,2.336471525248095
2,N->X,1788165839.4893372,42.915657930017915,191.632,2.155155571049251,3.6821840811893662,2.3232173611909683
2,N->X,1788165839.5029902,42.92931082902942,191.7,2.142054170679771,3.696279718443761,2.313312522296306
2,N->X,1788165839.9246743,43.350995187007356,191.938,2.0977981644643617,3.7461501494263447,2.2855878053691456
2,N->X,1788165840.0732489,43.499569679028355,192.074,2.0729138998527,3.7750141663003585,2.278639531130337
2,N->X,1788165840.4267035,43.85302424902329,192.278,2.0359558881679147,3.8187351041940825,2.264195914458233
2,N->X,1788165840.4411185,43.86743906000629,192.346,2.0238958342937607,3.8333918448923243,2.2527062648179723
2,N->X,1788165840.8051372,44.231458235008176,192.584,1.984110736457919,3.8831280954417617,2.2418045523368697
2,N->X,1788165840.8184426,44.24476274399785,192.652,1.9730141004936692,3.8971636871373896,2.2373112318663555
2,N->X,1788165842.1402118,45.56653196900152,193.366,1.8509509299817868,4.0550043672287295,2.2240512094213507
2,N->X,1788165842.1492767,45.575596943032,193.434,1.8393767893725628,4.070099750634687,2.226618575608628
2,N->X,1788165842.156901,45.58322110603331,193.502,1.8277518065350127,4.085162217134958,2.2301805834670425
2,N->X,1788165842.1645572,45.59087738598464,193.57,1.8160948399526504,4.100182734768847,2.232794314505191
2,N->X,1788165842.1715415,45.597862316994,193.638,1.8043932020372642,4.115206502442585,2.230887467144154
2,N->X,1788165842.1776993,45.604019330989104,193.706,1.7928569476757075,4.130161929001992,2.224113605680138
2,N->X,1788165842.1837225,45.61004269699333,193.774,1.7813667598761718,4.1452243324144895,2.2217851032540326
2,N->X,1788165842.254718,45.68103872000938,193.842,1.7698664854676753,4.160289105202216,2.2251418027668945
2,N->X,1788165842.9625676,46.38888845400652,194.25,1.7000036522535769,4.250058309525197,2.231232838925819
2,N->X,1788165843.1223204,46.548641598026734,194.386,1.6765771632006314,4.279931841373538,2.242477219516451
2,N->X,1788165843.2665484,46.69286931899842,194.488,1.6587925654642455,4.302177283744398,2.24991588628246
2,N->X,1788165843.8314495,47.257770463009365,194.794,1.6048441989431799,4.36862067212283,2.2508255229975695
2,N->X,1788165843.8473988,47.27371903002495,194.862,1.5928621926338702,4.3833809747336225,2.256604082839315
2,N->X,1788165843.930358,47.3566795020015,194.964,1.5747073252079775,4.4053869728291986,2.265754679306641
2,N->X,1788165844.2257202,47.652040912013035,195.168,1.5378641943268456,4.448961805335279,2.279617689307363
2,N->X,1788165844.439945,47.86626622703625,195.304,1.5130181874832982,4.477781065916793,2.2863808194230977
2,N->X,1788165844.4539287,47.88024905399652,195.372,1.5005403837291083,4.492187966848962,2.281548851463288
2,N->X,1788165844.8055296,48.23185053799534,195.576,1.4633421223154268,4.535482283512421,2.287286521635443
2,N->X,1788165844.8791053,48.30542674002936,195.644,1.4508090454050218,4.5498054571189614,2.2932970594231636
2,N->X,1788165844.9602458,48.386566337023396,195.746,1.4318551019603845,4.5711548361205026,2.3016068754459456
2,N->X,1788165845.1095412,48.53586174198426,195.882,1.4063284136471685,4.599387411898539,2.311526105999336
2,N->X,1788165845.530478,48.9567992950324,196.12,1.361160700964568,4.648399126498212,2.3131934827560836
2,N->X,1788165845.5446942,48.97101493203081,196.188,1.34830464921931,4.662423386828033,2.3134562720861314
2,N->X,1788165845.8293037,49.255624582001474,196.358,1.3159179213385206,4.697262934142113,2.3285556583892544
2,N->X,1788165845.911365,49.33768647303805,196.46,1.2962043285875726,4.71792029714624,2.3377634036198307
2,N->X,1788165846.0618281,49.48814888903871,196.596,1.2696377764141005,4.745186511429776,2.3486352266868917
2,N->X,1788165846.2053046,49.63162534101866,196.698,1.2495548119873143,4.765434225646337,2.3575628073313424
2,N->X,1788165846.6967936,50.123114711022936,196.97,1.194906863670141,4.818400455680184,2.3879455555280416
2,N->X,1788165846.7099767,50.13629751803819,197.038,1.1809906041131346,4.8313843297390076,2.395291176194888
2,N->X,1788165847.2077944,50.63411550800083,197.344,1.1172605706200778,4.888562617220587,2.4265021616340583
2,N->X,1788165847.2212567,50.647577275987715,197.412,1.102862475209485,4.900998411149811,2.4333619883733806
2,N->X,1788165847.2336314,50.659951773996,197.48,1.0883779573871977,4.913334370317113,2.4404059535720286
2,N->X,1788165847.3781972,50.804518415010534,197.582,1.0664843145007838,4.9316456805896305,2.4512590750373087
2,N->X,1788165847.5239859,50.950306461018045,197.684,1.0443869753738655,4.949715321786649,2.4627111840803
2,N->X,1788165848.926049,52.35236961400369,198.398,0.8917223225548239,5.063104530002113,2.539018698964083
2,N->X,1788165848.9384115,52.364731913025025,198.466,0.8768423372229123,5.073240537064528,2.5514752665091307
2,N->X,1788165848.9490688,52.37538914004108,198.534,0.8637418502625194,5.081897508261575,2.56809000119368
2,N->X,1788165848.9583647,52.38468647398986,198.602,0.8511593398286033,5.089918841133308,2.5826909139692953
2,N->X,1788165848.9681268,52.39444684400223,198.67,0.8384706941419917,5.097776271232278,2.593610332037434
2,N->X,1788165848.9765878,52.402907710988075,198.738,0.826257157096919,5.105171217011961,2.6028456032507483
2,N->X,1788165848.9832404,52.40956045599887,198.806,0.8141425401358051,5.1123526438356715,2.612101060746557
2,N->X,1788165848.9895227,52.4158425090136,198.874,0.8013927548748995,5.119749886254972,2.6214239556491066
2,N->X,1788165849.129604,52.55592590599554,198.976,0.7821651535137651,5.13062029478752,2.6355708273372636
2,N->X,1788165849.8238902,53.25021032500081,199.35,0.7157821713637117,5.165125923467687,2.6929437987696825
2,N->X,1788165849.9750795,53.40140005399007,199.486,0.6904270014816307,5.176870273292614,2.723302234120343
2,N->X,1788165850.0508504,53.47717129299417,199.554,0.6779828101459328,5.182350031466284,2.732387130970193
2,N->X,1788165851.1066217,54.53294241602998,200.132,0.5700767344600385,5.223676779902594,2.8210291399453222
2,N->X,1788165851.1191907,54.54551143798744,200.2,0.556666982099812,5.228078102441669,2.8305039221626274
2,N->X,1788165851.130464,54.556784651009366,200.268,0.5431755289841178,5.2323676990376695,2.8396536310914833
2,N->X,1788165851.1410227,54.56734308699379,200.336,0.5298492914934771,5.236458310558349,2.8499268133938376
2,N->X,1788165851.1506517,54.576971951988526,200.404,0.5163512093287282,5.240467308400825,2.8589827095626723
2,N->X,1788165851.1590462,54.58536637801444,200.472,0.5030235472827814,5.244246104158647,2.8767257541796436
2,N->X,1788165851.5082312,54.93455249501858,200.676,0.4614969727163637,5.254648361731429,2.9111850078316444
2,N->X,1788165852.1429014,55.56922320299782,201.016,0.3691125419264372,5.2733245150904695,2.982172432797704
2,N->X,1788165852.156092,55.58241213503061,201.084,0.3502969773465078,5.276256681487232,2.9942303218699524
2,N->X,1788165852.167007,55.593327187991235,201.152,0.3313980376324206,5.278971344213779,3.006892733412815
2,N->X,1788165852.4524422,55.87876283802325,201.356,0.2746050576739008,5.28579693818062,3.0411630070005278
2,N->X,1788165852.879025,56.305345731030684,201.628,0.1987558677016452,5.292025225946141,3.0794380877553182
2,N->X,1788165852.8924372,56.318757662025746,201.696,0.17976186413497808,5.293142856883366,3.0887670144471526
2,N->X,1788165853.7324076,57.158728305017576,202.138,0.056174730990996645,5.295798387309125,-3.126624786600066
2,N->X,1788165853.7462273,57.17254768899875,202.206,0.03716183434718844,5.295428639260249,-3.1146816298641014
2,N->X,1788165853.7586758,57.184996196010616,202.274,0.018153186084416757,5.294829666310263,-3.102244474690628
2,N->X,1788165853.7691016,57.195421762997285,202.342,-0.0008482985503808928,5.293988662320752,-3.089307550563135
2,N->X,1788165853.778567,57.20488725800533,202.41,-0.01983498014900098,5.292900233272996,-3.0758418568695807
2,N->X,1788165853.785707,57.212027047004085,202.478,-0.03880071484276392,5.291551399961032,-3.0618073925116356
2,N->X,1788165855.5264382,58.95275917102117,203.362,-0.2814408228715523,5.245663399865461,-2.8374409379034637
2,N->X,1788165855.539031,58.96535304002464,203.43,-0.299648552634288,5.239827371103744,-2.8236061842806945
2,N->X,1788165855.5501266,58.97644712700276,203.498,-0.31769185705406355,5.233805869675749,-2.812921603100107
2,N->X,1788165855.5600066,58.986327018006705,203.566,-0.3356421732941783,5.227569850276851,-2.797497374576388
2,N->X,1788165855.5683475,58.99466746801045,203.634,-0.35347166839809324,5.221022016792271,-2.7770669800680827
2,N->X,1788165855.5762138,59.002533986989874,203.702,-0.37117869942449894,5.21409171316507,-2.7557286895205872
2,N->X,1788165855.5838509,59.01017057802528,203.77,-0.38873296959739095,5.206774588444574,-2.7336067832303725
2,N->X,1788165856.139685,59.56600625900319,204.076,-0.46566771159410336,5.16932341598422,-2.645461462045945
2,N->X,1788165856.2851439,59.711465010012034,204.178,-0.49060066379814815,5.155494173790625,-2.6201610743724713
2,N->X,1788165856.4305925,59.85691345098894,204.28,-0.5151034841721941,5.140933930224706,-2.585855856125205
2,N->X,1788165856.7134905,60.139811313012615,204.45,-0.554724626891164,5.114717233081319,-2.524212637159652
2,N->X,1788165856.8630679,60.289388659992255,204.586,-0.5852311219145765,5.092039770814888,-2.4773484775419385
2,N->X,1788165856.9408886,60.367209868039936,204.654,-0.600090164264236,5.08018173211089,-2.455417482605323
2,N->X,1788165857.0915432,60.517864605993964,204.79,-0.6290497784145824,5.055528205227224,-2.414813029932162
2,N->X,1788165857.2388172,60.66513807501178,204.892,-0.650133774207567,5.0363011906235,-2.387189601980321
2,N->X,1788165857.385088,60.81140875199344,204.994,-0.6707029384938373,5.0165156663050405,-2.3618457704198463
2,N->X,1788165857.531276,60.95759803499095,205.096,-0.6907784859120936,4.9962364143983775,-2.3381079109049985
2,N->X,1788165857.6771405,61.103461169986986,205.198,-0.7103530589179686,4.975489392354653,-2.3133232392299536
2,N->X,1788165857.8300757,61.25639637699351,205.3,-0.7293909458809827,4.9542404738961325,-2.2874253153910478
2,N->X,1788165858.1863852,61.61270580801647,205.504,-0.7657572094238411,4.910320280020133,-2.2350837056689548
2,N->X,1788165858.1993825,61.62570314499317,205.572,-0.7773120387647109,4.895310273335654,-2.213859602563311
2,N->X,1788165858.3422415,61.76856283098459,205.674,-0.79402356885768,4.872205289753262,-2.177155988874
2,N->X,1788165858.6272867,62.05360813101288,205.844,-0.8203640751212632,4.8326434365660775,-2.138894525634187
2,N->X,1788165859.5646749,62.990995689004194,206.354,-0.8886132708205465,4.707787249653625,-2.0070918907045012
2,N->X,1788165859.578477,63.004797141999006,206.422,-0.8964692828055694,4.690608829487906,-1.9872102688046982
2,N->X,1788165859.5898473,63.01616781699704,206.49,-0.9039874139968539,4.6731539149015475,-1.9633796753291357
2,N->X,1788165859.5999832,63.026303658029065,206.558,-0.9111300130641976,4.655504139434963,-1.9451474893157121
2,N->X,1788165859.6096816,63.0360019110376,206.626,-0.9180007002486609,4.637766349556103,-1.9337669566188829
2,N->X,1788165859.618856,63.045176059007645,206.694,-0.9246576856712317,4.619989525049924,-1.921927323852442
2,N->X,1788165860.2495203,63.67584163299762,207.034,-0.9536018462728492,4.529507050260374,-1.8419807460895348
2,N->X,1788165860.3337462,63.76006825803779,207.136,-0.9609870300561207,4.502077600845588,-1.8223778653794174
2,N->X,1788165860.4885342,63.91485482204007,207.272,-0.9698023208735903,4.465108388491345,-1.7839456538297156
2,N->X,1788165860.6346433,64.06096404901473,207.374,-0.9756163170163851,4.437165335078556,-1.7667537673541849
2,N->X,1788165860.9170809,64.34340187802445,207.544,-0.9842853349592958,4.390482001460679,-1.7395484477634362
2,N->X,1788165861.6263294,65.0526504300069,207.952,-0.9989944964774518,4.277380638183245,-1.6605139727560192
2,N->X,1788165861.6400828,65.06640363903716,208.02,-1.000646162136647,4.25842113883728,-1.6534021875217806
2,N->X,1788165861.6516356,65.07795635401271,208.088,-1.0021662799033877,4.239456897699725,-1.6466775004260243
2,N->X,1788165861.6622887,65.08860893402016,208.156,-1.0035599416720173,4.220482431422542,-1.6400261564208292
2,N->X,1788165862.5059063,65.93222756299656,208.632,-1.0095840759705468,4.087456859814255,-1.588707981231745
2,N->X,1788165862.5245326,65.95085325802211,208.7,-1.0098661939279006,4.06843330463924,-1.5805504182898944
2,N->X,1788165862.540048,65.96636839100393,208.768,-1.0099919757670035,4.049413101532066,-1.5722384317413274
2,N->X,1788165862.8248534,66.25117439002497,208.938,-1.00960061207695,4.001873250826121,-1.5503773415309106
2,N->X,1788165862.912856,66.33917667903006,209.04,-1.0088545090807113,3.9733555932848823,-1.536521133928544
2,N->X,1788165863.6922135,67.118534712994,209.482,-1.000785726676246,3.8500665239413903,-1.4690172474303855
2,N->X,1788165863.7046788,67.13099927001167,209.55,-0.9987804741653972,3.8311487068503585,-1.4589781232407475
2,N->X,1788165863.7157745,67.14209477498662,209.618,-0.9965978924653432,3.812246265370482,-1.4505904115785486
2,N->X,1788165863.725631,67.151951389038,209.686,-0.9942549139797793,3.793363383361678,-1.4419856157217588
2,N->X,1788165863.804817,67.2311378280283,209.754,-0.9917610964159994,3.774523513221574,-1.4339940711941925
2,N->X,1788165864.2322645,67.65858515101718,210.026,-0.9802975391804154,3.6992854531673247,-1.4037924475216503
2,N->X,1788165864.2449248,67.67124499502825,210.094,-0.9770941658783439,3.680464618782673,-1.4010035017381417
2,N->X,1788165864.5308235,67.95714423502795,210.264,-0.9690256774558373,3.633622570110535,-1.3926633528755727
2,N->X,1788165866.27973,69.70605177001562,211.182,-0.9148360204285428,3.3823360821931927,-1.3313368533923764
2,N->X,1788165866.2926798,69.71900016401196,211.25,-0.9103025666040917,3.3637575249663985,-1.3328007428330144
2,N->X,1788165866.305233,69.7315535240341,211.318,-0.905862252311543,3.345237817461042,-1.3388567454014537
2,N->X,1788165866.3153617,69.74168196402024,211.386,-0.9015106199775273,3.326724369842873,-1.3398591543038263
2,N->X,1788165866.3248825,69.75120298599359,211.454,-0.8971300874210483,3.3082010542003433,-1.3356590207786363
2,N->X,1788165866.3360226,69.76234280702192,211.522,-0.8926637718513064,3.2896737764008863,-1.3318048533142919
2,N->X,1788165866.3463504,69.77267074899282,211.59,-0.8881357311279935,3.271143454540288,-1.329925890526666
2,N->X,1788165866.3523958,69.77871569001582,211.658,-0.8835949333764925,3.252680845787037,-1.3278729568991043
2,N->X,1788165866.3591776,69.78549733798718,211.726,-0.8790035921103121,3.234135089443192,-1.328300763011276
2,N->X,1788165866.3649173,69.79123721201904,211.794,-0.8744131840785941,3.2155909171969763,-1.3280129974468897
2,N->X,1788165867.3410478,70.76736872503534,212.304,-0.8423325077183713,3.076288540719789,-1.3563129168464392
2,N->X,1788165867.3555627,70.78188338602195,212.372,-0.8383464747199054,3.05762999948165,-1.3672509437293094
2,N->X,1788165867.9221041,71.34842494799523,212.678,-0.8239529636266097,2.9730276409341028,-1.4485946962807497
2,N->X,1788165867.9362743,71.36259457399137,212.746,-0.8217543093430193,2.9541151842094813,-1.4644735280385064
2,N->X,1788165868.2210002,71.64732108300086,212.95,-0.8167370813201401,2.897154127725903,-1.5052071023483815
2,N->X,1788165868.372011,71.79833190503996,213.086,-0.8147099639392072,2.8590801597279047,-1.533415251094387
2,N->X,1788165868.4494846,71.87580686801812,213.154,-0.8141048843081572,2.8400189685860866,-1.5484010879114507
2,N->X,1788165869.0908434,72.51716491399566,213.528,-0.8164611437588609,2.735161046086824,-1.6474414101116877
2,N->X,1788165869.1049838,72.53130411199527,213.596,-0.8180716861315463,2.716146890108978,-1.6687135186554405
2,N->X,1788165869.1168053,72.54312590201152,213.664,-0.8200929277947718,2.6971712745777374,-1.6909885069964277
2,N->X,1788165869.26447,72.69079100899398,213.8,-0.8254392507770522,2.659385060711001,-1.7369373857771515
2,N->X,1788165869.4808712,72.90719225199427,213.936,-0.8324120180847718,2.6219137015474048,-1.7771310605992319
2,N->X,1788165869.7741246,73.20044548501028,214.14,-0.8456819930306314,2.5663251280184016,-1.8368216143279126
2,N->X,1788165870.6867535,74.1130742559908,214.65,-0.8912175900263067,2.4311124096774632,-1.9656580951108373
2,N->X,1788165870.7005582,74.12687832803931,214.718,-0.8986029642447563,2.4135677525601835,-1.9748638316793379
2,N->X,1788165870.7142067,74.14052695501596,214.786,-0.9061686876171383,2.396049932273825,-1.9860746454383804
2,N->X,1788165870.725659,74.1519790859893,214.854,-0.9139773819236423,2.378655941825191,-2.0040821572167906
2,N->X,1788165870.8037536,74.23007481201785,214.956,-0.9262530924941854,2.352858175263378,-2.0293688702658157
2,N->X,1788165871.0911334,74.5174542950117,215.16,-0.9522225626067063,2.3019748880357023,-2.0600429204008033
2,N->X,1788165871.378786,74.80510698800208,215.364,-0.9799851152350606,2.252167574392582,-2.0967458794891
2,N->X,1788165871.5302267,74.95654736598954,215.5,-0.9992588336529027,2.2192728710266367,-2.1103569852817095
2,N->X,1788165871.8161428,75.24246410501655,215.67,-1.0241840123311974,2.1787796661941092,-2.135256547742389
2,N->X,1788165872.0307066,75.45702758099651,215.806,-1.0446319039462486,2.1467407163597443,-2.139332070146837
2,N->X,1788165872.0443366,75.47065701003885,215.874,-1.0548894061269896,2.1306712614558396,-2.1400526289796513
2,N->X,1788165872.3258338,75.75215445598587,216.044,-1.0808436639783727,2.0907809102459973,-2.1559653018289726
2,N->X,1788165872.478736,75.90505677001784,216.18,-1.1018417053721428,2.059180872151439,-2.155752355135472
2,N->X,1788165872.6233592,76.04968043399276,216.282,-1.1175151207161647,2.0352929090707463,-2.148125795662404
2,N->X,1788165872.701938,76.12825910904212,216.35,-1.127919453779896,2.019334589597975,-2.1500239084621557
2,N->X,1788165873.1298537,76.5561752130161,216.622,-1.1694160345988758,1.9556691035413538,-2.1364494569262122
2,N->X,1788165873.1434672,76.56978797499323,216.69,-1.179557883640141,1.9395415803786642,-2.127624291201237
2,N->X,1788165873.428262,76.85458304802887,216.86,-1.204562064044637,1.8990837152946232,-2.120458198522932
2,N->X,1788165873.5111828,76.9375039600418,216.962,-1.2193148018285327,1.8747797003224063,-2.1105436401471547
2,N->X,1788165874.081022,77.50734335399466,217.302,-1.2659832748249915,1.791993745870981,-2.0666469637853924
2,N->X,1788165874.0947077,77.52102831203956,217.37,-1.2749463066570332,1.7753021167487446,-2.058854144409524
2,N->X,1788165874.7961855,78.22250672400696,217.744,-1.3210750011745742,1.680744165156934,-1.9948565693694824
2,N->X,1788165874.8120708,78.23839196003973,217.812,-1.3288489924119748,1.6632291544150397,-1.9794601100819702
2,N->X,1788165874.8247552,78.25107565603685,217.88,-1.3363538912311288,1.645685787261308,-1.9703586636431942
2,N->X,1788165874.8363004,78.26262062700698,217.948,-1.3437837816904268,1.6279337472137239,-1.9627875018583127
2,N->X,1788165874.8456364,78.27195650100475,218.016,-1.3510859199478318,1.6100754981334842,-1.9532413865736664
2,N->X,1788165874.853635,78.27995535702212,218.084,-1.3581925545335127,1.5921639893390782,-1.9413346381775243
2,N->X,1788165875.3416433,78.7679639570415,218.356,-1.384036757309941,1.5196466347883082,-1.8813296086289486
2,N->X,1788165875.4947865,78.92110762099037,218.492,-1.3955412710158284,1.4828849856191044,-1.8648745929843646
2,N->X,1788165875.640216,79.06653694499983,218.594,-1.4037023360508407,1.455280084696563,-1.850986261685123
2,N->X,1788165875.9268582,79.3531798190088,218.764,-1.4164950767523372,1.4087297028233663,-1.8205420599969344
2,N->X,1788165876.428514,79.85483478999231,219.07,-1.435223407780398,1.32427009955974,-1.770384997998261
2,N->X,1788165876.4418662,79.86818717303686,219.138,-1.4389872089200115,1.3053874251077588,-1.7627558827352572
2,N->X,1788165876.5220482,79.94836892199237,219.24,-1.4443426702434636,1.2770747642583757,-1.7512854959493624
2,N->X,1788165876.8135734,80.23989423998864,219.444,-1.454080473144406,1.2201108242644958,-1.7206452798632208
2,N->X,1788165877.4527326,80.87905372399837,219.818,-1.4677153653377062,1.115843032621476,-1.6915703856088269
2,N->X,1788165877.465564,80.89188417303376,219.886,-1.4699956891636128,1.0969337714256038,-1.6904648192757035
2,N->X,1788165877.4762926,80.90261335403193,219.954,-1.4722609844426038,1.0779067565142906,-1.686908717630414
2,N->X,1788165877.623553,81.04987383703701,220.09,-1.4766426227886087,1.0399235815217696,-1.6840434336470564
2,N->X,1788165877.768748,81.19506871001795,220.192,-1.4798052439759182,1.0115176752824453,-1.68011841807671
2,N->X,1788165878.056471,81.4827922800323,220.362,-1.4850652964680409,0.9638143130224925,-1.6760996495706042
2,N->X,1788165878.1398637,81.56618459901074,220.464,-1.4879239424791186,0.935138839183096,-1.6638635854629902
2,N->X,1788165878.2908316,81.71715283201775,220.6,-1.491433513721643,0.8971916329090792,-1.6645195178303154
2,N->X,1788165878.5045362,81.93085698504001,220.736,-1.4951109038253458,0.8592754166881584,-1.6722244034016907
2,N->X,1788165878.6571345,82.08345515298424,220.872,-1.4991173841058796,0.8214062087206586,-1.680633384153071
2,N->X,1788165878.8029628,82.2292842430179,220.974,-1.5023267253972794,0.7930098618568664,-1.6877316298911946
2,N->X,1788165878.9510694,82.37739002500894,221.076,-1.5057099165140788,0.7646606193581029,-1.6927286788703424
2,N->X,1788165879.1672738,82.59359525801847,221.212,-1.5104909971159615,0.7268780347957357,-1.7003055555409679
2,N->X,1788165879.1830893,82.60940979898442,221.28,-1.5129795640576638,0.7079735388431644,-1.7045629559912787
2,N->X,1788165879.3264365,82.75275842502015,221.382,-1.51685928914406,0.6796888786869986,-1.7090395896333896
2,N->X,1788165879.4727995,82.89912066503894,221.484,-1.5208684505818773,0.6513575286543368,-1.7160871217587026
2,N->X,1788165879.6193185,83.04563940898515,221.586,-1.5250183067583711,0.6228915332380576,-1.711903072822585
2,N->X,1788165879.7006803,83.12700095999753,221.654,-1.5276724811519244,0.6039612435848825,-1.7082629958582418
2,N->X,1788165879.8558056,83.28212634800002,221.79,-1.5328880136084786,0.5665977997060969,-1.7140898465800776
2,N->X,1788165880.002667,83.42898846702883,221.892,-1.537099390459426,0.5382640937353399,-1.7240561255898044
2,N->X,1788165880.424579,83.85089979803888,222.13,-1.5477873094933792,0.47256622665612175,-1.7381130808006615
2,N->X,1788165880.4389606,83.86528151103994,222.198,-1.5510101735562773,0.45377318971134734,-1.7433801035216385
2,N->X,1788165880.4501357,83.87645646801684,222.266,-1.5542894050333147,0.4348700028566058,-1.7477622498804943
2,N->X,1788165880.7381158,84.16443743999116,222.47,-1.5641925514795523,0.37873782186783683,-1.742950702523782
2,N->X,1788165880.8836765,84.30999811302172,222.572,-1.5691124433644397,0.35080443785838905,-1.7510211558419189
2,N->X,1788165881.0315905,84.45791192504112,222.674,-1.5743143964147783,0.322920152107793,-1.7586760881315389
2,N->X,1788165881.3852487,84.81156929500867,222.878,-1.5851378856483376,0.2672477762927884,-1.7651325983027952
2,N->X,1788165882.1510658,85.57738725002855,223.286,-1.6079510915210584,0.15587954837604637,-1.7765452170070235
2,N->X,1788165882.1652715,85.59159218904097,223.354,-1.611737750324696,0.13751973586433208,-1.7797306967900408
2,N->X,1788165882.1766002,85.60292059200583,223.422,-1.6157656262666729,0.11872460945418202,-1.78361779906763
2,N->X,1788165882.1867232,85.61304381198715,223.49,-1.6196879933053423,0.1006274121511926,-1.7869873135227508
2,N->X,1788165882.2609422,85.68726330000209,223.558,-1.6237198836107483,0.08227797768072447,-1.790469003048572
2,N->X,1788165882.8978782,86.32419920101529,223.932,-1.6468513970789207,-0.01930504606820893,-1.8049717985207163
2,N->X,1788165882.9114568,86.33777764101978,224.0,-1.6512711363536188,-0.03791753956202555,-1.8037748698787264
2,N->X,1788165882.9233098,86.34963033202803,224.068,-1.6556260288492197,-0.056422831322661245,-1.8035589659101252
2,N->X,1788165883.137205,86.56352562102256,224.204,-1.6645277426424228,-0.09331096887010645,-1.8134020238998936
2,N->X,1788165883.1508467,86.57716742902994,224.272,-1.6690406440475105,-0.11147278506512971,-1.8168580929033264
2,N->X,1788165883.2947366,86.72105744702276,224.374,-1.6759404127480324,-0.13901637951614834,-1.8191520618115693
2,N->X,1788165883.580693,87.00701373501215,224.544,-1.6876394726755357,-0.1852524025803102,-1.8239831141018061
2,N->X,1788165883.8707676,87.2970884150127,224.748,-1.7022732643908756,-0.24014783906697387,-1.838343519573516
2,N->X,1788165884.0229712,87.44929227203829,224.884,-1.7125026310718727,-0.27709907958760244,-1.8417848029883146
2,N->X,1788165884.1756866,87.60200786602218,224.986,-1.7201024914463416,-0.3050248930251798,-1.8341317404811528
2,N->X,1788165884.2634227,87.689744472038,225.054,-1.7250336052395003,-0.32325156812825134,-1.8384207005619748
2,N->X,1788165884.8997927,88.32611356501002,225.428,-1.7540090190647373,-0.42354446281731734,-1.8635191123229335
2,N->X,1788165884.9132307,88.33955088100629,225.496,-1.7594579900379295,-0.4416118057407265,-1.8656409128401645
2,N->X,1788165884.923637,88.3499573750305,225.564,-1.7651286095808916,-0.4603406332814287,-1.8609474643138466
2,N->X,1788165885.0709991,88.4973196600331,225.7,-1.7758562809935852,-0.4972874737932069,-1.8497980693352296
2,N->X,1788165885.149411,88.57573234802112,225.768,-1.7810987255467756,-0.515455569149346,-1.8553290061988055
2,N->X,1788165885.5714505,88.99777121201623,226.006,-1.800098600700389,-0.5790939382081302,-1.8676274773458164
2,N->X,1788165885.584529,89.0108493930311,226.074,-1.8056891963692867,-0.59732611228382,-1.8692157078468514
2,N->X,1788165885.7300513,89.15637261403026,226.176,-1.8141594396881995,-0.6247133974730936,-1.8685876675189352
2,N->X,1788165886.0119872,89.4383081140113,226.346,-1.8278782666092088,-0.6703722447733494,-1.863484759991648
2,N->X,1788165886.0949712,89.52129198401235,226.448,-1.8361576276006804,-0.6975775435386462,-1.8689432853032355
2,N->X,1788165886.5274372,89.95375801599585,226.72,-1.8588259614456806,-0.7711428195130212,-1.8629813165578357
2,N->X,1788165886.5412817,89.96760243101744,226.788,-1.8642433145324022,-0.7891510171848326,-1.8648837205447462
2,N->X,1788165886.754308,90.1806292909896,226.924,-1.8754398517944244,-0.8256149693086803,-1.871746500988492
2,N->X,1788165886.7677915,90.1941121800337,226.992,-1.8811326587864534,-0.8440123715438723,-1.87276428554336
2,N->X,1788165886.910802,90.33712281403132,227.094,-1.889874809669907,-0.8721983146411423,-1.8655069858007536
2,N->X,1788165887.4728208,90.89914155099541,227.4,-1.9154261466137277,-0.9560282113927809,-1.867599495205984
2,N->X,1788165887.4850576,90.91137792001246,227.468,-1.921105695429084,-0.9748369724767275,-1.8635766692829892
2,N->X,1788165887.5591893,90.98551009700168,227.536,-1.9265611078412952,-0.9928688581619131,-1.8653096799849684
2,N->X,1788165888.2083561,91.63467671303079,227.91,-1.9578203245581747,-1.0950022137239188,-1.8602605932965883
2,N->X,1788165888.2196198,91.64594037999632,227.978,-1.9633092239158458,-1.113304684956505,-1.8651439767838913
2,N->X,1788165888.2295363,91.655856664991,228.046,-1.9688352589512672,-1.1313807266199576,-1.8683036037065148
2,N->X,1788165888.2343082,91.6606285829912,228.08,-1.9718132390771377,-1.1411880250507331,-1.8699476566029642
2,N->X,1788165888.5144625,91.94078340003034,228.25,-1.9858132868213803,-1.18715641935531,-1.8644027680964959
2,N->X,1788165888.5214822,91.9478031200124,228.284,-1.988713307478703,-1.196807557881122,-1.8664278930974252
2,N->X,1788165888.8849387,92.31126032100292,228.488,-2.005788889567906,-1.2524421969490813,-1.8695579037385333
2,N->X,1788165888.899127,92.32544737902936,228.556,-2.011543570103158,-1.271181003578629,-1.8638015730793442
2,N->X,1788165889.3301244,92.75644593499601,228.828,-2.034029150886293,-1.3456175883514538,-1.8667741515308443
2,N->X,1788165889.3451056,92.77142635302152,228.896,-2.0396858817990826,-1.3642066510211304,-1.8668159492402916
2,N->X,1788165889.6302397,93.05656044301577,229.066,-2.053465048830806,-1.4101938390660649,-1.8605780378736896
2,N->X,1788165889.6374555,93.06377682799939,229.1,-2.0563571476796105,-1.4199133541759863,-1.8631233126203457
2,N->X,1788165889.6525273,93.07884789601667,229.168,-2.061874401119354,-1.4380811931288486,-1.865230618755649
2,N->X,1788165890.0032187,93.42953933199169,229.372,-2.0787963734466155,-1.4943563561946362,-1.8628278252705832
2,N->X,1788165890.14839,93.57471125404118,229.474,-2.087210007680727,-1.5223307701769286,-1.864188154606383
2,N->X,1788165890.3689015,93.79522219201317,229.61,-2.098159235001757,-1.5590656975321857,-1.8582297854700747
2,N->X,1788165890.3758502,93.80217116401764,229.644,-2.101083180578271,-1.5689122941627534,-1.859562161482535
2,N->X,1788165890.6665823,94.09290374803822,229.848,-2.11765670181518,-1.6246121175200494,-1.86060641153411
2,N->X,1788165890.8173718,94.24369313800707,229.984,-2.12849957991757,-1.6613026592894538,-1.8556972795699052
2,N->X,1788165890.8941956,94.32051646301989,230.052,-2.134057811570198,-1.680307694128049,-1.8575343604873422
2,N->X,1788165891.181987,94.60830786899896,230.256,-2.150400257436402,-1.735615531157147,-1.855199187540833
2,N->X,1788165891.1890967,94.61541725700954,230.29,-2.1532654609390693,-1.7454372638155826,-1.8565423554026645
2,N->X,1788165891.5443015,94.97062228503637,230.494,-2.1696351104902454,-1.8012160067148344,-1.8529039513860097
2,N->X,1788165891.5565808,94.98290122603066,230.562,-2.1750086690967283,-1.819714713729688,-1.8555995028152577
2,N->X,1788165891.7044785,95.13079901301535,230.698,-2.1859508210709726,-1.8568701447106721,-1.8572808629378321
2,N->X,1788165892.1252294,95.55155069299508,230.936,-2.204979387110693,-1.921624893862528,-1.8555500968133842
2,N->X,1788165892.206462,95.63278289901791,231.038,-2.213110637949869,-1.9493376644054639,-1.8563448920340635
2,N->X,1788165892.635086,96.06140684703132,231.31,-2.2347780492831415,-2.0232198264719155,-1.8582060421536577
2,N->X,1788165892.64908,96.07540059299208,231.378,-2.240249270009546,-2.0417270294929066,-1.8554711975253115
2,N->X,1788165892.6598566,96.08617710799444,231.446,-2.2456810844048336,-2.060174071591394,-1.858105009746247
2,N->X,1788165893.153212,96.57953300903318,231.752,-2.2703536553154446,-2.142915828201574,-1.8661465205547785
2,N->X,1788165893.1601884,96.58650924300309,231.786,-2.2732682330467173,-2.1524883761669846,-1.86841357542018
2,N->X,1788165893.3047783,96.73109920701245,231.888,-2.281763016440863,-2.1801930103470903,-1.8694942938903414
2,N->X,1788165893.4517443,96.87806498201098,231.99,-2.2902743810487376,-2.2079976640093095,-1.8640769899947585
2,N->X,1788165893.8045516,97.23087254399434,232.194,-2.3070411816345957,-2.262745066314054,-1.873852819740159
2,N->X,1788165893.8111835,97.23750426300103,232.228,-2.3100416574610168,-2.2723376095052554,-1.8752607270281392
2,N->X,1788165893.8241966,97.25051714398433,232.296,-2.315683016517489,-2.290355514403315,-1.8746314998468445
2,N->X,1788165893.967044,97.39336484001251,232.398,-2.3243947255619406,-2.318106254816594,-1.8716506973335387
2,N->X,1788165894.1814234,97.6077440920053,232.534,-2.33573480045737,-2.3545128181125423,-1.8764479712614572
2,N->X,1788165894.4083161,97.83463668898912,232.704,-2.3501957760173435,-2.40007607568298,-1.8821989489980664
2,N->X,1788165894.4206426,97.8469630710315,232.772,-2.356077873087824,-2.4183011609748744,-1.8855565625567203
2,N->X,1788165894.563606,97.98992650699802,232.874,-2.3650795525204598,-2.446070160786907,-1.8794943974712233
2,N->X,1788165894.9146986,98.34101927699521,233.078,-2.3823823696156956,-2.500386625389509,-1.8850503762300073
2,N->X,1788165894.988232,98.41455283301184,233.146,-2.388336503268218,-2.5184769197444705,-1.8898826063093623
2,N->X,1788165895.2802544,98.70657528599259,233.35,-2.4064641823525608,-2.572856754552289,-1.8909207334684128
2,N->X,1788165895.511668,98.9379889020347,233.52,-2.421553249113313,-2.618020526444129,-1.8999769672758284
2,N->X,1788165895.5252492,98.95157020399347,233.588,-2.427799915866905,-2.636157152468091,-1.9051652776901762
2,N->X,1788165895.6710432,99.09736431599595,233.69,-2.437184955839157,-2.663057966894844,-1.9097190627434417
2,N->X,1788165896.2288744,99.65519516798668,233.996,-2.4660881079009354,-2.7437291629254252,-1.9176731355594578
2,N->X,1788165896.2414834,99.66780397802358,234.064,-2.4726229317600463,-2.7615957049505435,-1.9271081662478966
2,N->X,1788165896.3280382,99.75435896101408,234.166,-2.48269900833283,-2.7882745367251265,-1.9386592440861043
2,N->X,1788165897.660177,101.08649845403852,234.88,-2.5579631051123264,-2.9736411242163445,-1.978272157912002
2,N->X,1788165897.6752977,101.10161894798512,234.948,-2.5655515277013143,-2.99109607491692,-1.9847674268626518
2,N->X,1788165897.6873085,101.11362907901639,235.016,-2.5732607533773453,-3.0085251541011586,-1.9919275377720382
2,N->X,1788165897.6967683,101.12308847904205,235.084,-2.581061198527248,-3.0258589643279503,-1.9963292506108343
2,N->X,1788165897.7058709,101.13219135499094,235.152,-2.588946984455687,-3.0431460076211936,-2.0019452390267163
2,N->X,1788165897.7139983,101.14031887502642,235.22,-2.5968753916005762,-3.060454452247714,-1.9966887327324947
2,N->X,1788165897.7213864,101.14770665898686,235.288,-2.6047269193787916,-3.0777953974222703,-1.9968711336243194
2,N->X,1788165898.0804458,101.50676696602022,235.492,-2.628848965098788,-3.1296011814877964,-2.0182035658526876
2,N->X,1788165898.2254088,101.6517321630381,235.594,-2.641285361421679,-3.1553135400708996,-2.026682433904112
2,N->X,1788165898.3712893,101.79761021299055,235.696,-2.653824032699637,-3.180894542270542,-2.0229112447261306
2,N->X,1788165898.5175407,101.94386126799509,235.798,-2.6662922644077405,-3.2066020287559347,-2.025755001192513
2,N->X,1788165898.6658003,102.09212133503752,235.9,-2.678939831946655,-3.2322162550261075,-2.034016436195879
2,N->X,1788165898.8789964,102.30531725403853,236.036,-2.696099887985811,-3.2662117733636555,-2.042327369071905
2,N->X,1788165899.0284884,102.45480917801615,236.172,-2.7134789732116853,-3.3000870530916133,-2.0470296434054416
2,N->X,1788165899.5175536,102.94387464702595,236.444,-2.746656310711782,-3.3659191814457836,-2.036973195944824
2,N->X,1788165899.534895,102.9612156880321,236.512,-2.7544296410525866,-3.381324717886864,-2.0399511932795917
2,N->X,1788165899.5486307,102.97495142702246,236.58,-2.7621324249722305,-3.39651303703342,-2.040497114486125
2,N->X,1788165899.9028876,103.3292087680311,236.784,-2.7839093480293164,-3.4401327701435043,-2.0277106927413295
2,N->X,1788165900.048869,103.47519010602264,236.886,-2.7941469521401565,-3.4609248160895296,-2.0296495202213656
2,N->X,1788165900.1937702,103.62009096099064,236.988,-2.8038017801791475,-3.4806400153209167,-2.021509680475734
2,N->X,1788165900.207523,103.6338438410312,237.056,-2.810081112606449,-3.493621697600216,-2.0207390294713106
2,N->X,1788165900.358444,103.78476500703255,237.192,-2.8218417983567314,-3.518358772849173,-2.008079102320361
2,N->X,1788165900.9206395,104.34696035803063,237.498,-2.8461832529246984,-3.570503837942391,-2.0063372230640963
2,N->X,1788165900.9322946,104.35861483000917,237.566,-2.851113299722148,-3.581189253526349,-1.9973124544734848
2,N->X,1788165901.011157,104.43747851403896,237.668,-2.8582144091738297,-3.5969635191867857,-1.992567878392143
2,N->X,1788165901.1591835,104.5855046880315,237.77,-2.865159559792679,-3.612435914400929,-1.9926646042600704
2,N->X,1788165901.9278207,105.35414180404041,238.178,-2.8896606984109012,-3.668094525333746,-1.9806766864875867
2,N->X,1788165901.9490163,105.37533689598786,238.28,-2.895196679845929,-3.6808039655608766,-1.9815700331500399
2,N->X,1788165901.9668248,105.39314495801227,238.382,-2.9004842446716417,-3.6930043806748456,-1.9790129092923907
2,N->X,1788165902.522415,105.94873617700068,238.688,-2.9149765842631243,-3.727522040264217,-1.965133355582436
2,N->X,1788165902.54032,105.96664046501974,238.79,-2.9194269952894984,-3.7382033545207713,-1.9664050208695558
2,N->X,1788165902.822033,106.24835433799308,238.96,-2.926327147315564,-3.7550441187301895,-1.9560171710112095
2,N->X,1788165903.0449727,106.47129367501475,239.13,-2.932819866829237,-3.7709872784670817,-1.9589944609533962
2,N->X,1788165903.2029057,106.62922653503483,239.3,-2.9389220041979516,-3.7859946223563554,-1.9480904679256514
2,N->X,1788165903.6981182,107.1244387680199,239.572,-2.9477648047254634,-3.8082221839518233,-1.9532958281014572
2,N->X,1788165904.2117944,107.63811580603942,239.946,-2.958505925081482,-3.8355508449955082,-1.938955982742667
2,N->X,1788165904.521223,107.94754404603736,240.252,-2.9664915775926355,-3.8560744657852095,-1.9373453157006726
2,N->X,1788165904.8131137,108.23943467001664,240.456,-2.971522547854375,-3.8694416401400735,-1.9316976694346408
2,N->X,1788165905.0483303,108.47465101099806,240.694,-2.9774476446943234,-3.885015933898354,-1.9340219565637147
2,N->X,1788165905.2736626,108.69998322299216,240.864,-2.9816641731916707,-3.8961260396577297,-1.923934979729805
2,N->X,1788165905.8391979,109.26551852602279,241.204,-2.9898467840886576,-3.9184991189297773,-1.9243442650621134
3,X->Y,1788165913.4927516,0.36004664102802053,246.95,-2.99115505032435,-3.915767511522577,0.020208261118947333
3,X->Y,1788165915.3980234,2.2653187990072183,248.378,-2.9722872842827606,-3.915189195674852,0.028305400219896228
3,X->Y,1788165915.410473,2.277768050029408,248.446,-2.9616145563851384,-3.9148504124672336,0.03968955202821341
3,X->Y,1788165917.149811,4.017106530023739,249.364,-2.785713598791911,-3.875966048542302,0.3740221858187186
3,X->Y,1788165917.1639526,4.0312473680241965,249.432,-2.769531257888839,-3.869420836741046,0.39915429276915015
3,X->Y,1788165917.1742718,4.041566456027795,249.5,-2.753347173583518,-3.8623878738780917,0.4254475721398072
3,X->Y,1788165917.1837213,4.051015692995861,249.568,-2.736152321226862,-3.8544081251575544,0.44731364289210535
3,X->Y,1788165917.1925619,4.059856394014787,249.636,-2.719088967010917,-3.846021984774379,0.47001971440076057
3,X->Y,1788165917.2011492,4.068443596013822,249.704,-2.7022269871145967,-3.8372699202023948,0.4917868264527305
3,X->Y,1788165917.2089221,4.076216496992856,249.772,-2.685520575776482,-3.8281428723664845,0.5112489952859112
3,X->Y,1788165917.2160182,4.083312691014726,249.84,-2.669034398593839,-3.8187077049135207,0.5324164415384673
3,X->Y,1788165917.2226644,4.089958730037324,249.908,-2.6527140499041955,-3.8088971586910003,0.5527742798092442
3,X->Y,1788165917.228568,4.095862284011673,249.976,-2.6365643711486277,-3.798815868222596,0.5644105888766933
3,X->Y,1788165918.2770753,5.144370113033801,250.52,-2.5128282041344647,-3.7103900773000027,0.6736070160391422
3,X->Y,1788165918.2894778,5.1567724930355325,250.588,-2.4979935310977845,-3.6984737441336306,0.6809287199890652
3,X->Y,1788165918.5053027,5.372599166992586,250.724,-2.468553168370357,-3.6743305869306653,0.6933101048691686
3,X->Y,1788165918.5207567,5.388051383022685,250.792,-2.4539326959019743,-3.662126156920515,0.6985800774707244
3,X->Y,1788165919.0755253,5.942820181022398,251.098,-2.388840136110827,-3.606400433694623,0.7167803204560548
3,X->Y,1788165919.0898745,5.957169361994602,251.166,-2.3745093978239433,-3.5938789876311072,0.7198798533473503
3,X->Y,1788165919.1701834,6.037478539044969,251.268,-2.3530845429310565,-3.5750195571825123,0.7239883720298995
3,X->Y,1788165919.6698818,6.537176423007622,251.54,-2.296244089276283,-3.5243174208890413,0.73254182372849
3,X->Y,1788165919.6804495,6.547743909002747,251.608,-2.2820903747669847,-3.511565841685577,0.7342808433831973
3,X->Y,1788165919.6905947,6.557889019022696,251.676,-2.267959702537749,-3.4987918290886664,0.7359018196929537
3,X->Y,1788165919.9710655,6.838360699010082,251.846,-2.232725035943198,-3.4667755263145907,0.7386480780205645
3,X->Y,1788165920.7473757,7.614670548005961,252.288,-2.140921087989785,-3.3837629906935796,0.7311745392862838
3,X->Y,1788165920.7598093,7.6271038930281065,252.356,-2.126735111932403,-3.371045010585239,0.7304034356530679
3,X->Y,1788165920.7708752,7.6381694780429825,252.424,-2.1125422016187043,-3.3583388734482895,0.7298167496029014
3,X->Y,1788165920.780596,7.6478903500246815,252.492,-2.0983459732343492,-3.3456429288846197,0.7294111145651462
3,X->Y,1788165920.853723,7.721018487995025,252.56,-2.084149633321269,-3.3329554306524,0.72917977101075
3,X->Y,1788165921.6987824,8.566077592025977,253.036,-1.9848015889311899,-3.2441205930622306,0.7306852034656459
3,X->Y,1788165921.714382,8.58167655102443,253.104,-1.9706172880083448,-3.23140245644624,0.7312107003218623
3,X->Y,1788165921.727448,8.594742777990177,253.172,-1.9564394789652513,-3.21867727611922,0.7315330442217176
3,X->Y,1788165922.3593316,9.2266271780245,253.512,-1.8853858334842306,-3.155323929825685,0.7237822271739541
3,X->Y,1788165922.3741717,9.2414665450342,253.58,-1.8711133077562623,-3.142725371301836,0.7223217113938603
3,X->Y,1788165922.3874793,9.25477423099801,253.648,-1.8568187573169983,-3.1301421609239033,0.721101542815521
3,X->Y,1788165922.6758163,9.54311156499898,253.852,-1.813848033816792,-3.0924614881596084,0.7188622672595782
3,X->Y,1788165923.3096647,10.176959844015073,254.226,-1.73511617086465,-3.023454382607149,0.7244432752373545
3,X->Y,1788165923.3217595,10.189054034999572,254.294,-1.7208812021452098,-3.010824047764223,0.7274585616347871
3,X->Y,1788165923.3319867,10.199281351000536,254.362,-1.7066790524473459,-2.998146145160997,0.730433653148269
3,X->Y,1788165923.4818935,10.349188977037556,254.498,-1.6783834027215907,-2.972662116948001,0.7368419353868629
3,X->Y,1788165923.6279533,10.495248334016651,254.6,-1.65735690167738,-2.953362492900319,0.7503662686276665
3,X->Y,1788165923.9813662,10.848662328033242,254.804,-1.6161493931863544,-2.9138600577262688,0.7803122378049179
3,X->Y,1788165923.9948306,10.862125392013695,254.872,-1.6026978912079084,-2.9004091778083847,0.791949570126097
3,X->Y,1788165924.4882994,11.355594419001136,255.144,-1.5500398925394243,-2.8454314241427214,0.8214972990903998
3,X->Y,1788165924.5047107,11.372005607991014,255.212,-1.537125692075011,-2.831472460464619,0.828616463333056
3,X->Y,1788165924.5189102,11.386204919021111,255.28,-1.5243078506872383,-2.8173787420275445,0.8376763512026589
3,X->Y,1788165924.8017142,11.669009450997692,255.45,-1.4929248956159724,-2.7816750214172936,0.8676987210711095
3,X->Y,1788165925.582251,12.449546808027662,255.892,-1.4137787443375578,-2.686588324677838,0.8849096289158465
3,X->Y,1788165925.59534,12.462634659023024,255.96,-1.4017384999981704,-2.6718158118015136,0.8887101095779011
3,X->Y,1788165925.6068645,12.474158868019003,256.028,-1.3898184802644151,-2.6570533388072177,0.8967529711647506
3,X->Y,1788165925.6167183,12.484012605040334,256.096,-1.3780226327615408,-2.6421246973747077,0.9090991861314454
3,X->Y,1788165926.1711621,13.038457032002043,256.402,-1.3259928308174669,-2.5740601743374807,0.9181375444642598
3,X->Y,1788165926.1852362,13.05253134900704,256.47,-1.3144598168745256,-2.5589722645106674,0.9181071079174673
3,X->Y,1788165926.1978774,13.065172306029126,256.538,-1.3029193300183728,-2.5438866235926803,0.9175760016483788
3,X->Y,1788165926.9712527,13.838548036990687,256.98,-1.2289798465731356,-2.4447321300117917,0.926553984112025
3,X->Y,1788165926.985453,13.852747571014334,257.048,-1.2175605784203034,-2.429571754741848,0.923034244401842
3,X->Y,1788165927.4191895,14.286484821001068,257.32,-1.1718112019959117,-2.368893673557613,0.9337498233173049
3,X->Y,1788165927.435525,14.302819769014604,257.388,-1.1604743521943108,-2.3535542170490182,0.9334180469940314
3,X->Y,1788165927.5839572,14.451252628001384,257.49,-1.1440967288727188,-2.331497241107465,0.9296257276881572
3,X->Y,1788165927.7984033,14.665698426018935,257.626,-1.123560257997379,-2.3040061917364967,0.928743617011178
3,X->Y,1788165927.812798,14.680092963040806,257.694,-1.114983991541,-2.2925406667469117,0.9269775663672013
3,X->Y,1788165928.1795478,15.046843124029692,257.898,-1.0892832956755185,-2.2583584322229737,0.9255734833904056
3,X->Y,1788165928.1933563,15.060651367995888,257.966,-1.0807018161074828,-2.2469374230975028,0.926381353036911
3,X->Y,1788165928.553501,15.420795882993843,258.204,-1.051224075448001,-2.206640840764639,0.9495645688269407
3,X->Y,1788165928.5670366,15.434331263008062,258.272,-1.0429194719588981,-2.1950345813558805,0.949028607507646
3,X->Y,1788165928.712617,15.579911784036085,258.374,-1.0304995308879983,-2.177681240755205,0.9504567508189812
3,X->Y,1788165929.1358376,16.003132400044706,258.612,-1.0018349934867368,-2.1369280336820706,0.9723547170351141
3,X->Y,1788165929.1501434,16.01743827102473,258.68,-0.99385722577675,-2.125095965164,0.9840416103864058
3,X->Y,1788165929.294239,16.161534181039315,258.782,-0.982059873720775,-2.1072095480626207,0.9902124180171459
3,X->Y,1788165929.5085053,16.375801201036666,258.918,-0.9665123129160142,-2.0833621163310694,0.9974148413778247
3,X->Y,1788165929.520479,16.387773686030414,258.986,-0.9588342625337049,-2.071399148060685,1.0043146355733596
3,X->Y,1788165929.807196,16.674490934994537,259.156,-0.940128535376187,-2.0409986994272864,1.0318606463465005
3,X->Y,1788165929.890334,16.757629628002178,259.258,-0.929202706338616,-2.0225795286263333,1.0396106690292743
3,X->Y,1788165930.1793194,17.046614698017947,259.462,-0.9079331114307544,-1.9853768656258086,1.0714411260415972
3,X->Y,1788165930.606282,17.473577111028135,259.734,-0.8813432285377366,-1.9344746910844197,1.1012118512055966
3,X->Y,1788165930.6192195,17.48651441698894,259.802,-0.8748675557905765,-1.9216087666017534,1.1093781067898125
3,X->Y,1788165930.6302307,17.497525635990314,259.87,-0.8684292409232361,-1.9085029314591675,1.1228460192210403
3,X->Y,1788165931.1226609,17.989956108038314,260.142,-0.8447561733408949,-1.8558681592060058,1.1658142484836398
3,X->Y,1788165931.484408,18.351702748041134,260.38,-0.8254197356026466,-1.8089683373683323,1.1959632758991603
3,X->Y,1788165931.4975922,18.364887156989425,260.448,-0.8201154718314237,-1.7953714832317558,1.2041976401746184
3,X->Y,1788165931.5087698,18.37606435100315,260.516,-0.8149088713977206,-1.7814900044859152,1.2256687064000116
3,X->Y,1788165931.5182526,18.38554699299857,260.584,-0.8100752835380566,-1.7676971443620249,1.2451232300787711
3,X->Y,1788165931.8727827,18.740077655005734,260.788,-0.7967026219518382,-1.7264962275985036,1.266642547791445
3,X->Y,1788165932.4327238,19.300019215035718,261.094,-0.7782907682723647,-1.664240480939538,1.3028652009199908
3,X->Y,1788165932.446551,19.3138462100178,261.162,-0.774438436418528,-1.6499488029172455,1.317858615933249
3,X->Y,1788165932.45818,19.325474640005268,261.23,-0.7709254443256586,-1.6358794374466121,1.339034965316375
3,X->Y,1788165932.47032,19.337614633026533,261.298,-0.76769914014768,-1.6218510116684173,1.3525747098056837
3,X->Y,1788165932.7555647,19.622859966009855,261.468,-0.7601810527402149,-1.586897412328039,1.3656846475849849
3,X->Y,1788165932.897798,19.765093372028787,261.57,-0.7558909673237828,-1.5658502085412163,1.3741779829112826
3,X->Y,1788165933.1794302,20.046725015039556,261.74,-0.7491484894148713,-1.5305732180658014,1.392793554305086
3,X->Y,1788165933.469817,20.33711174200289,261.944,-0.7427170642979973,-1.4925729235560061,1.4237457057798952
3,X->Y,1788165933.5524778,20.419772916997317,262.046,-0.7402488306181969,-1.4751990492244236,1.4350166591972446
3,X->Y,1788165933.7025955,20.56989101698855,262.182,-0.73625552357156,-1.4451457303263986,1.4438235075892922
3,X->Y,1788165933.8556855,20.722980287042446,262.284,-0.733367152883966,-1.4219022458217778,1.4521213833142739
3,X->Y,1788165934.2149174,21.082213463028893,262.488,-0.728231994475078,-1.3753934827151904,1.4718237340233
3,X->Y,1788165934.3584504,21.2257465160219,262.59,-0.725993408486856,-1.3521255210638268,1.4783342743836703
3,X->Y,1788165934.3688936,21.2361886560102,262.658,-0.7245860734197299,-1.3363747839962794,1.4891819183672323
3,X->Y,1788165934.5165837,21.38387838099152,262.794,-0.7223999672578922,-1.305037740079648,1.5132748766756556
3,X->Y,1788165935.2924068,22.159701996017247,263.202,-0.7182867536273818,-1.2116582863596903,1.538642162055118
3,X->Y,1788165935.3050947,22.17238935700152,263.27,-0.7178063688221559,-1.1960968555336118,1.5423058560173224
3,X->Y,1788165935.3174536,22.184748342027888,263.338,-0.7173855763718338,-1.1805306117469863,1.5460321196341855
3,X->Y,1788165935.3291054,22.196400273998734,263.406,-0.7170214669109133,-1.1649594756322625,1.5498345530085018
3,X->Y,1788165935.3418374,22.209131909010466,263.474,-0.7167207652788962,-1.1493890804148197,1.5537158686011627
3,X->Y,1788165935.9737327,22.841027942020446,263.814,-0.7161471930674347,-1.0715417050917282,1.574695773362179
3,X->Y,1788165935.9873693,22.85466443403857,263.882,-0.7162303996739667,-1.0559644114343887,1.5791438333785959
3,X->Y,1788165936.4828131,23.350108854006976,264.154,-0.7172892184738638,-0.9937119965985833,1.5975353189686263
3,X->Y,1788165936.4952712,23.362566689029336,264.222,-0.7177292366625126,-0.9781602956390587,1.6022683740522212
3,X->Y,1788165936.5056815,23.37297580303857,264.29,-0.7182421037242672,-0.9626108572821517,1.6070618770489673
3,X->Y,1788165936.9264812,23.793800884042867,264.528,-0.7206428872884294,-0.9082192570442669,1.6238119055972267
3,X->Y,1788165936.9403098,23.807604847010225,264.596,-0.7215073877609919,-0.8926968093017285,1.6286275631886276
3,X->Y,1788165937.0847168,23.95201188599458,264.698,-0.7229196758096953,-0.8694240111641954,1.6359350999272841
3,X->Y,1788165937.369262,24.23655738902744,264.868,-0.7256592433604631,-0.8305552658618339,1.6483544007185778
3,X->Y,1788165937.44437,24.311665151035413,264.936,-0.7268915005936647,-0.8149993318297865,1.652381220802423
3,X->Y,1788165937.5967736,24.46406868402846,265.072,-0.7295286150975788,-0.7838899852969925,1.6588086468366736
3,X->Y,1788165937.810823,24.6781179010286,265.208,-0.7323402571637172,-0.7526542086214959,1.6613105012002851
3,X->Y,1788165937.824806,24.69210058898898,265.276,-0.7337778156476612,-0.7367390443280619,1.6618887138540261
3,X->Y,1788165937.9689143,24.836209316039458,265.378,-0.7358656137478503,-0.713339478682537,1.6549502860781744
3,X->Y,1788165938.1111586,24.978453329997137,265.48,-0.7377894059763334,-0.6902021499625427,1.654356643268365
3,X->Y,1788165938.6046193,25.47191471303813,265.752,-0.7430278122679111,-0.6278178514953955,1.6531711166757714
3,X->Y,1788165938.6184404,25.48573514900636,265.82,-0.7443011232143931,-0.6122129351492588,1.6539893345948276
3,X->Y,1788165938.6299374,25.497231876011938,265.888,-0.7456061805208608,-0.5967706777799401,1.6532569413654867
3,X->Y,1788165938.7743278,25.641623081988655,265.99,-0.7475544703492297,-0.573384396404245,1.6498390207607547
3,X->Y,1788165938.9895518,25.856847176037263,266.126,-0.7497911371548687,-0.542612541939938,1.6407262602224737
3,X->Y,1788165939.0029597,25.87025433103554,266.194,-0.7508619431432876,-0.5271566881157564,1.641751367894176
3,X->Y,1788165939.1463494,26.01364422100596,266.296,-0.7528358202975345,-0.49950085120079213,1.6418300214605828
3,X->Y,1788165939.4313993,26.29869492200669,266.466,-0.7562779491633949,-0.45230692746328804,1.6425407854415282
3,X->Y,1788165939.7216763,26.588971115008462,266.67,-0.7602670299438232,-0.3953333718114977,1.6397224488854831
3,X->Y,1788165940.0731785,26.94047359499382,266.874,-0.7637154988142362,-0.3387591824562112,1.626303914641985
3,X->Y,1788165940.0869477,26.954243259038776,266.942,-0.7647716899140049,-0.31980759668497993,1.6267002297860573
3,X->Y,1788165940.377305,27.244599978032056,267.146,-0.7680695439642896,-0.2627633977750724,1.628000303404856
3,X->Y,1788165940.5284853,27.39578032400459,267.282,-0.7702878908598585,-0.22474274466764532,1.6251246748107135
3,X->Y,1788165940.6054943,27.47279009304475,267.35,-0.7712821713957094,-0.2057640460172201,1.6238597564688766
3,X->Y,1788165941.8037896,28.671085069014225,267.996,-0.7810483906811279,-0.025147345269349548,1.6253538432879073
3,X->Y,1788165941.8176637,28.68495875300141,268.064,-0.7821191904215293,-0.006110200780170971,1.6250661410722034
3,X->Y,1788165941.8290954,28.696389937016647,268.132,-0.7831953703775391,0.012944438242341509,1.6245992585912556
3,X->Y,1788165941.8392456,28.706540393002797,268.2,-0.7841717923048802,0.03198917284464917,1.6240136076605074
3,X->Y,1788165941.848636,28.715930489008315,268.268,-0.7851633417875469,0.05103471842538495,1.6233349259016707
3,X->Y,1788165941.8562357,28.723530351009686,268.336,-0.7861825037460579,0.0700802111534791,1.6225750834389436
3,X->Y,1788165942.2034872,29.07078165904386,268.574,-0.7895716591368418,0.13687182683192367,1.618658849711318
3,X->Y,1788165942.4822178,29.349512749991845,268.744,-0.791845079777097,0.18460605489491472,1.6150742284746833
3,X->Y,1788165943.0422075,29.90950241003884,269.084,-0.7957016473394332,0.28016037482065737,1.6055851638036087
3,X->Y,1788165943.1880593,30.05535445100395,269.186,-0.7966380054272398,0.30883181503076207,1.60236298847744
3,X->Y,1788165943.2019148,30.069209867040627,269.254,-0.7972342329354791,0.32794245432979957,1.6001411386486022
3,X->Y,1788165943.351399,30.218694314011373,269.39,-0.7982972012084644,0.3661641760361626,1.595524914080166
3,X->Y,1788165943.586533,30.45382877701195,269.526,-0.7991435019336743,0.4043811501788406,1.5907788299036256
3,X->Y,1788165943.6035957,30.47089027700713,269.594,-0.7995293896391431,0.4234814884355633,1.5883472665236193
3,X->Y,1788165944.0269263,30.89422125899,269.832,-0.8004264771069644,0.49030043775787546,1.5796774148964545
3,X->Y,1788165944.0407057,30.90800058201421,269.9,-0.8005791000263872,0.5093845149077967,1.5771988559035797
3,X->Y,1788165944.2529736,31.12026881001657,270.036,-0.8007426270160366,0.5475210962923005,1.5721509182702091
3,X->Y,1788165944.33601,31.203305324015673,270.138,-0.8007351899024476,0.5761042578075461,1.568212292278936
3,X->Y,1788165944.8291154,31.696410474018194,270.444,-0.8001918645472842,0.6615772241934557,1.5673892583760936
3,X->Y,1788165945.1881511,32.055446596001275,270.682,-0.8002233497224205,0.7281688645890674,1.5758760723264562
3,X->Y,1788165945.2020042,32.06929904699791,270.75,-0.8003372347276921,0.7472063966888765,1.578328120136422
3,X->Y,1788165945.3555236,32.22281913802726,270.886,-0.8007041901517521,0.785300074633742,1.5831126873965802
3,X->Y,1788165946.4695725,33.336867331992835,271.464,-0.8041816752461202,0.9473492001615919,1.6013383846765636
3,X->Y,1788165946.4831922,33.350486940995324,271.532,-0.804777234241831,0.9664289286269574,1.6031804302020933
3,X->Y,1788165946.4942126,33.36150750599336,271.6,-0.8054074690071659,0.9855138701422812,1.6049645682651592
3,X->Y,1788165946.504203,33.37149790604599,271.668,-0.806071349294148,1.0046054432480356,1.606638530871742
3,X->Y,1788165946.5125382,33.37983270001132,271.736,-0.8067671970912489,1.0236969891727266,1.6082003070471231
3,X->Y,1788165946.663814,33.53110945102526,271.872,-0.8082455361655198,1.061876107134219,1.6111323503672352
3,X->Y,1788165947.2262182,34.093513259023894,272.178,-0.8119466732089441,1.147813110134499,1.61662577312415
3,X->Y,1788165947.2388768,34.106172070023604,272.246,-0.8128281500039541,1.1669158788041551,1.6175668047935385
3,X->Y,1788165947.602106,34.469401636044495,272.484,-0.8160421215609777,1.233797446115781,1.6201087540029295
3,X->Y,1788165948.1658852,35.033180419006385,272.79,-0.8203534100456131,1.3197933581593182,1.6214616793580352
3,X->Y,1788165948.1807392,35.04803368501598,272.858,-0.8213226840802648,1.3389063295488943,1.6215095866743687
3,X->Y,1788165948.1923602,35.05965460301377,272.926,-0.8222925960570275,1.358020017987956,1.6214558216551322
3,X->Y,1788165948.2019234,35.06921794102527,272.994,-0.8232605050273621,1.3771348343728205,1.6212995057890691
3,X->Y,1788165948.6248431,35.4921380780288,273.232,-0.8266070830669959,1.444051317464414,1.620049931766432
3,X->Y,1788165948.6389112,35.50620590901235,273.3,-0.8275451234361602,1.4631669101396316,1.61947399120411
3,X->Y,1788165948.716309,35.58360399201047,273.368,-0.8284706067950033,1.4822818997532075,1.618805809199062
3,X->Y,1788165948.8621554,35.729450532991905,273.47,-0.8298343502929244,1.5109547624199837,1.6176485426219425
3,X->Y,1788165949.9762208,36.84351610101294,274.048,-0.8367778019416571,1.6735014778066726,1.60843789784286
3,X->Y,1788165949.9894922,36.8567868390237,274.116,-0.8374875689802204,1.6926232013585558,1.6070739138704486
3,X->Y,1788165950.0027406,36.870036059990525,274.184,-0.8381718258211854,1.7117476690488849,1.6056852945193472
3,X->Y,1788165950.0167778,36.884072506043594,274.252,-0.8388267533604302,1.7308764120009792,1.6042945901423502
3,X->Y,1788165950.027202,36.89449621300446,274.32,-0.8394580959864242,1.7500041949680634,1.602880633949882
3,X->Y,1788165950.0353804,36.90267531899735,274.388,-0.8400600569812623,1.7691333517347694,1.601428786646197
3,X->Y,1788165950.5943918,37.461687086033635,274.694,-0.8424091527031679,1.8551973254020178,1.594394896238164
3,X->Y,1788165950.6076696,37.47496428003069,274.762,-0.8428546212951434,1.8743136436113546,1.5927254388929522
3,X->Y,1788165950.7592607,37.62655587802874,274.898,-0.8436243790430308,1.912534814177772,1.5892924105837962
3,X->Y,1788165950.9070368,37.77433198801009,275.0,-0.8441299045006782,1.9411905489694692,1.5866797956402292
3,X->Y,1788165951.2626288,38.129924250009935,275.204,-0.8448959473498473,1.9984734588827415,1.5813039583105408
3,X->Y,1788165951.277712,38.14500706701074,275.272,-0.8450687627920157,2.017559073235566,1.579480567892979
3,X->Y,1788165951.3541846,38.22148012003163,275.34,-0.8452221626375828,2.0366394501536846,1.5776498286653193
3,X->Y,1788165951.7156053,38.582900334033184,275.578,-0.8454811699023608,2.1033574005776385,1.5713185009735815
3,X->Y,1788165951.7904615,38.657756382017396,275.646,-0.8454857654554366,2.1224011123567874,1.569541661592767
3,X->Y,1788165951.9439547,38.81125055701705,275.782,-0.8453583369553193,2.1604702588901787,1.566222262230155
3,X->Y,1788165952.2302387,39.09753391100094,275.952,-0.8450720502359432,2.2080256875609865,1.562472257351402
3,X->Y,1788165952.3802142,39.24750943901017,276.088,-0.8447143869321526,2.246046594510051,1.5601183255970392
3,X->Y,1788165952.5944328,39.46172851201845,276.224,-0.8442540502621775,2.284049531932623,1.5584260024082501
3,X->Y,1788165952.6076262,39.474921223998535,276.292,-0.8440090676524732,2.303042187275228,1.5578171843029902
3,X->Y,1788165952.7526462,39.61994109000079,276.394,-0.8436658965173538,2.3315231810995996,1.5576051355008786
3,X->Y,1788165953.1804807,40.04777546704281,276.632,-0.8428007710057136,2.397989489230843,1.5598266184899303
3,X->Y,1788165953.1922195,40.05951457604533,276.7,-0.8426061335002187,2.4169852259925846,1.5614716770658932
3,X->Y,1788165953.404101,40.271395834046416,276.836,-0.8423380733315002,2.454997790738518,1.5662302356894409
3,X->Y,1788165953.554132,40.42142685002182,276.972,-0.84224340431248,2.493041893701121,1.5730626719881102
3,X->Y,1788165954.7418234,41.609118868014775,277.584,-0.8469802103120344,2.6649044461185243,1.633272157291295
3,X->Y,1788165954.7547967,41.62209169298876,277.652,-0.8482217612159341,2.6839129156096715,1.6421967525186008
3,X->Y,1788165954.7661917,41.633486338017974,277.72,-0.8496442942483795,2.7027804234912143,1.6503423647377968
3,X->Y,1788165954.7764263,41.643720858031884,277.788,-0.8511749972821782,2.721480642447109,1.6575947383119831
3,X->Y,1788165954.7858808,41.65317556099035,277.856,-0.8528597610988694,2.740498835994871,1.6627752828317874
3,X->Y,1788165954.794093,41.66138716903515,277.924,-0.8546703111771247,2.7593545548779788,1.670415128190673
3,X->Y,1788165954.801297,41.66859103704337,277.992,-0.8565611709522944,2.7779486125605968,1.6764304545279964
3,X->Y,1788165954.942423,41.80971818603575,278.094,-0.8595754925724357,2.8060149634380456,1.681799056000142
3,X->Y,1788165955.3003106,42.167605805036146,278.298,-0.8661534497286472,2.861992427717762,1.6948870941963927
3,X->Y,1788165955.44542,42.31271506403573,278.4,-0.8697691121134835,2.890350904636582,1.702707453329487
3,X->Y,1788165956.2147026,43.08199772803346,278.808,-0.8857642349514735,3.00199132684524,1.7237124274794011
3,X->Y,1788165956.2271702,43.09446512599243,278.876,-0.8885928422248117,3.0202636054927927,1.7257381019391898
3,X->Y,1788165956.2391403,43.10643499600701,278.944,-0.8915902464567543,3.0389990285513084,1.7289478975140353
3,X->Y,1788165956.523638,43.39093294204213,279.148,-0.9005557765598291,3.0946088382759824,1.733886982769828
3,X->Y,1788165957.1565478,44.023843672010116,279.522,-0.9176508437973891,3.196335531322206,1.7366227518390407
3,X->Y,1788165957.169684,44.03697852703044,279.59,-0.9207580940591871,3.2152032740113037,1.7339486873639887
3,X->Y,1788165957.1807766,44.04807148303371,279.658,-0.9237768682715858,3.2334445895040393,1.7329268448325765
3,X->Y,1788165957.329192,44.19648728799075,279.794,-0.9298724192536377,3.2709482528928664,1.7312053895324886
3,X->Y,1788165957.474401,44.34169627603842,279.896,-0.9336909683847101,3.2946632975408234,1.7294227157230797
3,X->Y,1788165957.6202018,44.48749686701922,279.998,-0.9372659415380812,3.316976232340915,1.7284065127026198
3,X->Y,1788165957.6956816,44.56297627801541,280.066,-0.939625937371765,3.3320823231406527,1.723049443806705
3,X->Y,1788165958.3320234,45.19931881601224,280.44,-0.9512156470026787,3.4101682926704275,1.7101140496486296
3,X->Y,1788165958.3445797,45.21187426801771,280.508,-0.9533595840008559,3.425431741290558,1.7106567242162725
3,X->Y,1788165958.3557205,45.22301492502447,280.576,-0.955855787866876,3.4433446160435874,1.7067494590135563
3,X->Y,1788165958.776559,45.64385424100328,280.814,-0.9637741289547868,3.504075601347094,1.690482651394818
3,X->Y,1788165958.7889311,45.6562259659986,280.882,-0.9656413652270213,3.5194504813101593,1.6882322849039553
3,X->Y,1788165959.2826343,46.14992938301293,281.154,-0.9725039813163314,3.5815956292717,1.6722582810499909
3,X->Y,1788165959.295066,46.16236095799832,281.222,-0.9740110198241879,3.596982005609971,1.6686600513344347
3,X->Y,1788165959.3054724,46.17276706401026,281.29,-0.9755243641312136,3.612249724043951,1.6653209794489006
3,X->Y,1788165959.4510694,46.318364800012205,281.392,-0.977683535489221,3.6365158177679175,1.6518363981527515
3,X->Y,1788165959.8742023,46.74149797501741,281.63,-0.9825167615030185,3.7031884089373115,1.6351576232481344
3,X->Y,1788165959.8881426,46.755437583022285,281.698,-0.9836880176998809,3.7223194384727787,1.6317880831944147
3,X->Y,1788165960.1739035,47.04119878000347,281.868,-0.9864001905572596,3.769730194955414,1.6189082908087613
3,X->Y,1788165960.2495902,47.11688562401105,281.936,-0.987252236525543,3.788859888923593,1.6109892092232847
3,X->Y,1788165960.329504,47.19679854501737,282.038,-0.9883111871311213,3.8175327452486534,1.6024802041596844
3,X->Y,1788165960.478115,47.345410006004386,282.174,-0.9893247891584487,3.855737167221055,1.591472795091161
3,X->Y,1788165960.6254187,47.49271476402646,282.276,-0.9898194633993695,3.8843719478477174,1.5825566140802245
3,X->Y,1788165961.048907,47.91620243602665,282.514,-0.9898758325595682,3.951104561162466,1.5591490490421185
3,X->Y,1788165961.0621302,47.92942484800005,282.582,-0.9895887363919906,3.9701419353020104,1.5518196824158055
3,X->Y,1788165961.1386585,48.005953949003015,282.65,-0.9891997463285723,3.9891657807292105,1.5442321075384022
3,X->Y,1788165961.429342,48.29663715302013,282.854,-0.9870611134777498,4.046145166261207,1.5199933398038488
3,X->Y,1788165961.8608067,48.72810179099906,283.126,-0.9819525412853457,4.121844165861774,1.4844827519482053
3,X->Y,1788165961.8733988,48.74069359403802,283.194,-0.9802161950592078,4.140822779234481,1.4733301458716073
3,X->Y,1788165961.8852336,48.75252858904423,283.262,-0.9783367126530642,4.1597268635993405,1.4647045953576656
3,X->Y,1788165962.5169194,49.38421410101,283.636,-0.9654365688814128,4.26419030020299,1.4359544311947727
3,X->Y,1788165962.5309198,49.398214415006805,283.704,-0.9628240045430094,4.282905201802715,1.4288891755962503
3,X->Y,1788165962.5414088,49.40870359103428,283.772,-0.96006907488809,4.301823341442488,1.4206223876718962
3,X->Y,1788165963.0992553,49.966550946002826,284.078,-0.9459420733631498,4.386894447589125,1.39007482311876
3,X->Y,1788165963.2500563,50.117351290013175,284.18,-0.9414685932778456,4.410500520483622,1.3749585587925286
3,X->Y,1788165963.2633107,50.13060544501059,284.248,-0.9383286093381489,4.42587529231685,1.3661852269297492
3,X->Y,1788165963.8276796,50.69497444102308,284.588,-0.9211375913132829,4.502843730300058,1.3285291151002723
3,X->Y,1788165963.8416345,50.7089296260383,284.656,-0.9173377098003875,4.517829383138466,1.3161059449107204
3,X->Y,1788165964.061194,50.92848873400362,284.826,-0.9071380083640269,4.555762566848165,1.2976808493798406
3,X->Y,1788165964.0756748,50.94296958402265,284.894,-0.902910450652369,4.57052601460354,1.2838991364432795
3,X->Y,1788165964.569117,51.43641204101732,285.166,-0.8862205381287435,4.6231651612121345,1.2492520590364238
3,X->Y,1788165964.5820343,51.44932906900067,285.234,-0.8827437548860281,4.633591024297183,1.2494915815003593
3,X->Y,1788165964.7315009,51.59879579604603,285.37,-0.8785182022577342,4.646187369373254,1.2420860249702435
3,X->Y,1788165964.954124,51.821419101033825,285.54,-0.8724199989931303,4.6636865951149025,1.2235182252781354
3,X->Y,1788165965.3168046,52.184100200014655,285.778,-0.862480155666493,4.689770391766111,1.1846581401552736
3,X->Y,1788165965.4003265,52.26762153202435,285.88,-0.857081972363116,4.7029684909686775,1.1709600872755304
3,X->Y,1788165965.7615044,52.628799422003794,286.084,-0.8404482683197595,4.740132490017636,1.1266605997270667
3,X->Y,1788165965.775871,52.64316616603173,286.152,-0.8351822030762025,4.751044305950858,1.1191519167526682
3,X->Y,1788165965.9255345,52.79282944399165,286.288,-0.8244883930836308,4.772594666599953,1.090758520486639
3,X->Y,1788165966.0707188,52.93801439501112,286.39,-0.8159399221030379,4.788746839534829,1.0694525943114122
3,X->Y,1788165966.6315231,53.498818385007326,286.696,-0.7933306636191987,4.827672604206101,1.0229708280221432
3,X->Y,1788165966.650101,53.51739573798841,286.798,-0.7854215414642871,4.840469752724771,1.0070465742772408
3,X->Y,1788165966.725358,53.59265349700581,286.866,-0.7797138899957166,4.849459663815964,0.9917038471890895
3,X->Y,1788165967.023863,53.89115770201897,287.07,-0.7703521350610526,4.863279637070847,0.9557713538412844
3,X->Y,1788165968.6298923,55.49718747200677,288.158,-0.7626074022052509,4.8738824678580315,0.9311078450028896
3,X->Y,1788165968.6439862,55.51128083001822,288.226,-0.7546276488765911,4.884524265070882,0.9204182922616165
3,X->Y,1788165968.6571364,55.52443118399242,288.294,-0.7439460692252621,4.898420205725566,0.908584923819936
3,X->Y,1788165968.6675284,55.53482293203706,288.362,-0.7320347385818228,4.913472761595125,0.8906311499308457
3,X->Y,1788165969.0228987,55.89019360701786,288.6,-0.688221566815946,4.963265636103772,0.8031535459960246
3,X->Y,1788165969.1006904,55.967985877010506,288.668,-0.6748118982691882,4.976895840304726,0.7800626161381826
3,X->Y,1788165969.467132,56.33442733203992,288.872,-0.6327311065740051,5.015754915519891,0.7104329202826108
3,X->Y,1788165969.613301,56.480595872038975,288.974,-0.6108035188964336,5.034091536178424,0.6792948562906125
3,X->Y,1788165969.8282375,56.695533737016376,289.11,-0.5808754120846051,5.057387803532415,0.6403454867408431
3,X->Y,1788165969.842008,56.70930319902254,289.178,-0.5655007900380753,5.068641816772076,0.620519591965556
3,X->Y,1788165969.8542664,56.72156119503779,289.246,-0.5499141397531556,5.07959317391873,0.600884431695619
3,X->Y,1788165970.2182384,57.085534011013806,289.484,-0.49370947484156197,5.115592151960301,0.5370355555985518
3,X->Y,1788165970.2942677,57.161563022003975,289.552,-0.4772524397427404,5.125237760995717,0.5202437618354103
3,X->Y,1788165970.7255337,57.5928292220342,289.824,-0.4099883310968031,5.1609667488302176,0.45439605735909894
3,X->Y,1788165970.7389507,57.6062456460204,289.892,-0.39279232244008055,5.169211552152604,0.43659690767115544
3,X->Y,1788165970.9522347,57.81953000603244,290.028,-0.3579824537170428,5.1848191984432646,0.40197706408723494
3,X->Y,1788165970.9652553,57.832550382008776,290.096,-0.34036835561391954,5.192167439267631,0.38620796964125226
3,X->Y,1788165971.1119893,57.97928457299713,290.198,-0.3137658306196868,5.202660226792429,0.36003287796240235
3,X->Y,1788165971.256693,58.12398833001498,290.3,-0.2868707968303548,5.212474765576959,0.3382483152156164
3,X->Y,1788165971.4741535,58.34144855104387,290.436,-0.2506609060359201,5.224373306032627,0.291247520234626
3,X->Y,1788165971.625001,58.49229618802201,290.572,-0.21395453745005744,5.234837664403437,0.2644354239177674
3,X->Y,1788165972.3925712,59.25986636400921,290.98,-0.10266026804099508,5.261168079865414,0.1992285902533747
3,X->Y,1788165972.405601,59.27289577602642,291.048,-0.08395081269969606,5.264878325644392,0.19057167750511664
3,X->Y,1788165972.417978,59.28527298202971,291.116,-0.0652083688854439,5.268427789043876,0.1820361872175576
3,X->Y,1788165972.428533,59.295827560010366,291.184,-0.04643672553216753,5.2718170906464845,0.17347744453924466
3,X->Y,1788165972.5048857,59.372181190003175,291.252,-0.02763735481863824,5.27504493437086,0.1647998606664451
3,X->Y,1788165973.7616906,60.628985485003795,291.932,0.16171360218148537,5.297542240231113,0.06431754667785172
3,X->Y,1788165973.7748537,60.64214821299538,292.0,0.18076731396692655,5.298681318054106,0.052106742504656155
3,X->Y,1788165973.785548,60.652843234012835,292.068,0.1998334223519046,5.299583739001829,0.03936816569268069
3,X->Y,1788165973.7953389,60.662633102037944,292.136,0.21890843357783407,5.300239767447006,0.026126522659544668
3,X->Y,1788165973.8041863,60.67148076102603,292.204,0.2379902480020341,5.300640362752709,0.012393592663918533
3,X->Y,1788165973.812049,60.67934311402496,292.272,0.25707712127699534,5.300775289063351,-0.001923292189760751
3,X->Y,1788165974.1654193,61.032714278029744,292.476,0.3143368050816291,5.299474212965438,-0.04821824293944771
3,X->Y,1788165974.3107057,61.17800158902537,292.578,0.34293847671375716,5.29780011425688,-0.07318832214765328
3,X->Y,1788165974.870407,61.73770239303121,292.884,0.42835091006150894,5.288305123660108,-0.15448393464523336
3,X->Y,1788165974.8831482,61.75044314400293,292.952,0.447204958062578,5.285233873973951,-0.1736580879561444
3,X->Y,1788165975.029845,61.897140003042296,293.088,0.48470814756593084,5.2780033923747345,-0.21267137838688877
3,X->Y,1788165975.2470229,62.11431833403185,293.224,0.521814453604187,5.269285669655279,-0.2549439898055642
3,X->Y,1788165975.2604039,62.12769945600303,293.292,0.5402354608341233,5.264345969684483,-0.2726293969774016
3,X->Y,1788165975.4047794,62.272075480024796,293.394,0.5676990091125904,5.256363959844021,-0.29887586670155597
3,X->Y,1788165975.5508752,62.41817009804072,293.496,0.5949695506829337,5.247712800573745,-0.3222922485692617
3,X->Y,1788165975.97263,62.83992480800953,293.734,0.6575241305370542,5.225017373308983,-0.37219202947231206
3,X->Y,1788165976.053326,62.920621083991136,293.836,0.6841232710393327,5.214471705985449,-0.38719756504485237
3,X->Y,1788165976.3412082,63.20850316801807,294.04,0.7366208787918922,5.191655200333812,-0.43820593003216296
3,X->Y,1788165976.422323,63.28961879503913,294.142,0.7624172065486755,5.179263183241727,-0.46020405614455867
3,X->Y,1788165976.5753336,63.44262944802176,294.278,0.7963799708775234,5.161840498972547,-0.48709929809433766
3,X->Y,1788165976.7226596,63.58995481103193,294.38,0.8216332237460329,5.148346494972356,-0.4987417709002976
3,X->Y,1788165976.8674092,63.73470430204179,294.482,0.8470614011292528,5.134312036577681,-0.5162104693478612
3,X->Y,1788165977.150059,64.0173544990248,294.652,0.8886440982830051,5.109892329214713,-0.5445219080153939
3,X->Y,1788165977.3019562,64.16925162600819,294.788,0.9216176100315272,5.089535983548644,-0.5653468537980534
3,X->Y,1788165977.5157223,64.38301757100271,294.924,0.9536554969728803,5.068868681958536,-0.580224178358304
3,X->Y,1788165977.5284817,64.395776594989,294.992,0.9699158205715936,5.058222228011103,-0.5892327792913117
3,X->Y,1788165977.8080842,64.67537884303601,295.162,1.0089810787390572,5.031395734730707,-0.6125057043627052
3,X->Y,1788165977.8866363,64.75393126602285,295.264,1.0320070180605316,5.0151058268555815,-0.6245267656795229
3,X->Y,1788165978.0349367,64.90223069203785,295.4,1.062521214227812,4.992728032060187,-0.6422745155398814
3,X->Y,1788165978.246543,65.11383848800324,295.536,1.0922429207945636,4.97003283049159,-0.6607471765355584
3,X->Y,1788165978.3987794,65.26607420900837,295.672,1.1221718803928196,4.946588344290941,-0.6725131010321396
3,X->Y,1788165978.6839478,65.55124275601702,295.842,1.1587803723538634,4.916953375862726,-0.6905434783579726
3,X->Y,1788165978.8319945,65.69928957900265,295.978,1.1883806429676502,4.892247025408129,-0.7008369156131845
3,X->Y,1788165979.0470219,65.91431674303021,296.114,1.217398652118813,4.867521791605844,-0.7115535058399014
3,X->Y,1788165979.0599651,65.92725983302807,296.182,1.2318418028440858,4.855024092463444,-0.7160674521945042
3,X->Y,1788165979.201973,66.06926778802881,296.284,1.2529178555994918,4.836578985527946,-0.7237319465448967
3,X->Y,1788165979.6287696,66.49606459704228,296.522,1.302133374639672,4.792371635363167,-0.739340200684539
3,X->Y,1788165979.6419806,66.50927578599658,296.59,1.3159600376313496,4.779732863655404,-0.7468553119453615
3,X->Y,1788165979.7194486,66.58674381003948,296.658,1.3295323316307175,4.767076726916964,-0.7530851920933311
3,X->Y,1788165979.8705237,66.73781908903038,296.794,1.3569316636488054,4.741002811627832,-0.7674148538812073
3,X->Y,1788165980.0182023,66.88549805100774,296.896,1.3772765194310255,4.72132952240581,-0.7723939845298119
3,X->Y,1788165980.2358232,67.10311838402413,297.032,1.4034272512460098,4.695574060880933,-0.786885528601897
3,X->Y,1788165980.248044,67.11533892800799,297.1,1.416749389808199,4.682116772845804,-0.7916907878437031
3,X->Y,1788165980.878837,67.74613168899668,297.44,1.4821527597459914,4.6148804177660585,-0.8096385389080267
3,X->Y,1788165980.8923767,67.75967144803144,297.508,1.4953719558930962,4.600908008032258,-0.8151066739496973
3,X->Y,1788165980.9033778,67.77067227900261,297.576,1.5084070702628467,4.58707443285913,-0.818393881819119
3,X->Y,1788165981.3967633,68.26405846100533,297.848,1.5584028166881534,4.532384814534375,-0.844676461420546
3,X->Y,1788165981.410169,68.2774635720416,297.916,1.5705014612834047,4.518692833987333,-0.8480414739771035
3,X->Y,1788165981.421602,68.2888968680054,297.984,1.5830315267687824,4.504484471294673,-0.8495525975489271
3,X->Y,1788165981.565144,68.43243914900813,298.086,1.6013121751804502,4.483656024243714,-0.8541293314236789
3,X->Y,1788165982.1314564,68.99875184101984,298.392,1.6564159707517898,4.419108529666228,-0.8718961308686148
3,X->Y,1788165982.1487005,69.01599524001358,298.46,1.6681011341379457,4.405082813606815,-0.8801495770648474
3,X->Y,1788165982.3018093,69.16910469403956,298.596,1.6918553128834175,4.376019079519957,-0.8897921448188767
3,X->Y,1788165982.3772488,69.24454365001293,298.664,1.7039607730593118,4.361031106117449,-0.8920643143447397
3,X->Y,1788165982.5316463,69.39894159603864,298.8,1.7274620467584525,4.331732953258794,-0.8982412030308785
3,X->Y,1788165982.6123087,69.4796042740345,298.868,1.7396037551263386,4.316491615940927,-0.8986467789221173
3,X->Y,1788165982.9762962,69.84359109500656,299.072,1.774882601931957,4.27241014468583,-0.8977020403675712
3,X->Y,1788165982.9971392,69.86443371401401,299.14,1.7867490111748123,4.2574339800833805,-0.8995351079508729
3,X->Y,1788165983.1510894,70.01838460401632,299.276,1.8096719916946447,4.228588637021327,-0.9013603164342002
3,X->Y,1788165983.5762632,70.4435583280283,299.514,1.850812611426586,4.176474039741254,-0.8963261307867896
3,X->Y,1788165983.597036,70.46433058899129,299.582,1.8626030347458409,4.161726364545762,-0.8962881401050233
3,X->Y,1788165983.9541273,70.82142253301572,299.786,1.8978941599258756,4.1178939016285705,-0.8877664562917431
3,X->Y,1788165983.9675868,70.83488170104101,299.854,1.9095012413713877,4.103594466299973,-0.8869074289426049
3,X->Y,1788165984.4651031,71.33239816501737,300.16,1.9636470587474264,4.038570614141849,-0.8602251648790302
3,X->Y,1788165984.4785779,71.34587292402284,300.228,1.975818753537902,4.024531282988847,-0.8497167651687125
3,X->Y,1788165984.4899535,71.35724848200334,300.296,1.98841473286667,4.0102387176616645,-0.8425784678100146
3,X->Y,1788165984.6328979,71.50019367202185,300.398,2.007455041682009,3.9891448661933984,-0.8293556648626454
3,X->Y,1788165984.864742,71.73203772999113,300.534,2.0307092791225565,3.964273575849924,-0.8060978524874934
3,X->Y,1788165985.0285072,71.89580282301176,300.67,2.051809376900603,3.9426688009731956,-0.7834259885646248
3,X->Y,1788165985.3119767,72.17927210504422,300.84,2.0775805616467977,3.9178517375322506,-0.7499872929395448
3,X->Y,1788165985.3947618,72.26205699099228,300.942,2.093079613841626,3.903574985616019,-0.7324831935171934
3,X->Y,1788165985.5430684,72.41036372899543,301.078,2.1135638763656326,3.8855927500572784,-0.7104106048582507
3,X->Y,1788165985.8252583,72.69255284400424,301.248,2.1392932549768835,3.863933746376779,-0.6847865623709583
3,X->Y,1788165986.4582405,73.32553558703512,301.622,2.19860669215592,3.8190069062657037,-0.6072662939866289
3,X->Y,1788165986.4711301,73.3384248840157,301.69,2.209748913143356,3.8113864960285375,-0.5927631341072322
3,X->Y,1788165986.4833665,73.35066163400188,301.758,2.2208271396401447,3.803975474270628,-0.5798708609094361
3,X->Y,1788165986.6335666,73.50086181599181,301.894,2.242272386189017,3.790249633524677,-0.5562106911077492
3,X->Y,1788165986.847202,73.71449734002817,302.03,2.2660849381199983,3.7758135526629775,-0.5312287219966595
3,X->Y,1788165986.8621233,73.72941796499072,302.098,2.277733855913859,3.7690390134721787,-0.520581160247213
3,X->Y,1788165987.009563,73.87685804499779,302.2,2.2950774053189593,3.759271791754964,-0.501242724903846
3,X->Y,1788165987.363179,74.23047425202094,302.404,2.3300879683280993,3.7407781249064813,-0.4622121411892854
3,X->Y,1788165987.3767538,74.24404860002687,302.472,2.34292539316378,3.7344720509437055,-0.4479187147623775
3,X->Y,1788165987.798421,74.66571621602634,302.71,2.388097777891844,3.7137458519068045,-0.40877179690829607
3,X->Y,1788165987.8109763,74.67827091598883,302.778,2.4009438676397368,3.7082841694838917,-0.3900113619478446
3,X->Y,1788165988.0950787,74.96237379900413,302.948,2.433247779125835,3.6955952701744863,-0.36011197561088043
3,X->Y,1788165988.3197854,75.18708035402233,303.118,2.4690520001132845,3.6826863711758584,-0.32981375518909656
3,X->Y,1788165988.333266,75.20056085201213,303.186,2.4837997297926413,3.677721383237565,-0.31557829338652726
3,X->Y,1788165988.4773722,75.34466734703165,303.288,2.5060285890422547,3.670639571764265,-0.29929506374216797
3,X->Y,1788165988.840318,75.70761325600324,303.492,2.557004071687854,3.6563318636449686,-0.24072314656760677
3,X->Y,1788165988.8544264,75.72172145399963,303.56,2.575474666701448,3.6519237730560854,-0.2244371309596929
3,X->Y,1788165989.2815738,76.14886893000221,303.832,2.649972557606036,3.6368263187565466,-0.1711696092310445
3,X->Y,1788165989.293916,76.16121072199894,303.9,2.668709609188717,3.63367798653564,-0.15856072638528906
3,X->Y,1788165989.6423726,76.5096674929955,304.104,2.725133575054376,3.625651685919178,-0.12046693783872843
3,X->Y,1788165989.6554077,76.52270262403181,304.172,2.744001513795618,3.6234609303958796,-0.10731967752748502
3,X->Y,1788165991.3961256,78.26342059898889,305.056,2.990426921183684,3.6197886529017818,0.08992940787803362
3,X->Y,1788165991.4096165,78.27691128803417,305.124,3.009320669548528,3.621617104344666,0.1072577766792486
3,X->Y,1788165991.4222686,78.28956319601275,305.192,3.0281809570952216,3.6237756534660677,0.12486276428040406
3,X->Y,1788165991.4334211,78.30071556102484,305.26,3.0470012039179024,3.6262679925975707,0.14271854798757516
3,X->Y,1788165991.4422753,78.30956987402169,305.328,3.0657734029932087,3.629103715642854,0.1607927357605657
3,X->Y,1788165991.4499712,78.31726532801986,305.396,3.0844917916995334,3.632269776706096,0.17906798438546262
3,X->Y,1788165991.45823,78.32552415900864,305.464,3.103147143179434,3.6357828930174976,0.19757201325192933
3,X->Y,1788165991.4648771,78.33217127498938,305.532,3.1217386271473786,3.639644542375081,0.21621435793348837
3,X->Y,1788165991.47097,78.33826421300182,305.6,3.14028467316546,3.6438633961926823,0.23590032465462824
3,X->Y,1788165991.4763172,78.34361130499747,305.668,3.1587451247660714,3.6484806525855777,0.2555203549529493
3,X->Y,1788165992.2460399,79.11333531502169,306.076,3.2676679931185255,3.682284878375013,0.34585466245678276
3,X->Y,1788165992.3906825,79.25797746400349,306.178,3.2944392414526633,3.6922615265322913,0.36518693367186394
3,X->Y,1788165992.6776743,79.54497014399385,306.348,3.338565040885916,3.7099189387552216,0.39586639832017745
3,X->Y,1788165992.7621047,79.62940016103676,306.45,3.3648317768911564,3.7209903250805274,0.40533469149014756
3,X->Y,1788165992.9842818,79.85157744702883,306.62,3.4082093767689825,3.740587837401186,0.4435879321796931
3,X->Y,1788165992.9979868,79.86528142401949,306.688,3.425287977637941,3.7487664575339577,0.4584201127811293
3,X->Y,1788165993.143661,80.01095611898927,306.79,3.450717381220557,3.7616026913692493,0.47859913061157083
3,X->Y,1788165993.2884753,80.15577023703372,306.892,3.4759247648464506,3.7750467540228927,0.49591341744649137
3,X->Y,1788165993.5737264,80.44102180300979,307.062,3.5176486967617633,3.798142150744037,0.5162085843603351
3,X->Y,1788165994.2794323,81.14672711503226,307.47,3.6143333251335386,3.8573789339776523,0.5855523838343246
3,X->Y,1788165994.2944717,81.1617663759971,307.538,3.630015463017625,3.8679152674563806,0.5965741857271034
3,X->Y,1788165994.305059,81.17235359904589,307.606,3.6455972657976368,3.878601432881588,0.6069065531066582
3,X->Y,1788165994.3151515,81.18244585301727,307.674,3.661066850020793,3.8894714151806435,0.6166024276812035
3,X->Y,1788165994.4544706,81.3217662399984,307.776,3.68413100657788,3.905991505176697,0.63019800318164
3,X->Y,1788165994.8769195,81.74421494902344,308.014,3.737140056325095,3.945797170743919,0.6581427689785156
3,X->Y,1788165994.8906384,81.75793289503781,308.082,3.7520498578203867,3.9574299818264986,0.665079192798692
3,X->Y,1788165995.1063204,81.97361582500162,308.218,3.781671466460816,3.980958459234735,0.6775249867802763
3,X->Y,1788165995.1199298,81.98722484399332,308.286,3.796318149184517,3.9927945941676444,0.6832355483646345
3,X->Y,1788165995.268718,82.1360133390408,308.388,3.8182398087249734,4.010694606159935,0.6908042574144948
3,X->Y,1788165995.4162126,82.28350792301353,308.49,3.8400111424888905,4.028863566604331,0.6974601138130956
3,X->Y,1788165995.6372848,82.50457956903847,308.626,3.8689014757642806,4.053233203288443,0.705504778207681
3,X->Y,1788165995.64605,82.5133446190157,308.694,3.8833071522098415,4.065580738603199,0.7092334813258028
3,X->Y,1788165995.7871153,82.65441048500361,308.796,3.9047747921681295,4.084078825159374,0.7148187100288801
3,X->Y,1788165996.073501,82.94079606904415,308.966,3.940300173914441,4.115135527735717,0.7219109681362268
3,X->Y,1788165996.158655,83.02595038502477,309.068,3.9616564553820397,4.13401803038657,0.7258295747842348
3,X->Y,1788165996.5154214,83.38271628099028,309.272,4.004160688572463,4.172075548699553,0.7360273229564617
3,X->Y,1788165996.5926116,83.45990678103408,309.34,4.01812308048398,4.184783705542928,0.7387055760639707
3,X->Y,1788165996.8142645,83.68156009801896,309.51,4.053365467292286,4.217006196713186,0.7454953294898292
3,X->Y,1788165996.8282506,83.69554541504476,309.578,4.067246523885965,4.2298659733740545,0.7501527894044504
3,X->Y,1788165997.112982,83.98027759301476,309.748,4.102291565671694,4.26305055213066,0.7660426661868177
3,X->Y,1788165997.196498,84.06379326002207,309.85,4.122732016218836,4.282735128681464,0.7671457973307366
3,X->Y,1788165997.3503776,84.21767301700311,309.986,4.150078785020467,4.308990486708799,0.7645443986944315
3,X->Y,1788165997.6323655,84.49966103304178,310.156,4.184368164571963,4.341846998551831,0.7612592298578971
3,X->Y,1788165997.7853203,84.65261530299904,310.292,4.212376016710685,4.368587224134466,0.7680638339926997
3,X->Y,1788165997.9995017,84.8667968439986,310.428,4.239908395915084,4.3953932509833855,0.7724038876321625
3,X->Y,1788165998.0121186,84.87941319402307,310.496,4.253445586337818,4.408522875152197,0.7693288500920739
3,X->Y,1788165998.1578357,85.02513116202317,310.598,4.2739153739538835,4.428275506533265,0.7641860285384909
3,X->Y,1788165998.3742075,85.24150462402031,310.734,4.3013810060638225,4.454399024028724,0.7561749506628178
3,X->Y,1788165998.8063967,85.67369178100489,311.006,4.356643968346672,4.505854144777743,0.7430583433058433
3,X->Y,1788165998.8196368,85.6869316190132,311.074,4.370436275129369,4.518476120274622,0.7383264057432153
3,X->Y,1788165998.8939514,85.76124679698842,311.142,4.384361904650639,4.531109266776811,0.7339064880014031
3,X->Y,1788165999.3249946,86.19228980201297,311.414,4.435718936207318,4.577218809156274,0.7244710155705129
3,X->Y,1788165999.3390324,86.20632721303264,311.482,4.447849776563448,4.587956871789409,0.7180948174622424
3,X->Y,1788165999.415763,86.28305781004019,311.55,4.459745083775054,4.598259383013911,0.7116746814595327
3,X->Y,1788165999.5734441,86.44073909701547,311.686,4.484057563928773,4.619133136989188,0.7070294171481222
3,X->Y,1788166000.222934,87.09022942604497,312.026,4.537895518235059,4.664438034489655,0.6892633788878576
3,X->Y,1788166000.2365828,87.10387762100436,312.094,4.547925393043196,4.672713830002747,0.684556702555691
3,X->Y,1788166000.380619,87.24791437800741,312.196,4.562675096748888,4.684662827247309,0.6780031177236328
3,X->Y,1788166000.3937254,87.26102007599548,312.264,4.572221773943532,4.692319273249819,0.673913956119848
3,X->Y,1788166000.5502923,87.41758738603676,312.4,4.591595942345916,4.707706703226261,0.6667093830810902
3,X->Y,1788166000.625508,87.4928035089979,312.468,4.600993811173063,4.715098683851183,0.6661489316435225
3,X->Y,1788166001.11334,87.98063526803162,312.74,4.63454788225659,4.741276137530107,0.6575052917896916
3,X->Y,1788166001.1264794,87.99377381702652,312.808,4.64247708791582,4.747399916139815,0.6548846045113117
3,X->Y,1788166001.4225194,88.28981476003537,313.046,4.668895855436641,4.7675033950725805,0.6471014933757714
3,X->Y,1788166001.7858217,88.6531169450027,313.284,4.693172676914359,4.7857389312155,0.6407542250823512
3,X->Y,1788166001.807348,88.67464262002613,313.386,4.703004607965094,4.7930415510688125,0.6383126091276512
3,X->Y,1788166001.9515457,88.81884107703809,313.488,4.7125267657967,4.800101038555722,0.6360418942745099
3,X->Y,1788166002.3724554,89.23975021502702,313.726,4.734852340986649,4.816419707679403,0.6270237339019578
3,X->Y,1788166002.531001,89.39829696301604,313.896,4.74863988232477,4.826408169314222,0.623615484514231
3,X->Y,1788166002.7538974,89.6211925750249,314.066,4.76180937745353,4.835844672763165,0.6217298234751721
3,X->Y,1788166003.390843,90.25813767599175,314.44,4.788333132622359,4.854672130409837,0.6129149536417541
3,X->Y,1788166003.4147549,90.28204962401651,314.576,4.797064505696904,4.860779468721546,0.6118885834543237
3,X->Y,1788166003.9745247,90.84182018099818,314.882,4.81526891639031,4.873569305689678,0.6104964325346094
3,X->Y,1788166004.5535886,91.42088362301001,315.29,4.838897114923724,4.889984605660969,0.6029832895788262
3,X->Y,1788166004.64753,91.51482560101431,315.46,4.848725995543893,4.896684993918976,0.591821512736997
4,Y->M,1788166009.9506392,0.0,319.472,4.876441233515943,4.917226007916498,-0.11564348675264015
4,Y->M,1788166015.8031545,5.573230727983173,323.79,4.87997507155377,4.882367842364819,-1.543510462004469
4,Y->M,1788166015.8220274,5.592103047994897,323.892,4.880171149259325,4.868553449509569,-1.5745333505914563
4,Y->M,1788166015.9651523,5.735228050965816,323.994,4.879933169878389,4.854598408360553,-1.6071313886441703
4,Y->M,1788166016.5958302,6.365905995015055,324.334,4.875476643461712,4.807488539451853,-1.731194172441923
4,Y->M,1788166016.615188,6.385263224015944,324.436,4.87288692571747,4.792983021990901,-1.770470834107617
4,Y->M,1788166016.7664332,6.536508898017928,324.572,4.868520372363524,4.773598516666359,-1.8225486592552893
4,Y->M,1788166017.885797,7.655872663017362,325.15,4.836958972058418,4.6879285765792265,-2.0317890026652954
4,Y->M,1788166017.903364,7.6734396910178475,325.218,4.831716108322871,4.677662128222986,-2.0609971463654424
4,Y->M,1788166017.9193232,7.689398512011394,325.286,4.826101998283825,4.667393304637118,-2.0859114525984
4,Y->M,1788166017.931364,7.701439330005087,325.354,4.819985513893784,4.656773215408795,-2.105761003990972
4,Y->M,1788166017.9412856,7.711360412999056,325.422,4.813531216835326,4.64609496634395,-2.1292644403019185
4,Y->M,1788166017.949891,7.719965984986629,325.49,4.806697137111744,4.635433735842582,-2.1588818638548566
4,Y->M,1788166018.0912695,7.861345269018784,325.592,4.7955240404365576,4.619322808388789,-2.198871009052593
4,Y->M,1788166018.6637466,8.433822565013543,325.898,4.7548303329978046,4.568809247374429,-2.3058195797352785
4,Y->M,1788166018.6857166,8.455791779968422,325.966,4.743976002407447,4.55700177397615,-2.3257294299539817
4,Y->M,1788166018.7678154,8.537891217973083,326.068,4.726713116200548,4.539206336927748,-2.3615956171389465
4,Y->M,1788166018.9123952,8.682470774976537,326.17,4.707790060570555,4.521069300486261,-2.3949294224446263
4,Y->M,1788166019.0582542,8.82832985802088,326.272,4.686749973602553,4.502132499014604,-2.426055169420563
4,Y->M,1788166019.4828475,9.252923119987827,326.51,4.634855896807853,4.460239997117678,-2.4996539277288408
4,Y->M,1788166019.4983838,9.268459371000063,326.578,4.6195179539094475,4.448950407521582,-2.5166339437078893
4,Y->M,1788166019.5102077,9.280283030006103,326.646,4.604004306807462,4.437907744491675,-2.5313881241449163
4,Y->M,1788166020.0076964,9.777772947971243,326.952,4.532582419505873,4.390519324805368,-2.5760803605004012
4,Y->M,1788166020.5751657,10.345241512986831,327.292,4.451546216460384,4.340610951068866,-2.602194211113654
4,Y->M,1788166020.5914936,10.361569023982156,327.36,4.435197751847758,4.330858119823259,-2.605846128406984
4,Y->M,1788166020.8059213,10.575996270985343,327.53,4.394163509563944,4.306776403751125,-2.6131712396811997
4,Y->M,1788166020.8210945,10.591170036990661,327.598,4.3776647377241344,4.297198046424224,-2.6201996596416497
4,Y->M,1788166021.9382994,11.708375734975561,328.176,4.236594271453698,4.21795235536759,-2.6230181990503665
4,Y->M,1788166021.9512503,11.721326644998044,328.244,4.220031051599418,4.208477684689212,-2.620823923131656
4,Y->M,1788166021.9635968,11.73367251898162,328.312,4.203483512546954,4.1990223944690195,-2.6253032844400495
4,Y->M,1788166021.973601,11.7436761619756,328.38,4.1869136299214444,4.189656591619867,-2.628360639842738
4,Y->M,1788166021.9833572,11.753432296973187,328.448,4.170344978738845,4.18031171366347,-2.6261702973071888
4,Y->M,1788166021.991923,11.761998161964584,328.516,4.153809760170205,4.170903425495966,-2.6210118156775044
4,Y->M,1788166021.9997928,11.769867794006132,328.584,4.137307257782476,4.16140542696049,-2.6171673470557315
4,Y->M,1788166022.557951,12.32802689698292,328.89,4.063474088345035,4.118024833185207,-2.603578410980228
4,Y->M,1788166022.6350336,12.405109661980532,328.958,4.047112020807069,4.108229469832475,-2.6005112594863555
4,Y->M,1788166022.9221406,12.692216228984762,329.162,3.9979739782510326,4.079098803035011,-2.6083506295905963
4,Y->M,1788166023.2805486,13.05062450596597,329.4,3.9408090741783144,4.044882120254505,-2.5962999785367513
4,Y->M,1788166023.293533,13.063609047967475,329.468,3.9245335157739705,4.034982506904833,-2.5934468809862756
4,Y->M,1788166023.5752933,13.345369585964363,329.638,3.8839370709739796,4.01012207157559,-2.5916896445151316
4,Y->M,1788166023.7282844,13.498359656019602,329.774,3.8514531610542466,3.9901906734432417,-2.590916083685435
4,Y->M,1788166023.8739827,13.644058134988882,329.876,3.827083626119095,3.9752863883817615,-2.5935304951327027
4,Y->M,1788166024.2250438,13.995119357015938,330.08,3.7780585313476114,3.9458285927676386,-2.613355375104471
4,Y->M,1788166024.2381732,14.008248878002632,330.148,3.7616117852600732,3.9362774110015226,-2.6170830546903474
4,Y->M,1788166024.5967832,14.366858962981496,330.386,3.7038278677059284,3.9029978151101434,-2.6228445196024066
4,Y->M,1788166024.611321,14.381396580021828,330.454,3.6872755040844347,3.893588856898138,-2.6265302573005367
4,Y->M,1788166025.1811943,14.951269706012681,330.794,3.6036796065881527,3.8476129325853208,-2.6557434871144237
4,Y->M,1788166025.1953793,14.965454554010648,330.862,3.586773817819344,3.8388181416720286,-2.6696236158188302
4,Y->M,1788166025.4147277,15.184803175972775,331.032,3.5441904502170707,3.817587462295977,-2.6854023054876355
4,Y->M,1788166025.426559,15.196634499006905,331.1,3.5270515910458684,3.8092189814448725,-2.6897007055141944
4,Y->M,1788166025.780371,15.550446795008611,331.304,3.483373774617721,3.788552911261002,-2.7067583470423386
4,Y->M,1788166025.7938907,15.563965997018386,331.372,3.466320183199608,3.780694946874951,-2.713421051945623
4,Y->M,1788166026.3522947,16.12237026897492,331.678,3.3881439769723385,3.746578207687506,-2.7554844296603713
4,Y->M,1788166026.3666532,16.136728780984413,331.746,3.37050870561301,3.7394747868883917,-2.7619055494067886
4,Y->M,1788166027.7585516,17.528627405990846,332.494,3.1725561052255578,3.6705613343942796,-2.85118583764971
4,Y->M,1788166027.7703617,17.540436829964165,332.562,3.154242981857043,3.6651501111241167,-2.8588504340209484
4,Y->M,1788166027.7813053,17.55138039099984,332.63,3.135885260339238,3.6598769568704674,-2.866222708036086
4,Y->M,1788166027.790964,17.561038855987135,332.698,3.1174952896365595,3.6547967518578552,-2.8808561301841324
4,Y->M,1788166027.800839,17.570913820993155,332.766,3.0990646706271296,3.6499903705792933,-2.893805878213745
4,Y->M,1788166027.8083591,17.57843412301736,332.834,3.080596928929275,3.645384675336205,-2.9010452191860736
4,Y->M,1788166027.95357,17.723646269005258,332.97,3.043496708236856,3.636540514387488,-2.9150002781361257
4,Y->M,1788166028.7923398,18.562414888001513,333.412,2.921967024877208,3.6125055489290085,-2.986056690824968
4,Y->M,1788166028.8037176,18.5737925680005,333.48,2.9031410391126653,3.6096166933239178,-2.993608328814193
4,Y->M,1788166028.8138847,18.58395943499636,333.548,2.8842639577102287,3.6068726371099333,-3.0028742879085155
4,Y->M,1788166029.3058226,19.07589860400185,333.854,2.799082304231316,3.5968368283950856,-3.048684022802438
4,Y->M,1788166029.3973634,19.1674395360169,333.956,2.770590437082854,3.5943751109121878,-3.064770964534012
4,Y->M,1788166029.757735,19.527811211999506,334.194,2.703967752558135,3.590591425636828,-3.1095996535474733
4,Y->M,1788166029.9058826,19.67595851497026,334.296,2.6753598253903914,3.589944910991936,-3.1321626388266335
4,Y->M,1788166029.980947,19.751022611977533,334.364,2.656283122145348,3.5898824292367597,3.1348645571986706
4,Y->M,1788166030.0647914,19.834868086967617,334.466,2.6276737234502487,3.5903793761084026,3.108893947361161
4,Y->M,1788166030.152519,19.922594304021914,334.568,2.5990785153795475,3.5916447162220972,3.0809078352423014
4,Y->M,1788166030.711196,20.48128278297372,334.874,2.5136637480130988,3.6005723044998987,2.986054416009291
4,Y->M,1788166030.7261236,20.496198976994492,334.942,2.4948189173230526,3.6036905894412,2.962616421934199
4,Y->M,1788166030.8778417,20.647917883994523,335.078,2.461733812411736,3.6103304959553233,2.918904422204019
4,Y->M,1788166031.0208697,20.790946480992716,335.18,2.4389437919571795,3.6157582812405082,2.8920213525509273
4,Y->M,1788166031.2347505,21.00482649897458,335.316,2.4044491272625113,3.625059034300443,2.862834517266952
4,Y->M,1788166031.2480648,21.018140130967367,335.384,2.3861201892630604,3.6304268457808972,2.845279189930176
4,Y->M,1788166031.5320535,21.302128990995698,335.554,2.340849270373038,3.64539530139081,2.7940092443910745
4,Y->M,1788166031.7547686,21.524844758969266,335.724,2.297432787109131,3.662150091883204,2.749127006392707
4,Y->M,1788166031.7676995,21.537774903001264,335.792,2.2831775053821297,3.6681167138314823,2.738801310748605
4,Y->M,1788166031.913732,21.683807996974792,335.894,2.26177531822371,3.6773988263481674,2.720619955783327
4,Y->M,1788166032.0590434,21.82911905000219,335.996,2.2406028111336687,3.687139703686587,2.696638680769994
4,Y->M,1788166032.203609,21.973684616968967,336.098,2.2171719250306223,3.6986188256907173,2.6738137172578895
4,Y->M,1788166032.3493264,22.119401816977188,336.2,2.1917400228814174,3.711768253798158,2.6496299971864863
4,Y->M,1788166032.4243035,22.194379073975142,336.268,2.1776862677060045,3.7194052910961086,2.6347010851420256
4,Y->M,1788166032.5693092,22.339384883991443,336.37,2.1537774517304364,3.7328764518596165,2.6204527503799535
4,Y->M,1788166032.7135603,22.483636213990394,336.472,2.1290735498162063,3.7473200614288764,2.6000355490180014
4,Y->M,1788166032.858987,22.629063277971,336.574,2.104732233610014,3.76231389023746,2.57571134618046
4,Y->M,1788166032.9997158,22.769791494007222,336.676,2.0807403758257825,3.7778656270852906,2.5533672206291
4,Y->M,1788166033.1451688,22.91524477599887,336.778,2.057117499770668,3.7939624822444706,2.530408119502448
4,Y->M,1788166033.361339,23.131415117008146,336.914,2.0261533091888153,3.816147319064528,2.5070391276598585
4,Y->M,1788166033.375079,23.14515398698859,336.982,2.0108599802290907,3.8275151146062645,2.495218409532393
4,Y->M,1788166033.6577618,23.42783776600845,337.152,1.9732154559495472,3.8566862327318536,2.46815465200323
4,Y->M,1788166033.8784351,23.648510765982792,337.322,1.9363112380873688,3.886771374716547,2.446203766159547
4,Y->M,1788166033.892273,23.662348322977778,337.39,1.9217257504409884,3.8990206361766684,2.4387865012535075
4,Y->M,1788166034.0398257,23.809901505010203,337.492,1.9000074384193113,3.917581787153069,2.4289433991952816
4,Y->M,1788166034.1840632,23.954139387002215,337.594,1.8784680280101202,3.9363413117720136,2.420398081859166
4,Y->M,1788166034.327823,24.097899004991632,337.696,1.8570855120178156,3.95527154256328,2.4129024130218575
4,Y->M,1788166034.4040484,24.174123766017146,337.764,1.8429066348001293,3.9679741176168988,2.4084070630933505
4,Y->M,1788166034.5574954,24.327570754976477,337.9,1.814716784508747,3.99355899920033,2.4004943586537446
4,Y->M,1788166034.6343467,24.404422771011014,337.968,1.8006930109680748,4.00643176841405,2.3969841055650516
4,Y->M,1788166034.7812402,24.551316312979907,338.07,1.7797327013239723,4.025833411553864,2.392136771246733
4,Y->M,1788166034.927375,24.69745114899706,338.172,1.7588624969445599,4.045339405456479,2.3876176130445677
4,Y->M,1788166035.0055242,24.775599957967643,338.24,1.7449978115928697,4.058392704809242,2.3846918528283063
4,Y->M,1788166035.2943995,25.064474968006834,338.444,1.7036359306631919,4.097770430104812,2.3777064522516587
4,Y->M,1788166035.721359,25.491435040021315,338.716,1.649015872395605,4.150878306401181,2.3611133441946763
4,Y->M,1788166035.7344382,25.504513453983236,338.784,1.6355189738153593,4.164309935033374,2.3554745705385756
4,Y->M,1788166036.0874605,25.85753618797753,338.988,1.5954161336278463,4.205029167569942,2.340466264945485
4,Y->M,1788166036.1021664,25.87224203097867,339.056,1.582169027844185,4.218746772622254,2.335668535909337
4,Y->M,1788166036.2516541,26.021729477972258,339.192,1.5559481128749613,4.246401984526782,2.3231562107677712
4,Y->M,1788166036.672333,26.44240845699096,339.43,1.5113675646906606,4.295899534683847,2.291405837522884
4,Y->M,1788166036.68593,26.4560051849694,339.498,1.4988077873108812,4.310232898085799,2.2892616790373244
4,Y->M,1788166036.828393,26.59846851299517,339.6,1.480009564027756,4.331833932586859,2.2841162875123313
4,Y->M,1788166037.3921497,27.162225488980766,339.906,1.4245509482341454,4.397285752534686,2.2552668930803588
4,Y->M,1788166037.405641,27.175716271973215,339.974,1.4125771433493333,4.412061130054729,2.2486865042474418
4,Y->M,1788166037.4170492,27.1871242490015,340.042,1.4006547501810798,4.426896522019856,2.2476519399375205
4,Y->M,1788166037.5652728,27.335348654014524,340.178,1.3767760684616999,4.456649230286534,2.246229664863778
4,Y->M,1788166038.201004,27.97107975196559,340.518,1.3176347843591625,4.531453288638237,2.224358161380145
4,Y->M,1788166038.215689,27.985764123965055,340.586,1.3060957699810951,4.546550401486273,2.2238010908356287
4,Y->M,1788166038.2269585,27.997033969964832,340.654,1.2945220464680143,4.561661987946197,2.2263894589270037
4,Y->M,1788166038.377922,28.147998054977506,340.79,1.271227532927006,4.591846206144342,2.229882961134894
4,Y->M,1788166038.7336679,28.503743419016246,340.994,1.2362645000112913,4.6371021869495515,2.222257195606018
4,Y->M,1788166038.7472115,28.517286695016082,341.062,1.2247392301254585,4.652216752467505,2.2242683011034883
4,Y->M,1788166038.9033034,28.67337898601545,341.198,1.2014615583226502,4.68237102815666,2.2336236372193397
4,Y->M,1788166039.0470943,28.817169672984164,341.3,1.1838395790459018,4.704850104166487,2.239861437676552
4,Y->M,1788166039.6715937,29.441669624007773,341.64,1.1246603206322388,4.779448826919022,2.2544228713332193
4,Y->M,1788166039.6859052,29.455980759987142,341.708,1.1126072555209827,4.794148738609267,2.263473631386702
4,Y->M,1788166039.697563,29.46763834601734,341.776,1.100365550257786,4.808806915964491,2.2709797139641945
4,Y->M,1788166040.6048923,30.37496853497578,342.252,1.0132698988122102,4.909735201938701,2.302370471326884
4,Y->M,1788166040.618107,30.38818267697934,342.32,1.000485667569787,4.923855252141104,2.3130607458116756
4,Y->M,1788166040.6295838,30.399659678980242,342.388,0.9875350857279808,4.937839278131609,2.3244107677396055
4,Y->M,1788166040.6405644,30.410640031972434,342.456,0.9744680533249724,4.951653737866174,2.335019325754007
4,Y->M,1788166040.6501822,30.42025735997595,342.524,0.9612418627372666,4.965313447394344,2.3484176129163723
4,Y->M,1788166040.658107,30.428181861003395,342.592,0.9477853808596752,4.978881249359734,2.356480712782569
4,Y->M,1788166041.2866561,31.056732718017884,342.932,0.8897468124043912,5.034938826491835,2.403220701003066
4,Y->M,1788166041.300189,31.07026449998375,343.0,0.8787411299519559,5.044851019498034,2.4160676005271706
4,Y->M,1788166041.85917,31.629245443968102,343.306,0.8290607708483194,5.086841253040607,2.464559725227912
4,Y->M,1788166041.8729181,31.642993444984313,343.374,0.8184782697185387,5.095284654133051,2.4732914434635593
4,Y->M,1788166041.9481823,31.718257791013457,343.442,0.8078253370909084,5.1036310310790265,2.482692467726941
4,Y->M,1788166042.379543,32.14961907296674,343.714,0.7639757957571804,5.136446163053883,2.5155239022298135
4,Y->M,1788166042.3934448,32.163520202971995,343.782,0.7529823282244253,5.144341271332583,2.5237416588585133
4,Y->M,1788166042.678667,32.44874251197325,343.952,0.7254832606054119,5.16349590297161,2.5452443709913504
4,Y->M,1788166042.7618916,32.53196765098255,344.054,0.70806178938544,5.175158663566506,2.5593134905018013
4,Y->M,1788166042.914309,32.68438466399675,344.19,0.6849300778497677,5.190137619485256,2.5782442196604842
4,Y->M,1788166043.5460558,33.31613123900024,344.53,0.6251433769209067,5.225824521389994,2.630969801874457
4,Y->M,1788166043.55933,33.32940539799165,344.598,0.6126227331889467,5.232761863190425,2.6421880083556957
4,Y->M,1788166043.5702746,33.34034987096675,344.666,0.6000478023593484,5.239559134182425,2.652227875835957
4,Y->M,1788166043.6499128,33.4199885459966,344.768,0.5810181674565088,5.2495125735195804,2.667983847136186
4,Y->M,1788166044.2112634,33.9813391569769,345.074,0.5185537414177652,5.278823913233576,2.7349797914720515
4,Y->M,1788166044.771658,34.54173372697551,345.38,0.4479255116279457,5.307259022616858,2.7876141008521986
4,Y->M,1788166044.7851946,34.555269973003305,345.448,0.4300482808121276,5.313747683658047,2.8024311896267826
4,Y->M,1788166044.7968118,34.566887174965814,345.516,0.412078524511619,5.319983996622182,2.816276280757737
4,Y->M,1788166044.8066947,34.57676964701386,345.584,0.39402644218859323,5.325916863322403,2.837227045325273
4,Y->M,1788166044.8161252,34.58620039396919,345.652,0.3758254747448711,5.331482365854201,2.855984760074764
4,Y->M,1788166045.86809,35.638165864977054,346.23,0.2185312911420944,5.368527698716267,2.9672386823042856
4,Y->M,1788166045.8822863,35.65236140799243,346.298,0.1997933496748792,5.371752302830635,2.977834094844199
4,Y->M,1788166045.893111,35.66318632499315,346.366,0.18099794085344584,5.3747855654823695,2.987042690693694
4,Y->M,1788166045.9025996,35.67267471697414,346.434,0.16220415395896476,5.377647095827503,2.9967706933092715
4,Y->M,1788166046.0494423,35.819518963980954,346.57,0.12448217493950904,5.382767786845953,3.0177210184633223
4,Y->M,1788166046.4734056,36.243481098965276,346.808,0.058279197140018744,5.389450871777136,3.0708396704318472
4,Y->M,1788166046.4854853,36.255560492980294,346.876,0.039293224359765434,5.390706276651886,3.0828441066922765
4,Y->M,1788166046.7716084,36.54168386396486,347.046,-0.008207070807995945,5.392911986630661,3.1100253191744227
4,Y->M,1788166046.8553488,36.625424709985964,347.148,-0.036730321013727384,5.39361860544386,3.1260140405210173
4,Y->M,1788166047.0105999,36.78067538602045,347.284,-0.07477779247760209,5.393855165784941,-3.1355126071845576
4,Y->M,1788166047.1571298,36.9272060120129,347.386,-0.10330029668287533,5.3934767481930335,-3.1182332619563886
4,Y->M,1788166047.235844,37.00591995700961,347.454,-0.12230338262863354,5.39294476071302,-3.1059157313140657
4,Y->M,1788166047.3959918,37.16606743901502,347.59,-0.1602841434988481,5.3911473338900215,-3.0787694225687665
4,Y->M,1788166047.6823657,37.45244125102181,347.76,-0.2076464105007178,5.3873563887564275,-3.0399800955194882
4,Y->M,1788166047.7648916,37.53496731596533,347.862,-0.23596430619139547,5.384158766136272,-3.0138578789322126
4,Y->M,1788166048.0552819,37.82535745797213,348.066,-0.2922991466293171,5.3754281273565665,-2.9570440016873203
4,Y->M,1788166048.6255348,38.39561003900599,348.406,-0.3849023076983169,5.353858248698822,-2.86685042838784
4,Y->M,1788166048.6386983,38.40877362701576,348.474,-0.4032147422966833,5.348560757022849,-2.8497638553122058
4,Y->M,1788166048.7839608,38.554036777000874,348.576,-0.4304926577127197,5.340157904797671,-2.833705292539658
4,Y->M,1788166049.20584,38.975915714981966,348.814,-0.4932798718744695,5.318205139776372,-2.7720130251499224
4,Y->M,1788166049.22057,38.99064549402101,348.882,-0.5109925031546074,5.311188329056628,-2.7538607150154815
4,Y->M,1788166049.2317514,39.00182655500248,348.95,-0.5285334659971763,5.303889997814906,-2.7367910148365593
4,Y->M,1788166050.4276984,40.19777437200537,349.596,-0.68960563315469,5.222098795722632,-2.602412119587052
4,Y->M,1788166050.4427142,40.212789686978795,349.664,-0.7059153551229286,5.212291835212781,-2.596549700413874
4,Y->M,1788166050.454702,40.22477693797555,349.732,-0.7221378639067875,5.202375341247458,-2.586695540775281
4,Y->M,1788166050.4710577,40.24114279396599,349.8,-0.7382422435054672,5.1922693895285885,-2.5730453881866877
4,Y->M,1788166050.479962,40.25003710598685,349.868,-0.7542063247800139,5.181927793014891,-2.5578774378423907
4,Y->M,1788166050.489066,40.25914101902163,349.936,-0.7700298513572262,5.171340615727722,-2.5437040670624618
4,Y->M,1788166050.8440905,40.614166111976374,350.174,-0.8241784107252277,5.1326145105820205,-2.4970538460282943
4,Y->M,1788166052.5903678,42.360443276993465,351.058,-1.014071543256009,4.974066984073314,-2.4137245210601086
4,Y->M,1788166052.6034482,42.37352367397398,351.126,-1.0282705335560536,4.961383696378385,-2.411072958529598
4,Y->M,1788166052.6150036,42.385078880004585,351.194,-1.042436687764627,4.9486630148198545,-2.408657788025046
4,Y->M,1788166052.6249611,42.39503605401842,351.262,-1.056574944639989,4.935909128097758,-2.4064558198322286
4,Y->M,1788166052.6343436,42.404418660968076,351.33,-1.0706884154636933,4.923124831123285,-2.4044655535323667
4,Y->M,1788166052.642005,42.41207972198026,351.398,-1.084778381860507,4.910313034640258,-2.4026796402973507
4,Y->M,1788166052.6491904,42.41926523199072,351.466,-1.0988451885950403,4.897476666213177,-2.4010885170857033
4,Y->M,1788166052.6556833,42.42575797700556,351.534,-1.1128909809471619,4.884619310677571,-2.3996759112770185
4,Y->M,1788166052.6621408,42.43221544200787,351.602,-1.126919484721391,4.871744160433129,-2.3984140326669587
4,Y->M,1788166052.6679206,42.437995425018016,351.67,-1.1409333049798025,4.858852510667593,-2.3972656423741663
4,Y->M,1788166053.3837187,43.15379394998308,352.044,-1.2177667796605753,4.78768158118278,-2.3917980276898003
4,Y->M,1788166053.6747994,43.44487503397977,352.248,-1.2595277896481567,4.748694338809372,-2.389492484011388
4,Y->M,1788166053.8274875,43.59756278496934,352.384,-1.2873229124340313,4.7226584075404,-2.3883007040766113
4,Y->M,1788166053.9718428,43.741918418963905,352.486,-1.3081497612237336,4.7031054270247115,-2.3871967790443134
4,Y->M,1788166054.116688,43.88676417397801,352.588,-1.328946945385949,4.683522946975239,-2.385438004942185
4,Y->M,1788166054.1919987,43.96207427501213,352.656,-1.3427951438393566,4.67045160082822,-2.384658591327602
4,Y->M,1788166054.341981,44.11205618001986,352.792,-1.3704585500770123,4.644280542833772,-2.3829258626794534
4,Y->M,1788166054.6301749,44.40025075600715,352.962,-1.4049452434915255,4.611453625136202,-2.3795533800445505
4,Y->M,1788166054.9254131,44.69548851298168,353.166,-1.446169510283696,4.571912237509703,-2.3746444607459907
4,Y->M,1788166054.9380572,44.708132579980884,353.234,-1.4598817482908544,4.558690712885023,-2.3743554252830723
4,Y->M,1788166055.50733,45.277405650005676,353.574,-1.5280423260028364,4.492258069743735,-2.363389804231431
4,Y->M,1788166055.5205252,45.290600695007015,353.642,-1.5416001076458292,4.478874367837709,-2.3623180359726765
4,Y->M,1788166056.227238,45.99731352599338,354.05,-1.621711947663177,4.397462999968287,-2.3421277103083913
4,Y->M,1788166056.2390742,46.00914946501143,354.118,-1.6349681063872943,4.383826770202588,-2.3421639859701413
4,Y->M,1788166056.249765,46.01983988500433,354.186,-1.6482254934297766,4.370198428629073,-2.342536116244384
4,Y->M,1788166056.2593648,46.029440313985106,354.254,-1.6615032656275623,4.356540537544298,-2.342182696443316
4,Y->M,1788166057.2421286,47.01220459601609,354.798,-1.7669903510015796,4.246719127276198,-2.338646640410469
4,Y->M,1788166057.258242,47.02831697301008,354.866,-1.7802357257878283,4.23306291659816,-2.3439394390211428
4,Y->M,1788166057.2701554,47.04023065697402,354.934,-1.7935639272597979,4.219447571551457,-2.3484067699480407
4,Y->M,1788166057.6271033,47.397179219988175,355.172,-1.8406072637057824,4.172315044887586,-2.3619740812346475
4,Y->M,1788166057.6395435,47.40961912099738,355.24,-1.8541565571693697,4.158928926026159,-2.3633118547952088
4,Y->M,1788166058.0745616,47.84463731601136,355.512,-1.908669715465873,4.1057989084006685,-2.3661665782368937
4,Y->M,1788166058.0886123,47.85868774796836,355.58,-1.922266551046534,4.092447914317651,-2.3654393597138577
4,Y->M,1788166059.5464606,49.31653636897681,356.328,-2.074730494965614,3.9487843592929077,-2.400503159479761
4,Y->M,1788166059.559122,49.32919739797944,356.396,-2.0887755972569306,3.935922428219926,-2.39981971893387
4,Y->M,1788166059.569846,49.33992105798097,356.464,-2.102817357151362,3.9230554787434047,-2.3998899295991176
4,Y->M,1788166059.5800517,49.35012670396827,356.532,-2.116862578386212,3.9101899816061154,-2.4005090499744415
4,Y->M,1788166059.588883,49.35895800101571,356.6,-2.130917804751224,3.897334540995788,-2.401554877261079
4,Y->M,1788166059.5971742,49.36724942200817,356.668,-2.144989322348868,3.884497595850711,-2.4029624448683014
4,Y->M,1788166059.6047783,49.37485317699611,356.736,-2.1590821637928608,3.8716845680585905,-2.404846597401751
4,Y->M,1788166059.6799388,49.450014245987404,356.838,-2.180268026787839,3.852521283180566,-2.408133433545231
4,Y->M,1788166060.1835544,49.95363061397802,357.144,-2.2441490665638173,3.795404616309592,-2.4153179238809837
4,Y->M,1788166060.335428,50.10550438798964,357.28,-2.272642634531521,3.7701289295053857,-2.416896447139361
4,Y->M,1788166060.7528274,50.52290299598826,357.518,-2.322624654340674,3.7260216300347357,-2.4212973618080516
4,Y->M,1788166060.7681193,50.53819474001648,357.586,-2.3369508271450585,3.7134718449765227,-2.423681932974546
4,Y->M,1788166060.9158459,50.6859215410077,357.688,-2.3585104274408706,3.6947242373202083,-2.428679228919608
4,Y->M,1788166061.0602527,50.830328367999755,357.79,-2.376382286807232,3.6792531884285866,-2.4256812643354526
4,Y->M,1788166061.3450499,51.115125439013354,357.96,-2.4112135748259655,3.6489251894552654,-2.4293214301828576
4,Y->M,1788166061.4957905,51.26586593600223,358.096,-2.4402375062608415,3.6242098576612807,-2.445340344042666
4,Y->M,1788166061.5700295,51.34010521497112,358.164,-2.4549091906040563,3.6120444338368243,-2.455106139301246
4,Y->M,1788166061.7201765,51.4902519939933,358.3,-2.48377264250298,3.5888364607411503,-2.4754132211109274
4,Y->M,1788166061.9365444,51.70662087498931,358.436,-2.513456360639537,3.5659485793470322,-2.495623659785392
4,Y->M,1788166062.2268128,51.99688926700037,358.64,-2.5530590537286213,3.536962874707372,-2.525384943771817
4,Y->M,1788166062.582273,52.35234823898645,358.878,-2.607508992552691,3.4997328955497324,-2.5604533938674123
4,Y->M,1788166062.5919893,52.362064270011615,358.946,-2.623490540325685,3.4893532423047917,-2.5719291504672266
4,Y->M,1788166063.0129564,52.78303143096855,359.218,-2.688610212194039,3.4497808786544755,-2.621525376656523
4,Y->M,1788166063.0234575,52.79353256901959,359.286,-2.7052210359450934,3.4404040310262047,-2.6357768839731843
4,Y->M,1788166063.5771086,53.34718431398505,359.592,-2.7815042058240182,3.401079536492769,-2.704669892938159
4,Y->M,1788166063.5907476,53.360823134018574,359.66,-2.7988448385376987,3.3931669884769744,-2.724730799835043
4,Y->M,1788166063.744652,53.514727943984326,359.796,-2.83386892816318,3.3781759811007976,-2.749143636646546
4,Y->M,1788166063.8239782,53.59405467601027,359.864,-2.851527054907072,3.3709689193440666,-2.7604423572465455
4,Y->M,1788166064.0581021,53.82817770697875,360.034,-2.896079528549953,3.3538961203773763,-2.792923697135088
4,Y->M,1788166064.2087152,53.97879094199743,360.17,-2.932148846468174,3.341320438814119,-2.8239787725111594
4,Y->M,1788166064.6284108,54.39848662598524,360.408,-2.996089598218987,3.322334342657801,-2.8749203509486585
4,Y->M,1788166064.6546226,54.424698117014486,360.476,-3.0145175313925185,3.317380806503455,-2.8849975376085184
4,Y->M,1788166065.0077248,54.77780078997603,360.68,-3.0700266567589565,3.303711917374541,-2.9161992118216595
4,Y->M,1788166065.23514,55.00521666096756,360.816,-3.107375378744369,3.295693631836142,-2.949642707559873
4,Y->M,1788166065.247907,55.01798199600307,360.884,-3.126097096153176,3.292174878914399,-2.963547601557315
4,Y->M,1788166065.322448,55.09252409799956,360.952,-3.144850803773628,3.288876801569449,-2.972845629368059
4,Y->M,1788166065.8196673,55.589742912969086,361.258,-3.2296329922890203,3.2758977953891923,-3.00961945234581
4,Y->M,1788166065.8329551,55.60303062602179,361.326,-3.248522913611073,3.273452172425339,-3.017056844629677
4,Y->M,1788166065.8447042,55.61477957299212,361.394,-3.2674324476853966,3.2711362213429824,-3.0237344637256123
4,Y->M,1788166065.9899817,55.760057233972475,361.496,-3.2958223731676672,3.267895862411502,-3.0334087026774728
4,Y->M,1788166066.2771804,56.04725624399725,361.666,-3.3432051798267897,3.2631058169460303,-3.0495595468370804
4,Y->M,1788166066.3635688,56.133644436020404,361.768,-3.3716802034932063,3.2606015855715125,-3.0594651621867803
4,Y->M,1788166066.5082955,56.27837102499325,361.87,-3.400173440155191,3.258378590645743,-3.0694849771959256
4,Y->M,1788166067.1565025,56.926578418991994,362.21,-3.4952935246355312,3.2530572603372634,-3.1035487700179174
4,Y->M,1788166067.169961,56.94003648398211,362.278,-3.5143336480683827,3.2523841461799385,-3.1104288178468136
4,Y->M,1788166067.181589,56.95166411896935,362.346,-3.5333778034937215,3.2518398768123618,-3.1173645014300915
4,Y->M,1788166067.330125,57.10020109202014,362.482,-3.5714855856135537,3.2511520360768587,-3.1312665982347396
4,Y->M,1788166068.0340638,57.80413940298604,362.856,-3.6762812127829845,3.2519343126391016,3.1151211809598034
4,Y->M,1788166068.0494308,57.81950639997376,362.924,-3.695332336210199,3.252484172698905,3.1087925108458494
4,Y->M,1788166068.0617516,57.83182675600983,362.992,-3.714376833949139,3.253154666951642,3.10259072897912
4,Y->M,1788166068.136348,57.906423509994056,363.06,-3.7334155321185896,3.253942457789363,3.0964129459485363
4,Y->M,1788166068.5733194,58.34339513297891,363.332,-3.8095084981364375,3.2582255569319685,3.0732897724812314
4,Y->M,1788166068.5868306,58.35690589097794,363.4,-3.828513398410307,3.2595620031676447,3.0679156584212
4,Y->M,1788166068.80201,58.572085583989974,363.536,-3.8665052252966765,3.262535964840936,3.0576920668166365
4,Y->M,1788166069.2349625,59.005038452974986,363.808,-3.9424029839542367,3.269580901581911,3.039780606814585
4,Y->M,1788166069.2538738,59.023949622991495,363.876,-3.961353120967065,3.271544878825549,3.035823890449031
4,Y->M,1788166069.6074889,59.377564384019934,364.08,-4.018176966442405,3.277957451196659,3.016392233037626
4,Y->M,1788166069.619786,59.3898615189828,364.148,-4.037056743724719,3.280362809385428,3.0131698406275653
4,Y->M,1788166069.9099314,59.68000687099993,364.352,-4.093715587448956,3.287740844905899,3.012403051068052
4,Y->M,1788166069.9945607,59.764637234969996,364.454,-4.12205793996604,3.291435267784445,3.0111840817007884
4,Y->M,1788166070.1539047,59.923979932966176,364.59,-4.159826825534239,3.296292900046135,3.015776021558855
4,Y->M,1788166070.2998939,60.0699696179945,364.692,-4.188169972594774,3.299872939138214,3.015913752448566
4,Y->M,1788166070.4455035,60.2155791639816,364.794,-4.21650809083964,3.30345567108878,3.0155303746838906
4,Y->M,1788166070.7279878,60.498063425999135,364.964,-4.263708947973029,3.309336288970865,3.0268368502462653
4,Y->M,1788166070.8808148,60.650890284974594,365.1,-4.301584846960913,3.3134553332405514,3.0384490730431506
4,Y->M,1788166070.9566767,60.72675203200197,365.168,-4.320536428512151,3.315400808738437,3.0403658052253433
4,Y->M,1788166071.3800776,61.150153503986076,365.406,-4.386865958811183,3.3220200418783343,3.0437060650823016
4,Y->M,1788166071.392932,61.16300730698276,365.474,-4.405815195021132,3.3238740995500793,3.0446998772286773
4,Y->M,1788166071.8849595,61.65503532101866,365.746,-4.48163834535103,3.331057748460088,3.0501879238096232
4,Y->M,1788166071.8989499,61.66902534797555,365.814,-4.500603365662688,3.3327845566798957,3.0519102039129993
4,Y->M,1788166071.909489,61.679563870013226,365.882,-4.519572565236651,3.334476372846213,3.0537758202946255
4,Y->M,1788166072.332785,62.10286028496921,366.12,-4.585975364542947,3.3400764235763325,3.0626326436006166
4,Y->M,1788166072.3454354,62.11551073601004,366.188,-4.604951383476706,3.341549063826935,3.066492582736116
4,Y->M,1788166072.4851172,62.25519301596796,366.29,-4.6334221350700195,3.3436093538401854,3.0737009912951567
4,Y->M,1788166073.2509308,63.02100635500392,366.698,-4.747458518274066,3.349352660541605,3.1118478590121494
4,Y->M,1788166073.2640407,63.03411595500074,366.766,-4.766479321148766,3.349867133105309,3.118807604488469
4,Y->M,1788166073.2749903,63.04506559798028,366.834,-4.785504312649321,3.3502509135065313,3.1258046597776645
4,Y->M,1788166073.7001624,63.470237931993324,367.106,-4.861602569433264,3.350400914815256,-3.126663621143017
4,Y->M,1788166073.713859,63.48393442801898,367.174,-4.880619748907744,3.3500552033797932,-3.1178065302857094
4,Y->M,1788166074.7773216,64.54739722999511,367.718,-5.032451223445701,3.340653192659343,-3.036239669262444
4,Y->M,1788166074.7889314,64.55900641198969,367.786,-5.051352639034764,3.338569754846866,-3.0246149476925086
4,Y->M,1788166074.799597,64.56967216497287,367.854,-5.070225300401817,3.3362643920156376,-3.0126591207021263
4,Y->M,1788166074.8086376,64.57871251797769,367.922,-5.0890680573689515,3.3337336369772927,-3.0003212108457196
4,Y->M,1788166074.818247,64.58832194801653,367.99,-5.107876957211897,3.33096750029366,-2.9875641038568377
4,Y->M,1788166074.8253016,64.59537671599537,368.058,-5.126657490764487,3.3279599806647293,-2.975265461029852
4,Y->M,1788166075.557551,65.32762732700212,368.466,-5.238402838540261,3.304896060726275,-2.897426534806937
4,Y->M,1788166075.5702162,65.34029147500405,368.534,-5.256832257329347,3.3002180052949686,-2.885334356600775
4,Y->M,1788166075.7219672,65.49204354698304,368.67,-5.293577473899126,3.290170545867239,-2.8661646395679923
4,Y->M,1788166075.9379275,65.70800281997072,368.806,-5.324117569717647,3.281352465007208,-2.849570879708888
4,Y->M,1788166075.9511833,65.72125839296496,368.874,-5.338998385766518,3.2767867516672626,-2.835506451797627
4,Y->M,1788166076.0956447,65.86572022800101,368.976,-5.3612047891142804,3.2695433939955034,-2.813971448540185
4,Y->M,1788166076.2426686,66.01274466997711,369.078,-5.383206709428128,3.2618331607706685,-2.7903162840668125
4,Y->M,1788166076.527401,66.29747685499024,369.248,-5.41960413569383,3.2479273239129807,-2.7614948285759566
4,Y->M,1788166076.758876,66.52895191096468,369.418,-5.439919680892949,3.2394909983011217,-2.7237607053754695
4,Y->M,1788166078.5239332,68.29400957701728,370.71,-5.486507670052294,3.2164658301549225,-2.6773940960880327
4,Y->M,1788166078.5354664,68.30554174399003,370.778,-5.503182322855074,3.2080039253281645,-2.662192616458648
4,Y->M,1788166078.8909502,68.66102577198762,370.982,-5.553079739155497,3.180245216092349,-2.614234225483103
4,Y->M,1788166078.903258,68.67333359096665,371.05,-5.569486810226885,3.1706305150358585,-2.6073264055123655
4,Y->M,1788166079.3306458,69.10072129301261,371.322,-5.635011681509244,3.1318177668941467,-2.6010159656469294
4,Y->M,1788166079.3436906,69.11376601201482,371.39,-5.651290645349996,3.1219746397015267,-2.592782137467586
4,Y->M,1788166079.5598578,69.32993387896568,371.526,-5.683601150004903,3.1018748238824463,-2.5760686290466794
4,Y->M,1788166079.572874,69.3429492249852,371.594,-5.69961882521753,3.091626375645133,-2.5671556755151514
4,Y->M,1788166079.7167504,69.48682599101448,371.696,-5.723469755675267,3.0759828960734934,-2.5534067354562757
4,Y->M,1788166080.281839,70.05191420996562,372.002,-5.793809212222802,3.027142297863707,-2.515747609104754
4,Y->M,1788166080.2953322,70.06540729000699,372.07,-5.809203984907316,3.0159445784971033,-2.5085523353367054
4,Y->M,1788166080.3725524,70.14262838999275,372.138,-5.824516779717387,3.0046393452451507,-2.501792955768146
4,Y->M,1788166080.7328475,70.50292314396938,372.376,-5.877540360483618,2.9643337206376312,-2.481161478310818
4,Y->M,1788166080.808115,70.57819078600733,372.444,-5.892542506432817,2.95262644259176,-2.47597354096434
4,Y->M,1788166081.1740365,70.94411241501803,372.682,-5.944615749909797,2.911066476579619,-2.4597837673654817
4,Y->M,1788166081.189981,70.96005614101887,372.75,-5.959379414044033,2.8990416570769173,-2.4556978540955634
4,Y->M,1788166081.4078867,71.17796247196384,372.92,-5.996078162396266,2.868732211996847,-2.4464725149333395
4,Y->M,1788166081.421321,71.19139631500002,372.988,-6.010678877128741,2.8565187402698338,-2.4431384612429503
4,Y->M,1788166081.566781,71.33685660600895,373.09,-6.032507402285368,2.8381130920216515,-2.438382655363442
4,Y->M,1788166082.1301775,71.90025294997031,373.396,-6.097494889440992,2.782295262832492,-2.4254425359031675
4,Y->M,1788166082.1547408,71.92481665802188,373.464,-6.111843908563324,2.769777411507793,-2.4228668963407425
4,Y->M,1788166082.8640764,72.63415224297205,373.872,-6.197320559242654,2.693987974031764,-2.4098547322673856
4,Y->M,1788166082.8791094,72.64918489201227,373.94,-6.211475988211199,2.6812552303914963,-2.4079484900007606
4,Y->M,1788166082.8953817,72.66545707097976,374.008,-6.225605609035386,2.6684941442484496,-2.4060809818044215
4,Y->M,1788166082.9063852,72.67645990499295,374.076,-6.239712281533727,2.6557066293531895,-2.4042674006765457
4,Y->M,1788166082.9796088,72.7496847519651,374.144,-6.253798951502247,2.6428949276492544,-2.4025237675092295
4,Y->M,1788166083.4179747,73.18805085297208,374.416,-6.3099351784924895,2.5914142704540275,-2.3965015008494164
4,Y->M,1788166083.431562,73.20163727900945,374.484,-6.323923745741276,2.578496870070063,-2.3952146207939053
4,Y->M,1788166083.7144613,73.48453761899145,374.654,-6.3588214021752965,2.54612005288666,-2.392141098033178
4,Y->M,1788166083.8685875,73.63866284198593,374.79,-6.386670984673415,2.520146538156512,-2.389770754931381
4,Y->M,1788166084.3633516,74.13342768000439,375.062,-6.442196937347521,2.4680044908507526,-2.385601257234065
4,Y->M,1788166084.3788347,74.14891038200585,375.13,-6.456044427562579,2.4549344251362166,-2.3847261412910052
4,Y->M,1788166084.3901558,74.16023070696974,375.198,-6.469881235245189,2.4418529114543515,-2.383900162998901
4,Y->M,1788166085.15897,74.92904583300697,375.606,-6.5526872792528845,2.3631309183992624,-2.37898383368498
4,Y->M,1788166085.1722167,74.94229178800015,375.674,-6.566449559755725,2.34996905724413,-2.378178582249694
4,Y->M,1788166085.1837409,74.95381608000025,375.742,-6.580201711128828,2.3367964144130995,-2.3773990062852164
4,Y->M,1788166085.3306384,75.10071448801318,375.878,-6.607680336532406,2.3104426146431885,-2.375809146375902
4,Y->M,1788166085.474994,75.24506920599379,375.98,-6.6282490138195875,2.290620136381319,-2.373825431942573
4,Y->M,1788166085.6197062,75.38978199701523,376.082,-6.648767104363417,2.2707676000493047,-2.370469221525589
4,Y->M,1788166086.1201105,75.89018622098956,376.354,-6.703180911193052,2.217487050845206,-2.361629406151492
4,Y->M,1788166086.1337512,75.90382659999887,376.422,-6.716710891574046,2.2040809373242816,-2.3599398494431463
4,Y->M,1788166086.1453097,75.91538482700707,376.49,-6.730197441708969,2.1906736646168614,-2.357754505281084
4,Y->M,1788166086.4308019,76.20087787101511,376.66,-6.763786489608115,2.156926851309275,-2.3518921326414906
4,Y->M,1788166086.7933285,76.56340462097432,376.898,-6.810396436879128,2.109366347312733,-2.3418477086346714
4,Y->M,1788166086.805387,76.5754620640073,376.966,-6.8235896180587075,2.095675166707322,-2.331115077023062
4,Y->M,1788166087.4417374,77.21181325800717,377.34,-6.89498500540541,2.019055200064578,-2.3205486811779923
4,Y->M,1788166087.4547522,77.22482777701225,377.408,-6.90793503342785,2.0051353051946315,-2.3195131636016098
4,Y->M,1788166087.4664054,77.23648040398257,377.476,-6.920873838904573,1.99120549322038,-2.3186969958317833
4,Y->M,1788166088.39303,78.16310562501894,377.952,-7.0104851665262045,1.8925724962076562,-2.3041683073771058
4,Y->M,1788166088.4057758,78.17585103499005,378.02,-7.023214024344737,1.8784460815429653,-2.3041328000509114
4,Y->M,1788166088.4165606,78.18663592997473,378.088,-7.035944608705196,1.8643198637802147,-2.304428314002423
4,Y->M,1788166088.4256527,78.19572773599066,378.156,-7.048690771772632,1.850157846528665,-2.30366865862747
4,Y->M,1788166088.4343915,78.20446652098326,378.224,-7.061416272223407,1.836033270260583,-2.3041552601494555
4,Y->M,1788166088.4422393,78.21231404697755,378.292,-7.074104780993451,1.8218683746712547,-2.296686580277891
4,Y->M,1788166089.2156632,78.98573856498115,378.7,-7.149682818895067,1.7362285338224546,-2.2992934523948048
4,Y->M,1788166089.2303617,79.00043718301458,378.768,-7.162343156897951,1.7220589398799568,-2.30068037629501
4,Y->M,1788166090.1411078,79.91118332301266,379.244,-7.250705301125826,1.6223490516742194,-2.297149397174031
4,Y->M,1788166090.1566577,79.92673335899599,379.312,-7.263374734778713,1.6081177267284195,-2.300281801174567
4,Y->M,1788166090.168301,79.93837646400789,379.38,-7.276047451012992,1.5939599249808984,-2.3018174858760765
4,Y->M,1788166090.1800263,79.95010137598729,379.448,-7.288743044128782,1.579823030584463,-2.3035657835529793
4,Y->M,1788166090.3271708,80.09724618098699,379.584,-7.3142076865686265,1.5515654626014885,-2.3058592082986773
4,Y->M,1788166090.472089,80.2421648449963,379.686,-7.333258002811909,1.5303164940856928,-2.2962890148209296
4,Y->M,1788166090.686955,80.45703056798084,379.822,-7.3585068124528705,1.5017463210472153,-2.2964309538361882
4,Y->M,1788166090.7005956,80.47067101800349,379.89,-7.371153914628518,1.4875266893768875,-2.2999422666277693
4,Y->M,1788166090.8446097,80.61468542000512,379.992,-7.390203301811091,1.4662680563147668,-2.3042582406534287
4,Y->M,1788166090.9879198,80.75799570401432,380.094,-7.40932327236112,1.4450918273305176,-2.3069521642229605
4,Y->M,1788166091.2718933,81.04196877998766,380.264,-7.441232467524958,1.4098994826333453,-2.3086193725127355
4,Y->M,1788166091.4229758,81.19305146997795,380.4,-7.466660073812897,1.3815860054071571,-2.296001739009308
4,Y->M,1788166091.7735753,81.543651252985,380.604,-7.504592952188654,1.3388615813600477,-2.300241858121889
4,Y->M,1788166091.7877212,81.55779641697882,380.672,-7.517297868344602,1.3246640723913856,-2.3021264973329587
4,Y->M,1788166091.8630753,81.63315112498822,380.74,-7.529988026709959,1.3105217716370563,-2.3023232958302646
4,Y->M,1788166092.224129,81.99420513102086,380.978,-7.574398538123246,1.2609780896069331,-2.2973515768865793
4,Y->M,1788166092.301158,82.07123392901849,381.046,-7.58698098467459,1.2467007183104657,-2.2879395125352553
4,Y->M,1788166092.7287488,82.49882419902133,381.318,-7.636735966611178,1.189026157062426,-2.281085603671644
4,Y->M,1788166092.7430494,82.51312482898356,381.386,-7.649104431371233,1.1746057115315267,-2.2779310491596574
4,Y->M,1788166093.0291922,82.7992677569855,381.556,-7.679829431180472,1.1383877515365062,-2.2692190591977277
4,Y->M,1788166093.1144233,82.88450001599267,381.658,-7.698002273701453,1.1164080131896226,-2.25185680545208
4,Y->M,1788166093.4325252,83.20260080799926,381.862,-7.733604248500153,1.0717568655860545,-2.237482988094807
4,Y->M,1788166093.5250566,83.29513223597314,381.964,-7.7511504182616955,1.0492597124138279,-2.2271915452513404
4,Y->M,1788166093.677117,83.44719305698527,382.1,-7.774128242344328,1.018995342652521,-2.207295999425483
4,Y->M,1788166093.7556748,83.52575064601842,382.168,-7.785346448408294,1.0036263181512461,-2.1939671683147224
4,Y->M,1788166094.1109297,83.88100540701998,382.372,-7.818250019472698,0.9569784205657134,-2.1770845196740813
4,Y->M,1788166094.40181,84.17188552499283,382.542,-7.844886212961196,0.9177184719690156,-2.1505814019580933
4,Y->M,1788166094.4161751,84.18625040899497,382.61,-7.855219464036713,0.9017355467636747,-2.1373811944477548
4,Y->M,1788166094.4285061,84.19858135300456,382.678,-7.865406259109643,0.8856009312596371,-2.1311420007965767
4,Y->M,1788166094.57345,84.34352581796702,382.78,-7.880479301181527,0.8614236416445363,-2.125049658552922
4,Y->M,1788166095.3480628,85.11813870497281,383.188,-7.938068039803603,0.7630017376034415,-2.081158673884698
4,Y->M,1788166095.3623803,85.13245550298598,383.256,-7.947335378199728,0.7464083627934813,-2.0795204322959755
4,Y->M,1788166095.3722847,85.14235945796827,383.324,-7.95654267449635,0.7298256247647812,-2.073755377156406
4,Y->M,1788166095.3812714,85.15134632098489,383.392,-7.965646344322098,0.7131191875025313,-2.0643874882609654
4,Y->M,1788166095.454677,85.2247531299945,383.46,-7.974633269520649,0.6963089263082922,-2.059845326221783
4,Y->M,1788166096.1598887,85.92996479099384,383.868,-8.028426667585595,0.5956112853271672,-2.0624711160714804
4,Y->M,1788166096.1737792,85.94385485100793,383.936,-8.037460318620575,0.5788548007165636,-2.070474135414555
4,Y->M,1788166096.8145587,86.58463451801799,384.31,-8.085815588332792,0.4928066827594141,-2.0975976203835707
4,Y->M,1788166096.8271549,86.59723013901385,384.378,-8.094167594063283,0.4786001149408189,-2.110391582316325
4,Y->M,1788166096.8402026,86.61027751199435,384.446,-8.102480835185778,0.4648636443057267,-2.12230869812837
4,Y->M,1788166097.131261,86.90133699501166,384.65,-8.127119767681497,0.4257368192550038,-2.1395394186129213
4,Y->M,1788166097.283348,87.05342365498655,384.786,-8.142886268726222,0.40143189134513296,-2.1588538436057103
4,Y->M,1788166097.5699756,87.34005116397748,384.956,-8.162159330757254,0.3732149442369277,-2.1830508394718025
4,Y->M,1788166097.6512527,87.42132879496785,385.058,-8.173580632168113,0.35714975834069407,-2.1966947737507017
4,Y->M,1788166097.9393978,87.70947343599983,385.262,-8.19520641888861,0.32734655712693644,-2.2067170824389875
4,Y->M,1788166098.2287333,87.99880921200383,385.466,-8.216052576173555,0.29987109310524795,-2.2343955376262876
4,Y->M,1788166098.3123164,88.08239197800867,385.568,-8.226165959086114,0.2870610301450478,-2.2447540511905486
4,Y->M,1788166098.6756666,88.44574249401921,385.772,-8.245458139983741,0.26298742014350923,-2.25336187790109
4,Y->M,1788166098.6963212,88.46639639302157,385.874,-8.25477999539178,0.2516461971155051,-2.2659558295040827
4,Y->M,1788166098.9824226,88.75249864900252,386.044,-8.269782934845125,0.23397873771164238,-2.2853186984462774
4,Y->M,1788166099.2740774,89.04415308701573,386.248,-8.286954119035274,0.21427027812225524,-2.2893915704867536
4,Y->M,1788166099.3633976,89.13347344502108,386.35,-8.29504122394444,0.20509340659405326,-2.2989280837900443
4,Y->M,1788166099.7441993,89.51427525898907,386.588,-8.313203198373389,0.1851207139543572,-2.319110232365688
4,Y->M,1788166099.762419,89.5324941459694,386.69,-8.320623739053158,0.17717091880312433,-2.3260912568989953
4,Y->M,1788166099.9054236,89.67549928301014,386.792,-8.327815240498065,0.16953913766385148,-2.3251576785289205
4,Y->M,1788166100.1895602,89.95963606401347,386.962,-8.339110802749499,0.15751298650957055,-2.3290945471025415
4,Y->M,1788166100.487515,90.25759101199219,387.166,-8.352216264236182,0.14389116271473423,-2.345036788779205
4,Y->M,1788166101.203742,90.97381785797188,387.642,-8.379450187410235,0.11656150815557324,-2.3591158055065016
4,Y->M,1788166101.233389,91.0034637299832,387.812,-8.38817659636454,0.10795792165531887,-2.368222698943027
4,Y->M,1788166101.9432032,91.71327866899082,388.254,-8.410694537226306,0.08650879624298688,-2.3901179094494576
4,Y->M,1788166102.461139,92.23121452500345,388.662,-8.431726013507033,0.06715139489656254,-2.403892875920481
4,Y->M,1788166102.9843497,92.75442524201935,389.07,-8.445365893370608,0.054796568404294504,-2.3928554457208517
